solid OpenSCAD_Model
  facet normal 0.997723 0.0674471 0
    outer loop
      vertex 119.7 8 0
      vertex 119.685 8.22189 -1
      vertex 119.685 8.22189 0
    endloop
  endfacet
  facet normal 0.997723 0.0674471 0
    outer loop
      vertex 119.685 8.22189 -1
      vertex 119.7 8 0
      vertex 119.7 8 -1
    endloop
  endfacet
  facet normal -0.0653555 0.997862 0
    outer loop
      vertex 118 9.7 -1
      vertex 117.778 9.68546 0
      vertex 118 9.7 0
    endloop
  endfacet
  facet normal -0.0653555 0.997862 0
    outer loop
      vertex 117.778 9.68546 0
      vertex 118 9.7 -1
      vertex 117.778 9.68546 -1
    endloop
  endfacet
  facet normal 0.0653555 -0.997862 0
    outer loop
      vertex 118 6.3 -1
      vertex 118.222 6.31454 0
      vertex 118 6.3 0
    endloop
  endfacet
  facet normal 0.0653555 -0.997862 0
    outer loop
      vertex 118.222 6.31454 0
      vertex 118 6.3 -1
      vertex 118.222 6.31454 -1
    endloop
  endfacet
  facet normal 0.659765 0.751472 -0
    outer loop
      vertex 119.202 9.20208 -1
      vertex 119.035 9.3487 0
      vertex 119.202 9.20208 0
    endloop
  endfacet
  facet normal 0.659765 0.751472 0
    outer loop
      vertex 119.035 9.3487 0
      vertex 119.202 9.20208 -1
      vertex 119.035 9.3487 -1
    endloop
  endfacet
  facet normal -0.750997 0.660306 0
    outer loop
      vertex 116.651 9.03489 -1
      vertex 116.798 9.20208 0
      vertex 116.798 9.20208 -1
    endloop
  endfacet
  facet normal -0.750997 0.660306 0
    outer loop
      vertex 116.798 9.20208 0
      vertex 116.651 9.03489 -1
      vertex 116.651 9.03489 0
    endloop
  endfacet
  facet normal -0.443064 0.89649 0
    outer loop
      vertex 117.349 9.57059 -1
      vertex 117.15 9.47224 0
      vertex 117.349 9.57059 0
    endloop
  endfacet
  facet normal -0.443064 0.89649 0
    outer loop
      vertex 117.15 9.47224 0
      vertex 117.349 9.57059 -1
      vertex 117.15 9.47224 -1
    endloop
  endfacet
  facet normal 0.895717 0.444625 0
    outer loop
      vertex 119.571 8.65056 0
      vertex 119.472 8.85 -1
      vertex 119.472 8.85 0
    endloop
  endfacet
  facet normal 0.895717 0.444625 0
    outer loop
      vertex 119.472 8.85 -1
      vertex 119.571 8.65056 0
      vertex 119.571 8.65056 -1
    endloop
  endfacet
  facet normal 0.981113 0.193434 0
    outer loop
      vertex 119.685 8.22189 0
      vertex 119.642 8.43999 -1
      vertex 119.642 8.43999 0
    endloop
  endfacet
  facet normal 0.981113 0.193434 0
    outer loop
      vertex 119.642 8.43999 -1
      vertex 119.685 8.22189 0
      vertex 119.685 8.22189 -1
    endloop
  endfacet
  facet normal 0.83259 0.553889 0
    outer loop
      vertex 119.472 8.85 0
      vertex 119.349 9.03489 -1
      vertex 119.349 9.03489 0
    endloop
  endfacet
  facet normal 0.83259 0.553889 0
    outer loop
      vertex 119.349 9.03489 -1
      vertex 119.472 8.85 0
      vertex 119.472 8.85 -1
    endloop
  endfacet
  facet normal 0.320856 0.947128 -0
    outer loop
      vertex 118.651 9.57059 -1
      vertex 118.44 9.64207 0
      vertex 118.651 9.57059 0
    endloop
  endfacet
  facet normal 0.320856 0.947128 0
    outer loop
      vertex 118.44 9.64207 0
      vertex 118.651 9.57059 -1
      vertex 118.44 9.64207 -1
    endloop
  endfacet
  facet normal 0.443064 0.89649 -0
    outer loop
      vertex 118.85 9.47224 -1
      vertex 118.651 9.57059 0
      vertex 118.85 9.47224 0
    endloop
  endfacet
  facet normal 0.443064 0.89649 0
    outer loop
      vertex 118.651 9.57059 0
      vertex 118.85 9.47224 -1
      vertex 118.651 9.57059 -1
    endloop
  endfacet
  facet normal -0.947584 0.319506 0
    outer loop
      vertex 116.358 8.43999 -1
      vertex 116.429 8.65056 0
      vertex 116.429 8.65056 -1
    endloop
  endfacet
  facet normal -0.947584 0.319506 0
    outer loop
      vertex 116.429 8.65056 0
      vertex 116.358 8.43999 -1
      vertex 116.358 8.43999 0
    endloop
  endfacet
  facet normal 0 0 -1
    outer loop
      vertex 119.685 7.7781 -1
      vertex 119.685 8.22189 -1
      vertex 119.7 8 -1
    endloop
  endfacet
  facet normal 0 0 -1
    outer loop
      vertex 119.642 7.56001 -1
      vertex 119.685 8.22189 -1
      vertex 119.685 7.7781 -1
    endloop
  endfacet
  facet normal 0 0 -1
    outer loop
      vertex 119.642 7.56001 -1
      vertex 119.642 8.43999 -1
      vertex 119.685 8.22189 -1
    endloop
  endfacet
  facet normal 0 0 -1
    outer loop
      vertex 119.571 7.34944 -1
      vertex 119.642 8.43999 -1
      vertex 119.642 7.56001 -1
    endloop
  endfacet
  facet normal 0 0 -1
    outer loop
      vertex 119.571 7.34944 -1
      vertex 119.571 8.65056 -1
      vertex 119.642 8.43999 -1
    endloop
  endfacet
  facet normal 0 0 -1
    outer loop
      vertex 119.472 7.15 -1
      vertex 119.571 8.65056 -1
      vertex 119.571 7.34944 -1
    endloop
  endfacet
  facet normal 0 0 -1
    outer loop
      vertex 119.472 7.15 -1
      vertex 119.472 8.85 -1
      vertex 119.571 8.65056 -1
    endloop
  endfacet
  facet normal 0 0 -1
    outer loop
      vertex 119.349 6.96511 -1
      vertex 119.472 8.85 -1
      vertex 119.472 7.15 -1
    endloop
  endfacet
  facet normal 0 0 -1
    outer loop
      vertex 119.349 6.96511 -1
      vertex 119.349 9.03489 -1
      vertex 119.472 8.85 -1
    endloop
  endfacet
  facet normal 0 0 -1
    outer loop
      vertex 119.202 6.79792 -1
      vertex 119.349 9.03489 -1
      vertex 119.349 6.96511 -1
    endloop
  endfacet
  facet normal 0 0 -1
    outer loop
      vertex 119.202 6.79792 -1
      vertex 119.202 9.20208 -1
      vertex 119.349 9.03489 -1
    endloop
  endfacet
  facet normal 0 0 -1
    outer loop
      vertex 119.035 6.6513 -1
      vertex 119.202 9.20208 -1
      vertex 119.202 6.79792 -1
    endloop
  endfacet
  facet normal 0 0 -1
    outer loop
      vertex 119.035 6.6513 -1
      vertex 119.035 9.3487 -1
      vertex 119.202 9.20208 -1
    endloop
  endfacet
  facet normal 0 0 -1
    outer loop
      vertex 118.85 6.52776 -1
      vertex 119.035 9.3487 -1
      vertex 119.035 6.6513 -1
    endloop
  endfacet
  facet normal 0 0 -1
    outer loop
      vertex 118.85 6.52776 -1
      vertex 118.85 9.47224 -1
      vertex 119.035 9.3487 -1
    endloop
  endfacet
  facet normal 0 0 -1
    outer loop
      vertex 118.651 6.4294 -1
      vertex 118.85 9.47224 -1
      vertex 118.85 6.52776 -1
    endloop
  endfacet
  facet normal 0 0 -1
    outer loop
      vertex 118.651 6.4294 -1
      vertex 118.651 9.57059 -1
      vertex 118.85 9.47224 -1
    endloop
  endfacet
  facet normal 0 0 -1
    outer loop
      vertex 118.44 6.35793 -1
      vertex 118.651 9.57059 -1
      vertex 118.651 6.4294 -1
    endloop
  endfacet
  facet normal 0 0 -1
    outer loop
      vertex 118.44 6.35793 -1
      vertex 118.44 9.64207 -1
      vertex 118.651 9.57059 -1
    endloop
  endfacet
  facet normal 0 0 -1
    outer loop
      vertex 118.222 6.31454 -1
      vertex 118.44 9.64207 -1
      vertex 118.44 6.35793 -1
    endloop
  endfacet
  facet normal 0 0 -1
    outer loop
      vertex 118.222 6.31454 -1
      vertex 118.222 9.68546 -1
      vertex 118.44 9.64207 -1
    endloop
  endfacet
  facet normal 0 0 -1
    outer loop
      vertex 118 6.3 -1
      vertex 118.222 9.68546 -1
      vertex 118.222 6.31454 -1
    endloop
  endfacet
  facet normal 0 0 -1
    outer loop
      vertex 118 6.3 -1
      vertex 118 9.7 -1
      vertex 118.222 9.68546 -1
    endloop
  endfacet
  facet normal 0 0 -1
    outer loop
      vertex 117.778 6.31454 -1
      vertex 118 9.7 -1
      vertex 118 6.3 -1
    endloop
  endfacet
  facet normal 0 0 -1
    outer loop
      vertex 117.778 6.31454 -1
      vertex 117.778 9.68546 -1
      vertex 118 9.7 -1
    endloop
  endfacet
  facet normal 0 0 -1
    outer loop
      vertex 117.56 6.35793 -1
      vertex 117.778 9.68546 -1
      vertex 117.778 6.31454 -1
    endloop
  endfacet
  facet normal 0 0 -1
    outer loop
      vertex 117.56 6.35793 -1
      vertex 117.56 9.64207 -1
      vertex 117.778 9.68546 -1
    endloop
  endfacet
  facet normal 0 0 -1
    outer loop
      vertex 117.349 6.4294 -1
      vertex 117.56 9.64207 -1
      vertex 117.56 6.35793 -1
    endloop
  endfacet
  facet normal 0 0 -1
    outer loop
      vertex 117.349 6.4294 -1
      vertex 117.349 9.57059 -1
      vertex 117.56 9.64207 -1
    endloop
  endfacet
  facet normal 0 0 -1
    outer loop
      vertex 117.15 6.52776 -1
      vertex 117.349 9.57059 -1
      vertex 117.349 6.4294 -1
    endloop
  endfacet
  facet normal 0 0 -1
    outer loop
      vertex 117.15 6.52776 -1
      vertex 117.15 9.47224 -1
      vertex 117.349 9.57059 -1
    endloop
  endfacet
  facet normal 0 0 -1
    outer loop
      vertex 116.965 6.6513 -1
      vertex 117.15 9.47224 -1
      vertex 117.15 6.52776 -1
    endloop
  endfacet
  facet normal 0 0 -1
    outer loop
      vertex 116.965 6.6513 -1
      vertex 116.965 9.3487 -1
      vertex 117.15 9.47224 -1
    endloop
  endfacet
  facet normal 0 0 -1
    outer loop
      vertex 116.798 6.79792 -1
      vertex 116.965 9.3487 -1
      vertex 116.965 6.6513 -1
    endloop
  endfacet
  facet normal 0 0 -1
    outer loop
      vertex 116.798 6.79792 -1
      vertex 116.798 9.20208 -1
      vertex 116.965 9.3487 -1
    endloop
  endfacet
  facet normal 0 0 -1
    outer loop
      vertex 116.651 6.96511 -1
      vertex 116.798 9.20208 -1
      vertex 116.798 6.79792 -1
    endloop
  endfacet
  facet normal 0 0 -1
    outer loop
      vertex 116.651 6.96511 -1
      vertex 116.651 9.03489 -1
      vertex 116.798 9.20208 -1
    endloop
  endfacet
  facet normal 0 0 -1
    outer loop
      vertex 116.528 7.15 -1
      vertex 116.651 9.03489 -1
      vertex 116.651 6.96511 -1
    endloop
  endfacet
  facet normal 0 0 -1
    outer loop
      vertex 116.528 7.15 -1
      vertex 116.528 8.85 -1
      vertex 116.651 9.03489 -1
    endloop
  endfacet
  facet normal 0 0 -1
    outer loop
      vertex 116.429 7.34944 -1
      vertex 116.528 8.85 -1
      vertex 116.528 7.15 -1
    endloop
  endfacet
  facet normal 0 0 -1
    outer loop
      vertex 116.429 7.34944 -1
      vertex 116.429 8.65056 -1
      vertex 116.528 8.85 -1
    endloop
  endfacet
  facet normal 0 0 -1
    outer loop
      vertex 116.358 7.56001 -1
      vertex 116.429 8.65056 -1
      vertex 116.429 7.34944 -1
    endloop
  endfacet
  facet normal 0 0 -1
    outer loop
      vertex 116.358 7.56001 -1
      vertex 116.358 8.43999 -1
      vertex 116.429 8.65056 -1
    endloop
  endfacet
  facet normal 0 0 -1
    outer loop
      vertex 116.315 7.7781 -1
      vertex 116.358 8.43999 -1
      vertex 116.358 7.56001 -1
    endloop
  endfacet
  facet normal 0 0 -1
    outer loop
      vertex 116.315 7.7781 -1
      vertex 116.315 8.22189 -1
      vertex 116.358 8.43999 -1
    endloop
  endfacet
  facet normal 0 -0 -1
    outer loop
      vertex 116.315 8.22189 -1
      vertex 116.315 7.7781 -1
      vertex 116.3 8 -1
    endloop
  endfacet
  facet normal -0.895717 0.444625 0
    outer loop
      vertex 116.429 8.65056 -1
      vertex 116.528 8.85 0
      vertex 116.528 8.85 -1
    endloop
  endfacet
  facet normal -0.895717 0.444625 0
    outer loop
      vertex 116.528 8.85 0
      vertex 116.429 8.65056 -1
      vertex 116.429 8.65056 0
    endloop
  endfacet
  facet normal -0.555343 0.831621 0
    outer loop
      vertex 117.15 9.47224 -1
      vertex 116.965 9.3487 0
      vertex 117.15 9.47224 0
    endloop
  endfacet
  facet normal -0.555343 0.831621 0
    outer loop
      vertex 116.965 9.3487 0
      vertex 117.15 9.47224 -1
      vertex 116.965 9.3487 -1
    endloop
  endfacet
  facet normal -0.195208 0.980762 0
    outer loop
      vertex 117.778 9.68546 -1
      vertex 117.56 9.64207 0
      vertex 117.778 9.68546 0
    endloop
  endfacet
  facet normal -0.195208 0.980762 0
    outer loop
      vertex 117.56 9.64207 0
      vertex 117.778 9.68546 -1
      vertex 117.56 9.64207 -1
    endloop
  endfacet
  facet normal 0.947584 0.319506 0
    outer loop
      vertex 119.642 8.43999 0
      vertex 119.571 8.65056 -1
      vertex 119.571 8.65056 0
    endloop
  endfacet
  facet normal 0.947584 0.319506 0
    outer loop
      vertex 119.571 8.65056 -1
      vertex 119.642 8.43999 0
      vertex 119.642 8.43999 -1
    endloop
  endfacet
  facet normal 0.750997 0.660306 0
    outer loop
      vertex 119.349 9.03489 0
      vertex 119.202 9.20208 -1
      vertex 119.202 9.20208 0
    endloop
  endfacet
  facet normal 0.750997 0.660306 0
    outer loop
      vertex 119.202 9.20208 -1
      vertex 119.349 9.03489 0
      vertex 119.349 9.03489 -1
    endloop
  endfacet
  facet normal 0.195208 0.980762 -0
    outer loop
      vertex 118.44 9.64207 -1
      vertex 118.222 9.68546 0
      vertex 118.44 9.64207 0
    endloop
  endfacet
  facet normal 0.195208 0.980762 0
    outer loop
      vertex 118.222 9.68546 0
      vertex 118.44 9.64207 -1
      vertex 118.222 9.68546 -1
    endloop
  endfacet
  facet normal 0.0653555 0.997862 -0
    outer loop
      vertex 118.222 9.68546 -1
      vertex 118 9.7 0
      vertex 118.222 9.68546 0
    endloop
  endfacet
  facet normal 0.0653555 0.997862 0
    outer loop
      vertex 118 9.7 0
      vertex 118.222 9.68546 -1
      vertex 118 9.7 -1
    endloop
  endfacet
  facet normal 0.555343 0.831621 -0
    outer loop
      vertex 119.035 9.3487 -1
      vertex 118.85 9.47224 0
      vertex 119.035 9.3487 0
    endloop
  endfacet
  facet normal 0.555343 0.831621 0
    outer loop
      vertex 118.85 9.47224 0
      vertex 119.035 9.3487 -1
      vertex 118.85 9.47224 -1
    endloop
  endfacet
  facet normal -0.981113 0.193434 0
    outer loop
      vertex 116.315 8.22189 -1
      vertex 116.358 8.43999 0
      vertex 116.358 8.43999 -1
    endloop
  endfacet
  facet normal -0.981113 0.193434 0
    outer loop
      vertex 116.358 8.43999 0
      vertex 116.315 8.22189 -1
      vertex 116.315 8.22189 0
    endloop
  endfacet
  facet normal -0.997723 0.0674471 0
    outer loop
      vertex 116.3 8 -1
      vertex 116.315 8.22189 0
      vertex 116.315 8.22189 -1
    endloop
  endfacet
  facet normal -0.997723 0.0674471 0
    outer loop
      vertex 116.315 8.22189 0
      vertex 116.3 8 -1
      vertex 116.3 8 0
    endloop
  endfacet
  facet normal -0.997723 -0.0674441 0
    outer loop
      vertex 116.315 7.7781 -1
      vertex 116.3 8 0
      vertex 116.3 8 -1
    endloop
  endfacet
  facet normal -0.997723 -0.0674441 0
    outer loop
      vertex 116.3 8 0
      vertex 116.315 7.7781 -1
      vertex 116.315 7.7781 0
    endloop
  endfacet
  facet normal 0.997723 -0.0674441 0
    outer loop
      vertex 119.685 7.7781 0
      vertex 119.7 8 -1
      vertex 119.7 8 0
    endloop
  endfacet
  facet normal 0.997723 -0.0674441 0
    outer loop
      vertex 119.7 8 -1
      vertex 119.685 7.7781 0
      vertex 119.685 7.7781 -1
    endloop
  endfacet
  facet normal 0.947584 -0.319506 0
    outer loop
      vertex 119.571 7.34944 0
      vertex 119.642 7.56001 -1
      vertex 119.642 7.56001 0
    endloop
  endfacet
  facet normal 0.947584 -0.319506 0
    outer loop
      vertex 119.642 7.56001 -1
      vertex 119.571 7.34944 0
      vertex 119.571 7.34944 -1
    endloop
  endfacet
  facet normal 0.981112 -0.193442 0
    outer loop
      vertex 119.642 7.56001 0
      vertex 119.685 7.7781 -1
      vertex 119.685 7.7781 0
    endloop
  endfacet
  facet normal 0.981112 -0.193442 0
    outer loop
      vertex 119.685 7.7781 -1
      vertex 119.642 7.56001 0
      vertex 119.642 7.56001 -1
    endloop
  endfacet
  facet normal -0.83259 -0.553889 0
    outer loop
      vertex 116.651 6.96511 -1
      vertex 116.528 7.15 0
      vertex 116.528 7.15 -1
    endloop
  endfacet
  facet normal -0.83259 -0.553889 0
    outer loop
      vertex 116.528 7.15 0
      vertex 116.651 6.96511 -1
      vertex 116.651 6.96511 0
    endloop
  endfacet
  facet normal 0.555343 -0.831621 0
    outer loop
      vertex 118.85 6.52776 -1
      vertex 119.035 6.6513 0
      vertex 118.85 6.52776 0
    endloop
  endfacet
  facet normal 0.555343 -0.831621 0
    outer loop
      vertex 119.035 6.6513 0
      vertex 118.85 6.52776 -1
      vertex 119.035 6.6513 -1
    endloop
  endfacet
  facet normal 0.4431 -0.896472 0
    outer loop
      vertex 118.651 6.4294 -1
      vertex 118.85 6.52776 0
      vertex 118.651 6.4294 0
    endloop
  endfacet
  facet normal 0.4431 -0.896472 0
    outer loop
      vertex 118.85 6.52776 0
      vertex 118.651 6.4294 -1
      vertex 118.85 6.52776 -1
    endloop
  endfacet
  facet normal -0.83259 0.553889 0
    outer loop
      vertex 116.528 8.85 -1
      vertex 116.651 9.03489 0
      vertex 116.651 9.03489 -1
    endloop
  endfacet
  facet normal -0.83259 0.553889 0
    outer loop
      vertex 116.651 9.03489 0
      vertex 116.528 8.85 -1
      vertex 116.528 8.85 0
    endloop
  endfacet
  facet normal 0 0 1
    outer loop
      vertex 204 70 2
      vertex 210 64 2
      vertex 209.949 64.7831 2
    endloop
  endfacet
  facet normal 0 0 1
    outer loop
      vertex 210 64 2
      vertex 204 70 2
      vertex 210 6 2
    endloop
  endfacet
  facet normal 0 0 1
    outer loop
      vertex 204 70 2
      vertex 209.949 64.7831 2
      vertex 209.796 65.5529 2
    endloop
  endfacet
  facet normal 0 0 1
    outer loop
      vertex 204 0 2
      vertex 210 6 2
      vertex 204 70 2
    endloop
  endfacet
  facet normal 0 0 1
    outer loop
      vertex 204 70 2
      vertex 209.796 65.5529 2
      vertex 209.543 66.2961 2
    endloop
  endfacet
  facet normal 0 0 1
    outer loop
      vertex 210 6 2
      vertex 204 0 2
      vertex 209.949 5.21684 2
    endloop
  endfacet
  facet normal 0 0 1
    outer loop
      vertex 204 70 2
      vertex 209.543 66.2961 2
      vertex 209.196 67 2
    endloop
  endfacet
  facet normal 0 0 1
    outer loop
      vertex 209.949 5.21684 2
      vertex 204 0 2
      vertex 209.796 4.44708 2
    endloop
  endfacet
  facet normal 0 0 1
    outer loop
      vertex 204 70 2
      vertex 209.196 67 2
      vertex 208.76 67.6526 2
    endloop
  endfacet
  facet normal 0 0 1
    outer loop
      vertex 209.796 4.44708 2
      vertex 204 0 2
      vertex 209.543 3.70389 2
    endloop
  endfacet
  facet normal 0 0 1
    outer loop
      vertex 204 70 2
      vertex 208.76 67.6526 2
      vertex 208.243 68.2426 2
    endloop
  endfacet
  facet normal 0 0 1
    outer loop
      vertex 209.543 3.70389 2
      vertex 204 0 2
      vertex 209.196 3 2
    endloop
  endfacet
  facet normal 0 0 1
    outer loop
      vertex 204 70 2
      vertex 208.243 68.2426 2
      vertex 207.653 68.7601 2
    endloop
  endfacet
  facet normal 0 0 1
    outer loop
      vertex 209.196 3 2
      vertex 204 0 2
      vertex 208.76 2.34743 2
    endloop
  endfacet
  facet normal 0 0 1
    outer loop
      vertex 204 70 2
      vertex 207.653 68.7601 2
      vertex 207 69.1962 2
    endloop
  endfacet
  facet normal 0 0 1
    outer loop
      vertex 208.76 2.34743 2
      vertex 204 0 2
      vertex 208.243 1.75735 2
    endloop
  endfacet
  facet normal 0 0 1
    outer loop
      vertex 204 70 2
      vertex 207 69.1962 2
      vertex 206.296 69.5433 2
    endloop
  endfacet
  facet normal 0 0 1
    outer loop
      vertex 208.243 1.75735 2
      vertex 204 0 2
      vertex 207.653 1.23987 2
    endloop
  endfacet
  facet normal 0 0 1
    outer loop
      vertex 204 70 2
      vertex 206.296 69.5433 2
      vertex 205.553 69.7955 2
    endloop
  endfacet
  facet normal 0 0 1
    outer loop
      vertex 207.653 1.23987 2
      vertex 204 0 2
      vertex 207 0.803833 2
    endloop
  endfacet
  facet normal 0 0 1
    outer loop
      vertex 204 70 2
      vertex 205.553 69.7955 2
      vertex 204.783 69.9487 2
    endloop
  endfacet
  facet normal 0 0 1
    outer loop
      vertex 207 0.803833 2
      vertex 204 0 2
      vertex 206.296 0.456711 2
    endloop
  endfacet
  facet normal 0 0 1
    outer loop
      vertex 206.296 0.456711 2
      vertex 204 0 2
      vertex 205.553 0.204437 2
    endloop
  endfacet
  facet normal 0 0 1
    outer loop
      vertex 205.553 0.204437 2
      vertex 204 0 2
      vertex 204.783 0.0513306 2
    endloop
  endfacet
  facet normal -0 0 1
    outer loop
      vertex 116 70 2
      vertex 204 0 2
      vertex 204 70 2
    endloop
  endfacet
  facet normal 0 0 1
    outer loop
      vertex 116 70 2
      vertex 116 0 2
      vertex 204 0 2
    endloop
  endfacet
  facet normal 0 0 1
    outer loop
      vertex 110 64 2
      vertex 116 70 2
      vertex 115.217 69.9487 2
    endloop
  endfacet
  facet normal 0 0 1
    outer loop
      vertex 116 70 2
      vertex 110 64 2
      vertex 116 0 2
    endloop
  endfacet
  facet normal 0 0 1
    outer loop
      vertex 110 64 2
      vertex 115.217 69.9487 2
      vertex 114.447 69.7955 2
    endloop
  endfacet
  facet normal -0 0 1
    outer loop
      vertex 110 6 2
      vertex 116 0 2
      vertex 110 64 2
    endloop
  endfacet
  facet normal 0 0 1
    outer loop
      vertex 110 64 2
      vertex 114.447 69.7955 2
      vertex 113.704 69.5433 2
    endloop
  endfacet
  facet normal 0 0 1
    outer loop
      vertex 116 0 2
      vertex 110 6 2
      vertex 115.217 0.0513306 2
    endloop
  endfacet
  facet normal 0 0 1
    outer loop
      vertex 110 64 2
      vertex 113.704 69.5433 2
      vertex 113 69.1962 2
    endloop
  endfacet
  facet normal 0 0 1
    outer loop
      vertex 115.217 0.0513306 2
      vertex 110 6 2
      vertex 114.447 0.204437 2
    endloop
  endfacet
  facet normal 0 0 1
    outer loop
      vertex 110 64 2
      vertex 113 69.1962 2
      vertex 112.347 68.7601 2
    endloop
  endfacet
  facet normal 0 0 1
    outer loop
      vertex 114.447 0.204437 2
      vertex 110 6 2
      vertex 113.704 0.456711 2
    endloop
  endfacet
  facet normal 0 0 1
    outer loop
      vertex 110 64 2
      vertex 112.347 68.7601 2
      vertex 111.757 68.2426 2
    endloop
  endfacet
  facet normal 0 0 1
    outer loop
      vertex 113.704 0.456711 2
      vertex 110 6 2
      vertex 113 0.803833 2
    endloop
  endfacet
  facet normal 0 0 1
    outer loop
      vertex 110 64 2
      vertex 111.757 68.2426 2
      vertex 111.24 67.6526 2
    endloop
  endfacet
  facet normal 0 0 1
    outer loop
      vertex 113 0.803833 2
      vertex 110 6 2
      vertex 112.347 1.23987 2
    endloop
  endfacet
  facet normal 0 0 1
    outer loop
      vertex 110 64 2
      vertex 111.24 67.6526 2
      vertex 110.804 67 2
    endloop
  endfacet
  facet normal 0 0 1
    outer loop
      vertex 112.347 1.23987 2
      vertex 110 6 2
      vertex 111.757 1.75735 2
    endloop
  endfacet
  facet normal 0 0 1
    outer loop
      vertex 110 64 2
      vertex 110.804 67 2
      vertex 110.457 66.2961 2
    endloop
  endfacet
  facet normal 0 0 1
    outer loop
      vertex 111.757 1.75735 2
      vertex 110 6 2
      vertex 111.24 2.34743 2
    endloop
  endfacet
  facet normal 0 0 1
    outer loop
      vertex 110 64 2
      vertex 110.457 66.2961 2
      vertex 110.204 65.5529 2
    endloop
  endfacet
  facet normal 0 0 1
    outer loop
      vertex 111.24 2.34743 2
      vertex 110 6 2
      vertex 110.804 3 2
    endloop
  endfacet
  facet normal 0 0 1
    outer loop
      vertex 110 64 2
      vertex 110.204 65.5529 2
      vertex 110.051 64.7831 2
    endloop
  endfacet
  facet normal 0 0 1
    outer loop
      vertex 110.804 3 2
      vertex 110 6 2
      vertex 110.457 3.70389 2
    endloop
  endfacet
  facet normal 0 0 1
    outer loop
      vertex 110.457 3.70389 2
      vertex 110 6 2
      vertex 110.204 4.44708 2
    endloop
  endfacet
  facet normal 0 0 1
    outer loop
      vertex 110.204 4.44708 2
      vertex 110 6 2
      vertex 110.051 5.21684 2
    endloop
  endfacet
  facet normal -0.659765 0.751472 0
    outer loop
      vertex 116.965 9.3487 -1
      vertex 116.798 9.20208 0
      vertex 116.965 9.3487 0
    endloop
  endfacet
  facet normal -0.659765 0.751472 0
    outer loop
      vertex 116.798 9.20208 0
      vertex 116.965 9.3487 -1
      vertex 116.798 9.20208 -1
    endloop
  endfacet
  facet normal -0.320856 0.947128 0
    outer loop
      vertex 117.56 9.64207 -1
      vertex 117.349 9.57059 0
      vertex 117.56 9.64207 0
    endloop
  endfacet
  facet normal -0.320856 0.947128 0
    outer loop
      vertex 117.349 9.57059 0
      vertex 117.56 9.64207 -1
      vertex 117.349 9.57059 -1
    endloop
  endfacet
  facet normal -0.195208 -0.980762 0
    outer loop
      vertex 117.56 6.35793 -1
      vertex 117.778 6.31454 0
      vertex 117.56 6.35793 0
    endloop
  endfacet
  facet normal -0.195208 -0.980762 -0
    outer loop
      vertex 117.778 6.31454 0
      vertex 117.56 6.35793 -1
      vertex 117.778 6.31454 -1
    endloop
  endfacet
  facet normal -0.4431 -0.896472 0
    outer loop
      vertex 117.15 6.52776 -1
      vertex 117.349 6.4294 0
      vertex 117.15 6.52776 0
    endloop
  endfacet
  facet normal -0.4431 -0.896472 -0
    outer loop
      vertex 117.349 6.4294 0
      vertex 117.15 6.52776 -1
      vertex 117.349 6.4294 -1
    endloop
  endfacet
  facet normal -0.981112 -0.193442 0
    outer loop
      vertex 116.358 7.56001 -1
      vertex 116.315 7.7781 0
      vertex 116.315 7.7781 -1
    endloop
  endfacet
  facet normal -0.981112 -0.193442 0
    outer loop
      vertex 116.315 7.7781 0
      vertex 116.358 7.56001 -1
      vertex 116.358 7.56001 0
    endloop
  endfacet
  facet normal -0.947584 -0.319506 0
    outer loop
      vertex 116.429 7.34944 -1
      vertex 116.358 7.56001 0
      vertex 116.358 7.56001 -1
    endloop
  endfacet
  facet normal -0.947584 -0.319506 0
    outer loop
      vertex 116.358 7.56001 0
      vertex 116.429 7.34944 -1
      vertex 116.429 7.34944 0
    endloop
  endfacet
  facet normal -0.895717 -0.444625 0
    outer loop
      vertex 116.528 7.15 -1
      vertex 116.429 7.34944 0
      vertex 116.429 7.34944 -1
    endloop
  endfacet
  facet normal -0.895717 -0.444625 0
    outer loop
      vertex 116.429 7.34944 0
      vertex 116.528 7.15 -1
      vertex 116.528 7.15 0
    endloop
  endfacet
  facet normal 0.659765 -0.751472 0
    outer loop
      vertex 119.035 6.6513 -1
      vertex 119.202 6.79792 0
      vertex 119.035 6.6513 0
    endloop
  endfacet
  facet normal 0.659765 -0.751472 0
    outer loop
      vertex 119.202 6.79792 0
      vertex 119.035 6.6513 -1
      vertex 119.202 6.79792 -1
    endloop
  endfacet
  facet normal 0.320816 -0.947141 0
    outer loop
      vertex 118.44 6.35793 -1
      vertex 118.651 6.4294 0
      vertex 118.44 6.35793 0
    endloop
  endfacet
  facet normal 0.320816 -0.947141 0
    outer loop
      vertex 118.651 6.4294 0
      vertex 118.44 6.35793 -1
      vertex 118.651 6.4294 -1
    endloop
  endfacet
  facet normal 0.195208 -0.980762 0
    outer loop
      vertex 118.222 6.31454 -1
      vertex 118.44 6.35793 0
      vertex 118.222 6.31454 0
    endloop
  endfacet
  facet normal 0.195208 -0.980762 0
    outer loop
      vertex 118.44 6.35793 0
      vertex 118.222 6.31454 -1
      vertex 118.44 6.35793 -1
    endloop
  endfacet
  facet normal 0.895717 -0.444625 0
    outer loop
      vertex 119.472 7.15 0
      vertex 119.571 7.34944 -1
      vertex 119.571 7.34944 0
    endloop
  endfacet
  facet normal 0.895717 -0.444625 0
    outer loop
      vertex 119.571 7.34944 -1
      vertex 119.472 7.15 0
      vertex 119.472 7.15 -1
    endloop
  endfacet
  facet normal 0.83259 -0.553889 0
    outer loop
      vertex 119.349 6.96511 0
      vertex 119.472 7.15 -1
      vertex 119.472 7.15 0
    endloop
  endfacet
  facet normal 0.83259 -0.553889 0
    outer loop
      vertex 119.472 7.15 -1
      vertex 119.349 6.96511 0
      vertex 119.349 6.96511 -1
    endloop
  endfacet
  facet normal -0.0653555 -0.997862 0
    outer loop
      vertex 117.778 6.31454 -1
      vertex 118 6.3 0
      vertex 117.778 6.31454 0
    endloop
  endfacet
  facet normal -0.0653555 -0.997862 -0
    outer loop
      vertex 118 6.3 0
      vertex 117.778 6.31454 -1
      vertex 118 6.3 -1
    endloop
  endfacet
  facet normal -0.320816 -0.947141 0
    outer loop
      vertex 117.349 6.4294 -1
      vertex 117.56 6.35793 0
      vertex 117.349 6.4294 0
    endloop
  endfacet
  facet normal -0.320816 -0.947141 -0
    outer loop
      vertex 117.56 6.35793 0
      vertex 117.349 6.4294 -1
      vertex 117.56 6.35793 -1
    endloop
  endfacet
  facet normal -0.555343 -0.831621 0
    outer loop
      vertex 116.965 6.6513 -1
      vertex 117.15 6.52776 0
      vertex 116.965 6.6513 0
    endloop
  endfacet
  facet normal -0.555343 -0.831621 -0
    outer loop
      vertex 117.15 6.52776 0
      vertex 116.965 6.6513 -1
      vertex 117.15 6.52776 -1
    endloop
  endfacet
  facet normal -0.659765 -0.751472 0
    outer loop
      vertex 116.798 6.79792 -1
      vertex 116.965 6.6513 0
      vertex 116.798 6.79792 0
    endloop
  endfacet
  facet normal -0.659765 -0.751472 -0
    outer loop
      vertex 116.965 6.6513 0
      vertex 116.798 6.79792 -1
      vertex 116.965 6.6513 -1
    endloop
  endfacet
  facet normal -0.750997 -0.660306 0
    outer loop
      vertex 116.798 6.79792 -1
      vertex 116.651 6.96511 0
      vertex 116.651 6.96511 -1
    endloop
  endfacet
  facet normal -0.750997 -0.660306 0
    outer loop
      vertex 116.651 6.96511 0
      vertex 116.798 6.79792 -1
      vertex 116.798 6.79792 0
    endloop
  endfacet
  facet normal 0.750997 -0.660306 0
    outer loop
      vertex 119.202 6.79792 0
      vertex 119.349 6.96511 -1
      vertex 119.349 6.96511 0
    endloop
  endfacet
  facet normal 0.750997 -0.660306 0
    outer loop
      vertex 119.349 6.96511 -1
      vertex 119.202 6.79792 0
      vertex 119.202 6.79792 -1
    endloop
  endfacet
  facet normal 0.997723 0.0674471 0
    outer loop
      vertex 203.7 8 0
      vertex 203.685 8.22189 -1
      vertex 203.685 8.22189 0
    endloop
  endfacet
  facet normal 0.997723 0.0674471 0
    outer loop
      vertex 203.685 8.22189 -1
      vertex 203.7 8 0
      vertex 203.7 8 -1
    endloop
  endfacet
  facet normal -0.0653555 0.997862 0
    outer loop
      vertex 202 9.7 -1
      vertex 201.778 9.68546 0
      vertex 202 9.7 0
    endloop
  endfacet
  facet normal -0.0653555 0.997862 0
    outer loop
      vertex 201.778 9.68546 0
      vertex 202 9.7 -1
      vertex 201.778 9.68546 -1
    endloop
  endfacet
  facet normal 0.0653555 -0.997862 0
    outer loop
      vertex 202 6.3 -1
      vertex 202.222 6.31454 0
      vertex 202 6.3 0
    endloop
  endfacet
  facet normal 0.0653555 -0.997862 0
    outer loop
      vertex 202.222 6.31454 0
      vertex 202 6.3 -1
      vertex 202.222 6.31454 -1
    endloop
  endfacet
  facet normal 0.750997 -0.660306 0
    outer loop
      vertex 203.202 6.79792 0
      vertex 203.349 6.96511 -1
      vertex 203.349 6.96511 0
    endloop
  endfacet
  facet normal 0.750997 -0.660306 0
    outer loop
      vertex 203.349 6.96511 -1
      vertex 203.202 6.79792 0
      vertex 203.202 6.79792 -1
    endloop
  endfacet
  facet normal 0.659765 0.751472 -0
    outer loop
      vertex 203.202 9.20208 -1
      vertex 203.035 9.3487 0
      vertex 203.202 9.20208 0
    endloop
  endfacet
  facet normal 0.659765 0.751472 0
    outer loop
      vertex 203.035 9.3487 0
      vertex 203.202 9.20208 -1
      vertex 203.035 9.3487 -1
    endloop
  endfacet
  facet normal -0.750997 0.660306 0
    outer loop
      vertex 200.651 9.03489 -1
      vertex 200.798 9.20208 0
      vertex 200.798 9.20208 -1
    endloop
  endfacet
  facet normal -0.750997 0.660306 0
    outer loop
      vertex 200.798 9.20208 0
      vertex 200.651 9.03489 -1
      vertex 200.651 9.03489 0
    endloop
  endfacet
  facet normal -0.443064 0.89649 0
    outer loop
      vertex 201.349 9.57059 -1
      vertex 201.15 9.47224 0
      vertex 201.349 9.57059 0
    endloop
  endfacet
  facet normal -0.443064 0.89649 0
    outer loop
      vertex 201.15 9.47224 0
      vertex 201.349 9.57059 -1
      vertex 201.15 9.47224 -1
    endloop
  endfacet
  facet normal 0.895717 0.444625 0
    outer loop
      vertex 203.571 8.65056 0
      vertex 203.472 8.85 -1
      vertex 203.472 8.85 0
    endloop
  endfacet
  facet normal 0.895717 0.444625 0
    outer loop
      vertex 203.472 8.85 -1
      vertex 203.571 8.65056 0
      vertex 203.571 8.65056 -1
    endloop
  endfacet
  facet normal 0.981113 0.193434 0
    outer loop
      vertex 203.685 8.22189 0
      vertex 203.642 8.43999 -1
      vertex 203.642 8.43999 0
    endloop
  endfacet
  facet normal 0.981113 0.193434 0
    outer loop
      vertex 203.642 8.43999 -1
      vertex 203.685 8.22189 0
      vertex 203.685 8.22189 -1
    endloop
  endfacet
  facet normal 0.83259 0.553889 0
    outer loop
      vertex 203.472 8.85 0
      vertex 203.349 9.03489 -1
      vertex 203.349 9.03489 0
    endloop
  endfacet
  facet normal 0.83259 0.553889 0
    outer loop
      vertex 203.349 9.03489 -1
      vertex 203.472 8.85 0
      vertex 203.472 8.85 -1
    endloop
  endfacet
  facet normal 0.320856 0.947128 -0
    outer loop
      vertex 202.651 9.57059 -1
      vertex 202.44 9.64207 0
      vertex 202.651 9.57059 0
    endloop
  endfacet
  facet normal 0.320856 0.947128 0
    outer loop
      vertex 202.44 9.64207 0
      vertex 202.651 9.57059 -1
      vertex 202.44 9.64207 -1
    endloop
  endfacet
  facet normal 0.443064 0.89649 -0
    outer loop
      vertex 202.85 9.47224 -1
      vertex 202.651 9.57059 0
      vertex 202.85 9.47224 0
    endloop
  endfacet
  facet normal 0.443064 0.89649 0
    outer loop
      vertex 202.651 9.57059 0
      vertex 202.85 9.47224 -1
      vertex 202.651 9.57059 -1
    endloop
  endfacet
  facet normal -0.947584 0.319506 0
    outer loop
      vertex 200.358 8.43999 -1
      vertex 200.429 8.65056 0
      vertex 200.429 8.65056 -1
    endloop
  endfacet
  facet normal -0.947584 0.319506 0
    outer loop
      vertex 200.429 8.65056 0
      vertex 200.358 8.43999 -1
      vertex 200.358 8.43999 0
    endloop
  endfacet
  facet normal 0 0 -1
    outer loop
      vertex 203.685 7.7781 -1
      vertex 203.685 8.22189 -1
      vertex 203.7 8 -1
    endloop
  endfacet
  facet normal 0 0 -1
    outer loop
      vertex 203.642 7.56001 -1
      vertex 203.685 8.22189 -1
      vertex 203.685 7.7781 -1
    endloop
  endfacet
  facet normal 0 0 -1
    outer loop
      vertex 203.642 7.56001 -1
      vertex 203.642 8.43999 -1
      vertex 203.685 8.22189 -1
    endloop
  endfacet
  facet normal 0 0 -1
    outer loop
      vertex 203.571 7.34944 -1
      vertex 203.642 8.43999 -1
      vertex 203.642 7.56001 -1
    endloop
  endfacet
  facet normal 0 0 -1
    outer loop
      vertex 203.571 7.34944 -1
      vertex 203.571 8.65056 -1
      vertex 203.642 8.43999 -1
    endloop
  endfacet
  facet normal 0 0 -1
    outer loop
      vertex 203.472 7.15 -1
      vertex 203.571 8.65056 -1
      vertex 203.571 7.34944 -1
    endloop
  endfacet
  facet normal 0 0 -1
    outer loop
      vertex 203.472 7.15 -1
      vertex 203.472 8.85 -1
      vertex 203.571 8.65056 -1
    endloop
  endfacet
  facet normal 0 0 -1
    outer loop
      vertex 203.349 6.96511 -1
      vertex 203.472 8.85 -1
      vertex 203.472 7.15 -1
    endloop
  endfacet
  facet normal 0 0 -1
    outer loop
      vertex 203.349 6.96511 -1
      vertex 203.349 9.03489 -1
      vertex 203.472 8.85 -1
    endloop
  endfacet
  facet normal 0 0 -1
    outer loop
      vertex 203.202 6.79792 -1
      vertex 203.349 9.03489 -1
      vertex 203.349 6.96511 -1
    endloop
  endfacet
  facet normal 0 0 -1
    outer loop
      vertex 203.202 6.79792 -1
      vertex 203.202 9.20208 -1
      vertex 203.349 9.03489 -1
    endloop
  endfacet
  facet normal 0 0 -1
    outer loop
      vertex 203.035 6.6513 -1
      vertex 203.202 9.20208 -1
      vertex 203.202 6.79792 -1
    endloop
  endfacet
  facet normal 0 0 -1
    outer loop
      vertex 203.035 6.6513 -1
      vertex 203.035 9.3487 -1
      vertex 203.202 9.20208 -1
    endloop
  endfacet
  facet normal 0 0 -1
    outer loop
      vertex 202.85 6.52776 -1
      vertex 203.035 9.3487 -1
      vertex 203.035 6.6513 -1
    endloop
  endfacet
  facet normal 0 0 -1
    outer loop
      vertex 202.85 6.52776 -1
      vertex 202.85 9.47224 -1
      vertex 203.035 9.3487 -1
    endloop
  endfacet
  facet normal 0 0 -1
    outer loop
      vertex 202.651 6.4294 -1
      vertex 202.85 9.47224 -1
      vertex 202.85 6.52776 -1
    endloop
  endfacet
  facet normal 0 0 -1
    outer loop
      vertex 202.651 6.4294 -1
      vertex 202.651 9.57059 -1
      vertex 202.85 9.47224 -1
    endloop
  endfacet
  facet normal 0 0 -1
    outer loop
      vertex 202.44 6.35793 -1
      vertex 202.651 9.57059 -1
      vertex 202.651 6.4294 -1
    endloop
  endfacet
  facet normal 0 0 -1
    outer loop
      vertex 202.44 6.35793 -1
      vertex 202.44 9.64207 -1
      vertex 202.651 9.57059 -1
    endloop
  endfacet
  facet normal 0 0 -1
    outer loop
      vertex 202.222 6.31454 -1
      vertex 202.44 9.64207 -1
      vertex 202.44 6.35793 -1
    endloop
  endfacet
  facet normal 0 0 -1
    outer loop
      vertex 202.222 6.31454 -1
      vertex 202.222 9.68546 -1
      vertex 202.44 9.64207 -1
    endloop
  endfacet
  facet normal 0 0 -1
    outer loop
      vertex 202 6.3 -1
      vertex 202.222 9.68546 -1
      vertex 202.222 6.31454 -1
    endloop
  endfacet
  facet normal 0 0 -1
    outer loop
      vertex 202 6.3 -1
      vertex 202 9.7 -1
      vertex 202.222 9.68546 -1
    endloop
  endfacet
  facet normal 0 0 -1
    outer loop
      vertex 201.778 6.31454 -1
      vertex 202 9.7 -1
      vertex 202 6.3 -1
    endloop
  endfacet
  facet normal 0 0 -1
    outer loop
      vertex 201.778 6.31454 -1
      vertex 201.778 9.68546 -1
      vertex 202 9.7 -1
    endloop
  endfacet
  facet normal 0 0 -1
    outer loop
      vertex 201.56 6.35793 -1
      vertex 201.778 9.68546 -1
      vertex 201.778 6.31454 -1
    endloop
  endfacet
  facet normal 0 0 -1
    outer loop
      vertex 201.56 6.35793 -1
      vertex 201.56 9.64207 -1
      vertex 201.778 9.68546 -1
    endloop
  endfacet
  facet normal 0 0 -1
    outer loop
      vertex 201.349 6.4294 -1
      vertex 201.56 9.64207 -1
      vertex 201.56 6.35793 -1
    endloop
  endfacet
  facet normal 0 0 -1
    outer loop
      vertex 201.349 6.4294 -1
      vertex 201.349 9.57059 -1
      vertex 201.56 9.64207 -1
    endloop
  endfacet
  facet normal 0 0 -1
    outer loop
      vertex 201.15 6.52776 -1
      vertex 201.349 9.57059 -1
      vertex 201.349 6.4294 -1
    endloop
  endfacet
  facet normal 0 0 -1
    outer loop
      vertex 201.15 6.52776 -1
      vertex 201.15 9.47224 -1
      vertex 201.349 9.57059 -1
    endloop
  endfacet
  facet normal 0 0 -1
    outer loop
      vertex 200.965 6.6513 -1
      vertex 201.15 9.47224 -1
      vertex 201.15 6.52776 -1
    endloop
  endfacet
  facet normal 0 0 -1
    outer loop
      vertex 200.965 6.6513 -1
      vertex 200.965 9.3487 -1
      vertex 201.15 9.47224 -1
    endloop
  endfacet
  facet normal 0 0 -1
    outer loop
      vertex 200.798 6.79792 -1
      vertex 200.965 9.3487 -1
      vertex 200.965 6.6513 -1
    endloop
  endfacet
  facet normal 0 0 -1
    outer loop
      vertex 200.798 6.79792 -1
      vertex 200.798 9.20208 -1
      vertex 200.965 9.3487 -1
    endloop
  endfacet
  facet normal 0 0 -1
    outer loop
      vertex 200.651 6.96511 -1
      vertex 200.798 9.20208 -1
      vertex 200.798 6.79792 -1
    endloop
  endfacet
  facet normal 0 0 -1
    outer loop
      vertex 200.651 6.96511 -1
      vertex 200.651 9.03489 -1
      vertex 200.798 9.20208 -1
    endloop
  endfacet
  facet normal 0 0 -1
    outer loop
      vertex 200.528 7.15 -1
      vertex 200.651 9.03489 -1
      vertex 200.651 6.96511 -1
    endloop
  endfacet
  facet normal 0 0 -1
    outer loop
      vertex 200.528 7.15 -1
      vertex 200.528 8.85 -1
      vertex 200.651 9.03489 -1
    endloop
  endfacet
  facet normal 0 0 -1
    outer loop
      vertex 200.429 7.34944 -1
      vertex 200.528 8.85 -1
      vertex 200.528 7.15 -1
    endloop
  endfacet
  facet normal 0 0 -1
    outer loop
      vertex 200.429 7.34944 -1
      vertex 200.429 8.65056 -1
      vertex 200.528 8.85 -1
    endloop
  endfacet
  facet normal 0 0 -1
    outer loop
      vertex 200.358 7.56001 -1
      vertex 200.429 8.65056 -1
      vertex 200.429 7.34944 -1
    endloop
  endfacet
  facet normal 0 0 -1
    outer loop
      vertex 200.358 7.56001 -1
      vertex 200.358 8.43999 -1
      vertex 200.429 8.65056 -1
    endloop
  endfacet
  facet normal 0 0 -1
    outer loop
      vertex 200.315 7.7781 -1
      vertex 200.358 8.43999 -1
      vertex 200.358 7.56001 -1
    endloop
  endfacet
  facet normal 0 0 -1
    outer loop
      vertex 200.315 7.7781 -1
      vertex 200.315 8.22189 -1
      vertex 200.358 8.43999 -1
    endloop
  endfacet
  facet normal 0 -0 -1
    outer loop
      vertex 200.315 8.22189 -1
      vertex 200.315 7.7781 -1
      vertex 200.3 8 -1
    endloop
  endfacet
  facet normal -0.895717 0.444625 0
    outer loop
      vertex 200.429 8.65056 -1
      vertex 200.528 8.85 0
      vertex 200.528 8.85 -1
    endloop
  endfacet
  facet normal -0.895717 0.444625 0
    outer loop
      vertex 200.528 8.85 0
      vertex 200.429 8.65056 -1
      vertex 200.429 8.65056 0
    endloop
  endfacet
  facet normal -0.555343 0.831621 0
    outer loop
      vertex 201.15 9.47224 -1
      vertex 200.965 9.3487 0
      vertex 201.15 9.47224 0
    endloop
  endfacet
  facet normal -0.555343 0.831621 0
    outer loop
      vertex 200.965 9.3487 0
      vertex 201.15 9.47224 -1
      vertex 200.965 9.3487 -1
    endloop
  endfacet
  facet normal -0.195208 0.980762 0
    outer loop
      vertex 201.778 9.68546 -1
      vertex 201.56 9.64207 0
      vertex 201.778 9.68546 0
    endloop
  endfacet
  facet normal -0.195208 0.980762 0
    outer loop
      vertex 201.56 9.64207 0
      vertex 201.778 9.68546 -1
      vertex 201.56 9.64207 -1
    endloop
  endfacet
  facet normal 0.947584 0.319506 0
    outer loop
      vertex 203.642 8.43999 0
      vertex 203.571 8.65056 -1
      vertex 203.571 8.65056 0
    endloop
  endfacet
  facet normal 0.947584 0.319506 0
    outer loop
      vertex 203.571 8.65056 -1
      vertex 203.642 8.43999 0
      vertex 203.642 8.43999 -1
    endloop
  endfacet
  facet normal 0.750997 0.660306 0
    outer loop
      vertex 203.349 9.03489 0
      vertex 203.202 9.20208 -1
      vertex 203.202 9.20208 0
    endloop
  endfacet
  facet normal 0.750997 0.660306 0
    outer loop
      vertex 203.202 9.20208 -1
      vertex 203.349 9.03489 0
      vertex 203.349 9.03489 -1
    endloop
  endfacet
  facet normal 0.195208 0.980762 -0
    outer loop
      vertex 202.44 9.64207 -1
      vertex 202.222 9.68546 0
      vertex 202.44 9.64207 0
    endloop
  endfacet
  facet normal 0.195208 0.980762 0
    outer loop
      vertex 202.222 9.68546 0
      vertex 202.44 9.64207 -1
      vertex 202.222 9.68546 -1
    endloop
  endfacet
  facet normal 0.0653555 0.997862 -0
    outer loop
      vertex 202.222 9.68546 -1
      vertex 202 9.7 0
      vertex 202.222 9.68546 0
    endloop
  endfacet
  facet normal 0.0653555 0.997862 0
    outer loop
      vertex 202 9.7 0
      vertex 202.222 9.68546 -1
      vertex 202 9.7 -1
    endloop
  endfacet
  facet normal 0.555343 0.831621 -0
    outer loop
      vertex 203.035 9.3487 -1
      vertex 202.85 9.47224 0
      vertex 203.035 9.3487 0
    endloop
  endfacet
  facet normal 0.555343 0.831621 0
    outer loop
      vertex 202.85 9.47224 0
      vertex 203.035 9.3487 -1
      vertex 202.85 9.47224 -1
    endloop
  endfacet
  facet normal -0.83259 0.553889 0
    outer loop
      vertex 200.528 8.85 -1
      vertex 200.651 9.03489 0
      vertex 200.651 9.03489 -1
    endloop
  endfacet
  facet normal -0.83259 0.553889 0
    outer loop
      vertex 200.651 9.03489 0
      vertex 200.528 8.85 -1
      vertex 200.528 8.85 0
    endloop
  endfacet
  facet normal -0.981113 0.193434 0
    outer loop
      vertex 200.315 8.22189 -1
      vertex 200.358 8.43999 0
      vertex 200.358 8.43999 -1
    endloop
  endfacet
  facet normal -0.981113 0.193434 0
    outer loop
      vertex 200.358 8.43999 0
      vertex 200.315 8.22189 -1
      vertex 200.315 8.22189 0
    endloop
  endfacet
  facet normal -0.997723 0.0674471 0
    outer loop
      vertex 200.3 8 -1
      vertex 200.315 8.22189 0
      vertex 200.315 8.22189 -1
    endloop
  endfacet
  facet normal -0.997723 0.0674471 0
    outer loop
      vertex 200.315 8.22189 0
      vertex 200.3 8 -1
      vertex 200.3 8 0
    endloop
  endfacet
  facet normal -0.997723 -0.0674441 0
    outer loop
      vertex 200.315 7.7781 -1
      vertex 200.3 8 0
      vertex 200.3 8 -1
    endloop
  endfacet
  facet normal -0.997723 -0.0674441 0
    outer loop
      vertex 200.3 8 0
      vertex 200.315 7.7781 -1
      vertex 200.315 7.7781 0
    endloop
  endfacet
  facet normal -0.659765 0.751472 0
    outer loop
      vertex 200.965 9.3487 -1
      vertex 200.798 9.20208 0
      vertex 200.965 9.3487 0
    endloop
  endfacet
  facet normal -0.659765 0.751472 0
    outer loop
      vertex 200.798 9.20208 0
      vertex 200.965 9.3487 -1
      vertex 200.798 9.20208 -1
    endloop
  endfacet
  facet normal -0.320856 0.947128 0
    outer loop
      vertex 201.56 9.64207 -1
      vertex 201.349 9.57059 0
      vertex 201.56 9.64207 0
    endloop
  endfacet
  facet normal -0.320856 0.947128 0
    outer loop
      vertex 201.349 9.57059 0
      vertex 201.56 9.64207 -1
      vertex 201.349 9.57059 -1
    endloop
  endfacet
  facet normal 0.947584 -0.319506 0
    outer loop
      vertex 203.571 7.34944 0
      vertex 203.642 7.56001 -1
      vertex 203.642 7.56001 0
    endloop
  endfacet
  facet normal 0.947584 -0.319506 0
    outer loop
      vertex 203.642 7.56001 -1
      vertex 203.571 7.34944 0
      vertex 203.571 7.34944 -1
    endloop
  endfacet
  facet normal 0.981112 -0.193442 0
    outer loop
      vertex 203.642 7.56001 0
      vertex 203.685 7.7781 -1
      vertex 203.685 7.7781 0
    endloop
  endfacet
  facet normal 0.981112 -0.193442 0
    outer loop
      vertex 203.685 7.7781 -1
      vertex 203.642 7.56001 0
      vertex 203.642 7.56001 -1
    endloop
  endfacet
  facet normal -0.750997 -0.660306 0
    outer loop
      vertex 200.798 6.79792 -1
      vertex 200.651 6.96511 0
      vertex 200.651 6.96511 -1
    endloop
  endfacet
  facet normal -0.750997 -0.660306 0
    outer loop
      vertex 200.651 6.96511 0
      vertex 200.798 6.79792 -1
      vertex 200.798 6.79792 0
    endloop
  endfacet
  facet normal -0.83259 -0.553889 0
    outer loop
      vertex 200.651 6.96511 -1
      vertex 200.528 7.15 0
      vertex 200.528 7.15 -1
    endloop
  endfacet
  facet normal -0.83259 -0.553889 0
    outer loop
      vertex 200.528 7.15 0
      vertex 200.651 6.96511 -1
      vertex 200.651 6.96511 0
    endloop
  endfacet
  facet normal -0.981112 -0.193442 0
    outer loop
      vertex 200.358 7.56001 -1
      vertex 200.315 7.7781 0
      vertex 200.315 7.7781 -1
    endloop
  endfacet
  facet normal -0.981112 -0.193442 0
    outer loop
      vertex 200.315 7.7781 0
      vertex 200.358 7.56001 -1
      vertex 200.358 7.56001 0
    endloop
  endfacet
  facet normal 0.555343 -0.831621 0
    outer loop
      vertex 202.85 6.52776 -1
      vertex 203.035 6.6513 0
      vertex 202.85 6.52776 0
    endloop
  endfacet
  facet normal 0.555343 -0.831621 0
    outer loop
      vertex 203.035 6.6513 0
      vertex 202.85 6.52776 -1
      vertex 203.035 6.6513 -1
    endloop
  endfacet
  facet normal 0.4431 -0.896472 0
    outer loop
      vertex 202.651 6.4294 -1
      vertex 202.85 6.52776 0
      vertex 202.651 6.4294 0
    endloop
  endfacet
  facet normal 0.4431 -0.896472 0
    outer loop
      vertex 202.85 6.52776 0
      vertex 202.651 6.4294 -1
      vertex 202.85 6.52776 -1
    endloop
  endfacet
  facet normal 0.83259 -0.553889 0
    outer loop
      vertex 203.349 6.96511 0
      vertex 203.472 7.15 -1
      vertex 203.472 7.15 0
    endloop
  endfacet
  facet normal 0.83259 -0.553889 0
    outer loop
      vertex 203.472 7.15 -1
      vertex 203.349 6.96511 0
      vertex 203.349 6.96511 -1
    endloop
  endfacet
  facet normal 0.997723 -0.0674441 0
    outer loop
      vertex 203.685 7.7781 0
      vertex 203.7 8 -1
      vertex 203.7 8 0
    endloop
  endfacet
  facet normal 0.997723 -0.0674441 0
    outer loop
      vertex 203.7 8 -1
      vertex 203.685 7.7781 0
      vertex 203.685 7.7781 -1
    endloop
  endfacet
  facet normal -0.195208 -0.980762 0
    outer loop
      vertex 201.56 6.35793 -1
      vertex 201.778 6.31454 0
      vertex 201.56 6.35793 0
    endloop
  endfacet
  facet normal -0.195208 -0.980762 -0
    outer loop
      vertex 201.778 6.31454 0
      vertex 201.56 6.35793 -1
      vertex 201.778 6.31454 -1
    endloop
  endfacet
  facet normal -0.947584 -0.319506 0
    outer loop
      vertex 200.429 7.34944 -1
      vertex 200.358 7.56001 0
      vertex 200.358 7.56001 -1
    endloop
  endfacet
  facet normal -0.947584 -0.319506 0
    outer loop
      vertex 200.358 7.56001 0
      vertex 200.429 7.34944 -1
      vertex 200.429 7.34944 0
    endloop
  endfacet
  facet normal -0.895717 -0.444625 0
    outer loop
      vertex 200.528 7.15 -1
      vertex 200.429 7.34944 0
      vertex 200.429 7.34944 -1
    endloop
  endfacet
  facet normal -0.895717 -0.444625 0
    outer loop
      vertex 200.429 7.34944 0
      vertex 200.528 7.15 -1
      vertex 200.528 7.15 0
    endloop
  endfacet
  facet normal 0.659765 -0.751472 0
    outer loop
      vertex 203.035 6.6513 -1
      vertex 203.202 6.79792 0
      vertex 203.035 6.6513 0
    endloop
  endfacet
  facet normal 0.659765 -0.751472 0
    outer loop
      vertex 203.202 6.79792 0
      vertex 203.035 6.6513 -1
      vertex 203.202 6.79792 -1
    endloop
  endfacet
  facet normal 0.320816 -0.947141 0
    outer loop
      vertex 202.44 6.35793 -1
      vertex 202.651 6.4294 0
      vertex 202.44 6.35793 0
    endloop
  endfacet
  facet normal 0.320816 -0.947141 0
    outer loop
      vertex 202.651 6.4294 0
      vertex 202.44 6.35793 -1
      vertex 202.651 6.4294 -1
    endloop
  endfacet
  facet normal 0.195208 -0.980762 0
    outer loop
      vertex 202.222 6.31454 -1
      vertex 202.44 6.35793 0
      vertex 202.222 6.31454 0
    endloop
  endfacet
  facet normal 0.195208 -0.980762 0
    outer loop
      vertex 202.44 6.35793 0
      vertex 202.222 6.31454 -1
      vertex 202.44 6.35793 -1
    endloop
  endfacet
  facet normal 0.895717 -0.444625 0
    outer loop
      vertex 203.472 7.15 0
      vertex 203.571 7.34944 -1
      vertex 203.571 7.34944 0
    endloop
  endfacet
  facet normal 0.895717 -0.444625 0
    outer loop
      vertex 203.571 7.34944 -1
      vertex 203.472 7.15 0
      vertex 203.472 7.15 -1
    endloop
  endfacet
  facet normal -0.320816 -0.947141 0
    outer loop
      vertex 201.349 6.4294 -1
      vertex 201.56 6.35793 0
      vertex 201.349 6.4294 0
    endloop
  endfacet
  facet normal -0.320816 -0.947141 -0
    outer loop
      vertex 201.56 6.35793 0
      vertex 201.349 6.4294 -1
      vertex 201.56 6.35793 -1
    endloop
  endfacet
  facet normal -0.555343 -0.831621 0
    outer loop
      vertex 200.965 6.6513 -1
      vertex 201.15 6.52776 0
      vertex 200.965 6.6513 0
    endloop
  endfacet
  facet normal -0.555343 -0.831621 -0
    outer loop
      vertex 201.15 6.52776 0
      vertex 200.965 6.6513 -1
      vertex 201.15 6.52776 -1
    endloop
  endfacet
  facet normal -0.659765 -0.751472 0
    outer loop
      vertex 200.798 6.79792 -1
      vertex 200.965 6.6513 0
      vertex 200.798 6.79792 0
    endloop
  endfacet
  facet normal -0.659765 -0.751472 -0
    outer loop
      vertex 200.965 6.6513 0
      vertex 200.798 6.79792 -1
      vertex 200.965 6.6513 -1
    endloop
  endfacet
  facet normal -0.0653555 -0.997862 0
    outer loop
      vertex 201.778 6.31454 -1
      vertex 202 6.3 0
      vertex 201.778 6.31454 0
    endloop
  endfacet
  facet normal -0.0653555 -0.997862 -0
    outer loop
      vertex 202 6.3 0
      vertex 201.778 6.31454 -1
      vertex 202 6.3 -1
    endloop
  endfacet
  facet normal -0.4431 -0.896472 0
    outer loop
      vertex 201.15 6.52776 -1
      vertex 201.349 6.4294 0
      vertex 201.15 6.52776 0
    endloop
  endfacet
  facet normal -0.4431 -0.896472 -0
    outer loop
      vertex 201.349 6.4294 0
      vertex 201.15 6.52776 -1
      vertex 201.349 6.4294 -1
    endloop
  endfacet
  facet normal 0.997723 0.0674441 0
    outer loop
      vertex 119.7 62 0
      vertex 119.685 62.2219 -1
      vertex 119.685 62.2219 0
    endloop
  endfacet
  facet normal 0.997723 0.0674441 0
    outer loop
      vertex 119.685 62.2219 -1
      vertex 119.7 62 0
      vertex 119.7 62 -1
    endloop
  endfacet
  facet normal -0.0651764 0.997874 0
    outer loop
      vertex 118 63.7 -1
      vertex 117.778 63.6855 0
      vertex 118 63.7 0
    endloop
  endfacet
  facet normal -0.0651764 0.997874 0
    outer loop
      vertex 117.778 63.6855 0
      vertex 118 63.7 -1
      vertex 117.778 63.6855 -1
    endloop
  endfacet
  facet normal 0.659714 0.751516 -0
    outer loop
      vertex 119.202 63.2021 -1
      vertex 119.035 63.3487 0
      vertex 119.202 63.2021 0
    endloop
  endfacet
  facet normal 0.659714 0.751516 0
    outer loop
      vertex 119.035 63.3487 0
      vertex 119.202 63.2021 -1
      vertex 119.035 63.3487 -1
    endloop
  endfacet
  facet normal -0.751016 0.660284 0
    outer loop
      vertex 116.651 63.0349 -1
      vertex 116.798 63.2021 0
      vertex 116.798 63.2021 -1
    endloop
  endfacet
  facet normal -0.751016 0.660284 0
    outer loop
      vertex 116.798 63.2021 0
      vertex 116.651 63.0349 -1
      vertex 116.651 63.0349 0
    endloop
  endfacet
  facet normal -0.443245 0.8964 0
    outer loop
      vertex 117.349 63.5706 -1
      vertex 117.15 63.4722 0
      vertex 117.349 63.5706 0
    endloop
  endfacet
  facet normal -0.443245 0.8964 0
    outer loop
      vertex 117.15 63.4722 0
      vertex 117.349 63.5706 -1
      vertex 117.15 63.4722 -1
    endloop
  endfacet
  facet normal 0.832604 -0.553869 0
    outer loop
      vertex 119.349 60.9651 0
      vertex 119.472 61.15 -1
      vertex 119.472 61.15 0
    endloop
  endfacet
  facet normal 0.832604 -0.553869 0
    outer loop
      vertex 119.472 61.15 -1
      vertex 119.349 60.9651 0
      vertex 119.349 60.9651 -1
    endloop
  endfacet
  facet normal 0.895681 0.444696 0
    outer loop
      vertex 119.571 62.6506 0
      vertex 119.472 62.85 -1
      vertex 119.472 62.85 0
    endloop
  endfacet
  facet normal 0.895681 0.444696 0
    outer loop
      vertex 119.472 62.85 -1
      vertex 119.571 62.6506 0
      vertex 119.571 62.6506 -1
    endloop
  endfacet
  facet normal 0.981113 0.193434 0
    outer loop
      vertex 119.685 62.2219 0
      vertex 119.642 62.44 -1
      vertex 119.642 62.44 0
    endloop
  endfacet
  facet normal 0.981113 0.193434 0
    outer loop
      vertex 119.642 62.44 -1
      vertex 119.685 62.2219 0
      vertex 119.685 62.2219 -1
    endloop
  endfacet
  facet normal 0.832604 0.553869 0
    outer loop
      vertex 119.472 62.85 0
      vertex 119.349 63.0349 -1
      vertex 119.349 63.0349 0
    endloop
  endfacet
  facet normal 0.832604 0.553869 0
    outer loop
      vertex 119.349 63.0349 -1
      vertex 119.472 62.85 0
      vertex 119.472 62.85 -1
    endloop
  endfacet
  facet normal 0.320937 0.947101 -0
    outer loop
      vertex 118.651 63.5706 -1
      vertex 118.44 63.6421 0
      vertex 118.651 63.5706 0
    endloop
  endfacet
  facet normal 0.320937 0.947101 0
    outer loop
      vertex 118.44 63.6421 0
      vertex 118.651 63.5706 -1
      vertex 118.44 63.6421 -1
    endloop
  endfacet
  facet normal 0.555219 0.831704 -0
    outer loop
      vertex 119.035 63.3487 -1
      vertex 118.85 63.4722 0
      vertex 119.035 63.3487 0
    endloop
  endfacet
  facet normal 0.555219 0.831704 0
    outer loop
      vertex 118.85 63.4722 0
      vertex 119.035 63.3487 -1
      vertex 118.85 63.4722 -1
    endloop
  endfacet
  facet normal -0.947598 0.319466 0
    outer loop
      vertex 116.358 62.44 -1
      vertex 116.429 62.6506 0
      vertex 116.429 62.6506 -1
    endloop
  endfacet
  facet normal -0.947598 0.319466 0
    outer loop
      vertex 116.429 62.6506 0
      vertex 116.358 62.44 -1
      vertex 116.358 62.44 0
    endloop
  endfacet
  facet normal 0 0 -1
    outer loop
      vertex 119.685 61.7781 -1
      vertex 119.685 62.2219 -1
      vertex 119.7 62 -1
    endloop
  endfacet
  facet normal 0 0 -1
    outer loop
      vertex 119.642 61.56 -1
      vertex 119.685 62.2219 -1
      vertex 119.685 61.7781 -1
    endloop
  endfacet
  facet normal 0 0 -1
    outer loop
      vertex 119.642 61.56 -1
      vertex 119.642 62.44 -1
      vertex 119.685 62.2219 -1
    endloop
  endfacet
  facet normal 0 0 -1
    outer loop
      vertex 119.571 61.3494 -1
      vertex 119.642 62.44 -1
      vertex 119.642 61.56 -1
    endloop
  endfacet
  facet normal 0 0 -1
    outer loop
      vertex 119.571 61.3494 -1
      vertex 119.571 62.6506 -1
      vertex 119.642 62.44 -1
    endloop
  endfacet
  facet normal 0 0 -1
    outer loop
      vertex 119.472 61.15 -1
      vertex 119.571 62.6506 -1
      vertex 119.571 61.3494 -1
    endloop
  endfacet
  facet normal 0 0 -1
    outer loop
      vertex 119.472 61.15 -1
      vertex 119.472 62.85 -1
      vertex 119.571 62.6506 -1
    endloop
  endfacet
  facet normal 0 0 -1
    outer loop
      vertex 119.349 60.9651 -1
      vertex 119.472 62.85 -1
      vertex 119.472 61.15 -1
    endloop
  endfacet
  facet normal 0 0 -1
    outer loop
      vertex 119.349 60.9651 -1
      vertex 119.349 63.0349 -1
      vertex 119.472 62.85 -1
    endloop
  endfacet
  facet normal 0 0 -1
    outer loop
      vertex 119.202 60.7979 -1
      vertex 119.349 63.0349 -1
      vertex 119.349 60.9651 -1
    endloop
  endfacet
  facet normal 0 0 -1
    outer loop
      vertex 119.202 60.7979 -1
      vertex 119.202 63.2021 -1
      vertex 119.349 63.0349 -1
    endloop
  endfacet
  facet normal 0 0 -1
    outer loop
      vertex 119.035 60.6513 -1
      vertex 119.202 63.2021 -1
      vertex 119.202 60.7979 -1
    endloop
  endfacet
  facet normal 0 0 -1
    outer loop
      vertex 119.035 60.6513 -1
      vertex 119.035 63.3487 -1
      vertex 119.202 63.2021 -1
    endloop
  endfacet
  facet normal 0 0 -1
    outer loop
      vertex 118.85 60.5278 -1
      vertex 119.035 63.3487 -1
      vertex 119.035 60.6513 -1
    endloop
  endfacet
  facet normal 0 0 -1
    outer loop
      vertex 118.85 60.5278 -1
      vertex 118.85 63.4722 -1
      vertex 119.035 63.3487 -1
    endloop
  endfacet
  facet normal 0 0 -1
    outer loop
      vertex 118.651 60.4294 -1
      vertex 118.85 63.4722 -1
      vertex 118.85 60.5278 -1
    endloop
  endfacet
  facet normal 0 0 -1
    outer loop
      vertex 118.651 60.4294 -1
      vertex 118.651 63.5706 -1
      vertex 118.85 63.4722 -1
    endloop
  endfacet
  facet normal 0 0 -1
    outer loop
      vertex 118.44 60.3579 -1
      vertex 118.651 63.5706 -1
      vertex 118.651 60.4294 -1
    endloop
  endfacet
  facet normal 0 0 -1
    outer loop
      vertex 118.44 60.3579 -1
      vertex 118.44 63.6421 -1
      vertex 118.651 63.5706 -1
    endloop
  endfacet
  facet normal 0 0 -1
    outer loop
      vertex 118.222 60.3145 -1
      vertex 118.44 63.6421 -1
      vertex 118.44 60.3579 -1
    endloop
  endfacet
  facet normal 0 0 -1
    outer loop
      vertex 118.222 60.3145 -1
      vertex 118.222 63.6855 -1
      vertex 118.44 63.6421 -1
    endloop
  endfacet
  facet normal 0 0 -1
    outer loop
      vertex 118 60.3 -1
      vertex 118.222 63.6855 -1
      vertex 118.222 60.3145 -1
    endloop
  endfacet
  facet normal 0 0 -1
    outer loop
      vertex 118 60.3 -1
      vertex 118 63.7 -1
      vertex 118.222 63.6855 -1
    endloop
  endfacet
  facet normal 0 0 -1
    outer loop
      vertex 117.778 60.3145 -1
      vertex 118 63.7 -1
      vertex 118 60.3 -1
    endloop
  endfacet
  facet normal 0 0 -1
    outer loop
      vertex 117.778 60.3145 -1
      vertex 117.778 63.6855 -1
      vertex 118 63.7 -1
    endloop
  endfacet
  facet normal 0 0 -1
    outer loop
      vertex 117.56 60.3579 -1
      vertex 117.778 63.6855 -1
      vertex 117.778 60.3145 -1
    endloop
  endfacet
  facet normal 0 0 -1
    outer loop
      vertex 117.56 60.3579 -1
      vertex 117.56 63.6421 -1
      vertex 117.778 63.6855 -1
    endloop
  endfacet
  facet normal 0 0 -1
    outer loop
      vertex 117.349 60.4294 -1
      vertex 117.56 63.6421 -1
      vertex 117.56 60.3579 -1
    endloop
  endfacet
  facet normal 0 0 -1
    outer loop
      vertex 117.349 60.4294 -1
      vertex 117.349 63.5706 -1
      vertex 117.56 63.6421 -1
    endloop
  endfacet
  facet normal 0 0 -1
    outer loop
      vertex 117.15 60.5278 -1
      vertex 117.349 63.5706 -1
      vertex 117.349 60.4294 -1
    endloop
  endfacet
  facet normal 0 0 -1
    outer loop
      vertex 117.15 60.5278 -1
      vertex 117.15 63.4722 -1
      vertex 117.349 63.5706 -1
    endloop
  endfacet
  facet normal 0 0 -1
    outer loop
      vertex 116.965 60.6513 -1
      vertex 117.15 63.4722 -1
      vertex 117.15 60.5278 -1
    endloop
  endfacet
  facet normal 0 0 -1
    outer loop
      vertex 116.965 60.6513 -1
      vertex 116.965 63.3487 -1
      vertex 117.15 63.4722 -1
    endloop
  endfacet
  facet normal 0 0 -1
    outer loop
      vertex 116.798 60.7979 -1
      vertex 116.965 63.3487 -1
      vertex 116.965 60.6513 -1
    endloop
  endfacet
  facet normal 0 0 -1
    outer loop
      vertex 116.798 60.7979 -1
      vertex 116.798 63.2021 -1
      vertex 116.965 63.3487 -1
    endloop
  endfacet
  facet normal 0 0 -1
    outer loop
      vertex 116.651 60.9651 -1
      vertex 116.798 63.2021 -1
      vertex 116.798 60.7979 -1
    endloop
  endfacet
  facet normal 0 0 -1
    outer loop
      vertex 116.651 60.9651 -1
      vertex 116.651 63.0349 -1
      vertex 116.798 63.2021 -1
    endloop
  endfacet
  facet normal 0 0 -1
    outer loop
      vertex 116.528 61.15 -1
      vertex 116.651 63.0349 -1
      vertex 116.651 60.9651 -1
    endloop
  endfacet
  facet normal 0 0 -1
    outer loop
      vertex 116.528 61.15 -1
      vertex 116.528 62.85 -1
      vertex 116.651 63.0349 -1
    endloop
  endfacet
  facet normal 0 0 -1
    outer loop
      vertex 116.429 61.3494 -1
      vertex 116.528 62.85 -1
      vertex 116.528 61.15 -1
    endloop
  endfacet
  facet normal 0 0 -1
    outer loop
      vertex 116.429 61.3494 -1
      vertex 116.429 62.6506 -1
      vertex 116.528 62.85 -1
    endloop
  endfacet
  facet normal 0 0 -1
    outer loop
      vertex 116.358 61.56 -1
      vertex 116.429 62.6506 -1
      vertex 116.429 61.3494 -1
    endloop
  endfacet
  facet normal 0 0 -1
    outer loop
      vertex 116.358 61.56 -1
      vertex 116.358 62.44 -1
      vertex 116.429 62.6506 -1
    endloop
  endfacet
  facet normal 0 0 -1
    outer loop
      vertex 116.315 61.7781 -1
      vertex 116.358 62.44 -1
      vertex 116.358 61.56 -1
    endloop
  endfacet
  facet normal 0 0 -1
    outer loop
      vertex 116.315 61.7781 -1
      vertex 116.315 62.2219 -1
      vertex 116.358 62.44 -1
    endloop
  endfacet
  facet normal 0 -0 -1
    outer loop
      vertex 116.315 62.2219 -1
      vertex 116.315 61.7781 -1
      vertex 116.3 62 -1
    endloop
  endfacet
  facet normal -0.895681 0.444696 0
    outer loop
      vertex 116.429 62.6506 -1
      vertex 116.528 62.85 0
      vertex 116.528 62.85 -1
    endloop
  endfacet
  facet normal -0.895681 0.444696 0
    outer loop
      vertex 116.528 62.85 0
      vertex 116.429 62.6506 -1
      vertex 116.429 62.6506 0
    endloop
  endfacet
  facet normal -0.997723 0.0674441 0
    outer loop
      vertex 116.3 62 -1
      vertex 116.315 62.2219 0
      vertex 116.315 62.2219 -1
    endloop
  endfacet
  facet normal -0.997723 0.0674441 0
    outer loop
      vertex 116.315 62.2219 0
      vertex 116.3 62 -1
      vertex 116.3 62 0
    endloop
  endfacet
  facet normal -0.555219 0.831704 0
    outer loop
      vertex 117.15 63.4722 -1
      vertex 116.965 63.3487 0
      vertex 117.15 63.4722 0
    endloop
  endfacet
  facet normal -0.555219 0.831704 0
    outer loop
      vertex 116.965 63.3487 0
      vertex 117.15 63.4722 -1
      vertex 116.965 63.3487 -1
    endloop
  endfacet
  facet normal -0.195251 0.980753 0
    outer loop
      vertex 117.778 63.6855 -1
      vertex 117.56 63.6421 0
      vertex 117.778 63.6855 0
    endloop
  endfacet
  facet normal -0.195251 0.980753 0
    outer loop
      vertex 117.56 63.6421 0
      vertex 117.778 63.6855 -1
      vertex 117.56 63.6421 -1
    endloop
  endfacet
  facet normal 0.997723 -0.0674441 0
    outer loop
      vertex 119.685 61.7781 0
      vertex 119.7 62 -1
      vertex 119.7 62 0
    endloop
  endfacet
  facet normal 0.997723 -0.0674441 0
    outer loop
      vertex 119.7 62 -1
      vertex 119.685 61.7781 0
      vertex 119.685 61.7781 -1
    endloop
  endfacet
  facet normal 0.195251 -0.980753 0
    outer loop
      vertex 118.222 60.3145 -1
      vertex 118.44 60.3579 0
      vertex 118.222 60.3145 0
    endloop
  endfacet
  facet normal 0.195251 -0.980753 0
    outer loop
      vertex 118.44 60.3579 0
      vertex 118.222 60.3145 -1
      vertex 118.44 60.3579 -1
    endloop
  endfacet
  facet normal 0.947598 0.319466 0
    outer loop
      vertex 119.642 62.44 0
      vertex 119.571 62.6506 -1
      vertex 119.571 62.6506 0
    endloop
  endfacet
  facet normal 0.947598 0.319466 0
    outer loop
      vertex 119.571 62.6506 -1
      vertex 119.642 62.44 0
      vertex 119.642 62.44 -1
    endloop
  endfacet
  facet normal 0.751016 0.660284 0
    outer loop
      vertex 119.349 63.0349 0
      vertex 119.202 63.2021 -1
      vertex 119.202 63.2021 0
    endloop
  endfacet
  facet normal 0.751016 0.660284 0
    outer loop
      vertex 119.202 63.2021 -1
      vertex 119.349 63.0349 0
      vertex 119.349 63.0349 -1
    endloop
  endfacet
  facet normal 0.195251 0.980753 -0
    outer loop
      vertex 118.44 63.6421 -1
      vertex 118.222 63.6855 0
      vertex 118.44 63.6421 0
    endloop
  endfacet
  facet normal 0.195251 0.980753 0
    outer loop
      vertex 118.222 63.6855 0
      vertex 118.44 63.6421 -1
      vertex 118.222 63.6855 -1
    endloop
  endfacet
  facet normal 0.0651764 0.997874 -0
    outer loop
      vertex 118.222 63.6855 -1
      vertex 118 63.7 0
      vertex 118.222 63.6855 0
    endloop
  endfacet
  facet normal 0.0651764 0.997874 0
    outer loop
      vertex 118 63.7 0
      vertex 118.222 63.6855 -1
      vertex 118 63.7 -1
    endloop
  endfacet
  facet normal 0.443245 0.8964 -0
    outer loop
      vertex 118.85 63.4722 -1
      vertex 118.651 63.5706 0
      vertex 118.85 63.4722 0
    endloop
  endfacet
  facet normal 0.443245 0.8964 0
    outer loop
      vertex 118.651 63.5706 0
      vertex 118.85 63.4722 -1
      vertex 118.651 63.5706 -1
    endloop
  endfacet
  facet normal -0.997723 -0.0674441 0
    outer loop
      vertex 116.315 61.7781 -1
      vertex 116.3 62 0
      vertex 116.3 62 -1
    endloop
  endfacet
  facet normal -0.997723 -0.0674441 0
    outer loop
      vertex 116.3 62 0
      vertex 116.315 61.7781 -1
      vertex 116.315 61.7781 0
    endloop
  endfacet
  facet normal 0.555219 -0.831704 0
    outer loop
      vertex 118.85 60.5278 -1
      vertex 119.035 60.6513 0
      vertex 118.85 60.5278 0
    endloop
  endfacet
  facet normal 0.555219 -0.831704 0
    outer loop
      vertex 119.035 60.6513 0
      vertex 118.85 60.5278 -1
      vertex 119.035 60.6513 -1
    endloop
  endfacet
  facet normal 0.947598 -0.319466 0
    outer loop
      vertex 119.571 61.3494 0
      vertex 119.642 61.56 -1
      vertex 119.642 61.56 0
    endloop
  endfacet
  facet normal 0.947598 -0.319466 0
    outer loop
      vertex 119.642 61.56 -1
      vertex 119.571 61.3494 0
      vertex 119.571 61.3494 -1
    endloop
  endfacet
  facet normal 0.895681 -0.444696 0
    outer loop
      vertex 119.472 61.15 0
      vertex 119.571 61.3494 -1
      vertex 119.571 61.3494 0
    endloop
  endfacet
  facet normal 0.895681 -0.444696 0
    outer loop
      vertex 119.571 61.3494 -1
      vertex 119.472 61.15 0
      vertex 119.472 61.15 -1
    endloop
  endfacet
  facet normal 0.981113 -0.193434 0
    outer loop
      vertex 119.642 61.56 0
      vertex 119.685 61.7781 -1
      vertex 119.685 61.7781 0
    endloop
  endfacet
  facet normal 0.981113 -0.193434 0
    outer loop
      vertex 119.685 61.7781 -1
      vertex 119.642 61.56 0
      vertex 119.642 61.56 -1
    endloop
  endfacet
  facet normal -0.832604 -0.553869 0
    outer loop
      vertex 116.651 60.9651 -1
      vertex 116.528 61.15 0
      vertex 116.528 61.15 -1
    endloop
  endfacet
  facet normal -0.832604 -0.553869 0
    outer loop
      vertex 116.528 61.15 0
      vertex 116.651 60.9651 -1
      vertex 116.651 60.9651 0
    endloop
  endfacet
  facet normal -0.981113 -0.193434 0
    outer loop
      vertex 116.358 61.56 -1
      vertex 116.315 61.7781 0
      vertex 116.315 61.7781 -1
    endloop
  endfacet
  facet normal -0.981113 -0.193434 0
    outer loop
      vertex 116.315 61.7781 0
      vertex 116.358 61.56 -1
      vertex 116.358 61.56 0
    endloop
  endfacet
  facet normal -0.895681 -0.444696 0
    outer loop
      vertex 116.528 61.15 -1
      vertex 116.429 61.3494 0
      vertex 116.429 61.3494 -1
    endloop
  endfacet
  facet normal -0.895681 -0.444696 0
    outer loop
      vertex 116.429 61.3494 0
      vertex 116.528 61.15 -1
      vertex 116.528 61.15 0
    endloop
  endfacet
  facet normal 0.443245 -0.8964 0
    outer loop
      vertex 118.651 60.4294 -1
      vertex 118.85 60.5278 0
      vertex 118.651 60.4294 0
    endloop
  endfacet
  facet normal 0.443245 -0.8964 0
    outer loop
      vertex 118.85 60.5278 0
      vertex 118.651 60.4294 -1
      vertex 118.85 60.5278 -1
    endloop
  endfacet
  facet normal 0.320937 -0.947101 0
    outer loop
      vertex 118.44 60.3579 -1
      vertex 118.651 60.4294 0
      vertex 118.44 60.3579 0
    endloop
  endfacet
  facet normal 0.320937 -0.947101 0
    outer loop
      vertex 118.651 60.4294 0
      vertex 118.44 60.3579 -1
      vertex 118.651 60.4294 -1
    endloop
  endfacet
  facet normal -0.832604 0.553869 0
    outer loop
      vertex 116.528 62.85 -1
      vertex 116.651 63.0349 0
      vertex 116.651 63.0349 -1
    endloop
  endfacet
  facet normal -0.832604 0.553869 0
    outer loop
      vertex 116.651 63.0349 0
      vertex 116.528 62.85 -1
      vertex 116.528 62.85 0
    endloop
  endfacet
  facet normal -0.981113 0.193434 0
    outer loop
      vertex 116.315 62.2219 -1
      vertex 116.358 62.44 0
      vertex 116.358 62.44 -1
    endloop
  endfacet
  facet normal -0.981113 0.193434 0
    outer loop
      vertex 116.358 62.44 0
      vertex 116.315 62.2219 -1
      vertex 116.315 62.2219 0
    endloop
  endfacet
  facet normal -0.659714 0.751516 0
    outer loop
      vertex 116.965 63.3487 -1
      vertex 116.798 63.2021 0
      vertex 116.965 63.3487 0
    endloop
  endfacet
  facet normal -0.659714 0.751516 0
    outer loop
      vertex 116.798 63.2021 0
      vertex 116.965 63.3487 -1
      vertex 116.798 63.2021 -1
    endloop
  endfacet
  facet normal -0.320937 0.947101 0
    outer loop
      vertex 117.56 63.6421 -1
      vertex 117.349 63.5706 0
      vertex 117.56 63.6421 0
    endloop
  endfacet
  facet normal -0.320937 0.947101 0
    outer loop
      vertex 117.349 63.5706 0
      vertex 117.56 63.6421 -1
      vertex 117.349 63.5706 -1
    endloop
  endfacet
  facet normal 0.0651764 -0.997874 0
    outer loop
      vertex 118 60.3 -1
      vertex 118.222 60.3145 0
      vertex 118 60.3 0
    endloop
  endfacet
  facet normal 0.0651764 -0.997874 0
    outer loop
      vertex 118.222 60.3145 0
      vertex 118 60.3 -1
      vertex 118.222 60.3145 -1
    endloop
  endfacet
  facet normal -0.947598 -0.319466 0
    outer loop
      vertex 116.429 61.3494 -1
      vertex 116.358 61.56 0
      vertex 116.358 61.56 -1
    endloop
  endfacet
  facet normal -0.947598 -0.319466 0
    outer loop
      vertex 116.358 61.56 0
      vertex 116.429 61.3494 -1
      vertex 116.429 61.3494 0
    endloop
  endfacet
  facet normal 0.659714 -0.751516 0
    outer loop
      vertex 119.035 60.6513 -1
      vertex 119.202 60.7979 0
      vertex 119.035 60.6513 0
    endloop
  endfacet
  facet normal 0.659714 -0.751516 0
    outer loop
      vertex 119.202 60.7979 0
      vertex 119.035 60.6513 -1
      vertex 119.202 60.7979 -1
    endloop
  endfacet
  facet normal 0.751016 -0.660284 0
    outer loop
      vertex 119.202 60.7979 0
      vertex 119.349 60.9651 -1
      vertex 119.349 60.9651 0
    endloop
  endfacet
  facet normal 0.751016 -0.660284 0
    outer loop
      vertex 119.349 60.9651 -1
      vertex 119.202 60.7979 0
      vertex 119.202 60.7979 -1
    endloop
  endfacet
  facet normal -0.195251 -0.980753 0
    outer loop
      vertex 117.56 60.3579 -1
      vertex 117.778 60.3145 0
      vertex 117.56 60.3579 0
    endloop
  endfacet
  facet normal -0.195251 -0.980753 -0
    outer loop
      vertex 117.778 60.3145 0
      vertex 117.56 60.3579 -1
      vertex 117.778 60.3145 -1
    endloop
  endfacet
  facet normal -0.320937 -0.947101 0
    outer loop
      vertex 117.349 60.4294 -1
      vertex 117.56 60.3579 0
      vertex 117.349 60.4294 0
    endloop
  endfacet
  facet normal -0.320937 -0.947101 -0
    outer loop
      vertex 117.56 60.3579 0
      vertex 117.349 60.4294 -1
      vertex 117.56 60.3579 -1
    endloop
  endfacet
  facet normal -0.555219 -0.831704 0
    outer loop
      vertex 116.965 60.6513 -1
      vertex 117.15 60.5278 0
      vertex 116.965 60.6513 0
    endloop
  endfacet
  facet normal -0.555219 -0.831704 -0
    outer loop
      vertex 117.15 60.5278 0
      vertex 116.965 60.6513 -1
      vertex 117.15 60.5278 -1
    endloop
  endfacet
  facet normal -0.659714 -0.751516 0
    outer loop
      vertex 116.798 60.7979 -1
      vertex 116.965 60.6513 0
      vertex 116.798 60.7979 0
    endloop
  endfacet
  facet normal -0.659714 -0.751516 -0
    outer loop
      vertex 116.965 60.6513 0
      vertex 116.798 60.7979 -1
      vertex 116.965 60.6513 -1
    endloop
  endfacet
  facet normal -0.751016 -0.660284 0
    outer loop
      vertex 116.798 60.7979 -1
      vertex 116.651 60.9651 0
      vertex 116.651 60.9651 -1
    endloop
  endfacet
  facet normal -0.751016 -0.660284 0
    outer loop
      vertex 116.651 60.9651 0
      vertex 116.798 60.7979 -1
      vertex 116.798 60.7979 0
    endloop
  endfacet
  facet normal -0.0651764 -0.997874 0
    outer loop
      vertex 117.778 60.3145 -1
      vertex 118 60.3 0
      vertex 117.778 60.3145 0
    endloop
  endfacet
  facet normal -0.0651764 -0.997874 -0
    outer loop
      vertex 118 60.3 0
      vertex 117.778 60.3145 -1
      vertex 118 60.3 -1
    endloop
  endfacet
  facet normal -0.443245 -0.8964 0
    outer loop
      vertex 117.15 60.5278 -1
      vertex 117.349 60.4294 0
      vertex 117.15 60.5278 0
    endloop
  endfacet
  facet normal -0.443245 -0.8964 -0
    outer loop
      vertex 117.349 60.4294 0
      vertex 117.15 60.5278 -1
      vertex 117.349 60.4294 -1
    endloop
  endfacet
  facet normal 0.997723 0.0674441 0
    outer loop
      vertex 203.7 62 0
      vertex 203.685 62.2219 -1
      vertex 203.685 62.2219 0
    endloop
  endfacet
  facet normal 0.997723 0.0674441 0
    outer loop
      vertex 203.685 62.2219 -1
      vertex 203.7 62 0
      vertex 203.7 62 -1
    endloop
  endfacet
  facet normal -0.0651764 0.997874 0
    outer loop
      vertex 202 63.7 -1
      vertex 201.778 63.6855 0
      vertex 202 63.7 0
    endloop
  endfacet
  facet normal -0.0651764 0.997874 0
    outer loop
      vertex 201.778 63.6855 0
      vertex 202 63.7 -1
      vertex 201.778 63.6855 -1
    endloop
  endfacet
  facet normal 0.659714 0.751516 -0
    outer loop
      vertex 203.202 63.2021 -1
      vertex 203.035 63.3487 0
      vertex 203.202 63.2021 0
    endloop
  endfacet
  facet normal 0.659714 0.751516 0
    outer loop
      vertex 203.035 63.3487 0
      vertex 203.202 63.2021 -1
      vertex 203.035 63.3487 -1
    endloop
  endfacet
  facet normal -0.751016 0.660284 0
    outer loop
      vertex 200.651 63.0349 -1
      vertex 200.798 63.2021 0
      vertex 200.798 63.2021 -1
    endloop
  endfacet
  facet normal -0.751016 0.660284 0
    outer loop
      vertex 200.798 63.2021 0
      vertex 200.651 63.0349 -1
      vertex 200.651 63.0349 0
    endloop
  endfacet
  facet normal -0.443245 0.8964 0
    outer loop
      vertex 201.349 63.5706 -1
      vertex 201.15 63.4722 0
      vertex 201.349 63.5706 0
    endloop
  endfacet
  facet normal -0.443245 0.8964 0
    outer loop
      vertex 201.15 63.4722 0
      vertex 201.349 63.5706 -1
      vertex 201.15 63.4722 -1
    endloop
  endfacet
  facet normal 0.832604 -0.553869 0
    outer loop
      vertex 203.349 60.9651 0
      vertex 203.472 61.15 -1
      vertex 203.472 61.15 0
    endloop
  endfacet
  facet normal 0.832604 -0.553869 0
    outer loop
      vertex 203.472 61.15 -1
      vertex 203.349 60.9651 0
      vertex 203.349 60.9651 -1
    endloop
  endfacet
  facet normal 0.895681 0.444696 0
    outer loop
      vertex 203.571 62.6506 0
      vertex 203.472 62.85 -1
      vertex 203.472 62.85 0
    endloop
  endfacet
  facet normal 0.895681 0.444696 0
    outer loop
      vertex 203.472 62.85 -1
      vertex 203.571 62.6506 0
      vertex 203.571 62.6506 -1
    endloop
  endfacet
  facet normal 0.981113 0.193434 0
    outer loop
      vertex 203.685 62.2219 0
      vertex 203.642 62.44 -1
      vertex 203.642 62.44 0
    endloop
  endfacet
  facet normal 0.981113 0.193434 0
    outer loop
      vertex 203.642 62.44 -1
      vertex 203.685 62.2219 0
      vertex 203.685 62.2219 -1
    endloop
  endfacet
  facet normal 0.832604 0.553869 0
    outer loop
      vertex 203.472 62.85 0
      vertex 203.349 63.0349 -1
      vertex 203.349 63.0349 0
    endloop
  endfacet
  facet normal 0.832604 0.553869 0
    outer loop
      vertex 203.349 63.0349 -1
      vertex 203.472 62.85 0
      vertex 203.472 62.85 -1
    endloop
  endfacet
  facet normal 0.320937 0.947101 -0
    outer loop
      vertex 202.651 63.5706 -1
      vertex 202.44 63.6421 0
      vertex 202.651 63.5706 0
    endloop
  endfacet
  facet normal 0.320937 0.947101 0
    outer loop
      vertex 202.44 63.6421 0
      vertex 202.651 63.5706 -1
      vertex 202.44 63.6421 -1
    endloop
  endfacet
  facet normal 0.555219 0.831704 -0
    outer loop
      vertex 203.035 63.3487 -1
      vertex 202.85 63.4722 0
      vertex 203.035 63.3487 0
    endloop
  endfacet
  facet normal 0.555219 0.831704 0
    outer loop
      vertex 202.85 63.4722 0
      vertex 203.035 63.3487 -1
      vertex 202.85 63.4722 -1
    endloop
  endfacet
  facet normal -0.947598 0.319466 0
    outer loop
      vertex 200.358 62.44 -1
      vertex 200.429 62.6506 0
      vertex 200.429 62.6506 -1
    endloop
  endfacet
  facet normal -0.947598 0.319466 0
    outer loop
      vertex 200.429 62.6506 0
      vertex 200.358 62.44 -1
      vertex 200.358 62.44 0
    endloop
  endfacet
  facet normal 0 0 -1
    outer loop
      vertex 203.685 61.7781 -1
      vertex 203.685 62.2219 -1
      vertex 203.7 62 -1
    endloop
  endfacet
  facet normal 0 0 -1
    outer loop
      vertex 203.642 61.56 -1
      vertex 203.685 62.2219 -1
      vertex 203.685 61.7781 -1
    endloop
  endfacet
  facet normal 0 0 -1
    outer loop
      vertex 203.642 61.56 -1
      vertex 203.642 62.44 -1
      vertex 203.685 62.2219 -1
    endloop
  endfacet
  facet normal 0 0 -1
    outer loop
      vertex 203.571 61.3494 -1
      vertex 203.642 62.44 -1
      vertex 203.642 61.56 -1
    endloop
  endfacet
  facet normal 0 0 -1
    outer loop
      vertex 203.571 61.3494 -1
      vertex 203.571 62.6506 -1
      vertex 203.642 62.44 -1
    endloop
  endfacet
  facet normal 0 0 -1
    outer loop
      vertex 203.472 61.15 -1
      vertex 203.571 62.6506 -1
      vertex 203.571 61.3494 -1
    endloop
  endfacet
  facet normal 0 0 -1
    outer loop
      vertex 203.472 61.15 -1
      vertex 203.472 62.85 -1
      vertex 203.571 62.6506 -1
    endloop
  endfacet
  facet normal 0 0 -1
    outer loop
      vertex 203.349 60.9651 -1
      vertex 203.472 62.85 -1
      vertex 203.472 61.15 -1
    endloop
  endfacet
  facet normal 0 0 -1
    outer loop
      vertex 203.349 60.9651 -1
      vertex 203.349 63.0349 -1
      vertex 203.472 62.85 -1
    endloop
  endfacet
  facet normal 0 0 -1
    outer loop
      vertex 203.202 60.7979 -1
      vertex 203.349 63.0349 -1
      vertex 203.349 60.9651 -1
    endloop
  endfacet
  facet normal 0 0 -1
    outer loop
      vertex 203.202 60.7979 -1
      vertex 203.202 63.2021 -1
      vertex 203.349 63.0349 -1
    endloop
  endfacet
  facet normal 0 0 -1
    outer loop
      vertex 203.035 60.6513 -1
      vertex 203.202 63.2021 -1
      vertex 203.202 60.7979 -1
    endloop
  endfacet
  facet normal 0 0 -1
    outer loop
      vertex 203.035 60.6513 -1
      vertex 203.035 63.3487 -1
      vertex 203.202 63.2021 -1
    endloop
  endfacet
  facet normal 0 0 -1
    outer loop
      vertex 202.85 60.5278 -1
      vertex 203.035 63.3487 -1
      vertex 203.035 60.6513 -1
    endloop
  endfacet
  facet normal 0 0 -1
    outer loop
      vertex 202.85 60.5278 -1
      vertex 202.85 63.4722 -1
      vertex 203.035 63.3487 -1
    endloop
  endfacet
  facet normal 0 0 -1
    outer loop
      vertex 202.651 60.4294 -1
      vertex 202.85 63.4722 -1
      vertex 202.85 60.5278 -1
    endloop
  endfacet
  facet normal 0 0 -1
    outer loop
      vertex 202.651 60.4294 -1
      vertex 202.651 63.5706 -1
      vertex 202.85 63.4722 -1
    endloop
  endfacet
  facet normal 0 0 -1
    outer loop
      vertex 202.44 60.3579 -1
      vertex 202.651 63.5706 -1
      vertex 202.651 60.4294 -1
    endloop
  endfacet
  facet normal 0 0 -1
    outer loop
      vertex 202.44 60.3579 -1
      vertex 202.44 63.6421 -1
      vertex 202.651 63.5706 -1
    endloop
  endfacet
  facet normal 0 0 -1
    outer loop
      vertex 202.222 60.3145 -1
      vertex 202.44 63.6421 -1
      vertex 202.44 60.3579 -1
    endloop
  endfacet
  facet normal 0 0 -1
    outer loop
      vertex 202.222 60.3145 -1
      vertex 202.222 63.6855 -1
      vertex 202.44 63.6421 -1
    endloop
  endfacet
  facet normal 0 0 -1
    outer loop
      vertex 202 60.3 -1
      vertex 202.222 63.6855 -1
      vertex 202.222 60.3145 -1
    endloop
  endfacet
  facet normal 0 0 -1
    outer loop
      vertex 202 60.3 -1
      vertex 202 63.7 -1
      vertex 202.222 63.6855 -1
    endloop
  endfacet
  facet normal 0 0 -1
    outer loop
      vertex 201.778 60.3145 -1
      vertex 202 63.7 -1
      vertex 202 60.3 -1
    endloop
  endfacet
  facet normal 0 0 -1
    outer loop
      vertex 201.778 60.3145 -1
      vertex 201.778 63.6855 -1
      vertex 202 63.7 -1
    endloop
  endfacet
  facet normal 0 0 -1
    outer loop
      vertex 201.56 60.3579 -1
      vertex 201.778 63.6855 -1
      vertex 201.778 60.3145 -1
    endloop
  endfacet
  facet normal 0 0 -1
    outer loop
      vertex 201.56 60.3579 -1
      vertex 201.56 63.6421 -1
      vertex 201.778 63.6855 -1
    endloop
  endfacet
  facet normal 0 0 -1
    outer loop
      vertex 201.349 60.4294 -1
      vertex 201.56 63.6421 -1
      vertex 201.56 60.3579 -1
    endloop
  endfacet
  facet normal 0 0 -1
    outer loop
      vertex 201.349 60.4294 -1
      vertex 201.349 63.5706 -1
      vertex 201.56 63.6421 -1
    endloop
  endfacet
  facet normal 0 0 -1
    outer loop
      vertex 201.15 60.5278 -1
      vertex 201.349 63.5706 -1
      vertex 201.349 60.4294 -1
    endloop
  endfacet
  facet normal 0 0 -1
    outer loop
      vertex 201.15 60.5278 -1
      vertex 201.15 63.4722 -1
      vertex 201.349 63.5706 -1
    endloop
  endfacet
  facet normal 0 0 -1
    outer loop
      vertex 200.965 60.6513 -1
      vertex 201.15 63.4722 -1
      vertex 201.15 60.5278 -1
    endloop
  endfacet
  facet normal 0 0 -1
    outer loop
      vertex 200.965 60.6513 -1
      vertex 200.965 63.3487 -1
      vertex 201.15 63.4722 -1
    endloop
  endfacet
  facet normal 0 0 -1
    outer loop
      vertex 200.798 60.7979 -1
      vertex 200.965 63.3487 -1
      vertex 200.965 60.6513 -1
    endloop
  endfacet
  facet normal 0 0 -1
    outer loop
      vertex 200.798 60.7979 -1
      vertex 200.798 63.2021 -1
      vertex 200.965 63.3487 -1
    endloop
  endfacet
  facet normal 0 0 -1
    outer loop
      vertex 200.651 60.9651 -1
      vertex 200.798 63.2021 -1
      vertex 200.798 60.7979 -1
    endloop
  endfacet
  facet normal 0 0 -1
    outer loop
      vertex 200.651 60.9651 -1
      vertex 200.651 63.0349 -1
      vertex 200.798 63.2021 -1
    endloop
  endfacet
  facet normal 0 0 -1
    outer loop
      vertex 200.528 61.15 -1
      vertex 200.651 63.0349 -1
      vertex 200.651 60.9651 -1
    endloop
  endfacet
  facet normal 0 0 -1
    outer loop
      vertex 200.528 61.15 -1
      vertex 200.528 62.85 -1
      vertex 200.651 63.0349 -1
    endloop
  endfacet
  facet normal 0 0 -1
    outer loop
      vertex 200.429 61.3494 -1
      vertex 200.528 62.85 -1
      vertex 200.528 61.15 -1
    endloop
  endfacet
  facet normal 0 0 -1
    outer loop
      vertex 200.429 61.3494 -1
      vertex 200.429 62.6506 -1
      vertex 200.528 62.85 -1
    endloop
  endfacet
  facet normal 0 0 -1
    outer loop
      vertex 200.358 61.56 -1
      vertex 200.429 62.6506 -1
      vertex 200.429 61.3494 -1
    endloop
  endfacet
  facet normal 0 0 -1
    outer loop
      vertex 200.358 61.56 -1
      vertex 200.358 62.44 -1
      vertex 200.429 62.6506 -1
    endloop
  endfacet
  facet normal 0 0 -1
    outer loop
      vertex 200.315 61.7781 -1
      vertex 200.358 62.44 -1
      vertex 200.358 61.56 -1
    endloop
  endfacet
  facet normal 0 0 -1
    outer loop
      vertex 200.315 61.7781 -1
      vertex 200.315 62.2219 -1
      vertex 200.358 62.44 -1
    endloop
  endfacet
  facet normal 0 -0 -1
    outer loop
      vertex 200.315 62.2219 -1
      vertex 200.315 61.7781 -1
      vertex 200.3 62 -1
    endloop
  endfacet
  facet normal -0.895681 0.444696 0
    outer loop
      vertex 200.429 62.6506 -1
      vertex 200.528 62.85 0
      vertex 200.528 62.85 -1
    endloop
  endfacet
  facet normal -0.895681 0.444696 0
    outer loop
      vertex 200.528 62.85 0
      vertex 200.429 62.6506 -1
      vertex 200.429 62.6506 0
    endloop
  endfacet
  facet normal -0.997723 0.0674441 0
    outer loop
      vertex 200.3 62 -1
      vertex 200.315 62.2219 0
      vertex 200.315 62.2219 -1
    endloop
  endfacet
  facet normal -0.997723 0.0674441 0
    outer loop
      vertex 200.315 62.2219 0
      vertex 200.3 62 -1
      vertex 200.3 62 0
    endloop
  endfacet
  facet normal -0.555219 0.831704 0
    outer loop
      vertex 201.15 63.4722 -1
      vertex 200.965 63.3487 0
      vertex 201.15 63.4722 0
    endloop
  endfacet
  facet normal -0.555219 0.831704 0
    outer loop
      vertex 200.965 63.3487 0
      vertex 201.15 63.4722 -1
      vertex 200.965 63.3487 -1
    endloop
  endfacet
  facet normal -0.195251 0.980753 0
    outer loop
      vertex 201.778 63.6855 -1
      vertex 201.56 63.6421 0
      vertex 201.778 63.6855 0
    endloop
  endfacet
  facet normal -0.195251 0.980753 0
    outer loop
      vertex 201.56 63.6421 0
      vertex 201.778 63.6855 -1
      vertex 201.56 63.6421 -1
    endloop
  endfacet
  facet normal 0.997723 -0.0674441 0
    outer loop
      vertex 203.685 61.7781 0
      vertex 203.7 62 -1
      vertex 203.7 62 0
    endloop
  endfacet
  facet normal 0.997723 -0.0674441 0
    outer loop
      vertex 203.7 62 -1
      vertex 203.685 61.7781 0
      vertex 203.685 61.7781 -1
    endloop
  endfacet
  facet normal 0.195251 -0.980753 0
    outer loop
      vertex 202.222 60.3145 -1
      vertex 202.44 60.3579 0
      vertex 202.222 60.3145 0
    endloop
  endfacet
  facet normal 0.195251 -0.980753 0
    outer loop
      vertex 202.44 60.3579 0
      vertex 202.222 60.3145 -1
      vertex 202.44 60.3579 -1
    endloop
  endfacet
  facet normal 0.947598 0.319466 0
    outer loop
      vertex 203.642 62.44 0
      vertex 203.571 62.6506 -1
      vertex 203.571 62.6506 0
    endloop
  endfacet
  facet normal 0.947598 0.319466 0
    outer loop
      vertex 203.571 62.6506 -1
      vertex 203.642 62.44 0
      vertex 203.642 62.44 -1
    endloop
  endfacet
  facet normal 0.751016 0.660284 0
    outer loop
      vertex 203.349 63.0349 0
      vertex 203.202 63.2021 -1
      vertex 203.202 63.2021 0
    endloop
  endfacet
  facet normal 0.751016 0.660284 0
    outer loop
      vertex 203.202 63.2021 -1
      vertex 203.349 63.0349 0
      vertex 203.349 63.0349 -1
    endloop
  endfacet
  facet normal 0.195251 0.980753 -0
    outer loop
      vertex 202.44 63.6421 -1
      vertex 202.222 63.6855 0
      vertex 202.44 63.6421 0
    endloop
  endfacet
  facet normal 0.195251 0.980753 0
    outer loop
      vertex 202.222 63.6855 0
      vertex 202.44 63.6421 -1
      vertex 202.222 63.6855 -1
    endloop
  endfacet
  facet normal 0.0651764 0.997874 -0
    outer loop
      vertex 202.222 63.6855 -1
      vertex 202 63.7 0
      vertex 202.222 63.6855 0
    endloop
  endfacet
  facet normal 0.0651764 0.997874 0
    outer loop
      vertex 202 63.7 0
      vertex 202.222 63.6855 -1
      vertex 202 63.7 -1
    endloop
  endfacet
  facet normal 0.443245 0.8964 -0
    outer loop
      vertex 202.85 63.4722 -1
      vertex 202.651 63.5706 0
      vertex 202.85 63.4722 0
    endloop
  endfacet
  facet normal 0.443245 0.8964 0
    outer loop
      vertex 202.651 63.5706 0
      vertex 202.85 63.4722 -1
      vertex 202.651 63.5706 -1
    endloop
  endfacet
  facet normal -0.832604 0.553869 0
    outer loop
      vertex 200.528 62.85 -1
      vertex 200.651 63.0349 0
      vertex 200.651 63.0349 -1
    endloop
  endfacet
  facet normal -0.832604 0.553869 0
    outer loop
      vertex 200.651 63.0349 0
      vertex 200.528 62.85 -1
      vertex 200.528 62.85 0
    endloop
  endfacet
  facet normal -0.997723 -0.0674441 0
    outer loop
      vertex 200.315 61.7781 -1
      vertex 200.3 62 0
      vertex 200.3 62 -1
    endloop
  endfacet
  facet normal -0.997723 -0.0674441 0
    outer loop
      vertex 200.3 62 0
      vertex 200.315 61.7781 -1
      vertex 200.315 61.7781 0
    endloop
  endfacet
  facet normal -0.659714 0.751516 0
    outer loop
      vertex 200.965 63.3487 -1
      vertex 200.798 63.2021 0
      vertex 200.965 63.3487 0
    endloop
  endfacet
  facet normal -0.659714 0.751516 0
    outer loop
      vertex 200.798 63.2021 0
      vertex 200.965 63.3487 -1
      vertex 200.798 63.2021 -1
    endloop
  endfacet
  facet normal -0.320937 0.947101 0
    outer loop
      vertex 201.56 63.6421 -1
      vertex 201.349 63.5706 0
      vertex 201.56 63.6421 0
    endloop
  endfacet
  facet normal -0.320937 0.947101 0
    outer loop
      vertex 201.349 63.5706 0
      vertex 201.56 63.6421 -1
      vertex 201.349 63.5706 -1
    endloop
  endfacet
  facet normal 0.555219 -0.831704 0
    outer loop
      vertex 202.85 60.5278 -1
      vertex 203.035 60.6513 0
      vertex 202.85 60.5278 0
    endloop
  endfacet
  facet normal 0.555219 -0.831704 0
    outer loop
      vertex 203.035 60.6513 0
      vertex 202.85 60.5278 -1
      vertex 203.035 60.6513 -1
    endloop
  endfacet
  facet normal 0.947598 -0.319466 0
    outer loop
      vertex 203.571 61.3494 0
      vertex 203.642 61.56 -1
      vertex 203.642 61.56 0
    endloop
  endfacet
  facet normal 0.947598 -0.319466 0
    outer loop
      vertex 203.642 61.56 -1
      vertex 203.571 61.3494 0
      vertex 203.571 61.3494 -1
    endloop
  endfacet
  facet normal 0.895681 -0.444696 0
    outer loop
      vertex 203.472 61.15 0
      vertex 203.571 61.3494 -1
      vertex 203.571 61.3494 0
    endloop
  endfacet
  facet normal 0.895681 -0.444696 0
    outer loop
      vertex 203.571 61.3494 -1
      vertex 203.472 61.15 0
      vertex 203.472 61.15 -1
    endloop
  endfacet
  facet normal 0.981113 -0.193434 0
    outer loop
      vertex 203.642 61.56 0
      vertex 203.685 61.7781 -1
      vertex 203.685 61.7781 0
    endloop
  endfacet
  facet normal 0.981113 -0.193434 0
    outer loop
      vertex 203.685 61.7781 -1
      vertex 203.642 61.56 0
      vertex 203.642 61.56 -1
    endloop
  endfacet
  facet normal -0.751016 -0.660284 0
    outer loop
      vertex 200.798 60.7979 -1
      vertex 200.651 60.9651 0
      vertex 200.651 60.9651 -1
    endloop
  endfacet
  facet normal -0.751016 -0.660284 0
    outer loop
      vertex 200.651 60.9651 0
      vertex 200.798 60.7979 -1
      vertex 200.798 60.7979 0
    endloop
  endfacet
  facet normal -0.832604 -0.553869 0
    outer loop
      vertex 200.651 60.9651 -1
      vertex 200.528 61.15 0
      vertex 200.528 61.15 -1
    endloop
  endfacet
  facet normal -0.832604 -0.553869 0
    outer loop
      vertex 200.528 61.15 0
      vertex 200.651 60.9651 -1
      vertex 200.651 60.9651 0
    endloop
  endfacet
  facet normal -0.981113 -0.193434 0
    outer loop
      vertex 200.358 61.56 -1
      vertex 200.315 61.7781 0
      vertex 200.315 61.7781 -1
    endloop
  endfacet
  facet normal -0.981113 -0.193434 0
    outer loop
      vertex 200.315 61.7781 0
      vertex 200.358 61.56 -1
      vertex 200.358 61.56 0
    endloop
  endfacet
  facet normal -0.895681 -0.444696 0
    outer loop
      vertex 200.528 61.15 -1
      vertex 200.429 61.3494 0
      vertex 200.429 61.3494 -1
    endloop
  endfacet
  facet normal -0.895681 -0.444696 0
    outer loop
      vertex 200.429 61.3494 0
      vertex 200.528 61.15 -1
      vertex 200.528 61.15 0
    endloop
  endfacet
  facet normal 0.443245 -0.8964 0
    outer loop
      vertex 202.651 60.4294 -1
      vertex 202.85 60.5278 0
      vertex 202.651 60.4294 0
    endloop
  endfacet
  facet normal 0.443245 -0.8964 0
    outer loop
      vertex 202.85 60.5278 0
      vertex 202.651 60.4294 -1
      vertex 202.85 60.5278 -1
    endloop
  endfacet
  facet normal 0.320937 -0.947101 0
    outer loop
      vertex 202.44 60.3579 -1
      vertex 202.651 60.4294 0
      vertex 202.44 60.3579 0
    endloop
  endfacet
  facet normal 0.320937 -0.947101 0
    outer loop
      vertex 202.651 60.4294 0
      vertex 202.44 60.3579 -1
      vertex 202.651 60.4294 -1
    endloop
  endfacet
  facet normal -0.981113 0.193434 0
    outer loop
      vertex 200.315 62.2219 -1
      vertex 200.358 62.44 0
      vertex 200.358 62.44 -1
    endloop
  endfacet
  facet normal -0.981113 0.193434 0
    outer loop
      vertex 200.358 62.44 0
      vertex 200.315 62.2219 -1
      vertex 200.315 62.2219 0
    endloop
  endfacet
  facet normal 0.0651764 -0.997874 0
    outer loop
      vertex 202 60.3 -1
      vertex 202.222 60.3145 0
      vertex 202 60.3 0
    endloop
  endfacet
  facet normal 0.0651764 -0.997874 0
    outer loop
      vertex 202.222 60.3145 0
      vertex 202 60.3 -1
      vertex 202.222 60.3145 -1
    endloop
  endfacet
  facet normal -0.947598 -0.319466 0
    outer loop
      vertex 200.429 61.3494 -1
      vertex 200.358 61.56 0
      vertex 200.358 61.56 -1
    endloop
  endfacet
  facet normal -0.947598 -0.319466 0
    outer loop
      vertex 200.358 61.56 0
      vertex 200.429 61.3494 -1
      vertex 200.429 61.3494 0
    endloop
  endfacet
  facet normal 0.659714 -0.751516 0
    outer loop
      vertex 203.035 60.6513 -1
      vertex 203.202 60.7979 0
      vertex 203.035 60.6513 0
    endloop
  endfacet
  facet normal 0.659714 -0.751516 0
    outer loop
      vertex 203.202 60.7979 0
      vertex 203.035 60.6513 -1
      vertex 203.202 60.7979 -1
    endloop
  endfacet
  facet normal 0.751016 -0.660284 0
    outer loop
      vertex 203.202 60.7979 0
      vertex 203.349 60.9651 -1
      vertex 203.349 60.9651 0
    endloop
  endfacet
  facet normal 0.751016 -0.660284 0
    outer loop
      vertex 203.349 60.9651 -1
      vertex 203.202 60.7979 0
      vertex 203.202 60.7979 -1
    endloop
  endfacet
  facet normal -0.195251 -0.980753 0
    outer loop
      vertex 201.56 60.3579 -1
      vertex 201.778 60.3145 0
      vertex 201.56 60.3579 0
    endloop
  endfacet
  facet normal -0.195251 -0.980753 -0
    outer loop
      vertex 201.778 60.3145 0
      vertex 201.56 60.3579 -1
      vertex 201.778 60.3145 -1
    endloop
  endfacet
  facet normal -0.320937 -0.947101 0
    outer loop
      vertex 201.349 60.4294 -1
      vertex 201.56 60.3579 0
      vertex 201.349 60.4294 0
    endloop
  endfacet
  facet normal -0.320937 -0.947101 -0
    outer loop
      vertex 201.56 60.3579 0
      vertex 201.349 60.4294 -1
      vertex 201.56 60.3579 -1
    endloop
  endfacet
  facet normal -0.555219 -0.831704 0
    outer loop
      vertex 200.965 60.6513 -1
      vertex 201.15 60.5278 0
      vertex 200.965 60.6513 0
    endloop
  endfacet
  facet normal -0.555219 -0.831704 -0
    outer loop
      vertex 201.15 60.5278 0
      vertex 200.965 60.6513 -1
      vertex 201.15 60.5278 -1
    endloop
  endfacet
  facet normal -0.659714 -0.751516 0
    outer loop
      vertex 200.798 60.7979 -1
      vertex 200.965 60.6513 0
      vertex 200.798 60.7979 0
    endloop
  endfacet
  facet normal -0.659714 -0.751516 -0
    outer loop
      vertex 200.965 60.6513 0
      vertex 200.798 60.7979 -1
      vertex 200.965 60.6513 -1
    endloop
  endfacet
  facet normal -0.0651764 -0.997874 0
    outer loop
      vertex 201.778 60.3145 -1
      vertex 202 60.3 0
      vertex 201.778 60.3145 0
    endloop
  endfacet
  facet normal -0.0651764 -0.997874 -0
    outer loop
      vertex 202 60.3 0
      vertex 201.778 60.3145 -1
      vertex 202 60.3 -1
    endloop
  endfacet
  facet normal -0.443245 -0.8964 0
    outer loop
      vertex 201.15 60.5278 -1
      vertex 201.349 60.4294 0
      vertex 201.15 60.5278 0
    endloop
  endfacet
  facet normal -0.443245 -0.8964 -0
    outer loop
      vertex 201.349 60.4294 0
      vertex 201.15 60.5278 -1
      vertex 201.349 60.4294 -1
    endloop
  endfacet
  facet normal 0.997935 0.0642251 0
    outer loop
      vertex 122.5 35 0
      vertex 122.479 35.3263 -1
      vertex 122.479 35.3263 0
    endloop
  endfacet
  facet normal 0.997935 0.0642251 0
    outer loop
      vertex 122.479 35.3263 -1
      vertex 122.5 35 0
      vertex 122.5 35 -1
    endloop
  endfacet
  facet normal -0.0655032 0.997852 0
    outer loop
      vertex 120 37.5 -1
      vertex 119.674 37.4786 0
      vertex 120 37.5 0
    endloop
  endfacet
  facet normal -0.0655032 0.997852 0
    outer loop
      vertex 119.674 37.4786 0
      vertex 120 37.5 -1
      vertex 119.674 37.4786 -1
    endloop
  endfacet
  facet normal 0.65911 0.752046 -0
    outer loop
      vertex 121.768 36.7678 -1
      vertex 121.522 36.9834 0
      vertex 121.768 36.7678 0
    endloop
  endfacet
  facet normal 0.65911 0.752046 0
    outer loop
      vertex 121.522 36.9834 0
      vertex 121.768 36.7678 -1
      vertex 121.522 36.9834 -1
    endloop
  endfacet
  facet normal -0.752823 0.658223 0
    outer loop
      vertex 118.017 36.5219 -1
      vertex 118.232 36.7678 0
      vertex 118.232 36.7678 -1
    endloop
  endfacet
  facet normal -0.752823 0.658223 0
    outer loop
      vertex 118.232 36.7678 0
      vertex 118.017 36.5219 -1
      vertex 118.017 36.5219 0
    endloop
  endfacet
  facet normal -0.442556 0.896741 0
    outer loop
      vertex 119.043 37.3097 -1
      vertex 118.75 37.1651 0
      vertex 119.043 37.3097 0
    endloop
  endfacet
  facet normal -0.442556 0.896741 0
    outer loop
      vertex 118.75 37.1651 0
      vertex 119.043 37.3097 -1
      vertex 118.75 37.1651 -1
    endloop
  endfacet
  facet normal 0.896435 0.443175 0
    outer loop
      vertex 122.31 35.9567 0
      vertex 122.165 36.25 -1
      vertex 122.165 36.25 0
    endloop
  endfacet
  facet normal 0.896435 0.443175 0
    outer loop
      vertex 122.165 36.25 -1
      vertex 122.31 35.9567 0
      vertex 122.31 35.9567 -1
    endloop
  endfacet
  facet normal 0.980663 0.195704 0
    outer loop
      vertex 122.479 35.3263 0
      vertex 122.415 35.647 -1
      vertex 122.415 35.647 0
    endloop
  endfacet
  facet normal 0.980663 0.195704 0
    outer loop
      vertex 122.415 35.647 -1
      vertex 122.479 35.3263 0
      vertex 122.479 35.3263 -1
    endloop
  endfacet
  facet normal 0.321081 0.947052 -0
    outer loop
      vertex 120.957 37.3097 -1
      vertex 120.647 37.4148 0
      vertex 120.957 37.3097 0
    endloop
  endfacet
  facet normal 0.321081 0.947052 0
    outer loop
      vertex 120.647 37.4148 0
      vertex 120.957 37.3097 -1
      vertex 120.647 37.4148 -1
    endloop
  endfacet
  facet normal 0.555476 0.831533 -0
    outer loop
      vertex 121.522 36.9834 -1
      vertex 121.25 37.1651 0
      vertex 121.522 36.9834 0
    endloop
  endfacet
  facet normal 0.555476 0.831533 0
    outer loop
      vertex 121.25 37.1651 0
      vertex 121.522 36.9834 -1
      vertex 121.25 37.1651 -1
    endloop
  endfacet
  facet normal -0.94705 0.321086 0
    outer loop
      vertex 117.585 35.647 -1
      vertex 117.69 35.9567 0
      vertex 117.69 35.9567 -1
    endloop
  endfacet
  facet normal -0.94705 0.321086 0
    outer loop
      vertex 117.69 35.9567 0
      vertex 117.585 35.647 -1
      vertex 117.585 35.647 0
    endloop
  endfacet
  facet normal -0.831014 0.556251 0
    outer loop
      vertex 117.835 36.25 -1
      vertex 118.017 36.5219 0
      vertex 118.017 36.5219 -1
    endloop
  endfacet
  facet normal -0.831014 0.556251 0
    outer loop
      vertex 118.017 36.5219 0
      vertex 117.835 36.25 -1
      vertex 117.835 36.25 0
    endloop
  endfacet
  facet normal -0.980663 0.195704 0
    outer loop
      vertex 117.521 35.3263 -1
      vertex 117.585 35.647 0
      vertex 117.585 35.647 -1
    endloop
  endfacet
  facet normal -0.980663 0.195704 0
    outer loop
      vertex 117.585 35.647 0
      vertex 117.521 35.3263 -1
      vertex 117.521 35.3263 0
    endloop
  endfacet
  facet normal -0.321081 0.947052 0
    outer loop
      vertex 119.353 37.4148 -1
      vertex 119.043 37.3097 0
      vertex 119.353 37.4148 0
    endloop
  endfacet
  facet normal -0.321081 0.947052 0
    outer loop
      vertex 119.043 37.3097 0
      vertex 119.353 37.4148 -1
      vertex 119.043 37.3097 -1
    endloop
  endfacet
  facet normal 0.194941 -0.980815 0
    outer loop
      vertex 120.326 32.5214 -1
      vertex 120.647 32.5852 0
      vertex 120.326 32.5214 0
    endloop
  endfacet
  facet normal 0.194941 -0.980815 0
    outer loop
      vertex 120.647 32.5852 0
      vertex 120.326 32.5214 -1
      vertex 120.647 32.5852 -1
    endloop
  endfacet
  facet normal 0.980663 -0.195704 0
    outer loop
      vertex 122.415 34.353 0
      vertex 122.479 34.6737 -1
      vertex 122.479 34.6737 0
    endloop
  endfacet
  facet normal 0.980663 -0.195704 0
    outer loop
      vertex 122.479 34.6737 -1
      vertex 122.415 34.353 0
      vertex 122.415 34.353 -1
    endloop
  endfacet
  facet normal -0.194941 -0.980815 0
    outer loop
      vertex 119.353 32.5852 -1
      vertex 119.674 32.5214 0
      vertex 119.353 32.5852 0
    endloop
  endfacet
  facet normal -0.194941 -0.980815 -0
    outer loop
      vertex 119.674 32.5214 0
      vertex 119.353 32.5852 -1
      vertex 119.674 32.5214 -1
    endloop
  endfacet
  facet normal 0.94705 0.321086 0
    outer loop
      vertex 122.415 35.647 0
      vertex 122.31 35.9567 -1
      vertex 122.31 35.9567 0
    endloop
  endfacet
  facet normal 0.94705 0.321086 0
    outer loop
      vertex 122.31 35.9567 -1
      vertex 122.415 35.647 0
      vertex 122.415 35.647 -1
    endloop
  endfacet
  facet normal 0.752823 0.658223 0
    outer loop
      vertex 121.983 36.5219 0
      vertex 121.768 36.7678 -1
      vertex 121.768 36.7678 0
    endloop
  endfacet
  facet normal 0.752823 0.658223 0
    outer loop
      vertex 121.768 36.7678 -1
      vertex 121.983 36.5219 0
      vertex 121.983 36.5219 -1
    endloop
  endfacet
  facet normal 0.831014 0.556251 0
    outer loop
      vertex 122.165 36.25 0
      vertex 121.983 36.5219 -1
      vertex 121.983 36.5219 0
    endloop
  endfacet
  facet normal 0.831014 0.556251 0
    outer loop
      vertex 121.983 36.5219 -1
      vertex 122.165 36.25 0
      vertex 122.165 36.25 -1
    endloop
  endfacet
  facet normal 0.194941 0.980815 -0
    outer loop
      vertex 120.647 37.4148 -1
      vertex 120.326 37.4786 0
      vertex 120.647 37.4148 0
    endloop
  endfacet
  facet normal 0.194941 0.980815 0
    outer loop
      vertex 120.326 37.4786 0
      vertex 120.647 37.4148 -1
      vertex 120.326 37.4786 -1
    endloop
  endfacet
  facet normal 0.0655032 0.997852 -0
    outer loop
      vertex 120.326 37.4786 -1
      vertex 120 37.5 0
      vertex 120.326 37.4786 0
    endloop
  endfacet
  facet normal 0.0655032 0.997852 0
    outer loop
      vertex 120 37.5 0
      vertex 120.326 37.4786 -1
      vertex 120 37.5 -1
    endloop
  endfacet
  facet normal 0.442556 0.896741 -0
    outer loop
      vertex 121.25 37.1651 -1
      vertex 120.957 37.3097 0
      vertex 121.25 37.1651 0
    endloop
  endfacet
  facet normal 0.442556 0.896741 0
    outer loop
      vertex 120.957 37.3097 0
      vertex 121.25 37.1651 -1
      vertex 120.957 37.3097 -1
    endloop
  endfacet
  facet normal 0 0 -1
    outer loop
      vertex 122.479 34.6737 -1
      vertex 122.479 35.3263 -1
      vertex 122.5 35 -1
    endloop
  endfacet
  facet normal 0 0 -1
    outer loop
      vertex 122.415 34.353 -1
      vertex 122.479 35.3263 -1
      vertex 122.479 34.6737 -1
    endloop
  endfacet
  facet normal 0 0 -1
    outer loop
      vertex 122.415 34.353 -1
      vertex 122.415 35.647 -1
      vertex 122.479 35.3263 -1
    endloop
  endfacet
  facet normal 0 0 -1
    outer loop
      vertex 122.31 34.0433 -1
      vertex 122.415 35.647 -1
      vertex 122.415 34.353 -1
    endloop
  endfacet
  facet normal 0 0 -1
    outer loop
      vertex 122.31 34.0433 -1
      vertex 122.31 35.9567 -1
      vertex 122.415 35.647 -1
    endloop
  endfacet
  facet normal 0 0 -1
    outer loop
      vertex 122.165 33.75 -1
      vertex 122.31 35.9567 -1
      vertex 122.31 34.0433 -1
    endloop
  endfacet
  facet normal 0 0 -1
    outer loop
      vertex 122.165 33.75 -1
      vertex 122.165 36.25 -1
      vertex 122.31 35.9567 -1
    endloop
  endfacet
  facet normal 0 0 -1
    outer loop
      vertex 121.983 33.4781 -1
      vertex 122.165 36.25 -1
      vertex 122.165 33.75 -1
    endloop
  endfacet
  facet normal 0 0 -1
    outer loop
      vertex 121.983 33.4781 -1
      vertex 121.983 36.5219 -1
      vertex 122.165 36.25 -1
    endloop
  endfacet
  facet normal 0 0 -1
    outer loop
      vertex 121.768 33.2322 -1
      vertex 121.983 36.5219 -1
      vertex 121.983 33.4781 -1
    endloop
  endfacet
  facet normal 0 0 -1
    outer loop
      vertex 121.768 33.2322 -1
      vertex 121.768 36.7678 -1
      vertex 121.983 36.5219 -1
    endloop
  endfacet
  facet normal 0 0 -1
    outer loop
      vertex 121.522 33.0166 -1
      vertex 121.768 36.7678 -1
      vertex 121.768 33.2322 -1
    endloop
  endfacet
  facet normal 0 0 -1
    outer loop
      vertex 121.522 33.0166 -1
      vertex 121.522 36.9834 -1
      vertex 121.768 36.7678 -1
    endloop
  endfacet
  facet normal 0 0 -1
    outer loop
      vertex 121.25 32.8349 -1
      vertex 121.522 36.9834 -1
      vertex 121.522 33.0166 -1
    endloop
  endfacet
  facet normal 0 0 -1
    outer loop
      vertex 121.25 32.8349 -1
      vertex 121.25 37.1651 -1
      vertex 121.522 36.9834 -1
    endloop
  endfacet
  facet normal 0 0 -1
    outer loop
      vertex 120.957 32.6903 -1
      vertex 121.25 37.1651 -1
      vertex 121.25 32.8349 -1
    endloop
  endfacet
  facet normal 0 0 -1
    outer loop
      vertex 120.957 32.6903 -1
      vertex 120.957 37.3097 -1
      vertex 121.25 37.1651 -1
    endloop
  endfacet
  facet normal 0 0 -1
    outer loop
      vertex 120.647 32.5852 -1
      vertex 120.957 37.3097 -1
      vertex 120.957 32.6903 -1
    endloop
  endfacet
  facet normal 0 0 -1
    outer loop
      vertex 120.647 32.5852 -1
      vertex 120.647 37.4148 -1
      vertex 120.957 37.3097 -1
    endloop
  endfacet
  facet normal 0 0 -1
    outer loop
      vertex 120.326 32.5214 -1
      vertex 120.647 37.4148 -1
      vertex 120.647 32.5852 -1
    endloop
  endfacet
  facet normal 0 0 -1
    outer loop
      vertex 120.326 32.5214 -1
      vertex 120.326 37.4786 -1
      vertex 120.647 37.4148 -1
    endloop
  endfacet
  facet normal 0 0 -1
    outer loop
      vertex 120 32.5 -1
      vertex 120.326 37.4786 -1
      vertex 120.326 32.5214 -1
    endloop
  endfacet
  facet normal 0 0 -1
    outer loop
      vertex 120 32.5 -1
      vertex 120 37.5 -1
      vertex 120.326 37.4786 -1
    endloop
  endfacet
  facet normal 0 0 -1
    outer loop
      vertex 119.674 32.5214 -1
      vertex 120 37.5 -1
      vertex 120 32.5 -1
    endloop
  endfacet
  facet normal 0 0 -1
    outer loop
      vertex 119.674 32.5214 -1
      vertex 119.674 37.4786 -1
      vertex 120 37.5 -1
    endloop
  endfacet
  facet normal 0 0 -1
    outer loop
      vertex 119.353 32.5852 -1
      vertex 119.674 37.4786 -1
      vertex 119.674 32.5214 -1
    endloop
  endfacet
  facet normal 0 0 -1
    outer loop
      vertex 119.353 32.5852 -1
      vertex 119.353 37.4148 -1
      vertex 119.674 37.4786 -1
    endloop
  endfacet
  facet normal 0 0 -1
    outer loop
      vertex 119.043 32.6903 -1
      vertex 119.353 37.4148 -1
      vertex 119.353 32.5852 -1
    endloop
  endfacet
  facet normal 0 0 -1
    outer loop
      vertex 119.043 32.6903 -1
      vertex 119.043 37.3097 -1
      vertex 119.353 37.4148 -1
    endloop
  endfacet
  facet normal 0 0 -1
    outer loop
      vertex 118.75 32.8349 -1
      vertex 119.043 37.3097 -1
      vertex 119.043 32.6903 -1
    endloop
  endfacet
  facet normal 0 0 -1
    outer loop
      vertex 118.75 32.8349 -1
      vertex 118.75 37.1651 -1
      vertex 119.043 37.3097 -1
    endloop
  endfacet
  facet normal 0 0 -1
    outer loop
      vertex 118.478 33.0166 -1
      vertex 118.75 37.1651 -1
      vertex 118.75 32.8349 -1
    endloop
  endfacet
  facet normal 0 0 -1
    outer loop
      vertex 118.478 33.0166 -1
      vertex 118.478 36.9834 -1
      vertex 118.75 37.1651 -1
    endloop
  endfacet
  facet normal 0 0 -1
    outer loop
      vertex 118.232 33.2322 -1
      vertex 118.478 36.9834 -1
      vertex 118.478 33.0166 -1
    endloop
  endfacet
  facet normal 0 0 -1
    outer loop
      vertex 118.232 33.2322 -1
      vertex 118.232 36.7678 -1
      vertex 118.478 36.9834 -1
    endloop
  endfacet
  facet normal 0 0 -1
    outer loop
      vertex 118.017 33.4781 -1
      vertex 118.232 36.7678 -1
      vertex 118.232 33.2322 -1
    endloop
  endfacet
  facet normal 0 0 -1
    outer loop
      vertex 118.017 33.4781 -1
      vertex 118.017 36.5219 -1
      vertex 118.232 36.7678 -1
    endloop
  endfacet
  facet normal 0 0 -1
    outer loop
      vertex 117.835 33.75 -1
      vertex 118.017 36.5219 -1
      vertex 118.017 33.4781 -1
    endloop
  endfacet
  facet normal 0 0 -1
    outer loop
      vertex 117.835 33.75 -1
      vertex 117.835 36.25 -1
      vertex 118.017 36.5219 -1
    endloop
  endfacet
  facet normal 0 0 -1
    outer loop
      vertex 117.69 34.0433 -1
      vertex 117.835 36.25 -1
      vertex 117.835 33.75 -1
    endloop
  endfacet
  facet normal 0 0 -1
    outer loop
      vertex 117.69 34.0433 -1
      vertex 117.69 35.9567 -1
      vertex 117.835 36.25 -1
    endloop
  endfacet
  facet normal 0 0 -1
    outer loop
      vertex 117.585 34.353 -1
      vertex 117.69 35.9567 -1
      vertex 117.69 34.0433 -1
    endloop
  endfacet
  facet normal 0 0 -1
    outer loop
      vertex 117.585 34.353 -1
      vertex 117.585 35.647 -1
      vertex 117.69 35.9567 -1
    endloop
  endfacet
  facet normal 0 0 -1
    outer loop
      vertex 117.521 34.6737 -1
      vertex 117.585 35.647 -1
      vertex 117.585 34.353 -1
    endloop
  endfacet
  facet normal 0 0 -1
    outer loop
      vertex 117.521 34.6737 -1
      vertex 117.521 35.3263 -1
      vertex 117.585 35.647 -1
    endloop
  endfacet
  facet normal 0 -0 -1
    outer loop
      vertex 117.521 35.3263 -1
      vertex 117.521 34.6737 -1
      vertex 117.5 35 -1
    endloop
  endfacet
  facet normal -0.896435 0.443175 0
    outer loop
      vertex 117.69 35.9567 -1
      vertex 117.835 36.25 0
      vertex 117.835 36.25 -1
    endloop
  endfacet
  facet normal -0.896435 0.443175 0
    outer loop
      vertex 117.835 36.25 0
      vertex 117.69 35.9567 -1
      vertex 117.69 35.9567 0
    endloop
  endfacet
  facet normal -0.997935 0.0642251 0
    outer loop
      vertex 117.5 35 -1
      vertex 117.521 35.3263 0
      vertex 117.521 35.3263 -1
    endloop
  endfacet
  facet normal -0.997935 0.0642251 0
    outer loop
      vertex 117.521 35.3263 0
      vertex 117.5 35 -1
      vertex 117.5 35 0
    endloop
  endfacet
  facet normal -0.555476 0.831533 0
    outer loop
      vertex 118.75 37.1651 -1
      vertex 118.478 36.9834 0
      vertex 118.75 37.1651 0
    endloop
  endfacet
  facet normal -0.555476 0.831533 0
    outer loop
      vertex 118.478 36.9834 0
      vertex 118.75 37.1651 -1
      vertex 118.478 36.9834 -1
    endloop
  endfacet
  facet normal -0.65911 0.752046 0
    outer loop
      vertex 118.478 36.9834 -1
      vertex 118.232 36.7678 0
      vertex 118.478 36.9834 0
    endloop
  endfacet
  facet normal -0.65911 0.752046 0
    outer loop
      vertex 118.232 36.7678 0
      vertex 118.478 36.9834 -1
      vertex 118.232 36.7678 -1
    endloop
  endfacet
  facet normal -0.194941 0.980815 0
    outer loop
      vertex 119.674 37.4786 -1
      vertex 119.353 37.4148 0
      vertex 119.674 37.4786 0
    endloop
  endfacet
  facet normal -0.194941 0.980815 0
    outer loop
      vertex 119.353 37.4148 0
      vertex 119.674 37.4786 -1
      vertex 119.353 37.4148 -1
    endloop
  endfacet
  facet normal 0.321081 -0.947052 0
    outer loop
      vertex 120.647 32.5852 -1
      vertex 120.957 32.6903 0
      vertex 120.647 32.5852 0
    endloop
  endfacet
  facet normal 0.321081 -0.947052 0
    outer loop
      vertex 120.957 32.6903 0
      vertex 120.647 32.5852 -1
      vertex 120.957 32.6903 -1
    endloop
  endfacet
  facet normal 0.752823 -0.658223 0
    outer loop
      vertex 121.768 33.2322 0
      vertex 121.983 33.4781 -1
      vertex 121.983 33.4781 0
    endloop
  endfacet
  facet normal 0.752823 -0.658223 0
    outer loop
      vertex 121.983 33.4781 -1
      vertex 121.768 33.2322 0
      vertex 121.768 33.2322 -1
    endloop
  endfacet
  facet normal 0.555476 -0.831533 0
    outer loop
      vertex 121.25 32.8349 -1
      vertex 121.522 33.0166 0
      vertex 121.25 32.8349 0
    endloop
  endfacet
  facet normal 0.555476 -0.831533 0
    outer loop
      vertex 121.522 33.0166 0
      vertex 121.25 32.8349 -1
      vertex 121.522 33.0166 -1
    endloop
  endfacet
  facet normal 0.831014 -0.556251 0
    outer loop
      vertex 121.983 33.4781 0
      vertex 122.165 33.75 -1
      vertex 122.165 33.75 0
    endloop
  endfacet
  facet normal 0.831014 -0.556251 0
    outer loop
      vertex 122.165 33.75 -1
      vertex 121.983 33.4781 0
      vertex 121.983 33.4781 -1
    endloop
  endfacet
  facet normal 0.94705 -0.321086 0
    outer loop
      vertex 122.31 34.0433 0
      vertex 122.415 34.353 -1
      vertex 122.415 34.353 0
    endloop
  endfacet
  facet normal 0.94705 -0.321086 0
    outer loop
      vertex 122.415 34.353 -1
      vertex 122.31 34.0433 0
      vertex 122.31 34.0433 -1
    endloop
  endfacet
  facet normal -0.555476 -0.831533 0
    outer loop
      vertex 118.478 33.0166 -1
      vertex 118.75 32.8349 0
      vertex 118.478 33.0166 0
    endloop
  endfacet
  facet normal -0.555476 -0.831533 -0
    outer loop
      vertex 118.75 32.8349 0
      vertex 118.478 33.0166 -1
      vertex 118.75 32.8349 -1
    endloop
  endfacet
  facet normal -0.321081 -0.947052 0
    outer loop
      vertex 119.043 32.6903 -1
      vertex 119.353 32.5852 0
      vertex 119.043 32.6903 0
    endloop
  endfacet
  facet normal -0.321081 -0.947052 -0
    outer loop
      vertex 119.353 32.5852 0
      vertex 119.043 32.6903 -1
      vertex 119.353 32.5852 -1
    endloop
  endfacet
  facet normal -0.0655032 -0.997852 0
    outer loop
      vertex 119.674 32.5214 -1
      vertex 120 32.5 0
      vertex 119.674 32.5214 0
    endloop
  endfacet
  facet normal -0.0655032 -0.997852 -0
    outer loop
      vertex 120 32.5 0
      vertex 119.674 32.5214 -1
      vertex 120 32.5 -1
    endloop
  endfacet
  facet normal -0.831014 -0.556251 0
    outer loop
      vertex 118.017 33.4781 -1
      vertex 117.835 33.75 0
      vertex 117.835 33.75 -1
    endloop
  endfacet
  facet normal -0.831014 -0.556251 0
    outer loop
      vertex 117.835 33.75 0
      vertex 118.017 33.4781 -1
      vertex 118.017 33.4781 0
    endloop
  endfacet
  facet normal -0.65911 -0.752046 0
    outer loop
      vertex 118.232 33.2322 -1
      vertex 118.478 33.0166 0
      vertex 118.232 33.2322 0
    endloop
  endfacet
  facet normal -0.65911 -0.752046 -0
    outer loop
      vertex 118.478 33.0166 0
      vertex 118.232 33.2322 -1
      vertex 118.478 33.0166 -1
    endloop
  endfacet
  facet normal -0.896435 -0.443175 0
    outer loop
      vertex 117.835 33.75 -1
      vertex 117.69 34.0433 0
      vertex 117.69 34.0433 -1
    endloop
  endfacet
  facet normal -0.896435 -0.443175 0
    outer loop
      vertex 117.69 34.0433 0
      vertex 117.835 33.75 -1
      vertex 117.835 33.75 0
    endloop
  endfacet
  facet normal -0.980663 -0.195704 0
    outer loop
      vertex 117.585 34.353 -1
      vertex 117.521 34.6737 0
      vertex 117.521 34.6737 -1
    endloop
  endfacet
  facet normal -0.980663 -0.195704 0
    outer loop
      vertex 117.521 34.6737 0
      vertex 117.585 34.353 -1
      vertex 117.585 34.353 0
    endloop
  endfacet
  facet normal -0.997935 -0.0642251 0
    outer loop
      vertex 117.521 34.6737 -1
      vertex 117.5 35 0
      vertex 117.5 35 -1
    endloop
  endfacet
  facet normal -0.997935 -0.0642251 0
    outer loop
      vertex 117.5 35 0
      vertex 117.521 34.6737 -1
      vertex 117.521 34.6737 0
    endloop
  endfacet
  facet normal 0.997935 -0.0642251 0
    outer loop
      vertex 122.479 34.6737 0
      vertex 122.5 35 -1
      vertex 122.5 35 0
    endloop
  endfacet
  facet normal 0.997935 -0.0642251 0
    outer loop
      vertex 122.5 35 -1
      vertex 122.479 34.6737 0
      vertex 122.479 34.6737 -1
    endloop
  endfacet
  facet normal 0.442556 -0.896741 0
    outer loop
      vertex 120.957 32.6903 -1
      vertex 121.25 32.8349 0
      vertex 120.957 32.6903 0
    endloop
  endfacet
  facet normal 0.442556 -0.896741 0
    outer loop
      vertex 121.25 32.8349 0
      vertex 120.957 32.6903 -1
      vertex 121.25 32.8349 -1
    endloop
  endfacet
  facet normal 0.65911 -0.752046 0
    outer loop
      vertex 121.522 33.0166 -1
      vertex 121.768 33.2322 0
      vertex 121.522 33.0166 0
    endloop
  endfacet
  facet normal 0.65911 -0.752046 0
    outer loop
      vertex 121.768 33.2322 0
      vertex 121.522 33.0166 -1
      vertex 121.768 33.2322 -1
    endloop
  endfacet
  facet normal 0.896435 -0.443175 0
    outer loop
      vertex 122.165 33.75 0
      vertex 122.31 34.0433 -1
      vertex 122.31 34.0433 0
    endloop
  endfacet
  facet normal 0.896435 -0.443175 0
    outer loop
      vertex 122.31 34.0433 -1
      vertex 122.165 33.75 0
      vertex 122.165 33.75 -1
    endloop
  endfacet
  facet normal -0.442556 -0.896741 0
    outer loop
      vertex 118.75 32.8349 -1
      vertex 119.043 32.6903 0
      vertex 118.75 32.8349 0
    endloop
  endfacet
  facet normal -0.442556 -0.896741 -0
    outer loop
      vertex 119.043 32.6903 0
      vertex 118.75 32.8349 -1
      vertex 119.043 32.6903 -1
    endloop
  endfacet
  facet normal 0.0655032 -0.997852 0
    outer loop
      vertex 120 32.5 -1
      vertex 120.326 32.5214 0
      vertex 120 32.5 0
    endloop
  endfacet
  facet normal 0.0655032 -0.997852 0
    outer loop
      vertex 120.326 32.5214 0
      vertex 120 32.5 -1
      vertex 120.326 32.5214 -1
    endloop
  endfacet
  facet normal -0.752823 -0.658223 0
    outer loop
      vertex 118.232 33.2322 -1
      vertex 118.017 33.4781 0
      vertex 118.017 33.4781 -1
    endloop
  endfacet
  facet normal -0.752823 -0.658223 0
    outer loop
      vertex 118.017 33.4781 0
      vertex 118.232 33.2322 -1
      vertex 118.232 33.2322 0
    endloop
  endfacet
  facet normal -0.94705 -0.321086 0
    outer loop
      vertex 117.69 34.0433 -1
      vertex 117.585 34.353 0
      vertex 117.585 34.353 -1
    endloop
  endfacet
  facet normal -0.94705 -0.321086 0
    outer loop
      vertex 117.585 34.353 0
      vertex 117.69 34.0433 -1
      vertex 117.69 34.0433 0
    endloop
  endfacet
  facet normal 0.997935 0.0642251 0
    outer loop
      vertex 138.5 35 0
      vertex 138.479 35.3263 -1
      vertex 138.479 35.3263 0
    endloop
  endfacet
  facet normal 0.997935 0.0642251 0
    outer loop
      vertex 138.479 35.3263 -1
      vertex 138.5 35 0
      vertex 138.5 35 -1
    endloop
  endfacet
  facet normal -0.0655032 0.997852 0
    outer loop
      vertex 136 37.5 -1
      vertex 135.674 37.4786 0
      vertex 136 37.5 0
    endloop
  endfacet
  facet normal -0.0655032 0.997852 0
    outer loop
      vertex 135.674 37.4786 0
      vertex 136 37.5 -1
      vertex 135.674 37.4786 -1
    endloop
  endfacet
  facet normal 0.0655032 -0.997852 0
    outer loop
      vertex 136 32.5 -1
      vertex 136.326 32.5214 0
      vertex 136 32.5 0
    endloop
  endfacet
  facet normal 0.0655032 -0.997852 0
    outer loop
      vertex 136.326 32.5214 0
      vertex 136 32.5 -1
      vertex 136.326 32.5214 -1
    endloop
  endfacet
  facet normal 0.65911 0.752046 -0
    outer loop
      vertex 137.768 36.7678 -1
      vertex 137.522 36.9834 0
      vertex 137.768 36.7678 0
    endloop
  endfacet
  facet normal 0.65911 0.752046 0
    outer loop
      vertex 137.522 36.9834 0
      vertex 137.768 36.7678 -1
      vertex 137.522 36.9834 -1
    endloop
  endfacet
  facet normal -0.752823 0.658223 0
    outer loop
      vertex 134.017 36.5219 -1
      vertex 134.232 36.7678 0
      vertex 134.232 36.7678 -1
    endloop
  endfacet
  facet normal -0.752823 0.658223 0
    outer loop
      vertex 134.232 36.7678 0
      vertex 134.017 36.5219 -1
      vertex 134.017 36.5219 0
    endloop
  endfacet
  facet normal -0.442556 0.896741 0
    outer loop
      vertex 135.043 37.3097 -1
      vertex 134.75 37.1651 0
      vertex 135.043 37.3097 0
    endloop
  endfacet
  facet normal -0.442556 0.896741 0
    outer loop
      vertex 134.75 37.1651 0
      vertex 135.043 37.3097 -1
      vertex 134.75 37.1651 -1
    endloop
  endfacet
  facet normal 0.896435 0.443175 0
    outer loop
      vertex 138.31 35.9567 0
      vertex 138.165 36.25 -1
      vertex 138.165 36.25 0
    endloop
  endfacet
  facet normal 0.896435 0.443175 0
    outer loop
      vertex 138.165 36.25 -1
      vertex 138.31 35.9567 0
      vertex 138.31 35.9567 -1
    endloop
  endfacet
  facet normal 0.980663 0.195704 0
    outer loop
      vertex 138.479 35.3263 0
      vertex 138.415 35.647 -1
      vertex 138.415 35.647 0
    endloop
  endfacet
  facet normal 0.980663 0.195704 0
    outer loop
      vertex 138.415 35.647 -1
      vertex 138.479 35.3263 0
      vertex 138.479 35.3263 -1
    endloop
  endfacet
  facet normal 0.321081 0.947052 -0
    outer loop
      vertex 136.957 37.3097 -1
      vertex 136.647 37.4148 0
      vertex 136.957 37.3097 0
    endloop
  endfacet
  facet normal 0.321081 0.947052 0
    outer loop
      vertex 136.647 37.4148 0
      vertex 136.957 37.3097 -1
      vertex 136.647 37.4148 -1
    endloop
  endfacet
  facet normal 0.555476 0.831533 -0
    outer loop
      vertex 137.522 36.9834 -1
      vertex 137.25 37.1651 0
      vertex 137.522 36.9834 0
    endloop
  endfacet
  facet normal 0.555476 0.831533 0
    outer loop
      vertex 137.25 37.1651 0
      vertex 137.522 36.9834 -1
      vertex 137.25 37.1651 -1
    endloop
  endfacet
  facet normal -0.896435 0.443175 0
    outer loop
      vertex 133.69 35.9567 -1
      vertex 133.835 36.25 0
      vertex 133.835 36.25 -1
    endloop
  endfacet
  facet normal -0.896435 0.443175 0
    outer loop
      vertex 133.835 36.25 0
      vertex 133.69 35.9567 -1
      vertex 133.69 35.9567 0
    endloop
  endfacet
  facet normal -0.831014 0.556251 0
    outer loop
      vertex 133.835 36.25 -1
      vertex 134.017 36.5219 0
      vertex 134.017 36.5219 -1
    endloop
  endfacet
  facet normal -0.831014 0.556251 0
    outer loop
      vertex 134.017 36.5219 0
      vertex 133.835 36.25 -1
      vertex 133.835 36.25 0
    endloop
  endfacet
  facet normal -0.980663 0.195704 0
    outer loop
      vertex 133.521 35.3263 -1
      vertex 133.585 35.647 0
      vertex 133.585 35.647 -1
    endloop
  endfacet
  facet normal -0.980663 0.195704 0
    outer loop
      vertex 133.585 35.647 0
      vertex 133.521 35.3263 -1
      vertex 133.521 35.3263 0
    endloop
  endfacet
  facet normal -0.65911 0.752046 0
    outer loop
      vertex 134.478 36.9834 -1
      vertex 134.232 36.7678 0
      vertex 134.478 36.9834 0
    endloop
  endfacet
  facet normal -0.65911 0.752046 0
    outer loop
      vertex 134.232 36.7678 0
      vertex 134.478 36.9834 -1
      vertex 134.232 36.7678 -1
    endloop
  endfacet
  facet normal -0.321081 0.947052 0
    outer loop
      vertex 135.353 37.4148 -1
      vertex 135.043 37.3097 0
      vertex 135.353 37.4148 0
    endloop
  endfacet
  facet normal -0.321081 0.947052 0
    outer loop
      vertex 135.043 37.3097 0
      vertex 135.353 37.4148 -1
      vertex 135.043 37.3097 -1
    endloop
  endfacet
  facet normal 0.321081 -0.947052 0
    outer loop
      vertex 136.647 32.5852 -1
      vertex 136.957 32.6903 0
      vertex 136.647 32.5852 0
    endloop
  endfacet
  facet normal 0.321081 -0.947052 0
    outer loop
      vertex 136.957 32.6903 0
      vertex 136.647 32.5852 -1
      vertex 136.957 32.6903 -1
    endloop
  endfacet
  facet normal 0.194941 -0.980815 0
    outer loop
      vertex 136.326 32.5214 -1
      vertex 136.647 32.5852 0
      vertex 136.326 32.5214 0
    endloop
  endfacet
  facet normal 0.194941 -0.980815 0
    outer loop
      vertex 136.647 32.5852 0
      vertex 136.326 32.5214 -1
      vertex 136.647 32.5852 -1
    endloop
  endfacet
  facet normal 0.980663 -0.195704 0
    outer loop
      vertex 138.415 34.353 0
      vertex 138.479 34.6737 -1
      vertex 138.479 34.6737 0
    endloop
  endfacet
  facet normal 0.980663 -0.195704 0
    outer loop
      vertex 138.479 34.6737 -1
      vertex 138.415 34.353 0
      vertex 138.415 34.353 -1
    endloop
  endfacet
  facet normal -0.321081 -0.947052 0
    outer loop
      vertex 135.043 32.6903 -1
      vertex 135.353 32.5852 0
      vertex 135.043 32.6903 0
    endloop
  endfacet
  facet normal -0.321081 -0.947052 -0
    outer loop
      vertex 135.353 32.5852 0
      vertex 135.043 32.6903 -1
      vertex 135.353 32.5852 -1
    endloop
  endfacet
  facet normal -0.194941 -0.980815 0
    outer loop
      vertex 135.353 32.5852 -1
      vertex 135.674 32.5214 0
      vertex 135.353 32.5852 0
    endloop
  endfacet
  facet normal -0.194941 -0.980815 -0
    outer loop
      vertex 135.674 32.5214 0
      vertex 135.353 32.5852 -1
      vertex 135.674 32.5214 -1
    endloop
  endfacet
  facet normal -0.65911 -0.752046 0
    outer loop
      vertex 134.232 33.2322 -1
      vertex 134.478 33.0166 0
      vertex 134.232 33.2322 0
    endloop
  endfacet
  facet normal -0.65911 -0.752046 -0
    outer loop
      vertex 134.478 33.0166 0
      vertex 134.232 33.2322 -1
      vertex 134.478 33.0166 -1
    endloop
  endfacet
  facet normal 0.94705 0.321086 0
    outer loop
      vertex 138.415 35.647 0
      vertex 138.31 35.9567 -1
      vertex 138.31 35.9567 0
    endloop
  endfacet
  facet normal 0.94705 0.321086 0
    outer loop
      vertex 138.31 35.9567 -1
      vertex 138.415 35.647 0
      vertex 138.415 35.647 -1
    endloop
  endfacet
  facet normal 0.752823 0.658223 0
    outer loop
      vertex 137.983 36.5219 0
      vertex 137.768 36.7678 -1
      vertex 137.768 36.7678 0
    endloop
  endfacet
  facet normal 0.752823 0.658223 0
    outer loop
      vertex 137.768 36.7678 -1
      vertex 137.983 36.5219 0
      vertex 137.983 36.5219 -1
    endloop
  endfacet
  facet normal 0.831014 0.556251 0
    outer loop
      vertex 138.165 36.25 0
      vertex 137.983 36.5219 -1
      vertex 137.983 36.5219 0
    endloop
  endfacet
  facet normal 0.831014 0.556251 0
    outer loop
      vertex 137.983 36.5219 -1
      vertex 138.165 36.25 0
      vertex 138.165 36.25 -1
    endloop
  endfacet
  facet normal 0.0655032 0.997852 -0
    outer loop
      vertex 136.326 37.4786 -1
      vertex 136 37.5 0
      vertex 136.326 37.4786 0
    endloop
  endfacet
  facet normal 0.0655032 0.997852 0
    outer loop
      vertex 136 37.5 0
      vertex 136.326 37.4786 -1
      vertex 136 37.5 -1
    endloop
  endfacet
  facet normal 0.442556 0.896741 -0
    outer loop
      vertex 137.25 37.1651 -1
      vertex 136.957 37.3097 0
      vertex 137.25 37.1651 0
    endloop
  endfacet
  facet normal 0.442556 0.896741 0
    outer loop
      vertex 136.957 37.3097 0
      vertex 137.25 37.1651 -1
      vertex 136.957 37.3097 -1
    endloop
  endfacet
  facet normal 0 0 -1
    outer loop
      vertex 138.479 34.6737 -1
      vertex 138.479 35.3263 -1
      vertex 138.5 35 -1
    endloop
  endfacet
  facet normal 0 0 -1
    outer loop
      vertex 138.415 34.353 -1
      vertex 138.479 35.3263 -1
      vertex 138.479 34.6737 -1
    endloop
  endfacet
  facet normal 0 0 -1
    outer loop
      vertex 138.415 34.353 -1
      vertex 138.415 35.647 -1
      vertex 138.479 35.3263 -1
    endloop
  endfacet
  facet normal 0 0 -1
    outer loop
      vertex 138.31 34.0433 -1
      vertex 138.415 35.647 -1
      vertex 138.415 34.353 -1
    endloop
  endfacet
  facet normal 0 0 -1
    outer loop
      vertex 138.31 34.0433 -1
      vertex 138.31 35.9567 -1
      vertex 138.415 35.647 -1
    endloop
  endfacet
  facet normal 0 0 -1
    outer loop
      vertex 138.165 33.75 -1
      vertex 138.31 35.9567 -1
      vertex 138.31 34.0433 -1
    endloop
  endfacet
  facet normal 0 0 -1
    outer loop
      vertex 138.165 33.75 -1
      vertex 138.165 36.25 -1
      vertex 138.31 35.9567 -1
    endloop
  endfacet
  facet normal 0 0 -1
    outer loop
      vertex 137.983 33.4781 -1
      vertex 138.165 36.25 -1
      vertex 138.165 33.75 -1
    endloop
  endfacet
  facet normal 0 0 -1
    outer loop
      vertex 137.983 33.4781 -1
      vertex 137.983 36.5219 -1
      vertex 138.165 36.25 -1
    endloop
  endfacet
  facet normal 0 0 -1
    outer loop
      vertex 137.768 33.2322 -1
      vertex 137.983 36.5219 -1
      vertex 137.983 33.4781 -1
    endloop
  endfacet
  facet normal 0 0 -1
    outer loop
      vertex 137.768 33.2322 -1
      vertex 137.768 36.7678 -1
      vertex 137.983 36.5219 -1
    endloop
  endfacet
  facet normal 0 0 -1
    outer loop
      vertex 137.522 33.0166 -1
      vertex 137.768 36.7678 -1
      vertex 137.768 33.2322 -1
    endloop
  endfacet
  facet normal 0 0 -1
    outer loop
      vertex 137.522 33.0166 -1
      vertex 137.522 36.9834 -1
      vertex 137.768 36.7678 -1
    endloop
  endfacet
  facet normal 0 0 -1
    outer loop
      vertex 137.25 32.8349 -1
      vertex 137.522 36.9834 -1
      vertex 137.522 33.0166 -1
    endloop
  endfacet
  facet normal 0 0 -1
    outer loop
      vertex 137.25 32.8349 -1
      vertex 137.25 37.1651 -1
      vertex 137.522 36.9834 -1
    endloop
  endfacet
  facet normal 0 0 -1
    outer loop
      vertex 136.957 32.6903 -1
      vertex 137.25 37.1651 -1
      vertex 137.25 32.8349 -1
    endloop
  endfacet
  facet normal 0 0 -1
    outer loop
      vertex 136.957 32.6903 -1
      vertex 136.957 37.3097 -1
      vertex 137.25 37.1651 -1
    endloop
  endfacet
  facet normal 0 0 -1
    outer loop
      vertex 136.647 32.5852 -1
      vertex 136.957 37.3097 -1
      vertex 136.957 32.6903 -1
    endloop
  endfacet
  facet normal 0 0 -1
    outer loop
      vertex 136.647 32.5852 -1
      vertex 136.647 37.4148 -1
      vertex 136.957 37.3097 -1
    endloop
  endfacet
  facet normal 0 0 -1
    outer loop
      vertex 136.326 32.5214 -1
      vertex 136.647 37.4148 -1
      vertex 136.647 32.5852 -1
    endloop
  endfacet
  facet normal 0 0 -1
    outer loop
      vertex 136.326 32.5214 -1
      vertex 136.326 37.4786 -1
      vertex 136.647 37.4148 -1
    endloop
  endfacet
  facet normal 0 0 -1
    outer loop
      vertex 136 32.5 -1
      vertex 136.326 37.4786 -1
      vertex 136.326 32.5214 -1
    endloop
  endfacet
  facet normal 0 0 -1
    outer loop
      vertex 136 32.5 -1
      vertex 136 37.5 -1
      vertex 136.326 37.4786 -1
    endloop
  endfacet
  facet normal 0 0 -1
    outer loop
      vertex 135.674 32.5214 -1
      vertex 136 37.5 -1
      vertex 136 32.5 -1
    endloop
  endfacet
  facet normal 0 0 -1
    outer loop
      vertex 135.674 32.5214 -1
      vertex 135.674 37.4786 -1
      vertex 136 37.5 -1
    endloop
  endfacet
  facet normal 0 0 -1
    outer loop
      vertex 135.353 32.5852 -1
      vertex 135.674 37.4786 -1
      vertex 135.674 32.5214 -1
    endloop
  endfacet
  facet normal 0 0 -1
    outer loop
      vertex 135.353 32.5852 -1
      vertex 135.353 37.4148 -1
      vertex 135.674 37.4786 -1
    endloop
  endfacet
  facet normal 0 0 -1
    outer loop
      vertex 135.043 32.6903 -1
      vertex 135.353 37.4148 -1
      vertex 135.353 32.5852 -1
    endloop
  endfacet
  facet normal 0 0 -1
    outer loop
      vertex 135.043 32.6903 -1
      vertex 135.043 37.3097 -1
      vertex 135.353 37.4148 -1
    endloop
  endfacet
  facet normal 0 0 -1
    outer loop
      vertex 134.75 32.8349 -1
      vertex 135.043 37.3097 -1
      vertex 135.043 32.6903 -1
    endloop
  endfacet
  facet normal 0 0 -1
    outer loop
      vertex 134.75 32.8349 -1
      vertex 134.75 37.1651 -1
      vertex 135.043 37.3097 -1
    endloop
  endfacet
  facet normal 0 0 -1
    outer loop
      vertex 134.478 33.0166 -1
      vertex 134.75 37.1651 -1
      vertex 134.75 32.8349 -1
    endloop
  endfacet
  facet normal 0 0 -1
    outer loop
      vertex 134.478 33.0166 -1
      vertex 134.478 36.9834 -1
      vertex 134.75 37.1651 -1
    endloop
  endfacet
  facet normal 0 0 -1
    outer loop
      vertex 134.232 33.2322 -1
      vertex 134.478 36.9834 -1
      vertex 134.478 33.0166 -1
    endloop
  endfacet
  facet normal 0 0 -1
    outer loop
      vertex 134.232 33.2322 -1
      vertex 134.232 36.7678 -1
      vertex 134.478 36.9834 -1
    endloop
  endfacet
  facet normal 0 0 -1
    outer loop
      vertex 134.017 33.4781 -1
      vertex 134.232 36.7678 -1
      vertex 134.232 33.2322 -1
    endloop
  endfacet
  facet normal 0 0 -1
    outer loop
      vertex 134.017 33.4781 -1
      vertex 134.017 36.5219 -1
      vertex 134.232 36.7678 -1
    endloop
  endfacet
  facet normal 0 0 -1
    outer loop
      vertex 133.835 33.75 -1
      vertex 134.017 36.5219 -1
      vertex 134.017 33.4781 -1
    endloop
  endfacet
  facet normal 0 0 -1
    outer loop
      vertex 133.835 33.75 -1
      vertex 133.835 36.25 -1
      vertex 134.017 36.5219 -1
    endloop
  endfacet
  facet normal 0 0 -1
    outer loop
      vertex 133.69 34.0433 -1
      vertex 133.835 36.25 -1
      vertex 133.835 33.75 -1
    endloop
  endfacet
  facet normal 0 0 -1
    outer loop
      vertex 133.69 34.0433 -1
      vertex 133.69 35.9567 -1
      vertex 133.835 36.25 -1
    endloop
  endfacet
  facet normal 0 0 -1
    outer loop
      vertex 133.585 34.353 -1
      vertex 133.69 35.9567 -1
      vertex 133.69 34.0433 -1
    endloop
  endfacet
  facet normal 0 0 -1
    outer loop
      vertex 133.585 34.353 -1
      vertex 133.585 35.647 -1
      vertex 133.69 35.9567 -1
    endloop
  endfacet
  facet normal 0 0 -1
    outer loop
      vertex 133.521 34.6737 -1
      vertex 133.585 35.647 -1
      vertex 133.585 34.353 -1
    endloop
  endfacet
  facet normal 0 0 -1
    outer loop
      vertex 133.521 34.6737 -1
      vertex 133.521 35.3263 -1
      vertex 133.585 35.647 -1
    endloop
  endfacet
  facet normal 0 -0 -1
    outer loop
      vertex 133.521 35.3263 -1
      vertex 133.521 34.6737 -1
      vertex 133.5 35 -1
    endloop
  endfacet
  facet normal -0.94705 0.321086 0
    outer loop
      vertex 133.585 35.647 -1
      vertex 133.69 35.9567 0
      vertex 133.69 35.9567 -1
    endloop
  endfacet
  facet normal -0.94705 0.321086 0
    outer loop
      vertex 133.69 35.9567 0
      vertex 133.585 35.647 -1
      vertex 133.585 35.647 0
    endloop
  endfacet
  facet normal -0.997935 0.0642251 0
    outer loop
      vertex 133.5 35 -1
      vertex 133.521 35.3263 0
      vertex 133.521 35.3263 -1
    endloop
  endfacet
  facet normal -0.997935 0.0642251 0
    outer loop
      vertex 133.521 35.3263 0
      vertex 133.5 35 -1
      vertex 133.5 35 0
    endloop
  endfacet
  facet normal -0.194941 0.980815 0
    outer loop
      vertex 135.674 37.4786 -1
      vertex 135.353 37.4148 0
      vertex 135.674 37.4786 0
    endloop
  endfacet
  facet normal -0.194941 0.980815 0
    outer loop
      vertex 135.353 37.4148 0
      vertex 135.674 37.4786 -1
      vertex 135.353 37.4148 -1
    endloop
  endfacet
  facet normal 0.997935 -0.0642251 0
    outer loop
      vertex 138.479 34.6737 0
      vertex 138.5 35 -1
      vertex 138.5 35 0
    endloop
  endfacet
  facet normal 0.997935 -0.0642251 0
    outer loop
      vertex 138.5 35 -1
      vertex 138.479 34.6737 0
      vertex 138.479 34.6737 -1
    endloop
  endfacet
  facet normal 0.555476 -0.831533 0
    outer loop
      vertex 137.25 32.8349 -1
      vertex 137.522 33.0166 0
      vertex 137.25 32.8349 0
    endloop
  endfacet
  facet normal 0.555476 -0.831533 0
    outer loop
      vertex 137.522 33.0166 0
      vertex 137.25 32.8349 -1
      vertex 137.522 33.0166 -1
    endloop
  endfacet
  facet normal 0.752823 -0.658223 0
    outer loop
      vertex 137.768 33.2322 0
      vertex 137.983 33.4781 -1
      vertex 137.983 33.4781 0
    endloop
  endfacet
  facet normal 0.752823 -0.658223 0
    outer loop
      vertex 137.983 33.4781 -1
      vertex 137.768 33.2322 0
      vertex 137.768 33.2322 -1
    endloop
  endfacet
  facet normal 0.65911 -0.752046 0
    outer loop
      vertex 137.522 33.0166 -1
      vertex 137.768 33.2322 0
      vertex 137.522 33.0166 0
    endloop
  endfacet
  facet normal 0.65911 -0.752046 0
    outer loop
      vertex 137.768 33.2322 0
      vertex 137.522 33.0166 -1
      vertex 137.768 33.2322 -1
    endloop
  endfacet
  facet normal 0.94705 -0.321086 0
    outer loop
      vertex 138.31 34.0433 0
      vertex 138.415 34.353 -1
      vertex 138.415 34.353 0
    endloop
  endfacet
  facet normal 0.94705 -0.321086 0
    outer loop
      vertex 138.415 34.353 -1
      vertex 138.31 34.0433 0
      vertex 138.31 34.0433 -1
    endloop
  endfacet
  facet normal 0.831014 -0.556251 0
    outer loop
      vertex 137.983 33.4781 0
      vertex 138.165 33.75 -1
      vertex 138.165 33.75 0
    endloop
  endfacet
  facet normal 0.831014 -0.556251 0
    outer loop
      vertex 138.165 33.75 -1
      vertex 137.983 33.4781 0
      vertex 137.983 33.4781 -1
    endloop
  endfacet
  facet normal 0.896435 -0.443175 0
    outer loop
      vertex 138.165 33.75 0
      vertex 138.31 34.0433 -1
      vertex 138.31 34.0433 0
    endloop
  endfacet
  facet normal 0.896435 -0.443175 0
    outer loop
      vertex 138.31 34.0433 -1
      vertex 138.165 33.75 0
      vertex 138.165 33.75 -1
    endloop
  endfacet
  facet normal -0.555476 -0.831533 0
    outer loop
      vertex 134.478 33.0166 -1
      vertex 134.75 32.8349 0
      vertex 134.478 33.0166 0
    endloop
  endfacet
  facet normal -0.555476 -0.831533 -0
    outer loop
      vertex 134.75 32.8349 0
      vertex 134.478 33.0166 -1
      vertex 134.75 32.8349 -1
    endloop
  endfacet
  facet normal -0.442556 -0.896741 0
    outer loop
      vertex 134.75 32.8349 -1
      vertex 135.043 32.6903 0
      vertex 134.75 32.8349 0
    endloop
  endfacet
  facet normal -0.442556 -0.896741 -0
    outer loop
      vertex 135.043 32.6903 0
      vertex 134.75 32.8349 -1
      vertex 135.043 32.6903 -1
    endloop
  endfacet
  facet normal -0.0655032 -0.997852 0
    outer loop
      vertex 135.674 32.5214 -1
      vertex 136 32.5 0
      vertex 135.674 32.5214 0
    endloop
  endfacet
  facet normal -0.0655032 -0.997852 -0
    outer loop
      vertex 136 32.5 0
      vertex 135.674 32.5214 -1
      vertex 136 32.5 -1
    endloop
  endfacet
  facet normal -0.831014 -0.556251 0
    outer loop
      vertex 134.017 33.4781 -1
      vertex 133.835 33.75 0
      vertex 133.835 33.75 -1
    endloop
  endfacet
  facet normal -0.831014 -0.556251 0
    outer loop
      vertex 133.835 33.75 0
      vertex 134.017 33.4781 -1
      vertex 134.017 33.4781 0
    endloop
  endfacet
  facet normal -0.896435 -0.443175 0
    outer loop
      vertex 133.835 33.75 -1
      vertex 133.69 34.0433 0
      vertex 133.69 34.0433 -1
    endloop
  endfacet
  facet normal -0.896435 -0.443175 0
    outer loop
      vertex 133.69 34.0433 0
      vertex 133.835 33.75 -1
      vertex 133.835 33.75 0
    endloop
  endfacet
  facet normal -0.980663 -0.195704 0
    outer loop
      vertex 133.585 34.353 -1
      vertex 133.521 34.6737 0
      vertex 133.521 34.6737 -1
    endloop
  endfacet
  facet normal -0.980663 -0.195704 0
    outer loop
      vertex 133.521 34.6737 0
      vertex 133.585 34.353 -1
      vertex 133.585 34.353 0
    endloop
  endfacet
  facet normal 0.194941 0.980815 -0
    outer loop
      vertex 136.647 37.4148 -1
      vertex 136.326 37.4786 0
      vertex 136.647 37.4148 0
    endloop
  endfacet
  facet normal 0.194941 0.980815 0
    outer loop
      vertex 136.326 37.4786 0
      vertex 136.647 37.4148 -1
      vertex 136.326 37.4786 -1
    endloop
  endfacet
  facet normal -0.997935 -0.0642251 0
    outer loop
      vertex 133.521 34.6737 -1
      vertex 133.5 35 0
      vertex 133.5 35 -1
    endloop
  endfacet
  facet normal -0.997935 -0.0642251 0
    outer loop
      vertex 133.5 35 0
      vertex 133.521 34.6737 -1
      vertex 133.521 34.6737 0
    endloop
  endfacet
  facet normal -0.555476 0.831533 0
    outer loop
      vertex 134.75 37.1651 -1
      vertex 134.478 36.9834 0
      vertex 134.75 37.1651 0
    endloop
  endfacet
  facet normal -0.555476 0.831533 0
    outer loop
      vertex 134.478 36.9834 0
      vertex 134.75 37.1651 -1
      vertex 134.478 36.9834 -1
    endloop
  endfacet
  facet normal 0.442556 -0.896741 0
    outer loop
      vertex 136.957 32.6903 -1
      vertex 137.25 32.8349 0
      vertex 136.957 32.6903 0
    endloop
  endfacet
  facet normal 0.442556 -0.896741 0
    outer loop
      vertex 137.25 32.8349 0
      vertex 136.957 32.6903 -1
      vertex 137.25 32.8349 -1
    endloop
  endfacet
  facet normal -0.752823 -0.658223 0
    outer loop
      vertex 134.232 33.2322 -1
      vertex 134.017 33.4781 0
      vertex 134.017 33.4781 -1
    endloop
  endfacet
  facet normal -0.752823 -0.658223 0
    outer loop
      vertex 134.017 33.4781 0
      vertex 134.232 33.2322 -1
      vertex 134.232 33.2322 0
    endloop
  endfacet
  facet normal -0.94705 -0.321086 0
    outer loop
      vertex 133.69 34.0433 -1
      vertex 133.585 34.353 0
      vertex 133.585 34.353 -1
    endloop
  endfacet
  facet normal -0.94705 -0.321086 0
    outer loop
      vertex 133.585 34.353 0
      vertex 133.69 34.0433 -1
      vertex 133.69 34.0433 0
    endloop
  endfacet
  facet normal 0.997935 0.0642251 0
    outer loop
      vertex 154.5 35 0
      vertex 154.479 35.3263 -1
      vertex 154.479 35.3263 0
    endloop
  endfacet
  facet normal 0.997935 0.0642251 0
    outer loop
      vertex 154.479 35.3263 -1
      vertex 154.5 35 0
      vertex 154.5 35 -1
    endloop
  endfacet
  facet normal -0.0655032 0.997852 0
    outer loop
      vertex 152 37.5 -1
      vertex 151.674 37.4786 0
      vertex 152 37.5 0
    endloop
  endfacet
  facet normal -0.0655032 0.997852 0
    outer loop
      vertex 151.674 37.4786 0
      vertex 152 37.5 -1
      vertex 151.674 37.4786 -1
    endloop
  endfacet
  facet normal 0.0655032 -0.997852 0
    outer loop
      vertex 152 32.5 -1
      vertex 152.326 32.5214 0
      vertex 152 32.5 0
    endloop
  endfacet
  facet normal 0.0655032 -0.997852 0
    outer loop
      vertex 152.326 32.5214 0
      vertex 152 32.5 -1
      vertex 152.326 32.5214 -1
    endloop
  endfacet
  facet normal 0.65911 0.752046 -0
    outer loop
      vertex 153.768 36.7678 -1
      vertex 153.522 36.9834 0
      vertex 153.768 36.7678 0
    endloop
  endfacet
  facet normal 0.65911 0.752046 0
    outer loop
      vertex 153.522 36.9834 0
      vertex 153.768 36.7678 -1
      vertex 153.522 36.9834 -1
    endloop
  endfacet
  facet normal -0.752823 0.658223 0
    outer loop
      vertex 150.017 36.5219 -1
      vertex 150.232 36.7678 0
      vertex 150.232 36.7678 -1
    endloop
  endfacet
  facet normal -0.752823 0.658223 0
    outer loop
      vertex 150.232 36.7678 0
      vertex 150.017 36.5219 -1
      vertex 150.017 36.5219 0
    endloop
  endfacet
  facet normal -0.442556 0.896741 0
    outer loop
      vertex 151.043 37.3097 -1
      vertex 150.75 37.1651 0
      vertex 151.043 37.3097 0
    endloop
  endfacet
  facet normal -0.442556 0.896741 0
    outer loop
      vertex 150.75 37.1651 0
      vertex 151.043 37.3097 -1
      vertex 150.75 37.1651 -1
    endloop
  endfacet
  facet normal 0.896435 0.443175 0
    outer loop
      vertex 154.31 35.9567 0
      vertex 154.165 36.25 -1
      vertex 154.165 36.25 0
    endloop
  endfacet
  facet normal 0.896435 0.443175 0
    outer loop
      vertex 154.165 36.25 -1
      vertex 154.31 35.9567 0
      vertex 154.31 35.9567 -1
    endloop
  endfacet
  facet normal 0.980663 0.195704 0
    outer loop
      vertex 154.479 35.3263 0
      vertex 154.415 35.647 -1
      vertex 154.415 35.647 0
    endloop
  endfacet
  facet normal 0.980663 0.195704 0
    outer loop
      vertex 154.415 35.647 -1
      vertex 154.479 35.3263 0
      vertex 154.479 35.3263 -1
    endloop
  endfacet
  facet normal 0.321081 0.947052 -0
    outer loop
      vertex 152.957 37.3097 -1
      vertex 152.647 37.4148 0
      vertex 152.957 37.3097 0
    endloop
  endfacet
  facet normal 0.321081 0.947052 0
    outer loop
      vertex 152.647 37.4148 0
      vertex 152.957 37.3097 -1
      vertex 152.647 37.4148 -1
    endloop
  endfacet
  facet normal 0.555476 0.831533 -0
    outer loop
      vertex 153.522 36.9834 -1
      vertex 153.25 37.1651 0
      vertex 153.522 36.9834 0
    endloop
  endfacet
  facet normal 0.555476 0.831533 0
    outer loop
      vertex 153.25 37.1651 0
      vertex 153.522 36.9834 -1
      vertex 153.25 37.1651 -1
    endloop
  endfacet
  facet normal -0.896435 0.443175 0
    outer loop
      vertex 149.69 35.9567 -1
      vertex 149.835 36.25 0
      vertex 149.835 36.25 -1
    endloop
  endfacet
  facet normal -0.896435 0.443175 0
    outer loop
      vertex 149.835 36.25 0
      vertex 149.69 35.9567 -1
      vertex 149.69 35.9567 0
    endloop
  endfacet
  facet normal -0.831014 0.556251 0
    outer loop
      vertex 149.835 36.25 -1
      vertex 150.017 36.5219 0
      vertex 150.017 36.5219 -1
    endloop
  endfacet
  facet normal -0.831014 0.556251 0
    outer loop
      vertex 150.017 36.5219 0
      vertex 149.835 36.25 -1
      vertex 149.835 36.25 0
    endloop
  endfacet
  facet normal -0.980663 0.195704 0
    outer loop
      vertex 149.521 35.3263 -1
      vertex 149.585 35.647 0
      vertex 149.585 35.647 -1
    endloop
  endfacet
  facet normal -0.980663 0.195704 0
    outer loop
      vertex 149.585 35.647 0
      vertex 149.521 35.3263 -1
      vertex 149.521 35.3263 0
    endloop
  endfacet
  facet normal -0.65911 0.752046 0
    outer loop
      vertex 150.478 36.9834 -1
      vertex 150.232 36.7678 0
      vertex 150.478 36.9834 0
    endloop
  endfacet
  facet normal -0.65911 0.752046 0
    outer loop
      vertex 150.232 36.7678 0
      vertex 150.478 36.9834 -1
      vertex 150.232 36.7678 -1
    endloop
  endfacet
  facet normal -0.321081 0.947052 0
    outer loop
      vertex 151.353 37.4148 -1
      vertex 151.043 37.3097 0
      vertex 151.353 37.4148 0
    endloop
  endfacet
  facet normal -0.321081 0.947052 0
    outer loop
      vertex 151.043 37.3097 0
      vertex 151.353 37.4148 -1
      vertex 151.043 37.3097 -1
    endloop
  endfacet
  facet normal 0.321081 -0.947052 0
    outer loop
      vertex 152.647 32.5852 -1
      vertex 152.957 32.6903 0
      vertex 152.647 32.5852 0
    endloop
  endfacet
  facet normal 0.321081 -0.947052 0
    outer loop
      vertex 152.957 32.6903 0
      vertex 152.647 32.5852 -1
      vertex 152.957 32.6903 -1
    endloop
  endfacet
  facet normal 0.194941 -0.980815 0
    outer loop
      vertex 152.326 32.5214 -1
      vertex 152.647 32.5852 0
      vertex 152.326 32.5214 0
    endloop
  endfacet
  facet normal 0.194941 -0.980815 0
    outer loop
      vertex 152.647 32.5852 0
      vertex 152.326 32.5214 -1
      vertex 152.647 32.5852 -1
    endloop
  endfacet
  facet normal 0.980663 -0.195704 0
    outer loop
      vertex 154.415 34.353 0
      vertex 154.479 34.6737 -1
      vertex 154.479 34.6737 0
    endloop
  endfacet
  facet normal 0.980663 -0.195704 0
    outer loop
      vertex 154.479 34.6737 -1
      vertex 154.415 34.353 0
      vertex 154.415 34.353 -1
    endloop
  endfacet
  facet normal -0.321081 -0.947052 0
    outer loop
      vertex 151.043 32.6903 -1
      vertex 151.353 32.5852 0
      vertex 151.043 32.6903 0
    endloop
  endfacet
  facet normal -0.321081 -0.947052 -0
    outer loop
      vertex 151.353 32.5852 0
      vertex 151.043 32.6903 -1
      vertex 151.353 32.5852 -1
    endloop
  endfacet
  facet normal -0.194941 -0.980815 0
    outer loop
      vertex 151.353 32.5852 -1
      vertex 151.674 32.5214 0
      vertex 151.353 32.5852 0
    endloop
  endfacet
  facet normal -0.194941 -0.980815 -0
    outer loop
      vertex 151.674 32.5214 0
      vertex 151.353 32.5852 -1
      vertex 151.674 32.5214 -1
    endloop
  endfacet
  facet normal -0.65911 -0.752046 0
    outer loop
      vertex 150.232 33.2322 -1
      vertex 150.478 33.0166 0
      vertex 150.232 33.2322 0
    endloop
  endfacet
  facet normal -0.65911 -0.752046 -0
    outer loop
      vertex 150.478 33.0166 0
      vertex 150.232 33.2322 -1
      vertex 150.478 33.0166 -1
    endloop
  endfacet
  facet normal 0.94705 0.321086 0
    outer loop
      vertex 154.415 35.647 0
      vertex 154.31 35.9567 -1
      vertex 154.31 35.9567 0
    endloop
  endfacet
  facet normal 0.94705 0.321086 0
    outer loop
      vertex 154.31 35.9567 -1
      vertex 154.415 35.647 0
      vertex 154.415 35.647 -1
    endloop
  endfacet
  facet normal 0.752823 0.658223 0
    outer loop
      vertex 153.983 36.5219 0
      vertex 153.768 36.7678 -1
      vertex 153.768 36.7678 0
    endloop
  endfacet
  facet normal 0.752823 0.658223 0
    outer loop
      vertex 153.768 36.7678 -1
      vertex 153.983 36.5219 0
      vertex 153.983 36.5219 -1
    endloop
  endfacet
  facet normal 0.831014 0.556251 0
    outer loop
      vertex 154.165 36.25 0
      vertex 153.983 36.5219 -1
      vertex 153.983 36.5219 0
    endloop
  endfacet
  facet normal 0.831014 0.556251 0
    outer loop
      vertex 153.983 36.5219 -1
      vertex 154.165 36.25 0
      vertex 154.165 36.25 -1
    endloop
  endfacet
  facet normal 0.0655032 0.997852 -0
    outer loop
      vertex 152.326 37.4786 -1
      vertex 152 37.5 0
      vertex 152.326 37.4786 0
    endloop
  endfacet
  facet normal 0.0655032 0.997852 0
    outer loop
      vertex 152 37.5 0
      vertex 152.326 37.4786 -1
      vertex 152 37.5 -1
    endloop
  endfacet
  facet normal 0 0 -1
    outer loop
      vertex 154.479 34.6737 -1
      vertex 154.479 35.3263 -1
      vertex 154.5 35 -1
    endloop
  endfacet
  facet normal 0 0 -1
    outer loop
      vertex 154.415 34.353 -1
      vertex 154.479 35.3263 -1
      vertex 154.479 34.6737 -1
    endloop
  endfacet
  facet normal 0 0 -1
    outer loop
      vertex 154.415 34.353 -1
      vertex 154.415 35.647 -1
      vertex 154.479 35.3263 -1
    endloop
  endfacet
  facet normal 0 0 -1
    outer loop
      vertex 154.31 34.0433 -1
      vertex 154.415 35.647 -1
      vertex 154.415 34.353 -1
    endloop
  endfacet
  facet normal 0 0 -1
    outer loop
      vertex 154.31 34.0433 -1
      vertex 154.31 35.9567 -1
      vertex 154.415 35.647 -1
    endloop
  endfacet
  facet normal 0 0 -1
    outer loop
      vertex 154.165 33.75 -1
      vertex 154.31 35.9567 -1
      vertex 154.31 34.0433 -1
    endloop
  endfacet
  facet normal 0 0 -1
    outer loop
      vertex 154.165 33.75 -1
      vertex 154.165 36.25 -1
      vertex 154.31 35.9567 -1
    endloop
  endfacet
  facet normal 0 0 -1
    outer loop
      vertex 153.983 33.4781 -1
      vertex 154.165 36.25 -1
      vertex 154.165 33.75 -1
    endloop
  endfacet
  facet normal 0 0 -1
    outer loop
      vertex 153.983 33.4781 -1
      vertex 153.983 36.5219 -1
      vertex 154.165 36.25 -1
    endloop
  endfacet
  facet normal 0 0 -1
    outer loop
      vertex 153.768 33.2322 -1
      vertex 153.983 36.5219 -1
      vertex 153.983 33.4781 -1
    endloop
  endfacet
  facet normal 0 0 -1
    outer loop
      vertex 153.768 33.2322 -1
      vertex 153.768 36.7678 -1
      vertex 153.983 36.5219 -1
    endloop
  endfacet
  facet normal 0 0 -1
    outer loop
      vertex 153.522 33.0166 -1
      vertex 153.768 36.7678 -1
      vertex 153.768 33.2322 -1
    endloop
  endfacet
  facet normal 0 0 -1
    outer loop
      vertex 153.522 33.0166 -1
      vertex 153.522 36.9834 -1
      vertex 153.768 36.7678 -1
    endloop
  endfacet
  facet normal 0 0 -1
    outer loop
      vertex 153.25 32.8349 -1
      vertex 153.522 36.9834 -1
      vertex 153.522 33.0166 -1
    endloop
  endfacet
  facet normal 0 0 -1
    outer loop
      vertex 153.25 32.8349 -1
      vertex 153.25 37.1651 -1
      vertex 153.522 36.9834 -1
    endloop
  endfacet
  facet normal 0 0 -1
    outer loop
      vertex 152.957 32.6903 -1
      vertex 153.25 37.1651 -1
      vertex 153.25 32.8349 -1
    endloop
  endfacet
  facet normal 0 0 -1
    outer loop
      vertex 152.957 32.6903 -1
      vertex 152.957 37.3097 -1
      vertex 153.25 37.1651 -1
    endloop
  endfacet
  facet normal 0 0 -1
    outer loop
      vertex 152.647 32.5852 -1
      vertex 152.957 37.3097 -1
      vertex 152.957 32.6903 -1
    endloop
  endfacet
  facet normal 0 0 -1
    outer loop
      vertex 152.647 32.5852 -1
      vertex 152.647 37.4148 -1
      vertex 152.957 37.3097 -1
    endloop
  endfacet
  facet normal 0 0 -1
    outer loop
      vertex 152.326 32.5214 -1
      vertex 152.647 37.4148 -1
      vertex 152.647 32.5852 -1
    endloop
  endfacet
  facet normal 0 0 -1
    outer loop
      vertex 152.326 32.5214 -1
      vertex 152.326 37.4786 -1
      vertex 152.647 37.4148 -1
    endloop
  endfacet
  facet normal 0 0 -1
    outer loop
      vertex 152 32.5 -1
      vertex 152.326 37.4786 -1
      vertex 152.326 32.5214 -1
    endloop
  endfacet
  facet normal 0 0 -1
    outer loop
      vertex 152 32.5 -1
      vertex 152 37.5 -1
      vertex 152.326 37.4786 -1
    endloop
  endfacet
  facet normal 0 0 -1
    outer loop
      vertex 151.674 32.5214 -1
      vertex 152 37.5 -1
      vertex 152 32.5 -1
    endloop
  endfacet
  facet normal 0 0 -1
    outer loop
      vertex 151.674 32.5214 -1
      vertex 151.674 37.4786 -1
      vertex 152 37.5 -1
    endloop
  endfacet
  facet normal 0 0 -1
    outer loop
      vertex 151.353 32.5852 -1
      vertex 151.674 37.4786 -1
      vertex 151.674 32.5214 -1
    endloop
  endfacet
  facet normal 0 0 -1
    outer loop
      vertex 151.353 32.5852 -1
      vertex 151.353 37.4148 -1
      vertex 151.674 37.4786 -1
    endloop
  endfacet
  facet normal 0 0 -1
    outer loop
      vertex 151.043 32.6903 -1
      vertex 151.353 37.4148 -1
      vertex 151.353 32.5852 -1
    endloop
  endfacet
  facet normal 0 0 -1
    outer loop
      vertex 151.043 32.6903 -1
      vertex 151.043 37.3097 -1
      vertex 151.353 37.4148 -1
    endloop
  endfacet
  facet normal 0 0 -1
    outer loop
      vertex 150.75 32.8349 -1
      vertex 151.043 37.3097 -1
      vertex 151.043 32.6903 -1
    endloop
  endfacet
  facet normal 0 0 -1
    outer loop
      vertex 150.75 32.8349 -1
      vertex 150.75 37.1651 -1
      vertex 151.043 37.3097 -1
    endloop
  endfacet
  facet normal 0 0 -1
    outer loop
      vertex 150.478 33.0166 -1
      vertex 150.75 37.1651 -1
      vertex 150.75 32.8349 -1
    endloop
  endfacet
  facet normal 0 0 -1
    outer loop
      vertex 150.478 33.0166 -1
      vertex 150.478 36.9834 -1
      vertex 150.75 37.1651 -1
    endloop
  endfacet
  facet normal 0 0 -1
    outer loop
      vertex 150.232 33.2322 -1
      vertex 150.478 36.9834 -1
      vertex 150.478 33.0166 -1
    endloop
  endfacet
  facet normal 0 0 -1
    outer loop
      vertex 150.232 33.2322 -1
      vertex 150.232 36.7678 -1
      vertex 150.478 36.9834 -1
    endloop
  endfacet
  facet normal 0 0 -1
    outer loop
      vertex 150.017 33.4781 -1
      vertex 150.232 36.7678 -1
      vertex 150.232 33.2322 -1
    endloop
  endfacet
  facet normal 0 0 -1
    outer loop
      vertex 150.017 33.4781 -1
      vertex 150.017 36.5219 -1
      vertex 150.232 36.7678 -1
    endloop
  endfacet
  facet normal 0 0 -1
    outer loop
      vertex 149.835 33.75 -1
      vertex 150.017 36.5219 -1
      vertex 150.017 33.4781 -1
    endloop
  endfacet
  facet normal 0 0 -1
    outer loop
      vertex 149.835 33.75 -1
      vertex 149.835 36.25 -1
      vertex 150.017 36.5219 -1
    endloop
  endfacet
  facet normal 0 0 -1
    outer loop
      vertex 149.69 34.0433 -1
      vertex 149.835 36.25 -1
      vertex 149.835 33.75 -1
    endloop
  endfacet
  facet normal 0 0 -1
    outer loop
      vertex 149.69 34.0433 -1
      vertex 149.69 35.9567 -1
      vertex 149.835 36.25 -1
    endloop
  endfacet
  facet normal 0 0 -1
    outer loop
      vertex 149.585 34.353 -1
      vertex 149.69 35.9567 -1
      vertex 149.69 34.0433 -1
    endloop
  endfacet
  facet normal 0 0 -1
    outer loop
      vertex 149.585 34.353 -1
      vertex 149.585 35.647 -1
      vertex 149.69 35.9567 -1
    endloop
  endfacet
  facet normal 0 0 -1
    outer loop
      vertex 149.521 34.6737 -1
      vertex 149.585 35.647 -1
      vertex 149.585 34.353 -1
    endloop
  endfacet
  facet normal 0 0 -1
    outer loop
      vertex 149.521 34.6737 -1
      vertex 149.521 35.3263 -1
      vertex 149.585 35.647 -1
    endloop
  endfacet
  facet normal 0 -0 -1
    outer loop
      vertex 149.521 35.3263 -1
      vertex 149.521 34.6737 -1
      vertex 149.5 35 -1
    endloop
  endfacet
  facet normal -0.94705 0.321086 0
    outer loop
      vertex 149.585 35.647 -1
      vertex 149.69 35.9567 0
      vertex 149.69 35.9567 -1
    endloop
  endfacet
  facet normal -0.94705 0.321086 0
    outer loop
      vertex 149.69 35.9567 0
      vertex 149.585 35.647 -1
      vertex 149.585 35.647 0
    endloop
  endfacet
  facet normal -0.997935 0.0642251 0
    outer loop
      vertex 149.5 35 -1
      vertex 149.521 35.3263 0
      vertex 149.521 35.3263 -1
    endloop
  endfacet
  facet normal -0.997935 0.0642251 0
    outer loop
      vertex 149.521 35.3263 0
      vertex 149.5 35 -1
      vertex 149.5 35 0
    endloop
  endfacet
  facet normal -0.555476 0.831533 0
    outer loop
      vertex 150.75 37.1651 -1
      vertex 150.478 36.9834 0
      vertex 150.75 37.1651 0
    endloop
  endfacet
  facet normal -0.555476 0.831533 0
    outer loop
      vertex 150.478 36.9834 0
      vertex 150.75 37.1651 -1
      vertex 150.478 36.9834 -1
    endloop
  endfacet
  facet normal -0.194941 0.980815 0
    outer loop
      vertex 151.674 37.4786 -1
      vertex 151.353 37.4148 0
      vertex 151.674 37.4786 0
    endloop
  endfacet
  facet normal -0.194941 0.980815 0
    outer loop
      vertex 151.353 37.4148 0
      vertex 151.674 37.4786 -1
      vertex 151.353 37.4148 -1
    endloop
  endfacet
  facet normal 0.997935 -0.0642251 0
    outer loop
      vertex 154.479 34.6737 0
      vertex 154.5 35 -1
      vertex 154.5 35 0
    endloop
  endfacet
  facet normal 0.997935 -0.0642251 0
    outer loop
      vertex 154.5 35 -1
      vertex 154.479 34.6737 0
      vertex 154.479 34.6737 -1
    endloop
  endfacet
  facet normal 0.555476 -0.831533 0
    outer loop
      vertex 153.25 32.8349 -1
      vertex 153.522 33.0166 0
      vertex 153.25 32.8349 0
    endloop
  endfacet
  facet normal 0.555476 -0.831533 0
    outer loop
      vertex 153.522 33.0166 0
      vertex 153.25 32.8349 -1
      vertex 153.522 33.0166 -1
    endloop
  endfacet
  facet normal 0.752823 -0.658223 0
    outer loop
      vertex 153.768 33.2322 0
      vertex 153.983 33.4781 -1
      vertex 153.983 33.4781 0
    endloop
  endfacet
  facet normal 0.752823 -0.658223 0
    outer loop
      vertex 153.983 33.4781 -1
      vertex 153.768 33.2322 0
      vertex 153.768 33.2322 -1
    endloop
  endfacet
  facet normal 0.94705 -0.321086 0
    outer loop
      vertex 154.31 34.0433 0
      vertex 154.415 34.353 -1
      vertex 154.415 34.353 0
    endloop
  endfacet
  facet normal 0.94705 -0.321086 0
    outer loop
      vertex 154.415 34.353 -1
      vertex 154.31 34.0433 0
      vertex 154.31 34.0433 -1
    endloop
  endfacet
  facet normal 0.831014 -0.556251 0
    outer loop
      vertex 153.983 33.4781 0
      vertex 154.165 33.75 -1
      vertex 154.165 33.75 0
    endloop
  endfacet
  facet normal 0.831014 -0.556251 0
    outer loop
      vertex 154.165 33.75 -1
      vertex 153.983 33.4781 0
      vertex 153.983 33.4781 -1
    endloop
  endfacet
  facet normal 0.896435 -0.443175 0
    outer loop
      vertex 154.165 33.75 0
      vertex 154.31 34.0433 -1
      vertex 154.31 34.0433 0
    endloop
  endfacet
  facet normal 0.896435 -0.443175 0
    outer loop
      vertex 154.31 34.0433 -1
      vertex 154.165 33.75 0
      vertex 154.165 33.75 -1
    endloop
  endfacet
  facet normal -0.555476 -0.831533 0
    outer loop
      vertex 150.478 33.0166 -1
      vertex 150.75 32.8349 0
      vertex 150.478 33.0166 0
    endloop
  endfacet
  facet normal -0.555476 -0.831533 -0
    outer loop
      vertex 150.75 32.8349 0
      vertex 150.478 33.0166 -1
      vertex 150.75 32.8349 -1
    endloop
  endfacet
  facet normal -0.442556 -0.896741 0
    outer loop
      vertex 150.75 32.8349 -1
      vertex 151.043 32.6903 0
      vertex 150.75 32.8349 0
    endloop
  endfacet
  facet normal -0.442556 -0.896741 -0
    outer loop
      vertex 151.043 32.6903 0
      vertex 150.75 32.8349 -1
      vertex 151.043 32.6903 -1
    endloop
  endfacet
  facet normal -0.0655032 -0.997852 0
    outer loop
      vertex 151.674 32.5214 -1
      vertex 152 32.5 0
      vertex 151.674 32.5214 0
    endloop
  endfacet
  facet normal -0.0655032 -0.997852 -0
    outer loop
      vertex 152 32.5 0
      vertex 151.674 32.5214 -1
      vertex 152 32.5 -1
    endloop
  endfacet
  facet normal -0.831014 -0.556251 0
    outer loop
      vertex 150.017 33.4781 -1
      vertex 149.835 33.75 0
      vertex 149.835 33.75 -1
    endloop
  endfacet
  facet normal -0.831014 -0.556251 0
    outer loop
      vertex 149.835 33.75 0
      vertex 150.017 33.4781 -1
      vertex 150.017 33.4781 0
    endloop
  endfacet
  facet normal -0.896435 -0.443175 0
    outer loop
      vertex 149.835 33.75 -1
      vertex 149.69 34.0433 0
      vertex 149.69 34.0433 -1
    endloop
  endfacet
  facet normal -0.896435 -0.443175 0
    outer loop
      vertex 149.69 34.0433 0
      vertex 149.835 33.75 -1
      vertex 149.835 33.75 0
    endloop
  endfacet
  facet normal -0.980663 -0.195704 0
    outer loop
      vertex 149.585 34.353 -1
      vertex 149.521 34.6737 0
      vertex 149.521 34.6737 -1
    endloop
  endfacet
  facet normal -0.980663 -0.195704 0
    outer loop
      vertex 149.521 34.6737 0
      vertex 149.585 34.353 -1
      vertex 149.585 34.353 0
    endloop
  endfacet
  facet normal 0.194941 0.980815 -0
    outer loop
      vertex 152.647 37.4148 -1
      vertex 152.326 37.4786 0
      vertex 152.647 37.4148 0
    endloop
  endfacet
  facet normal 0.194941 0.980815 0
    outer loop
      vertex 152.326 37.4786 0
      vertex 152.647 37.4148 -1
      vertex 152.326 37.4786 -1
    endloop
  endfacet
  facet normal 0.442556 0.896741 -0
    outer loop
      vertex 153.25 37.1651 -1
      vertex 152.957 37.3097 0
      vertex 153.25 37.1651 0
    endloop
  endfacet
  facet normal 0.442556 0.896741 0
    outer loop
      vertex 152.957 37.3097 0
      vertex 153.25 37.1651 -1
      vertex 152.957 37.3097 -1
    endloop
  endfacet
  facet normal -0.997935 -0.0642251 0
    outer loop
      vertex 149.521 34.6737 -1
      vertex 149.5 35 0
      vertex 149.5 35 -1
    endloop
  endfacet
  facet normal -0.997935 -0.0642251 0
    outer loop
      vertex 149.5 35 0
      vertex 149.521 34.6737 -1
      vertex 149.521 34.6737 0
    endloop
  endfacet
  facet normal 0.442556 -0.896741 0
    outer loop
      vertex 152.957 32.6903 -1
      vertex 153.25 32.8349 0
      vertex 152.957 32.6903 0
    endloop
  endfacet
  facet normal 0.442556 -0.896741 0
    outer loop
      vertex 153.25 32.8349 0
      vertex 152.957 32.6903 -1
      vertex 153.25 32.8349 -1
    endloop
  endfacet
  facet normal 0.65911 -0.752046 0
    outer loop
      vertex 153.522 33.0166 -1
      vertex 153.768 33.2322 0
      vertex 153.522 33.0166 0
    endloop
  endfacet
  facet normal 0.65911 -0.752046 0
    outer loop
      vertex 153.768 33.2322 0
      vertex 153.522 33.0166 -1
      vertex 153.768 33.2322 -1
    endloop
  endfacet
  facet normal -0.752823 -0.658223 0
    outer loop
      vertex 150.232 33.2322 -1
      vertex 150.017 33.4781 0
      vertex 150.017 33.4781 -1
    endloop
  endfacet
  facet normal -0.752823 -0.658223 0
    outer loop
      vertex 150.017 33.4781 0
      vertex 150.232 33.2322 -1
      vertex 150.232 33.2322 0
    endloop
  endfacet
  facet normal -0.94705 -0.321086 0
    outer loop
      vertex 149.69 34.0433 -1
      vertex 149.585 34.353 0
      vertex 149.585 34.353 -1
    endloop
  endfacet
  facet normal -0.94705 -0.321086 0
    outer loop
      vertex 149.585 34.353 0
      vertex 149.69 34.0433 -1
      vertex 149.69 34.0433 0
    endloop
  endfacet
  facet normal 0.997935 0.0642251 0
    outer loop
      vertex 170.5 35 0
      vertex 170.479 35.3263 -1
      vertex 170.479 35.3263 0
    endloop
  endfacet
  facet normal 0.997935 0.0642251 0
    outer loop
      vertex 170.479 35.3263 -1
      vertex 170.5 35 0
      vertex 170.5 35 -1
    endloop
  endfacet
  facet normal -0.0655032 0.997852 0
    outer loop
      vertex 168 37.5 -1
      vertex 167.674 37.4786 0
      vertex 168 37.5 0
    endloop
  endfacet
  facet normal -0.0655032 0.997852 0
    outer loop
      vertex 167.674 37.4786 0
      vertex 168 37.5 -1
      vertex 167.674 37.4786 -1
    endloop
  endfacet
  facet normal 0.65911 0.752046 -0
    outer loop
      vertex 169.768 36.7678 -1
      vertex 169.522 36.9834 0
      vertex 169.768 36.7678 0
    endloop
  endfacet
  facet normal 0.65911 0.752046 0
    outer loop
      vertex 169.522 36.9834 0
      vertex 169.768 36.7678 -1
      vertex 169.522 36.9834 -1
    endloop
  endfacet
  facet normal -0.752823 0.658223 0
    outer loop
      vertex 166.017 36.5219 -1
      vertex 166.232 36.7678 0
      vertex 166.232 36.7678 -1
    endloop
  endfacet
  facet normal -0.752823 0.658223 0
    outer loop
      vertex 166.232 36.7678 0
      vertex 166.017 36.5219 -1
      vertex 166.017 36.5219 0
    endloop
  endfacet
  facet normal -0.442556 0.896741 0
    outer loop
      vertex 167.043 37.3097 -1
      vertex 166.75 37.1651 0
      vertex 167.043 37.3097 0
    endloop
  endfacet
  facet normal -0.442556 0.896741 0
    outer loop
      vertex 166.75 37.1651 0
      vertex 167.043 37.3097 -1
      vertex 166.75 37.1651 -1
    endloop
  endfacet
  facet normal 0.896435 0.443175 0
    outer loop
      vertex 170.31 35.9567 0
      vertex 170.165 36.25 -1
      vertex 170.165 36.25 0
    endloop
  endfacet
  facet normal 0.896435 0.443175 0
    outer loop
      vertex 170.165 36.25 -1
      vertex 170.31 35.9567 0
      vertex 170.31 35.9567 -1
    endloop
  endfacet
  facet normal 0.980663 0.195704 0
    outer loop
      vertex 170.479 35.3263 0
      vertex 170.415 35.647 -1
      vertex 170.415 35.647 0
    endloop
  endfacet
  facet normal 0.980663 0.195704 0
    outer loop
      vertex 170.415 35.647 -1
      vertex 170.479 35.3263 0
      vertex 170.479 35.3263 -1
    endloop
  endfacet
  facet normal 0.321081 0.947052 -0
    outer loop
      vertex 168.957 37.3097 -1
      vertex 168.647 37.4148 0
      vertex 168.957 37.3097 0
    endloop
  endfacet
  facet normal 0.321081 0.947052 0
    outer loop
      vertex 168.647 37.4148 0
      vertex 168.957 37.3097 -1
      vertex 168.647 37.4148 -1
    endloop
  endfacet
  facet normal 0.555476 0.831533 -0
    outer loop
      vertex 169.522 36.9834 -1
      vertex 169.25 37.1651 0
      vertex 169.522 36.9834 0
    endloop
  endfacet
  facet normal 0.555476 0.831533 0
    outer loop
      vertex 169.25 37.1651 0
      vertex 169.522 36.9834 -1
      vertex 169.25 37.1651 -1
    endloop
  endfacet
  facet normal -0.94705 0.321086 0
    outer loop
      vertex 165.585 35.647 -1
      vertex 165.69 35.9567 0
      vertex 165.69 35.9567 -1
    endloop
  endfacet
  facet normal -0.94705 0.321086 0
    outer loop
      vertex 165.69 35.9567 0
      vertex 165.585 35.647 -1
      vertex 165.585 35.647 0
    endloop
  endfacet
  facet normal -0.831014 0.556251 0
    outer loop
      vertex 165.835 36.25 -1
      vertex 166.017 36.5219 0
      vertex 166.017 36.5219 -1
    endloop
  endfacet
  facet normal -0.831014 0.556251 0
    outer loop
      vertex 166.017 36.5219 0
      vertex 165.835 36.25 -1
      vertex 165.835 36.25 0
    endloop
  endfacet
  facet normal -0.980663 0.195704 0
    outer loop
      vertex 165.521 35.3263 -1
      vertex 165.585 35.647 0
      vertex 165.585 35.647 -1
    endloop
  endfacet
  facet normal -0.980663 0.195704 0
    outer loop
      vertex 165.585 35.647 0
      vertex 165.521 35.3263 -1
      vertex 165.521 35.3263 0
    endloop
  endfacet
  facet normal -0.321081 0.947052 0
    outer loop
      vertex 167.353 37.4148 -1
      vertex 167.043 37.3097 0
      vertex 167.353 37.4148 0
    endloop
  endfacet
  facet normal -0.321081 0.947052 0
    outer loop
      vertex 167.043 37.3097 0
      vertex 167.353 37.4148 -1
      vertex 167.043 37.3097 -1
    endloop
  endfacet
  facet normal 0.194941 -0.980815 0
    outer loop
      vertex 168.326 32.5214 -1
      vertex 168.647 32.5852 0
      vertex 168.326 32.5214 0
    endloop
  endfacet
  facet normal 0.194941 -0.980815 0
    outer loop
      vertex 168.647 32.5852 0
      vertex 168.326 32.5214 -1
      vertex 168.647 32.5852 -1
    endloop
  endfacet
  facet normal 0.980663 -0.195704 0
    outer loop
      vertex 170.415 34.353 0
      vertex 170.479 34.6737 -1
      vertex 170.479 34.6737 0
    endloop
  endfacet
  facet normal 0.980663 -0.195704 0
    outer loop
      vertex 170.479 34.6737 -1
      vertex 170.415 34.353 0
      vertex 170.415 34.353 -1
    endloop
  endfacet
  facet normal -0.194941 -0.980815 0
    outer loop
      vertex 167.353 32.5852 -1
      vertex 167.674 32.5214 0
      vertex 167.353 32.5852 0
    endloop
  endfacet
  facet normal -0.194941 -0.980815 -0
    outer loop
      vertex 167.674 32.5214 0
      vertex 167.353 32.5852 -1
      vertex 167.674 32.5214 -1
    endloop
  endfacet
  facet normal 0.94705 0.321086 0
    outer loop
      vertex 170.415 35.647 0
      vertex 170.31 35.9567 -1
      vertex 170.31 35.9567 0
    endloop
  endfacet
  facet normal 0.94705 0.321086 0
    outer loop
      vertex 170.31 35.9567 -1
      vertex 170.415 35.647 0
      vertex 170.415 35.647 -1
    endloop
  endfacet
  facet normal 0.752823 0.658223 0
    outer loop
      vertex 169.983 36.5219 0
      vertex 169.768 36.7678 -1
      vertex 169.768 36.7678 0
    endloop
  endfacet
  facet normal 0.752823 0.658223 0
    outer loop
      vertex 169.768 36.7678 -1
      vertex 169.983 36.5219 0
      vertex 169.983 36.5219 -1
    endloop
  endfacet
  facet normal 0.831014 0.556251 0
    outer loop
      vertex 170.165 36.25 0
      vertex 169.983 36.5219 -1
      vertex 169.983 36.5219 0
    endloop
  endfacet
  facet normal 0.831014 0.556251 0
    outer loop
      vertex 169.983 36.5219 -1
      vertex 170.165 36.25 0
      vertex 170.165 36.25 -1
    endloop
  endfacet
  facet normal 0.194941 0.980815 -0
    outer loop
      vertex 168.647 37.4148 -1
      vertex 168.326 37.4786 0
      vertex 168.647 37.4148 0
    endloop
  endfacet
  facet normal 0.194941 0.980815 0
    outer loop
      vertex 168.326 37.4786 0
      vertex 168.647 37.4148 -1
      vertex 168.326 37.4786 -1
    endloop
  endfacet
  facet normal 0.0655032 0.997852 -0
    outer loop
      vertex 168.326 37.4786 -1
      vertex 168 37.5 0
      vertex 168.326 37.4786 0
    endloop
  endfacet
  facet normal 0.0655032 0.997852 0
    outer loop
      vertex 168 37.5 0
      vertex 168.326 37.4786 -1
      vertex 168 37.5 -1
    endloop
  endfacet
  facet normal 0.442556 0.896741 -0
    outer loop
      vertex 169.25 37.1651 -1
      vertex 168.957 37.3097 0
      vertex 169.25 37.1651 0
    endloop
  endfacet
  facet normal 0.442556 0.896741 0
    outer loop
      vertex 168.957 37.3097 0
      vertex 169.25 37.1651 -1
      vertex 168.957 37.3097 -1
    endloop
  endfacet
  facet normal 0 0 -1
    outer loop
      vertex 170.479 34.6737 -1
      vertex 170.479 35.3263 -1
      vertex 170.5 35 -1
    endloop
  endfacet
  facet normal 0 0 -1
    outer loop
      vertex 170.415 34.353 -1
      vertex 170.479 35.3263 -1
      vertex 170.479 34.6737 -1
    endloop
  endfacet
  facet normal 0 0 -1
    outer loop
      vertex 170.415 34.353 -1
      vertex 170.415 35.647 -1
      vertex 170.479 35.3263 -1
    endloop
  endfacet
  facet normal 0 0 -1
    outer loop
      vertex 170.31 34.0433 -1
      vertex 170.415 35.647 -1
      vertex 170.415 34.353 -1
    endloop
  endfacet
  facet normal 0 0 -1
    outer loop
      vertex 170.31 34.0433 -1
      vertex 170.31 35.9567 -1
      vertex 170.415 35.647 -1
    endloop
  endfacet
  facet normal 0 0 -1
    outer loop
      vertex 170.165 33.75 -1
      vertex 170.31 35.9567 -1
      vertex 170.31 34.0433 -1
    endloop
  endfacet
  facet normal 0 0 -1
    outer loop
      vertex 170.165 33.75 -1
      vertex 170.165 36.25 -1
      vertex 170.31 35.9567 -1
    endloop
  endfacet
  facet normal 0 0 -1
    outer loop
      vertex 169.983 33.4781 -1
      vertex 170.165 36.25 -1
      vertex 170.165 33.75 -1
    endloop
  endfacet
  facet normal 0 0 -1
    outer loop
      vertex 169.983 33.4781 -1
      vertex 169.983 36.5219 -1
      vertex 170.165 36.25 -1
    endloop
  endfacet
  facet normal 0 0 -1
    outer loop
      vertex 169.768 33.2322 -1
      vertex 169.983 36.5219 -1
      vertex 169.983 33.4781 -1
    endloop
  endfacet
  facet normal 0 0 -1
    outer loop
      vertex 169.768 33.2322 -1
      vertex 169.768 36.7678 -1
      vertex 169.983 36.5219 -1
    endloop
  endfacet
  facet normal 0 0 -1
    outer loop
      vertex 169.522 33.0166 -1
      vertex 169.768 36.7678 -1
      vertex 169.768 33.2322 -1
    endloop
  endfacet
  facet normal 0 0 -1
    outer loop
      vertex 169.522 33.0166 -1
      vertex 169.522 36.9834 -1
      vertex 169.768 36.7678 -1
    endloop
  endfacet
  facet normal 0 0 -1
    outer loop
      vertex 169.25 32.8349 -1
      vertex 169.522 36.9834 -1
      vertex 169.522 33.0166 -1
    endloop
  endfacet
  facet normal 0 0 -1
    outer loop
      vertex 169.25 32.8349 -1
      vertex 169.25 37.1651 -1
      vertex 169.522 36.9834 -1
    endloop
  endfacet
  facet normal 0 0 -1
    outer loop
      vertex 168.957 32.6903 -1
      vertex 169.25 37.1651 -1
      vertex 169.25 32.8349 -1
    endloop
  endfacet
  facet normal 0 0 -1
    outer loop
      vertex 168.957 32.6903 -1
      vertex 168.957 37.3097 -1
      vertex 169.25 37.1651 -1
    endloop
  endfacet
  facet normal 0 0 -1
    outer loop
      vertex 168.647 32.5852 -1
      vertex 168.957 37.3097 -1
      vertex 168.957 32.6903 -1
    endloop
  endfacet
  facet normal 0 0 -1
    outer loop
      vertex 168.647 32.5852 -1
      vertex 168.647 37.4148 -1
      vertex 168.957 37.3097 -1
    endloop
  endfacet
  facet normal 0 0 -1
    outer loop
      vertex 168.326 32.5214 -1
      vertex 168.647 37.4148 -1
      vertex 168.647 32.5852 -1
    endloop
  endfacet
  facet normal 0 0 -1
    outer loop
      vertex 168.326 32.5214 -1
      vertex 168.326 37.4786 -1
      vertex 168.647 37.4148 -1
    endloop
  endfacet
  facet normal 0 0 -1
    outer loop
      vertex 168 32.5 -1
      vertex 168.326 37.4786 -1
      vertex 168.326 32.5214 -1
    endloop
  endfacet
  facet normal 0 0 -1
    outer loop
      vertex 168 32.5 -1
      vertex 168 37.5 -1
      vertex 168.326 37.4786 -1
    endloop
  endfacet
  facet normal 0 0 -1
    outer loop
      vertex 167.674 32.5214 -1
      vertex 168 37.5 -1
      vertex 168 32.5 -1
    endloop
  endfacet
  facet normal 0 0 -1
    outer loop
      vertex 167.674 32.5214 -1
      vertex 167.674 37.4786 -1
      vertex 168 37.5 -1
    endloop
  endfacet
  facet normal 0 0 -1
    outer loop
      vertex 167.353 32.5852 -1
      vertex 167.674 37.4786 -1
      vertex 167.674 32.5214 -1
    endloop
  endfacet
  facet normal 0 0 -1
    outer loop
      vertex 167.353 32.5852 -1
      vertex 167.353 37.4148 -1
      vertex 167.674 37.4786 -1
    endloop
  endfacet
  facet normal 0 0 -1
    outer loop
      vertex 167.043 32.6903 -1
      vertex 167.353 37.4148 -1
      vertex 167.353 32.5852 -1
    endloop
  endfacet
  facet normal 0 0 -1
    outer loop
      vertex 167.043 32.6903 -1
      vertex 167.043 37.3097 -1
      vertex 167.353 37.4148 -1
    endloop
  endfacet
  facet normal 0 0 -1
    outer loop
      vertex 166.75 32.8349 -1
      vertex 167.043 37.3097 -1
      vertex 167.043 32.6903 -1
    endloop
  endfacet
  facet normal 0 0 -1
    outer loop
      vertex 166.75 32.8349 -1
      vertex 166.75 37.1651 -1
      vertex 167.043 37.3097 -1
    endloop
  endfacet
  facet normal 0 0 -1
    outer loop
      vertex 166.478 33.0166 -1
      vertex 166.75 37.1651 -1
      vertex 166.75 32.8349 -1
    endloop
  endfacet
  facet normal 0 0 -1
    outer loop
      vertex 166.478 33.0166 -1
      vertex 166.478 36.9834 -1
      vertex 166.75 37.1651 -1
    endloop
  endfacet
  facet normal 0 0 -1
    outer loop
      vertex 166.232 33.2322 -1
      vertex 166.478 36.9834 -1
      vertex 166.478 33.0166 -1
    endloop
  endfacet
  facet normal 0 0 -1
    outer loop
      vertex 166.232 33.2322 -1
      vertex 166.232 36.7678 -1
      vertex 166.478 36.9834 -1
    endloop
  endfacet
  facet normal 0 0 -1
    outer loop
      vertex 166.017 33.4781 -1
      vertex 166.232 36.7678 -1
      vertex 166.232 33.2322 -1
    endloop
  endfacet
  facet normal 0 0 -1
    outer loop
      vertex 166.017 33.4781 -1
      vertex 166.017 36.5219 -1
      vertex 166.232 36.7678 -1
    endloop
  endfacet
  facet normal 0 0 -1
    outer loop
      vertex 165.835 33.75 -1
      vertex 166.017 36.5219 -1
      vertex 166.017 33.4781 -1
    endloop
  endfacet
  facet normal 0 0 -1
    outer loop
      vertex 165.835 33.75 -1
      vertex 165.835 36.25 -1
      vertex 166.017 36.5219 -1
    endloop
  endfacet
  facet normal 0 0 -1
    outer loop
      vertex 165.69 34.0433 -1
      vertex 165.835 36.25 -1
      vertex 165.835 33.75 -1
    endloop
  endfacet
  facet normal 0 0 -1
    outer loop
      vertex 165.69 34.0433 -1
      vertex 165.69 35.9567 -1
      vertex 165.835 36.25 -1
    endloop
  endfacet
  facet normal 0 0 -1
    outer loop
      vertex 165.585 34.353 -1
      vertex 165.69 35.9567 -1
      vertex 165.69 34.0433 -1
    endloop
  endfacet
  facet normal 0 0 -1
    outer loop
      vertex 165.585 34.353 -1
      vertex 165.585 35.647 -1
      vertex 165.69 35.9567 -1
    endloop
  endfacet
  facet normal 0 0 -1
    outer loop
      vertex 165.521 34.6737 -1
      vertex 165.585 35.647 -1
      vertex 165.585 34.353 -1
    endloop
  endfacet
  facet normal 0 0 -1
    outer loop
      vertex 165.521 34.6737 -1
      vertex 165.521 35.3263 -1
      vertex 165.585 35.647 -1
    endloop
  endfacet
  facet normal 0 -0 -1
    outer loop
      vertex 165.521 35.3263 -1
      vertex 165.521 34.6737 -1
      vertex 165.5 35 -1
    endloop
  endfacet
  facet normal -0.896435 0.443175 0
    outer loop
      vertex 165.69 35.9567 -1
      vertex 165.835 36.25 0
      vertex 165.835 36.25 -1
    endloop
  endfacet
  facet normal -0.896435 0.443175 0
    outer loop
      vertex 165.835 36.25 0
      vertex 165.69 35.9567 -1
      vertex 165.69 35.9567 0
    endloop
  endfacet
  facet normal -0.997935 0.0642251 0
    outer loop
      vertex 165.5 35 -1
      vertex 165.521 35.3263 0
      vertex 165.521 35.3263 -1
    endloop
  endfacet
  facet normal -0.997935 0.0642251 0
    outer loop
      vertex 165.521 35.3263 0
      vertex 165.5 35 -1
      vertex 165.5 35 0
    endloop
  endfacet
  facet normal -0.555476 0.831533 0
    outer loop
      vertex 166.75 37.1651 -1
      vertex 166.478 36.9834 0
      vertex 166.75 37.1651 0
    endloop
  endfacet
  facet normal -0.555476 0.831533 0
    outer loop
      vertex 166.478 36.9834 0
      vertex 166.75 37.1651 -1
      vertex 166.478 36.9834 -1
    endloop
  endfacet
  facet normal -0.65911 0.752046 0
    outer loop
      vertex 166.478 36.9834 -1
      vertex 166.232 36.7678 0
      vertex 166.478 36.9834 0
    endloop
  endfacet
  facet normal -0.65911 0.752046 0
    outer loop
      vertex 166.232 36.7678 0
      vertex 166.478 36.9834 -1
      vertex 166.232 36.7678 -1
    endloop
  endfacet
  facet normal -0.194941 0.980815 0
    outer loop
      vertex 167.674 37.4786 -1
      vertex 167.353 37.4148 0
      vertex 167.674 37.4786 0
    endloop
  endfacet
  facet normal -0.194941 0.980815 0
    outer loop
      vertex 167.353 37.4148 0
      vertex 167.674 37.4786 -1
      vertex 167.353 37.4148 -1
    endloop
  endfacet
  facet normal 0.997935 -0.0642251 0
    outer loop
      vertex 170.479 34.6737 0
      vertex 170.5 35 -1
      vertex 170.5 35 0
    endloop
  endfacet
  facet normal 0.997935 -0.0642251 0
    outer loop
      vertex 170.5 35 -1
      vertex 170.479 34.6737 0
      vertex 170.479 34.6737 -1
    endloop
  endfacet
  facet normal 0.321081 -0.947052 0
    outer loop
      vertex 168.647 32.5852 -1
      vertex 168.957 32.6903 0
      vertex 168.647 32.5852 0
    endloop
  endfacet
  facet normal 0.321081 -0.947052 0
    outer loop
      vertex 168.957 32.6903 0
      vertex 168.647 32.5852 -1
      vertex 168.957 32.6903 -1
    endloop
  endfacet
  facet normal 0.752823 -0.658223 0
    outer loop
      vertex 169.768 33.2322 0
      vertex 169.983 33.4781 -1
      vertex 169.983 33.4781 0
    endloop
  endfacet
  facet normal 0.752823 -0.658223 0
    outer loop
      vertex 169.983 33.4781 -1
      vertex 169.768 33.2322 0
      vertex 169.768 33.2322 -1
    endloop
  endfacet
  facet normal 0.555476 -0.831533 0
    outer loop
      vertex 169.25 32.8349 -1
      vertex 169.522 33.0166 0
      vertex 169.25 32.8349 0
    endloop
  endfacet
  facet normal 0.555476 -0.831533 0
    outer loop
      vertex 169.522 33.0166 0
      vertex 169.25 32.8349 -1
      vertex 169.522 33.0166 -1
    endloop
  endfacet
  facet normal 0.831014 -0.556251 0
    outer loop
      vertex 169.983 33.4781 0
      vertex 170.165 33.75 -1
      vertex 170.165 33.75 0
    endloop
  endfacet
  facet normal 0.831014 -0.556251 0
    outer loop
      vertex 170.165 33.75 -1
      vertex 169.983 33.4781 0
      vertex 169.983 33.4781 -1
    endloop
  endfacet
  facet normal 0.94705 -0.321086 0
    outer loop
      vertex 170.31 34.0433 0
      vertex 170.415 34.353 -1
      vertex 170.415 34.353 0
    endloop
  endfacet
  facet normal 0.94705 -0.321086 0
    outer loop
      vertex 170.415 34.353 -1
      vertex 170.31 34.0433 0
      vertex 170.31 34.0433 -1
    endloop
  endfacet
  facet normal -0.555476 -0.831533 0
    outer loop
      vertex 166.478 33.0166 -1
      vertex 166.75 32.8349 0
      vertex 166.478 33.0166 0
    endloop
  endfacet
  facet normal -0.555476 -0.831533 -0
    outer loop
      vertex 166.75 32.8349 0
      vertex 166.478 33.0166 -1
      vertex 166.75 32.8349 -1
    endloop
  endfacet
  facet normal -0.321081 -0.947052 0
    outer loop
      vertex 167.043 32.6903 -1
      vertex 167.353 32.5852 0
      vertex 167.043 32.6903 0
    endloop
  endfacet
  facet normal -0.321081 -0.947052 -0
    outer loop
      vertex 167.353 32.5852 0
      vertex 167.043 32.6903 -1
      vertex 167.353 32.5852 -1
    endloop
  endfacet
  facet normal -0.0655032 -0.997852 0
    outer loop
      vertex 167.674 32.5214 -1
      vertex 168 32.5 0
      vertex 167.674 32.5214 0
    endloop
  endfacet
  facet normal -0.0655032 -0.997852 -0
    outer loop
      vertex 168 32.5 0
      vertex 167.674 32.5214 -1
      vertex 168 32.5 -1
    endloop
  endfacet
  facet normal -0.831014 -0.556251 0
    outer loop
      vertex 166.017 33.4781 -1
      vertex 165.835 33.75 0
      vertex 165.835 33.75 -1
    endloop
  endfacet
  facet normal -0.831014 -0.556251 0
    outer loop
      vertex 165.835 33.75 0
      vertex 166.017 33.4781 -1
      vertex 166.017 33.4781 0
    endloop
  endfacet
  facet normal -0.65911 -0.752046 0
    outer loop
      vertex 166.232 33.2322 -1
      vertex 166.478 33.0166 0
      vertex 166.232 33.2322 0
    endloop
  endfacet
  facet normal -0.65911 -0.752046 -0
    outer loop
      vertex 166.478 33.0166 0
      vertex 166.232 33.2322 -1
      vertex 166.478 33.0166 -1
    endloop
  endfacet
  facet normal -0.896435 -0.443175 0
    outer loop
      vertex 165.835 33.75 -1
      vertex 165.69 34.0433 0
      vertex 165.69 34.0433 -1
    endloop
  endfacet
  facet normal -0.896435 -0.443175 0
    outer loop
      vertex 165.69 34.0433 0
      vertex 165.835 33.75 -1
      vertex 165.835 33.75 0
    endloop
  endfacet
  facet normal -0.980663 -0.195704 0
    outer loop
      vertex 165.585 34.353 -1
      vertex 165.521 34.6737 0
      vertex 165.521 34.6737 -1
    endloop
  endfacet
  facet normal -0.980663 -0.195704 0
    outer loop
      vertex 165.521 34.6737 0
      vertex 165.585 34.353 -1
      vertex 165.585 34.353 0
    endloop
  endfacet
  facet normal -0.997935 -0.0642251 0
    outer loop
      vertex 165.521 34.6737 -1
      vertex 165.5 35 0
      vertex 165.5 35 -1
    endloop
  endfacet
  facet normal -0.997935 -0.0642251 0
    outer loop
      vertex 165.5 35 0
      vertex 165.521 34.6737 -1
      vertex 165.521 34.6737 0
    endloop
  endfacet
  facet normal 0.442556 -0.896741 0
    outer loop
      vertex 168.957 32.6903 -1
      vertex 169.25 32.8349 0
      vertex 168.957 32.6903 0
    endloop
  endfacet
  facet normal 0.442556 -0.896741 0
    outer loop
      vertex 169.25 32.8349 0
      vertex 168.957 32.6903 -1
      vertex 169.25 32.8349 -1
    endloop
  endfacet
  facet normal 0.65911 -0.752046 0
    outer loop
      vertex 169.522 33.0166 -1
      vertex 169.768 33.2322 0
      vertex 169.522 33.0166 0
    endloop
  endfacet
  facet normal 0.65911 -0.752046 0
    outer loop
      vertex 169.768 33.2322 0
      vertex 169.522 33.0166 -1
      vertex 169.768 33.2322 -1
    endloop
  endfacet
  facet normal 0.896435 -0.443175 0
    outer loop
      vertex 170.165 33.75 0
      vertex 170.31 34.0433 -1
      vertex 170.31 34.0433 0
    endloop
  endfacet
  facet normal 0.896435 -0.443175 0
    outer loop
      vertex 170.31 34.0433 -1
      vertex 170.165 33.75 0
      vertex 170.165 33.75 -1
    endloop
  endfacet
  facet normal -0.442556 -0.896741 0
    outer loop
      vertex 166.75 32.8349 -1
      vertex 167.043 32.6903 0
      vertex 166.75 32.8349 0
    endloop
  endfacet
  facet normal -0.442556 -0.896741 -0
    outer loop
      vertex 167.043 32.6903 0
      vertex 166.75 32.8349 -1
      vertex 167.043 32.6903 -1
    endloop
  endfacet
  facet normal 0.0655032 -0.997852 0
    outer loop
      vertex 168 32.5 -1
      vertex 168.326 32.5214 0
      vertex 168 32.5 0
    endloop
  endfacet
  facet normal 0.0655032 -0.997852 0
    outer loop
      vertex 168.326 32.5214 0
      vertex 168 32.5 -1
      vertex 168.326 32.5214 -1
    endloop
  endfacet
  facet normal -0.752823 -0.658223 0
    outer loop
      vertex 166.232 33.2322 -1
      vertex 166.017 33.4781 0
      vertex 166.017 33.4781 -1
    endloop
  endfacet
  facet normal -0.752823 -0.658223 0
    outer loop
      vertex 166.017 33.4781 0
      vertex 166.232 33.2322 -1
      vertex 166.232 33.2322 0
    endloop
  endfacet
  facet normal -0.94705 -0.321086 0
    outer loop
      vertex 165.69 34.0433 -1
      vertex 165.585 34.353 0
      vertex 165.585 34.353 -1
    endloop
  endfacet
  facet normal -0.94705 -0.321086 0
    outer loop
      vertex 165.585 34.353 0
      vertex 165.69 34.0433 -1
      vertex 165.69 34.0433 0
    endloop
  endfacet
  facet normal 0.997935 0.0642251 0
    outer loop
      vertex 186.5 35 0
      vertex 186.479 35.3263 -1
      vertex 186.479 35.3263 0
    endloop
  endfacet
  facet normal 0.997935 0.0642251 0
    outer loop
      vertex 186.479 35.3263 -1
      vertex 186.5 35 0
      vertex 186.5 35 -1
    endloop
  endfacet
  facet normal -0.0655032 0.997852 0
    outer loop
      vertex 184 37.5 -1
      vertex 183.674 37.4786 0
      vertex 184 37.5 0
    endloop
  endfacet
  facet normal -0.0655032 0.997852 0
    outer loop
      vertex 183.674 37.4786 0
      vertex 184 37.5 -1
      vertex 183.674 37.4786 -1
    endloop
  endfacet
  facet normal 0.0655032 -0.997852 0
    outer loop
      vertex 184 32.5 -1
      vertex 184.326 32.5214 0
      vertex 184 32.5 0
    endloop
  endfacet
  facet normal 0.0655032 -0.997852 0
    outer loop
      vertex 184.326 32.5214 0
      vertex 184 32.5 -1
      vertex 184.326 32.5214 -1
    endloop
  endfacet
  facet normal 0.65911 0.752046 -0
    outer loop
      vertex 185.768 36.7678 -1
      vertex 185.522 36.9834 0
      vertex 185.768 36.7678 0
    endloop
  endfacet
  facet normal 0.65911 0.752046 0
    outer loop
      vertex 185.522 36.9834 0
      vertex 185.768 36.7678 -1
      vertex 185.522 36.9834 -1
    endloop
  endfacet
  facet normal -0.752823 0.658223 0
    outer loop
      vertex 182.017 36.5219 -1
      vertex 182.232 36.7678 0
      vertex 182.232 36.7678 -1
    endloop
  endfacet
  facet normal -0.752823 0.658223 0
    outer loop
      vertex 182.232 36.7678 0
      vertex 182.017 36.5219 -1
      vertex 182.017 36.5219 0
    endloop
  endfacet
  facet normal -0.442556 0.896741 0
    outer loop
      vertex 183.043 37.3097 -1
      vertex 182.75 37.1651 0
      vertex 183.043 37.3097 0
    endloop
  endfacet
  facet normal -0.442556 0.896741 0
    outer loop
      vertex 182.75 37.1651 0
      vertex 183.043 37.3097 -1
      vertex 182.75 37.1651 -1
    endloop
  endfacet
  facet normal 0.896435 0.443175 0
    outer loop
      vertex 186.31 35.9567 0
      vertex 186.165 36.25 -1
      vertex 186.165 36.25 0
    endloop
  endfacet
  facet normal 0.896435 0.443175 0
    outer loop
      vertex 186.165 36.25 -1
      vertex 186.31 35.9567 0
      vertex 186.31 35.9567 -1
    endloop
  endfacet
  facet normal 0.980663 0.195704 0
    outer loop
      vertex 186.479 35.3263 0
      vertex 186.415 35.647 -1
      vertex 186.415 35.647 0
    endloop
  endfacet
  facet normal 0.980663 0.195704 0
    outer loop
      vertex 186.415 35.647 -1
      vertex 186.479 35.3263 0
      vertex 186.479 35.3263 -1
    endloop
  endfacet
  facet normal 0.321081 0.947052 -0
    outer loop
      vertex 184.957 37.3097 -1
      vertex 184.647 37.4148 0
      vertex 184.957 37.3097 0
    endloop
  endfacet
  facet normal 0.321081 0.947052 0
    outer loop
      vertex 184.647 37.4148 0
      vertex 184.957 37.3097 -1
      vertex 184.647 37.4148 -1
    endloop
  endfacet
  facet normal 0.555476 0.831533 -0
    outer loop
      vertex 185.522 36.9834 -1
      vertex 185.25 37.1651 0
      vertex 185.522 36.9834 0
    endloop
  endfacet
  facet normal 0.555476 0.831533 0
    outer loop
      vertex 185.25 37.1651 0
      vertex 185.522 36.9834 -1
      vertex 185.25 37.1651 -1
    endloop
  endfacet
  facet normal -0.896435 0.443175 0
    outer loop
      vertex 181.69 35.9567 -1
      vertex 181.835 36.25 0
      vertex 181.835 36.25 -1
    endloop
  endfacet
  facet normal -0.896435 0.443175 0
    outer loop
      vertex 181.835 36.25 0
      vertex 181.69 35.9567 -1
      vertex 181.69 35.9567 0
    endloop
  endfacet
  facet normal -0.831014 0.556251 0
    outer loop
      vertex 181.835 36.25 -1
      vertex 182.017 36.5219 0
      vertex 182.017 36.5219 -1
    endloop
  endfacet
  facet normal -0.831014 0.556251 0
    outer loop
      vertex 182.017 36.5219 0
      vertex 181.835 36.25 -1
      vertex 181.835 36.25 0
    endloop
  endfacet
  facet normal -0.980663 0.195704 0
    outer loop
      vertex 181.521 35.3263 -1
      vertex 181.585 35.647 0
      vertex 181.585 35.647 -1
    endloop
  endfacet
  facet normal -0.980663 0.195704 0
    outer loop
      vertex 181.585 35.647 0
      vertex 181.521 35.3263 -1
      vertex 181.521 35.3263 0
    endloop
  endfacet
  facet normal -0.65911 0.752046 0
    outer loop
      vertex 182.478 36.9834 -1
      vertex 182.232 36.7678 0
      vertex 182.478 36.9834 0
    endloop
  endfacet
  facet normal -0.65911 0.752046 0
    outer loop
      vertex 182.232 36.7678 0
      vertex 182.478 36.9834 -1
      vertex 182.232 36.7678 -1
    endloop
  endfacet
  facet normal -0.321081 0.947052 0
    outer loop
      vertex 183.353 37.4148 -1
      vertex 183.043 37.3097 0
      vertex 183.353 37.4148 0
    endloop
  endfacet
  facet normal -0.321081 0.947052 0
    outer loop
      vertex 183.043 37.3097 0
      vertex 183.353 37.4148 -1
      vertex 183.043 37.3097 -1
    endloop
  endfacet
  facet normal 0.321081 -0.947052 0
    outer loop
      vertex 184.647 32.5852 -1
      vertex 184.957 32.6903 0
      vertex 184.647 32.5852 0
    endloop
  endfacet
  facet normal 0.321081 -0.947052 0
    outer loop
      vertex 184.957 32.6903 0
      vertex 184.647 32.5852 -1
      vertex 184.957 32.6903 -1
    endloop
  endfacet
  facet normal 0.194941 -0.980815 0
    outer loop
      vertex 184.326 32.5214 -1
      vertex 184.647 32.5852 0
      vertex 184.326 32.5214 0
    endloop
  endfacet
  facet normal 0.194941 -0.980815 0
    outer loop
      vertex 184.647 32.5852 0
      vertex 184.326 32.5214 -1
      vertex 184.647 32.5852 -1
    endloop
  endfacet
  facet normal 0.980663 -0.195704 0
    outer loop
      vertex 186.415 34.353 0
      vertex 186.479 34.6737 -1
      vertex 186.479 34.6737 0
    endloop
  endfacet
  facet normal 0.980663 -0.195704 0
    outer loop
      vertex 186.479 34.6737 -1
      vertex 186.415 34.353 0
      vertex 186.415 34.353 -1
    endloop
  endfacet
  facet normal -0.321081 -0.947052 0
    outer loop
      vertex 183.043 32.6903 -1
      vertex 183.353 32.5852 0
      vertex 183.043 32.6903 0
    endloop
  endfacet
  facet normal -0.321081 -0.947052 -0
    outer loop
      vertex 183.353 32.5852 0
      vertex 183.043 32.6903 -1
      vertex 183.353 32.5852 -1
    endloop
  endfacet
  facet normal -0.194941 -0.980815 0
    outer loop
      vertex 183.353 32.5852 -1
      vertex 183.674 32.5214 0
      vertex 183.353 32.5852 0
    endloop
  endfacet
  facet normal -0.194941 -0.980815 -0
    outer loop
      vertex 183.674 32.5214 0
      vertex 183.353 32.5852 -1
      vertex 183.674 32.5214 -1
    endloop
  endfacet
  facet normal -0.65911 -0.752046 0
    outer loop
      vertex 182.232 33.2322 -1
      vertex 182.478 33.0166 0
      vertex 182.232 33.2322 0
    endloop
  endfacet
  facet normal -0.65911 -0.752046 -0
    outer loop
      vertex 182.478 33.0166 0
      vertex 182.232 33.2322 -1
      vertex 182.478 33.0166 -1
    endloop
  endfacet
  facet normal 0.94705 0.321086 0
    outer loop
      vertex 186.415 35.647 0
      vertex 186.31 35.9567 -1
      vertex 186.31 35.9567 0
    endloop
  endfacet
  facet normal 0.94705 0.321086 0
    outer loop
      vertex 186.31 35.9567 -1
      vertex 186.415 35.647 0
      vertex 186.415 35.647 -1
    endloop
  endfacet
  facet normal 0.752823 0.658223 0
    outer loop
      vertex 185.983 36.5219 0
      vertex 185.768 36.7678 -1
      vertex 185.768 36.7678 0
    endloop
  endfacet
  facet normal 0.752823 0.658223 0
    outer loop
      vertex 185.768 36.7678 -1
      vertex 185.983 36.5219 0
      vertex 185.983 36.5219 -1
    endloop
  endfacet
  facet normal 0.831014 0.556251 0
    outer loop
      vertex 186.165 36.25 0
      vertex 185.983 36.5219 -1
      vertex 185.983 36.5219 0
    endloop
  endfacet
  facet normal 0.831014 0.556251 0
    outer loop
      vertex 185.983 36.5219 -1
      vertex 186.165 36.25 0
      vertex 186.165 36.25 -1
    endloop
  endfacet
  facet normal 0.194941 0.980815 -0
    outer loop
      vertex 184.647 37.4148 -1
      vertex 184.326 37.4786 0
      vertex 184.647 37.4148 0
    endloop
  endfacet
  facet normal 0.194941 0.980815 0
    outer loop
      vertex 184.326 37.4786 0
      vertex 184.647 37.4148 -1
      vertex 184.326 37.4786 -1
    endloop
  endfacet
  facet normal 0.0655032 0.997852 -0
    outer loop
      vertex 184.326 37.4786 -1
      vertex 184 37.5 0
      vertex 184.326 37.4786 0
    endloop
  endfacet
  facet normal 0.0655032 0.997852 0
    outer loop
      vertex 184 37.5 0
      vertex 184.326 37.4786 -1
      vertex 184 37.5 -1
    endloop
  endfacet
  facet normal 0.442556 0.896741 -0
    outer loop
      vertex 185.25 37.1651 -1
      vertex 184.957 37.3097 0
      vertex 185.25 37.1651 0
    endloop
  endfacet
  facet normal 0.442556 0.896741 0
    outer loop
      vertex 184.957 37.3097 0
      vertex 185.25 37.1651 -1
      vertex 184.957 37.3097 -1
    endloop
  endfacet
  facet normal 0 0 -1
    outer loop
      vertex 186.479 34.6737 -1
      vertex 186.479 35.3263 -1
      vertex 186.5 35 -1
    endloop
  endfacet
  facet normal 0 0 -1
    outer loop
      vertex 186.415 34.353 -1
      vertex 186.479 35.3263 -1
      vertex 186.479 34.6737 -1
    endloop
  endfacet
  facet normal 0 0 -1
    outer loop
      vertex 186.415 34.353 -1
      vertex 186.415 35.647 -1
      vertex 186.479 35.3263 -1
    endloop
  endfacet
  facet normal 0 0 -1
    outer loop
      vertex 186.31 34.0433 -1
      vertex 186.415 35.647 -1
      vertex 186.415 34.353 -1
    endloop
  endfacet
  facet normal 0 0 -1
    outer loop
      vertex 186.31 34.0433 -1
      vertex 186.31 35.9567 -1
      vertex 186.415 35.647 -1
    endloop
  endfacet
  facet normal 0 0 -1
    outer loop
      vertex 186.165 33.75 -1
      vertex 186.31 35.9567 -1
      vertex 186.31 34.0433 -1
    endloop
  endfacet
  facet normal 0 0 -1
    outer loop
      vertex 186.165 33.75 -1
      vertex 186.165 36.25 -1
      vertex 186.31 35.9567 -1
    endloop
  endfacet
  facet normal 0 0 -1
    outer loop
      vertex 185.983 33.4781 -1
      vertex 186.165 36.25 -1
      vertex 186.165 33.75 -1
    endloop
  endfacet
  facet normal 0 0 -1
    outer loop
      vertex 185.983 33.4781 -1
      vertex 185.983 36.5219 -1
      vertex 186.165 36.25 -1
    endloop
  endfacet
  facet normal 0 0 -1
    outer loop
      vertex 185.768 33.2322 -1
      vertex 185.983 36.5219 -1
      vertex 185.983 33.4781 -1
    endloop
  endfacet
  facet normal 0 0 -1
    outer loop
      vertex 185.768 33.2322 -1
      vertex 185.768 36.7678 -1
      vertex 185.983 36.5219 -1
    endloop
  endfacet
  facet normal 0 0 -1
    outer loop
      vertex 185.522 33.0166 -1
      vertex 185.768 36.7678 -1
      vertex 185.768 33.2322 -1
    endloop
  endfacet
  facet normal 0 0 -1
    outer loop
      vertex 185.522 33.0166 -1
      vertex 185.522 36.9834 -1
      vertex 185.768 36.7678 -1
    endloop
  endfacet
  facet normal 0 0 -1
    outer loop
      vertex 185.25 32.8349 -1
      vertex 185.522 36.9834 -1
      vertex 185.522 33.0166 -1
    endloop
  endfacet
  facet normal 0 0 -1
    outer loop
      vertex 185.25 32.8349 -1
      vertex 185.25 37.1651 -1
      vertex 185.522 36.9834 -1
    endloop
  endfacet
  facet normal 0 0 -1
    outer loop
      vertex 184.957 32.6903 -1
      vertex 185.25 37.1651 -1
      vertex 185.25 32.8349 -1
    endloop
  endfacet
  facet normal 0 0 -1
    outer loop
      vertex 184.957 32.6903 -1
      vertex 184.957 37.3097 -1
      vertex 185.25 37.1651 -1
    endloop
  endfacet
  facet normal 0 0 -1
    outer loop
      vertex 184.647 32.5852 -1
      vertex 184.957 37.3097 -1
      vertex 184.957 32.6903 -1
    endloop
  endfacet
  facet normal 0 0 -1
    outer loop
      vertex 184.647 32.5852 -1
      vertex 184.647 37.4148 -1
      vertex 184.957 37.3097 -1
    endloop
  endfacet
  facet normal 0 0 -1
    outer loop
      vertex 184.326 32.5214 -1
      vertex 184.647 37.4148 -1
      vertex 184.647 32.5852 -1
    endloop
  endfacet
  facet normal 0 0 -1
    outer loop
      vertex 184.326 32.5214 -1
      vertex 184.326 37.4786 -1
      vertex 184.647 37.4148 -1
    endloop
  endfacet
  facet normal 0 0 -1
    outer loop
      vertex 184 32.5 -1
      vertex 184.326 37.4786 -1
      vertex 184.326 32.5214 -1
    endloop
  endfacet
  facet normal 0 0 -1
    outer loop
      vertex 184 32.5 -1
      vertex 184 37.5 -1
      vertex 184.326 37.4786 -1
    endloop
  endfacet
  facet normal 0 0 -1
    outer loop
      vertex 183.674 32.5214 -1
      vertex 184 37.5 -1
      vertex 184 32.5 -1
    endloop
  endfacet
  facet normal 0 0 -1
    outer loop
      vertex 183.674 32.5214 -1
      vertex 183.674 37.4786 -1
      vertex 184 37.5 -1
    endloop
  endfacet
  facet normal 0 0 -1
    outer loop
      vertex 183.353 32.5852 -1
      vertex 183.674 37.4786 -1
      vertex 183.674 32.5214 -1
    endloop
  endfacet
  facet normal 0 0 -1
    outer loop
      vertex 183.353 32.5852 -1
      vertex 183.353 37.4148 -1
      vertex 183.674 37.4786 -1
    endloop
  endfacet
  facet normal 0 0 -1
    outer loop
      vertex 183.043 32.6903 -1
      vertex 183.353 37.4148 -1
      vertex 183.353 32.5852 -1
    endloop
  endfacet
  facet normal 0 0 -1
    outer loop
      vertex 183.043 32.6903 -1
      vertex 183.043 37.3097 -1
      vertex 183.353 37.4148 -1
    endloop
  endfacet
  facet normal 0 0 -1
    outer loop
      vertex 182.75 32.8349 -1
      vertex 183.043 37.3097 -1
      vertex 183.043 32.6903 -1
    endloop
  endfacet
  facet normal 0 0 -1
    outer loop
      vertex 182.75 32.8349 -1
      vertex 182.75 37.1651 -1
      vertex 183.043 37.3097 -1
    endloop
  endfacet
  facet normal 0 0 -1
    outer loop
      vertex 182.478 33.0166 -1
      vertex 182.75 37.1651 -1
      vertex 182.75 32.8349 -1
    endloop
  endfacet
  facet normal 0 0 -1
    outer loop
      vertex 182.478 33.0166 -1
      vertex 182.478 36.9834 -1
      vertex 182.75 37.1651 -1
    endloop
  endfacet
  facet normal 0 0 -1
    outer loop
      vertex 182.232 33.2322 -1
      vertex 182.478 36.9834 -1
      vertex 182.478 33.0166 -1
    endloop
  endfacet
  facet normal 0 0 -1
    outer loop
      vertex 182.232 33.2322 -1
      vertex 182.232 36.7678 -1
      vertex 182.478 36.9834 -1
    endloop
  endfacet
  facet normal 0 0 -1
    outer loop
      vertex 182.017 33.4781 -1
      vertex 182.232 36.7678 -1
      vertex 182.232 33.2322 -1
    endloop
  endfacet
  facet normal 0 0 -1
    outer loop
      vertex 182.017 33.4781 -1
      vertex 182.017 36.5219 -1
      vertex 182.232 36.7678 -1
    endloop
  endfacet
  facet normal 0 0 -1
    outer loop
      vertex 181.835 33.75 -1
      vertex 182.017 36.5219 -1
      vertex 182.017 33.4781 -1
    endloop
  endfacet
  facet normal 0 0 -1
    outer loop
      vertex 181.835 33.75 -1
      vertex 181.835 36.25 -1
      vertex 182.017 36.5219 -1
    endloop
  endfacet
  facet normal 0 0 -1
    outer loop
      vertex 181.69 34.0433 -1
      vertex 181.835 36.25 -1
      vertex 181.835 33.75 -1
    endloop
  endfacet
  facet normal 0 0 -1
    outer loop
      vertex 181.69 34.0433 -1
      vertex 181.69 35.9567 -1
      vertex 181.835 36.25 -1
    endloop
  endfacet
  facet normal 0 0 -1
    outer loop
      vertex 181.585 34.353 -1
      vertex 181.69 35.9567 -1
      vertex 181.69 34.0433 -1
    endloop
  endfacet
  facet normal 0 0 -1
    outer loop
      vertex 181.585 34.353 -1
      vertex 181.585 35.647 -1
      vertex 181.69 35.9567 -1
    endloop
  endfacet
  facet normal 0 0 -1
    outer loop
      vertex 181.521 34.6737 -1
      vertex 181.585 35.647 -1
      vertex 181.585 34.353 -1
    endloop
  endfacet
  facet normal 0 0 -1
    outer loop
      vertex 181.521 34.6737 -1
      vertex 181.521 35.3263 -1
      vertex 181.585 35.647 -1
    endloop
  endfacet
  facet normal 0 -0 -1
    outer loop
      vertex 181.521 35.3263 -1
      vertex 181.521 34.6737 -1
      vertex 181.5 35 -1
    endloop
  endfacet
  facet normal -0.94705 0.321086 0
    outer loop
      vertex 181.585 35.647 -1
      vertex 181.69 35.9567 0
      vertex 181.69 35.9567 -1
    endloop
  endfacet
  facet normal -0.94705 0.321086 0
    outer loop
      vertex 181.69 35.9567 0
      vertex 181.585 35.647 -1
      vertex 181.585 35.647 0
    endloop
  endfacet
  facet normal -0.997935 0.0642251 0
    outer loop
      vertex 181.5 35 -1
      vertex 181.521 35.3263 0
      vertex 181.521 35.3263 -1
    endloop
  endfacet
  facet normal -0.997935 0.0642251 0
    outer loop
      vertex 181.521 35.3263 0
      vertex 181.5 35 -1
      vertex 181.5 35 0
    endloop
  endfacet
  facet normal -0.555476 0.831533 0
    outer loop
      vertex 182.75 37.1651 -1
      vertex 182.478 36.9834 0
      vertex 182.75 37.1651 0
    endloop
  endfacet
  facet normal -0.555476 0.831533 0
    outer loop
      vertex 182.478 36.9834 0
      vertex 182.75 37.1651 -1
      vertex 182.478 36.9834 -1
    endloop
  endfacet
  facet normal -0.194941 0.980815 0
    outer loop
      vertex 183.674 37.4786 -1
      vertex 183.353 37.4148 0
      vertex 183.674 37.4786 0
    endloop
  endfacet
  facet normal -0.194941 0.980815 0
    outer loop
      vertex 183.353 37.4148 0
      vertex 183.674 37.4786 -1
      vertex 183.353 37.4148 -1
    endloop
  endfacet
  facet normal 0.997935 -0.0642251 0
    outer loop
      vertex 186.479 34.6737 0
      vertex 186.5 35 -1
      vertex 186.5 35 0
    endloop
  endfacet
  facet normal 0.997935 -0.0642251 0
    outer loop
      vertex 186.5 35 -1
      vertex 186.479 34.6737 0
      vertex 186.479 34.6737 -1
    endloop
  endfacet
  facet normal 0.555476 -0.831533 0
    outer loop
      vertex 185.25 32.8349 -1
      vertex 185.522 33.0166 0
      vertex 185.25 32.8349 0
    endloop
  endfacet
  facet normal 0.555476 -0.831533 0
    outer loop
      vertex 185.522 33.0166 0
      vertex 185.25 32.8349 -1
      vertex 185.522 33.0166 -1
    endloop
  endfacet
  facet normal 0.752823 -0.658223 0
    outer loop
      vertex 185.768 33.2322 0
      vertex 185.983 33.4781 -1
      vertex 185.983 33.4781 0
    endloop
  endfacet
  facet normal 0.752823 -0.658223 0
    outer loop
      vertex 185.983 33.4781 -1
      vertex 185.768 33.2322 0
      vertex 185.768 33.2322 -1
    endloop
  endfacet
  facet normal 0.94705 -0.321086 0
    outer loop
      vertex 186.31 34.0433 0
      vertex 186.415 34.353 -1
      vertex 186.415 34.353 0
    endloop
  endfacet
  facet normal 0.94705 -0.321086 0
    outer loop
      vertex 186.415 34.353 -1
      vertex 186.31 34.0433 0
      vertex 186.31 34.0433 -1
    endloop
  endfacet
  facet normal 0.831014 -0.556251 0
    outer loop
      vertex 185.983 33.4781 0
      vertex 186.165 33.75 -1
      vertex 186.165 33.75 0
    endloop
  endfacet
  facet normal 0.831014 -0.556251 0
    outer loop
      vertex 186.165 33.75 -1
      vertex 185.983 33.4781 0
      vertex 185.983 33.4781 -1
    endloop
  endfacet
  facet normal 0.896435 -0.443175 0
    outer loop
      vertex 186.165 33.75 0
      vertex 186.31 34.0433 -1
      vertex 186.31 34.0433 0
    endloop
  endfacet
  facet normal 0.896435 -0.443175 0
    outer loop
      vertex 186.31 34.0433 -1
      vertex 186.165 33.75 0
      vertex 186.165 33.75 -1
    endloop
  endfacet
  facet normal -0.555476 -0.831533 0
    outer loop
      vertex 182.478 33.0166 -1
      vertex 182.75 32.8349 0
      vertex 182.478 33.0166 0
    endloop
  endfacet
  facet normal -0.555476 -0.831533 -0
    outer loop
      vertex 182.75 32.8349 0
      vertex 182.478 33.0166 -1
      vertex 182.75 32.8349 -1
    endloop
  endfacet
  facet normal -0.442556 -0.896741 0
    outer loop
      vertex 182.75 32.8349 -1
      vertex 183.043 32.6903 0
      vertex 182.75 32.8349 0
    endloop
  endfacet
  facet normal -0.442556 -0.896741 -0
    outer loop
      vertex 183.043 32.6903 0
      vertex 182.75 32.8349 -1
      vertex 183.043 32.6903 -1
    endloop
  endfacet
  facet normal -0.0655032 -0.997852 0
    outer loop
      vertex 183.674 32.5214 -1
      vertex 184 32.5 0
      vertex 183.674 32.5214 0
    endloop
  endfacet
  facet normal -0.0655032 -0.997852 -0
    outer loop
      vertex 184 32.5 0
      vertex 183.674 32.5214 -1
      vertex 184 32.5 -1
    endloop
  endfacet
  facet normal -0.831014 -0.556251 0
    outer loop
      vertex 182.017 33.4781 -1
      vertex 181.835 33.75 0
      vertex 181.835 33.75 -1
    endloop
  endfacet
  facet normal -0.831014 -0.556251 0
    outer loop
      vertex 181.835 33.75 0
      vertex 182.017 33.4781 -1
      vertex 182.017 33.4781 0
    endloop
  endfacet
  facet normal -0.896435 -0.443175 0
    outer loop
      vertex 181.835 33.75 -1
      vertex 181.69 34.0433 0
      vertex 181.69 34.0433 -1
    endloop
  endfacet
  facet normal -0.896435 -0.443175 0
    outer loop
      vertex 181.69 34.0433 0
      vertex 181.835 33.75 -1
      vertex 181.835 33.75 0
    endloop
  endfacet
  facet normal -0.980663 -0.195704 0
    outer loop
      vertex 181.585 34.353 -1
      vertex 181.521 34.6737 0
      vertex 181.521 34.6737 -1
    endloop
  endfacet
  facet normal -0.980663 -0.195704 0
    outer loop
      vertex 181.521 34.6737 0
      vertex 181.585 34.353 -1
      vertex 181.585 34.353 0
    endloop
  endfacet
  facet normal -0.997935 -0.0642251 0
    outer loop
      vertex 181.521 34.6737 -1
      vertex 181.5 35 0
      vertex 181.5 35 -1
    endloop
  endfacet
  facet normal -0.997935 -0.0642251 0
    outer loop
      vertex 181.5 35 0
      vertex 181.521 34.6737 -1
      vertex 181.521 34.6737 0
    endloop
  endfacet
  facet normal 0.442556 -0.896741 0
    outer loop
      vertex 184.957 32.6903 -1
      vertex 185.25 32.8349 0
      vertex 184.957 32.6903 0
    endloop
  endfacet
  facet normal 0.442556 -0.896741 0
    outer loop
      vertex 185.25 32.8349 0
      vertex 184.957 32.6903 -1
      vertex 185.25 32.8349 -1
    endloop
  endfacet
  facet normal 0.65911 -0.752046 0
    outer loop
      vertex 185.522 33.0166 -1
      vertex 185.768 33.2322 0
      vertex 185.522 33.0166 0
    endloop
  endfacet
  facet normal 0.65911 -0.752046 0
    outer loop
      vertex 185.768 33.2322 0
      vertex 185.522 33.0166 -1
      vertex 185.768 33.2322 -1
    endloop
  endfacet
  facet normal -0.752823 -0.658223 0
    outer loop
      vertex 182.232 33.2322 -1
      vertex 182.017 33.4781 0
      vertex 182.017 33.4781 -1
    endloop
  endfacet
  facet normal -0.752823 -0.658223 0
    outer loop
      vertex 182.017 33.4781 0
      vertex 182.232 33.2322 -1
      vertex 182.232 33.2322 0
    endloop
  endfacet
  facet normal -0.94705 -0.321086 0
    outer loop
      vertex 181.69 34.0433 -1
      vertex 181.585 34.353 0
      vertex 181.585 34.353 -1
    endloop
  endfacet
  facet normal -0.94705 -0.321086 0
    outer loop
      vertex 181.585 34.353 0
      vertex 181.69 34.0433 -1
      vertex 181.69 34.0433 0
    endloop
  endfacet
  facet normal 0.997935 0.0642251 0
    outer loop
      vertex 202.5 35 0
      vertex 202.479 35.3263 -1
      vertex 202.479 35.3263 0
    endloop
  endfacet
  facet normal 0.997935 0.0642251 0
    outer loop
      vertex 202.479 35.3263 -1
      vertex 202.5 35 0
      vertex 202.5 35 -1
    endloop
  endfacet
  facet normal -0.0655032 0.997852 0
    outer loop
      vertex 200 37.5 -1
      vertex 199.674 37.4786 0
      vertex 200 37.5 0
    endloop
  endfacet
  facet normal -0.0655032 0.997852 0
    outer loop
      vertex 199.674 37.4786 0
      vertex 200 37.5 -1
      vertex 199.674 37.4786 -1
    endloop
  endfacet
  facet normal 0.0655032 -0.997852 0
    outer loop
      vertex 200 32.5 -1
      vertex 200.326 32.5214 0
      vertex 200 32.5 0
    endloop
  endfacet
  facet normal 0.0655032 -0.997852 0
    outer loop
      vertex 200.326 32.5214 0
      vertex 200 32.5 -1
      vertex 200.326 32.5214 -1
    endloop
  endfacet
  facet normal 0.65911 0.752046 -0
    outer loop
      vertex 201.768 36.7678 -1
      vertex 201.522 36.9834 0
      vertex 201.768 36.7678 0
    endloop
  endfacet
  facet normal 0.65911 0.752046 0
    outer loop
      vertex 201.522 36.9834 0
      vertex 201.768 36.7678 -1
      vertex 201.522 36.9834 -1
    endloop
  endfacet
  facet normal -0.752823 0.658223 0
    outer loop
      vertex 198.017 36.5219 -1
      vertex 198.232 36.7678 0
      vertex 198.232 36.7678 -1
    endloop
  endfacet
  facet normal -0.752823 0.658223 0
    outer loop
      vertex 198.232 36.7678 0
      vertex 198.017 36.5219 -1
      vertex 198.017 36.5219 0
    endloop
  endfacet
  facet normal -0.442556 0.896741 0
    outer loop
      vertex 199.043 37.3097 -1
      vertex 198.75 37.1651 0
      vertex 199.043 37.3097 0
    endloop
  endfacet
  facet normal -0.442556 0.896741 0
    outer loop
      vertex 198.75 37.1651 0
      vertex 199.043 37.3097 -1
      vertex 198.75 37.1651 -1
    endloop
  endfacet
  facet normal 0.896435 0.443175 0
    outer loop
      vertex 202.31 35.9567 0
      vertex 202.165 36.25 -1
      vertex 202.165 36.25 0
    endloop
  endfacet
  facet normal 0.896435 0.443175 0
    outer loop
      vertex 202.165 36.25 -1
      vertex 202.31 35.9567 0
      vertex 202.31 35.9567 -1
    endloop
  endfacet
  facet normal 0.980663 0.195704 0
    outer loop
      vertex 202.479 35.3263 0
      vertex 202.415 35.647 -1
      vertex 202.415 35.647 0
    endloop
  endfacet
  facet normal 0.980663 0.195704 0
    outer loop
      vertex 202.415 35.647 -1
      vertex 202.479 35.3263 0
      vertex 202.479 35.3263 -1
    endloop
  endfacet
  facet normal 0.321081 0.947052 -0
    outer loop
      vertex 200.957 37.3097 -1
      vertex 200.647 37.4148 0
      vertex 200.957 37.3097 0
    endloop
  endfacet
  facet normal 0.321081 0.947052 0
    outer loop
      vertex 200.647 37.4148 0
      vertex 200.957 37.3097 -1
      vertex 200.647 37.4148 -1
    endloop
  endfacet
  facet normal 0.555476 0.831533 -0
    outer loop
      vertex 201.522 36.9834 -1
      vertex 201.25 37.1651 0
      vertex 201.522 36.9834 0
    endloop
  endfacet
  facet normal 0.555476 0.831533 0
    outer loop
      vertex 201.25 37.1651 0
      vertex 201.522 36.9834 -1
      vertex 201.25 37.1651 -1
    endloop
  endfacet
  facet normal -0.94705 0.321086 0
    outer loop
      vertex 197.585 35.647 -1
      vertex 197.69 35.9567 0
      vertex 197.69 35.9567 -1
    endloop
  endfacet
  facet normal -0.94705 0.321086 0
    outer loop
      vertex 197.69 35.9567 0
      vertex 197.585 35.647 -1
      vertex 197.585 35.647 0
    endloop
  endfacet
  facet normal -0.831014 0.556251 0
    outer loop
      vertex 197.835 36.25 -1
      vertex 198.017 36.5219 0
      vertex 198.017 36.5219 -1
    endloop
  endfacet
  facet normal -0.831014 0.556251 0
    outer loop
      vertex 198.017 36.5219 0
      vertex 197.835 36.25 -1
      vertex 197.835 36.25 0
    endloop
  endfacet
  facet normal -0.980663 0.195704 0
    outer loop
      vertex 197.521 35.3263 -1
      vertex 197.585 35.647 0
      vertex 197.585 35.647 -1
    endloop
  endfacet
  facet normal -0.980663 0.195704 0
    outer loop
      vertex 197.585 35.647 0
      vertex 197.521 35.3263 -1
      vertex 197.521 35.3263 0
    endloop
  endfacet
  facet normal -0.321081 0.947052 0
    outer loop
      vertex 199.353 37.4148 -1
      vertex 199.043 37.3097 0
      vertex 199.353 37.4148 0
    endloop
  endfacet
  facet normal -0.321081 0.947052 0
    outer loop
      vertex 199.043 37.3097 0
      vertex 199.353 37.4148 -1
      vertex 199.043 37.3097 -1
    endloop
  endfacet
  facet normal 0.194941 -0.980815 0
    outer loop
      vertex 200.326 32.5214 -1
      vertex 200.647 32.5852 0
      vertex 200.326 32.5214 0
    endloop
  endfacet
  facet normal 0.194941 -0.980815 0
    outer loop
      vertex 200.647 32.5852 0
      vertex 200.326 32.5214 -1
      vertex 200.647 32.5852 -1
    endloop
  endfacet
  facet normal 0.980663 -0.195704 0
    outer loop
      vertex 202.415 34.353 0
      vertex 202.479 34.6737 -1
      vertex 202.479 34.6737 0
    endloop
  endfacet
  facet normal 0.980663 -0.195704 0
    outer loop
      vertex 202.479 34.6737 -1
      vertex 202.415 34.353 0
      vertex 202.415 34.353 -1
    endloop
  endfacet
  facet normal -0.194941 -0.980815 0
    outer loop
      vertex 199.353 32.5852 -1
      vertex 199.674 32.5214 0
      vertex 199.353 32.5852 0
    endloop
  endfacet
  facet normal -0.194941 -0.980815 -0
    outer loop
      vertex 199.674 32.5214 0
      vertex 199.353 32.5852 -1
      vertex 199.674 32.5214 -1
    endloop
  endfacet
  facet normal 0.94705 0.321086 0
    outer loop
      vertex 202.415 35.647 0
      vertex 202.31 35.9567 -1
      vertex 202.31 35.9567 0
    endloop
  endfacet
  facet normal 0.94705 0.321086 0
    outer loop
      vertex 202.31 35.9567 -1
      vertex 202.415 35.647 0
      vertex 202.415 35.647 -1
    endloop
  endfacet
  facet normal 0.752823 0.658223 0
    outer loop
      vertex 201.983 36.5219 0
      vertex 201.768 36.7678 -1
      vertex 201.768 36.7678 0
    endloop
  endfacet
  facet normal 0.752823 0.658223 0
    outer loop
      vertex 201.768 36.7678 -1
      vertex 201.983 36.5219 0
      vertex 201.983 36.5219 -1
    endloop
  endfacet
  facet normal 0.831014 0.556251 0
    outer loop
      vertex 202.165 36.25 0
      vertex 201.983 36.5219 -1
      vertex 201.983 36.5219 0
    endloop
  endfacet
  facet normal 0.831014 0.556251 0
    outer loop
      vertex 201.983 36.5219 -1
      vertex 202.165 36.25 0
      vertex 202.165 36.25 -1
    endloop
  endfacet
  facet normal 0.194941 0.980815 -0
    outer loop
      vertex 200.647 37.4148 -1
      vertex 200.326 37.4786 0
      vertex 200.647 37.4148 0
    endloop
  endfacet
  facet normal 0.194941 0.980815 0
    outer loop
      vertex 200.326 37.4786 0
      vertex 200.647 37.4148 -1
      vertex 200.326 37.4786 -1
    endloop
  endfacet
  facet normal 0.0655032 0.997852 -0
    outer loop
      vertex 200.326 37.4786 -1
      vertex 200 37.5 0
      vertex 200.326 37.4786 0
    endloop
  endfacet
  facet normal 0.0655032 0.997852 0
    outer loop
      vertex 200 37.5 0
      vertex 200.326 37.4786 -1
      vertex 200 37.5 -1
    endloop
  endfacet
  facet normal 0.442556 0.896741 -0
    outer loop
      vertex 201.25 37.1651 -1
      vertex 200.957 37.3097 0
      vertex 201.25 37.1651 0
    endloop
  endfacet
  facet normal 0.442556 0.896741 0
    outer loop
      vertex 200.957 37.3097 0
      vertex 201.25 37.1651 -1
      vertex 200.957 37.3097 -1
    endloop
  endfacet
  facet normal 0 0 -1
    outer loop
      vertex 202.479 34.6737 -1
      vertex 202.479 35.3263 -1
      vertex 202.5 35 -1
    endloop
  endfacet
  facet normal 0 0 -1
    outer loop
      vertex 202.415 34.353 -1
      vertex 202.479 35.3263 -1
      vertex 202.479 34.6737 -1
    endloop
  endfacet
  facet normal 0 0 -1
    outer loop
      vertex 202.415 34.353 -1
      vertex 202.415 35.647 -1
      vertex 202.479 35.3263 -1
    endloop
  endfacet
  facet normal 0 0 -1
    outer loop
      vertex 202.31 34.0433 -1
      vertex 202.415 35.647 -1
      vertex 202.415 34.353 -1
    endloop
  endfacet
  facet normal 0 0 -1
    outer loop
      vertex 202.31 34.0433 -1
      vertex 202.31 35.9567 -1
      vertex 202.415 35.647 -1
    endloop
  endfacet
  facet normal 0 0 -1
    outer loop
      vertex 202.165 33.75 -1
      vertex 202.31 35.9567 -1
      vertex 202.31 34.0433 -1
    endloop
  endfacet
  facet normal 0 0 -1
    outer loop
      vertex 202.165 33.75 -1
      vertex 202.165 36.25 -1
      vertex 202.31 35.9567 -1
    endloop
  endfacet
  facet normal 0 0 -1
    outer loop
      vertex 201.983 33.4781 -1
      vertex 202.165 36.25 -1
      vertex 202.165 33.75 -1
    endloop
  endfacet
  facet normal 0 0 -1
    outer loop
      vertex 201.983 33.4781 -1
      vertex 201.983 36.5219 -1
      vertex 202.165 36.25 -1
    endloop
  endfacet
  facet normal 0 0 -1
    outer loop
      vertex 201.768 33.2322 -1
      vertex 201.983 36.5219 -1
      vertex 201.983 33.4781 -1
    endloop
  endfacet
  facet normal 0 0 -1
    outer loop
      vertex 201.768 33.2322 -1
      vertex 201.768 36.7678 -1
      vertex 201.983 36.5219 -1
    endloop
  endfacet
  facet normal 0 0 -1
    outer loop
      vertex 201.522 33.0166 -1
      vertex 201.768 36.7678 -1
      vertex 201.768 33.2322 -1
    endloop
  endfacet
  facet normal 0 0 -1
    outer loop
      vertex 201.522 33.0166 -1
      vertex 201.522 36.9834 -1
      vertex 201.768 36.7678 -1
    endloop
  endfacet
  facet normal 0 0 -1
    outer loop
      vertex 201.25 32.8349 -1
      vertex 201.522 36.9834 -1
      vertex 201.522 33.0166 -1
    endloop
  endfacet
  facet normal 0 0 -1
    outer loop
      vertex 201.25 32.8349 -1
      vertex 201.25 37.1651 -1
      vertex 201.522 36.9834 -1
    endloop
  endfacet
  facet normal 0 0 -1
    outer loop
      vertex 200.957 32.6903 -1
      vertex 201.25 37.1651 -1
      vertex 201.25 32.8349 -1
    endloop
  endfacet
  facet normal 0 0 -1
    outer loop
      vertex 200.957 32.6903 -1
      vertex 200.957 37.3097 -1
      vertex 201.25 37.1651 -1
    endloop
  endfacet
  facet normal 0 0 -1
    outer loop
      vertex 200.647 32.5852 -1
      vertex 200.957 37.3097 -1
      vertex 200.957 32.6903 -1
    endloop
  endfacet
  facet normal 0 0 -1
    outer loop
      vertex 200.647 32.5852 -1
      vertex 200.647 37.4148 -1
      vertex 200.957 37.3097 -1
    endloop
  endfacet
  facet normal 0 0 -1
    outer loop
      vertex 200.326 32.5214 -1
      vertex 200.647 37.4148 -1
      vertex 200.647 32.5852 -1
    endloop
  endfacet
  facet normal 0 0 -1
    outer loop
      vertex 200.326 32.5214 -1
      vertex 200.326 37.4786 -1
      vertex 200.647 37.4148 -1
    endloop
  endfacet
  facet normal 0 0 -1
    outer loop
      vertex 200 32.5 -1
      vertex 200.326 37.4786 -1
      vertex 200.326 32.5214 -1
    endloop
  endfacet
  facet normal 0 0 -1
    outer loop
      vertex 200 32.5 -1
      vertex 200 37.5 -1
      vertex 200.326 37.4786 -1
    endloop
  endfacet
  facet normal 0 0 -1
    outer loop
      vertex 199.674 32.5214 -1
      vertex 200 37.5 -1
      vertex 200 32.5 -1
    endloop
  endfacet
  facet normal 0 0 -1
    outer loop
      vertex 199.674 32.5214 -1
      vertex 199.674 37.4786 -1
      vertex 200 37.5 -1
    endloop
  endfacet
  facet normal 0 0 -1
    outer loop
      vertex 199.353 32.5852 -1
      vertex 199.674 37.4786 -1
      vertex 199.674 32.5214 -1
    endloop
  endfacet
  facet normal 0 0 -1
    outer loop
      vertex 199.353 32.5852 -1
      vertex 199.353 37.4148 -1
      vertex 199.674 37.4786 -1
    endloop
  endfacet
  facet normal 0 0 -1
    outer loop
      vertex 199.043 32.6903 -1
      vertex 199.353 37.4148 -1
      vertex 199.353 32.5852 -1
    endloop
  endfacet
  facet normal 0 0 -1
    outer loop
      vertex 199.043 32.6903 -1
      vertex 199.043 37.3097 -1
      vertex 199.353 37.4148 -1
    endloop
  endfacet
  facet normal 0 0 -1
    outer loop
      vertex 198.75 32.8349 -1
      vertex 199.043 37.3097 -1
      vertex 199.043 32.6903 -1
    endloop
  endfacet
  facet normal 0 0 -1
    outer loop
      vertex 198.75 32.8349 -1
      vertex 198.75 37.1651 -1
      vertex 199.043 37.3097 -1
    endloop
  endfacet
  facet normal 0 0 -1
    outer loop
      vertex 198.478 33.0166 -1
      vertex 198.75 37.1651 -1
      vertex 198.75 32.8349 -1
    endloop
  endfacet
  facet normal 0 0 -1
    outer loop
      vertex 198.478 33.0166 -1
      vertex 198.478 36.9834 -1
      vertex 198.75 37.1651 -1
    endloop
  endfacet
  facet normal 0 0 -1
    outer loop
      vertex 198.232 33.2322 -1
      vertex 198.478 36.9834 -1
      vertex 198.478 33.0166 -1
    endloop
  endfacet
  facet normal 0 0 -1
    outer loop
      vertex 198.232 33.2322 -1
      vertex 198.232 36.7678 -1
      vertex 198.478 36.9834 -1
    endloop
  endfacet
  facet normal 0 0 -1
    outer loop
      vertex 198.017 33.4781 -1
      vertex 198.232 36.7678 -1
      vertex 198.232 33.2322 -1
    endloop
  endfacet
  facet normal 0 0 -1
    outer loop
      vertex 198.017 33.4781 -1
      vertex 198.017 36.5219 -1
      vertex 198.232 36.7678 -1
    endloop
  endfacet
  facet normal 0 0 -1
    outer loop
      vertex 197.835 33.75 -1
      vertex 198.017 36.5219 -1
      vertex 198.017 33.4781 -1
    endloop
  endfacet
  facet normal 0 0 -1
    outer loop
      vertex 197.835 33.75 -1
      vertex 197.835 36.25 -1
      vertex 198.017 36.5219 -1
    endloop
  endfacet
  facet normal 0 0 -1
    outer loop
      vertex 197.69 34.0433 -1
      vertex 197.835 36.25 -1
      vertex 197.835 33.75 -1
    endloop
  endfacet
  facet normal 0 0 -1
    outer loop
      vertex 197.69 34.0433 -1
      vertex 197.69 35.9567 -1
      vertex 197.835 36.25 -1
    endloop
  endfacet
  facet normal 0 0 -1
    outer loop
      vertex 197.585 34.353 -1
      vertex 197.69 35.9567 -1
      vertex 197.69 34.0433 -1
    endloop
  endfacet
  facet normal 0 0 -1
    outer loop
      vertex 197.585 34.353 -1
      vertex 197.585 35.647 -1
      vertex 197.69 35.9567 -1
    endloop
  endfacet
  facet normal 0 0 -1
    outer loop
      vertex 197.521 34.6737 -1
      vertex 197.585 35.647 -1
      vertex 197.585 34.353 -1
    endloop
  endfacet
  facet normal 0 0 -1
    outer loop
      vertex 197.521 34.6737 -1
      vertex 197.521 35.3263 -1
      vertex 197.585 35.647 -1
    endloop
  endfacet
  facet normal 0 -0 -1
    outer loop
      vertex 197.521 35.3263 -1
      vertex 197.521 34.6737 -1
      vertex 197.5 35 -1
    endloop
  endfacet
  facet normal -0.896435 0.443175 0
    outer loop
      vertex 197.69 35.9567 -1
      vertex 197.835 36.25 0
      vertex 197.835 36.25 -1
    endloop
  endfacet
  facet normal -0.896435 0.443175 0
    outer loop
      vertex 197.835 36.25 0
      vertex 197.69 35.9567 -1
      vertex 197.69 35.9567 0
    endloop
  endfacet
  facet normal -0.997935 0.0642251 0
    outer loop
      vertex 197.5 35 -1
      vertex 197.521 35.3263 0
      vertex 197.521 35.3263 -1
    endloop
  endfacet
  facet normal -0.997935 0.0642251 0
    outer loop
      vertex 197.521 35.3263 0
      vertex 197.5 35 -1
      vertex 197.5 35 0
    endloop
  endfacet
  facet normal -0.555476 0.831533 0
    outer loop
      vertex 198.75 37.1651 -1
      vertex 198.478 36.9834 0
      vertex 198.75 37.1651 0
    endloop
  endfacet
  facet normal -0.555476 0.831533 0
    outer loop
      vertex 198.478 36.9834 0
      vertex 198.75 37.1651 -1
      vertex 198.478 36.9834 -1
    endloop
  endfacet
  facet normal -0.65911 0.752046 0
    outer loop
      vertex 198.478 36.9834 -1
      vertex 198.232 36.7678 0
      vertex 198.478 36.9834 0
    endloop
  endfacet
  facet normal -0.65911 0.752046 0
    outer loop
      vertex 198.232 36.7678 0
      vertex 198.478 36.9834 -1
      vertex 198.232 36.7678 -1
    endloop
  endfacet
  facet normal -0.194941 0.980815 0
    outer loop
      vertex 199.674 37.4786 -1
      vertex 199.353 37.4148 0
      vertex 199.674 37.4786 0
    endloop
  endfacet
  facet normal -0.194941 0.980815 0
    outer loop
      vertex 199.353 37.4148 0
      vertex 199.674 37.4786 -1
      vertex 199.353 37.4148 -1
    endloop
  endfacet
  facet normal 0.321081 -0.947052 0
    outer loop
      vertex 200.647 32.5852 -1
      vertex 200.957 32.6903 0
      vertex 200.647 32.5852 0
    endloop
  endfacet
  facet normal 0.321081 -0.947052 0
    outer loop
      vertex 200.957 32.6903 0
      vertex 200.647 32.5852 -1
      vertex 200.957 32.6903 -1
    endloop
  endfacet
  facet normal 0.752823 -0.658223 0
    outer loop
      vertex 201.768 33.2322 0
      vertex 201.983 33.4781 -1
      vertex 201.983 33.4781 0
    endloop
  endfacet
  facet normal 0.752823 -0.658223 0
    outer loop
      vertex 201.983 33.4781 -1
      vertex 201.768 33.2322 0
      vertex 201.768 33.2322 -1
    endloop
  endfacet
  facet normal 0.555476 -0.831533 0
    outer loop
      vertex 201.25 32.8349 -1
      vertex 201.522 33.0166 0
      vertex 201.25 32.8349 0
    endloop
  endfacet
  facet normal 0.555476 -0.831533 0
    outer loop
      vertex 201.522 33.0166 0
      vertex 201.25 32.8349 -1
      vertex 201.522 33.0166 -1
    endloop
  endfacet
  facet normal 0.831014 -0.556251 0
    outer loop
      vertex 201.983 33.4781 0
      vertex 202.165 33.75 -1
      vertex 202.165 33.75 0
    endloop
  endfacet
  facet normal 0.831014 -0.556251 0
    outer loop
      vertex 202.165 33.75 -1
      vertex 201.983 33.4781 0
      vertex 201.983 33.4781 -1
    endloop
  endfacet
  facet normal 0.94705 -0.321086 0
    outer loop
      vertex 202.31 34.0433 0
      vertex 202.415 34.353 -1
      vertex 202.415 34.353 0
    endloop
  endfacet
  facet normal 0.94705 -0.321086 0
    outer loop
      vertex 202.415 34.353 -1
      vertex 202.31 34.0433 0
      vertex 202.31 34.0433 -1
    endloop
  endfacet
  facet normal -0.555476 -0.831533 0
    outer loop
      vertex 198.478 33.0166 -1
      vertex 198.75 32.8349 0
      vertex 198.478 33.0166 0
    endloop
  endfacet
  facet normal -0.555476 -0.831533 -0
    outer loop
      vertex 198.75 32.8349 0
      vertex 198.478 33.0166 -1
      vertex 198.75 32.8349 -1
    endloop
  endfacet
  facet normal -0.321081 -0.947052 0
    outer loop
      vertex 199.043 32.6903 -1
      vertex 199.353 32.5852 0
      vertex 199.043 32.6903 0
    endloop
  endfacet
  facet normal -0.321081 -0.947052 -0
    outer loop
      vertex 199.353 32.5852 0
      vertex 199.043 32.6903 -1
      vertex 199.353 32.5852 -1
    endloop
  endfacet
  facet normal -0.0655032 -0.997852 0
    outer loop
      vertex 199.674 32.5214 -1
      vertex 200 32.5 0
      vertex 199.674 32.5214 0
    endloop
  endfacet
  facet normal -0.0655032 -0.997852 -0
    outer loop
      vertex 200 32.5 0
      vertex 199.674 32.5214 -1
      vertex 200 32.5 -1
    endloop
  endfacet
  facet normal -0.831014 -0.556251 0
    outer loop
      vertex 198.017 33.4781 -1
      vertex 197.835 33.75 0
      vertex 197.835 33.75 -1
    endloop
  endfacet
  facet normal -0.831014 -0.556251 0
    outer loop
      vertex 197.835 33.75 0
      vertex 198.017 33.4781 -1
      vertex 198.017 33.4781 0
    endloop
  endfacet
  facet normal -0.65911 -0.752046 0
    outer loop
      vertex 198.232 33.2322 -1
      vertex 198.478 33.0166 0
      vertex 198.232 33.2322 0
    endloop
  endfacet
  facet normal -0.65911 -0.752046 -0
    outer loop
      vertex 198.478 33.0166 0
      vertex 198.232 33.2322 -1
      vertex 198.478 33.0166 -1
    endloop
  endfacet
  facet normal -0.896435 -0.443175 0
    outer loop
      vertex 197.835 33.75 -1
      vertex 197.69 34.0433 0
      vertex 197.69 34.0433 -1
    endloop
  endfacet
  facet normal -0.896435 -0.443175 0
    outer loop
      vertex 197.69 34.0433 0
      vertex 197.835 33.75 -1
      vertex 197.835 33.75 0
    endloop
  endfacet
  facet normal -0.980663 -0.195704 0
    outer loop
      vertex 197.585 34.353 -1
      vertex 197.521 34.6737 0
      vertex 197.521 34.6737 -1
    endloop
  endfacet
  facet normal -0.980663 -0.195704 0
    outer loop
      vertex 197.521 34.6737 0
      vertex 197.585 34.353 -1
      vertex 197.585 34.353 0
    endloop
  endfacet
  facet normal -0.997935 -0.0642251 0
    outer loop
      vertex 197.521 34.6737 -1
      vertex 197.5 35 0
      vertex 197.5 35 -1
    endloop
  endfacet
  facet normal -0.997935 -0.0642251 0
    outer loop
      vertex 197.5 35 0
      vertex 197.521 34.6737 -1
      vertex 197.521 34.6737 0
    endloop
  endfacet
  facet normal 0.997935 -0.0642251 0
    outer loop
      vertex 202.479 34.6737 0
      vertex 202.5 35 -1
      vertex 202.5 35 0
    endloop
  endfacet
  facet normal 0.997935 -0.0642251 0
    outer loop
      vertex 202.5 35 -1
      vertex 202.479 34.6737 0
      vertex 202.479 34.6737 -1
    endloop
  endfacet
  facet normal 0.442556 -0.896741 0
    outer loop
      vertex 200.957 32.6903 -1
      vertex 201.25 32.8349 0
      vertex 200.957 32.6903 0
    endloop
  endfacet
  facet normal 0.442556 -0.896741 0
    outer loop
      vertex 201.25 32.8349 0
      vertex 200.957 32.6903 -1
      vertex 201.25 32.8349 -1
    endloop
  endfacet
  facet normal 0.65911 -0.752046 0
    outer loop
      vertex 201.522 33.0166 -1
      vertex 201.768 33.2322 0
      vertex 201.522 33.0166 0
    endloop
  endfacet
  facet normal 0.65911 -0.752046 0
    outer loop
      vertex 201.768 33.2322 0
      vertex 201.522 33.0166 -1
      vertex 201.768 33.2322 -1
    endloop
  endfacet
  facet normal 0.896435 -0.443175 0
    outer loop
      vertex 202.165 33.75 0
      vertex 202.31 34.0433 -1
      vertex 202.31 34.0433 0
    endloop
  endfacet
  facet normal 0.896435 -0.443175 0
    outer loop
      vertex 202.31 34.0433 -1
      vertex 202.165 33.75 0
      vertex 202.165 33.75 -1
    endloop
  endfacet
  facet normal -0.442556 -0.896741 0
    outer loop
      vertex 198.75 32.8349 -1
      vertex 199.043 32.6903 0
      vertex 198.75 32.8349 0
    endloop
  endfacet
  facet normal -0.442556 -0.896741 -0
    outer loop
      vertex 199.043 32.6903 0
      vertex 198.75 32.8349 -1
      vertex 199.043 32.6903 -1
    endloop
  endfacet
  facet normal -0.752823 -0.658223 0
    outer loop
      vertex 198.232 33.2322 -1
      vertex 198.017 33.4781 0
      vertex 198.017 33.4781 -1
    endloop
  endfacet
  facet normal -0.752823 -0.658223 0
    outer loop
      vertex 198.017 33.4781 0
      vertex 198.232 33.2322 -1
      vertex 198.232 33.2322 0
    endloop
  endfacet
  facet normal -0.94705 -0.321086 0
    outer loop
      vertex 197.69 34.0433 -1
      vertex 197.585 34.353 0
      vertex 197.585 34.353 -1
    endloop
  endfacet
  facet normal -0.94705 -0.321086 0
    outer loop
      vertex 197.585 34.353 0
      vertex 197.69 34.0433 -1
      vertex 197.69 34.0433 0
    endloop
  endfacet
  facet normal -0.94665 -0.322263 0
    outer loop
      vertex 110.457 3.70389 0
      vertex 110.204 4.44708 2
      vertex 110.204 4.44708 0
    endloop
  endfacet
  facet normal -0.94665 -0.322263 0
    outer loop
      vertex 110.204 4.44708 2
      vertex 110.457 3.70389 0
      vertex 110.457 3.70389 2
    endloop
  endfacet
  facet normal -0.896933 -0.442166 0
    outer loop
      vertex 110.804 3 0
      vertex 110.457 3.70389 2
      vertex 110.457 3.70389 0
    endloop
  endfacet
  facet normal -0.896933 -0.442166 0
    outer loop
      vertex 110.457 3.70389 2
      vertex 110.804 3 0
      vertex 110.804 3 2
    endloop
  endfacet
  facet normal -0.442212 0.89691 0
    outer loop
      vertex 113.704 69.5433 0
      vertex 113 69.1962 2
      vertex 113.704 69.5433 2
    endloop
  endfacet
  facet normal -0.442212 0.89691 0
    outer loop
      vertex 113 69.1962 2
      vertex 113.704 69.5433 0
      vertex 113 69.1962 0
    endloop
  endfacet
  facet normal -0.997886 0.0649881 0
    outer loop
      vertex 110 64 0
      vertex 110.051 64.7831 2
      vertex 110.051 64.7831 0
    endloop
  endfacet
  facet normal -0.997886 0.0649881 0
    outer loop
      vertex 110.051 64.7831 2
      vertex 110 64 0
      vertex 110 64 2
    endloop
  endfacet
  facet normal 0 0 -1
    outer loop
      vertex 136.647 37.4148 0
      vertex 119.685 61.7781 0
      vertex 119.7 62 0
    endloop
  endfacet
  facet normal 0 0 -1
    outer loop
      vertex 118.222 60.3145 0
      vertex 120 37.5 0
      vertex 119.674 37.4786 0
    endloop
  endfacet
  facet normal 0 0 -1
    outer loop
      vertex 120.326 37.4786 0
      vertex 119.642 61.56 0
      vertex 119.685 61.7781 0
    endloop
  endfacet
  facet normal 0 0 -1
    outer loop
      vertex 120.326 37.4786 0
      vertex 119.571 61.3494 0
      vertex 119.642 61.56 0
    endloop
  endfacet
  facet normal 0 0 -1
    outer loop
      vertex 120.326 37.4786 0
      vertex 119.472 61.15 0
      vertex 119.571 61.3494 0
    endloop
  endfacet
  facet normal 0 0 -1
    outer loop
      vertex 118 60.3 0
      vertex 119.674 37.4786 0
      vertex 119.353 37.4148 0
    endloop
  endfacet
  facet normal 0 0 -1
    outer loop
      vertex 120.326 37.4786 0
      vertex 119.349 60.9651 0
      vertex 119.472 61.15 0
    endloop
  endfacet
  facet normal 0 0 -1
    outer loop
      vertex 120.326 37.4786 0
      vertex 119.202 60.7979 0
      vertex 119.349 60.9651 0
    endloop
  endfacet
  facet normal 0 0 -1
    outer loop
      vertex 117.778 60.3145 0
      vertex 119.353 37.4148 0
      vertex 119.043 37.3097 0
    endloop
  endfacet
  facet normal 0 0 -1
    outer loop
      vertex 120.326 37.4786 0
      vertex 119.035 60.6513 0
      vertex 119.202 60.7979 0
    endloop
  endfacet
  facet normal 0 0 -1
    outer loop
      vertex 120.326 37.4786 0
      vertex 118.85 60.5278 0
      vertex 119.035 60.6513 0
    endloop
  endfacet
  facet normal 0 0 -1
    outer loop
      vertex 117.56 60.3579 0
      vertex 119.043 37.3097 0
      vertex 118.75 37.1651 0
    endloop
  endfacet
  facet normal 0 0 -1
    outer loop
      vertex 120.326 37.4786 0
      vertex 118.651 60.4294 0
      vertex 118.85 60.5278 0
    endloop
  endfacet
  facet normal 0 0 -1
    outer loop
      vertex 117.15 60.5278 0
      vertex 118.75 37.1651 0
      vertex 118.478 36.9834 0
    endloop
  endfacet
  facet normal 0 0 -1
    outer loop
      vertex 120.326 37.4786 0
      vertex 118.44 60.3579 0
      vertex 118.651 60.4294 0
    endloop
  endfacet
  facet normal 0 0 -1
    outer loop
      vertex 116.965 60.6513 0
      vertex 118.478 36.9834 0
      vertex 118.232 36.7678 0
    endloop
  endfacet
  facet normal 0 0 -1
    outer loop
      vertex 120 37.5 0
      vertex 118.222 60.3145 0
      vertex 118.44 60.3579 0
    endloop
  endfacet
  facet normal 0 0 -1
    outer loop
      vertex 110 64 0
      vertex 118.232 36.7678 0
      vertex 118.017 36.5219 0
    endloop
  endfacet
  facet normal 0 0 -1
    outer loop
      vertex 119.674 37.4786 0
      vertex 118 60.3 0
      vertex 118.222 60.3145 0
    endloop
  endfacet
  facet normal 0 0 -1
    outer loop
      vertex 110 64 0
      vertex 118.017 36.5219 0
      vertex 117.835 36.25 0
    endloop
  endfacet
  facet normal 0 0 -1
    outer loop
      vertex 119.353 37.4148 0
      vertex 117.778 60.3145 0
      vertex 118 60.3 0
    endloop
  endfacet
  facet normal 0 0 -1
    outer loop
      vertex 110 64 0
      vertex 117.835 36.25 0
      vertex 117.69 35.9567 0
    endloop
  endfacet
  facet normal 0 0 -1
    outer loop
      vertex 110 64 0
      vertex 117.69 35.9567 0
      vertex 117.585 35.647 0
    endloop
  endfacet
  facet normal 0 0 -1
    outer loop
      vertex 119.043 37.3097 0
      vertex 117.56 60.3579 0
      vertex 117.778 60.3145 0
    endloop
  endfacet
  facet normal 0 0 -1
    outer loop
      vertex 110 64 0
      vertex 117.585 35.647 0
      vertex 117.521 35.3263 0
    endloop
  endfacet
  facet normal 0 0 -1
    outer loop
      vertex 110 64 0
      vertex 117.521 35.3263 0
      vertex 117.5 35 0
    endloop
  endfacet
  facet normal -0 0 -1
    outer loop
      vertex 117.69 34.0433 0
      vertex 110 6 0
      vertex 117.585 34.353 0
    endloop
  endfacet
  facet normal 0 0 -1
    outer loop
      vertex 118.75 37.1651 0
      vertex 117.349 60.4294 0
      vertex 117.56 60.3579 0
    endloop
  endfacet
  facet normal -0 0 -1
    outer loop
      vertex 117.585 34.353 0
      vertex 110 6 0
      vertex 117.521 34.6737 0
    endloop
  endfacet
  facet normal 0 0 -1
    outer loop
      vertex 118.75 37.1651 0
      vertex 117.15 60.5278 0
      vertex 117.349 60.4294 0
    endloop
  endfacet
  facet normal -0 0 -1
    outer loop
      vertex 117.521 34.6737 0
      vertex 110 6 0
      vertex 117.5 35 0
    endloop
  endfacet
  facet normal 0 0 -1
    outer loop
      vertex 110 64 0
      vertex 117.5 35 0
      vertex 110 6 0
    endloop
  endfacet
  facet normal 0 0 -1
    outer loop
      vertex 110 6 0
      vertex 116.965 9.3487 0
      vertex 116.798 9.20208 0
    endloop
  endfacet
  facet normal 0 0 -1
    outer loop
      vertex 118.232 36.7678 0
      vertex 110 64 0
      vertex 116.965 60.6513 0
    endloop
  endfacet
  facet normal 0 0 -1
    outer loop
      vertex 110 6 0
      vertex 116.798 9.20208 0
      vertex 116.651 9.03489 0
    endloop
  endfacet
  facet normal 0 0 -1
    outer loop
      vertex 118.478 36.9834 0
      vertex 116.965 60.6513 0
      vertex 117.15 60.5278 0
    endloop
  endfacet
  facet normal 0 0 -1
    outer loop
      vertex 110 6 0
      vertex 116.651 9.03489 0
      vertex 116.528 8.85 0
    endloop
  endfacet
  facet normal 0 0 -1
    outer loop
      vertex 116.965 60.6513 0
      vertex 110 64 0
      vertex 116.798 60.7979 0
    endloop
  endfacet
  facet normal 0 0 -1
    outer loop
      vertex 110 6 0
      vertex 116.528 8.85 0
      vertex 116.429 8.65056 0
    endloop
  endfacet
  facet normal 0 0 -1
    outer loop
      vertex 116.798 60.7979 0
      vertex 110 64 0
      vertex 116.651 60.9651 0
    endloop
  endfacet
  facet normal 0 0 -1
    outer loop
      vertex 110 6 0
      vertex 116.429 8.65056 0
      vertex 116.358 8.43999 0
    endloop
  endfacet
  facet normal 0 0 -1
    outer loop
      vertex 116.651 60.9651 0
      vertex 110 64 0
      vertex 116.528 61.15 0
    endloop
  endfacet
  facet normal 0 0 -1
    outer loop
      vertex 110 6 0
      vertex 116.358 8.43999 0
      vertex 116.315 8.22189 0
    endloop
  endfacet
  facet normal 0 0 -1
    outer loop
      vertex 116.528 61.15 0
      vertex 110 64 0
      vertex 116.429 61.3494 0
    endloop
  endfacet
  facet normal 0 0 -1
    outer loop
      vertex 110 6 0
      vertex 116.315 8.22189 0
      vertex 116.3 8 0
    endloop
  endfacet
  facet normal 0 0 -1
    outer loop
      vertex 116.429 61.3494 0
      vertex 110 64 0
      vertex 116.358 61.56 0
    endloop
  endfacet
  facet normal -0 0 -1
    outer loop
      vertex 135.043 32.6903 0
      vertex 119.202 9.20208 0
      vertex 134.75 32.8349 0
    endloop
  endfacet
  facet normal 0 0 -1
    outer loop
      vertex 119.035 9.3487 0
      vertex 134.75 32.8349 0
      vertex 119.202 9.20208 0
    endloop
  endfacet
  facet normal -0 0 -1
    outer loop
      vertex 134.75 32.8349 0
      vertex 119.035 9.3487 0
      vertex 121.25 32.8349 0
    endloop
  endfacet
  facet normal 0 0 -1
    outer loop
      vertex 121.25 32.8349 0
      vertex 119.035 9.3487 0
      vertex 120.957 32.6903 0
    endloop
  endfacet
  facet normal 0 0 -1
    outer loop
      vertex 118.85 9.47224 0
      vertex 120.957 32.6903 0
      vertex 119.035 9.3487 0
    endloop
  endfacet
  facet normal 0 0 -1
    outer loop
      vertex 120.957 32.6903 0
      vertex 118.85 9.47224 0
      vertex 120.647 32.5852 0
    endloop
  endfacet
  facet normal 0 0 -1
    outer loop
      vertex 118.651 9.57059 0
      vertex 120.647 32.5852 0
      vertex 118.85 9.47224 0
    endloop
  endfacet
  facet normal 0 0 -1
    outer loop
      vertex 120.647 32.5852 0
      vertex 118.651 9.57059 0
      vertex 120.326 32.5214 0
    endloop
  endfacet
  facet normal 0 0 -1
    outer loop
      vertex 118.44 9.64207 0
      vertex 120.326 32.5214 0
      vertex 118.651 9.57059 0
    endloop
  endfacet
  facet normal 0 0 -1
    outer loop
      vertex 120.326 32.5214 0
      vertex 118.44 9.64207 0
      vertex 120 32.5 0
    endloop
  endfacet
  facet normal 0 0 -1
    outer loop
      vertex 118.222 9.68546 0
      vertex 120 32.5 0
      vertex 118.44 9.64207 0
    endloop
  endfacet
  facet normal -0 0 -1
    outer loop
      vertex 120 32.5 0
      vertex 118.222 9.68546 0
      vertex 119.674 32.5214 0
    endloop
  endfacet
  facet normal 0 0 -1
    outer loop
      vertex 118 9.7 0
      vertex 119.674 32.5214 0
      vertex 118.222 9.68546 0
    endloop
  endfacet
  facet normal -0 0 -1
    outer loop
      vertex 119.674 32.5214 0
      vertex 118 9.7 0
      vertex 119.353 32.5852 0
    endloop
  endfacet
  facet normal 0 0 -1
    outer loop
      vertex 117.778 9.68546 0
      vertex 119.353 32.5852 0
      vertex 118 9.7 0
    endloop
  endfacet
  facet normal -0 0 -1
    outer loop
      vertex 119.353 32.5852 0
      vertex 117.778 9.68546 0
      vertex 119.043 32.6903 0
    endloop
  endfacet
  facet normal 0 0 -1
    outer loop
      vertex 117.56 9.64207 0
      vertex 119.043 32.6903 0
      vertex 117.778 9.68546 0
    endloop
  endfacet
  facet normal -0 0 -1
    outer loop
      vertex 119.043 32.6903 0
      vertex 117.56 9.64207 0
      vertex 118.75 32.8349 0
    endloop
  endfacet
  facet normal 0 0 -1
    outer loop
      vertex 117.349 9.57059 0
      vertex 118.75 32.8349 0
      vertex 117.56 9.64207 0
    endloop
  endfacet
  facet normal 0 0 -1
    outer loop
      vertex 117.15 9.47224 0
      vertex 118.75 32.8349 0
      vertex 117.349 9.57059 0
    endloop
  endfacet
  facet normal -0 0 -1
    outer loop
      vertex 118.75 32.8349 0
      vertex 117.15 9.47224 0
      vertex 118.478 33.0166 0
    endloop
  endfacet
  facet normal 0 0 -1
    outer loop
      vertex 116.965 9.3487 0
      vertex 118.478 33.0166 0
      vertex 117.15 9.47224 0
    endloop
  endfacet
  facet normal -0 0 -1
    outer loop
      vertex 118.478 33.0166 0
      vertex 116.965 9.3487 0
      vertex 118.232 33.2322 0
    endloop
  endfacet
  facet normal 0 0 -1
    outer loop
      vertex 110 6 0
      vertex 118.232 33.2322 0
      vertex 116.965 9.3487 0
    endloop
  endfacet
  facet normal -0 0 -1
    outer loop
      vertex 118.232 33.2322 0
      vertex 110 6 0
      vertex 118.017 33.4781 0
    endloop
  endfacet
  facet normal -0 0 -1
    outer loop
      vertex 118.017 33.4781 0
      vertex 110 6 0
      vertex 117.835 33.75 0
    endloop
  endfacet
  facet normal -0 0 -1
    outer loop
      vertex 117.835 33.75 0
      vertex 110 6 0
      vertex 117.69 34.0433 0
    endloop
  endfacet
  facet normal 0 -0 -1
    outer loop
      vertex 202.5 35 0
      vertex 210 6 0
      vertex 202.479 34.6737 0
    endloop
  endfacet
  facet normal 0 0 -1
    outer loop
      vertex 210 64 0
      vertex 203.685 61.7781 0
      vertex 203.7 62 0
    endloop
  endfacet
  facet normal 0 0 -1
    outer loop
      vertex 202.479 34.6737 0
      vertex 203.685 8.22189 0
      vertex 203.642 8.43999 0
    endloop
  endfacet
  facet normal 0 0 -1
    outer loop
      vertex 202.479 35.3263 0
      vertex 210 64 0
      vertex 202.5 35 0
    endloop
  endfacet
  facet normal 0 0 -1
    outer loop
      vertex 202.415 34.353 0
      vertex 203.642 8.43999 0
      vertex 203.571 8.65056 0
    endloop
  endfacet
  facet normal 0 0 -1
    outer loop
      vertex 202.415 35.647 0
      vertex 210 64 0
      vertex 202.479 35.3263 0
    endloop
  endfacet
  facet normal 0 0 -1
    outer loop
      vertex 202.31 34.0433 0
      vertex 203.571 8.65056 0
      vertex 203.472 8.85 0
    endloop
  endfacet
  facet normal 0 0 -1
    outer loop
      vertex 210 64 0
      vertex 203.642 61.56 0
      vertex 203.685 61.7781 0
    endloop
  endfacet
  facet normal 0 0 -1
    outer loop
      vertex 202.165 33.75 0
      vertex 203.472 8.85 0
      vertex 203.349 9.03489 0
    endloop
  endfacet
  facet normal 0 0 -1
    outer loop
      vertex 202.31 35.9567 0
      vertex 210 64 0
      vertex 202.415 35.647 0
    endloop
  endfacet
  facet normal 0 0 -1
    outer loop
      vertex 201.983 33.4781 0
      vertex 203.349 9.03489 0
      vertex 203.202 9.20208 0
    endloop
  endfacet
  facet normal 0 0 -1
    outer loop
      vertex 210 64 0
      vertex 203.571 61.3494 0
      vertex 203.642 61.56 0
    endloop
  endfacet
  facet normal 0 0 -1
    outer loop
      vertex 201.768 33.2322 0
      vertex 203.202 9.20208 0
      vertex 203.035 9.3487 0
    endloop
  endfacet
  facet normal 0 0 -1
    outer loop
      vertex 202.165 36.25 0
      vertex 210 64 0
      vertex 202.31 35.9567 0
    endloop
  endfacet
  facet normal 0 0 -1
    outer loop
      vertex 201.522 33.0166 0
      vertex 203.035 9.3487 0
      vertex 202.85 9.47224 0
    endloop
  endfacet
  facet normal 0 0 -1
    outer loop
      vertex 210 64 0
      vertex 203.472 61.15 0
      vertex 203.571 61.3494 0
    endloop
  endfacet
  facet normal 0 0 -1
    outer loop
      vertex 201.25 32.8349 0
      vertex 202.85 9.47224 0
      vertex 202.651 9.57059 0
    endloop
  endfacet
  facet normal 0 0 -1
    outer loop
      vertex 201.983 36.5219 0
      vertex 210 64 0
      vertex 202.165 36.25 0
    endloop
  endfacet
  facet normal 0 0 -1
    outer loop
      vertex 210 64 0
      vertex 203.349 60.9651 0
      vertex 203.472 61.15 0
    endloop
  endfacet
  facet normal 0 0 -1
    outer loop
      vertex 210 6 0
      vertex 202.5 35 0
      vertex 210 64 0
    endloop
  endfacet
  facet normal 0 0 -1
    outer loop
      vertex 201.25 32.8349 0
      vertex 202.651 9.57059 0
      vertex 202.44 9.64207 0
    endloop
  endfacet
  facet normal 0 0 -1
    outer loop
      vertex 203.642 8.43999 0
      vertex 202.415 34.353 0
      vertex 202.479 34.6737 0
    endloop
  endfacet
  facet normal 0 0 -1
    outer loop
      vertex 203.571 8.65056 0
      vertex 202.31 34.0433 0
      vertex 202.415 34.353 0
    endloop
  endfacet
  facet normal 0 0 -1
    outer loop
      vertex 200.957 32.6903 0
      vertex 202.44 9.64207 0
      vertex 202.222 9.68546 0
    endloop
  endfacet
  facet normal 0 0 -1
    outer loop
      vertex 203.472 8.85 0
      vertex 202.165 33.75 0
      vertex 202.31 34.0433 0
    endloop
  endfacet
  facet normal 0 0 -1
    outer loop
      vertex 200.647 32.5852 0
      vertex 202.222 9.68546 0
      vertex 202 9.7 0
    endloop
  endfacet
  facet normal 0 0 -1
    outer loop
      vertex 203.349 9.03489 0
      vertex 201.983 33.4781 0
      vertex 202.165 33.75 0
    endloop
  endfacet
  facet normal 0 0 -1
    outer loop
      vertex 200.326 32.5214 0
      vertex 202 9.7 0
      vertex 201.778 9.68546 0
    endloop
  endfacet
  facet normal 0 0 -1
    outer loop
      vertex 203.202 9.20208 0
      vertex 201.768 33.2322 0
      vertex 201.983 33.4781 0
    endloop
  endfacet
  facet normal 0 0 -1
    outer loop
      vertex 200 32.5 0
      vertex 201.778 9.68546 0
      vertex 201.56 9.64207 0
    endloop
  endfacet
  facet normal 0 0 -1
    outer loop
      vertex 203.035 9.3487 0
      vertex 201.522 33.0166 0
      vertex 201.768 33.2322 0
    endloop
  endfacet
  facet normal 0 0 -1
    outer loop
      vertex 199.674 32.5214 0
      vertex 201.56 9.64207 0
      vertex 201.349 9.57059 0
    endloop
  endfacet
  facet normal 0 0 -1
    outer loop
      vertex 202.85 9.47224 0
      vertex 201.25 32.8349 0
      vertex 201.522 33.0166 0
    endloop
  endfacet
  facet normal 0 0 -1
    outer loop
      vertex 199.353 32.5852 0
      vertex 201.349 9.57059 0
      vertex 201.15 9.47224 0
    endloop
  endfacet
  facet normal 0 0 -1
    outer loop
      vertex 199.043 32.6903 0
      vertex 201.15 9.47224 0
      vertex 200.965 9.3487 0
    endloop
  endfacet
  facet normal 0 0 -1
    outer loop
      vertex 202.44 9.64207 0
      vertex 200.957 32.6903 0
      vertex 201.25 32.8349 0
    endloop
  endfacet
  facet normal 0 0 -1
    outer loop
      vertex 185.25 32.8349 0
      vertex 200.965 9.3487 0
      vertex 200.798 9.20208 0
    endloop
  endfacet
  facet normal 0 0 -1
    outer loop
      vertex 184.957 32.6903 0
      vertex 200.798 9.20208 0
      vertex 200.651 9.03489 0
    endloop
  endfacet
  facet normal 0 0 -1
    outer loop
      vertex 202.222 9.68546 0
      vertex 200.647 32.5852 0
      vertex 200.957 32.6903 0
    endloop
  endfacet
  facet normal 0 0 -1
    outer loop
      vertex 184.647 32.5852 0
      vertex 200.651 9.03489 0
      vertex 200.528 8.85 0
    endloop
  endfacet
  facet normal 0 0 -1
    outer loop
      vertex 184.326 32.5214 0
      vertex 200.528 8.85 0
      vertex 200.429 8.65056 0
    endloop
  endfacet
  facet normal 0 0 -1
    outer loop
      vertex 184 32.5 0
      vertex 200.429 8.65056 0
      vertex 200.358 8.43999 0
    endloop
  endfacet
  facet normal 0 0 -1
    outer loop
      vertex 202 9.7 0
      vertex 200.326 32.5214 0
      vertex 200.647 32.5852 0
    endloop
  endfacet
  facet normal 0 0 -1
    outer loop
      vertex 183.674 32.5214 0
      vertex 200.358 8.43999 0
      vertex 200.315 8.22189 0
    endloop
  endfacet
  facet normal 0 0 -1
    outer loop
      vertex 183.353 32.5852 0
      vertex 200.315 8.22189 0
      vertex 200.3 8 0
    endloop
  endfacet
  facet normal 0 0 -1
    outer loop
      vertex 201.778 9.68546 0
      vertex 200 32.5 0
      vertex 200.326 32.5214 0
    endloop
  endfacet
  facet normal 0 0 -1
    outer loop
      vertex 203.571 7.34944 0
      vertex 210 6 0
      vertex 209.949 5.21684 0
    endloop
  endfacet
  facet normal 0 0 -1
    outer loop
      vertex 203.685 8.22189 0
      vertex 210 6 0
      vertex 203.7 8 0
    endloop
  endfacet
  facet normal 0 0 -1
    outer loop
      vertex 203.472 7.15 0
      vertex 209.949 5.21684 0
      vertex 209.796 4.44708 0
    endloop
  endfacet
  facet normal 0 0 -1
    outer loop
      vertex 202.479 34.6737 0
      vertex 210 6 0
      vertex 203.685 8.22189 0
    endloop
  endfacet
  facet normal 0 0 -1
    outer loop
      vertex 203.472 7.15 0
      vertex 209.796 4.44708 0
      vertex 209.543 3.70389 0
    endloop
  endfacet
  facet normal 0 0 -1
    outer loop
      vertex 203.685 62.2219 0
      vertex 210 64 0
      vertex 203.7 62 0
    endloop
  endfacet
  facet normal 0 0 -1
    outer loop
      vertex 203.349 6.96511 0
      vertex 209.543 3.70389 0
      vertex 209.196 3 0
    endloop
  endfacet
  facet normal 0 0 -1
    outer loop
      vertex 203.642 62.44 0
      vertex 210 64 0
      vertex 203.685 62.2219 0
    endloop
  endfacet
  facet normal 0 0 -1
    outer loop
      vertex 203.349 6.96511 0
      vertex 209.196 3 0
      vertex 208.76 2.34743 0
    endloop
  endfacet
  facet normal 0 0 -1
    outer loop
      vertex 203.571 62.6506 0
      vertex 210 64 0
      vertex 203.642 62.44 0
    endloop
  endfacet
  facet normal 0 0 -1
    outer loop
      vertex 203.202 6.79792 0
      vertex 208.76 2.34743 0
      vertex 208.243 1.75735 0
    endloop
  endfacet
  facet normal -0 0 -1
    outer loop
      vertex 210 64 0
      vertex 203.571 62.6506 0
      vertex 209.949 64.7831 0
    endloop
  endfacet
  facet normal 0 0 -1
    outer loop
      vertex 203.202 6.79792 0
      vertex 208.243 1.75735 0
      vertex 207.653 1.23987 0
    endloop
  endfacet
  facet normal 0 0 -1
    outer loop
      vertex 203.472 62.85 0
      vertex 209.949 64.7831 0
      vertex 203.571 62.6506 0
    endloop
  endfacet
  facet normal 0 0 -1
    outer loop
      vertex 203.035 6.6513 0
      vertex 207.653 1.23987 0
      vertex 207 0.803833 0
    endloop
  endfacet
  facet normal -0 0 -1
    outer loop
      vertex 209.949 64.7831 0
      vertex 203.472 62.85 0
      vertex 209.796 65.5529 0
    endloop
  endfacet
  facet normal 0 0 -1
    outer loop
      vertex 203.035 6.6513 0
      vertex 207 0.803833 0
      vertex 206.296 0.456711 0
    endloop
  endfacet
  facet normal -0 0 -1
    outer loop
      vertex 209.796 65.5529 0
      vertex 203.472 62.85 0
      vertex 209.543 66.2961 0
    endloop
  endfacet
  facet normal 0 0 -1
    outer loop
      vertex 202.85 6.52776 0
      vertex 206.296 0.456711 0
      vertex 205.553 0.204437 0
    endloop
  endfacet
  facet normal 0 0 -1
    outer loop
      vertex 203.349 63.0349 0
      vertex 209.543 66.2961 0
      vertex 203.472 62.85 0
    endloop
  endfacet
  facet normal 0 0 -1
    outer loop
      vertex 202.85 6.52776 0
      vertex 205.553 0.204437 0
      vertex 204.783 0.0513306 0
    endloop
  endfacet
  facet normal -0 0 -1
    outer loop
      vertex 209.543 66.2961 0
      vertex 203.349 63.0349 0
      vertex 209.196 67 0
    endloop
  endfacet
  facet normal 0 0 -1
    outer loop
      vertex 202.651 6.4294 0
      vertex 204.783 0.0513306 0
      vertex 204 0 0
    endloop
  endfacet
  facet normal -0 0 -1
    outer loop
      vertex 209.196 67 0
      vertex 203.349 63.0349 0
      vertex 208.76 67.6526 0
    endloop
  endfacet
  facet normal 0 0 -1
    outer loop
      vertex 203.202 63.2021 0
      vertex 208.76 67.6526 0
      vertex 203.349 63.0349 0
    endloop
  endfacet
  facet normal 0 0 -1
    outer loop
      vertex 210 6 0
      vertex 203.685 7.7781 0
      vertex 203.7 8 0
    endloop
  endfacet
  facet normal 0 0 -1
    outer loop
      vertex 210 6 0
      vertex 203.642 7.56001 0
      vertex 203.685 7.7781 0
    endloop
  endfacet
  facet normal 0 0 -1
    outer loop
      vertex 210 6 0
      vertex 203.571 7.34944 0
      vertex 203.642 7.56001 0
    endloop
  endfacet
  facet normal 0 0 -1
    outer loop
      vertex 209.949 5.21684 0
      vertex 203.472 7.15 0
      vertex 203.571 7.34944 0
    endloop
  endfacet
  facet normal 0 0 -1
    outer loop
      vertex 209.543 3.70389 0
      vertex 203.349 6.96511 0
      vertex 203.472 7.15 0
    endloop
  endfacet
  facet normal 0 0 -1
    outer loop
      vertex 208.76 2.34743 0
      vertex 203.202 6.79792 0
      vertex 203.349 6.96511 0
    endloop
  endfacet
  facet normal 0 0 -1
    outer loop
      vertex 207.653 1.23987 0
      vertex 203.035 6.6513 0
      vertex 203.202 6.79792 0
    endloop
  endfacet
  facet normal 0 0 -1
    outer loop
      vertex 206.296 0.456711 0
      vertex 202.85 6.52776 0
      vertex 203.035 6.6513 0
    endloop
  endfacet
  facet normal 0 0 -1
    outer loop
      vertex 204.783 0.0513306 0
      vertex 202.651 6.4294 0
      vertex 202.85 6.52776 0
    endloop
  endfacet
  facet normal 0 0 -1
    outer loop
      vertex 204 0 0
      vertex 202.44 6.35793 0
      vertex 202.651 6.4294 0
    endloop
  endfacet
  facet normal 0 0 -1
    outer loop
      vertex 204 0 0
      vertex 202.222 6.31454 0
      vertex 202.44 6.35793 0
    endloop
  endfacet
  facet normal 0 0 -1
    outer loop
      vertex 204 0 0
      vertex 202 6.3 0
      vertex 202.222 6.31454 0
    endloop
  endfacet
  facet normal 0 0 -1
    outer loop
      vertex 204 0 0
      vertex 201.778 6.31454 0
      vertex 202 6.3 0
    endloop
  endfacet
  facet normal 0 0 -1
    outer loop
      vertex 204 0 0
      vertex 201.56 6.35793 0
      vertex 201.778 6.31454 0
    endloop
  endfacet
  facet normal 0 0 -1
    outer loop
      vertex 204 0 0
      vertex 201.349 6.4294 0
      vertex 201.56 6.35793 0
    endloop
  endfacet
  facet normal 0 0 -1
    outer loop
      vertex 204 0 0
      vertex 201.15 6.52776 0
      vertex 201.349 6.4294 0
    endloop
  endfacet
  facet normal 0 0 -1
    outer loop
      vertex 204 0 0
      vertex 200.965 6.6513 0
      vertex 201.15 6.52776 0
    endloop
  endfacet
  facet normal 0 0 -1
    outer loop
      vertex 204 0 0
      vertex 200.798 6.79792 0
      vertex 200.965 6.6513 0
    endloop
  endfacet
  facet normal 0 0 -1
    outer loop
      vertex 204 0 0
      vertex 200.651 6.96511 0
      vertex 200.798 6.79792 0
    endloop
  endfacet
  facet normal 0 0 -1
    outer loop
      vertex 204 0 0
      vertex 200.528 7.15 0
      vertex 200.651 6.96511 0
    endloop
  endfacet
  facet normal 0 0 -1
    outer loop
      vertex 119.472 7.15 0
      vertex 200.528 7.15 0
      vertex 204 0 0
    endloop
  endfacet
  facet normal 0 0 -1
    outer loop
      vertex 201.56 9.64207 0
      vertex 199.674 32.5214 0
      vertex 200 32.5 0
    endloop
  endfacet
  facet normal 0 0 -1
    outer loop
      vertex 201.349 9.57059 0
      vertex 199.353 32.5852 0
      vertex 199.674 32.5214 0
    endloop
  endfacet
  facet normal 0 0 -1
    outer loop
      vertex 201.15 9.47224 0
      vertex 199.043 32.6903 0
      vertex 199.353 32.5852 0
    endloop
  endfacet
  facet normal 0 0 -1
    outer loop
      vertex 200.965 9.3487 0
      vertex 198.75 32.8349 0
      vertex 199.043 32.6903 0
    endloop
  endfacet
  facet normal 0 0 -1
    outer loop
      vertex 200.965 9.3487 0
      vertex 185.25 32.8349 0
      vertex 198.75 32.8349 0
    endloop
  endfacet
  facet normal 0 0 -1
    outer loop
      vertex 168.647 32.5852 0
      vertex 200.3 8 0
      vertex 200.315 7.7781 0
    endloop
  endfacet
  facet normal 0 0 -1
    outer loop
      vertex 198.75 32.8349 0
      vertex 185.25 32.8349 0
      vertex 198.478 33.0166 0
    endloop
  endfacet
  facet normal 0 -0 -1
    outer loop
      vertex 185.522 33.0166 0
      vertex 198.478 33.0166 0
      vertex 185.25 32.8349 0
    endloop
  endfacet
  facet normal 0 0 -1
    outer loop
      vertex 198.478 33.0166 0
      vertex 185.522 33.0166 0
      vertex 198.232 33.2322 0
    endloop
  endfacet
  facet normal 0 -0 -1
    outer loop
      vertex 185.768 33.2322 0
      vertex 198.232 33.2322 0
      vertex 185.522 33.0166 0
    endloop
  endfacet
  facet normal 0 0 -1
    outer loop
      vertex 198.232 33.2322 0
      vertex 185.768 33.2322 0
      vertex 198.017 33.4781 0
    endloop
  endfacet
  facet normal 0 -0 -1
    outer loop
      vertex 185.983 33.4781 0
      vertex 198.017 33.4781 0
      vertex 185.768 33.2322 0
    endloop
  endfacet
  facet normal 0 0 -1
    outer loop
      vertex 197.521 34.6737 0
      vertex 186.5 35 0
      vertex 197.5 35 0
    endloop
  endfacet
  facet normal 0 0 -1
    outer loop
      vertex 198.017 33.4781 0
      vertex 185.983 33.4781 0
      vertex 197.835 33.75 0
    endloop
  endfacet
  facet normal 0 0 -1
    outer loop
      vertex 168.326 32.5214 0
      vertex 200.315 7.7781 0
      vertex 200.358 7.56001 0
    endloop
  endfacet
  facet normal 0 0 -1
    outer loop
      vertex 168 32.5 0
      vertex 200.358 7.56001 0
      vertex 200.429 7.34944 0
    endloop
  endfacet
  facet normal 0 0 -1
    outer loop
      vertex 200.528 7.15 0
      vertex 119.472 7.15 0
      vertex 200.429 7.34944 0
    endloop
  endfacet
  facet normal 0 0 -1
    outer loop
      vertex 197.521 34.6737 0
      vertex 186.479 34.6737 0
      vertex 186.5 35 0
    endloop
  endfacet
  facet normal -0 0 -1
    outer loop
      vertex 197.521 34.6737 0
      vertex 186.415 34.353 0
      vertex 186.479 34.6737 0
    endloop
  endfacet
  facet normal 0 0 -1
    outer loop
      vertex 197.585 34.353 0
      vertex 186.415 34.353 0
      vertex 197.521 34.6737 0
    endloop
  endfacet
  facet normal 0 -0 -1
    outer loop
      vertex 186.415 34.353 0
      vertex 197.585 34.353 0
      vertex 186.31 34.0433 0
    endloop
  endfacet
  facet normal 0 0 -1
    outer loop
      vertex 197.69 34.0433 0
      vertex 186.31 34.0433 0
      vertex 197.585 34.353 0
    endloop
  endfacet
  facet normal 0 -0 -1
    outer loop
      vertex 186.31 34.0433 0
      vertex 197.69 34.0433 0
      vertex 186.165 33.75 0
    endloop
  endfacet
  facet normal 0 0 -1
    outer loop
      vertex 197.835 33.75 0
      vertex 186.165 33.75 0
      vertex 197.69 34.0433 0
    endloop
  endfacet
  facet normal 0 -0 -1
    outer loop
      vertex 186.165 33.75 0
      vertex 197.835 33.75 0
      vertex 185.983 33.4781 0
    endloop
  endfacet
  facet normal 0 0 -1
    outer loop
      vertex 200.798 9.20208 0
      vertex 184.957 32.6903 0
      vertex 185.25 32.8349 0
    endloop
  endfacet
  facet normal 0 0 -1
    outer loop
      vertex 200.651 9.03489 0
      vertex 184.647 32.5852 0
      vertex 184.957 32.6903 0
    endloop
  endfacet
  facet normal 0 0 -1
    outer loop
      vertex 200.528 8.85 0
      vertex 184.326 32.5214 0
      vertex 184.647 32.5852 0
    endloop
  endfacet
  facet normal 0 0 -1
    outer loop
      vertex 200.429 8.65056 0
      vertex 184 32.5 0
      vertex 184.326 32.5214 0
    endloop
  endfacet
  facet normal 0 0 -1
    outer loop
      vertex 200.358 8.43999 0
      vertex 183.674 32.5214 0
      vertex 184 32.5 0
    endloop
  endfacet
  facet normal 0 0 -1
    outer loop
      vertex 200.315 8.22189 0
      vertex 183.353 32.5852 0
      vertex 183.674 32.5214 0
    endloop
  endfacet
  facet normal 0 0 -1
    outer loop
      vertex 200.3 8 0
      vertex 168.647 32.5852 0
      vertex 183.353 32.5852 0
    endloop
  endfacet
  facet normal 0 0 -1
    outer loop
      vertex 183.353 32.5852 0
      vertex 168.647 32.5852 0
      vertex 183.043 32.6903 0
    endloop
  endfacet
  facet normal 0 -0 -1
    outer loop
      vertex 168.957 32.6903 0
      vertex 183.043 32.6903 0
      vertex 168.647 32.5852 0
    endloop
  endfacet
  facet normal 0 0 -1
    outer loop
      vertex 183.043 32.6903 0
      vertex 168.957 32.6903 0
      vertex 182.75 32.8349 0
    endloop
  endfacet
  facet normal 0 -0 -1
    outer loop
      vertex 169.25 32.8349 0
      vertex 182.75 32.8349 0
      vertex 168.957 32.6903 0
    endloop
  endfacet
  facet normal 0 0 -1
    outer loop
      vertex 182.75 32.8349 0
      vertex 169.25 32.8349 0
      vertex 182.478 33.0166 0
    endloop
  endfacet
  facet normal 0 0 -1
    outer loop
      vertex 181.521 34.6737 0
      vertex 170.5 35 0
      vertex 181.5 35 0
    endloop
  endfacet
  facet normal 0 0 -1
    outer loop
      vertex 170.479 34.6737 0
      vertex 181.521 34.6737 0
      vertex 181.585 34.353 0
    endloop
  endfacet
  facet normal 0 0 -1
    outer loop
      vertex 170.415 34.353 0
      vertex 181.585 34.353 0
      vertex 181.69 34.0433 0
    endloop
  endfacet
  facet normal 0 0 -1
    outer loop
      vertex 170.31 34.0433 0
      vertex 181.69 34.0433 0
      vertex 181.835 33.75 0
    endloop
  endfacet
  facet normal 0 0 -1
    outer loop
      vertex 182.478 33.0166 0
      vertex 169.522 33.0166 0
      vertex 182.232 33.2322 0
    endloop
  endfacet
  facet normal 0 0 -1
    outer loop
      vertex 181.521 34.6737 0
      vertex 170.479 34.6737 0
      vertex 170.5 35 0
    endloop
  endfacet
  facet normal 0 0 -1
    outer loop
      vertex 181.585 34.353 0
      vertex 170.415 34.353 0
      vertex 170.479 34.6737 0
    endloop
  endfacet
  facet normal 0 0 -1
    outer loop
      vertex 181.69 34.0433 0
      vertex 170.31 34.0433 0
      vertex 170.415 34.353 0
    endloop
  endfacet
  facet normal 0 0 -1
    outer loop
      vertex 181.835 33.75 0
      vertex 170.165 33.75 0
      vertex 170.31 34.0433 0
    endloop
  endfacet
  facet normal -0 0 -1
    outer loop
      vertex 181.835 33.75 0
      vertex 169.983 33.4781 0
      vertex 170.165 33.75 0
    endloop
  endfacet
  facet normal 0 0 -1
    outer loop
      vertex 182.017 33.4781 0
      vertex 169.983 33.4781 0
      vertex 181.835 33.75 0
    endloop
  endfacet
  facet normal 0 -0 -1
    outer loop
      vertex 169.983 33.4781 0
      vertex 182.017 33.4781 0
      vertex 169.768 33.2322 0
    endloop
  endfacet
  facet normal 0 0 -1
    outer loop
      vertex 182.232 33.2322 0
      vertex 169.768 33.2322 0
      vertex 182.017 33.4781 0
    endloop
  endfacet
  facet normal 0 -0 -1
    outer loop
      vertex 169.768 33.2322 0
      vertex 182.232 33.2322 0
      vertex 169.522 33.0166 0
    endloop
  endfacet
  facet normal 0 -0 -1
    outer loop
      vertex 169.522 33.0166 0
      vertex 182.478 33.0166 0
      vertex 169.25 32.8349 0
    endloop
  endfacet
  facet normal 0 0 -1
    outer loop
      vertex 200.315 7.7781 0
      vertex 168.326 32.5214 0
      vertex 168.647 32.5852 0
    endloop
  endfacet
  facet normal 0 0 -1
    outer loop
      vertex 200.358 7.56001 0
      vertex 168 32.5 0
      vertex 168.326 32.5214 0
    endloop
  endfacet
  facet normal 0 0 -1
    outer loop
      vertex 200.429 7.34944 0
      vertex 167.674 32.5214 0
      vertex 168 32.5 0
    endloop
  endfacet
  facet normal 0 0 -1
    outer loop
      vertex 200.429 7.34944 0
      vertex 119.571 7.34944 0
      vertex 167.674 32.5214 0
    endloop
  endfacet
  facet normal 0 -0 -1
    outer loop
      vertex 152.326 32.5214 0
      vertex 167.674 32.5214 0
      vertex 119.571 7.34944 0
    endloop
  endfacet
  facet normal 0 -0 -1
    outer loop
      vertex 152.647 32.5852 0
      vertex 167.353 32.5852 0
      vertex 152.326 32.5214 0
    endloop
  endfacet
  facet normal 0 0 -1
    outer loop
      vertex 167.353 32.5852 0
      vertex 152.647 32.5852 0
      vertex 167.043 32.6903 0
    endloop
  endfacet
  facet normal 0 0 -1
    outer loop
      vertex 167.043 32.6903 0
      vertex 152.957 32.6903 0
      vertex 166.75 32.8349 0
    endloop
  endfacet
  facet normal 0 0 -1
    outer loop
      vertex 165.521 34.6737 0
      vertex 154.5 35 0
      vertex 165.5 35 0
    endloop
  endfacet
  facet normal 0 0 -1
    outer loop
      vertex 154.479 34.6737 0
      vertex 165.521 34.6737 0
      vertex 165.585 34.353 0
    endloop
  endfacet
  facet normal 0 0 -1
    outer loop
      vertex 154.415 34.353 0
      vertex 165.585 34.353 0
      vertex 165.69 34.0433 0
    endloop
  endfacet
  facet normal 0 0 -1
    outer loop
      vertex 154.31 34.0433 0
      vertex 165.69 34.0433 0
      vertex 165.835 33.75 0
    endloop
  endfacet
  facet normal 0 0 -1
    outer loop
      vertex 154.165 33.75 0
      vertex 165.835 33.75 0
      vertex 166.017 33.4781 0
    endloop
  endfacet
  facet normal 0 0 -1
    outer loop
      vertex 153.983 33.4781 0
      vertex 166.017 33.4781 0
      vertex 166.232 33.2322 0
    endloop
  endfacet
  facet normal 0 -0 -1
    outer loop
      vertex 153.25 32.8349 0
      vertex 166.75 32.8349 0
      vertex 152.957 32.6903 0
    endloop
  endfacet
  facet normal 0 0 -1
    outer loop
      vertex 165.521 34.6737 0
      vertex 154.479 34.6737 0
      vertex 154.5 35 0
    endloop
  endfacet
  facet normal 0 0 -1
    outer loop
      vertex 165.585 34.353 0
      vertex 154.415 34.353 0
      vertex 154.479 34.6737 0
    endloop
  endfacet
  facet normal 0 0 -1
    outer loop
      vertex 165.69 34.0433 0
      vertex 154.31 34.0433 0
      vertex 154.415 34.353 0
    endloop
  endfacet
  facet normal 0 0 -1
    outer loop
      vertex 165.835 33.75 0
      vertex 154.165 33.75 0
      vertex 154.31 34.0433 0
    endloop
  endfacet
  facet normal 0 0 -1
    outer loop
      vertex 166.017 33.4781 0
      vertex 153.983 33.4781 0
      vertex 154.165 33.75 0
    endloop
  endfacet
  facet normal 0 0 -1
    outer loop
      vertex 166.232 33.2322 0
      vertex 153.768 33.2322 0
      vertex 153.983 33.4781 0
    endloop
  endfacet
  facet normal -0 0 -1
    outer loop
      vertex 166.232 33.2322 0
      vertex 153.522 33.0166 0
      vertex 153.768 33.2322 0
    endloop
  endfacet
  facet normal 0 0 -1
    outer loop
      vertex 166.478 33.0166 0
      vertex 153.522 33.0166 0
      vertex 166.232 33.2322 0
    endloop
  endfacet
  facet normal 0 -0 -1
    outer loop
      vertex 153.522 33.0166 0
      vertex 166.478 33.0166 0
      vertex 153.25 32.8349 0
    endloop
  endfacet
  facet normal 0 0 -1
    outer loop
      vertex 166.75 32.8349 0
      vertex 153.25 32.8349 0
      vertex 166.478 33.0166 0
    endloop
  endfacet
  facet normal 0 -0 -1
    outer loop
      vertex 152.957 32.6903 0
      vertex 167.043 32.6903 0
      vertex 152.647 32.5852 0
    endloop
  endfacet
  facet normal 0 0 -1
    outer loop
      vertex 167.674 32.5214 0
      vertex 152.326 32.5214 0
      vertex 167.353 32.5852 0
    endloop
  endfacet
  facet normal 0 0 -1
    outer loop
      vertex 152.326 32.5214 0
      vertex 119.571 7.34944 0
      vertex 152 32.5 0
    endloop
  endfacet
  facet normal 0 -0 -1
    outer loop
      vertex 119.642 7.56001 0
      vertex 152 32.5 0
      vertex 119.571 7.34944 0
    endloop
  endfacet
  facet normal -0 0 -1
    outer loop
      vertex 152 32.5 0
      vertex 119.642 7.56001 0
      vertex 151.674 32.5214 0
    endloop
  endfacet
  facet normal 0 -0 -1
    outer loop
      vertex 119.685 7.7781 0
      vertex 151.674 32.5214 0
      vertex 119.642 7.56001 0
    endloop
  endfacet
  facet normal 0 0 -1
    outer loop
      vertex 149.521 34.6737 0
      vertex 138.5 35 0
      vertex 149.5 35 0
    endloop
  endfacet
  facet normal 0 0 -1
    outer loop
      vertex 138.479 34.6737 0
      vertex 149.521 34.6737 0
      vertex 149.585 34.353 0
    endloop
  endfacet
  facet normal 0 0 -1
    outer loop
      vertex 138.415 34.353 0
      vertex 149.585 34.353 0
      vertex 149.69 34.0433 0
    endloop
  endfacet
  facet normal 0 0 -1
    outer loop
      vertex 138.31 34.0433 0
      vertex 149.69 34.0433 0
      vertex 149.835 33.75 0
    endloop
  endfacet
  facet normal 0 0 -1
    outer loop
      vertex 138.165 33.75 0
      vertex 149.835 33.75 0
      vertex 150.017 33.4781 0
    endloop
  endfacet
  facet normal 0 0 -1
    outer loop
      vertex 137.983 33.4781 0
      vertex 150.017 33.4781 0
      vertex 150.232 33.2322 0
    endloop
  endfacet
  facet normal 0 0 -1
    outer loop
      vertex 137.768 33.2322 0
      vertex 150.232 33.2322 0
      vertex 150.478 33.0166 0
    endloop
  endfacet
  facet normal 0 0 -1
    outer loop
      vertex 137.522 33.0166 0
      vertex 150.478 33.0166 0
      vertex 150.75 32.8349 0
    endloop
  endfacet
  facet normal -0 0 -1
    outer loop
      vertex 151.674 32.5214 0
      vertex 119.685 7.7781 0
      vertex 151.353 32.5852 0
    endloop
  endfacet
  facet normal 0 0 -1
    outer loop
      vertex 149.521 34.6737 0
      vertex 138.479 34.6737 0
      vertex 138.5 35 0
    endloop
  endfacet
  facet normal 0 0 -1
    outer loop
      vertex 149.585 34.353 0
      vertex 138.415 34.353 0
      vertex 138.479 34.6737 0
    endloop
  endfacet
  facet normal 0 0 -1
    outer loop
      vertex 149.69 34.0433 0
      vertex 138.31 34.0433 0
      vertex 138.415 34.353 0
    endloop
  endfacet
  facet normal 0 0 -1
    outer loop
      vertex 149.835 33.75 0
      vertex 138.165 33.75 0
      vertex 138.31 34.0433 0
    endloop
  endfacet
  facet normal 0 0 -1
    outer loop
      vertex 150.017 33.4781 0
      vertex 137.983 33.4781 0
      vertex 138.165 33.75 0
    endloop
  endfacet
  facet normal 0 0 -1
    outer loop
      vertex 150.232 33.2322 0
      vertex 137.768 33.2322 0
      vertex 137.983 33.4781 0
    endloop
  endfacet
  facet normal 0 0 -1
    outer loop
      vertex 150.478 33.0166 0
      vertex 137.522 33.0166 0
      vertex 137.768 33.2322 0
    endloop
  endfacet
  facet normal 0 0 -1
    outer loop
      vertex 150.75 32.8349 0
      vertex 137.25 32.8349 0
      vertex 137.522 33.0166 0
    endloop
  endfacet
  facet normal 0 -0 -1
    outer loop
      vertex 136.647 32.5852 0
      vertex 151.353 32.5852 0
      vertex 119.7 8 0
    endloop
  endfacet
  facet normal 0 0 -1
    outer loop
      vertex 151.353 32.5852 0
      vertex 136.647 32.5852 0
      vertex 151.043 32.6903 0
    endloop
  endfacet
  facet normal -0 0 -1
    outer loop
      vertex 150.75 32.8349 0
      vertex 136.957 32.6903 0
      vertex 137.25 32.8349 0
    endloop
  endfacet
  facet normal 0 -0 -1
    outer loop
      vertex 136.957 32.6903 0
      vertex 151.043 32.6903 0
      vertex 136.647 32.5852 0
    endloop
  endfacet
  facet normal 0 0 -1
    outer loop
      vertex 151.043 32.6903 0
      vertex 136.957 32.6903 0
      vertex 150.75 32.8349 0
    endloop
  endfacet
  facet normal 0 0 -1
    outer loop
      vertex 119.685 8.22189 0
      vertex 136.647 32.5852 0
      vertex 119.7 8 0
    endloop
  endfacet
  facet normal 0 0 -1
    outer loop
      vertex 136.647 32.5852 0
      vertex 119.685 8.22189 0
      vertex 136.326 32.5214 0
    endloop
  endfacet
  facet normal 0 0 -1
    outer loop
      vertex 133.521 34.6737 0
      vertex 122.5 35 0
      vertex 133.5 35 0
    endloop
  endfacet
  facet normal 0 0 -1
    outer loop
      vertex 122.479 34.6737 0
      vertex 133.521 34.6737 0
      vertex 133.585 34.353 0
    endloop
  endfacet
  facet normal 0 0 -1
    outer loop
      vertex 122.415 34.353 0
      vertex 133.585 34.353 0
      vertex 133.69 34.0433 0
    endloop
  endfacet
  facet normal 0 0 -1
    outer loop
      vertex 122.31 34.0433 0
      vertex 133.69 34.0433 0
      vertex 133.835 33.75 0
    endloop
  endfacet
  facet normal 0 0 -1
    outer loop
      vertex 122.165 33.75 0
      vertex 133.835 33.75 0
      vertex 134.017 33.4781 0
    endloop
  endfacet
  facet normal 0 0 -1
    outer loop
      vertex 121.983 33.4781 0
      vertex 134.017 33.4781 0
      vertex 134.232 33.2322 0
    endloop
  endfacet
  facet normal 0 0 -1
    outer loop
      vertex 121.768 33.2322 0
      vertex 134.232 33.2322 0
      vertex 134.478 33.0166 0
    endloop
  endfacet
  facet normal 0 0 -1
    outer loop
      vertex 121.522 33.0166 0
      vertex 134.478 33.0166 0
      vertex 134.75 32.8349 0
    endloop
  endfacet
  facet normal -0 0 -1
    outer loop
      vertex 136 32.5 0
      vertex 119.571 8.65056 0
      vertex 135.674 32.5214 0
    endloop
  endfacet
  facet normal 0 0 -1
    outer loop
      vertex 136.326 32.5214 0
      vertex 119.642 8.43999 0
      vertex 136 32.5 0
    endloop
  endfacet
  facet normal 0 0 -1
    outer loop
      vertex 133.521 34.6737 0
      vertex 122.479 34.6737 0
      vertex 122.5 35 0
    endloop
  endfacet
  facet normal 0 0 -1
    outer loop
      vertex 133.585 34.353 0
      vertex 122.415 34.353 0
      vertex 122.479 34.6737 0
    endloop
  endfacet
  facet normal 0 0 -1
    outer loop
      vertex 133.69 34.0433 0
      vertex 122.31 34.0433 0
      vertex 122.415 34.353 0
    endloop
  endfacet
  facet normal 0 0 -1
    outer loop
      vertex 119.472 8.85 0
      vertex 135.674 32.5214 0
      vertex 119.571 8.65056 0
    endloop
  endfacet
  facet normal 0 0 -1
    outer loop
      vertex 133.835 33.75 0
      vertex 122.165 33.75 0
      vertex 122.31 34.0433 0
    endloop
  endfacet
  facet normal 0 0 -1
    outer loop
      vertex 134.017 33.4781 0
      vertex 121.983 33.4781 0
      vertex 122.165 33.75 0
    endloop
  endfacet
  facet normal 0 0 -1
    outer loop
      vertex 134.232 33.2322 0
      vertex 121.768 33.2322 0
      vertex 121.983 33.4781 0
    endloop
  endfacet
  facet normal 0 0 -1
    outer loop
      vertex 134.478 33.0166 0
      vertex 121.522 33.0166 0
      vertex 121.768 33.2322 0
    endloop
  endfacet
  facet normal 0 0 -1
    outer loop
      vertex 134.75 32.8349 0
      vertex 121.25 32.8349 0
      vertex 121.522 33.0166 0
    endloop
  endfacet
  facet normal -0 0 -1
    outer loop
      vertex 135.674 32.5214 0
      vertex 119.472 8.85 0
      vertex 135.353 32.5852 0
    endloop
  endfacet
  facet normal 0 0 -1
    outer loop
      vertex 119.349 9.03489 0
      vertex 135.353 32.5852 0
      vertex 119.472 8.85 0
    endloop
  endfacet
  facet normal -0 0 -1
    outer loop
      vertex 135.353 32.5852 0
      vertex 119.349 9.03489 0
      vertex 135.043 32.6903 0
    endloop
  endfacet
  facet normal 0 0 -1
    outer loop
      vertex 119.202 9.20208 0
      vertex 135.043 32.6903 0
      vertex 119.349 9.03489 0
    endloop
  endfacet
  facet normal 0 0 -1
    outer loop
      vertex 119.571 8.65056 0
      vertex 136 32.5 0
      vertex 119.642 8.43999 0
    endloop
  endfacet
  facet normal 0 0 -1
    outer loop
      vertex 119.642 8.43999 0
      vertex 136.326 32.5214 0
      vertex 119.685 8.22189 0
    endloop
  endfacet
  facet normal 0 -0 -1
    outer loop
      vertex 119.7 8 0
      vertex 151.353 32.5852 0
      vertex 119.685 7.7781 0
    endloop
  endfacet
  facet normal -0 0 -1
    outer loop
      vertex 200.429 7.34944 0
      vertex 119.472 7.15 0
      vertex 119.571 7.34944 0
    endloop
  endfacet
  facet normal 0 0 -1
    outer loop
      vertex 116 0 0
      vertex 119.472 7.15 0
      vertex 204 0 0
    endloop
  endfacet
  facet normal 0 0 -1
    outer loop
      vertex 119.472 7.15 0
      vertex 116 0 0
      vertex 119.349 6.96511 0
    endloop
  endfacet
  facet normal 0 0 -1
    outer loop
      vertex 119.349 6.96511 0
      vertex 116 0 0
      vertex 119.202 6.79792 0
    endloop
  endfacet
  facet normal 0 0 -1
    outer loop
      vertex 119.202 6.79792 0
      vertex 116 0 0
      vertex 119.035 6.6513 0
    endloop
  endfacet
  facet normal 0 0 -1
    outer loop
      vertex 119.035 6.6513 0
      vertex 116 0 0
      vertex 118.85 6.52776 0
    endloop
  endfacet
  facet normal 0 0 -1
    outer loop
      vertex 118.85 6.52776 0
      vertex 116 0 0
      vertex 118.651 6.4294 0
    endloop
  endfacet
  facet normal 0 0 -1
    outer loop
      vertex 118.651 6.4294 0
      vertex 116 0 0
      vertex 118.44 6.35793 0
    endloop
  endfacet
  facet normal 0 0 -1
    outer loop
      vertex 118.44 6.35793 0
      vertex 116 0 0
      vertex 118.222 6.31454 0
    endloop
  endfacet
  facet normal 0 0 -1
    outer loop
      vertex 118.222 6.31454 0
      vertex 116 0 0
      vertex 118 6.3 0
    endloop
  endfacet
  facet normal 0 0 -1
    outer loop
      vertex 111.24 2.34743 0
      vertex 116.798 6.79792 0
      vertex 111.757 1.75735 0
    endloop
  endfacet
  facet normal 0 0 -1
    outer loop
      vertex 111.757 1.75735 0
      vertex 116.798 6.79792 0
      vertex 112.347 1.23987 0
    endloop
  endfacet
  facet normal -0 0 -1
    outer loop
      vertex 116.965 6.6513 0
      vertex 112.347 1.23987 0
      vertex 116.798 6.79792 0
    endloop
  endfacet
  facet normal 0 0 -1
    outer loop
      vertex 112.347 1.23987 0
      vertex 116.965 6.6513 0
      vertex 113 0.803833 0
    endloop
  endfacet
  facet normal 0 0 -1
    outer loop
      vertex 113 0.803833 0
      vertex 116.965 6.6513 0
      vertex 113.704 0.456711 0
    endloop
  endfacet
  facet normal -0 0 -1
    outer loop
      vertex 117.15 6.52776 0
      vertex 113.704 0.456711 0
      vertex 116.965 6.6513 0
    endloop
  endfacet
  facet normal 0 0 -1
    outer loop
      vertex 113.704 0.456711 0
      vertex 117.15 6.52776 0
      vertex 114.447 0.204437 0
    endloop
  endfacet
  facet normal 0 0 -1
    outer loop
      vertex 114.447 0.204437 0
      vertex 117.15 6.52776 0
      vertex 115.217 0.0513306 0
    endloop
  endfacet
  facet normal -0 0 -1
    outer loop
      vertex 117.349 6.4294 0
      vertex 115.217 0.0513306 0
      vertex 117.15 6.52776 0
    endloop
  endfacet
  facet normal 0 0 -1
    outer loop
      vertex 115.217 0.0513306 0
      vertex 117.349 6.4294 0
      vertex 116 0 0
    endloop
  endfacet
  facet normal -0 0 -1
    outer loop
      vertex 117.56 6.35793 0
      vertex 116 0 0
      vertex 117.349 6.4294 0
    endloop
  endfacet
  facet normal -0 0 -1
    outer loop
      vertex 117.778 6.31454 0
      vertex 116 0 0
      vertex 117.56 6.35793 0
    endloop
  endfacet
  facet normal -0 0 -1
    outer loop
      vertex 118 6.3 0
      vertex 116 0 0
      vertex 117.778 6.31454 0
    endloop
  endfacet
  facet normal -0 0 -1
    outer loop
      vertex 208.76 67.6526 0
      vertex 203.202 63.2021 0
      vertex 208.243 68.2426 0
    endloop
  endfacet
  facet normal -0 0 -1
    outer loop
      vertex 208.243 68.2426 0
      vertex 203.202 63.2021 0
      vertex 207.653 68.7601 0
    endloop
  endfacet
  facet normal 0 0 -1
    outer loop
      vertex 203.035 63.3487 0
      vertex 207.653 68.7601 0
      vertex 203.202 63.2021 0
    endloop
  endfacet
  facet normal -0 0 -1
    outer loop
      vertex 207.653 68.7601 0
      vertex 203.035 63.3487 0
      vertex 207 69.1962 0
    endloop
  endfacet
  facet normal -0 0 -1
    outer loop
      vertex 207 69.1962 0
      vertex 203.035 63.3487 0
      vertex 206.296 69.5433 0
    endloop
  endfacet
  facet normal 0 0 -1
    outer loop
      vertex 202.85 63.4722 0
      vertex 206.296 69.5433 0
      vertex 203.035 63.3487 0
    endloop
  endfacet
  facet normal -0 0 -1
    outer loop
      vertex 206.296 69.5433 0
      vertex 202.85 63.4722 0
      vertex 205.553 69.7955 0
    endloop
  endfacet
  facet normal -0 0 -1
    outer loop
      vertex 205.553 69.7955 0
      vertex 202.85 63.4722 0
      vertex 204.783 69.9487 0
    endloop
  endfacet
  facet normal 0 0 -1
    outer loop
      vertex 202.651 63.5706 0
      vertex 204.783 69.9487 0
      vertex 202.85 63.4722 0
    endloop
  endfacet
  facet normal -0 0 -1
    outer loop
      vertex 204.783 69.9487 0
      vertex 202.651 63.5706 0
      vertex 204 70 0
    endloop
  endfacet
  facet normal 0 0 -1
    outer loop
      vertex 202.44 63.6421 0
      vertex 204 70 0
      vertex 202.651 63.5706 0
    endloop
  endfacet
  facet normal 0 0 -1
    outer loop
      vertex 202.222 63.6855 0
      vertex 204 70 0
      vertex 202.44 63.6421 0
    endloop
  endfacet
  facet normal 0 0 -1
    outer loop
      vertex 202 63.7 0
      vertex 204 70 0
      vertex 202.222 63.6855 0
    endloop
  endfacet
  facet normal 0 0 -1
    outer loop
      vertex 201.778 63.6855 0
      vertex 204 70 0
      vertex 202 63.7 0
    endloop
  endfacet
  facet normal 0 0 -1
    outer loop
      vertex 201.56 63.6421 0
      vertex 204 70 0
      vertex 201.778 63.6855 0
    endloop
  endfacet
  facet normal 0 0 -1
    outer loop
      vertex 201.349 63.5706 0
      vertex 204 70 0
      vertex 201.56 63.6421 0
    endloop
  endfacet
  facet normal 0 0 -1
    outer loop
      vertex 201.15 63.4722 0
      vertex 204 70 0
      vertex 201.349 63.5706 0
    endloop
  endfacet
  facet normal 0 0 -1
    outer loop
      vertex 200.965 63.3487 0
      vertex 204 70 0
      vertex 201.15 63.4722 0
    endloop
  endfacet
  facet normal 0 0 -1
    outer loop
      vertex 200.798 63.2021 0
      vertex 204 70 0
      vertex 200.965 63.3487 0
    endloop
  endfacet
  facet normal 0 0 -1
    outer loop
      vertex 200.651 63.0349 0
      vertex 204 70 0
      vertex 200.798 63.2021 0
    endloop
  endfacet
  facet normal 0 0 -1
    outer loop
      vertex 200.528 62.85 0
      vertex 204 70 0
      vertex 200.651 63.0349 0
    endloop
  endfacet
  facet normal 0 0 -1
    outer loop
      vertex 119.472 62.85 0
      vertex 200.528 62.85 0
      vertex 200.429 62.6506 0
    endloop
  endfacet
  facet normal -0 0 -1
    outer loop
      vertex 200.798 60.7979 0
      vertex 184.957 37.3097 0
      vertex 200.651 60.9651 0
    endloop
  endfacet
  facet normal 0 0 -1
    outer loop
      vertex 184.647 37.4148 0
      vertex 200.651 60.9651 0
      vertex 184.957 37.3097 0
    endloop
  endfacet
  facet normal -0 0 -1
    outer loop
      vertex 200.651 60.9651 0
      vertex 184.647 37.4148 0
      vertex 200.528 61.15 0
    endloop
  endfacet
  facet normal 0 0 -1
    outer loop
      vertex 184.326 37.4786 0
      vertex 200.528 61.15 0
      vertex 184.647 37.4148 0
    endloop
  endfacet
  facet normal 0 0 -1
    outer loop
      vertex 185.25 37.1651 0
      vertex 198.75 37.1651 0
      vertex 198.478 36.9834 0
    endloop
  endfacet
  facet normal -0 0 -1
    outer loop
      vertex 200.528 61.15 0
      vertex 184.326 37.4786 0
      vertex 200.429 61.3494 0
    endloop
  endfacet
  facet normal 0 0 -1
    outer loop
      vertex 185.522 36.9834 0
      vertex 198.478 36.9834 0
      vertex 198.232 36.7678 0
    endloop
  endfacet
  facet normal 0 0 -1
    outer loop
      vertex 185.768 36.7678 0
      vertex 198.232 36.7678 0
      vertex 198.017 36.5219 0
    endloop
  endfacet
  facet normal 0 0 -1
    outer loop
      vertex 185.983 36.5219 0
      vertex 198.017 36.5219 0
      vertex 197.835 36.25 0
    endloop
  endfacet
  facet normal 0 0 -1
    outer loop
      vertex 186.165 36.25 0
      vertex 197.835 36.25 0
      vertex 197.69 35.9567 0
    endloop
  endfacet
  facet normal 0 0 -1
    outer loop
      vertex 186.31 35.9567 0
      vertex 197.69 35.9567 0
      vertex 197.585 35.647 0
    endloop
  endfacet
  facet normal 0 0 -1
    outer loop
      vertex 186.415 35.647 0
      vertex 197.585 35.647 0
      vertex 197.521 35.3263 0
    endloop
  endfacet
  facet normal 0 0 -1
    outer loop
      vertex 186.5 35 0
      vertex 197.521 35.3263 0
      vertex 197.5 35 0
    endloop
  endfacet
  facet normal 0 0 -1
    outer loop
      vertex 186.479 35.3263 0
      vertex 197.521 35.3263 0
      vertex 186.5 35 0
    endloop
  endfacet
  facet normal 0 0 -1
    outer loop
      vertex 186.415 35.647 0
      vertex 197.521 35.3263 0
      vertex 186.479 35.3263 0
    endloop
  endfacet
  facet normal 0 0 -1
    outer loop
      vertex 197.585 35.647 0
      vertex 186.415 35.647 0
      vertex 186.31 35.9567 0
    endloop
  endfacet
  facet normal 0 0 -1
    outer loop
      vertex 197.69 35.9567 0
      vertex 186.31 35.9567 0
      vertex 186.165 36.25 0
    endloop
  endfacet
  facet normal 0 0 -1
    outer loop
      vertex 197.835 36.25 0
      vertex 186.165 36.25 0
      vertex 185.983 36.5219 0
    endloop
  endfacet
  facet normal 0 0 -1
    outer loop
      vertex 198.017 36.5219 0
      vertex 185.983 36.5219 0
      vertex 185.768 36.7678 0
    endloop
  endfacet
  facet normal 0 0 -1
    outer loop
      vertex 198.232 36.7678 0
      vertex 185.768 36.7678 0
      vertex 185.522 36.9834 0
    endloop
  endfacet
  facet normal 0 0 -1
    outer loop
      vertex 198.478 36.9834 0
      vertex 185.522 36.9834 0
      vertex 185.25 37.1651 0
    endloop
  endfacet
  facet normal 0 0 -1
    outer loop
      vertex 184 37.5 0
      vertex 200.429 61.3494 0
      vertex 184.326 37.4786 0
    endloop
  endfacet
  facet normal -0 0 -1
    outer loop
      vertex 200.429 61.3494 0
      vertex 184 37.5 0
      vertex 200.358 61.56 0
    endloop
  endfacet
  facet normal 0 0 -1
    outer loop
      vertex 183.674 37.4786 0
      vertex 200.358 61.56 0
      vertex 184 37.5 0
    endloop
  endfacet
  facet normal -0 0 -1
    outer loop
      vertex 200.358 61.56 0
      vertex 183.674 37.4786 0
      vertex 200.315 61.7781 0
    endloop
  endfacet
  facet normal 0 0 -1
    outer loop
      vertex 183.353 37.4148 0
      vertex 200.315 61.7781 0
      vertex 183.674 37.4786 0
    endloop
  endfacet
  facet normal -0 0 -1
    outer loop
      vertex 200.315 61.7781 0
      vertex 183.353 37.4148 0
      vertex 200.3 62 0
    endloop
  endfacet
  facet normal 0 0 -1
    outer loop
      vertex 168.647 37.4148 0
      vertex 200.3 62 0
      vertex 183.353 37.4148 0
    endloop
  endfacet
  facet normal -0 0 -1
    outer loop
      vertex 200.3 62 0
      vertex 168.647 37.4148 0
      vertex 200.315 62.2219 0
    endloop
  endfacet
  facet normal 0 0 -1
    outer loop
      vertex 168.326 37.4786 0
      vertex 200.315 62.2219 0
      vertex 168.647 37.4148 0
    endloop
  endfacet
  facet normal -0 0 -1
    outer loop
      vertex 200.315 62.2219 0
      vertex 168.326 37.4786 0
      vertex 200.358 62.44 0
    endloop
  endfacet
  facet normal 0 0 -1
    outer loop
      vertex 168.647 37.4148 0
      vertex 183.353 37.4148 0
      vertex 183.043 37.3097 0
    endloop
  endfacet
  facet normal 0 0 -1
    outer loop
      vertex 168.957 37.3097 0
      vertex 183.043 37.3097 0
      vertex 182.75 37.1651 0
    endloop
  endfacet
  facet normal 0 0 -1
    outer loop
      vertex 169.25 37.1651 0
      vertex 182.75 37.1651 0
      vertex 182.478 36.9834 0
    endloop
  endfacet
  facet normal 0 0 -1
    outer loop
      vertex 169.522 36.9834 0
      vertex 182.478 36.9834 0
      vertex 182.232 36.7678 0
    endloop
  endfacet
  facet normal 0 0 -1
    outer loop
      vertex 169.768 36.7678 0
      vertex 182.232 36.7678 0
      vertex 182.017 36.5219 0
    endloop
  endfacet
  facet normal 0 0 -1
    outer loop
      vertex 169.983 36.5219 0
      vertex 182.017 36.5219 0
      vertex 181.835 36.25 0
    endloop
  endfacet
  facet normal 0 0 -1
    outer loop
      vertex 170.5 35 0
      vertex 181.521 35.3263 0
      vertex 181.5 35 0
    endloop
  endfacet
  facet normal 0 0 -1
    outer loop
      vertex 170.479 35.3263 0
      vertex 181.521 35.3263 0
      vertex 170.5 35 0
    endloop
  endfacet
  facet normal 0 0 -1
    outer loop
      vertex 181.521 35.3263 0
      vertex 170.479 35.3263 0
      vertex 181.585 35.647 0
    endloop
  endfacet
  facet normal 0 0 -1
    outer loop
      vertex 170.415 35.647 0
      vertex 181.585 35.647 0
      vertex 170.479 35.3263 0
    endloop
  endfacet
  facet normal 0 0 -1
    outer loop
      vertex 181.585 35.647 0
      vertex 170.415 35.647 0
      vertex 181.69 35.9567 0
    endloop
  endfacet
  facet normal 0 0 -1
    outer loop
      vertex 170.31 35.9567 0
      vertex 181.69 35.9567 0
      vertex 170.415 35.647 0
    endloop
  endfacet
  facet normal 0 0 -1
    outer loop
      vertex 181.69 35.9567 0
      vertex 170.31 35.9567 0
      vertex 181.835 36.25 0
    endloop
  endfacet
  facet normal 0 0 -1
    outer loop
      vertex 170.165 36.25 0
      vertex 181.835 36.25 0
      vertex 170.31 35.9567 0
    endloop
  endfacet
  facet normal 0 0 -1
    outer loop
      vertex 169.983 36.5219 0
      vertex 181.835 36.25 0
      vertex 170.165 36.25 0
    endloop
  endfacet
  facet normal 0 0 -1
    outer loop
      vertex 182.017 36.5219 0
      vertex 169.983 36.5219 0
      vertex 169.768 36.7678 0
    endloop
  endfacet
  facet normal 0 0 -1
    outer loop
      vertex 182.232 36.7678 0
      vertex 169.768 36.7678 0
      vertex 169.522 36.9834 0
    endloop
  endfacet
  facet normal 0 0 -1
    outer loop
      vertex 182.478 36.9834 0
      vertex 169.522 36.9834 0
      vertex 169.25 37.1651 0
    endloop
  endfacet
  facet normal 0 0 -1
    outer loop
      vertex 182.75 37.1651 0
      vertex 169.25 37.1651 0
      vertex 168.957 37.3097 0
    endloop
  endfacet
  facet normal 0 0 -1
    outer loop
      vertex 183.043 37.3097 0
      vertex 168.957 37.3097 0
      vertex 168.647 37.4148 0
    endloop
  endfacet
  facet normal 0 0 -1
    outer loop
      vertex 168 37.5 0
      vertex 200.358 62.44 0
      vertex 168.326 37.4786 0
    endloop
  endfacet
  facet normal -0 0 -1
    outer loop
      vertex 200.358 62.44 0
      vertex 168 37.5 0
      vertex 200.429 62.6506 0
    endloop
  endfacet
  facet normal 0 0 -1
    outer loop
      vertex 167.674 37.4786 0
      vertex 200.429 62.6506 0
      vertex 168 37.5 0
    endloop
  endfacet
  facet normal 0 0 -1
    outer loop
      vertex 119.571 62.6506 0
      vertex 200.429 62.6506 0
      vertex 167.674 37.4786 0
    endloop
  endfacet
  facet normal 0 0 -1
    outer loop
      vertex 152.326 37.4786 0
      vertex 167.674 37.4786 0
      vertex 167.353 37.4148 0
    endloop
  endfacet
  facet normal 0 0 -1
    outer loop
      vertex 152.647 37.4148 0
      vertex 167.353 37.4148 0
      vertex 167.043 37.3097 0
    endloop
  endfacet
  facet normal 0 0 -1
    outer loop
      vertex 152.957 37.3097 0
      vertex 167.043 37.3097 0
      vertex 166.75 37.1651 0
    endloop
  endfacet
  facet normal 0 0 -1
    outer loop
      vertex 153.25 37.1651 0
      vertex 166.75 37.1651 0
      vertex 166.478 36.9834 0
    endloop
  endfacet
  facet normal 0 0 -1
    outer loop
      vertex 153.522 36.9834 0
      vertex 166.478 36.9834 0
      vertex 166.232 36.7678 0
    endloop
  endfacet
  facet normal 0 0 -1
    outer loop
      vertex 154.5 35 0
      vertex 165.521 35.3263 0
      vertex 165.5 35 0
    endloop
  endfacet
  facet normal 0 0 -1
    outer loop
      vertex 154.479 35.3263 0
      vertex 165.521 35.3263 0
      vertex 154.5 35 0
    endloop
  endfacet
  facet normal 0 0 -1
    outer loop
      vertex 165.521 35.3263 0
      vertex 154.479 35.3263 0
      vertex 165.585 35.647 0
    endloop
  endfacet
  facet normal 0 0 -1
    outer loop
      vertex 154.415 35.647 0
      vertex 165.585 35.647 0
      vertex 154.479 35.3263 0
    endloop
  endfacet
  facet normal 0 0 -1
    outer loop
      vertex 165.585 35.647 0
      vertex 154.415 35.647 0
      vertex 165.69 35.9567 0
    endloop
  endfacet
  facet normal 0 0 -1
    outer loop
      vertex 154.31 35.9567 0
      vertex 165.69 35.9567 0
      vertex 154.415 35.647 0
    endloop
  endfacet
  facet normal 0 0 -1
    outer loop
      vertex 165.69 35.9567 0
      vertex 154.31 35.9567 0
      vertex 165.835 36.25 0
    endloop
  endfacet
  facet normal 0 0 -1
    outer loop
      vertex 154.165 36.25 0
      vertex 165.835 36.25 0
      vertex 154.31 35.9567 0
    endloop
  endfacet
  facet normal 0 0 -1
    outer loop
      vertex 165.835 36.25 0
      vertex 154.165 36.25 0
      vertex 166.017 36.5219 0
    endloop
  endfacet
  facet normal 0 0 -1
    outer loop
      vertex 153.983 36.5219 0
      vertex 166.017 36.5219 0
      vertex 154.165 36.25 0
    endloop
  endfacet
  facet normal 0 0 -1
    outer loop
      vertex 166.017 36.5219 0
      vertex 153.983 36.5219 0
      vertex 166.232 36.7678 0
    endloop
  endfacet
  facet normal 0 0 -1
    outer loop
      vertex 153.768 36.7678 0
      vertex 166.232 36.7678 0
      vertex 153.983 36.5219 0
    endloop
  endfacet
  facet normal 0 0 -1
    outer loop
      vertex 153.522 36.9834 0
      vertex 166.232 36.7678 0
      vertex 153.768 36.7678 0
    endloop
  endfacet
  facet normal 0 0 -1
    outer loop
      vertex 166.478 36.9834 0
      vertex 153.522 36.9834 0
      vertex 153.25 37.1651 0
    endloop
  endfacet
  facet normal 0 0 -1
    outer loop
      vertex 166.75 37.1651 0
      vertex 153.25 37.1651 0
      vertex 152.957 37.3097 0
    endloop
  endfacet
  facet normal 0 0 -1
    outer loop
      vertex 167.043 37.3097 0
      vertex 152.957 37.3097 0
      vertex 152.647 37.4148 0
    endloop
  endfacet
  facet normal 0 0 -1
    outer loop
      vertex 167.353 37.4148 0
      vertex 152.647 37.4148 0
      vertex 152.326 37.4786 0
    endloop
  endfacet
  facet normal 0 0 -1
    outer loop
      vertex 167.674 37.4786 0
      vertex 152.326 37.4786 0
      vertex 119.571 62.6506 0
    endloop
  endfacet
  facet normal 0 0 -1
    outer loop
      vertex 119.571 62.6506 0
      vertex 152.326 37.4786 0
      vertex 152 37.5 0
    endloop
  endfacet
  facet normal 0 0 -1
    outer loop
      vertex 119.642 62.44 0
      vertex 152 37.5 0
      vertex 151.674 37.4786 0
    endloop
  endfacet
  facet normal 0 0 -1
    outer loop
      vertex 119.685 62.2219 0
      vertex 151.674 37.4786 0
      vertex 151.353 37.4148 0
    endloop
  endfacet
  facet normal 0 0 -1
    outer loop
      vertex 136.647 37.4148 0
      vertex 151.353 37.4148 0
      vertex 151.043 37.3097 0
    endloop
  endfacet
  facet normal 0 0 -1
    outer loop
      vertex 136.957 37.3097 0
      vertex 151.043 37.3097 0
      vertex 150.75 37.1651 0
    endloop
  endfacet
  facet normal 0 0 -1
    outer loop
      vertex 138.5 35 0
      vertex 149.521 35.3263 0
      vertex 149.5 35 0
    endloop
  endfacet
  facet normal 0 0 -1
    outer loop
      vertex 138.479 35.3263 0
      vertex 149.521 35.3263 0
      vertex 138.5 35 0
    endloop
  endfacet
  facet normal 0 0 -1
    outer loop
      vertex 149.521 35.3263 0
      vertex 138.479 35.3263 0
      vertex 149.585 35.647 0
    endloop
  endfacet
  facet normal 0 0 -1
    outer loop
      vertex 138.415 35.647 0
      vertex 149.585 35.647 0
      vertex 138.479 35.3263 0
    endloop
  endfacet
  facet normal 0 0 -1
    outer loop
      vertex 149.585 35.647 0
      vertex 138.415 35.647 0
      vertex 149.69 35.9567 0
    endloop
  endfacet
  facet normal 0 0 -1
    outer loop
      vertex 138.31 35.9567 0
      vertex 149.69 35.9567 0
      vertex 138.415 35.647 0
    endloop
  endfacet
  facet normal 0 0 -1
    outer loop
      vertex 149.69 35.9567 0
      vertex 138.31 35.9567 0
      vertex 149.835 36.25 0
    endloop
  endfacet
  facet normal 0 0 -1
    outer loop
      vertex 138.165 36.25 0
      vertex 149.835 36.25 0
      vertex 138.31 35.9567 0
    endloop
  endfacet
  facet normal 0 0 -1
    outer loop
      vertex 149.835 36.25 0
      vertex 138.165 36.25 0
      vertex 150.017 36.5219 0
    endloop
  endfacet
  facet normal 0 0 -1
    outer loop
      vertex 137.983 36.5219 0
      vertex 150.017 36.5219 0
      vertex 138.165 36.25 0
    endloop
  endfacet
  facet normal 0 0 -1
    outer loop
      vertex 150.017 36.5219 0
      vertex 137.983 36.5219 0
      vertex 150.232 36.7678 0
    endloop
  endfacet
  facet normal 0 0 -1
    outer loop
      vertex 137.768 36.7678 0
      vertex 150.232 36.7678 0
      vertex 137.983 36.5219 0
    endloop
  endfacet
  facet normal 0 0 -1
    outer loop
      vertex 150.232 36.7678 0
      vertex 137.768 36.7678 0
      vertex 150.478 36.9834 0
    endloop
  endfacet
  facet normal 0 0 -1
    outer loop
      vertex 137.522 36.9834 0
      vertex 150.478 36.9834 0
      vertex 137.768 36.7678 0
    endloop
  endfacet
  facet normal 0 0 -1
    outer loop
      vertex 150.478 36.9834 0
      vertex 137.522 36.9834 0
      vertex 150.75 37.1651 0
    endloop
  endfacet
  facet normal 0 0 -1
    outer loop
      vertex 137.25 37.1651 0
      vertex 150.75 37.1651 0
      vertex 137.522 36.9834 0
    endloop
  endfacet
  facet normal 0 0 -1
    outer loop
      vertex 136.957 37.3097 0
      vertex 150.75 37.1651 0
      vertex 137.25 37.1651 0
    endloop
  endfacet
  facet normal 0 0 -1
    outer loop
      vertex 151.043 37.3097 0
      vertex 136.957 37.3097 0
      vertex 136.647 37.4148 0
    endloop
  endfacet
  facet normal 0 0 -1
    outer loop
      vertex 151.353 37.4148 0
      vertex 136.647 37.4148 0
      vertex 119.7 62 0
    endloop
  endfacet
  facet normal 0 0 -1
    outer loop
      vertex 119.685 61.7781 0
      vertex 136.647 37.4148 0
      vertex 136.326 37.4786 0
    endloop
  endfacet
  facet normal 0 0 -1
    outer loop
      vertex 119.685 61.7781 0
      vertex 136.326 37.4786 0
      vertex 136 37.5 0
    endloop
  endfacet
  facet normal 0 0 -1
    outer loop
      vertex 119.685 61.7781 0
      vertex 136 37.5 0
      vertex 135.674 37.4786 0
    endloop
  endfacet
  facet normal 0 0 -1
    outer loop
      vertex 119.685 61.7781 0
      vertex 135.674 37.4786 0
      vertex 135.353 37.4148 0
    endloop
  endfacet
  facet normal 0 0 -1
    outer loop
      vertex 119.685 61.7781 0
      vertex 135.353 37.4148 0
      vertex 135.043 37.3097 0
    endloop
  endfacet
  facet normal 0 0 -1
    outer loop
      vertex 122.5 35 0
      vertex 133.521 35.3263 0
      vertex 133.5 35 0
    endloop
  endfacet
  facet normal 0 0 -1
    outer loop
      vertex 122.479 35.3263 0
      vertex 133.521 35.3263 0
      vertex 122.5 35 0
    endloop
  endfacet
  facet normal 0 0 -1
    outer loop
      vertex 133.521 35.3263 0
      vertex 122.479 35.3263 0
      vertex 133.585 35.647 0
    endloop
  endfacet
  facet normal 0 0 -1
    outer loop
      vertex 122.415 35.647 0
      vertex 133.585 35.647 0
      vertex 122.479 35.3263 0
    endloop
  endfacet
  facet normal 0 0 -1
    outer loop
      vertex 133.585 35.647 0
      vertex 122.415 35.647 0
      vertex 133.69 35.9567 0
    endloop
  endfacet
  facet normal 0 0 -1
    outer loop
      vertex 122.31 35.9567 0
      vertex 133.69 35.9567 0
      vertex 122.415 35.647 0
    endloop
  endfacet
  facet normal 0 0 -1
    outer loop
      vertex 133.69 35.9567 0
      vertex 122.31 35.9567 0
      vertex 133.835 36.25 0
    endloop
  endfacet
  facet normal 0 0 -1
    outer loop
      vertex 122.165 36.25 0
      vertex 133.835 36.25 0
      vertex 122.31 35.9567 0
    endloop
  endfacet
  facet normal 0 0 -1
    outer loop
      vertex 133.835 36.25 0
      vertex 122.165 36.25 0
      vertex 134.017 36.5219 0
    endloop
  endfacet
  facet normal 0 0 -1
    outer loop
      vertex 121.983 36.5219 0
      vertex 134.017 36.5219 0
      vertex 122.165 36.25 0
    endloop
  endfacet
  facet normal 0 0 -1
    outer loop
      vertex 134.017 36.5219 0
      vertex 121.983 36.5219 0
      vertex 134.232 36.7678 0
    endloop
  endfacet
  facet normal 0 0 -1
    outer loop
      vertex 121.768 36.7678 0
      vertex 134.232 36.7678 0
      vertex 121.983 36.5219 0
    endloop
  endfacet
  facet normal 0 0 -1
    outer loop
      vertex 134.232 36.7678 0
      vertex 121.768 36.7678 0
      vertex 134.478 36.9834 0
    endloop
  endfacet
  facet normal 0 0 -1
    outer loop
      vertex 121.522 36.9834 0
      vertex 134.478 36.9834 0
      vertex 121.768 36.7678 0
    endloop
  endfacet
  facet normal 0 0 -1
    outer loop
      vertex 134.478 36.9834 0
      vertex 121.522 36.9834 0
      vertex 134.75 37.1651 0
    endloop
  endfacet
  facet normal 0 0 -1
    outer loop
      vertex 121.25 37.1651 0
      vertex 134.75 37.1651 0
      vertex 121.522 36.9834 0
    endloop
  endfacet
  facet normal 0 0 -1
    outer loop
      vertex 119.685 61.7781 0
      vertex 134.75 37.1651 0
      vertex 121.25 37.1651 0
    endloop
  endfacet
  facet normal 0 0 -1
    outer loop
      vertex 119.685 61.7781 0
      vertex 135.043 37.3097 0
      vertex 134.75 37.1651 0
    endloop
  endfacet
  facet normal 0 0 -1
    outer loop
      vertex 119.685 61.7781 0
      vertex 121.25 37.1651 0
      vertex 120.957 37.3097 0
    endloop
  endfacet
  facet normal 0 0 -1
    outer loop
      vertex 119.685 61.7781 0
      vertex 120.957 37.3097 0
      vertex 120.647 37.4148 0
    endloop
  endfacet
  facet normal 0 0 -1
    outer loop
      vertex 119.685 61.7781 0
      vertex 120.647 37.4148 0
      vertex 120.326 37.4786 0
    endloop
  endfacet
  facet normal 0 0 -1
    outer loop
      vertex 118.44 60.3579 0
      vertex 120.326 37.4786 0
      vertex 120 37.5 0
    endloop
  endfacet
  facet normal 0 0 -1
    outer loop
      vertex 151.353 37.4148 0
      vertex 119.7 62 0
      vertex 119.685 62.2219 0
    endloop
  endfacet
  facet normal 0 0 -1
    outer loop
      vertex 151.674 37.4786 0
      vertex 119.685 62.2219 0
      vertex 119.642 62.44 0
    endloop
  endfacet
  facet normal 0 0 -1
    outer loop
      vertex 152 37.5 0
      vertex 119.642 62.44 0
      vertex 119.571 62.6506 0
    endloop
  endfacet
  facet normal 0 0 -1
    outer loop
      vertex 119.472 62.85 0
      vertex 200.429 62.6506 0
      vertex 119.571 62.6506 0
    endloop
  endfacet
  facet normal 0 0 -1
    outer loop
      vertex 200.528 62.85 0
      vertex 119.472 62.85 0
      vertex 204 70 0
    endloop
  endfacet
  facet normal 0 0 -1
    outer loop
      vertex 116 70 0
      vertex 119.472 62.85 0
      vertex 119.349 63.0349 0
    endloop
  endfacet
  facet normal 0 0 -1
    outer loop
      vertex 116 70 0
      vertex 119.349 63.0349 0
      vertex 119.202 63.2021 0
    endloop
  endfacet
  facet normal 0 0 -1
    outer loop
      vertex 116 70 0
      vertex 119.202 63.2021 0
      vertex 119.035 63.3487 0
    endloop
  endfacet
  facet normal 0 0 -1
    outer loop
      vertex 116 70 0
      vertex 119.035 63.3487 0
      vertex 118.85 63.4722 0
    endloop
  endfacet
  facet normal 0 0 -1
    outer loop
      vertex 116 70 0
      vertex 118.85 63.4722 0
      vertex 118.651 63.5706 0
    endloop
  endfacet
  facet normal 0 0 -1
    outer loop
      vertex 116 70 0
      vertex 118.651 63.5706 0
      vertex 118.44 63.6421 0
    endloop
  endfacet
  facet normal 0 0 -1
    outer loop
      vertex 116 70 0
      vertex 118.44 63.6421 0
      vertex 118.222 63.6855 0
    endloop
  endfacet
  facet normal 0 0 -1
    outer loop
      vertex 116 70 0
      vertex 118.222 63.6855 0
      vertex 118 63.7 0
    endloop
  endfacet
  facet normal 0 0 -1
    outer loop
      vertex 116 70 0
      vertex 118 63.7 0
      vertex 117.778 63.6855 0
    endloop
  endfacet
  facet normal 0 0 -1
    outer loop
      vertex 119.472 62.85 0
      vertex 116 70 0
      vertex 204 70 0
    endloop
  endfacet
  facet normal 0 0 -1
    outer loop
      vertex 117.56 63.6421 0
      vertex 116 70 0
      vertex 117.778 63.6855 0
    endloop
  endfacet
  facet normal 0 0 -1
    outer loop
      vertex 117.349 63.5706 0
      vertex 116 70 0
      vertex 117.56 63.6421 0
    endloop
  endfacet
  facet normal 0 0 -1
    outer loop
      vertex 115.217 69.9487 0
      vertex 117.349 63.5706 0
      vertex 117.15 63.4722 0
    endloop
  endfacet
  facet normal 0 0 -1
    outer loop
      vertex 113.704 69.5433 0
      vertex 117.15 63.4722 0
      vertex 116.965 63.3487 0
    endloop
  endfacet
  facet normal 0 0 -1
    outer loop
      vertex 112.347 68.7601 0
      vertex 116.965 63.3487 0
      vertex 116.798 63.2021 0
    endloop
  endfacet
  facet normal 0 0 -1
    outer loop
      vertex 111.24 67.6526 0
      vertex 116.798 63.2021 0
      vertex 116.651 63.0349 0
    endloop
  endfacet
  facet normal 0 0 -1
    outer loop
      vertex 110.457 66.2961 0
      vertex 116.651 63.0349 0
      vertex 116.528 62.85 0
    endloop
  endfacet
  facet normal 0 0 -1
    outer loop
      vertex 110.051 64.7831 0
      vertex 116.528 62.85 0
      vertex 116.429 62.6506 0
    endloop
  endfacet
  facet normal 0 0 -1
    outer loop
      vertex 110 64 0
      vertex 116.429 62.6506 0
      vertex 116.358 62.44 0
    endloop
  endfacet
  facet normal 0 0 -1
    outer loop
      vertex 110 64 0
      vertex 116.358 62.44 0
      vertex 116.315 62.2219 0
    endloop
  endfacet
  facet normal 0 0 -1
    outer loop
      vertex 110 64 0
      vertex 116.315 62.2219 0
      vertex 116.3 62 0
    endloop
  endfacet
  facet normal 0 0 -1
    outer loop
      vertex 116.358 61.56 0
      vertex 110 64 0
      vertex 116.315 61.7781 0
    endloop
  endfacet
  facet normal -0 0 -1
    outer loop
      vertex 116.798 6.79792 0
      vertex 111.24 2.34743 0
      vertex 116.651 6.96511 0
    endloop
  endfacet
  facet normal 0 0 -1
    outer loop
      vertex 116.315 61.7781 0
      vertex 110 64 0
      vertex 116.3 62 0
    endloop
  endfacet
  facet normal 0 0 -1
    outer loop
      vertex 110.804 3 0
      vertex 116.651 6.96511 0
      vertex 111.24 2.34743 0
    endloop
  endfacet
  facet normal 0 0 -1
    outer loop
      vertex 116.429 62.6506 0
      vertex 110 64 0
      vertex 110.051 64.7831 0
    endloop
  endfacet
  facet normal 0 0 -1
    outer loop
      vertex 110.457 3.70389 0
      vertex 116.651 6.96511 0
      vertex 110.804 3 0
    endloop
  endfacet
  facet normal 0 0 -1
    outer loop
      vertex 117.349 63.5706 0
      vertex 115.217 69.9487 0
      vertex 116 70 0
    endloop
  endfacet
  facet normal -0 0 -1
    outer loop
      vertex 116.651 6.96511 0
      vertex 110.457 3.70389 0
      vertex 116.528 7.15 0
    endloop
  endfacet
  facet normal 0 0 -1
    outer loop
      vertex 117.15 63.4722 0
      vertex 114.447 69.7955 0
      vertex 115.217 69.9487 0
    endloop
  endfacet
  facet normal 0 0 -1
    outer loop
      vertex 110.204 4.44708 0
      vertex 116.528 7.15 0
      vertex 110.457 3.70389 0
    endloop
  endfacet
  facet normal 0 0 -1
    outer loop
      vertex 117.15 63.4722 0
      vertex 113.704 69.5433 0
      vertex 114.447 69.7955 0
    endloop
  endfacet
  facet normal 0 0 -1
    outer loop
      vertex 110.051 5.21684 0
      vertex 116.528 7.15 0
      vertex 110.204 4.44708 0
    endloop
  endfacet
  facet normal 0 0 -1
    outer loop
      vertex 116.965 63.3487 0
      vertex 113 69.1962 0
      vertex 113.704 69.5433 0
    endloop
  endfacet
  facet normal -0 0 -1
    outer loop
      vertex 116.528 7.15 0
      vertex 110.051 5.21684 0
      vertex 116.429 7.34944 0
    endloop
  endfacet
  facet normal 0 0 -1
    outer loop
      vertex 116.965 63.3487 0
      vertex 112.347 68.7601 0
      vertex 113 69.1962 0
    endloop
  endfacet
  facet normal 0 0 -1
    outer loop
      vertex 110 6 0
      vertex 116.429 7.34944 0
      vertex 110.051 5.21684 0
    endloop
  endfacet
  facet normal 0 0 -1
    outer loop
      vertex 116.798 63.2021 0
      vertex 111.757 68.2426 0
      vertex 112.347 68.7601 0
    endloop
  endfacet
  facet normal -0 0 -1
    outer loop
      vertex 116.429 7.34944 0
      vertex 110 6 0
      vertex 116.358 7.56001 0
    endloop
  endfacet
  facet normal 0 0 -1
    outer loop
      vertex 116.798 63.2021 0
      vertex 111.24 67.6526 0
      vertex 111.757 68.2426 0
    endloop
  endfacet
  facet normal -0 0 -1
    outer loop
      vertex 116.358 7.56001 0
      vertex 110 6 0
      vertex 116.315 7.7781 0
    endloop
  endfacet
  facet normal 0 0 -1
    outer loop
      vertex 116.651 63.0349 0
      vertex 110.804 67 0
      vertex 111.24 67.6526 0
    endloop
  endfacet
  facet normal -0 0 -1
    outer loop
      vertex 116.315 7.7781 0
      vertex 110 6 0
      vertex 116.3 8 0
    endloop
  endfacet
  facet normal 0 0 -1
    outer loop
      vertex 116.651 63.0349 0
      vertex 110.457 66.2961 0
      vertex 110.804 67 0
    endloop
  endfacet
  facet normal 0 0 -1
    outer loop
      vertex 116.528 62.85 0
      vertex 110.204 65.5529 0
      vertex 110.457 66.2961 0
    endloop
  endfacet
  facet normal 0 0 -1
    outer loop
      vertex 116.528 62.85 0
      vertex 110.051 64.7831 0
      vertex 110.204 65.5529 0
    endloop
  endfacet
  facet normal 0 0 -1
    outer loop
      vertex 201.768 36.7678 0
      vertex 210 64 0
      vertex 201.983 36.5219 0
    endloop
  endfacet
  facet normal 0 0 -1
    outer loop
      vertex 210 64 0
      vertex 203.202 60.7979 0
      vertex 203.349 60.9651 0
    endloop
  endfacet
  facet normal 0 -0 -1
    outer loop
      vertex 203.035 60.6513 0
      vertex 210 64 0
      vertex 201.768 36.7678 0
    endloop
  endfacet
  facet normal 0 0 -1
    outer loop
      vertex 210 64 0
      vertex 203.035 60.6513 0
      vertex 203.202 60.7979 0
    endloop
  endfacet
  facet normal 0 0 -1
    outer loop
      vertex 201.522 36.9834 0
      vertex 203.035 60.6513 0
      vertex 201.768 36.7678 0
    endloop
  endfacet
  facet normal 0 0 -1
    outer loop
      vertex 203.035 60.6513 0
      vertex 201.522 36.9834 0
      vertex 202.85 60.5278 0
    endloop
  endfacet
  facet normal 0 0 -1
    outer loop
      vertex 201.25 37.1651 0
      vertex 202.85 60.5278 0
      vertex 201.522 36.9834 0
    endloop
  endfacet
  facet normal 0 0 -1
    outer loop
      vertex 202.85 60.5278 0
      vertex 201.25 37.1651 0
      vertex 202.651 60.4294 0
    endloop
  endfacet
  facet normal 0 0 -1
    outer loop
      vertex 202.651 60.4294 0
      vertex 201.25 37.1651 0
      vertex 202.44 60.3579 0
    endloop
  endfacet
  facet normal 0 0 -1
    outer loop
      vertex 200.957 37.3097 0
      vertex 202.44 60.3579 0
      vertex 201.25 37.1651 0
    endloop
  endfacet
  facet normal 0 0 -1
    outer loop
      vertex 202.44 60.3579 0
      vertex 200.957 37.3097 0
      vertex 202.222 60.3145 0
    endloop
  endfacet
  facet normal 0 0 -1
    outer loop
      vertex 200.647 37.4148 0
      vertex 202.222 60.3145 0
      vertex 200.957 37.3097 0
    endloop
  endfacet
  facet normal 0 0 -1
    outer loop
      vertex 202.222 60.3145 0
      vertex 200.647 37.4148 0
      vertex 202 60.3 0
    endloop
  endfacet
  facet normal 0 0 -1
    outer loop
      vertex 200.326 37.4786 0
      vertex 202 60.3 0
      vertex 200.647 37.4148 0
    endloop
  endfacet
  facet normal -0 0 -1
    outer loop
      vertex 202 60.3 0
      vertex 200.326 37.4786 0
      vertex 201.778 60.3145 0
    endloop
  endfacet
  facet normal 0 0 -1
    outer loop
      vertex 200 37.5 0
      vertex 201.778 60.3145 0
      vertex 200.326 37.4786 0
    endloop
  endfacet
  facet normal -0 0 -1
    outer loop
      vertex 201.778 60.3145 0
      vertex 200 37.5 0
      vertex 201.56 60.3579 0
    endloop
  endfacet
  facet normal 0 0 -1
    outer loop
      vertex 199.674 37.4786 0
      vertex 201.56 60.3579 0
      vertex 200 37.5 0
    endloop
  endfacet
  facet normal -0 0 -1
    outer loop
      vertex 201.56 60.3579 0
      vertex 199.674 37.4786 0
      vertex 201.349 60.4294 0
    endloop
  endfacet
  facet normal 0 0 -1
    outer loop
      vertex 199.353 37.4148 0
      vertex 201.349 60.4294 0
      vertex 199.674 37.4786 0
    endloop
  endfacet
  facet normal -0 0 -1
    outer loop
      vertex 201.349 60.4294 0
      vertex 199.353 37.4148 0
      vertex 201.15 60.5278 0
    endloop
  endfacet
  facet normal 0 0 -1
    outer loop
      vertex 199.043 37.3097 0
      vertex 201.15 60.5278 0
      vertex 199.353 37.4148 0
    endloop
  endfacet
  facet normal -0 0 -1
    outer loop
      vertex 201.15 60.5278 0
      vertex 199.043 37.3097 0
      vertex 200.965 60.6513 0
    endloop
  endfacet
  facet normal 0 0 -1
    outer loop
      vertex 198.75 37.1651 0
      vertex 200.965 60.6513 0
      vertex 199.043 37.3097 0
    endloop
  endfacet
  facet normal 0 0 -1
    outer loop
      vertex 185.25 37.1651 0
      vertex 200.965 60.6513 0
      vertex 198.75 37.1651 0
    endloop
  endfacet
  facet normal -0 0 -1
    outer loop
      vertex 200.965 60.6513 0
      vertex 185.25 37.1651 0
      vertex 200.798 60.7979 0
    endloop
  endfacet
  facet normal 0 0 -1
    outer loop
      vertex 184.957 37.3097 0
      vertex 200.798 60.7979 0
      vertex 185.25 37.1651 0
    endloop
  endfacet
  facet normal 0.55532 -0.831636 0
    outer loop
      vertex 207 0.803833 0
      vertex 207.653 1.23987 2
      vertex 207 0.803833 2
    endloop
  endfacet
  facet normal 0.55532 -0.831636 0
    outer loop
      vertex 207.653 1.23987 2
      vertex 207 0.803833 0
      vertex 207.653 1.23987 0
    endloop
  endfacet
  facet normal 0.946652 0.322259 0
    outer loop
      vertex 209.796 65.5529 2
      vertex 209.543 66.2961 0
      vertex 209.543 66.2961 2
    endloop
  endfacet
  facet normal 0.946652 0.322259 0
    outer loop
      vertex 209.543 66.2961 0
      vertex 209.796 65.5529 2
      vertex 209.796 65.5529 0
    endloop
  endfacet
  facet normal 0.0653771 0.997861 -0
    outer loop
      vertex 204.783 69.9487 0
      vertex 204 70 2
      vertex 204.783 69.9487 2
    endloop
  endfacet
  facet normal 0.0653771 0.997861 0
    outer loop
      vertex 204 70 2
      vertex 204.783 69.9487 0
      vertex 204 70 0
    endloop
  endfacet
  facet normal 0 1 -0
    outer loop
      vertex 204 70 0
      vertex 116 70 2
      vertex 204 70 2
    endloop
  endfacet
  facet normal 0 1 0
    outer loop
      vertex 116 70 2
      vertex 204 70 0
      vertex 116 70 0
    endloop
  endfacet
  facet normal -1 0 0
    outer loop
      vertex 110 6 0
      vertex 110 64 2
      vertex 110 64 0
    endloop
  endfacet
  facet normal -1 -0 0
    outer loop
      vertex 110 64 2
      vertex 110 6 0
      vertex 110 6 2
    endloop
  endfacet
  facet normal 1 -0 0
    outer loop
      vertex 210 6 2
      vertex 210 64 0
      vertex 210 64 2
    endloop
  endfacet
  facet normal 1 0 0
    outer loop
      vertex 210 64 0
      vertex 210 6 2
      vertex 210 6 0
    endloop
  endfacet
  facet normal 0 -1 0
    outer loop
      vertex 116 0 0
      vertex 204 0 2
      vertex 116 0 2
    endloop
  endfacet
  facet normal 0 -1 -0
    outer loop
      vertex 204 0 2
      vertex 116 0 0
      vertex 204 0 0
    endloop
  endfacet
  facet normal 0.0654159 -0.997858 0
    outer loop
      vertex 204 0 0
      vertex 204.783 0.0513306 2
      vertex 204 0 2
    endloop
  endfacet
  facet normal 0.0654159 -0.997858 0
    outer loop
      vertex 204.783 0.0513306 2
      vertex 204 0 0
      vertex 204.783 0.0513306 0
    endloop
  endfacet
  facet normal 0.752103 0.659046 0
    outer loop
      vertex 208.76 67.6526 2
      vertex 208.243 68.2426 0
      vertex 208.243 68.2426 2
    endloop
  endfacet
  facet normal 0.752103 0.659046 0
    outer loop
      vertex 208.243 68.2426 0
      vertex 208.76 67.6526 2
      vertex 208.76 67.6526 0
    endloop
  endfacet
  facet normal -0.752103 0.659046 0
    outer loop
      vertex 111.24 67.6526 0
      vertex 111.757 68.2426 2
      vertex 111.757 68.2426 0
    endloop
  endfacet
  facet normal -0.752103 0.659046 0
    outer loop
      vertex 111.757 68.2426 2
      vertex 111.24 67.6526 0
      vertex 111.24 67.6526 2
    endloop
  endfacet
  facet normal -0.997886 -0.0649832 0
    outer loop
      vertex 110.051 5.21684 0
      vertex 110 6 2
      vertex 110 6 0
    endloop
  endfacet
  facet normal -0.997886 -0.0649832 0
    outer loop
      vertex 110 6 2
      vertex 110.051 5.21684 0
      vertex 110.051 5.21684 2
    endloop
  endfacet
  facet normal 0.980813 -0.19495 0
    outer loop
      vertex 209.796 4.44708 2
      vertex 209.949 5.21684 0
      vertex 209.949 5.21684 2
    endloop
  endfacet
  facet normal 0.980813 -0.19495 0
    outer loop
      vertex 209.949 5.21684 0
      vertex 209.796 4.44708 2
      vertex 209.796 4.44708 0
    endloop
  endfacet
  facet normal 0.321507 -0.946907 0
    outer loop
      vertex 205.553 0.204437 0
      vertex 206.296 0.456711 2
      vertex 205.553 0.204437 2
    endloop
  endfacet
  facet normal 0.321507 -0.946907 0
    outer loop
      vertex 206.296 0.456711 2
      vertex 205.553 0.204437 0
      vertex 206.296 0.456711 0
    endloop
  endfacet
  facet normal -0.195022 -0.980799 0
    outer loop
      vertex 114.447 0.204437 0
      vertex 115.217 0.0513306 2
      vertex 114.447 0.204437 2
    endloop
  endfacet
  facet normal -0.195022 -0.980799 -0
    outer loop
      vertex 115.217 0.0513306 2
      vertex 114.447 0.204437 0
      vertex 115.217 0.0513306 0
    endloop
  endfacet
  facet normal -0.831489 -0.555541 0
    outer loop
      vertex 111.24 2.34743 0
      vertex 110.804 3 2
      vertex 110.804 3 0
    endloop
  endfacet
  facet normal -0.831489 -0.555541 0
    outer loop
      vertex 110.804 3 2
      vertex 111.24 2.34743 0
      vertex 111.24 2.34743 2
    endloop
  endfacet
  facet normal 0.831501 0.555523 0
    outer loop
      vertex 209.196 67 2
      vertex 208.76 67.6526 0
      vertex 208.76 67.6526 2
    endloop
  endfacet
  facet normal 0.831501 0.555523 0
    outer loop
      vertex 208.76 67.6526 0
      vertex 209.196 67 2
      vertex 209.196 67 0
    endloop
  endfacet
  facet normal 0.896936 0.44216 0
    outer loop
      vertex 209.543 66.2961 2
      vertex 209.196 67 0
      vertex 209.196 67 2
    endloop
  endfacet
  facet normal 0.896936 0.44216 0
    outer loop
      vertex 209.196 67 0
      vertex 209.543 66.2961 2
      vertex 209.543 66.2961 0
    endloop
  endfacet
  facet normal 0.555376 0.831599 -0
    outer loop
      vertex 207.653 68.7601 0
      vertex 207 69.1962 2
      vertex 207.653 68.7601 2
    endloop
  endfacet
  facet normal 0.555376 0.831599 0
    outer loop
      vertex 207 69.1962 2
      vertex 207.653 68.7601 0
      vertex 207 69.1962 0
    endloop
  endfacet
  facet normal 0.442212 0.89691 -0
    outer loop
      vertex 207 69.1962 0
      vertex 206.296 69.5433 2
      vertex 207 69.1962 2
    endloop
  endfacet
  facet normal 0.442212 0.89691 0
    outer loop
      vertex 206.296 69.5433 2
      vertex 207 69.1962 0
      vertex 206.296 69.5433 0
    endloop
  endfacet
  facet normal 0.195136 0.980776 -0
    outer loop
      vertex 205.553 69.7955 0
      vertex 204.783 69.9487 2
      vertex 205.553 69.7955 2
    endloop
  endfacet
  facet normal 0.195136 0.980776 0
    outer loop
      vertex 204.783 69.9487 2
      vertex 205.553 69.7955 0
      vertex 204.783 69.9487 0
    endloop
  endfacet
  facet normal 0.321423 0.946936 -0
    outer loop
      vertex 206.296 69.5433 0
      vertex 205.553 69.7955 2
      vertex 206.296 69.5433 2
    endloop
  endfacet
  facet normal 0.321423 0.946936 0
    outer loop
      vertex 205.553 69.7955 2
      vertex 206.296 69.5433 0
      vertex 205.553 69.7955 0
    endloop
  endfacet
  facet normal -0.195136 0.980776 0
    outer loop
      vertex 115.217 69.9487 0
      vertex 114.447 69.7955 2
      vertex 115.217 69.9487 2
    endloop
  endfacet
  facet normal -0.195136 0.980776 0
    outer loop
      vertex 114.447 69.7955 2
      vertex 115.217 69.9487 0
      vertex 114.447 69.7955 0
    endloop
  endfacet
  facet normal -0.321423 0.946936 0
    outer loop
      vertex 114.447 69.7955 0
      vertex 113.704 69.5433 2
      vertex 114.447 69.7955 2
    endloop
  endfacet
  facet normal -0.321423 0.946936 0
    outer loop
      vertex 113.704 69.5433 2
      vertex 114.447 69.7955 0
      vertex 113.704 69.5433 0
    endloop
  endfacet
  facet normal -0.659406 0.751787 0
    outer loop
      vertex 112.347 68.7601 0
      vertex 111.757 68.2426 2
      vertex 112.347 68.7601 2
    endloop
  endfacet
  facet normal -0.659406 0.751787 0
    outer loop
      vertex 111.757 68.2426 2
      vertex 112.347 68.7601 0
      vertex 111.757 68.2426 0
    endloop
  endfacet
  facet normal -0.555376 0.831599 0
    outer loop
      vertex 113 69.1962 0
      vertex 112.347 68.7601 2
      vertex 113 69.1962 2
    endloop
  endfacet
  facet normal -0.555376 0.831599 0
    outer loop
      vertex 112.347 68.7601 2
      vertex 113 69.1962 0
      vertex 112.347 68.7601 0
    endloop
  endfacet
  facet normal -0.831501 0.555523 0
    outer loop
      vertex 110.804 67 0
      vertex 111.24 67.6526 2
      vertex 111.24 67.6526 0
    endloop
  endfacet
  facet normal -0.831501 0.555523 0
    outer loop
      vertex 111.24 67.6526 2
      vertex 110.804 67 0
      vertex 110.804 67 2
    endloop
  endfacet
  facet normal -0.896936 0.44216 0
    outer loop
      vertex 110.457 66.2961 0
      vertex 110.804 67 2
      vertex 110.804 67 0
    endloop
  endfacet
  facet normal -0.896936 0.44216 0
    outer loop
      vertex 110.804 67 2
      vertex 110.457 66.2961 0
      vertex 110.457 66.2961 2
    endloop
  endfacet
  facet normal -0.980815 0.19494 0
    outer loop
      vertex 110.051 64.7831 0
      vertex 110.204 65.5529 2
      vertex 110.204 65.5529 0
    endloop
  endfacet
  facet normal -0.980815 0.19494 0
    outer loop
      vertex 110.204 65.5529 2
      vertex 110.051 64.7831 0
      vertex 110.051 64.7831 2
    endloop
  endfacet
  facet normal -0.946652 0.322259 0
    outer loop
      vertex 110.204 65.5529 0
      vertex 110.457 66.2961 2
      vertex 110.457 66.2961 0
    endloop
  endfacet
  facet normal -0.946652 0.322259 0
    outer loop
      vertex 110.457 66.2961 2
      vertex 110.204 65.5529 0
      vertex 110.204 65.5529 2
    endloop
  endfacet
  facet normal -0.980813 -0.19495 0
    outer loop
      vertex 110.204 4.44708 0
      vertex 110.051 5.21684 2
      vertex 110.051 5.21684 0
    endloop
  endfacet
  facet normal -0.980813 -0.19495 0
    outer loop
      vertex 110.051 5.21684 2
      vertex 110.204 4.44708 0
      vertex 110.204 4.44708 2
    endloop
  endfacet
  facet normal 0.752147 -0.658995 0
    outer loop
      vertex 208.243 1.75735 2
      vertex 208.76 2.34743 0
      vertex 208.76 2.34743 2
    endloop
  endfacet
  facet normal 0.752147 -0.658995 0
    outer loop
      vertex 208.76 2.34743 0
      vertex 208.243 1.75735 2
      vertex 208.243 1.75735 0
    endloop
  endfacet
  facet normal 0.980815 0.19494 0
    outer loop
      vertex 209.949 64.7831 2
      vertex 209.796 65.5529 0
      vertex 209.796 65.5529 2
    endloop
  endfacet
  facet normal 0.980815 0.19494 0
    outer loop
      vertex 209.796 65.5529 0
      vertex 209.949 64.7831 2
      vertex 209.949 64.7831 0
    endloop
  endfacet
  facet normal 0.896933 -0.442166 0
    outer loop
      vertex 209.196 3 2
      vertex 209.543 3.70389 0
      vertex 209.543 3.70389 2
    endloop
  endfacet
  facet normal 0.896933 -0.442166 0
    outer loop
      vertex 209.543 3.70389 0
      vertex 209.196 3 2
      vertex 209.196 3 0
    endloop
  endfacet
  facet normal 0.94665 -0.322263 0
    outer loop
      vertex 209.543 3.70389 2
      vertex 209.796 4.44708 0
      vertex 209.796 4.44708 2
    endloop
  endfacet
  facet normal 0.94665 -0.322263 0
    outer loop
      vertex 209.796 4.44708 0
      vertex 209.543 3.70389 2
      vertex 209.543 3.70389 0
    endloop
  endfacet
  facet normal 0.442235 -0.896899 0
    outer loop
      vertex 206.296 0.456711 0
      vertex 207 0.803833 2
      vertex 206.296 0.456711 2
    endloop
  endfacet
  facet normal 0.442235 -0.896899 0
    outer loop
      vertex 207 0.803833 2
      vertex 206.296 0.456711 0
      vertex 207 0.803833 0
    endloop
  endfacet
  facet normal -0.442235 -0.896899 0
    outer loop
      vertex 113 0.803833 0
      vertex 113.704 0.456711 2
      vertex 113 0.803833 2
    endloop
  endfacet
  facet normal -0.442235 -0.896899 -0
    outer loop
      vertex 113.704 0.456711 2
      vertex 113 0.803833 0
      vertex 113.704 0.456711 0
    endloop
  endfacet
  facet normal 0.659406 0.751787 -0
    outer loop
      vertex 208.243 68.2426 0
      vertex 207.653 68.7601 2
      vertex 208.243 68.2426 2
    endloop
  endfacet
  facet normal 0.659406 0.751787 0
    outer loop
      vertex 207.653 68.7601 2
      vertex 208.243 68.2426 0
      vertex 207.653 68.7601 0
    endloop
  endfacet
  facet normal -0.0653771 0.997861 0
    outer loop
      vertex 116 70 0
      vertex 115.217 69.9487 2
      vertex 116 70 2
    endloop
  endfacet
  facet normal -0.0653771 0.997861 0
    outer loop
      vertex 115.217 69.9487 2
      vertex 116 70 0
      vertex 115.217 69.9487 0
    endloop
  endfacet
  facet normal 0.997886 0.0649881 0
    outer loop
      vertex 210 64 2
      vertex 209.949 64.7831 0
      vertex 209.949 64.7831 2
    endloop
  endfacet
  facet normal 0.997886 0.0649881 0
    outer loop
      vertex 209.949 64.7831 0
      vertex 210 64 2
      vertex 210 64 0
    endloop
  endfacet
  facet normal 0.997886 -0.0649832 0
    outer loop
      vertex 209.949 5.21684 2
      vertex 210 6 0
      vertex 210 6 2
    endloop
  endfacet
  facet normal 0.997886 -0.0649832 0
    outer loop
      vertex 210 6 0
      vertex 209.949 5.21684 2
      vertex 209.949 5.21684 0
    endloop
  endfacet
  facet normal 0.831489 -0.555541 0
    outer loop
      vertex 208.76 2.34743 2
      vertex 209.196 3 0
      vertex 209.196 3 2
    endloop
  endfacet
  facet normal 0.831489 -0.555541 0
    outer loop
      vertex 209.196 3 0
      vertex 208.76 2.34743 2
      vertex 208.76 2.34743 0
    endloop
  endfacet
  facet normal 0.659392 -0.751799 0
    outer loop
      vertex 207.653 1.23987 0
      vertex 208.243 1.75735 2
      vertex 207.653 1.23987 2
    endloop
  endfacet
  facet normal 0.659392 -0.751799 0
    outer loop
      vertex 208.243 1.75735 2
      vertex 207.653 1.23987 0
      vertex 208.243 1.75735 0
    endloop
  endfacet
  facet normal 0.195022 -0.980799 0
    outer loop
      vertex 204.783 0.0513306 0
      vertex 205.553 0.204437 2
      vertex 204.783 0.0513306 2
    endloop
  endfacet
  facet normal 0.195022 -0.980799 0
    outer loop
      vertex 205.553 0.204437 2
      vertex 204.783 0.0513306 0
      vertex 205.553 0.204437 0
    endloop
  endfacet
  facet normal -0.0654159 -0.997858 0
    outer loop
      vertex 115.217 0.0513306 0
      vertex 116 0 2
      vertex 115.217 0.0513306 2
    endloop
  endfacet
  facet normal -0.0654159 -0.997858 -0
    outer loop
      vertex 116 0 2
      vertex 115.217 0.0513306 0
      vertex 116 0 0
    endloop
  endfacet
  facet normal -0.321507 -0.946907 0
    outer loop
      vertex 113.704 0.456711 0
      vertex 114.447 0.204437 2
      vertex 113.704 0.456711 2
    endloop
  endfacet
  facet normal -0.321507 -0.946907 -0
    outer loop
      vertex 114.447 0.204437 2
      vertex 113.704 0.456711 0
      vertex 114.447 0.204437 0
    endloop
  endfacet
  facet normal -0.752147 -0.658995 0
    outer loop
      vertex 111.757 1.75735 0
      vertex 111.24 2.34743 2
      vertex 111.24 2.34743 0
    endloop
  endfacet
  facet normal -0.752147 -0.658995 0
    outer loop
      vertex 111.24 2.34743 2
      vertex 111.757 1.75735 0
      vertex 111.757 1.75735 2
    endloop
  endfacet
  facet normal -0.55532 -0.831636 0
    outer loop
      vertex 112.347 1.23987 0
      vertex 113 0.803833 2
      vertex 112.347 1.23987 2
    endloop
  endfacet
  facet normal -0.55532 -0.831636 -0
    outer loop
      vertex 113 0.803833 2
      vertex 112.347 1.23987 0
      vertex 113 0.803833 0
    endloop
  endfacet
  facet normal -0.659392 -0.751799 0
    outer loop
      vertex 111.757 1.75735 0
      vertex 112.347 1.23987 2
      vertex 111.757 1.75735 2
    endloop
  endfacet
  facet normal -0.659392 -0.751799 -0
    outer loop
      vertex 112.347 1.23987 2
      vertex 111.757 1.75735 0
      vertex 112.347 1.23987 0
    endloop
  endfacet
endsolid OpenSCAD_Model
