solid OpenSCAD_Model
  facet normal -0.997886 -0.0649964 0
    outer loop
      vertex 23.6 21 0
      vertex 23.5949 21.0783 3
      vertex 23.5949 21.0783 0
    endloop
  endfacet
  facet normal -0.997886 -0.0649964 0
    outer loop
      vertex 23.5949 21.0783 3
      vertex 23.6 21 0
      vertex 23.6 21 3
    endloop
  endfacet
  facet normal 0.0649964 -0.997886 0
    outer loop
      vertex 22.9217 21.5949 0
      vertex 23 21.6 3
      vertex 22.9217 21.5949 3
    endloop
  endfacet
  facet normal 0.0649964 -0.997886 0
    outer loop
      vertex 23 21.6 3
      vertex 22.9217 21.5949 0
      vertex 23 21.6 0
    endloop
  endfacet
  facet normal -0.659046 -0.752103 0
    outer loop
      vertex 23.3653 21.476 0
      vertex 23.4243 21.4243 3
      vertex 23.3653 21.476 3
    endloop
  endfacet
  facet normal -0.659046 -0.752103 -0
    outer loop
      vertex 23.4243 21.4243 3
      vertex 23.3653 21.476 0
      vertex 23.4243 21.4243 0
    endloop
  endfacet
  facet normal 0.752103 -0.659046 0
    outer loop
      vertex 22.524 21.3653 3
      vertex 22.5757 21.4243 0
      vertex 22.5757 21.4243 3
    endloop
  endfacet
  facet normal 0.752103 -0.659046 0
    outer loop
      vertex 22.5757 21.4243 0
      vertex 22.524 21.3653 3
      vertex 22.524 21.3653 0
    endloop
  endfacet
  facet normal 0.44211 -0.896961 0
    outer loop
      vertex 22.7 21.5196 0
      vertex 22.7704 21.5543 3
      vertex 22.7 21.5196 3
    endloop
  endfacet
  facet normal 0.44211 -0.896961 0
    outer loop
      vertex 22.7704 21.5543 3
      vertex 22.7 21.5196 0
      vertex 22.7704 21.5543 0
    endloop
  endfacet
  facet normal -0.896961 -0.44211 0
    outer loop
      vertex 23.5543 21.2296 0
      vertex 23.5196 21.3 3
      vertex 23.5196 21.3 0
    endloop
  endfacet
  facet normal -0.896961 -0.44211 0
    outer loop
      vertex 23.5196 21.3 3
      vertex 23.5543 21.2296 0
      vertex 23.5543 21.2296 3
    endloop
  endfacet
  facet normal -0.322337 -0.946625 0
    outer loop
      vertex 23.1553 21.5796 0
      vertex 23.2296 21.5543 3
      vertex 23.1553 21.5796 3
    endloop
  endfacet
  facet normal -0.322337 -0.946625 -0
    outer loop
      vertex 23.2296 21.5543 3
      vertex 23.1553 21.5796 0
      vertex 23.2296 21.5543 0
    endloop
  endfacet
  facet normal -0.194891 -0.980825 0
    outer loop
      vertex 23.0783 21.5949 0
      vertex 23.1553 21.5796 3
      vertex 23.0783 21.5949 3
    endloop
  endfacet
  facet normal -0.194891 -0.980825 -0
    outer loop
      vertex 23.1553 21.5796 3
      vertex 23.0783 21.5949 0
      vertex 23.1553 21.5796 0
    endloop
  endfacet
  facet normal -0.555288 -0.831658 0
    outer loop
      vertex 23.3 21.5196 0
      vertex 23.3653 21.476 3
      vertex 23.3 21.5196 3
    endloop
  endfacet
  facet normal -0.555288 -0.831658 -0
    outer loop
      vertex 23.3653 21.476 3
      vertex 23.3 21.5196 0
      vertex 23.3653 21.476 0
    endloop
  endfacet
  facet normal 0.946625 -0.322337 0
    outer loop
      vertex 22.4204 21.1553 3
      vertex 22.4457 21.2296 0
      vertex 22.4457 21.2296 3
    endloop
  endfacet
  facet normal 0.946625 -0.322337 0
    outer loop
      vertex 22.4457 21.2296 0
      vertex 22.4204 21.1553 3
      vertex 22.4204 21.1553 0
    endloop
  endfacet
  facet normal 0.831658 -0.555288 0
    outer loop
      vertex 22.4804 21.3 3
      vertex 22.524 21.3653 0
      vertex 22.524 21.3653 3
    endloop
  endfacet
  facet normal 0.831658 -0.555288 0
    outer loop
      vertex 22.524 21.3653 0
      vertex 22.4804 21.3 3
      vertex 22.4804 21.3 0
    endloop
  endfacet
  facet normal 0.980825 -0.194891 0
    outer loop
      vertex 22.4051 21.0783 3
      vertex 22.4204 21.1553 0
      vertex 22.4204 21.1553 3
    endloop
  endfacet
  facet normal 0.980825 -0.194891 0
    outer loop
      vertex 22.4204 21.1553 0
      vertex 22.4051 21.0783 3
      vertex 22.4051 21.0783 0
    endloop
  endfacet
  facet normal 0.322337 -0.946625 0
    outer loop
      vertex 22.7704 21.5543 0
      vertex 22.8447 21.5796 3
      vertex 22.7704 21.5543 3
    endloop
  endfacet
  facet normal 0.322337 -0.946625 0
    outer loop
      vertex 22.8447 21.5796 3
      vertex 22.7704 21.5543 0
      vertex 22.8447 21.5796 0
    endloop
  endfacet
  facet normal -0.831658 0.555288 0
    outer loop
      vertex 23.476 20.6347 0
      vertex 23.5196 20.7 3
      vertex 23.5196 20.7 0
    endloop
  endfacet
  facet normal -0.831658 0.555288 0
    outer loop
      vertex 23.5196 20.7 3
      vertex 23.476 20.6347 0
      vertex 23.476 20.6347 3
    endloop
  endfacet
  facet normal -0.980825 0.194891 0
    outer loop
      vertex 23.5796 20.8447 0
      vertex 23.5949 20.9217 3
      vertex 23.5949 20.9217 0
    endloop
  endfacet
  facet normal -0.980825 0.194891 0
    outer loop
      vertex 23.5949 20.9217 3
      vertex 23.5796 20.8447 0
      vertex 23.5796 20.8447 3
    endloop
  endfacet
  facet normal 0.555288 0.831658 -0
    outer loop
      vertex 22.7 20.4804 0
      vertex 22.6347 20.524 3
      vertex 22.7 20.4804 3
    endloop
  endfacet
  facet normal 0.555288 0.831658 0
    outer loop
      vertex 22.6347 20.524 3
      vertex 22.7 20.4804 0
      vertex 22.6347 20.524 0
    endloop
  endfacet
  facet normal 0.194891 0.980825 -0
    outer loop
      vertex 22.9217 20.4051 0
      vertex 22.8447 20.4204 3
      vertex 22.9217 20.4051 3
    endloop
  endfacet
  facet normal 0.194891 0.980825 0
    outer loop
      vertex 22.8447 20.4204 3
      vertex 22.9217 20.4051 0
      vertex 22.8447 20.4204 0
    endloop
  endfacet
  facet normal -0.946625 -0.322337 0
    outer loop
      vertex 23.5796 21.1553 0
      vertex 23.5543 21.2296 3
      vertex 23.5543 21.2296 0
    endloop
  endfacet
  facet normal -0.946625 -0.322337 0
    outer loop
      vertex 23.5543 21.2296 3
      vertex 23.5796 21.1553 0
      vertex 23.5796 21.1553 3
    endloop
  endfacet
  facet normal -0.980825 -0.194891 0
    outer loop
      vertex 23.5949 21.0783 0
      vertex 23.5796 21.1553 3
      vertex 23.5796 21.1553 0
    endloop
  endfacet
  facet normal -0.980825 -0.194891 0
    outer loop
      vertex 23.5796 21.1553 3
      vertex 23.5949 21.0783 0
      vertex 23.5949 21.0783 3
    endloop
  endfacet
  facet normal -0.752103 -0.659046 0
    outer loop
      vertex 23.476 21.3653 0
      vertex 23.4243 21.4243 3
      vertex 23.4243 21.4243 0
    endloop
  endfacet
  facet normal -0.752103 -0.659046 0
    outer loop
      vertex 23.4243 21.4243 3
      vertex 23.476 21.3653 0
      vertex 23.476 21.3653 3
    endloop
  endfacet
  facet normal -0.831658 -0.555288 0
    outer loop
      vertex 23.5196 21.3 0
      vertex 23.476 21.3653 3
      vertex 23.476 21.3653 0
    endloop
  endfacet
  facet normal -0.831658 -0.555288 0
    outer loop
      vertex 23.476 21.3653 3
      vertex 23.5196 21.3 0
      vertex 23.5196 21.3 3
    endloop
  endfacet
  facet normal -0.0649964 -0.997886 0
    outer loop
      vertex 23 21.6 0
      vertex 23.0783 21.5949 3
      vertex 23 21.6 3
    endloop
  endfacet
  facet normal -0.0649964 -0.997886 -0
    outer loop
      vertex 23.0783 21.5949 3
      vertex 23 21.6 0
      vertex 23.0783 21.5949 0
    endloop
  endfacet
  facet normal -0.44211 -0.896961 0
    outer loop
      vertex 23.2296 21.5543 0
      vertex 23.3 21.5196 3
      vertex 23.2296 21.5543 3
    endloop
  endfacet
  facet normal -0.44211 -0.896961 -0
    outer loop
      vertex 23.3 21.5196 3
      vertex 23.2296 21.5543 0
      vertex 23.3 21.5196 0
    endloop
  endfacet
  facet normal 0.896961 -0.44211 0
    outer loop
      vertex 22.4457 21.2296 3
      vertex 22.4804 21.3 0
      vertex 22.4804 21.3 3
    endloop
  endfacet
  facet normal 0.896961 -0.44211 0
    outer loop
      vertex 22.4804 21.3 0
      vertex 22.4457 21.2296 3
      vertex 22.4457 21.2296 0
    endloop
  endfacet
  facet normal 0.997886 -0.0649964 0
    outer loop
      vertex 22.4 21 3
      vertex 22.4051 21.0783 0
      vertex 22.4051 21.0783 3
    endloop
  endfacet
  facet normal 0.997886 -0.0649964 0
    outer loop
      vertex 22.4051 21.0783 0
      vertex 22.4 21 3
      vertex 22.4 21 0
    endloop
  endfacet
  facet normal 0.555288 -0.831658 0
    outer loop
      vertex 22.6347 21.476 0
      vertex 22.7 21.5196 3
      vertex 22.6347 21.476 3
    endloop
  endfacet
  facet normal 0.555288 -0.831658 0
    outer loop
      vertex 22.7 21.5196 3
      vertex 22.6347 21.476 0
      vertex 22.7 21.5196 0
    endloop
  endfacet
  facet normal 0.659046 -0.752103 0
    outer loop
      vertex 22.5757 21.4243 0
      vertex 22.6347 21.476 3
      vertex 22.5757 21.4243 3
    endloop
  endfacet
  facet normal 0.659046 -0.752103 0
    outer loop
      vertex 22.6347 21.476 3
      vertex 22.5757 21.4243 0
      vertex 22.6347 21.476 0
    endloop
  endfacet
  facet normal 0.194891 -0.980825 0
    outer loop
      vertex 22.8447 21.5796 0
      vertex 22.9217 21.5949 3
      vertex 22.8447 21.5796 3
    endloop
  endfacet
  facet normal 0.194891 -0.980825 0
    outer loop
      vertex 22.9217 21.5949 3
      vertex 22.8447 21.5796 0
      vertex 22.9217 21.5949 0
    endloop
  endfacet
  facet normal -0.997886 0.0649964 0
    outer loop
      vertex 23.5949 20.9217 0
      vertex 23.6 21 3
      vertex 23.6 21 0
    endloop
  endfacet
  facet normal -0.997886 0.0649964 0
    outer loop
      vertex 23.6 21 3
      vertex 23.5949 20.9217 0
      vertex 23.5949 20.9217 3
    endloop
  endfacet
  facet normal -0.194891 0.980825 0
    outer loop
      vertex 23.1553 20.4204 0
      vertex 23.0783 20.4051 3
      vertex 23.1553 20.4204 3
    endloop
  endfacet
  facet normal -0.194891 0.980825 0
    outer loop
      vertex 23.0783 20.4051 3
      vertex 23.1553 20.4204 0
      vertex 23.0783 20.4051 0
    endloop
  endfacet
  facet normal -0.44211 0.896961 0
    outer loop
      vertex 23.3 20.4804 0
      vertex 23.2296 20.4457 3
      vertex 23.3 20.4804 3
    endloop
  endfacet
  facet normal -0.44211 0.896961 0
    outer loop
      vertex 23.2296 20.4457 3
      vertex 23.3 20.4804 0
      vertex 23.2296 20.4457 0
    endloop
  endfacet
  facet normal -0.752103 0.659046 0
    outer loop
      vertex 23.4243 20.5757 0
      vertex 23.476 20.6347 3
      vertex 23.476 20.6347 0
    endloop
  endfacet
  facet normal -0.752103 0.659046 0
    outer loop
      vertex 23.476 20.6347 3
      vertex 23.4243 20.5757 0
      vertex 23.4243 20.5757 3
    endloop
  endfacet
  facet normal -0.555288 0.831658 0
    outer loop
      vertex 23.3653 20.524 0
      vertex 23.3 20.4804 3
      vertex 23.3653 20.524 3
    endloop
  endfacet
  facet normal -0.555288 0.831658 0
    outer loop
      vertex 23.3 20.4804 3
      vertex 23.3653 20.524 0
      vertex 23.3 20.4804 0
    endloop
  endfacet
  facet normal -0.896961 0.44211 0
    outer loop
      vertex 23.5196 20.7 0
      vertex 23.5543 20.7704 3
      vertex 23.5543 20.7704 0
    endloop
  endfacet
  facet normal -0.896961 0.44211 0
    outer loop
      vertex 23.5543 20.7704 3
      vertex 23.5196 20.7 0
      vertex 23.5196 20.7 3
    endloop
  endfacet
  facet normal 0.44211 0.896961 -0
    outer loop
      vertex 22.7704 20.4457 0
      vertex 22.7 20.4804 3
      vertex 22.7704 20.4457 3
    endloop
  endfacet
  facet normal 0.44211 0.896961 0
    outer loop
      vertex 22.7 20.4804 3
      vertex 22.7704 20.4457 0
      vertex 22.7 20.4804 0
    endloop
  endfacet
  facet normal 0.0649964 0.997886 -0
    outer loop
      vertex 23 20.4 0
      vertex 22.9217 20.4051 3
      vertex 23 20.4 3
    endloop
  endfacet
  facet normal 0.0649964 0.997886 0
    outer loop
      vertex 22.9217 20.4051 3
      vertex 23 20.4 0
      vertex 22.9217 20.4051 0
    endloop
  endfacet
  facet normal 0.831658 0.555288 0
    outer loop
      vertex 22.524 20.6347 3
      vertex 22.4804 20.7 0
      vertex 22.4804 20.7 3
    endloop
  endfacet
  facet normal 0.831658 0.555288 0
    outer loop
      vertex 22.4804 20.7 0
      vertex 22.524 20.6347 3
      vertex 22.524 20.6347 0
    endloop
  endfacet
  facet normal 0.659046 0.752103 -0
    outer loop
      vertex 22.6347 20.524 0
      vertex 22.5757 20.5757 3
      vertex 22.6347 20.524 3
    endloop
  endfacet
  facet normal 0.659046 0.752103 0
    outer loop
      vertex 22.5757 20.5757 3
      vertex 22.6347 20.524 0
      vertex 22.5757 20.5757 0
    endloop
  endfacet
  facet normal 0.896961 0.44211 0
    outer loop
      vertex 22.4804 20.7 3
      vertex 22.4457 20.7704 0
      vertex 22.4457 20.7704 3
    endloop
  endfacet
  facet normal 0.896961 0.44211 0
    outer loop
      vertex 22.4457 20.7704 0
      vertex 22.4804 20.7 3
      vertex 22.4804 20.7 0
    endloop
  endfacet
  facet normal 0.980825 0.194891 0
    outer loop
      vertex 22.4204 20.8447 3
      vertex 22.4051 20.9217 0
      vertex 22.4051 20.9217 3
    endloop
  endfacet
  facet normal 0.980825 0.194891 0
    outer loop
      vertex 22.4051 20.9217 0
      vertex 22.4204 20.8447 3
      vertex 22.4204 20.8447 0
    endloop
  endfacet
  facet normal 0.997886 0.0649964 0
    outer loop
      vertex 22.4051 20.9217 3
      vertex 22.4 21 0
      vertex 22.4 21 3
    endloop
  endfacet
  facet normal 0.997886 0.0649964 0
    outer loop
      vertex 22.4 21 0
      vertex 22.4051 20.9217 3
      vertex 22.4051 20.9217 0
    endloop
  endfacet
  facet normal -0.322337 0.946625 0
    outer loop
      vertex 23.2296 20.4457 0
      vertex 23.1553 20.4204 3
      vertex 23.2296 20.4457 3
    endloop
  endfacet
  facet normal -0.322337 0.946625 0
    outer loop
      vertex 23.1553 20.4204 3
      vertex 23.2296 20.4457 0
      vertex 23.1553 20.4204 0
    endloop
  endfacet
  facet normal -0.659046 0.752103 0
    outer loop
      vertex 23.4243 20.5757 0
      vertex 23.3653 20.524 3
      vertex 23.4243 20.5757 3
    endloop
  endfacet
  facet normal -0.659046 0.752103 0
    outer loop
      vertex 23.3653 20.524 3
      vertex 23.4243 20.5757 0
      vertex 23.3653 20.524 0
    endloop
  endfacet
  facet normal -0.946625 0.322337 0
    outer loop
      vertex 23.5543 20.7704 0
      vertex 23.5796 20.8447 3
      vertex 23.5796 20.8447 0
    endloop
  endfacet
  facet normal -0.946625 0.322337 0
    outer loop
      vertex 23.5796 20.8447 3
      vertex 23.5543 20.7704 0
      vertex 23.5543 20.7704 3
    endloop
  endfacet
  facet normal 0.322337 0.946625 -0
    outer loop
      vertex 22.8447 20.4204 0
      vertex 22.7704 20.4457 3
      vertex 22.8447 20.4204 3
    endloop
  endfacet
  facet normal 0.322337 0.946625 0
    outer loop
      vertex 22.7704 20.4457 3
      vertex 22.8447 20.4204 0
      vertex 22.7704 20.4457 0
    endloop
  endfacet
  facet normal -0.0649964 0.997886 0
    outer loop
      vertex 23.0783 20.4051 0
      vertex 23 20.4 3
      vertex 23.0783 20.4051 3
    endloop
  endfacet
  facet normal -0.0649964 0.997886 0
    outer loop
      vertex 23 20.4 3
      vertex 23.0783 20.4051 0
      vertex 23 20.4 0
    endloop
  endfacet
  facet normal 0.752103 0.659046 0
    outer loop
      vertex 22.5757 20.5757 3
      vertex 22.524 20.6347 0
      vertex 22.524 20.6347 3
    endloop
  endfacet
  facet normal 0.752103 0.659046 0
    outer loop
      vertex 22.524 20.6347 0
      vertex 22.5757 20.5757 3
      vertex 22.5757 20.5757 0
    endloop
  endfacet
  facet normal 0.946625 0.322337 0
    outer loop
      vertex 22.4457 20.7704 3
      vertex 22.4204 20.8447 0
      vertex 22.4204 20.8447 3
    endloop
  endfacet
  facet normal 0.946625 0.322337 0
    outer loop
      vertex 22.4204 20.8447 0
      vertex 22.4457 20.7704 3
      vertex 22.4457 20.7704 0
    endloop
  endfacet
  facet normal -0.997886 -0.0649964 0
    outer loop
      vertex 23.6 27 0
      vertex 23.5949 27.0783 3
      vertex 23.5949 27.0783 0
    endloop
  endfacet
  facet normal -0.997886 -0.0649964 0
    outer loop
      vertex 23.5949 27.0783 3
      vertex 23.6 27 0
      vertex 23.6 27 3
    endloop
  endfacet
  facet normal 0.0649964 -0.997886 0
    outer loop
      vertex 22.9217 27.5949 0
      vertex 23 27.6 3
      vertex 22.9217 27.5949 3
    endloop
  endfacet
  facet normal 0.0649964 -0.997886 0
    outer loop
      vertex 23 27.6 3
      vertex 22.9217 27.5949 0
      vertex 23 27.6 0
    endloop
  endfacet
  facet normal -0.659046 -0.752103 0
    outer loop
      vertex 23.3653 27.476 0
      vertex 23.4243 27.4243 3
      vertex 23.3653 27.476 3
    endloop
  endfacet
  facet normal -0.659046 -0.752103 -0
    outer loop
      vertex 23.4243 27.4243 3
      vertex 23.3653 27.476 0
      vertex 23.4243 27.4243 0
    endloop
  endfacet
  facet normal 0.752103 -0.659046 0
    outer loop
      vertex 22.524 27.3653 3
      vertex 22.5757 27.4243 0
      vertex 22.5757 27.4243 3
    endloop
  endfacet
  facet normal 0.752103 -0.659046 0
    outer loop
      vertex 22.5757 27.4243 0
      vertex 22.524 27.3653 3
      vertex 22.524 27.3653 0
    endloop
  endfacet
  facet normal 0.44211 -0.896961 0
    outer loop
      vertex 22.7 27.5196 0
      vertex 22.7704 27.5543 3
      vertex 22.7 27.5196 3
    endloop
  endfacet
  facet normal 0.44211 -0.896961 0
    outer loop
      vertex 22.7704 27.5543 3
      vertex 22.7 27.5196 0
      vertex 22.7704 27.5543 0
    endloop
  endfacet
  facet normal -0.896961 -0.44211 0
    outer loop
      vertex 23.5543 27.2296 0
      vertex 23.5196 27.3 3
      vertex 23.5196 27.3 0
    endloop
  endfacet
  facet normal -0.896961 -0.44211 0
    outer loop
      vertex 23.5196 27.3 3
      vertex 23.5543 27.2296 0
      vertex 23.5543 27.2296 3
    endloop
  endfacet
  facet normal -0.322337 -0.946625 0
    outer loop
      vertex 23.1553 27.5796 0
      vertex 23.2296 27.5543 3
      vertex 23.1553 27.5796 3
    endloop
  endfacet
  facet normal -0.322337 -0.946625 -0
    outer loop
      vertex 23.2296 27.5543 3
      vertex 23.1553 27.5796 0
      vertex 23.2296 27.5543 0
    endloop
  endfacet
  facet normal -0.194891 -0.980825 0
    outer loop
      vertex 23.0783 27.5949 0
      vertex 23.1553 27.5796 3
      vertex 23.0783 27.5949 3
    endloop
  endfacet
  facet normal -0.194891 -0.980825 -0
    outer loop
      vertex 23.1553 27.5796 3
      vertex 23.0783 27.5949 0
      vertex 23.1553 27.5796 0
    endloop
  endfacet
  facet normal -0.555288 -0.831658 0
    outer loop
      vertex 23.3 27.5196 0
      vertex 23.3653 27.476 3
      vertex 23.3 27.5196 3
    endloop
  endfacet
  facet normal -0.555288 -0.831658 -0
    outer loop
      vertex 23.3653 27.476 3
      vertex 23.3 27.5196 0
      vertex 23.3653 27.476 0
    endloop
  endfacet
  facet normal 0.896961 -0.44211 0
    outer loop
      vertex 22.4457 27.2296 3
      vertex 22.4804 27.3 0
      vertex 22.4804 27.3 3
    endloop
  endfacet
  facet normal 0.896961 -0.44211 0
    outer loop
      vertex 22.4804 27.3 0
      vertex 22.4457 27.2296 3
      vertex 22.4457 27.2296 0
    endloop
  endfacet
  facet normal 0.831658 -0.555288 0
    outer loop
      vertex 22.4804 27.3 3
      vertex 22.524 27.3653 0
      vertex 22.524 27.3653 3
    endloop
  endfacet
  facet normal 0.831658 -0.555288 0
    outer loop
      vertex 22.524 27.3653 0
      vertex 22.4804 27.3 3
      vertex 22.4804 27.3 0
    endloop
  endfacet
  facet normal 0.980825 -0.194891 0
    outer loop
      vertex 22.4051 27.0783 3
      vertex 22.4204 27.1553 0
      vertex 22.4204 27.1553 3
    endloop
  endfacet
  facet normal 0.980825 -0.194891 0
    outer loop
      vertex 22.4204 27.1553 0
      vertex 22.4051 27.0783 3
      vertex 22.4051 27.0783 0
    endloop
  endfacet
  facet normal 0.659046 -0.752103 0
    outer loop
      vertex 22.5757 27.4243 0
      vertex 22.6347 27.476 3
      vertex 22.5757 27.4243 3
    endloop
  endfacet
  facet normal 0.659046 -0.752103 0
    outer loop
      vertex 22.6347 27.476 3
      vertex 22.5757 27.4243 0
      vertex 22.6347 27.476 0
    endloop
  endfacet
  facet normal 0.322337 -0.946625 0
    outer loop
      vertex 22.7704 27.5543 0
      vertex 22.8447 27.5796 3
      vertex 22.7704 27.5543 3
    endloop
  endfacet
  facet normal 0.322337 -0.946625 0
    outer loop
      vertex 22.8447 27.5796 3
      vertex 22.7704 27.5543 0
      vertex 22.8447 27.5796 0
    endloop
  endfacet
  facet normal -0.896961 0.44211 0
    outer loop
      vertex 23.5196 26.7 0
      vertex 23.5543 26.7704 3
      vertex 23.5543 26.7704 0
    endloop
  endfacet
  facet normal -0.896961 0.44211 0
    outer loop
      vertex 23.5543 26.7704 3
      vertex 23.5196 26.7 0
      vertex 23.5196 26.7 3
    endloop
  endfacet
  facet normal -0.831658 0.555288 0
    outer loop
      vertex 23.476 26.6347 0
      vertex 23.5196 26.7 3
      vertex 23.5196 26.7 0
    endloop
  endfacet
  facet normal -0.831658 0.555288 0
    outer loop
      vertex 23.5196 26.7 3
      vertex 23.476 26.6347 0
      vertex 23.476 26.6347 3
    endloop
  endfacet
  facet normal -0.980825 0.194891 0
    outer loop
      vertex 23.5796 26.8447 0
      vertex 23.5949 26.9217 3
      vertex 23.5949 26.9217 0
    endloop
  endfacet
  facet normal -0.980825 0.194891 0
    outer loop
      vertex 23.5949 26.9217 3
      vertex 23.5796 26.8447 0
      vertex 23.5796 26.8447 3
    endloop
  endfacet
  facet normal 0.555288 0.831658 -0
    outer loop
      vertex 22.7 26.4804 0
      vertex 22.6347 26.524 3
      vertex 22.7 26.4804 3
    endloop
  endfacet
  facet normal 0.555288 0.831658 0
    outer loop
      vertex 22.6347 26.524 3
      vertex 22.7 26.4804 0
      vertex 22.6347 26.524 0
    endloop
  endfacet
  facet normal 0.194891 0.980825 -0
    outer loop
      vertex 22.9217 26.4051 0
      vertex 22.8447 26.4204 3
      vertex 22.9217 26.4051 3
    endloop
  endfacet
  facet normal 0.194891 0.980825 0
    outer loop
      vertex 22.8447 26.4204 3
      vertex 22.9217 26.4051 0
      vertex 22.8447 26.4204 0
    endloop
  endfacet
  facet normal 0.659046 0.752103 -0
    outer loop
      vertex 22.6347 26.524 0
      vertex 22.5757 26.5757 3
      vertex 22.6347 26.524 3
    endloop
  endfacet
  facet normal 0.659046 0.752103 0
    outer loop
      vertex 22.5757 26.5757 3
      vertex 22.6347 26.524 0
      vertex 22.5757 26.5757 0
    endloop
  endfacet
  facet normal -0.946625 -0.322337 0
    outer loop
      vertex 23.5796 27.1553 0
      vertex 23.5543 27.2296 3
      vertex 23.5543 27.2296 0
    endloop
  endfacet
  facet normal -0.946625 -0.322337 0
    outer loop
      vertex 23.5543 27.2296 3
      vertex 23.5796 27.1553 0
      vertex 23.5796 27.1553 3
    endloop
  endfacet
  facet normal -0.980825 -0.194891 0
    outer loop
      vertex 23.5949 27.0783 0
      vertex 23.5796 27.1553 3
      vertex 23.5796 27.1553 0
    endloop
  endfacet
  facet normal -0.980825 -0.194891 0
    outer loop
      vertex 23.5796 27.1553 3
      vertex 23.5949 27.0783 0
      vertex 23.5949 27.0783 3
    endloop
  endfacet
  facet normal -0.752103 -0.659046 0
    outer loop
      vertex 23.476 27.3653 0
      vertex 23.4243 27.4243 3
      vertex 23.4243 27.4243 0
    endloop
  endfacet
  facet normal -0.752103 -0.659046 0
    outer loop
      vertex 23.4243 27.4243 3
      vertex 23.476 27.3653 0
      vertex 23.476 27.3653 3
    endloop
  endfacet
  facet normal -0.831658 -0.555288 0
    outer loop
      vertex 23.5196 27.3 0
      vertex 23.476 27.3653 3
      vertex 23.476 27.3653 0
    endloop
  endfacet
  facet normal -0.831658 -0.555288 0
    outer loop
      vertex 23.476 27.3653 3
      vertex 23.5196 27.3 0
      vertex 23.5196 27.3 3
    endloop
  endfacet
  facet normal -0.0649964 -0.997886 0
    outer loop
      vertex 23 27.6 0
      vertex 23.0783 27.5949 3
      vertex 23 27.6 3
    endloop
  endfacet
  facet normal -0.0649964 -0.997886 -0
    outer loop
      vertex 23.0783 27.5949 3
      vertex 23 27.6 0
      vertex 23.0783 27.5949 0
    endloop
  endfacet
  facet normal -0.44211 -0.896961 0
    outer loop
      vertex 23.2296 27.5543 0
      vertex 23.3 27.5196 3
      vertex 23.2296 27.5543 3
    endloop
  endfacet
  facet normal -0.44211 -0.896961 -0
    outer loop
      vertex 23.3 27.5196 3
      vertex 23.2296 27.5543 0
      vertex 23.3 27.5196 0
    endloop
  endfacet
  facet normal 0.946625 -0.322337 0
    outer loop
      vertex 22.4204 27.1553 3
      vertex 22.4457 27.2296 0
      vertex 22.4457 27.2296 3
    endloop
  endfacet
  facet normal 0.946625 -0.322337 0
    outer loop
      vertex 22.4457 27.2296 0
      vertex 22.4204 27.1553 3
      vertex 22.4204 27.1553 0
    endloop
  endfacet
  facet normal 0.997886 -0.0649964 0
    outer loop
      vertex 22.4 27 3
      vertex 22.4051 27.0783 0
      vertex 22.4051 27.0783 3
    endloop
  endfacet
  facet normal 0.997886 -0.0649964 0
    outer loop
      vertex 22.4051 27.0783 0
      vertex 22.4 27 3
      vertex 22.4 27 0
    endloop
  endfacet
  facet normal 0.194891 -0.980825 0
    outer loop
      vertex 22.8447 27.5796 0
      vertex 22.9217 27.5949 3
      vertex 22.8447 27.5796 3
    endloop
  endfacet
  facet normal 0.194891 -0.980825 0
    outer loop
      vertex 22.9217 27.5949 3
      vertex 22.8447 27.5796 0
      vertex 22.9217 27.5949 0
    endloop
  endfacet
  facet normal -0.194891 0.980825 0
    outer loop
      vertex 23.1553 26.4204 0
      vertex 23.0783 26.4051 3
      vertex 23.1553 26.4204 3
    endloop
  endfacet
  facet normal -0.194891 0.980825 0
    outer loop
      vertex 23.0783 26.4051 3
      vertex 23.1553 26.4204 0
      vertex 23.0783 26.4051 0
    endloop
  endfacet
  facet normal -0.44211 0.896961 0
    outer loop
      vertex 23.3 26.4804 0
      vertex 23.2296 26.4457 3
      vertex 23.3 26.4804 3
    endloop
  endfacet
  facet normal -0.44211 0.896961 0
    outer loop
      vertex 23.2296 26.4457 3
      vertex 23.3 26.4804 0
      vertex 23.2296 26.4457 0
    endloop
  endfacet
  facet normal -0.555288 0.831658 0
    outer loop
      vertex 23.3653 26.524 0
      vertex 23.3 26.4804 3
      vertex 23.3653 26.524 3
    endloop
  endfacet
  facet normal -0.555288 0.831658 0
    outer loop
      vertex 23.3 26.4804 3
      vertex 23.3653 26.524 0
      vertex 23.3 26.4804 0
    endloop
  endfacet
  facet normal -0.752103 0.659046 0
    outer loop
      vertex 23.4243 26.5757 0
      vertex 23.476 26.6347 3
      vertex 23.476 26.6347 0
    endloop
  endfacet
  facet normal -0.752103 0.659046 0
    outer loop
      vertex 23.476 26.6347 3
      vertex 23.4243 26.5757 0
      vertex 23.4243 26.5757 3
    endloop
  endfacet
  facet normal -0.659046 0.752103 0
    outer loop
      vertex 23.4243 26.5757 0
      vertex 23.3653 26.524 3
      vertex 23.4243 26.5757 3
    endloop
  endfacet
  facet normal -0.659046 0.752103 0
    outer loop
      vertex 23.3653 26.524 3
      vertex 23.4243 26.5757 0
      vertex 23.3653 26.524 0
    endloop
  endfacet
  facet normal -0.997886 0.0649964 0
    outer loop
      vertex 23.5949 26.9217 0
      vertex 23.6 27 3
      vertex 23.6 27 0
    endloop
  endfacet
  facet normal -0.997886 0.0649964 0
    outer loop
      vertex 23.6 27 3
      vertex 23.5949 26.9217 0
      vertex 23.5949 26.9217 3
    endloop
  endfacet
  facet normal 0.44211 0.896961 -0
    outer loop
      vertex 22.7704 26.4457 0
      vertex 22.7 26.4804 3
      vertex 22.7704 26.4457 3
    endloop
  endfacet
  facet normal 0.44211 0.896961 0
    outer loop
      vertex 22.7 26.4804 3
      vertex 22.7704 26.4457 0
      vertex 22.7 26.4804 0
    endloop
  endfacet
  facet normal 0.0649964 0.997886 -0
    outer loop
      vertex 23 26.4 0
      vertex 22.9217 26.4051 3
      vertex 23 26.4 3
    endloop
  endfacet
  facet normal 0.0649964 0.997886 0
    outer loop
      vertex 22.9217 26.4051 3
      vertex 23 26.4 0
      vertex 22.9217 26.4051 0
    endloop
  endfacet
  facet normal 0.831658 0.555288 0
    outer loop
      vertex 22.524 26.6347 3
      vertex 22.4804 26.7 0
      vertex 22.4804 26.7 3
    endloop
  endfacet
  facet normal 0.831658 0.555288 0
    outer loop
      vertex 22.4804 26.7 0
      vertex 22.524 26.6347 3
      vertex 22.524 26.6347 0
    endloop
  endfacet
  facet normal 0.896961 0.44211 0
    outer loop
      vertex 22.4804 26.7 3
      vertex 22.4457 26.7704 0
      vertex 22.4457 26.7704 3
    endloop
  endfacet
  facet normal 0.896961 0.44211 0
    outer loop
      vertex 22.4457 26.7704 0
      vertex 22.4804 26.7 3
      vertex 22.4804 26.7 0
    endloop
  endfacet
  facet normal 0.980825 0.194891 0
    outer loop
      vertex 22.4204 26.8447 3
      vertex 22.4051 26.9217 0
      vertex 22.4051 26.9217 3
    endloop
  endfacet
  facet normal 0.980825 0.194891 0
    outer loop
      vertex 22.4051 26.9217 0
      vertex 22.4204 26.8447 3
      vertex 22.4204 26.8447 0
    endloop
  endfacet
  facet normal 0.997886 0.0649964 0
    outer loop
      vertex 22.4051 26.9217 3
      vertex 22.4 27 0
      vertex 22.4 27 3
    endloop
  endfacet
  facet normal 0.997886 0.0649964 0
    outer loop
      vertex 22.4 27 0
      vertex 22.4051 26.9217 3
      vertex 22.4051 26.9217 0
    endloop
  endfacet
  facet normal 0.555288 -0.831658 0
    outer loop
      vertex 22.6347 27.476 0
      vertex 22.7 27.5196 3
      vertex 22.6347 27.476 3
    endloop
  endfacet
  facet normal 0.555288 -0.831658 0
    outer loop
      vertex 22.7 27.5196 3
      vertex 22.6347 27.476 0
      vertex 22.7 27.5196 0
    endloop
  endfacet
  facet normal -0.322337 0.946625 0
    outer loop
      vertex 23.2296 26.4457 0
      vertex 23.1553 26.4204 3
      vertex 23.2296 26.4457 3
    endloop
  endfacet
  facet normal -0.322337 0.946625 0
    outer loop
      vertex 23.1553 26.4204 3
      vertex 23.2296 26.4457 0
      vertex 23.1553 26.4204 0
    endloop
  endfacet
  facet normal -0.946625 0.322337 0
    outer loop
      vertex 23.5543 26.7704 0
      vertex 23.5796 26.8447 3
      vertex 23.5796 26.8447 0
    endloop
  endfacet
  facet normal -0.946625 0.322337 0
    outer loop
      vertex 23.5796 26.8447 3
      vertex 23.5543 26.7704 0
      vertex 23.5543 26.7704 3
    endloop
  endfacet
  facet normal 0.322337 0.946625 -0
    outer loop
      vertex 22.8447 26.4204 0
      vertex 22.7704 26.4457 3
      vertex 22.8447 26.4204 3
    endloop
  endfacet
  facet normal 0.322337 0.946625 0
    outer loop
      vertex 22.7704 26.4457 3
      vertex 22.8447 26.4204 0
      vertex 22.7704 26.4457 0
    endloop
  endfacet
  facet normal -0.0649964 0.997886 0
    outer loop
      vertex 23.0783 26.4051 0
      vertex 23 26.4 3
      vertex 23.0783 26.4051 3
    endloop
  endfacet
  facet normal -0.0649964 0.997886 0
    outer loop
      vertex 23 26.4 3
      vertex 23.0783 26.4051 0
      vertex 23 26.4 0
    endloop
  endfacet
  facet normal 0.752103 0.659046 0
    outer loop
      vertex 22.5757 26.5757 3
      vertex 22.524 26.6347 0
      vertex 22.524 26.6347 3
    endloop
  endfacet
  facet normal 0.752103 0.659046 0
    outer loop
      vertex 22.524 26.6347 0
      vertex 22.5757 26.5757 3
      vertex 22.5757 26.5757 0
    endloop
  endfacet
  facet normal 0.946625 0.322337 0
    outer loop
      vertex 22.4457 26.7704 3
      vertex 22.4204 26.8447 0
      vertex 22.4204 26.8447 3
    endloop
  endfacet
  facet normal 0.946625 0.322337 0
    outer loop
      vertex 22.4204 26.8447 0
      vertex 22.4457 26.7704 3
      vertex 22.4457 26.7704 0
    endloop
  endfacet
  facet normal -0.997886 -0.0649964 0
    outer loop
      vertex 23.6 33 0
      vertex 23.5949 33.0783 3
      vertex 23.5949 33.0783 0
    endloop
  endfacet
  facet normal -0.997886 -0.0649964 0
    outer loop
      vertex 23.5949 33.0783 3
      vertex 23.6 33 0
      vertex 23.6 33 3
    endloop
  endfacet
  facet normal 0.0649964 -0.997886 0
    outer loop
      vertex 22.9217 33.5949 0
      vertex 23 33.6 3
      vertex 22.9217 33.5949 3
    endloop
  endfacet
  facet normal 0.0649964 -0.997886 0
    outer loop
      vertex 23 33.6 3
      vertex 22.9217 33.5949 0
      vertex 23 33.6 0
    endloop
  endfacet
  facet normal 0.659046 0.752103 -0
    outer loop
      vertex 22.6347 32.524 0
      vertex 22.5757 32.5757 3
      vertex 22.6347 32.524 3
    endloop
  endfacet
  facet normal 0.659046 0.752103 0
    outer loop
      vertex 22.5757 32.5757 3
      vertex 22.6347 32.524 0
      vertex 22.5757 32.5757 0
    endloop
  endfacet
  facet normal -0.659046 -0.752103 0
    outer loop
      vertex 23.3653 33.476 0
      vertex 23.4243 33.4243 3
      vertex 23.3653 33.476 3
    endloop
  endfacet
  facet normal -0.659046 -0.752103 -0
    outer loop
      vertex 23.4243 33.4243 3
      vertex 23.3653 33.476 0
      vertex 23.4243 33.4243 0
    endloop
  endfacet
  facet normal 0.752103 -0.659046 0
    outer loop
      vertex 22.524 33.3653 3
      vertex 22.5757 33.4243 0
      vertex 22.5757 33.4243 3
    endloop
  endfacet
  facet normal 0.752103 -0.659046 0
    outer loop
      vertex 22.5757 33.4243 0
      vertex 22.524 33.3653 3
      vertex 22.524 33.3653 0
    endloop
  endfacet
  facet normal 0.44211 -0.896961 0
    outer loop
      vertex 22.7 33.5196 0
      vertex 22.7704 33.5543 3
      vertex 22.7 33.5196 3
    endloop
  endfacet
  facet normal 0.44211 -0.896961 0
    outer loop
      vertex 22.7704 33.5543 3
      vertex 22.7 33.5196 0
      vertex 22.7704 33.5543 0
    endloop
  endfacet
  facet normal -0.896961 -0.44211 0
    outer loop
      vertex 23.5543 33.2296 0
      vertex 23.5196 33.3 3
      vertex 23.5196 33.3 0
    endloop
  endfacet
  facet normal -0.896961 -0.44211 0
    outer loop
      vertex 23.5196 33.3 3
      vertex 23.5543 33.2296 0
      vertex 23.5543 33.2296 3
    endloop
  endfacet
  facet normal -0.322337 -0.946625 0
    outer loop
      vertex 23.1553 33.5796 0
      vertex 23.2296 33.5543 3
      vertex 23.1553 33.5796 3
    endloop
  endfacet
  facet normal -0.322337 -0.946625 -0
    outer loop
      vertex 23.2296 33.5543 3
      vertex 23.1553 33.5796 0
      vertex 23.2296 33.5543 0
    endloop
  endfacet
  facet normal -0.194891 -0.980825 0
    outer loop
      vertex 23.0783 33.5949 0
      vertex 23.1553 33.5796 3
      vertex 23.0783 33.5949 3
    endloop
  endfacet
  facet normal -0.194891 -0.980825 -0
    outer loop
      vertex 23.1553 33.5796 3
      vertex 23.0783 33.5949 0
      vertex 23.1553 33.5796 0
    endloop
  endfacet
  facet normal -0.555288 -0.831658 0
    outer loop
      vertex 23.3 33.5196 0
      vertex 23.3653 33.476 3
      vertex 23.3 33.5196 3
    endloop
  endfacet
  facet normal -0.555288 -0.831658 -0
    outer loop
      vertex 23.3653 33.476 3
      vertex 23.3 33.5196 0
      vertex 23.3653 33.476 0
    endloop
  endfacet
  facet normal 0.946625 -0.322337 0
    outer loop
      vertex 22.4204 33.1553 3
      vertex 22.4457 33.2296 0
      vertex 22.4457 33.2296 3
    endloop
  endfacet
  facet normal 0.946625 -0.322337 0
    outer loop
      vertex 22.4457 33.2296 0
      vertex 22.4204 33.1553 3
      vertex 22.4204 33.1553 0
    endloop
  endfacet
  facet normal 0.831658 -0.555288 0
    outer loop
      vertex 22.4804 33.3 3
      vertex 22.524 33.3653 0
      vertex 22.524 33.3653 3
    endloop
  endfacet
  facet normal 0.831658 -0.555288 0
    outer loop
      vertex 22.524 33.3653 0
      vertex 22.4804 33.3 3
      vertex 22.4804 33.3 0
    endloop
  endfacet
  facet normal 0.980825 -0.194891 0
    outer loop
      vertex 22.4051 33.0783 3
      vertex 22.4204 33.1553 0
      vertex 22.4204 33.1553 3
    endloop
  endfacet
  facet normal 0.980825 -0.194891 0
    outer loop
      vertex 22.4204 33.1553 0
      vertex 22.4051 33.0783 3
      vertex 22.4051 33.0783 0
    endloop
  endfacet
  facet normal 0.322337 -0.946625 0
    outer loop
      vertex 22.7704 33.5543 0
      vertex 22.8447 33.5796 3
      vertex 22.7704 33.5543 3
    endloop
  endfacet
  facet normal 0.322337 -0.946625 0
    outer loop
      vertex 22.8447 33.5796 3
      vertex 22.7704 33.5543 0
      vertex 22.8447 33.5796 0
    endloop
  endfacet
  facet normal -0.831658 0.555288 0
    outer loop
      vertex 23.476 32.6347 0
      vertex 23.5196 32.7 3
      vertex 23.5196 32.7 0
    endloop
  endfacet
  facet normal -0.831658 0.555288 0
    outer loop
      vertex 23.5196 32.7 3
      vertex 23.476 32.6347 0
      vertex 23.476 32.6347 3
    endloop
  endfacet
  facet normal -0.980825 0.194891 0
    outer loop
      vertex 23.5796 32.8447 0
      vertex 23.5949 32.9217 3
      vertex 23.5949 32.9217 0
    endloop
  endfacet
  facet normal -0.980825 0.194891 0
    outer loop
      vertex 23.5949 32.9217 3
      vertex 23.5796 32.8447 0
      vertex 23.5796 32.8447 3
    endloop
  endfacet
  facet normal 0.555288 0.831658 -0
    outer loop
      vertex 22.7 32.4804 0
      vertex 22.6347 32.524 3
      vertex 22.7 32.4804 3
    endloop
  endfacet
  facet normal 0.555288 0.831658 0
    outer loop
      vertex 22.6347 32.524 3
      vertex 22.7 32.4804 0
      vertex 22.6347 32.524 0
    endloop
  endfacet
  facet normal 0.194891 0.980825 -0
    outer loop
      vertex 22.9217 32.4051 0
      vertex 22.8447 32.4204 3
      vertex 22.9217 32.4051 3
    endloop
  endfacet
  facet normal 0.194891 0.980825 0
    outer loop
      vertex 22.8447 32.4204 3
      vertex 22.9217 32.4051 0
      vertex 22.8447 32.4204 0
    endloop
  endfacet
  facet normal -0.946625 -0.322337 0
    outer loop
      vertex 23.5796 33.1553 0
      vertex 23.5543 33.2296 3
      vertex 23.5543 33.2296 0
    endloop
  endfacet
  facet normal -0.946625 -0.322337 0
    outer loop
      vertex 23.5543 33.2296 3
      vertex 23.5796 33.1553 0
      vertex 23.5796 33.1553 3
    endloop
  endfacet
  facet normal -0.980825 -0.194891 0
    outer loop
      vertex 23.5949 33.0783 0
      vertex 23.5796 33.1553 3
      vertex 23.5796 33.1553 0
    endloop
  endfacet
  facet normal -0.980825 -0.194891 0
    outer loop
      vertex 23.5796 33.1553 3
      vertex 23.5949 33.0783 0
      vertex 23.5949 33.0783 3
    endloop
  endfacet
  facet normal -0.752103 -0.659046 0
    outer loop
      vertex 23.476 33.3653 0
      vertex 23.4243 33.4243 3
      vertex 23.4243 33.4243 0
    endloop
  endfacet
  facet normal -0.752103 -0.659046 0
    outer loop
      vertex 23.4243 33.4243 3
      vertex 23.476 33.3653 0
      vertex 23.476 33.3653 3
    endloop
  endfacet
  facet normal -0.831658 -0.555288 0
    outer loop
      vertex 23.5196 33.3 0
      vertex 23.476 33.3653 3
      vertex 23.476 33.3653 0
    endloop
  endfacet
  facet normal -0.831658 -0.555288 0
    outer loop
      vertex 23.476 33.3653 3
      vertex 23.5196 33.3 0
      vertex 23.5196 33.3 3
    endloop
  endfacet
  facet normal -0.0649964 -0.997886 0
    outer loop
      vertex 23 33.6 0
      vertex 23.0783 33.5949 3
      vertex 23 33.6 3
    endloop
  endfacet
  facet normal -0.0649964 -0.997886 -0
    outer loop
      vertex 23.0783 33.5949 3
      vertex 23 33.6 0
      vertex 23.0783 33.5949 0
    endloop
  endfacet
  facet normal -0.44211 -0.896961 0
    outer loop
      vertex 23.2296 33.5543 0
      vertex 23.3 33.5196 3
      vertex 23.2296 33.5543 3
    endloop
  endfacet
  facet normal -0.44211 -0.896961 -0
    outer loop
      vertex 23.3 33.5196 3
      vertex 23.2296 33.5543 0
      vertex 23.3 33.5196 0
    endloop
  endfacet
  facet normal 0.896961 -0.44211 0
    outer loop
      vertex 22.4457 33.2296 3
      vertex 22.4804 33.3 0
      vertex 22.4804 33.3 3
    endloop
  endfacet
  facet normal 0.896961 -0.44211 0
    outer loop
      vertex 22.4804 33.3 0
      vertex 22.4457 33.2296 3
      vertex 22.4457 33.2296 0
    endloop
  endfacet
  facet normal 0.997886 -0.0649964 0
    outer loop
      vertex 22.4 33 3
      vertex 22.4051 33.0783 0
      vertex 22.4051 33.0783 3
    endloop
  endfacet
  facet normal 0.997886 -0.0649964 0
    outer loop
      vertex 22.4051 33.0783 0
      vertex 22.4 33 3
      vertex 22.4 33 0
    endloop
  endfacet
  facet normal 0.555288 -0.831658 0
    outer loop
      vertex 22.6347 33.476 0
      vertex 22.7 33.5196 3
      vertex 22.6347 33.476 3
    endloop
  endfacet
  facet normal 0.555288 -0.831658 0
    outer loop
      vertex 22.7 33.5196 3
      vertex 22.6347 33.476 0
      vertex 22.7 33.5196 0
    endloop
  endfacet
  facet normal 0.659046 -0.752103 0
    outer loop
      vertex 22.5757 33.4243 0
      vertex 22.6347 33.476 3
      vertex 22.5757 33.4243 3
    endloop
  endfacet
  facet normal 0.659046 -0.752103 0
    outer loop
      vertex 22.6347 33.476 3
      vertex 22.5757 33.4243 0
      vertex 22.6347 33.476 0
    endloop
  endfacet
  facet normal 0.194891 -0.980825 0
    outer loop
      vertex 22.8447 33.5796 0
      vertex 22.9217 33.5949 3
      vertex 22.8447 33.5796 3
    endloop
  endfacet
  facet normal 0.194891 -0.980825 0
    outer loop
      vertex 22.9217 33.5949 3
      vertex 22.8447 33.5796 0
      vertex 22.9217 33.5949 0
    endloop
  endfacet
  facet normal -0.194891 0.980825 0
    outer loop
      vertex 23.1553 32.4204 0
      vertex 23.0783 32.4051 3
      vertex 23.1553 32.4204 3
    endloop
  endfacet
  facet normal -0.194891 0.980825 0
    outer loop
      vertex 23.0783 32.4051 3
      vertex 23.1553 32.4204 0
      vertex 23.0783 32.4051 0
    endloop
  endfacet
  facet normal -0.44211 0.896961 0
    outer loop
      vertex 23.3 32.4804 0
      vertex 23.2296 32.4457 3
      vertex 23.3 32.4804 3
    endloop
  endfacet
  facet normal -0.44211 0.896961 0
    outer loop
      vertex 23.2296 32.4457 3
      vertex 23.3 32.4804 0
      vertex 23.2296 32.4457 0
    endloop
  endfacet
  facet normal -0.752103 0.659046 0
    outer loop
      vertex 23.4243 32.5757 0
      vertex 23.476 32.6347 3
      vertex 23.476 32.6347 0
    endloop
  endfacet
  facet normal -0.752103 0.659046 0
    outer loop
      vertex 23.476 32.6347 3
      vertex 23.4243 32.5757 0
      vertex 23.4243 32.5757 3
    endloop
  endfacet
  facet normal -0.555288 0.831658 0
    outer loop
      vertex 23.3653 32.524 0
      vertex 23.3 32.4804 3
      vertex 23.3653 32.524 3
    endloop
  endfacet
  facet normal -0.555288 0.831658 0
    outer loop
      vertex 23.3 32.4804 3
      vertex 23.3653 32.524 0
      vertex 23.3 32.4804 0
    endloop
  endfacet
  facet normal -0.896961 0.44211 0
    outer loop
      vertex 23.5196 32.7 0
      vertex 23.5543 32.7704 3
      vertex 23.5543 32.7704 0
    endloop
  endfacet
  facet normal -0.896961 0.44211 0
    outer loop
      vertex 23.5543 32.7704 3
      vertex 23.5196 32.7 0
      vertex 23.5196 32.7 3
    endloop
  endfacet
  facet normal -0.997886 0.0649964 0
    outer loop
      vertex 23.5949 32.9217 0
      vertex 23.6 33 3
      vertex 23.6 33 0
    endloop
  endfacet
  facet normal -0.997886 0.0649964 0
    outer loop
      vertex 23.6 33 3
      vertex 23.5949 32.9217 0
      vertex 23.5949 32.9217 3
    endloop
  endfacet
  facet normal 0.44211 0.896961 -0
    outer loop
      vertex 22.7704 32.4457 0
      vertex 22.7 32.4804 3
      vertex 22.7704 32.4457 3
    endloop
  endfacet
  facet normal 0.44211 0.896961 0
    outer loop
      vertex 22.7 32.4804 3
      vertex 22.7704 32.4457 0
      vertex 22.7 32.4804 0
    endloop
  endfacet
  facet normal 0.0649964 0.997886 -0
    outer loop
      vertex 23 32.4 0
      vertex 22.9217 32.4051 3
      vertex 23 32.4 3
    endloop
  endfacet
  facet normal 0.0649964 0.997886 0
    outer loop
      vertex 22.9217 32.4051 3
      vertex 23 32.4 0
      vertex 22.9217 32.4051 0
    endloop
  endfacet
  facet normal 0.831658 0.555288 0
    outer loop
      vertex 22.524 32.6347 3
      vertex 22.4804 32.7 0
      vertex 22.4804 32.7 3
    endloop
  endfacet
  facet normal 0.831658 0.555288 0
    outer loop
      vertex 22.4804 32.7 0
      vertex 22.524 32.6347 3
      vertex 22.524 32.6347 0
    endloop
  endfacet
  facet normal 0.896961 0.44211 0
    outer loop
      vertex 22.4804 32.7 3
      vertex 22.4457 32.7704 0
      vertex 22.4457 32.7704 3
    endloop
  endfacet
  facet normal 0.896961 0.44211 0
    outer loop
      vertex 22.4457 32.7704 0
      vertex 22.4804 32.7 3
      vertex 22.4804 32.7 0
    endloop
  endfacet
  facet normal 0.980825 0.194891 0
    outer loop
      vertex 22.4204 32.8447 3
      vertex 22.4051 32.9217 0
      vertex 22.4051 32.9217 3
    endloop
  endfacet
  facet normal 0.980825 0.194891 0
    outer loop
      vertex 22.4051 32.9217 0
      vertex 22.4204 32.8447 3
      vertex 22.4204 32.8447 0
    endloop
  endfacet
  facet normal 0.997886 0.0649964 0
    outer loop
      vertex 22.4051 32.9217 3
      vertex 22.4 33 0
      vertex 22.4 33 3
    endloop
  endfacet
  facet normal 0.997886 0.0649964 0
    outer loop
      vertex 22.4 33 0
      vertex 22.4051 32.9217 3
      vertex 22.4051 32.9217 0
    endloop
  endfacet
  facet normal -0.322337 0.946625 0
    outer loop
      vertex 23.2296 32.4457 0
      vertex 23.1553 32.4204 3
      vertex 23.2296 32.4457 3
    endloop
  endfacet
  facet normal -0.322337 0.946625 0
    outer loop
      vertex 23.1553 32.4204 3
      vertex 23.2296 32.4457 0
      vertex 23.1553 32.4204 0
    endloop
  endfacet
  facet normal -0.659046 0.752103 0
    outer loop
      vertex 23.4243 32.5757 0
      vertex 23.3653 32.524 3
      vertex 23.4243 32.5757 3
    endloop
  endfacet
  facet normal -0.659046 0.752103 0
    outer loop
      vertex 23.3653 32.524 3
      vertex 23.4243 32.5757 0
      vertex 23.3653 32.524 0
    endloop
  endfacet
  facet normal -0.946625 0.322337 0
    outer loop
      vertex 23.5543 32.7704 0
      vertex 23.5796 32.8447 3
      vertex 23.5796 32.8447 0
    endloop
  endfacet
  facet normal -0.946625 0.322337 0
    outer loop
      vertex 23.5796 32.8447 3
      vertex 23.5543 32.7704 0
      vertex 23.5543 32.7704 3
    endloop
  endfacet
  facet normal 0.322337 0.946625 -0
    outer loop
      vertex 22.8447 32.4204 0
      vertex 22.7704 32.4457 3
      vertex 22.8447 32.4204 3
    endloop
  endfacet
  facet normal 0.322337 0.946625 0
    outer loop
      vertex 22.7704 32.4457 3
      vertex 22.8447 32.4204 0
      vertex 22.7704 32.4457 0
    endloop
  endfacet
  facet normal -0.0649964 0.997886 0
    outer loop
      vertex 23.0783 32.4051 0
      vertex 23 32.4 3
      vertex 23.0783 32.4051 3
    endloop
  endfacet
  facet normal -0.0649964 0.997886 0
    outer loop
      vertex 23 32.4 3
      vertex 23.0783 32.4051 0
      vertex 23 32.4 0
    endloop
  endfacet
  facet normal 0.752103 0.659046 0
    outer loop
      vertex 22.5757 32.5757 3
      vertex 22.524 32.6347 0
      vertex 22.524 32.6347 3
    endloop
  endfacet
  facet normal 0.752103 0.659046 0
    outer loop
      vertex 22.524 32.6347 0
      vertex 22.5757 32.5757 3
      vertex 22.5757 32.5757 0
    endloop
  endfacet
  facet normal 0.946625 0.322337 0
    outer loop
      vertex 22.4457 32.7704 3
      vertex 22.4204 32.8447 0
      vertex 22.4204 32.8447 3
    endloop
  endfacet
  facet normal 0.946625 0.322337 0
    outer loop
      vertex 22.4204 32.8447 0
      vertex 22.4457 32.7704 3
      vertex 22.4457 32.7704 0
    endloop
  endfacet
  facet normal -0.997886 -0.0649964 0
    outer loop
      vertex 29.6 21 0
      vertex 29.5949 21.0783 3
      vertex 29.5949 21.0783 0
    endloop
  endfacet
  facet normal -0.997886 -0.0649964 0
    outer loop
      vertex 29.5949 21.0783 3
      vertex 29.6 21 0
      vertex 29.6 21 3
    endloop
  endfacet
  facet normal 0.0649964 -0.997886 0
    outer loop
      vertex 28.9217 21.5949 0
      vertex 29 21.6 3
      vertex 28.9217 21.5949 3
    endloop
  endfacet
  facet normal 0.0649964 -0.997886 0
    outer loop
      vertex 29 21.6 3
      vertex 28.9217 21.5949 0
      vertex 29 21.6 0
    endloop
  endfacet
  facet normal -0.659046 -0.752103 0
    outer loop
      vertex 29.3653 21.476 0
      vertex 29.4243 21.4243 3
      vertex 29.3653 21.476 3
    endloop
  endfacet
  facet normal -0.659046 -0.752103 -0
    outer loop
      vertex 29.4243 21.4243 3
      vertex 29.3653 21.476 0
      vertex 29.4243 21.4243 0
    endloop
  endfacet
  facet normal 0.752103 -0.659046 0
    outer loop
      vertex 28.524 21.3653 3
      vertex 28.5757 21.4243 0
      vertex 28.5757 21.4243 3
    endloop
  endfacet
  facet normal 0.752103 -0.659046 0
    outer loop
      vertex 28.5757 21.4243 0
      vertex 28.524 21.3653 3
      vertex 28.524 21.3653 0
    endloop
  endfacet
  facet normal 0.44211 -0.896961 0
    outer loop
      vertex 28.7 21.5196 0
      vertex 28.7704 21.5543 3
      vertex 28.7 21.5196 3
    endloop
  endfacet
  facet normal 0.44211 -0.896961 0
    outer loop
      vertex 28.7704 21.5543 3
      vertex 28.7 21.5196 0
      vertex 28.7704 21.5543 0
    endloop
  endfacet
  facet normal -0.896961 -0.44211 0
    outer loop
      vertex 29.5543 21.2296 0
      vertex 29.5196 21.3 3
      vertex 29.5196 21.3 0
    endloop
  endfacet
  facet normal -0.896961 -0.44211 0
    outer loop
      vertex 29.5196 21.3 3
      vertex 29.5543 21.2296 0
      vertex 29.5543 21.2296 3
    endloop
  endfacet
  facet normal -0.322337 -0.946625 0
    outer loop
      vertex 29.1553 21.5796 0
      vertex 29.2296 21.5543 3
      vertex 29.1553 21.5796 3
    endloop
  endfacet
  facet normal -0.322337 -0.946625 -0
    outer loop
      vertex 29.2296 21.5543 3
      vertex 29.1553 21.5796 0
      vertex 29.2296 21.5543 0
    endloop
  endfacet
  facet normal -0.194891 -0.980825 0
    outer loop
      vertex 29.0783 21.5949 0
      vertex 29.1553 21.5796 3
      vertex 29.0783 21.5949 3
    endloop
  endfacet
  facet normal -0.194891 -0.980825 -0
    outer loop
      vertex 29.1553 21.5796 3
      vertex 29.0783 21.5949 0
      vertex 29.1553 21.5796 0
    endloop
  endfacet
  facet normal -0.555288 -0.831658 0
    outer loop
      vertex 29.3 21.5196 0
      vertex 29.3653 21.476 3
      vertex 29.3 21.5196 3
    endloop
  endfacet
  facet normal -0.555288 -0.831658 -0
    outer loop
      vertex 29.3653 21.476 3
      vertex 29.3 21.5196 0
      vertex 29.3653 21.476 0
    endloop
  endfacet
  facet normal 0.896961 -0.44211 0
    outer loop
      vertex 28.4457 21.2296 3
      vertex 28.4804 21.3 0
      vertex 28.4804 21.3 3
    endloop
  endfacet
  facet normal 0.896961 -0.44211 0
    outer loop
      vertex 28.4804 21.3 0
      vertex 28.4457 21.2296 3
      vertex 28.4457 21.2296 0
    endloop
  endfacet
  facet normal 0.831658 -0.555288 0
    outer loop
      vertex 28.4804 21.3 3
      vertex 28.524 21.3653 0
      vertex 28.524 21.3653 3
    endloop
  endfacet
  facet normal 0.831658 -0.555288 0
    outer loop
      vertex 28.524 21.3653 0
      vertex 28.4804 21.3 3
      vertex 28.4804 21.3 0
    endloop
  endfacet
  facet normal 0.980825 -0.194891 0
    outer loop
      vertex 28.4051 21.0783 3
      vertex 28.4204 21.1553 0
      vertex 28.4204 21.1553 3
    endloop
  endfacet
  facet normal 0.980825 -0.194891 0
    outer loop
      vertex 28.4204 21.1553 0
      vertex 28.4051 21.0783 3
      vertex 28.4051 21.0783 0
    endloop
  endfacet
  facet normal 0.659046 -0.752103 0
    outer loop
      vertex 28.5757 21.4243 0
      vertex 28.6347 21.476 3
      vertex 28.5757 21.4243 3
    endloop
  endfacet
  facet normal 0.659046 -0.752103 0
    outer loop
      vertex 28.6347 21.476 3
      vertex 28.5757 21.4243 0
      vertex 28.6347 21.476 0
    endloop
  endfacet
  facet normal 0.322337 -0.946625 0
    outer loop
      vertex 28.7704 21.5543 0
      vertex 28.8447 21.5796 3
      vertex 28.7704 21.5543 3
    endloop
  endfacet
  facet normal 0.322337 -0.946625 0
    outer loop
      vertex 28.8447 21.5796 3
      vertex 28.7704 21.5543 0
      vertex 28.8447 21.5796 0
    endloop
  endfacet
  facet normal -0.896961 0.44211 0
    outer loop
      vertex 29.5196 20.7 0
      vertex 29.5543 20.7704 3
      vertex 29.5543 20.7704 0
    endloop
  endfacet
  facet normal -0.896961 0.44211 0
    outer loop
      vertex 29.5543 20.7704 3
      vertex 29.5196 20.7 0
      vertex 29.5196 20.7 3
    endloop
  endfacet
  facet normal -0.831658 0.555288 0
    outer loop
      vertex 29.476 20.6347 0
      vertex 29.5196 20.7 3
      vertex 29.5196 20.7 0
    endloop
  endfacet
  facet normal -0.831658 0.555288 0
    outer loop
      vertex 29.5196 20.7 3
      vertex 29.476 20.6347 0
      vertex 29.476 20.6347 3
    endloop
  endfacet
  facet normal -0.980825 0.194891 0
    outer loop
      vertex 29.5796 20.8447 0
      vertex 29.5949 20.9217 3
      vertex 29.5949 20.9217 0
    endloop
  endfacet
  facet normal -0.980825 0.194891 0
    outer loop
      vertex 29.5949 20.9217 3
      vertex 29.5796 20.8447 0
      vertex 29.5796 20.8447 3
    endloop
  endfacet
  facet normal 0.555288 0.831658 -0
    outer loop
      vertex 28.7 20.4804 0
      vertex 28.6347 20.524 3
      vertex 28.7 20.4804 3
    endloop
  endfacet
  facet normal 0.555288 0.831658 0
    outer loop
      vertex 28.6347 20.524 3
      vertex 28.7 20.4804 0
      vertex 28.6347 20.524 0
    endloop
  endfacet
  facet normal 0.194891 0.980825 -0
    outer loop
      vertex 28.9217 20.4051 0
      vertex 28.8447 20.4204 3
      vertex 28.9217 20.4051 3
    endloop
  endfacet
  facet normal 0.194891 0.980825 0
    outer loop
      vertex 28.8447 20.4204 3
      vertex 28.9217 20.4051 0
      vertex 28.8447 20.4204 0
    endloop
  endfacet
  facet normal 0.659046 0.752103 -0
    outer loop
      vertex 28.6347 20.524 0
      vertex 28.5757 20.5757 3
      vertex 28.6347 20.524 3
    endloop
  endfacet
  facet normal 0.659046 0.752103 0
    outer loop
      vertex 28.5757 20.5757 3
      vertex 28.6347 20.524 0
      vertex 28.5757 20.5757 0
    endloop
  endfacet
  facet normal -0.946625 -0.322337 0
    outer loop
      vertex 29.5796 21.1553 0
      vertex 29.5543 21.2296 3
      vertex 29.5543 21.2296 0
    endloop
  endfacet
  facet normal -0.946625 -0.322337 0
    outer loop
      vertex 29.5543 21.2296 3
      vertex 29.5796 21.1553 0
      vertex 29.5796 21.1553 3
    endloop
  endfacet
  facet normal -0.980825 -0.194891 0
    outer loop
      vertex 29.5949 21.0783 0
      vertex 29.5796 21.1553 3
      vertex 29.5796 21.1553 0
    endloop
  endfacet
  facet normal -0.980825 -0.194891 0
    outer loop
      vertex 29.5796 21.1553 3
      vertex 29.5949 21.0783 0
      vertex 29.5949 21.0783 3
    endloop
  endfacet
  facet normal -0.752103 -0.659046 0
    outer loop
      vertex 29.476 21.3653 0
      vertex 29.4243 21.4243 3
      vertex 29.4243 21.4243 0
    endloop
  endfacet
  facet normal -0.752103 -0.659046 0
    outer loop
      vertex 29.4243 21.4243 3
      vertex 29.476 21.3653 0
      vertex 29.476 21.3653 3
    endloop
  endfacet
  facet normal -0.831658 -0.555288 0
    outer loop
      vertex 29.5196 21.3 0
      vertex 29.476 21.3653 3
      vertex 29.476 21.3653 0
    endloop
  endfacet
  facet normal -0.831658 -0.555288 0
    outer loop
      vertex 29.476 21.3653 3
      vertex 29.5196 21.3 0
      vertex 29.5196 21.3 3
    endloop
  endfacet
  facet normal -0.0649964 -0.997886 0
    outer loop
      vertex 29 21.6 0
      vertex 29.0783 21.5949 3
      vertex 29 21.6 3
    endloop
  endfacet
  facet normal -0.0649964 -0.997886 -0
    outer loop
      vertex 29.0783 21.5949 3
      vertex 29 21.6 0
      vertex 29.0783 21.5949 0
    endloop
  endfacet
  facet normal -0.44211 -0.896961 0
    outer loop
      vertex 29.2296 21.5543 0
      vertex 29.3 21.5196 3
      vertex 29.2296 21.5543 3
    endloop
  endfacet
  facet normal -0.44211 -0.896961 -0
    outer loop
      vertex 29.3 21.5196 3
      vertex 29.2296 21.5543 0
      vertex 29.3 21.5196 0
    endloop
  endfacet
  facet normal 0.946625 -0.322337 0
    outer loop
      vertex 28.4204 21.1553 3
      vertex 28.4457 21.2296 0
      vertex 28.4457 21.2296 3
    endloop
  endfacet
  facet normal 0.946625 -0.322337 0
    outer loop
      vertex 28.4457 21.2296 0
      vertex 28.4204 21.1553 3
      vertex 28.4204 21.1553 0
    endloop
  endfacet
  facet normal 0.997886 -0.0649964 0
    outer loop
      vertex 28.4 21 3
      vertex 28.4051 21.0783 0
      vertex 28.4051 21.0783 3
    endloop
  endfacet
  facet normal 0.997886 -0.0649964 0
    outer loop
      vertex 28.4051 21.0783 0
      vertex 28.4 21 3
      vertex 28.4 21 0
    endloop
  endfacet
  facet normal 0.555288 -0.831658 0
    outer loop
      vertex 28.6347 21.476 0
      vertex 28.7 21.5196 3
      vertex 28.6347 21.476 3
    endloop
  endfacet
  facet normal 0.555288 -0.831658 0
    outer loop
      vertex 28.7 21.5196 3
      vertex 28.6347 21.476 0
      vertex 28.7 21.5196 0
    endloop
  endfacet
  facet normal 0.194891 -0.980825 0
    outer loop
      vertex 28.8447 21.5796 0
      vertex 28.9217 21.5949 3
      vertex 28.8447 21.5796 3
    endloop
  endfacet
  facet normal 0.194891 -0.980825 0
    outer loop
      vertex 28.9217 21.5949 3
      vertex 28.8447 21.5796 0
      vertex 28.9217 21.5949 0
    endloop
  endfacet
  facet normal -0.997886 0.0649964 0
    outer loop
      vertex 29.5949 20.9217 0
      vertex 29.6 21 3
      vertex 29.6 21 0
    endloop
  endfacet
  facet normal -0.997886 0.0649964 0
    outer loop
      vertex 29.6 21 3
      vertex 29.5949 20.9217 0
      vertex 29.5949 20.9217 3
    endloop
  endfacet
  facet normal -0.194891 0.980825 0
    outer loop
      vertex 29.1553 20.4204 0
      vertex 29.0783 20.4051 3
      vertex 29.1553 20.4204 3
    endloop
  endfacet
  facet normal -0.194891 0.980825 0
    outer loop
      vertex 29.0783 20.4051 3
      vertex 29.1553 20.4204 0
      vertex 29.0783 20.4051 0
    endloop
  endfacet
  facet normal -0.44211 0.896961 0
    outer loop
      vertex 29.3 20.4804 0
      vertex 29.2296 20.4457 3
      vertex 29.3 20.4804 3
    endloop
  endfacet
  facet normal -0.44211 0.896961 0
    outer loop
      vertex 29.2296 20.4457 3
      vertex 29.3 20.4804 0
      vertex 29.2296 20.4457 0
    endloop
  endfacet
  facet normal -0.555288 0.831658 0
    outer loop
      vertex 29.3653 20.524 0
      vertex 29.3 20.4804 3
      vertex 29.3653 20.524 3
    endloop
  endfacet
  facet normal -0.555288 0.831658 0
    outer loop
      vertex 29.3 20.4804 3
      vertex 29.3653 20.524 0
      vertex 29.3 20.4804 0
    endloop
  endfacet
  facet normal -0.752103 0.659046 0
    outer loop
      vertex 29.4243 20.5757 0
      vertex 29.476 20.6347 3
      vertex 29.476 20.6347 0
    endloop
  endfacet
  facet normal -0.752103 0.659046 0
    outer loop
      vertex 29.476 20.6347 3
      vertex 29.4243 20.5757 0
      vertex 29.4243 20.5757 3
    endloop
  endfacet
  facet normal -0.659046 0.752103 0
    outer loop
      vertex 29.4243 20.5757 0
      vertex 29.3653 20.524 3
      vertex 29.4243 20.5757 3
    endloop
  endfacet
  facet normal -0.659046 0.752103 0
    outer loop
      vertex 29.3653 20.524 3
      vertex 29.4243 20.5757 0
      vertex 29.3653 20.524 0
    endloop
  endfacet
  facet normal 0.44211 0.896961 -0
    outer loop
      vertex 28.7704 20.4457 0
      vertex 28.7 20.4804 3
      vertex 28.7704 20.4457 3
    endloop
  endfacet
  facet normal 0.44211 0.896961 0
    outer loop
      vertex 28.7 20.4804 3
      vertex 28.7704 20.4457 0
      vertex 28.7 20.4804 0
    endloop
  endfacet
  facet normal 0.0649964 0.997886 -0
    outer loop
      vertex 29 20.4 0
      vertex 28.9217 20.4051 3
      vertex 29 20.4 3
    endloop
  endfacet
  facet normal 0.0649964 0.997886 0
    outer loop
      vertex 28.9217 20.4051 3
      vertex 29 20.4 0
      vertex 28.9217 20.4051 0
    endloop
  endfacet
  facet normal 0.831658 0.555288 0
    outer loop
      vertex 28.524 20.6347 3
      vertex 28.4804 20.7 0
      vertex 28.4804 20.7 3
    endloop
  endfacet
  facet normal 0.831658 0.555288 0
    outer loop
      vertex 28.4804 20.7 0
      vertex 28.524 20.6347 3
      vertex 28.524 20.6347 0
    endloop
  endfacet
  facet normal 0.896961 0.44211 0
    outer loop
      vertex 28.4804 20.7 3
      vertex 28.4457 20.7704 0
      vertex 28.4457 20.7704 3
    endloop
  endfacet
  facet normal 0.896961 0.44211 0
    outer loop
      vertex 28.4457 20.7704 0
      vertex 28.4804 20.7 3
      vertex 28.4804 20.7 0
    endloop
  endfacet
  facet normal 0.980825 0.194891 0
    outer loop
      vertex 28.4204 20.8447 3
      vertex 28.4051 20.9217 0
      vertex 28.4051 20.9217 3
    endloop
  endfacet
  facet normal 0.980825 0.194891 0
    outer loop
      vertex 28.4051 20.9217 0
      vertex 28.4204 20.8447 3
      vertex 28.4204 20.8447 0
    endloop
  endfacet
  facet normal 0.997886 0.0649964 0
    outer loop
      vertex 28.4051 20.9217 3
      vertex 28.4 21 0
      vertex 28.4 21 3
    endloop
  endfacet
  facet normal 0.997886 0.0649964 0
    outer loop
      vertex 28.4 21 0
      vertex 28.4051 20.9217 3
      vertex 28.4051 20.9217 0
    endloop
  endfacet
  facet normal -0.322337 0.946625 0
    outer loop
      vertex 29.2296 20.4457 0
      vertex 29.1553 20.4204 3
      vertex 29.2296 20.4457 3
    endloop
  endfacet
  facet normal -0.322337 0.946625 0
    outer loop
      vertex 29.1553 20.4204 3
      vertex 29.2296 20.4457 0
      vertex 29.1553 20.4204 0
    endloop
  endfacet
  facet normal -0.946625 0.322337 0
    outer loop
      vertex 29.5543 20.7704 0
      vertex 29.5796 20.8447 3
      vertex 29.5796 20.8447 0
    endloop
  endfacet
  facet normal -0.946625 0.322337 0
    outer loop
      vertex 29.5796 20.8447 3
      vertex 29.5543 20.7704 0
      vertex 29.5543 20.7704 3
    endloop
  endfacet
  facet normal 0.322337 0.946625 -0
    outer loop
      vertex 28.8447 20.4204 0
      vertex 28.7704 20.4457 3
      vertex 28.8447 20.4204 3
    endloop
  endfacet
  facet normal 0.322337 0.946625 0
    outer loop
      vertex 28.7704 20.4457 3
      vertex 28.8447 20.4204 0
      vertex 28.7704 20.4457 0
    endloop
  endfacet
  facet normal -0.0649964 0.997886 0
    outer loop
      vertex 29.0783 20.4051 0
      vertex 29 20.4 3
      vertex 29.0783 20.4051 3
    endloop
  endfacet
  facet normal -0.0649964 0.997886 0
    outer loop
      vertex 29 20.4 3
      vertex 29.0783 20.4051 0
      vertex 29 20.4 0
    endloop
  endfacet
  facet normal 0.752103 0.659046 0
    outer loop
      vertex 28.5757 20.5757 3
      vertex 28.524 20.6347 0
      vertex 28.524 20.6347 3
    endloop
  endfacet
  facet normal 0.752103 0.659046 0
    outer loop
      vertex 28.524 20.6347 0
      vertex 28.5757 20.5757 3
      vertex 28.5757 20.5757 0
    endloop
  endfacet
  facet normal 0.946625 0.322337 0
    outer loop
      vertex 28.4457 20.7704 3
      vertex 28.4204 20.8447 0
      vertex 28.4204 20.8447 3
    endloop
  endfacet
  facet normal 0.946625 0.322337 0
    outer loop
      vertex 28.4204 20.8447 0
      vertex 28.4457 20.7704 3
      vertex 28.4457 20.7704 0
    endloop
  endfacet
  facet normal -0.997886 -0.0649964 0
    outer loop
      vertex 29.6 27 0
      vertex 29.5949 27.0783 3
      vertex 29.5949 27.0783 0
    endloop
  endfacet
  facet normal -0.997886 -0.0649964 0
    outer loop
      vertex 29.5949 27.0783 3
      vertex 29.6 27 0
      vertex 29.6 27 3
    endloop
  endfacet
  facet normal 0.0649964 -0.997886 0
    outer loop
      vertex 28.9217 27.5949 0
      vertex 29 27.6 3
      vertex 28.9217 27.5949 3
    endloop
  endfacet
  facet normal 0.0649964 -0.997886 0
    outer loop
      vertex 29 27.6 3
      vertex 28.9217 27.5949 0
      vertex 29 27.6 0
    endloop
  endfacet
  facet normal -0.0649964 0.997886 0
    outer loop
      vertex 29.0783 26.4051 0
      vertex 29 26.4 3
      vertex 29.0783 26.4051 3
    endloop
  endfacet
  facet normal -0.0649964 0.997886 0
    outer loop
      vertex 29 26.4 3
      vertex 29.0783 26.4051 0
      vertex 29 26.4 0
    endloop
  endfacet
  facet normal 0.659046 0.752103 -0
    outer loop
      vertex 28.6347 26.524 0
      vertex 28.5757 26.5757 3
      vertex 28.6347 26.524 3
    endloop
  endfacet
  facet normal 0.659046 0.752103 0
    outer loop
      vertex 28.5757 26.5757 3
      vertex 28.6347 26.524 0
      vertex 28.5757 26.5757 0
    endloop
  endfacet
  facet normal -0.659046 -0.752103 0
    outer loop
      vertex 29.3653 27.476 0
      vertex 29.4243 27.4243 3
      vertex 29.3653 27.476 3
    endloop
  endfacet
  facet normal -0.659046 -0.752103 -0
    outer loop
      vertex 29.4243 27.4243 3
      vertex 29.3653 27.476 0
      vertex 29.4243 27.4243 0
    endloop
  endfacet
  facet normal 0.752103 -0.659046 0
    outer loop
      vertex 28.524 27.3653 3
      vertex 28.5757 27.4243 0
      vertex 28.5757 27.4243 3
    endloop
  endfacet
  facet normal 0.752103 -0.659046 0
    outer loop
      vertex 28.5757 27.4243 0
      vertex 28.524 27.3653 3
      vertex 28.524 27.3653 0
    endloop
  endfacet
  facet normal 0.44211 -0.896961 0
    outer loop
      vertex 28.7 27.5196 0
      vertex 28.7704 27.5543 3
      vertex 28.7 27.5196 3
    endloop
  endfacet
  facet normal 0.44211 -0.896961 0
    outer loop
      vertex 28.7704 27.5543 3
      vertex 28.7 27.5196 0
      vertex 28.7704 27.5543 0
    endloop
  endfacet
  facet normal -0.896961 -0.44211 0
    outer loop
      vertex 29.5543 27.2296 0
      vertex 29.5196 27.3 3
      vertex 29.5196 27.3 0
    endloop
  endfacet
  facet normal -0.896961 -0.44211 0
    outer loop
      vertex 29.5196 27.3 3
      vertex 29.5543 27.2296 0
      vertex 29.5543 27.2296 3
    endloop
  endfacet
  facet normal -0.322337 -0.946625 0
    outer loop
      vertex 29.1553 27.5796 0
      vertex 29.2296 27.5543 3
      vertex 29.1553 27.5796 3
    endloop
  endfacet
  facet normal -0.322337 -0.946625 -0
    outer loop
      vertex 29.2296 27.5543 3
      vertex 29.1553 27.5796 0
      vertex 29.2296 27.5543 0
    endloop
  endfacet
  facet normal -0.194891 -0.980825 0
    outer loop
      vertex 29.0783 27.5949 0
      vertex 29.1553 27.5796 3
      vertex 29.0783 27.5949 3
    endloop
  endfacet
  facet normal -0.194891 -0.980825 -0
    outer loop
      vertex 29.1553 27.5796 3
      vertex 29.0783 27.5949 0
      vertex 29.1553 27.5796 0
    endloop
  endfacet
  facet normal -0.555288 -0.831658 0
    outer loop
      vertex 29.3 27.5196 0
      vertex 29.3653 27.476 3
      vertex 29.3 27.5196 3
    endloop
  endfacet
  facet normal -0.555288 -0.831658 -0
    outer loop
      vertex 29.3653 27.476 3
      vertex 29.3 27.5196 0
      vertex 29.3653 27.476 0
    endloop
  endfacet
  facet normal 0.946625 -0.322337 0
    outer loop
      vertex 28.4204 27.1553 3
      vertex 28.4457 27.2296 0
      vertex 28.4457 27.2296 3
    endloop
  endfacet
  facet normal 0.946625 -0.322337 0
    outer loop
      vertex 28.4457 27.2296 0
      vertex 28.4204 27.1553 3
      vertex 28.4204 27.1553 0
    endloop
  endfacet
  facet normal 0.831658 -0.555288 0
    outer loop
      vertex 28.4804 27.3 3
      vertex 28.524 27.3653 0
      vertex 28.524 27.3653 3
    endloop
  endfacet
  facet normal 0.831658 -0.555288 0
    outer loop
      vertex 28.524 27.3653 0
      vertex 28.4804 27.3 3
      vertex 28.4804 27.3 0
    endloop
  endfacet
  facet normal 0.980825 -0.194891 0
    outer loop
      vertex 28.4051 27.0783 3
      vertex 28.4204 27.1553 0
      vertex 28.4204 27.1553 3
    endloop
  endfacet
  facet normal 0.980825 -0.194891 0
    outer loop
      vertex 28.4204 27.1553 0
      vertex 28.4051 27.0783 3
      vertex 28.4051 27.0783 0
    endloop
  endfacet
  facet normal 0.322337 -0.946625 0
    outer loop
      vertex 28.7704 27.5543 0
      vertex 28.8447 27.5796 3
      vertex 28.7704 27.5543 3
    endloop
  endfacet
  facet normal 0.322337 -0.946625 0
    outer loop
      vertex 28.8447 27.5796 3
      vertex 28.7704 27.5543 0
      vertex 28.8447 27.5796 0
    endloop
  endfacet
  facet normal -0.946625 0.322337 0
    outer loop
      vertex 29.5543 26.7704 0
      vertex 29.5796 26.8447 3
      vertex 29.5796 26.8447 0
    endloop
  endfacet
  facet normal -0.946625 0.322337 0
    outer loop
      vertex 29.5796 26.8447 3
      vertex 29.5543 26.7704 0
      vertex 29.5543 26.7704 3
    endloop
  endfacet
  facet normal -0.831658 0.555288 0
    outer loop
      vertex 29.476 26.6347 0
      vertex 29.5196 26.7 3
      vertex 29.5196 26.7 0
    endloop
  endfacet
  facet normal -0.831658 0.555288 0
    outer loop
      vertex 29.5196 26.7 3
      vertex 29.476 26.6347 0
      vertex 29.476 26.6347 3
    endloop
  endfacet
  facet normal -0.980825 0.194891 0
    outer loop
      vertex 29.5796 26.8447 0
      vertex 29.5949 26.9217 3
      vertex 29.5949 26.9217 0
    endloop
  endfacet
  facet normal -0.980825 0.194891 0
    outer loop
      vertex 29.5949 26.9217 3
      vertex 29.5796 26.8447 0
      vertex 29.5796 26.8447 3
    endloop
  endfacet
  facet normal 0.322337 0.946625 -0
    outer loop
      vertex 28.8447 26.4204 0
      vertex 28.7704 26.4457 3
      vertex 28.8447 26.4204 3
    endloop
  endfacet
  facet normal 0.322337 0.946625 0
    outer loop
      vertex 28.7704 26.4457 3
      vertex 28.8447 26.4204 0
      vertex 28.7704 26.4457 0
    endloop
  endfacet
  facet normal 0.555288 0.831658 -0
    outer loop
      vertex 28.7 26.4804 0
      vertex 28.6347 26.524 3
      vertex 28.7 26.4804 3
    endloop
  endfacet
  facet normal 0.555288 0.831658 0
    outer loop
      vertex 28.6347 26.524 3
      vertex 28.7 26.4804 0
      vertex 28.6347 26.524 0
    endloop
  endfacet
  facet normal 0.194891 0.980825 -0
    outer loop
      vertex 28.9217 26.4051 0
      vertex 28.8447 26.4204 3
      vertex 28.9217 26.4051 3
    endloop
  endfacet
  facet normal 0.194891 0.980825 0
    outer loop
      vertex 28.8447 26.4204 3
      vertex 28.9217 26.4051 0
      vertex 28.8447 26.4204 0
    endloop
  endfacet
  facet normal -0.946625 -0.322337 0
    outer loop
      vertex 29.5796 27.1553 0
      vertex 29.5543 27.2296 3
      vertex 29.5543 27.2296 0
    endloop
  endfacet
  facet normal -0.946625 -0.322337 0
    outer loop
      vertex 29.5543 27.2296 3
      vertex 29.5796 27.1553 0
      vertex 29.5796 27.1553 3
    endloop
  endfacet
  facet normal -0.980825 -0.194891 0
    outer loop
      vertex 29.5949 27.0783 0
      vertex 29.5796 27.1553 3
      vertex 29.5796 27.1553 0
    endloop
  endfacet
  facet normal -0.980825 -0.194891 0
    outer loop
      vertex 29.5796 27.1553 3
      vertex 29.5949 27.0783 0
      vertex 29.5949 27.0783 3
    endloop
  endfacet
  facet normal -0.752103 -0.659046 0
    outer loop
      vertex 29.476 27.3653 0
      vertex 29.4243 27.4243 3
      vertex 29.4243 27.4243 0
    endloop
  endfacet
  facet normal -0.752103 -0.659046 0
    outer loop
      vertex 29.4243 27.4243 3
      vertex 29.476 27.3653 0
      vertex 29.476 27.3653 3
    endloop
  endfacet
  facet normal -0.831658 -0.555288 0
    outer loop
      vertex 29.5196 27.3 0
      vertex 29.476 27.3653 3
      vertex 29.476 27.3653 0
    endloop
  endfacet
  facet normal -0.831658 -0.555288 0
    outer loop
      vertex 29.476 27.3653 3
      vertex 29.5196 27.3 0
      vertex 29.5196 27.3 3
    endloop
  endfacet
  facet normal -0.0649964 -0.997886 0
    outer loop
      vertex 29 27.6 0
      vertex 29.0783 27.5949 3
      vertex 29 27.6 3
    endloop
  endfacet
  facet normal -0.0649964 -0.997886 -0
    outer loop
      vertex 29.0783 27.5949 3
      vertex 29 27.6 0
      vertex 29.0783 27.5949 0
    endloop
  endfacet
  facet normal -0.44211 -0.896961 0
    outer loop
      vertex 29.2296 27.5543 0
      vertex 29.3 27.5196 3
      vertex 29.2296 27.5543 3
    endloop
  endfacet
  facet normal -0.44211 -0.896961 -0
    outer loop
      vertex 29.3 27.5196 3
      vertex 29.2296 27.5543 0
      vertex 29.3 27.5196 0
    endloop
  endfacet
  facet normal 0.896961 -0.44211 0
    outer loop
      vertex 28.4457 27.2296 3
      vertex 28.4804 27.3 0
      vertex 28.4804 27.3 3
    endloop
  endfacet
  facet normal 0.896961 -0.44211 0
    outer loop
      vertex 28.4804 27.3 0
      vertex 28.4457 27.2296 3
      vertex 28.4457 27.2296 0
    endloop
  endfacet
  facet normal 0.997886 -0.0649964 0
    outer loop
      vertex 28.4 27 3
      vertex 28.4051 27.0783 0
      vertex 28.4051 27.0783 3
    endloop
  endfacet
  facet normal 0.997886 -0.0649964 0
    outer loop
      vertex 28.4051 27.0783 0
      vertex 28.4 27 3
      vertex 28.4 27 0
    endloop
  endfacet
  facet normal 0.555288 -0.831658 0
    outer loop
      vertex 28.6347 27.476 0
      vertex 28.7 27.5196 3
      vertex 28.6347 27.476 3
    endloop
  endfacet
  facet normal 0.555288 -0.831658 0
    outer loop
      vertex 28.7 27.5196 3
      vertex 28.6347 27.476 0
      vertex 28.7 27.5196 0
    endloop
  endfacet
  facet normal 0.659046 -0.752103 0
    outer loop
      vertex 28.5757 27.4243 0
      vertex 28.6347 27.476 3
      vertex 28.5757 27.4243 3
    endloop
  endfacet
  facet normal 0.659046 -0.752103 0
    outer loop
      vertex 28.6347 27.476 3
      vertex 28.5757 27.4243 0
      vertex 28.6347 27.476 0
    endloop
  endfacet
  facet normal 0.194891 -0.980825 0
    outer loop
      vertex 28.8447 27.5796 0
      vertex 28.9217 27.5949 3
      vertex 28.8447 27.5796 3
    endloop
  endfacet
  facet normal 0.194891 -0.980825 0
    outer loop
      vertex 28.9217 27.5949 3
      vertex 28.8447 27.5796 0
      vertex 28.9217 27.5949 0
    endloop
  endfacet
  facet normal -0.194891 0.980825 0
    outer loop
      vertex 29.1553 26.4204 0
      vertex 29.0783 26.4051 3
      vertex 29.1553 26.4204 3
    endloop
  endfacet
  facet normal -0.194891 0.980825 0
    outer loop
      vertex 29.0783 26.4051 3
      vertex 29.1553 26.4204 0
      vertex 29.0783 26.4051 0
    endloop
  endfacet
  facet normal -0.44211 0.896961 0
    outer loop
      vertex 29.3 26.4804 0
      vertex 29.2296 26.4457 3
      vertex 29.3 26.4804 3
    endloop
  endfacet
  facet normal -0.44211 0.896961 0
    outer loop
      vertex 29.2296 26.4457 3
      vertex 29.3 26.4804 0
      vertex 29.2296 26.4457 0
    endloop
  endfacet
  facet normal -0.752103 0.659046 0
    outer loop
      vertex 29.4243 26.5757 0
      vertex 29.476 26.6347 3
      vertex 29.476 26.6347 0
    endloop
  endfacet
  facet normal -0.752103 0.659046 0
    outer loop
      vertex 29.476 26.6347 3
      vertex 29.4243 26.5757 0
      vertex 29.4243 26.5757 3
    endloop
  endfacet
  facet normal -0.555288 0.831658 0
    outer loop
      vertex 29.3653 26.524 0
      vertex 29.3 26.4804 3
      vertex 29.3653 26.524 3
    endloop
  endfacet
  facet normal -0.555288 0.831658 0
    outer loop
      vertex 29.3 26.4804 3
      vertex 29.3653 26.524 0
      vertex 29.3 26.4804 0
    endloop
  endfacet
  facet normal -0.896961 0.44211 0
    outer loop
      vertex 29.5196 26.7 0
      vertex 29.5543 26.7704 3
      vertex 29.5543 26.7704 0
    endloop
  endfacet
  facet normal -0.896961 0.44211 0
    outer loop
      vertex 29.5543 26.7704 3
      vertex 29.5196 26.7 0
      vertex 29.5196 26.7 3
    endloop
  endfacet
  facet normal -0.997886 0.0649964 0
    outer loop
      vertex 29.5949 26.9217 0
      vertex 29.6 27 3
      vertex 29.6 27 0
    endloop
  endfacet
  facet normal -0.997886 0.0649964 0
    outer loop
      vertex 29.6 27 3
      vertex 29.5949 26.9217 0
      vertex 29.5949 26.9217 3
    endloop
  endfacet
  facet normal 0.44211 0.896961 -0
    outer loop
      vertex 28.7704 26.4457 0
      vertex 28.7 26.4804 3
      vertex 28.7704 26.4457 3
    endloop
  endfacet
  facet normal 0.44211 0.896961 0
    outer loop
      vertex 28.7 26.4804 3
      vertex 28.7704 26.4457 0
      vertex 28.7 26.4804 0
    endloop
  endfacet
  facet normal 0.0649964 0.997886 -0
    outer loop
      vertex 29 26.4 0
      vertex 28.9217 26.4051 3
      vertex 29 26.4 3
    endloop
  endfacet
  facet normal 0.0649964 0.997886 0
    outer loop
      vertex 28.9217 26.4051 3
      vertex 29 26.4 0
      vertex 28.9217 26.4051 0
    endloop
  endfacet
  facet normal 0.831658 0.555288 0
    outer loop
      vertex 28.524 26.6347 3
      vertex 28.4804 26.7 0
      vertex 28.4804 26.7 3
    endloop
  endfacet
  facet normal 0.831658 0.555288 0
    outer loop
      vertex 28.4804 26.7 0
      vertex 28.524 26.6347 3
      vertex 28.524 26.6347 0
    endloop
  endfacet
  facet normal 0.896961 0.44211 0
    outer loop
      vertex 28.4804 26.7 3
      vertex 28.4457 26.7704 0
      vertex 28.4457 26.7704 3
    endloop
  endfacet
  facet normal 0.896961 0.44211 0
    outer loop
      vertex 28.4457 26.7704 0
      vertex 28.4804 26.7 3
      vertex 28.4804 26.7 0
    endloop
  endfacet
  facet normal 0.980825 0.194891 0
    outer loop
      vertex 28.4204 26.8447 3
      vertex 28.4051 26.9217 0
      vertex 28.4051 26.9217 3
    endloop
  endfacet
  facet normal 0.980825 0.194891 0
    outer loop
      vertex 28.4051 26.9217 0
      vertex 28.4204 26.8447 3
      vertex 28.4204 26.8447 0
    endloop
  endfacet
  facet normal 0.997886 0.0649964 0
    outer loop
      vertex 28.4051 26.9217 3
      vertex 28.4 27 0
      vertex 28.4 27 3
    endloop
  endfacet
  facet normal 0.997886 0.0649964 0
    outer loop
      vertex 28.4 27 0
      vertex 28.4051 26.9217 3
      vertex 28.4051 26.9217 0
    endloop
  endfacet
  facet normal -0.322337 0.946625 0
    outer loop
      vertex 29.2296 26.4457 0
      vertex 29.1553 26.4204 3
      vertex 29.2296 26.4457 3
    endloop
  endfacet
  facet normal -0.322337 0.946625 0
    outer loop
      vertex 29.1553 26.4204 3
      vertex 29.2296 26.4457 0
      vertex 29.1553 26.4204 0
    endloop
  endfacet
  facet normal -0.659046 0.752103 0
    outer loop
      vertex 29.4243 26.5757 0
      vertex 29.3653 26.524 3
      vertex 29.4243 26.5757 3
    endloop
  endfacet
  facet normal -0.659046 0.752103 0
    outer loop
      vertex 29.3653 26.524 3
      vertex 29.4243 26.5757 0
      vertex 29.3653 26.524 0
    endloop
  endfacet
  facet normal 0.752103 0.659046 0
    outer loop
      vertex 28.5757 26.5757 3
      vertex 28.524 26.6347 0
      vertex 28.524 26.6347 3
    endloop
  endfacet
  facet normal 0.752103 0.659046 0
    outer loop
      vertex 28.524 26.6347 0
      vertex 28.5757 26.5757 3
      vertex 28.5757 26.5757 0
    endloop
  endfacet
  facet normal 0.946625 0.322337 0
    outer loop
      vertex 28.4457 26.7704 3
      vertex 28.4204 26.8447 0
      vertex 28.4204 26.8447 3
    endloop
  endfacet
  facet normal 0.946625 0.322337 0
    outer loop
      vertex 28.4204 26.8447 0
      vertex 28.4457 26.7704 3
      vertex 28.4457 26.7704 0
    endloop
  endfacet
  facet normal -0.946625 -0.322337 0
    outer loop
      vertex 29.5796 33.1553 0
      vertex 29.5543 33.2296 3
      vertex 29.5543 33.2296 0
    endloop
  endfacet
  facet normal -0.946625 -0.322337 0
    outer loop
      vertex 29.5543 33.2296 3
      vertex 29.5796 33.1553 0
      vertex 29.5796 33.1553 3
    endloop
  endfacet
  facet normal -0.997886 -0.0649964 0
    outer loop
      vertex 29.6 33 0
      vertex 29.5949 33.0783 3
      vertex 29.5949 33.0783 0
    endloop
  endfacet
  facet normal -0.997886 -0.0649964 0
    outer loop
      vertex 29.5949 33.0783 3
      vertex 29.6 33 0
      vertex 29.6 33 3
    endloop
  endfacet
  facet normal 0.0649964 -0.997886 0
    outer loop
      vertex 28.9217 33.5949 0
      vertex 29 33.6 3
      vertex 28.9217 33.5949 3
    endloop
  endfacet
  facet normal 0.0649964 -0.997886 0
    outer loop
      vertex 29 33.6 3
      vertex 28.9217 33.5949 0
      vertex 29 33.6 0
    endloop
  endfacet
  facet normal -0.659046 -0.752103 0
    outer loop
      vertex 29.3653 33.476 0
      vertex 29.4243 33.4243 3
      vertex 29.3653 33.476 3
    endloop
  endfacet
  facet normal -0.659046 -0.752103 -0
    outer loop
      vertex 29.4243 33.4243 3
      vertex 29.3653 33.476 0
      vertex 29.4243 33.4243 0
    endloop
  endfacet
  facet normal 0.752103 -0.659046 0
    outer loop
      vertex 28.524 33.3653 3
      vertex 28.5757 33.4243 0
      vertex 28.5757 33.4243 3
    endloop
  endfacet
  facet normal 0.752103 -0.659046 0
    outer loop
      vertex 28.5757 33.4243 0
      vertex 28.524 33.3653 3
      vertex 28.524 33.3653 0
    endloop
  endfacet
  facet normal 0.44211 -0.896961 0
    outer loop
      vertex 28.7 33.5196 0
      vertex 28.7704 33.5543 3
      vertex 28.7 33.5196 3
    endloop
  endfacet
  facet normal 0.44211 -0.896961 0
    outer loop
      vertex 28.7704 33.5543 3
      vertex 28.7 33.5196 0
      vertex 28.7704 33.5543 0
    endloop
  endfacet
  facet normal 0.659046 0.752103 -0
    outer loop
      vertex 28.6347 32.524 0
      vertex 28.5757 32.5757 3
      vertex 28.6347 32.524 3
    endloop
  endfacet
  facet normal 0.659046 0.752103 0
    outer loop
      vertex 28.5757 32.5757 3
      vertex 28.6347 32.524 0
      vertex 28.5757 32.5757 0
    endloop
  endfacet
  facet normal -0.896961 -0.44211 0
    outer loop
      vertex 29.5543 33.2296 0
      vertex 29.5196 33.3 3
      vertex 29.5196 33.3 0
    endloop
  endfacet
  facet normal -0.896961 -0.44211 0
    outer loop
      vertex 29.5196 33.3 3
      vertex 29.5543 33.2296 0
      vertex 29.5543 33.2296 3
    endloop
  endfacet
  facet normal -0.322337 -0.946625 0
    outer loop
      vertex 29.1553 33.5796 0
      vertex 29.2296 33.5543 3
      vertex 29.1553 33.5796 3
    endloop
  endfacet
  facet normal -0.322337 -0.946625 -0
    outer loop
      vertex 29.2296 33.5543 3
      vertex 29.1553 33.5796 0
      vertex 29.2296 33.5543 0
    endloop
  endfacet
  facet normal -0.194891 -0.980825 0
    outer loop
      vertex 29.0783 33.5949 0
      vertex 29.1553 33.5796 3
      vertex 29.0783 33.5949 3
    endloop
  endfacet
  facet normal -0.194891 -0.980825 -0
    outer loop
      vertex 29.1553 33.5796 3
      vertex 29.0783 33.5949 0
      vertex 29.1553 33.5796 0
    endloop
  endfacet
  facet normal -0.555288 -0.831658 0
    outer loop
      vertex 29.3 33.5196 0
      vertex 29.3653 33.476 3
      vertex 29.3 33.5196 3
    endloop
  endfacet
  facet normal -0.555288 -0.831658 -0
    outer loop
      vertex 29.3653 33.476 3
      vertex 29.3 33.5196 0
      vertex 29.3653 33.476 0
    endloop
  endfacet
  facet normal 0.896961 -0.44211 0
    outer loop
      vertex 28.4457 33.2296 3
      vertex 28.4804 33.3 0
      vertex 28.4804 33.3 3
    endloop
  endfacet
  facet normal 0.896961 -0.44211 0
    outer loop
      vertex 28.4804 33.3 0
      vertex 28.4457 33.2296 3
      vertex 28.4457 33.2296 0
    endloop
  endfacet
  facet normal 0.831658 -0.555288 0
    outer loop
      vertex 28.4804 33.3 3
      vertex 28.524 33.3653 0
      vertex 28.524 33.3653 3
    endloop
  endfacet
  facet normal 0.831658 -0.555288 0
    outer loop
      vertex 28.524 33.3653 0
      vertex 28.4804 33.3 3
      vertex 28.4804 33.3 0
    endloop
  endfacet
  facet normal 0.980825 -0.194891 0
    outer loop
      vertex 28.4051 33.0783 3
      vertex 28.4204 33.1553 0
      vertex 28.4204 33.1553 3
    endloop
  endfacet
  facet normal 0.980825 -0.194891 0
    outer loop
      vertex 28.4204 33.1553 0
      vertex 28.4051 33.0783 3
      vertex 28.4051 33.0783 0
    endloop
  endfacet
  facet normal 0.997886 0.0649964 0
    outer loop
      vertex 28.4051 32.9217 3
      vertex 28.4 33 0
      vertex 28.4 33 3
    endloop
  endfacet
  facet normal 0.997886 0.0649964 0
    outer loop
      vertex 28.4 33 0
      vertex 28.4051 32.9217 3
      vertex 28.4051 32.9217 0
    endloop
  endfacet
  facet normal 0.659046 -0.752103 0
    outer loop
      vertex 28.5757 33.4243 0
      vertex 28.6347 33.476 3
      vertex 28.5757 33.4243 3
    endloop
  endfacet
  facet normal 0.659046 -0.752103 0
    outer loop
      vertex 28.6347 33.476 3
      vertex 28.5757 33.4243 0
      vertex 28.6347 33.476 0
    endloop
  endfacet
  facet normal 0.194891 -0.980825 0
    outer loop
      vertex 28.8447 33.5796 0
      vertex 28.9217 33.5949 3
      vertex 28.8447 33.5796 3
    endloop
  endfacet
  facet normal 0.194891 -0.980825 0
    outer loop
      vertex 28.9217 33.5949 3
      vertex 28.8447 33.5796 0
      vertex 28.9217 33.5949 0
    endloop
  endfacet
  facet normal -0.896961 0.44211 0
    outer loop
      vertex 29.5196 32.7 0
      vertex 29.5543 32.7704 3
      vertex 29.5543 32.7704 0
    endloop
  endfacet
  facet normal -0.896961 0.44211 0
    outer loop
      vertex 29.5543 32.7704 3
      vertex 29.5196 32.7 0
      vertex 29.5196 32.7 3
    endloop
  endfacet
  facet normal -0.831658 0.555288 0
    outer loop
      vertex 29.476 32.6347 0
      vertex 29.5196 32.7 3
      vertex 29.5196 32.7 0
    endloop
  endfacet
  facet normal -0.831658 0.555288 0
    outer loop
      vertex 29.5196 32.7 3
      vertex 29.476 32.6347 0
      vertex 29.476 32.6347 3
    endloop
  endfacet
  facet normal -0.980825 0.194891 0
    outer loop
      vertex 29.5796 32.8447 0
      vertex 29.5949 32.9217 3
      vertex 29.5949 32.9217 0
    endloop
  endfacet
  facet normal -0.980825 0.194891 0
    outer loop
      vertex 29.5949 32.9217 3
      vertex 29.5796 32.8447 0
      vertex 29.5796 32.8447 3
    endloop
  endfacet
  facet normal 0.194891 0.980825 -0
    outer loop
      vertex 28.9217 32.4051 0
      vertex 28.8447 32.4204 3
      vertex 28.9217 32.4051 3
    endloop
  endfacet
  facet normal 0.194891 0.980825 0
    outer loop
      vertex 28.8447 32.4204 3
      vertex 28.9217 32.4051 0
      vertex 28.8447 32.4204 0
    endloop
  endfacet
  facet normal 0.555288 0.831658 -0
    outer loop
      vertex 28.7 32.4804 0
      vertex 28.6347 32.524 3
      vertex 28.7 32.4804 3
    endloop
  endfacet
  facet normal 0.555288 0.831658 0
    outer loop
      vertex 28.6347 32.524 3
      vertex 28.7 32.4804 0
      vertex 28.6347 32.524 0
    endloop
  endfacet
  facet normal 0.44211 0.896961 -0
    outer loop
      vertex 28.7704 32.4457 0
      vertex 28.7 32.4804 3
      vertex 28.7704 32.4457 3
    endloop
  endfacet
  facet normal 0.44211 0.896961 0
    outer loop
      vertex 28.7 32.4804 3
      vertex 28.7704 32.4457 0
      vertex 28.7 32.4804 0
    endloop
  endfacet
  facet normal -0.980825 -0.194891 0
    outer loop
      vertex 29.5949 33.0783 0
      vertex 29.5796 33.1553 3
      vertex 29.5796 33.1553 0
    endloop
  endfacet
  facet normal -0.980825 -0.194891 0
    outer loop
      vertex 29.5796 33.1553 3
      vertex 29.5949 33.0783 0
      vertex 29.5949 33.0783 3
    endloop
  endfacet
  facet normal -0.831658 -0.555288 0
    outer loop
      vertex 29.5196 33.3 0
      vertex 29.476 33.3653 3
      vertex 29.476 33.3653 0
    endloop
  endfacet
  facet normal -0.831658 -0.555288 0
    outer loop
      vertex 29.476 33.3653 3
      vertex 29.5196 33.3 0
      vertex 29.5196 33.3 3
    endloop
  endfacet
  facet normal -0.752103 -0.659046 0
    outer loop
      vertex 29.476 33.3653 0
      vertex 29.4243 33.4243 3
      vertex 29.4243 33.4243 0
    endloop
  endfacet
  facet normal -0.752103 -0.659046 0
    outer loop
      vertex 29.4243 33.4243 3
      vertex 29.476 33.3653 0
      vertex 29.476 33.3653 3
    endloop
  endfacet
  facet normal -0.0649964 -0.997886 0
    outer loop
      vertex 29 33.6 0
      vertex 29.0783 33.5949 3
      vertex 29 33.6 3
    endloop
  endfacet
  facet normal -0.0649964 -0.997886 -0
    outer loop
      vertex 29.0783 33.5949 3
      vertex 29 33.6 0
      vertex 29.0783 33.5949 0
    endloop
  endfacet
  facet normal -0.44211 -0.896961 0
    outer loop
      vertex 29.2296 33.5543 0
      vertex 29.3 33.5196 3
      vertex 29.2296 33.5543 3
    endloop
  endfacet
  facet normal -0.44211 -0.896961 -0
    outer loop
      vertex 29.3 33.5196 3
      vertex 29.2296 33.5543 0
      vertex 29.3 33.5196 0
    endloop
  endfacet
  facet normal 0.946625 -0.322337 0
    outer loop
      vertex 28.4204 33.1553 3
      vertex 28.4457 33.2296 0
      vertex 28.4457 33.2296 3
    endloop
  endfacet
  facet normal 0.946625 -0.322337 0
    outer loop
      vertex 28.4457 33.2296 0
      vertex 28.4204 33.1553 3
      vertex 28.4204 33.1553 0
    endloop
  endfacet
  facet normal 0.997886 -0.0649964 0
    outer loop
      vertex 28.4 33 3
      vertex 28.4051 33.0783 0
      vertex 28.4051 33.0783 3
    endloop
  endfacet
  facet normal 0.997886 -0.0649964 0
    outer loop
      vertex 28.4051 33.0783 0
      vertex 28.4 33 3
      vertex 28.4 33 0
    endloop
  endfacet
  facet normal 0.555288 -0.831658 0
    outer loop
      vertex 28.6347 33.476 0
      vertex 28.7 33.5196 3
      vertex 28.6347 33.476 3
    endloop
  endfacet
  facet normal 0.555288 -0.831658 0
    outer loop
      vertex 28.7 33.5196 3
      vertex 28.6347 33.476 0
      vertex 28.7 33.5196 0
    endloop
  endfacet
  facet normal 0.322337 -0.946625 0
    outer loop
      vertex 28.7704 33.5543 0
      vertex 28.8447 33.5796 3
      vertex 28.7704 33.5543 3
    endloop
  endfacet
  facet normal 0.322337 -0.946625 0
    outer loop
      vertex 28.8447 33.5796 3
      vertex 28.7704 33.5543 0
      vertex 28.8447 33.5796 0
    endloop
  endfacet
  facet normal -0.997886 0.0649964 0
    outer loop
      vertex 29.5949 32.9217 0
      vertex 29.6 33 3
      vertex 29.6 33 0
    endloop
  endfacet
  facet normal -0.997886 0.0649964 0
    outer loop
      vertex 29.6 33 3
      vertex 29.5949 32.9217 0
      vertex 29.5949 32.9217 3
    endloop
  endfacet
  facet normal -0.44211 0.896961 0
    outer loop
      vertex 29.3 32.4804 0
      vertex 29.2296 32.4457 3
      vertex 29.3 32.4804 3
    endloop
  endfacet
  facet normal -0.44211 0.896961 0
    outer loop
      vertex 29.2296 32.4457 3
      vertex 29.3 32.4804 0
      vertex 29.2296 32.4457 0
    endloop
  endfacet
  facet normal -0.194891 0.980825 0
    outer loop
      vertex 29.1553 32.4204 0
      vertex 29.0783 32.4051 3
      vertex 29.1553 32.4204 3
    endloop
  endfacet
  facet normal -0.194891 0.980825 0
    outer loop
      vertex 29.0783 32.4051 3
      vertex 29.1553 32.4204 0
      vertex 29.0783 32.4051 0
    endloop
  endfacet
  facet normal -0.322337 0.946625 0
    outer loop
      vertex 29.2296 32.4457 0
      vertex 29.1553 32.4204 3
      vertex 29.2296 32.4457 3
    endloop
  endfacet
  facet normal -0.322337 0.946625 0
    outer loop
      vertex 29.1553 32.4204 3
      vertex 29.2296 32.4457 0
      vertex 29.1553 32.4204 0
    endloop
  endfacet
  facet normal -0.555288 0.831658 0
    outer loop
      vertex 29.3653 32.524 0
      vertex 29.3 32.4804 3
      vertex 29.3653 32.524 3
    endloop
  endfacet
  facet normal -0.555288 0.831658 0
    outer loop
      vertex 29.3 32.4804 3
      vertex 29.3653 32.524 0
      vertex 29.3 32.4804 0
    endloop
  endfacet
  facet normal -0.752103 0.659046 0
    outer loop
      vertex 29.4243 32.5757 0
      vertex 29.476 32.6347 3
      vertex 29.476 32.6347 0
    endloop
  endfacet
  facet normal -0.752103 0.659046 0
    outer loop
      vertex 29.476 32.6347 3
      vertex 29.4243 32.5757 0
      vertex 29.4243 32.5757 3
    endloop
  endfacet
  facet normal -0.659046 0.752103 0
    outer loop
      vertex 29.4243 32.5757 0
      vertex 29.3653 32.524 3
      vertex 29.4243 32.5757 3
    endloop
  endfacet
  facet normal -0.659046 0.752103 0
    outer loop
      vertex 29.3653 32.524 3
      vertex 29.4243 32.5757 0
      vertex 29.3653 32.524 0
    endloop
  endfacet
  facet normal 0.0649964 0.997886 -0
    outer loop
      vertex 29 32.4 0
      vertex 28.9217 32.4051 3
      vertex 29 32.4 3
    endloop
  endfacet
  facet normal 0.0649964 0.997886 0
    outer loop
      vertex 28.9217 32.4051 3
      vertex 29 32.4 0
      vertex 28.9217 32.4051 0
    endloop
  endfacet
  facet normal -0.0649964 0.997886 0
    outer loop
      vertex 29.0783 32.4051 0
      vertex 29 32.4 3
      vertex 29.0783 32.4051 3
    endloop
  endfacet
  facet normal -0.0649964 0.997886 0
    outer loop
      vertex 29 32.4 3
      vertex 29.0783 32.4051 0
      vertex 29 32.4 0
    endloop
  endfacet
  facet normal 0.831658 0.555288 0
    outer loop
      vertex 28.524 32.6347 3
      vertex 28.4804 32.7 0
      vertex 28.4804 32.7 3
    endloop
  endfacet
  facet normal 0.831658 0.555288 0
    outer loop
      vertex 28.4804 32.7 0
      vertex 28.524 32.6347 3
      vertex 28.524 32.6347 0
    endloop
  endfacet
  facet normal 0.896961 0.44211 0
    outer loop
      vertex 28.4804 32.7 3
      vertex 28.4457 32.7704 0
      vertex 28.4457 32.7704 3
    endloop
  endfacet
  facet normal 0.896961 0.44211 0
    outer loop
      vertex 28.4457 32.7704 0
      vertex 28.4804 32.7 3
      vertex 28.4804 32.7 0
    endloop
  endfacet
  facet normal 0.980825 0.194891 0
    outer loop
      vertex 28.4204 32.8447 3
      vertex 28.4051 32.9217 0
      vertex 28.4051 32.9217 3
    endloop
  endfacet
  facet normal 0.980825 0.194891 0
    outer loop
      vertex 28.4051 32.9217 0
      vertex 28.4204 32.8447 3
      vertex 28.4204 32.8447 0
    endloop
  endfacet
  facet normal -0.946625 0.322337 0
    outer loop
      vertex 29.5543 32.7704 0
      vertex 29.5796 32.8447 3
      vertex 29.5796 32.8447 0
    endloop
  endfacet
  facet normal -0.946625 0.322337 0
    outer loop
      vertex 29.5796 32.8447 3
      vertex 29.5543 32.7704 0
      vertex 29.5543 32.7704 3
    endloop
  endfacet
  facet normal 0.322337 0.946625 -0
    outer loop
      vertex 28.8447 32.4204 0
      vertex 28.7704 32.4457 3
      vertex 28.8447 32.4204 3
    endloop
  endfacet
  facet normal 0.322337 0.946625 0
    outer loop
      vertex 28.7704 32.4457 3
      vertex 28.8447 32.4204 0
      vertex 28.7704 32.4457 0
    endloop
  endfacet
  facet normal 0.752103 0.659046 0
    outer loop
      vertex 28.5757 32.5757 3
      vertex 28.524 32.6347 0
      vertex 28.524 32.6347 3
    endloop
  endfacet
  facet normal 0.752103 0.659046 0
    outer loop
      vertex 28.524 32.6347 0
      vertex 28.5757 32.5757 3
      vertex 28.5757 32.5757 0
    endloop
  endfacet
  facet normal 0.946625 0.322337 0
    outer loop
      vertex 28.4457 32.7704 3
      vertex 28.4204 32.8447 0
      vertex 28.4204 32.8447 3
    endloop
  endfacet
  facet normal 0.946625 0.322337 0
    outer loop
      vertex 28.4204 32.8447 0
      vertex 28.4457 32.7704 3
      vertex 28.4457 32.7704 0
    endloop
  endfacet
  facet normal -0.997886 -0.0649964 0
    outer loop
      vertex 35.6 21 0
      vertex 35.5949 21.0783 3
      vertex 35.5949 21.0783 0
    endloop
  endfacet
  facet normal -0.997886 -0.0649964 0
    outer loop
      vertex 35.5949 21.0783 3
      vertex 35.6 21 0
      vertex 35.6 21 3
    endloop
  endfacet
  facet normal 0.0649964 -0.997886 0
    outer loop
      vertex 34.9217 21.5949 0
      vertex 35 21.6 3
      vertex 34.9217 21.5949 3
    endloop
  endfacet
  facet normal 0.0649964 -0.997886 0
    outer loop
      vertex 35 21.6 3
      vertex 34.9217 21.5949 0
      vertex 35 21.6 0
    endloop
  endfacet
  facet normal -0.659046 -0.752103 0
    outer loop
      vertex 35.3653 21.476 0
      vertex 35.4243 21.4243 3
      vertex 35.3653 21.476 3
    endloop
  endfacet
  facet normal -0.659046 -0.752103 -0
    outer loop
      vertex 35.4243 21.4243 3
      vertex 35.3653 21.476 0
      vertex 35.4243 21.4243 0
    endloop
  endfacet
  facet normal 0.752103 -0.659046 0
    outer loop
      vertex 34.524 21.3653 3
      vertex 34.5757 21.4243 0
      vertex 34.5757 21.4243 3
    endloop
  endfacet
  facet normal 0.752103 -0.659046 0
    outer loop
      vertex 34.5757 21.4243 0
      vertex 34.524 21.3653 3
      vertex 34.524 21.3653 0
    endloop
  endfacet
  facet normal 0.44211 -0.896961 0
    outer loop
      vertex 34.7 21.5196 0
      vertex 34.7704 21.5543 3
      vertex 34.7 21.5196 3
    endloop
  endfacet
  facet normal 0.44211 -0.896961 0
    outer loop
      vertex 34.7704 21.5543 3
      vertex 34.7 21.5196 0
      vertex 34.7704 21.5543 0
    endloop
  endfacet
  facet normal -0.896961 -0.44211 0
    outer loop
      vertex 35.5543 21.2296 0
      vertex 35.5196 21.3 3
      vertex 35.5196 21.3 0
    endloop
  endfacet
  facet normal -0.896961 -0.44211 0
    outer loop
      vertex 35.5196 21.3 3
      vertex 35.5543 21.2296 0
      vertex 35.5543 21.2296 3
    endloop
  endfacet
  facet normal -0.322337 -0.946625 0
    outer loop
      vertex 35.1553 21.5796 0
      vertex 35.2296 21.5543 3
      vertex 35.1553 21.5796 3
    endloop
  endfacet
  facet normal -0.322337 -0.946625 -0
    outer loop
      vertex 35.2296 21.5543 3
      vertex 35.1553 21.5796 0
      vertex 35.2296 21.5543 0
    endloop
  endfacet
  facet normal -0.194891 -0.980825 0
    outer loop
      vertex 35.0783 21.5949 0
      vertex 35.1553 21.5796 3
      vertex 35.0783 21.5949 3
    endloop
  endfacet
  facet normal -0.194891 -0.980825 -0
    outer loop
      vertex 35.1553 21.5796 3
      vertex 35.0783 21.5949 0
      vertex 35.1553 21.5796 0
    endloop
  endfacet
  facet normal -0.555288 -0.831658 0
    outer loop
      vertex 35.3 21.5196 0
      vertex 35.3653 21.476 3
      vertex 35.3 21.5196 3
    endloop
  endfacet
  facet normal -0.555288 -0.831658 -0
    outer loop
      vertex 35.3653 21.476 3
      vertex 35.3 21.5196 0
      vertex 35.3653 21.476 0
    endloop
  endfacet
  facet normal 0.896961 -0.44211 0
    outer loop
      vertex 34.4457 21.2296 3
      vertex 34.4804 21.3 0
      vertex 34.4804 21.3 3
    endloop
  endfacet
  facet normal 0.896961 -0.44211 0
    outer loop
      vertex 34.4804 21.3 0
      vertex 34.4457 21.2296 3
      vertex 34.4457 21.2296 0
    endloop
  endfacet
  facet normal 0.831658 -0.555288 0
    outer loop
      vertex 34.4804 21.3 3
      vertex 34.524 21.3653 0
      vertex 34.524 21.3653 3
    endloop
  endfacet
  facet normal 0.831658 -0.555288 0
    outer loop
      vertex 34.524 21.3653 0
      vertex 34.4804 21.3 3
      vertex 34.4804 21.3 0
    endloop
  endfacet
  facet normal 0.980825 -0.194891 0
    outer loop
      vertex 34.4051 21.0783 3
      vertex 34.4204 21.1553 0
      vertex 34.4204 21.1553 3
    endloop
  endfacet
  facet normal 0.980825 -0.194891 0
    outer loop
      vertex 34.4204 21.1553 0
      vertex 34.4051 21.0783 3
      vertex 34.4051 21.0783 0
    endloop
  endfacet
  facet normal 0.659046 -0.752103 0
    outer loop
      vertex 34.5757 21.4243 0
      vertex 34.6347 21.476 3
      vertex 34.5757 21.4243 3
    endloop
  endfacet
  facet normal 0.659046 -0.752103 0
    outer loop
      vertex 34.6347 21.476 3
      vertex 34.5757 21.4243 0
      vertex 34.6347 21.476 0
    endloop
  endfacet
  facet normal 0.322337 -0.946625 0
    outer loop
      vertex 34.7704 21.5543 0
      vertex 34.8447 21.5796 3
      vertex 34.7704 21.5543 3
    endloop
  endfacet
  facet normal 0.322337 -0.946625 0
    outer loop
      vertex 34.8447 21.5796 3
      vertex 34.7704 21.5543 0
      vertex 34.8447 21.5796 0
    endloop
  endfacet
  facet normal -0.896961 0.44211 0
    outer loop
      vertex 35.5196 20.7 0
      vertex 35.5543 20.7704 3
      vertex 35.5543 20.7704 0
    endloop
  endfacet
  facet normal -0.896961 0.44211 0
    outer loop
      vertex 35.5543 20.7704 3
      vertex 35.5196 20.7 0
      vertex 35.5196 20.7 3
    endloop
  endfacet
  facet normal -0.831658 0.555288 0
    outer loop
      vertex 35.476 20.6347 0
      vertex 35.5196 20.7 3
      vertex 35.5196 20.7 0
    endloop
  endfacet
  facet normal -0.831658 0.555288 0
    outer loop
      vertex 35.5196 20.7 3
      vertex 35.476 20.6347 0
      vertex 35.476 20.6347 3
    endloop
  endfacet
  facet normal -0.980825 0.194891 0
    outer loop
      vertex 35.5796 20.8447 0
      vertex 35.5949 20.9217 3
      vertex 35.5949 20.9217 0
    endloop
  endfacet
  facet normal -0.980825 0.194891 0
    outer loop
      vertex 35.5949 20.9217 3
      vertex 35.5796 20.8447 0
      vertex 35.5796 20.8447 3
    endloop
  endfacet
  facet normal 0.322337 0.946625 -0
    outer loop
      vertex 34.8447 20.4204 0
      vertex 34.7704 20.4457 3
      vertex 34.8447 20.4204 3
    endloop
  endfacet
  facet normal 0.322337 0.946625 0
    outer loop
      vertex 34.7704 20.4457 3
      vertex 34.8447 20.4204 0
      vertex 34.7704 20.4457 0
    endloop
  endfacet
  facet normal 0.555288 0.831658 -0
    outer loop
      vertex 34.7 20.4804 0
      vertex 34.6347 20.524 3
      vertex 34.7 20.4804 3
    endloop
  endfacet
  facet normal 0.555288 0.831658 0
    outer loop
      vertex 34.6347 20.524 3
      vertex 34.7 20.4804 0
      vertex 34.6347 20.524 0
    endloop
  endfacet
  facet normal 0.194891 0.980825 -0
    outer loop
      vertex 34.9217 20.4051 0
      vertex 34.8447 20.4204 3
      vertex 34.9217 20.4051 3
    endloop
  endfacet
  facet normal 0.194891 0.980825 0
    outer loop
      vertex 34.8447 20.4204 3
      vertex 34.9217 20.4051 0
      vertex 34.8447 20.4204 0
    endloop
  endfacet
  facet normal 0.659046 0.752103 -0
    outer loop
      vertex 34.6347 20.524 0
      vertex 34.5757 20.5757 3
      vertex 34.6347 20.524 3
    endloop
  endfacet
  facet normal 0.659046 0.752103 0
    outer loop
      vertex 34.5757 20.5757 3
      vertex 34.6347 20.524 0
      vertex 34.5757 20.5757 0
    endloop
  endfacet
  facet normal -0.946625 -0.322337 0
    outer loop
      vertex 35.5796 21.1553 0
      vertex 35.5543 21.2296 3
      vertex 35.5543 21.2296 0
    endloop
  endfacet
  facet normal -0.946625 -0.322337 0
    outer loop
      vertex 35.5543 21.2296 3
      vertex 35.5796 21.1553 0
      vertex 35.5796 21.1553 3
    endloop
  endfacet
  facet normal -0.980825 -0.194891 0
    outer loop
      vertex 35.5949 21.0783 0
      vertex 35.5796 21.1553 3
      vertex 35.5796 21.1553 0
    endloop
  endfacet
  facet normal -0.980825 -0.194891 0
    outer loop
      vertex 35.5796 21.1553 3
      vertex 35.5949 21.0783 0
      vertex 35.5949 21.0783 3
    endloop
  endfacet
  facet normal -0.752103 -0.659046 0
    outer loop
      vertex 35.476 21.3653 0
      vertex 35.4243 21.4243 3
      vertex 35.4243 21.4243 0
    endloop
  endfacet
  facet normal -0.752103 -0.659046 0
    outer loop
      vertex 35.4243 21.4243 3
      vertex 35.476 21.3653 0
      vertex 35.476 21.3653 3
    endloop
  endfacet
  facet normal -0.831658 -0.555288 0
    outer loop
      vertex 35.5196 21.3 0
      vertex 35.476 21.3653 3
      vertex 35.476 21.3653 0
    endloop
  endfacet
  facet normal -0.831658 -0.555288 0
    outer loop
      vertex 35.476 21.3653 3
      vertex 35.5196 21.3 0
      vertex 35.5196 21.3 3
    endloop
  endfacet
  facet normal -0.0649964 -0.997886 0
    outer loop
      vertex 35 21.6 0
      vertex 35.0783 21.5949 3
      vertex 35 21.6 3
    endloop
  endfacet
  facet normal -0.0649964 -0.997886 -0
    outer loop
      vertex 35.0783 21.5949 3
      vertex 35 21.6 0
      vertex 35.0783 21.5949 0
    endloop
  endfacet
  facet normal -0.44211 -0.896961 0
    outer loop
      vertex 35.2296 21.5543 0
      vertex 35.3 21.5196 3
      vertex 35.2296 21.5543 3
    endloop
  endfacet
  facet normal -0.44211 -0.896961 -0
    outer loop
      vertex 35.3 21.5196 3
      vertex 35.2296 21.5543 0
      vertex 35.3 21.5196 0
    endloop
  endfacet
  facet normal 0.946625 -0.322337 0
    outer loop
      vertex 34.4204 21.1553 3
      vertex 34.4457 21.2296 0
      vertex 34.4457 21.2296 3
    endloop
  endfacet
  facet normal 0.946625 -0.322337 0
    outer loop
      vertex 34.4457 21.2296 0
      vertex 34.4204 21.1553 3
      vertex 34.4204 21.1553 0
    endloop
  endfacet
  facet normal 0.997886 -0.0649964 0
    outer loop
      vertex 34.4 21 3
      vertex 34.4051 21.0783 0
      vertex 34.4051 21.0783 3
    endloop
  endfacet
  facet normal 0.997886 -0.0649964 0
    outer loop
      vertex 34.4051 21.0783 0
      vertex 34.4 21 3
      vertex 34.4 21 0
    endloop
  endfacet
  facet normal 0.194891 -0.980825 0
    outer loop
      vertex 34.8447 21.5796 0
      vertex 34.9217 21.5949 3
      vertex 34.8447 21.5796 3
    endloop
  endfacet
  facet normal 0.194891 -0.980825 0
    outer loop
      vertex 34.9217 21.5949 3
      vertex 34.8447 21.5796 0
      vertex 34.9217 21.5949 0
    endloop
  endfacet
  facet normal -0.194891 0.980825 0
    outer loop
      vertex 35.1553 20.4204 0
      vertex 35.0783 20.4051 3
      vertex 35.1553 20.4204 3
    endloop
  endfacet
  facet normal -0.194891 0.980825 0
    outer loop
      vertex 35.0783 20.4051 3
      vertex 35.1553 20.4204 0
      vertex 35.0783 20.4051 0
    endloop
  endfacet
  facet normal -0.44211 0.896961 0
    outer loop
      vertex 35.3 20.4804 0
      vertex 35.2296 20.4457 3
      vertex 35.3 20.4804 3
    endloop
  endfacet
  facet normal -0.44211 0.896961 0
    outer loop
      vertex 35.2296 20.4457 3
      vertex 35.3 20.4804 0
      vertex 35.2296 20.4457 0
    endloop
  endfacet
  facet normal -0.555288 0.831658 0
    outer loop
      vertex 35.3653 20.524 0
      vertex 35.3 20.4804 3
      vertex 35.3653 20.524 3
    endloop
  endfacet
  facet normal -0.555288 0.831658 0
    outer loop
      vertex 35.3 20.4804 3
      vertex 35.3653 20.524 0
      vertex 35.3 20.4804 0
    endloop
  endfacet
  facet normal -0.752103 0.659046 0
    outer loop
      vertex 35.4243 20.5757 0
      vertex 35.476 20.6347 3
      vertex 35.476 20.6347 0
    endloop
  endfacet
  facet normal -0.752103 0.659046 0
    outer loop
      vertex 35.476 20.6347 3
      vertex 35.4243 20.5757 0
      vertex 35.4243 20.5757 3
    endloop
  endfacet
  facet normal -0.997886 0.0649964 0
    outer loop
      vertex 35.5949 20.9217 0
      vertex 35.6 21 3
      vertex 35.6 21 0
    endloop
  endfacet
  facet normal -0.997886 0.0649964 0
    outer loop
      vertex 35.6 21 3
      vertex 35.5949 20.9217 0
      vertex 35.5949 20.9217 3
    endloop
  endfacet
  facet normal 0.44211 0.896961 -0
    outer loop
      vertex 34.7704 20.4457 0
      vertex 34.7 20.4804 3
      vertex 34.7704 20.4457 3
    endloop
  endfacet
  facet normal 0.44211 0.896961 0
    outer loop
      vertex 34.7 20.4804 3
      vertex 34.7704 20.4457 0
      vertex 34.7 20.4804 0
    endloop
  endfacet
  facet normal 0.0649964 0.997886 -0
    outer loop
      vertex 35 20.4 0
      vertex 34.9217 20.4051 3
      vertex 35 20.4 3
    endloop
  endfacet
  facet normal 0.0649964 0.997886 0
    outer loop
      vertex 34.9217 20.4051 3
      vertex 35 20.4 0
      vertex 34.9217 20.4051 0
    endloop
  endfacet
  facet normal 0.831658 0.555288 0
    outer loop
      vertex 34.524 20.6347 3
      vertex 34.4804 20.7 0
      vertex 34.4804 20.7 3
    endloop
  endfacet
  facet normal 0.831658 0.555288 0
    outer loop
      vertex 34.4804 20.7 0
      vertex 34.524 20.6347 3
      vertex 34.524 20.6347 0
    endloop
  endfacet
  facet normal 0.896961 0.44211 0
    outer loop
      vertex 34.4804 20.7 3
      vertex 34.4457 20.7704 0
      vertex 34.4457 20.7704 3
    endloop
  endfacet
  facet normal 0.896961 0.44211 0
    outer loop
      vertex 34.4457 20.7704 0
      vertex 34.4804 20.7 3
      vertex 34.4804 20.7 0
    endloop
  endfacet
  facet normal 0.980825 0.194891 0
    outer loop
      vertex 34.4204 20.8447 3
      vertex 34.4051 20.9217 0
      vertex 34.4051 20.9217 3
    endloop
  endfacet
  facet normal 0.980825 0.194891 0
    outer loop
      vertex 34.4051 20.9217 0
      vertex 34.4204 20.8447 3
      vertex 34.4204 20.8447 0
    endloop
  endfacet
  facet normal 0.997886 0.0649964 0
    outer loop
      vertex 34.4051 20.9217 3
      vertex 34.4 21 0
      vertex 34.4 21 3
    endloop
  endfacet
  facet normal 0.997886 0.0649964 0
    outer loop
      vertex 34.4 21 0
      vertex 34.4051 20.9217 3
      vertex 34.4051 20.9217 0
    endloop
  endfacet
  facet normal 0.555288 -0.831658 0
    outer loop
      vertex 34.6347 21.476 0
      vertex 34.7 21.5196 3
      vertex 34.6347 21.476 3
    endloop
  endfacet
  facet normal 0.555288 -0.831658 0
    outer loop
      vertex 34.7 21.5196 3
      vertex 34.6347 21.476 0
      vertex 34.7 21.5196 0
    endloop
  endfacet
  facet normal -0.322337 0.946625 0
    outer loop
      vertex 35.2296 20.4457 0
      vertex 35.1553 20.4204 3
      vertex 35.2296 20.4457 3
    endloop
  endfacet
  facet normal -0.322337 0.946625 0
    outer loop
      vertex 35.1553 20.4204 3
      vertex 35.2296 20.4457 0
      vertex 35.1553 20.4204 0
    endloop
  endfacet
  facet normal -0.659046 0.752103 0
    outer loop
      vertex 35.4243 20.5757 0
      vertex 35.3653 20.524 3
      vertex 35.4243 20.5757 3
    endloop
  endfacet
  facet normal -0.659046 0.752103 0
    outer loop
      vertex 35.3653 20.524 3
      vertex 35.4243 20.5757 0
      vertex 35.3653 20.524 0
    endloop
  endfacet
  facet normal -0.946625 0.322337 0
    outer loop
      vertex 35.5543 20.7704 0
      vertex 35.5796 20.8447 3
      vertex 35.5796 20.8447 0
    endloop
  endfacet
  facet normal -0.946625 0.322337 0
    outer loop
      vertex 35.5796 20.8447 3
      vertex 35.5543 20.7704 0
      vertex 35.5543 20.7704 3
    endloop
  endfacet
  facet normal -0.0649964 0.997886 0
    outer loop
      vertex 35.0783 20.4051 0
      vertex 35 20.4 3
      vertex 35.0783 20.4051 3
    endloop
  endfacet
  facet normal -0.0649964 0.997886 0
    outer loop
      vertex 35 20.4 3
      vertex 35.0783 20.4051 0
      vertex 35 20.4 0
    endloop
  endfacet
  facet normal 0.752103 0.659046 0
    outer loop
      vertex 34.5757 20.5757 3
      vertex 34.524 20.6347 0
      vertex 34.524 20.6347 3
    endloop
  endfacet
  facet normal 0.752103 0.659046 0
    outer loop
      vertex 34.524 20.6347 0
      vertex 34.5757 20.5757 3
      vertex 34.5757 20.5757 0
    endloop
  endfacet
  facet normal 0.946625 0.322337 0
    outer loop
      vertex 34.4457 20.7704 3
      vertex 34.4204 20.8447 0
      vertex 34.4204 20.8447 3
    endloop
  endfacet
  facet normal 0.946625 0.322337 0
    outer loop
      vertex 34.4204 20.8447 0
      vertex 34.4457 20.7704 3
      vertex 34.4457 20.7704 0
    endloop
  endfacet
  facet normal -0.555288 -0.831658 0
    outer loop
      vertex 35.3 27.5196 0
      vertex 35.3653 27.476 3
      vertex 35.3 27.5196 3
    endloop
  endfacet
  facet normal -0.555288 -0.831658 -0
    outer loop
      vertex 35.3653 27.476 3
      vertex 35.3 27.5196 0
      vertex 35.3653 27.476 0
    endloop
  endfacet
  facet normal 0.980825 -0.194891 0
    outer loop
      vertex 34.4051 27.0783 3
      vertex 34.4204 27.1553 0
      vertex 34.4204 27.1553 3
    endloop
  endfacet
  facet normal 0.980825 -0.194891 0
    outer loop
      vertex 34.4204 27.1553 0
      vertex 34.4051 27.0783 3
      vertex 34.4051 27.0783 0
    endloop
  endfacet
  facet normal -0.980825 0.194891 0
    outer loop
      vertex 35.5796 26.8447 0
      vertex 35.5949 26.9217 3
      vertex 35.5949 26.9217 0
    endloop
  endfacet
  facet normal -0.980825 0.194891 0
    outer loop
      vertex 35.5949 26.9217 3
      vertex 35.5796 26.8447 0
      vertex 35.5796 26.8447 3
    endloop
  endfacet
  facet normal 0.194891 0.980825 -0
    outer loop
      vertex 34.9217 26.4051 0
      vertex 34.8447 26.4204 3
      vertex 34.9217 26.4051 3
    endloop
  endfacet
  facet normal 0.194891 0.980825 0
    outer loop
      vertex 34.8447 26.4204 3
      vertex 34.9217 26.4051 0
      vertex 34.8447 26.4204 0
    endloop
  endfacet
  facet normal 0.44211 -0.896961 0
    outer loop
      vertex 34.7 27.5196 0
      vertex 34.7704 27.5543 3
      vertex 34.7 27.5196 3
    endloop
  endfacet
  facet normal 0.44211 -0.896961 0
    outer loop
      vertex 34.7704 27.5543 3
      vertex 34.7 27.5196 0
      vertex 34.7704 27.5543 0
    endloop
  endfacet
  facet normal 0.946625 -0.322337 0
    outer loop
      vertex 34.4204 27.1553 3
      vertex 34.4457 27.2296 0
      vertex 34.4457 27.2296 3
    endloop
  endfacet
  facet normal 0.946625 -0.322337 0
    outer loop
      vertex 34.4457 27.2296 0
      vertex 34.4204 27.1553 3
      vertex 34.4204 27.1553 0
    endloop
  endfacet
  facet normal 0.831658 0.555288 0
    outer loop
      vertex 34.524 26.6347 3
      vertex 34.4804 26.7 0
      vertex 34.4804 26.7 3
    endloop
  endfacet
  facet normal 0.831658 0.555288 0
    outer loop
      vertex 34.4804 26.7 0
      vertex 34.524 26.6347 3
      vertex 34.524 26.6347 0
    endloop
  endfacet
  facet normal -0.946625 -0.322337 0
    outer loop
      vertex 35.5796 27.1553 0
      vertex 35.5543 27.2296 3
      vertex 35.5543 27.2296 0
    endloop
  endfacet
  facet normal -0.946625 -0.322337 0
    outer loop
      vertex 35.5543 27.2296 3
      vertex 35.5796 27.1553 0
      vertex 35.5796 27.1553 3
    endloop
  endfacet
  facet normal -0.896961 -0.44211 0
    outer loop
      vertex 35.5543 27.2296 0
      vertex 35.5196 27.3 3
      vertex 35.5196 27.3 0
    endloop
  endfacet
  facet normal -0.896961 -0.44211 0
    outer loop
      vertex 35.5196 27.3 3
      vertex 35.5543 27.2296 0
      vertex 35.5543 27.2296 3
    endloop
  endfacet
  facet normal -0.659046 -0.752103 0
    outer loop
      vertex 35.3653 27.476 0
      vertex 35.4243 27.4243 3
      vertex 35.3653 27.476 3
    endloop
  endfacet
  facet normal -0.659046 -0.752103 -0
    outer loop
      vertex 35.4243 27.4243 3
      vertex 35.3653 27.476 0
      vertex 35.4243 27.4243 0
    endloop
  endfacet
  facet normal -0.44211 -0.896961 0
    outer loop
      vertex 35.2296 27.5543 0
      vertex 35.3 27.5196 3
      vertex 35.2296 27.5543 3
    endloop
  endfacet
  facet normal -0.44211 -0.896961 -0
    outer loop
      vertex 35.3 27.5196 3
      vertex 35.2296 27.5543 0
      vertex 35.3 27.5196 0
    endloop
  endfacet
  facet normal -0.194891 -0.980825 0
    outer loop
      vertex 35.0783 27.5949 0
      vertex 35.1553 27.5796 3
      vertex 35.0783 27.5949 3
    endloop
  endfacet
  facet normal -0.194891 -0.980825 -0
    outer loop
      vertex 35.1553 27.5796 3
      vertex 35.0783 27.5949 0
      vertex 35.1553 27.5796 0
    endloop
  endfacet
  facet normal 0.997886 0.0649964 0
    outer loop
      vertex 34.4051 26.9217 3
      vertex 34.4 27 0
      vertex 34.4 27 3
    endloop
  endfacet
  facet normal 0.997886 0.0649964 0
    outer loop
      vertex 34.4 27 0
      vertex 34.4051 26.9217 3
      vertex 34.4051 26.9217 0
    endloop
  endfacet
  facet normal 0.831658 -0.555288 0
    outer loop
      vertex 34.4804 27.3 3
      vertex 34.524 27.3653 0
      vertex 34.524 27.3653 3
    endloop
  endfacet
  facet normal 0.831658 -0.555288 0
    outer loop
      vertex 34.524 27.3653 0
      vertex 34.4804 27.3 3
      vertex 34.4804 27.3 0
    endloop
  endfacet
  facet normal 0.752103 -0.659046 0
    outer loop
      vertex 34.524 27.3653 3
      vertex 34.5757 27.4243 0
      vertex 34.5757 27.4243 3
    endloop
  endfacet
  facet normal 0.752103 -0.659046 0
    outer loop
      vertex 34.5757 27.4243 0
      vertex 34.524 27.3653 3
      vertex 34.524 27.3653 0
    endloop
  endfacet
  facet normal -0.44211 0.896961 0
    outer loop
      vertex 35.3 26.4804 0
      vertex 35.2296 26.4457 3
      vertex 35.3 26.4804 3
    endloop
  endfacet
  facet normal -0.44211 0.896961 0
    outer loop
      vertex 35.2296 26.4457 3
      vertex 35.3 26.4804 0
      vertex 35.2296 26.4457 0
    endloop
  endfacet
  facet normal -0.0649964 0.997886 0
    outer loop
      vertex 35.0783 26.4051 0
      vertex 35 26.4 3
      vertex 35.0783 26.4051 3
    endloop
  endfacet
  facet normal -0.0649964 0.997886 0
    outer loop
      vertex 35 26.4 3
      vertex 35.0783 26.4051 0
      vertex 35 26.4 0
    endloop
  endfacet
  facet normal 0.44211 0.896961 -0
    outer loop
      vertex 34.7704 26.4457 0
      vertex 34.7 26.4804 3
      vertex 34.7704 26.4457 3
    endloop
  endfacet
  facet normal 0.44211 0.896961 0
    outer loop
      vertex 34.7 26.4804 3
      vertex 34.7704 26.4457 0
      vertex 34.7 26.4804 0
    endloop
  endfacet
  facet normal 0.555288 0.831658 -0
    outer loop
      vertex 34.7 26.4804 0
      vertex 34.6347 26.524 3
      vertex 34.7 26.4804 3
    endloop
  endfacet
  facet normal 0.555288 0.831658 0
    outer loop
      vertex 34.6347 26.524 3
      vertex 34.7 26.4804 0
      vertex 34.6347 26.524 0
    endloop
  endfacet
  facet normal 0.946625 0.322337 0
    outer loop
      vertex 34.4457 26.7704 3
      vertex 34.4204 26.8447 0
      vertex 34.4204 26.8447 3
    endloop
  endfacet
  facet normal 0.946625 0.322337 0
    outer loop
      vertex 34.4204 26.8447 0
      vertex 34.4457 26.7704 3
      vertex 34.4457 26.7704 0
    endloop
  endfacet
  facet normal -0.980825 -0.194891 0
    outer loop
      vertex 35.5949 27.0783 0
      vertex 35.5796 27.1553 3
      vertex 35.5796 27.1553 0
    endloop
  endfacet
  facet normal -0.980825 -0.194891 0
    outer loop
      vertex 35.5796 27.1553 3
      vertex 35.5949 27.0783 0
      vertex 35.5949 27.0783 3
    endloop
  endfacet
  facet normal -0.831658 -0.555288 0
    outer loop
      vertex 35.5196 27.3 0
      vertex 35.476 27.3653 3
      vertex 35.476 27.3653 0
    endloop
  endfacet
  facet normal -0.831658 -0.555288 0
    outer loop
      vertex 35.476 27.3653 3
      vertex 35.5196 27.3 0
      vertex 35.5196 27.3 3
    endloop
  endfacet
  facet normal -0.752103 -0.659046 0
    outer loop
      vertex 35.476 27.3653 0
      vertex 35.4243 27.4243 3
      vertex 35.4243 27.4243 0
    endloop
  endfacet
  facet normal -0.752103 -0.659046 0
    outer loop
      vertex 35.4243 27.4243 3
      vertex 35.476 27.3653 0
      vertex 35.476 27.3653 3
    endloop
  endfacet
  facet normal 0.0649964 -0.997886 0
    outer loop
      vertex 34.9217 27.5949 0
      vertex 35 27.6 3
      vertex 34.9217 27.5949 3
    endloop
  endfacet
  facet normal 0.0649964 -0.997886 0
    outer loop
      vertex 35 27.6 3
      vertex 34.9217 27.5949 0
      vertex 35 27.6 0
    endloop
  endfacet
  facet normal -0.322337 -0.946625 0
    outer loop
      vertex 35.1553 27.5796 0
      vertex 35.2296 27.5543 3
      vertex 35.1553 27.5796 3
    endloop
  endfacet
  facet normal -0.322337 -0.946625 -0
    outer loop
      vertex 35.2296 27.5543 3
      vertex 35.1553 27.5796 0
      vertex 35.2296 27.5543 0
    endloop
  endfacet
  facet normal 0.896961 -0.44211 0
    outer loop
      vertex 34.4457 27.2296 3
      vertex 34.4804 27.3 0
      vertex 34.4804 27.3 3
    endloop
  endfacet
  facet normal 0.896961 -0.44211 0
    outer loop
      vertex 34.4804 27.3 0
      vertex 34.4457 27.2296 3
      vertex 34.4457 27.2296 0
    endloop
  endfacet
  facet normal 0.194891 -0.980825 0
    outer loop
      vertex 34.8447 27.5796 0
      vertex 34.9217 27.5949 3
      vertex 34.8447 27.5796 3
    endloop
  endfacet
  facet normal 0.194891 -0.980825 0
    outer loop
      vertex 34.9217 27.5949 3
      vertex 34.8447 27.5796 0
      vertex 34.9217 27.5949 0
    endloop
  endfacet
  facet normal 0.322337 -0.946625 0
    outer loop
      vertex 34.7704 27.5543 0
      vertex 34.8447 27.5796 3
      vertex 34.7704 27.5543 3
    endloop
  endfacet
  facet normal 0.322337 -0.946625 0
    outer loop
      vertex 34.8447 27.5796 3
      vertex 34.7704 27.5543 0
      vertex 34.8447 27.5796 0
    endloop
  endfacet
  facet normal 0.555288 -0.831658 0
    outer loop
      vertex 34.6347 27.476 0
      vertex 34.7 27.5196 3
      vertex 34.6347 27.476 3
    endloop
  endfacet
  facet normal 0.555288 -0.831658 0
    outer loop
      vertex 34.7 27.5196 3
      vertex 34.6347 27.476 0
      vertex 34.7 27.5196 0
    endloop
  endfacet
  facet normal 0.659046 -0.752103 0
    outer loop
      vertex 34.5757 27.4243 0
      vertex 34.6347 27.476 3
      vertex 34.5757 27.4243 3
    endloop
  endfacet
  facet normal 0.659046 -0.752103 0
    outer loop
      vertex 34.6347 27.476 3
      vertex 34.5757 27.4243 0
      vertex 34.6347 27.476 0
    endloop
  endfacet
  facet normal -0.997886 -0.0649964 0
    outer loop
      vertex 35.6 27 0
      vertex 35.5949 27.0783 3
      vertex 35.5949 27.0783 0
    endloop
  endfacet
  facet normal -0.997886 -0.0649964 0
    outer loop
      vertex 35.5949 27.0783 3
      vertex 35.6 27 0
      vertex 35.6 27 3
    endloop
  endfacet
  facet normal -0.194891 0.980825 0
    outer loop
      vertex 35.1553 26.4204 0
      vertex 35.0783 26.4051 3
      vertex 35.1553 26.4204 3
    endloop
  endfacet
  facet normal -0.194891 0.980825 0
    outer loop
      vertex 35.0783 26.4051 3
      vertex 35.1553 26.4204 0
      vertex 35.0783 26.4051 0
    endloop
  endfacet
  facet normal -0.831658 0.555288 0
    outer loop
      vertex 35.476 26.6347 0
      vertex 35.5196 26.7 3
      vertex 35.5196 26.7 0
    endloop
  endfacet
  facet normal -0.831658 0.555288 0
    outer loop
      vertex 35.5196 26.7 3
      vertex 35.476 26.6347 0
      vertex 35.476 26.6347 3
    endloop
  endfacet
  facet normal -0.322337 0.946625 0
    outer loop
      vertex 35.2296 26.4457 0
      vertex 35.1553 26.4204 3
      vertex 35.2296 26.4457 3
    endloop
  endfacet
  facet normal -0.322337 0.946625 0
    outer loop
      vertex 35.1553 26.4204 3
      vertex 35.2296 26.4457 0
      vertex 35.1553 26.4204 0
    endloop
  endfacet
  facet normal -0.555288 0.831658 0
    outer loop
      vertex 35.3653 26.524 0
      vertex 35.3 26.4804 3
      vertex 35.3653 26.524 3
    endloop
  endfacet
  facet normal -0.555288 0.831658 0
    outer loop
      vertex 35.3 26.4804 3
      vertex 35.3653 26.524 0
      vertex 35.3 26.4804 0
    endloop
  endfacet
  facet normal -0.752103 0.659046 0
    outer loop
      vertex 35.4243 26.5757 0
      vertex 35.476 26.6347 3
      vertex 35.476 26.6347 0
    endloop
  endfacet
  facet normal -0.752103 0.659046 0
    outer loop
      vertex 35.476 26.6347 3
      vertex 35.4243 26.5757 0
      vertex 35.4243 26.5757 3
    endloop
  endfacet
  facet normal 0.0649964 0.997886 -0
    outer loop
      vertex 35 26.4 0
      vertex 34.9217 26.4051 3
      vertex 35 26.4 3
    endloop
  endfacet
  facet normal 0.0649964 0.997886 0
    outer loop
      vertex 34.9217 26.4051 3
      vertex 35 26.4 0
      vertex 34.9217 26.4051 0
    endloop
  endfacet
  facet normal 0.322337 0.946625 -0
    outer loop
      vertex 34.8447 26.4204 0
      vertex 34.7704 26.4457 3
      vertex 34.8447 26.4204 3
    endloop
  endfacet
  facet normal 0.322337 0.946625 0
    outer loop
      vertex 34.7704 26.4457 3
      vertex 34.8447 26.4204 0
      vertex 34.7704 26.4457 0
    endloop
  endfacet
  facet normal 0.896961 0.44211 0
    outer loop
      vertex 34.4804 26.7 3
      vertex 34.4457 26.7704 0
      vertex 34.4457 26.7704 3
    endloop
  endfacet
  facet normal 0.896961 0.44211 0
    outer loop
      vertex 34.4457 26.7704 0
      vertex 34.4804 26.7 3
      vertex 34.4804 26.7 0
    endloop
  endfacet
  facet normal 0.980825 0.194891 0
    outer loop
      vertex 34.4204 26.8447 3
      vertex 34.4051 26.9217 0
      vertex 34.4051 26.9217 3
    endloop
  endfacet
  facet normal 0.980825 0.194891 0
    outer loop
      vertex 34.4051 26.9217 0
      vertex 34.4204 26.8447 3
      vertex 34.4204 26.8447 0
    endloop
  endfacet
  facet normal 0.659046 0.752103 -0
    outer loop
      vertex 34.6347 26.524 0
      vertex 34.5757 26.5757 3
      vertex 34.6347 26.524 3
    endloop
  endfacet
  facet normal 0.659046 0.752103 0
    outer loop
      vertex 34.5757 26.5757 3
      vertex 34.6347 26.524 0
      vertex 34.5757 26.5757 0
    endloop
  endfacet
  facet normal -0.0649964 -0.997886 0
    outer loop
      vertex 35 27.6 0
      vertex 35.0783 27.5949 3
      vertex 35 27.6 3
    endloop
  endfacet
  facet normal -0.0649964 -0.997886 -0
    outer loop
      vertex 35.0783 27.5949 3
      vertex 35 27.6 0
      vertex 35.0783 27.5949 0
    endloop
  endfacet
  facet normal 0.997886 -0.0649964 0
    outer loop
      vertex 34.4 27 3
      vertex 34.4051 27.0783 0
      vertex 34.4051 27.0783 3
    endloop
  endfacet
  facet normal 0.997886 -0.0649964 0
    outer loop
      vertex 34.4051 27.0783 0
      vertex 34.4 27 3
      vertex 34.4 27 0
    endloop
  endfacet
  facet normal -0.997886 0.0649964 0
    outer loop
      vertex 35.5949 26.9217 0
      vertex 35.6 27 3
      vertex 35.6 27 0
    endloop
  endfacet
  facet normal -0.997886 0.0649964 0
    outer loop
      vertex 35.6 27 3
      vertex 35.5949 26.9217 0
      vertex 35.5949 26.9217 3
    endloop
  endfacet
  facet normal -0.659046 0.752103 0
    outer loop
      vertex 35.4243 26.5757 0
      vertex 35.3653 26.524 3
      vertex 35.4243 26.5757 3
    endloop
  endfacet
  facet normal -0.659046 0.752103 0
    outer loop
      vertex 35.3653 26.524 3
      vertex 35.4243 26.5757 0
      vertex 35.3653 26.524 0
    endloop
  endfacet
  facet normal 0.752103 0.659046 0
    outer loop
      vertex 34.5757 26.5757 3
      vertex 34.524 26.6347 0
      vertex 34.524 26.6347 3
    endloop
  endfacet
  facet normal 0.752103 0.659046 0
    outer loop
      vertex 34.524 26.6347 0
      vertex 34.5757 26.5757 3
      vertex 34.5757 26.5757 0
    endloop
  endfacet
  facet normal -0.946625 0.322337 0
    outer loop
      vertex 35.5543 26.7704 0
      vertex 35.5796 26.8447 3
      vertex 35.5796 26.8447 0
    endloop
  endfacet
  facet normal -0.946625 0.322337 0
    outer loop
      vertex 35.5796 26.8447 3
      vertex 35.5543 26.7704 0
      vertex 35.5543 26.7704 3
    endloop
  endfacet
  facet normal -0.896961 0.44211 0
    outer loop
      vertex 35.5196 26.7 0
      vertex 35.5543 26.7704 3
      vertex 35.5543 26.7704 0
    endloop
  endfacet
  facet normal -0.896961 0.44211 0
    outer loop
      vertex 35.5543 26.7704 3
      vertex 35.5196 26.7 0
      vertex 35.5196 26.7 3
    endloop
  endfacet
  facet normal -0.555288 -0.831658 0
    outer loop
      vertex 35.3 33.5196 0
      vertex 35.3653 33.476 3
      vertex 35.3 33.5196 3
    endloop
  endfacet
  facet normal -0.555288 -0.831658 -0
    outer loop
      vertex 35.3653 33.476 3
      vertex 35.3 33.5196 0
      vertex 35.3653 33.476 0
    endloop
  endfacet
  facet normal 0.980825 -0.194891 0
    outer loop
      vertex 34.4051 33.0783 3
      vertex 34.4204 33.1553 0
      vertex 34.4204 33.1553 3
    endloop
  endfacet
  facet normal 0.980825 -0.194891 0
    outer loop
      vertex 34.4204 33.1553 0
      vertex 34.4051 33.0783 3
      vertex 34.4051 33.0783 0
    endloop
  endfacet
  facet normal -0.980825 0.194891 0
    outer loop
      vertex 35.5796 32.8447 0
      vertex 35.5949 32.9217 3
      vertex 35.5949 32.9217 0
    endloop
  endfacet
  facet normal -0.980825 0.194891 0
    outer loop
      vertex 35.5949 32.9217 3
      vertex 35.5796 32.8447 0
      vertex 35.5796 32.8447 3
    endloop
  endfacet
  facet normal 0.194891 0.980825 -0
    outer loop
      vertex 34.9217 32.4051 0
      vertex 34.8447 32.4204 3
      vertex 34.9217 32.4051 3
    endloop
  endfacet
  facet normal 0.194891 0.980825 0
    outer loop
      vertex 34.8447 32.4204 3
      vertex 34.9217 32.4051 0
      vertex 34.8447 32.4204 0
    endloop
  endfacet
  facet normal 0.44211 -0.896961 0
    outer loop
      vertex 34.7 33.5196 0
      vertex 34.7704 33.5543 3
      vertex 34.7 33.5196 3
    endloop
  endfacet
  facet normal 0.44211 -0.896961 0
    outer loop
      vertex 34.7704 33.5543 3
      vertex 34.7 33.5196 0
      vertex 34.7704 33.5543 0
    endloop
  endfacet
  facet normal 0.946625 -0.322337 0
    outer loop
      vertex 34.4204 33.1553 3
      vertex 34.4457 33.2296 0
      vertex 34.4457 33.2296 3
    endloop
  endfacet
  facet normal 0.946625 -0.322337 0
    outer loop
      vertex 34.4457 33.2296 0
      vertex 34.4204 33.1553 3
      vertex 34.4204 33.1553 0
    endloop
  endfacet
  facet normal 0.831658 0.555288 0
    outer loop
      vertex 34.524 32.6347 3
      vertex 34.4804 32.7 0
      vertex 34.4804 32.7 3
    endloop
  endfacet
  facet normal 0.831658 0.555288 0
    outer loop
      vertex 34.4804 32.7 0
      vertex 34.524 32.6347 3
      vertex 34.524 32.6347 0
    endloop
  endfacet
  facet normal -0.946625 -0.322337 0
    outer loop
      vertex 35.5796 33.1553 0
      vertex 35.5543 33.2296 3
      vertex 35.5543 33.2296 0
    endloop
  endfacet
  facet normal -0.946625 -0.322337 0
    outer loop
      vertex 35.5543 33.2296 3
      vertex 35.5796 33.1553 0
      vertex 35.5796 33.1553 3
    endloop
  endfacet
  facet normal -0.896961 -0.44211 0
    outer loop
      vertex 35.5543 33.2296 0
      vertex 35.5196 33.3 3
      vertex 35.5196 33.3 0
    endloop
  endfacet
  facet normal -0.896961 -0.44211 0
    outer loop
      vertex 35.5196 33.3 3
      vertex 35.5543 33.2296 0
      vertex 35.5543 33.2296 3
    endloop
  endfacet
  facet normal -0.659046 -0.752103 0
    outer loop
      vertex 35.3653 33.476 0
      vertex 35.4243 33.4243 3
      vertex 35.3653 33.476 3
    endloop
  endfacet
  facet normal -0.659046 -0.752103 -0
    outer loop
      vertex 35.4243 33.4243 3
      vertex 35.3653 33.476 0
      vertex 35.4243 33.4243 0
    endloop
  endfacet
  facet normal -0.44211 -0.896961 0
    outer loop
      vertex 35.2296 33.5543 0
      vertex 35.3 33.5196 3
      vertex 35.2296 33.5543 3
    endloop
  endfacet
  facet normal -0.44211 -0.896961 -0
    outer loop
      vertex 35.3 33.5196 3
      vertex 35.2296 33.5543 0
      vertex 35.3 33.5196 0
    endloop
  endfacet
  facet normal -0.194891 -0.980825 0
    outer loop
      vertex 35.0783 33.5949 0
      vertex 35.1553 33.5796 3
      vertex 35.0783 33.5949 3
    endloop
  endfacet
  facet normal -0.194891 -0.980825 -0
    outer loop
      vertex 35.1553 33.5796 3
      vertex 35.0783 33.5949 0
      vertex 35.1553 33.5796 0
    endloop
  endfacet
  facet normal 0.997886 0.0649964 0
    outer loop
      vertex 34.4051 32.9217 3
      vertex 34.4 33 0
      vertex 34.4 33 3
    endloop
  endfacet
  facet normal 0.997886 0.0649964 0
    outer loop
      vertex 34.4 33 0
      vertex 34.4051 32.9217 3
      vertex 34.4051 32.9217 0
    endloop
  endfacet
  facet normal 0.831658 -0.555288 0
    outer loop
      vertex 34.4804 33.3 3
      vertex 34.524 33.3653 0
      vertex 34.524 33.3653 3
    endloop
  endfacet
  facet normal 0.831658 -0.555288 0
    outer loop
      vertex 34.524 33.3653 0
      vertex 34.4804 33.3 3
      vertex 34.4804 33.3 0
    endloop
  endfacet
  facet normal 0.752103 -0.659046 0
    outer loop
      vertex 34.524 33.3653 3
      vertex 34.5757 33.4243 0
      vertex 34.5757 33.4243 3
    endloop
  endfacet
  facet normal 0.752103 -0.659046 0
    outer loop
      vertex 34.5757 33.4243 0
      vertex 34.524 33.3653 3
      vertex 34.524 33.3653 0
    endloop
  endfacet
  facet normal -0.44211 0.896961 0
    outer loop
      vertex 35.3 32.4804 0
      vertex 35.2296 32.4457 3
      vertex 35.3 32.4804 3
    endloop
  endfacet
  facet normal -0.44211 0.896961 0
    outer loop
      vertex 35.2296 32.4457 3
      vertex 35.3 32.4804 0
      vertex 35.2296 32.4457 0
    endloop
  endfacet
  facet normal -0.0649964 0.997886 0
    outer loop
      vertex 35.0783 32.4051 0
      vertex 35 32.4 3
      vertex 35.0783 32.4051 3
    endloop
  endfacet
  facet normal -0.0649964 0.997886 0
    outer loop
      vertex 35 32.4 3
      vertex 35.0783 32.4051 0
      vertex 35 32.4 0
    endloop
  endfacet
  facet normal 0.44211 0.896961 -0
    outer loop
      vertex 34.7704 32.4457 0
      vertex 34.7 32.4804 3
      vertex 34.7704 32.4457 3
    endloop
  endfacet
  facet normal 0.44211 0.896961 0
    outer loop
      vertex 34.7 32.4804 3
      vertex 34.7704 32.4457 0
      vertex 34.7 32.4804 0
    endloop
  endfacet
  facet normal 0.555288 0.831658 -0
    outer loop
      vertex 34.7 32.4804 0
      vertex 34.6347 32.524 3
      vertex 34.7 32.4804 3
    endloop
  endfacet
  facet normal 0.555288 0.831658 0
    outer loop
      vertex 34.6347 32.524 3
      vertex 34.7 32.4804 0
      vertex 34.6347 32.524 0
    endloop
  endfacet
  facet normal 0.946625 0.322337 0
    outer loop
      vertex 34.4457 32.7704 3
      vertex 34.4204 32.8447 0
      vertex 34.4204 32.8447 3
    endloop
  endfacet
  facet normal 0.946625 0.322337 0
    outer loop
      vertex 34.4204 32.8447 0
      vertex 34.4457 32.7704 3
      vertex 34.4457 32.7704 0
    endloop
  endfacet
  facet normal -0.980825 -0.194891 0
    outer loop
      vertex 35.5949 33.0783 0
      vertex 35.5796 33.1553 3
      vertex 35.5796 33.1553 0
    endloop
  endfacet
  facet normal -0.980825 -0.194891 0
    outer loop
      vertex 35.5796 33.1553 3
      vertex 35.5949 33.0783 0
      vertex 35.5949 33.0783 3
    endloop
  endfacet
  facet normal -0.831658 -0.555288 0
    outer loop
      vertex 35.5196 33.3 0
      vertex 35.476 33.3653 3
      vertex 35.476 33.3653 0
    endloop
  endfacet
  facet normal -0.831658 -0.555288 0
    outer loop
      vertex 35.476 33.3653 3
      vertex 35.5196 33.3 0
      vertex 35.5196 33.3 3
    endloop
  endfacet
  facet normal -0.752103 -0.659046 0
    outer loop
      vertex 35.476 33.3653 0
      vertex 35.4243 33.4243 3
      vertex 35.4243 33.4243 0
    endloop
  endfacet
  facet normal -0.752103 -0.659046 0
    outer loop
      vertex 35.4243 33.4243 3
      vertex 35.476 33.3653 0
      vertex 35.476 33.3653 3
    endloop
  endfacet
  facet normal 0.0649964 -0.997886 0
    outer loop
      vertex 34.9217 33.5949 0
      vertex 35 33.6 3
      vertex 34.9217 33.5949 3
    endloop
  endfacet
  facet normal 0.0649964 -0.997886 0
    outer loop
      vertex 35 33.6 3
      vertex 34.9217 33.5949 0
      vertex 35 33.6 0
    endloop
  endfacet
  facet normal -0.322337 -0.946625 0
    outer loop
      vertex 35.1553 33.5796 0
      vertex 35.2296 33.5543 3
      vertex 35.1553 33.5796 3
    endloop
  endfacet
  facet normal -0.322337 -0.946625 -0
    outer loop
      vertex 35.2296 33.5543 3
      vertex 35.1553 33.5796 0
      vertex 35.2296 33.5543 0
    endloop
  endfacet
  facet normal 0.997886 -0.0649964 0
    outer loop
      vertex 34.4 33 3
      vertex 34.4051 33.0783 0
      vertex 34.4051 33.0783 3
    endloop
  endfacet
  facet normal 0.997886 -0.0649964 0
    outer loop
      vertex 34.4051 33.0783 0
      vertex 34.4 33 3
      vertex 34.4 33 0
    endloop
  endfacet
  facet normal 0.194891 -0.980825 0
    outer loop
      vertex 34.8447 33.5796 0
      vertex 34.9217 33.5949 3
      vertex 34.8447 33.5796 3
    endloop
  endfacet
  facet normal 0.194891 -0.980825 0
    outer loop
      vertex 34.9217 33.5949 3
      vertex 34.8447 33.5796 0
      vertex 34.9217 33.5949 0
    endloop
  endfacet
  facet normal 0.322337 -0.946625 0
    outer loop
      vertex 34.7704 33.5543 0
      vertex 34.8447 33.5796 3
      vertex 34.7704 33.5543 3
    endloop
  endfacet
  facet normal 0.322337 -0.946625 0
    outer loop
      vertex 34.8447 33.5796 3
      vertex 34.7704 33.5543 0
      vertex 34.8447 33.5796 0
    endloop
  endfacet
  facet normal 0.555288 -0.831658 0
    outer loop
      vertex 34.6347 33.476 0
      vertex 34.7 33.5196 3
      vertex 34.6347 33.476 3
    endloop
  endfacet
  facet normal 0.555288 -0.831658 0
    outer loop
      vertex 34.7 33.5196 3
      vertex 34.6347 33.476 0
      vertex 34.7 33.5196 0
    endloop
  endfacet
  facet normal 0.659046 -0.752103 0
    outer loop
      vertex 34.5757 33.4243 0
      vertex 34.6347 33.476 3
      vertex 34.5757 33.4243 3
    endloop
  endfacet
  facet normal 0.659046 -0.752103 0
    outer loop
      vertex 34.6347 33.476 3
      vertex 34.5757 33.4243 0
      vertex 34.6347 33.476 0
    endloop
  endfacet
  facet normal -0.997886 -0.0649964 0
    outer loop
      vertex 35.6 33 0
      vertex 35.5949 33.0783 3
      vertex 35.5949 33.0783 0
    endloop
  endfacet
  facet normal -0.997886 -0.0649964 0
    outer loop
      vertex 35.5949 33.0783 3
      vertex 35.6 33 0
      vertex 35.6 33 3
    endloop
  endfacet
  facet normal -0.194891 0.980825 0
    outer loop
      vertex 35.1553 32.4204 0
      vertex 35.0783 32.4051 3
      vertex 35.1553 32.4204 3
    endloop
  endfacet
  facet normal -0.194891 0.980825 0
    outer loop
      vertex 35.0783 32.4051 3
      vertex 35.1553 32.4204 0
      vertex 35.0783 32.4051 0
    endloop
  endfacet
  facet normal -0.831658 0.555288 0
    outer loop
      vertex 35.476 32.6347 0
      vertex 35.5196 32.7 3
      vertex 35.5196 32.7 0
    endloop
  endfacet
  facet normal -0.831658 0.555288 0
    outer loop
      vertex 35.5196 32.7 3
      vertex 35.476 32.6347 0
      vertex 35.476 32.6347 3
    endloop
  endfacet
  facet normal -0.322337 0.946625 0
    outer loop
      vertex 35.2296 32.4457 0
      vertex 35.1553 32.4204 3
      vertex 35.2296 32.4457 3
    endloop
  endfacet
  facet normal -0.322337 0.946625 0
    outer loop
      vertex 35.1553 32.4204 3
      vertex 35.2296 32.4457 0
      vertex 35.1553 32.4204 0
    endloop
  endfacet
  facet normal -0.555288 0.831658 0
    outer loop
      vertex 35.3653 32.524 0
      vertex 35.3 32.4804 3
      vertex 35.3653 32.524 3
    endloop
  endfacet
  facet normal -0.555288 0.831658 0
    outer loop
      vertex 35.3 32.4804 3
      vertex 35.3653 32.524 0
      vertex 35.3 32.4804 0
    endloop
  endfacet
  facet normal -0.752103 0.659046 0
    outer loop
      vertex 35.4243 32.5757 0
      vertex 35.476 32.6347 3
      vertex 35.476 32.6347 0
    endloop
  endfacet
  facet normal -0.752103 0.659046 0
    outer loop
      vertex 35.476 32.6347 3
      vertex 35.4243 32.5757 0
      vertex 35.4243 32.5757 3
    endloop
  endfacet
  facet normal 0.0649964 0.997886 -0
    outer loop
      vertex 35 32.4 0
      vertex 34.9217 32.4051 3
      vertex 35 32.4 3
    endloop
  endfacet
  facet normal 0.0649964 0.997886 0
    outer loop
      vertex 34.9217 32.4051 3
      vertex 35 32.4 0
      vertex 34.9217 32.4051 0
    endloop
  endfacet
  facet normal 0.322337 0.946625 -0
    outer loop
      vertex 34.8447 32.4204 0
      vertex 34.7704 32.4457 3
      vertex 34.8447 32.4204 3
    endloop
  endfacet
  facet normal 0.322337 0.946625 0
    outer loop
      vertex 34.7704 32.4457 3
      vertex 34.8447 32.4204 0
      vertex 34.7704 32.4457 0
    endloop
  endfacet
  facet normal 0.896961 0.44211 0
    outer loop
      vertex 34.4804 32.7 3
      vertex 34.4457 32.7704 0
      vertex 34.4457 32.7704 3
    endloop
  endfacet
  facet normal 0.896961 0.44211 0
    outer loop
      vertex 34.4457 32.7704 0
      vertex 34.4804 32.7 3
      vertex 34.4804 32.7 0
    endloop
  endfacet
  facet normal 0.980825 0.194891 0
    outer loop
      vertex 34.4204 32.8447 3
      vertex 34.4051 32.9217 0
      vertex 34.4051 32.9217 3
    endloop
  endfacet
  facet normal 0.980825 0.194891 0
    outer loop
      vertex 34.4051 32.9217 0
      vertex 34.4204 32.8447 3
      vertex 34.4204 32.8447 0
    endloop
  endfacet
  facet normal 0.659046 0.752103 -0
    outer loop
      vertex 34.6347 32.524 0
      vertex 34.5757 32.5757 3
      vertex 34.6347 32.524 3
    endloop
  endfacet
  facet normal 0.659046 0.752103 0
    outer loop
      vertex 34.5757 32.5757 3
      vertex 34.6347 32.524 0
      vertex 34.5757 32.5757 0
    endloop
  endfacet
  facet normal -0.0649964 -0.997886 0
    outer loop
      vertex 35 33.6 0
      vertex 35.0783 33.5949 3
      vertex 35 33.6 3
    endloop
  endfacet
  facet normal -0.0649964 -0.997886 -0
    outer loop
      vertex 35.0783 33.5949 3
      vertex 35 33.6 0
      vertex 35.0783 33.5949 0
    endloop
  endfacet
  facet normal 0.896961 -0.44211 0
    outer loop
      vertex 34.4457 33.2296 3
      vertex 34.4804 33.3 0
      vertex 34.4804 33.3 3
    endloop
  endfacet
  facet normal 0.896961 -0.44211 0
    outer loop
      vertex 34.4804 33.3 0
      vertex 34.4457 33.2296 3
      vertex 34.4457 33.2296 0
    endloop
  endfacet
  facet normal -0.997886 0.0649964 0
    outer loop
      vertex 35.5949 32.9217 0
      vertex 35.6 33 3
      vertex 35.6 33 0
    endloop
  endfacet
  facet normal -0.997886 0.0649964 0
    outer loop
      vertex 35.6 33 3
      vertex 35.5949 32.9217 0
      vertex 35.5949 32.9217 3
    endloop
  endfacet
  facet normal -0.896961 0.44211 0
    outer loop
      vertex 35.5196 32.7 0
      vertex 35.5543 32.7704 3
      vertex 35.5543 32.7704 0
    endloop
  endfacet
  facet normal -0.896961 0.44211 0
    outer loop
      vertex 35.5543 32.7704 3
      vertex 35.5196 32.7 0
      vertex 35.5196 32.7 3
    endloop
  endfacet
  facet normal -0.659046 0.752103 0
    outer loop
      vertex 35.4243 32.5757 0
      vertex 35.3653 32.524 3
      vertex 35.4243 32.5757 3
    endloop
  endfacet
  facet normal -0.659046 0.752103 0
    outer loop
      vertex 35.3653 32.524 3
      vertex 35.4243 32.5757 0
      vertex 35.3653 32.524 0
    endloop
  endfacet
  facet normal 0.752103 0.659046 0
    outer loop
      vertex 34.5757 32.5757 3
      vertex 34.524 32.6347 0
      vertex 34.524 32.6347 3
    endloop
  endfacet
  facet normal 0.752103 0.659046 0
    outer loop
      vertex 34.524 32.6347 0
      vertex 34.5757 32.5757 3
      vertex 34.5757 32.5757 0
    endloop
  endfacet
  facet normal -0.946625 0.322337 0
    outer loop
      vertex 35.5543 32.7704 0
      vertex 35.5796 32.8447 3
      vertex 35.5796 32.8447 0
    endloop
  endfacet
  facet normal -0.946625 0.322337 0
    outer loop
      vertex 35.5796 32.8447 3
      vertex 35.5543 32.7704 0
      vertex 35.5543 32.7704 3
    endloop
  endfacet
  facet normal -0.555288 -0.831658 0
    outer loop
      vertex 41.3 21.5196 0
      vertex 41.3653 21.476 3
      vertex 41.3 21.5196 3
    endloop
  endfacet
  facet normal -0.555288 -0.831658 -0
    outer loop
      vertex 41.3653 21.476 3
      vertex 41.3 21.5196 0
      vertex 41.3653 21.476 0
    endloop
  endfacet
  facet normal 0.980825 -0.194891 0
    outer loop
      vertex 40.4051 21.0783 3
      vertex 40.4204 21.1553 0
      vertex 40.4204 21.1553 3
    endloop
  endfacet
  facet normal 0.980825 -0.194891 0
    outer loop
      vertex 40.4204 21.1553 0
      vertex 40.4051 21.0783 3
      vertex 40.4051 21.0783 0
    endloop
  endfacet
  facet normal -0.980825 0.194891 0
    outer loop
      vertex 41.5796 20.8447 0
      vertex 41.5949 20.9217 3
      vertex 41.5949 20.9217 0
    endloop
  endfacet
  facet normal -0.980825 0.194891 0
    outer loop
      vertex 41.5949 20.9217 3
      vertex 41.5796 20.8447 0
      vertex 41.5796 20.8447 3
    endloop
  endfacet
  facet normal 0.194891 0.980825 -0
    outer loop
      vertex 40.9217 20.4051 0
      vertex 40.8447 20.4204 3
      vertex 40.9217 20.4051 3
    endloop
  endfacet
  facet normal 0.194891 0.980825 0
    outer loop
      vertex 40.8447 20.4204 3
      vertex 40.9217 20.4051 0
      vertex 40.8447 20.4204 0
    endloop
  endfacet
  facet normal 0.44211 -0.896961 0
    outer loop
      vertex 40.7 21.5196 0
      vertex 40.7704 21.5543 3
      vertex 40.7 21.5196 3
    endloop
  endfacet
  facet normal 0.44211 -0.896961 0
    outer loop
      vertex 40.7704 21.5543 3
      vertex 40.7 21.5196 0
      vertex 40.7704 21.5543 0
    endloop
  endfacet
  facet normal 0.946625 -0.322337 0
    outer loop
      vertex 40.4204 21.1553 3
      vertex 40.4457 21.2296 0
      vertex 40.4457 21.2296 3
    endloop
  endfacet
  facet normal 0.946625 -0.322337 0
    outer loop
      vertex 40.4457 21.2296 0
      vertex 40.4204 21.1553 3
      vertex 40.4204 21.1553 0
    endloop
  endfacet
  facet normal -0.752103 0.659046 0
    outer loop
      vertex 41.4243 20.5757 0
      vertex 41.476 20.6347 3
      vertex 41.476 20.6347 0
    endloop
  endfacet
  facet normal -0.752103 0.659046 0
    outer loop
      vertex 41.476 20.6347 3
      vertex 41.4243 20.5757 0
      vertex 41.4243 20.5757 3
    endloop
  endfacet
  facet normal 0.831658 0.555288 0
    outer loop
      vertex 40.524 20.6347 3
      vertex 40.4804 20.7 0
      vertex 40.4804 20.7 3
    endloop
  endfacet
  facet normal 0.831658 0.555288 0
    outer loop
      vertex 40.4804 20.7 0
      vertex 40.524 20.6347 3
      vertex 40.524 20.6347 0
    endloop
  endfacet
  facet normal -0.946625 -0.322337 0
    outer loop
      vertex 41.5796 21.1553 0
      vertex 41.5543 21.2296 3
      vertex 41.5543 21.2296 0
    endloop
  endfacet
  facet normal -0.946625 -0.322337 0
    outer loop
      vertex 41.5543 21.2296 3
      vertex 41.5796 21.1553 0
      vertex 41.5796 21.1553 3
    endloop
  endfacet
  facet normal -0.896961 -0.44211 0
    outer loop
      vertex 41.5543 21.2296 0
      vertex 41.5196 21.3 3
      vertex 41.5196 21.3 0
    endloop
  endfacet
  facet normal -0.896961 -0.44211 0
    outer loop
      vertex 41.5196 21.3 3
      vertex 41.5543 21.2296 0
      vertex 41.5543 21.2296 3
    endloop
  endfacet
  facet normal -0.659046 -0.752103 0
    outer loop
      vertex 41.3653 21.476 0
      vertex 41.4243 21.4243 3
      vertex 41.3653 21.476 3
    endloop
  endfacet
  facet normal -0.659046 -0.752103 -0
    outer loop
      vertex 41.4243 21.4243 3
      vertex 41.3653 21.476 0
      vertex 41.4243 21.4243 0
    endloop
  endfacet
  facet normal -0.44211 -0.896961 0
    outer loop
      vertex 41.2296 21.5543 0
      vertex 41.3 21.5196 3
      vertex 41.2296 21.5543 3
    endloop
  endfacet
  facet normal -0.44211 -0.896961 -0
    outer loop
      vertex 41.3 21.5196 3
      vertex 41.2296 21.5543 0
      vertex 41.3 21.5196 0
    endloop
  endfacet
  facet normal -0.194891 -0.980825 0
    outer loop
      vertex 41.0783 21.5949 0
      vertex 41.1553 21.5796 3
      vertex 41.0783 21.5949 3
    endloop
  endfacet
  facet normal -0.194891 -0.980825 -0
    outer loop
      vertex 41.1553 21.5796 3
      vertex 41.0783 21.5949 0
      vertex 41.1553 21.5796 0
    endloop
  endfacet
  facet normal 0.997886 0.0649964 0
    outer loop
      vertex 40.4051 20.9217 3
      vertex 40.4 21 0
      vertex 40.4 21 3
    endloop
  endfacet
  facet normal 0.997886 0.0649964 0
    outer loop
      vertex 40.4 21 0
      vertex 40.4051 20.9217 3
      vertex 40.4051 20.9217 0
    endloop
  endfacet
  facet normal 0.831658 -0.555288 0
    outer loop
      vertex 40.4804 21.3 3
      vertex 40.524 21.3653 0
      vertex 40.524 21.3653 3
    endloop
  endfacet
  facet normal 0.831658 -0.555288 0
    outer loop
      vertex 40.524 21.3653 0
      vertex 40.4804 21.3 3
      vertex 40.4804 21.3 0
    endloop
  endfacet
  facet normal 0.752103 -0.659046 0
    outer loop
      vertex 40.524 21.3653 3
      vertex 40.5757 21.4243 0
      vertex 40.5757 21.4243 3
    endloop
  endfacet
  facet normal 0.752103 -0.659046 0
    outer loop
      vertex 40.5757 21.4243 0
      vertex 40.524 21.3653 3
      vertex 40.524 21.3653 0
    endloop
  endfacet
  facet normal -0.44211 0.896961 0
    outer loop
      vertex 41.3 20.4804 0
      vertex 41.2296 20.4457 3
      vertex 41.3 20.4804 3
    endloop
  endfacet
  facet normal -0.44211 0.896961 0
    outer loop
      vertex 41.2296 20.4457 3
      vertex 41.3 20.4804 0
      vertex 41.2296 20.4457 0
    endloop
  endfacet
  facet normal -0.0649964 0.997886 0
    outer loop
      vertex 41.0783 20.4051 0
      vertex 41 20.4 3
      vertex 41.0783 20.4051 3
    endloop
  endfacet
  facet normal -0.0649964 0.997886 0
    outer loop
      vertex 41 20.4 3
      vertex 41.0783 20.4051 0
      vertex 41 20.4 0
    endloop
  endfacet
  facet normal 0.44211 0.896961 -0
    outer loop
      vertex 40.7704 20.4457 0
      vertex 40.7 20.4804 3
      vertex 40.7704 20.4457 3
    endloop
  endfacet
  facet normal 0.44211 0.896961 0
    outer loop
      vertex 40.7 20.4804 3
      vertex 40.7704 20.4457 0
      vertex 40.7 20.4804 0
    endloop
  endfacet
  facet normal 0.555288 0.831658 -0
    outer loop
      vertex 40.7 20.4804 0
      vertex 40.6347 20.524 3
      vertex 40.7 20.4804 3
    endloop
  endfacet
  facet normal 0.555288 0.831658 0
    outer loop
      vertex 40.6347 20.524 3
      vertex 40.7 20.4804 0
      vertex 40.6347 20.524 0
    endloop
  endfacet
  facet normal -0.980825 -0.194891 0
    outer loop
      vertex 41.5949 21.0783 0
      vertex 41.5796 21.1553 3
      vertex 41.5796 21.1553 0
    endloop
  endfacet
  facet normal -0.980825 -0.194891 0
    outer loop
      vertex 41.5796 21.1553 3
      vertex 41.5949 21.0783 0
      vertex 41.5949 21.0783 3
    endloop
  endfacet
  facet normal -0.831658 -0.555288 0
    outer loop
      vertex 41.5196 21.3 0
      vertex 41.476 21.3653 3
      vertex 41.476 21.3653 0
    endloop
  endfacet
  facet normal -0.831658 -0.555288 0
    outer loop
      vertex 41.476 21.3653 3
      vertex 41.5196 21.3 0
      vertex 41.5196 21.3 3
    endloop
  endfacet
  facet normal -0.752103 -0.659046 0
    outer loop
      vertex 41.476 21.3653 0
      vertex 41.4243 21.4243 3
      vertex 41.4243 21.4243 0
    endloop
  endfacet
  facet normal -0.752103 -0.659046 0
    outer loop
      vertex 41.4243 21.4243 3
      vertex 41.476 21.3653 0
      vertex 41.476 21.3653 3
    endloop
  endfacet
  facet normal 0.0649964 -0.997886 0
    outer loop
      vertex 40.9217 21.5949 0
      vertex 41 21.6 3
      vertex 40.9217 21.5949 3
    endloop
  endfacet
  facet normal 0.0649964 -0.997886 0
    outer loop
      vertex 41 21.6 3
      vertex 40.9217 21.5949 0
      vertex 41 21.6 0
    endloop
  endfacet
  facet normal -0.322337 -0.946625 0
    outer loop
      vertex 41.1553 21.5796 0
      vertex 41.2296 21.5543 3
      vertex 41.1553 21.5796 3
    endloop
  endfacet
  facet normal -0.322337 -0.946625 -0
    outer loop
      vertex 41.2296 21.5543 3
      vertex 41.1553 21.5796 0
      vertex 41.2296 21.5543 0
    endloop
  endfacet
  facet normal -0.0649964 -0.997886 0
    outer loop
      vertex 41 21.6 0
      vertex 41.0783 21.5949 3
      vertex 41 21.6 3
    endloop
  endfacet
  facet normal -0.0649964 -0.997886 -0
    outer loop
      vertex 41.0783 21.5949 3
      vertex 41 21.6 0
      vertex 41.0783 21.5949 0
    endloop
  endfacet
  facet normal 0.896961 -0.44211 0
    outer loop
      vertex 40.4457 21.2296 3
      vertex 40.4804 21.3 0
      vertex 40.4804 21.3 3
    endloop
  endfacet
  facet normal 0.896961 -0.44211 0
    outer loop
      vertex 40.4804 21.3 0
      vertex 40.4457 21.2296 3
      vertex 40.4457 21.2296 0
    endloop
  endfacet
  facet normal 0.194891 -0.980825 0
    outer loop
      vertex 40.8447 21.5796 0
      vertex 40.9217 21.5949 3
      vertex 40.8447 21.5796 3
    endloop
  endfacet
  facet normal 0.194891 -0.980825 0
    outer loop
      vertex 40.9217 21.5949 3
      vertex 40.8447 21.5796 0
      vertex 40.9217 21.5949 0
    endloop
  endfacet
  facet normal 0.322337 -0.946625 0
    outer loop
      vertex 40.7704 21.5543 0
      vertex 40.8447 21.5796 3
      vertex 40.7704 21.5543 3
    endloop
  endfacet
  facet normal 0.322337 -0.946625 0
    outer loop
      vertex 40.8447 21.5796 3
      vertex 40.7704 21.5543 0
      vertex 40.8447 21.5796 0
    endloop
  endfacet
  facet normal 0.555288 -0.831658 0
    outer loop
      vertex 40.6347 21.476 0
      vertex 40.7 21.5196 3
      vertex 40.6347 21.476 3
    endloop
  endfacet
  facet normal 0.555288 -0.831658 0
    outer loop
      vertex 40.7 21.5196 3
      vertex 40.6347 21.476 0
      vertex 40.7 21.5196 0
    endloop
  endfacet
  facet normal 0.659046 -0.752103 0
    outer loop
      vertex 40.5757 21.4243 0
      vertex 40.6347 21.476 3
      vertex 40.5757 21.4243 3
    endloop
  endfacet
  facet normal 0.659046 -0.752103 0
    outer loop
      vertex 40.6347 21.476 3
      vertex 40.5757 21.4243 0
      vertex 40.6347 21.476 0
    endloop
  endfacet
  facet normal -0.997886 -0.0649964 0
    outer loop
      vertex 41.6 21 0
      vertex 41.5949 21.0783 3
      vertex 41.5949 21.0783 0
    endloop
  endfacet
  facet normal -0.997886 -0.0649964 0
    outer loop
      vertex 41.5949 21.0783 3
      vertex 41.6 21 0
      vertex 41.6 21 3
    endloop
  endfacet
  facet normal -0.194891 0.980825 0
    outer loop
      vertex 41.1553 20.4204 0
      vertex 41.0783 20.4051 3
      vertex 41.1553 20.4204 3
    endloop
  endfacet
  facet normal -0.194891 0.980825 0
    outer loop
      vertex 41.0783 20.4051 3
      vertex 41.1553 20.4204 0
      vertex 41.0783 20.4051 0
    endloop
  endfacet
  facet normal -0.831658 0.555288 0
    outer loop
      vertex 41.476 20.6347 0
      vertex 41.5196 20.7 3
      vertex 41.5196 20.7 0
    endloop
  endfacet
  facet normal -0.831658 0.555288 0
    outer loop
      vertex 41.5196 20.7 3
      vertex 41.476 20.6347 0
      vertex 41.476 20.6347 3
    endloop
  endfacet
  facet normal -0.322337 0.946625 0
    outer loop
      vertex 41.2296 20.4457 0
      vertex 41.1553 20.4204 3
      vertex 41.2296 20.4457 3
    endloop
  endfacet
  facet normal -0.322337 0.946625 0
    outer loop
      vertex 41.1553 20.4204 3
      vertex 41.2296 20.4457 0
      vertex 41.1553 20.4204 0
    endloop
  endfacet
  facet normal -0.555288 0.831658 0
    outer loop
      vertex 41.3653 20.524 0
      vertex 41.3 20.4804 3
      vertex 41.3653 20.524 3
    endloop
  endfacet
  facet normal -0.555288 0.831658 0
    outer loop
      vertex 41.3 20.4804 3
      vertex 41.3653 20.524 0
      vertex 41.3 20.4804 0
    endloop
  endfacet
  facet normal -0.659046 0.752103 0
    outer loop
      vertex 41.4243 20.5757 0
      vertex 41.3653 20.524 3
      vertex 41.4243 20.5757 3
    endloop
  endfacet
  facet normal -0.659046 0.752103 0
    outer loop
      vertex 41.3653 20.524 3
      vertex 41.4243 20.5757 0
      vertex 41.3653 20.524 0
    endloop
  endfacet
  facet normal 0.0649964 0.997886 -0
    outer loop
      vertex 41 20.4 0
      vertex 40.9217 20.4051 3
      vertex 41 20.4 3
    endloop
  endfacet
  facet normal 0.0649964 0.997886 0
    outer loop
      vertex 40.9217 20.4051 3
      vertex 41 20.4 0
      vertex 40.9217 20.4051 0
    endloop
  endfacet
  facet normal 0.322337 0.946625 -0
    outer loop
      vertex 40.8447 20.4204 0
      vertex 40.7704 20.4457 3
      vertex 40.8447 20.4204 3
    endloop
  endfacet
  facet normal 0.322337 0.946625 0
    outer loop
      vertex 40.7704 20.4457 3
      vertex 40.8447 20.4204 0
      vertex 40.7704 20.4457 0
    endloop
  endfacet
  facet normal 0.896961 0.44211 0
    outer loop
      vertex 40.4804 20.7 3
      vertex 40.4457 20.7704 0
      vertex 40.4457 20.7704 3
    endloop
  endfacet
  facet normal 0.896961 0.44211 0
    outer loop
      vertex 40.4457 20.7704 0
      vertex 40.4804 20.7 3
      vertex 40.4804 20.7 0
    endloop
  endfacet
  facet normal 0.980825 0.194891 0
    outer loop
      vertex 40.4204 20.8447 3
      vertex 40.4051 20.9217 0
      vertex 40.4051 20.9217 3
    endloop
  endfacet
  facet normal 0.980825 0.194891 0
    outer loop
      vertex 40.4051 20.9217 0
      vertex 40.4204 20.8447 3
      vertex 40.4204 20.8447 0
    endloop
  endfacet
  facet normal 0.659046 0.752103 -0
    outer loop
      vertex 40.6347 20.524 0
      vertex 40.5757 20.5757 3
      vertex 40.6347 20.524 3
    endloop
  endfacet
  facet normal 0.659046 0.752103 0
    outer loop
      vertex 40.5757 20.5757 3
      vertex 40.6347 20.524 0
      vertex 40.5757 20.5757 0
    endloop
  endfacet
  facet normal 0.997886 -0.0649964 0
    outer loop
      vertex 40.4 21 3
      vertex 40.4051 21.0783 0
      vertex 40.4051 21.0783 3
    endloop
  endfacet
  facet normal 0.997886 -0.0649964 0
    outer loop
      vertex 40.4051 21.0783 0
      vertex 40.4 21 3
      vertex 40.4 21 0
    endloop
  endfacet
  facet normal -0.997886 0.0649964 0
    outer loop
      vertex 41.5949 20.9217 0
      vertex 41.6 21 3
      vertex 41.6 21 0
    endloop
  endfacet
  facet normal -0.997886 0.0649964 0
    outer loop
      vertex 41.6 21 3
      vertex 41.5949 20.9217 0
      vertex 41.5949 20.9217 3
    endloop
  endfacet
  facet normal 0.946625 0.322337 0
    outer loop
      vertex 40.4457 20.7704 3
      vertex 40.4204 20.8447 0
      vertex 40.4204 20.8447 3
    endloop
  endfacet
  facet normal 0.946625 0.322337 0
    outer loop
      vertex 40.4204 20.8447 0
      vertex 40.4457 20.7704 3
      vertex 40.4457 20.7704 0
    endloop
  endfacet
  facet normal 0.752103 0.659046 0
    outer loop
      vertex 40.5757 20.5757 3
      vertex 40.524 20.6347 0
      vertex 40.524 20.6347 3
    endloop
  endfacet
  facet normal 0.752103 0.659046 0
    outer loop
      vertex 40.524 20.6347 0
      vertex 40.5757 20.5757 3
      vertex 40.5757 20.5757 0
    endloop
  endfacet
  facet normal -0.946625 0.322337 0
    outer loop
      vertex 41.5543 20.7704 0
      vertex 41.5796 20.8447 3
      vertex 41.5796 20.8447 0
    endloop
  endfacet
  facet normal -0.946625 0.322337 0
    outer loop
      vertex 41.5796 20.8447 3
      vertex 41.5543 20.7704 0
      vertex 41.5543 20.7704 3
    endloop
  endfacet
  facet normal -0.896961 0.44211 0
    outer loop
      vertex 41.5196 20.7 0
      vertex 41.5543 20.7704 3
      vertex 41.5543 20.7704 0
    endloop
  endfacet
  facet normal -0.896961 0.44211 0
    outer loop
      vertex 41.5543 20.7704 3
      vertex 41.5196 20.7 0
      vertex 41.5196 20.7 3
    endloop
  endfacet
  facet normal -0.946625 -0.322337 0
    outer loop
      vertex 41.5796 27.1553 0
      vertex 41.5543 27.2296 3
      vertex 41.5543 27.2296 0
    endloop
  endfacet
  facet normal -0.946625 -0.322337 0
    outer loop
      vertex 41.5543 27.2296 3
      vertex 41.5796 27.1553 0
      vertex 41.5796 27.1553 3
    endloop
  endfacet
  facet normal -0.997886 -0.0649964 0
    outer loop
      vertex 41.6 27 0
      vertex 41.5949 27.0783 3
      vertex 41.5949 27.0783 0
    endloop
  endfacet
  facet normal -0.997886 -0.0649964 0
    outer loop
      vertex 41.5949 27.0783 3
      vertex 41.6 27 0
      vertex 41.6 27 3
    endloop
  endfacet
  facet normal 0.0649964 -0.997886 0
    outer loop
      vertex 40.9217 27.5949 0
      vertex 41 27.6 3
      vertex 40.9217 27.5949 3
    endloop
  endfacet
  facet normal 0.0649964 -0.997886 0
    outer loop
      vertex 41 27.6 3
      vertex 40.9217 27.5949 0
      vertex 41 27.6 0
    endloop
  endfacet
  facet normal -0.659046 -0.752103 0
    outer loop
      vertex 41.3653 27.476 0
      vertex 41.4243 27.4243 3
      vertex 41.3653 27.476 3
    endloop
  endfacet
  facet normal -0.659046 -0.752103 -0
    outer loop
      vertex 41.4243 27.4243 3
      vertex 41.3653 27.476 0
      vertex 41.4243 27.4243 0
    endloop
  endfacet
  facet normal 0.752103 -0.659046 0
    outer loop
      vertex 40.524 27.3653 3
      vertex 40.5757 27.4243 0
      vertex 40.5757 27.4243 3
    endloop
  endfacet
  facet normal 0.752103 -0.659046 0
    outer loop
      vertex 40.5757 27.4243 0
      vertex 40.524 27.3653 3
      vertex 40.524 27.3653 0
    endloop
  endfacet
  facet normal 0.44211 -0.896961 0
    outer loop
      vertex 40.7 27.5196 0
      vertex 40.7704 27.5543 3
      vertex 40.7 27.5196 3
    endloop
  endfacet
  facet normal 0.44211 -0.896961 0
    outer loop
      vertex 40.7704 27.5543 3
      vertex 40.7 27.5196 0
      vertex 40.7704 27.5543 0
    endloop
  endfacet
  facet normal 0.659046 0.752103 -0
    outer loop
      vertex 40.6347 26.524 0
      vertex 40.5757 26.5757 3
      vertex 40.6347 26.524 3
    endloop
  endfacet
  facet normal 0.659046 0.752103 0
    outer loop
      vertex 40.5757 26.5757 3
      vertex 40.6347 26.524 0
      vertex 40.5757 26.5757 0
    endloop
  endfacet
  facet normal -0.896961 -0.44211 0
    outer loop
      vertex 41.5543 27.2296 0
      vertex 41.5196 27.3 3
      vertex 41.5196 27.3 0
    endloop
  endfacet
  facet normal -0.896961 -0.44211 0
    outer loop
      vertex 41.5196 27.3 3
      vertex 41.5543 27.2296 0
      vertex 41.5543 27.2296 3
    endloop
  endfacet
  facet normal -0.322337 -0.946625 0
    outer loop
      vertex 41.1553 27.5796 0
      vertex 41.2296 27.5543 3
      vertex 41.1553 27.5796 3
    endloop
  endfacet
  facet normal -0.322337 -0.946625 -0
    outer loop
      vertex 41.2296 27.5543 3
      vertex 41.1553 27.5796 0
      vertex 41.2296 27.5543 0
    endloop
  endfacet
  facet normal -0.194891 -0.980825 0
    outer loop
      vertex 41.0783 27.5949 0
      vertex 41.1553 27.5796 3
      vertex 41.0783 27.5949 3
    endloop
  endfacet
  facet normal -0.194891 -0.980825 -0
    outer loop
      vertex 41.1553 27.5796 3
      vertex 41.0783 27.5949 0
      vertex 41.1553 27.5796 0
    endloop
  endfacet
  facet normal -0.555288 -0.831658 0
    outer loop
      vertex 41.3 27.5196 0
      vertex 41.3653 27.476 3
      vertex 41.3 27.5196 3
    endloop
  endfacet
  facet normal -0.555288 -0.831658 -0
    outer loop
      vertex 41.3653 27.476 3
      vertex 41.3 27.5196 0
      vertex 41.3653 27.476 0
    endloop
  endfacet
  facet normal 0.896961 -0.44211 0
    outer loop
      vertex 40.4457 27.2296 3
      vertex 40.4804 27.3 0
      vertex 40.4804 27.3 3
    endloop
  endfacet
  facet normal 0.896961 -0.44211 0
    outer loop
      vertex 40.4804 27.3 0
      vertex 40.4457 27.2296 3
      vertex 40.4457 27.2296 0
    endloop
  endfacet
  facet normal 0.831658 -0.555288 0
    outer loop
      vertex 40.4804 27.3 3
      vertex 40.524 27.3653 0
      vertex 40.524 27.3653 3
    endloop
  endfacet
  facet normal 0.831658 -0.555288 0
    outer loop
      vertex 40.524 27.3653 0
      vertex 40.4804 27.3 3
      vertex 40.4804 27.3 0
    endloop
  endfacet
  facet normal 0.980825 -0.194891 0
    outer loop
      vertex 40.4051 27.0783 3
      vertex 40.4204 27.1553 0
      vertex 40.4204 27.1553 3
    endloop
  endfacet
  facet normal 0.980825 -0.194891 0
    outer loop
      vertex 40.4204 27.1553 0
      vertex 40.4051 27.0783 3
      vertex 40.4051 27.0783 0
    endloop
  endfacet
  facet normal 0.997886 0.0649964 0
    outer loop
      vertex 40.4051 26.9217 3
      vertex 40.4 27 0
      vertex 40.4 27 3
    endloop
  endfacet
  facet normal 0.997886 0.0649964 0
    outer loop
      vertex 40.4 27 0
      vertex 40.4051 26.9217 3
      vertex 40.4051 26.9217 0
    endloop
  endfacet
  facet normal 0.659046 -0.752103 0
    outer loop
      vertex 40.5757 27.4243 0
      vertex 40.6347 27.476 3
      vertex 40.5757 27.4243 3
    endloop
  endfacet
  facet normal 0.659046 -0.752103 0
    outer loop
      vertex 40.6347 27.476 3
      vertex 40.5757 27.4243 0
      vertex 40.6347 27.476 0
    endloop
  endfacet
  facet normal 0.194891 -0.980825 0
    outer loop
      vertex 40.8447 27.5796 0
      vertex 40.9217 27.5949 3
      vertex 40.8447 27.5796 3
    endloop
  endfacet
  facet normal 0.194891 -0.980825 0
    outer loop
      vertex 40.9217 27.5949 3
      vertex 40.8447 27.5796 0
      vertex 40.9217 27.5949 0
    endloop
  endfacet
  facet normal -0.896961 0.44211 0
    outer loop
      vertex 41.5196 26.7 0
      vertex 41.5543 26.7704 3
      vertex 41.5543 26.7704 0
    endloop
  endfacet
  facet normal -0.896961 0.44211 0
    outer loop
      vertex 41.5543 26.7704 3
      vertex 41.5196 26.7 0
      vertex 41.5196 26.7 3
    endloop
  endfacet
  facet normal -0.831658 0.555288 0
    outer loop
      vertex 41.476 26.6347 0
      vertex 41.5196 26.7 3
      vertex 41.5196 26.7 0
    endloop
  endfacet
  facet normal -0.831658 0.555288 0
    outer loop
      vertex 41.5196 26.7 3
      vertex 41.476 26.6347 0
      vertex 41.476 26.6347 3
    endloop
  endfacet
  facet normal -0.980825 0.194891 0
    outer loop
      vertex 41.5796 26.8447 0
      vertex 41.5949 26.9217 3
      vertex 41.5949 26.9217 0
    endloop
  endfacet
  facet normal -0.980825 0.194891 0
    outer loop
      vertex 41.5949 26.9217 3
      vertex 41.5796 26.8447 0
      vertex 41.5796 26.8447 3
    endloop
  endfacet
  facet normal 0.194891 0.980825 -0
    outer loop
      vertex 40.9217 26.4051 0
      vertex 40.8447 26.4204 3
      vertex 40.9217 26.4051 3
    endloop
  endfacet
  facet normal 0.194891 0.980825 0
    outer loop
      vertex 40.8447 26.4204 3
      vertex 40.9217 26.4051 0
      vertex 40.8447 26.4204 0
    endloop
  endfacet
  facet normal 0.555288 0.831658 -0
    outer loop
      vertex 40.7 26.4804 0
      vertex 40.6347 26.524 3
      vertex 40.7 26.4804 3
    endloop
  endfacet
  facet normal 0.555288 0.831658 0
    outer loop
      vertex 40.6347 26.524 3
      vertex 40.7 26.4804 0
      vertex 40.6347 26.524 0
    endloop
  endfacet
  facet normal 0.44211 0.896961 -0
    outer loop
      vertex 40.7704 26.4457 0
      vertex 40.7 26.4804 3
      vertex 40.7704 26.4457 3
    endloop
  endfacet
  facet normal 0.44211 0.896961 0
    outer loop
      vertex 40.7 26.4804 3
      vertex 40.7704 26.4457 0
      vertex 40.7 26.4804 0
    endloop
  endfacet
  facet normal 0.946625 0.322337 0
    outer loop
      vertex 40.4457 26.7704 3
      vertex 40.4204 26.8447 0
      vertex 40.4204 26.8447 3
    endloop
  endfacet
  facet normal 0.946625 0.322337 0
    outer loop
      vertex 40.4204 26.8447 0
      vertex 40.4457 26.7704 3
      vertex 40.4457 26.7704 0
    endloop
  endfacet
  facet normal -0.980825 -0.194891 0
    outer loop
      vertex 41.5949 27.0783 0
      vertex 41.5796 27.1553 3
      vertex 41.5796 27.1553 0
    endloop
  endfacet
  facet normal -0.980825 -0.194891 0
    outer loop
      vertex 41.5796 27.1553 3
      vertex 41.5949 27.0783 0
      vertex 41.5949 27.0783 3
    endloop
  endfacet
  facet normal -0.831658 -0.555288 0
    outer loop
      vertex 41.5196 27.3 0
      vertex 41.476 27.3653 3
      vertex 41.476 27.3653 0
    endloop
  endfacet
  facet normal -0.831658 -0.555288 0
    outer loop
      vertex 41.476 27.3653 3
      vertex 41.5196 27.3 0
      vertex 41.5196 27.3 3
    endloop
  endfacet
  facet normal -0.752103 -0.659046 0
    outer loop
      vertex 41.476 27.3653 0
      vertex 41.4243 27.4243 3
      vertex 41.4243 27.4243 0
    endloop
  endfacet
  facet normal -0.752103 -0.659046 0
    outer loop
      vertex 41.4243 27.4243 3
      vertex 41.476 27.3653 0
      vertex 41.476 27.3653 3
    endloop
  endfacet
  facet normal 0.946625 -0.322337 0
    outer loop
      vertex 40.4204 27.1553 3
      vertex 40.4457 27.2296 0
      vertex 40.4457 27.2296 3
    endloop
  endfacet
  facet normal 0.946625 -0.322337 0
    outer loop
      vertex 40.4457 27.2296 0
      vertex 40.4204 27.1553 3
      vertex 40.4204 27.1553 0
    endloop
  endfacet
  facet normal 0.322337 -0.946625 0
    outer loop
      vertex 40.7704 27.5543 0
      vertex 40.8447 27.5796 3
      vertex 40.7704 27.5543 3
    endloop
  endfacet
  facet normal 0.322337 -0.946625 0
    outer loop
      vertex 40.8447 27.5796 3
      vertex 40.7704 27.5543 0
      vertex 40.8447 27.5796 0
    endloop
  endfacet
  facet normal -0.44211 0.896961 0
    outer loop
      vertex 41.3 26.4804 0
      vertex 41.2296 26.4457 3
      vertex 41.3 26.4804 3
    endloop
  endfacet
  facet normal -0.44211 0.896961 0
    outer loop
      vertex 41.2296 26.4457 3
      vertex 41.3 26.4804 0
      vertex 41.2296 26.4457 0
    endloop
  endfacet
  facet normal -0.194891 0.980825 0
    outer loop
      vertex 41.1553 26.4204 0
      vertex 41.0783 26.4051 3
      vertex 41.1553 26.4204 3
    endloop
  endfacet
  facet normal -0.194891 0.980825 0
    outer loop
      vertex 41.0783 26.4051 3
      vertex 41.1553 26.4204 0
      vertex 41.0783 26.4051 0
    endloop
  endfacet
  facet normal -0.322337 0.946625 0
    outer loop
      vertex 41.2296 26.4457 0
      vertex 41.1553 26.4204 3
      vertex 41.2296 26.4457 3
    endloop
  endfacet
  facet normal -0.322337 0.946625 0
    outer loop
      vertex 41.1553 26.4204 3
      vertex 41.2296 26.4457 0
      vertex 41.1553 26.4204 0
    endloop
  endfacet
  facet normal -0.555288 0.831658 0
    outer loop
      vertex 41.3653 26.524 0
      vertex 41.3 26.4804 3
      vertex 41.3653 26.524 3
    endloop
  endfacet
  facet normal -0.555288 0.831658 0
    outer loop
      vertex 41.3 26.4804 3
      vertex 41.3653 26.524 0
      vertex 41.3 26.4804 0
    endloop
  endfacet
  facet normal -0.752103 0.659046 0
    outer loop
      vertex 41.4243 26.5757 0
      vertex 41.476 26.6347 3
      vertex 41.476 26.6347 0
    endloop
  endfacet
  facet normal -0.752103 0.659046 0
    outer loop
      vertex 41.476 26.6347 3
      vertex 41.4243 26.5757 0
      vertex 41.4243 26.5757 3
    endloop
  endfacet
  facet normal -0.997886 0.0649964 0
    outer loop
      vertex 41.5949 26.9217 0
      vertex 41.6 27 3
      vertex 41.6 27 0
    endloop
  endfacet
  facet normal -0.997886 0.0649964 0
    outer loop
      vertex 41.6 27 3
      vertex 41.5949 26.9217 0
      vertex 41.5949 26.9217 3
    endloop
  endfacet
  facet normal 0.0649964 0.997886 -0
    outer loop
      vertex 41 26.4 0
      vertex 40.9217 26.4051 3
      vertex 41 26.4 3
    endloop
  endfacet
  facet normal 0.0649964 0.997886 0
    outer loop
      vertex 40.9217 26.4051 3
      vertex 41 26.4 0
      vertex 40.9217 26.4051 0
    endloop
  endfacet
  facet normal 0.322337 0.946625 -0
    outer loop
      vertex 40.8447 26.4204 0
      vertex 40.7704 26.4457 3
      vertex 40.8447 26.4204 3
    endloop
  endfacet
  facet normal 0.322337 0.946625 0
    outer loop
      vertex 40.7704 26.4457 3
      vertex 40.8447 26.4204 0
      vertex 40.7704 26.4457 0
    endloop
  endfacet
  facet normal -0.0649964 0.997886 0
    outer loop
      vertex 41.0783 26.4051 0
      vertex 41 26.4 3
      vertex 41.0783 26.4051 3
    endloop
  endfacet
  facet normal -0.0649964 0.997886 0
    outer loop
      vertex 41 26.4 3
      vertex 41.0783 26.4051 0
      vertex 41 26.4 0
    endloop
  endfacet
  facet normal 0.831658 0.555288 0
    outer loop
      vertex 40.524 26.6347 3
      vertex 40.4804 26.7 0
      vertex 40.4804 26.7 3
    endloop
  endfacet
  facet normal 0.831658 0.555288 0
    outer loop
      vertex 40.4804 26.7 0
      vertex 40.524 26.6347 3
      vertex 40.524 26.6347 0
    endloop
  endfacet
  facet normal 0.896961 0.44211 0
    outer loop
      vertex 40.4804 26.7 3
      vertex 40.4457 26.7704 0
      vertex 40.4457 26.7704 3
    endloop
  endfacet
  facet normal 0.896961 0.44211 0
    outer loop
      vertex 40.4457 26.7704 0
      vertex 40.4804 26.7 3
      vertex 40.4804 26.7 0
    endloop
  endfacet
  facet normal 0.980825 0.194891 0
    outer loop
      vertex 40.4204 26.8447 3
      vertex 40.4051 26.9217 0
      vertex 40.4051 26.9217 3
    endloop
  endfacet
  facet normal 0.980825 0.194891 0
    outer loop
      vertex 40.4051 26.9217 0
      vertex 40.4204 26.8447 3
      vertex 40.4204 26.8447 0
    endloop
  endfacet
  facet normal -0.0649964 -0.997886 0
    outer loop
      vertex 41 27.6 0
      vertex 41.0783 27.5949 3
      vertex 41 27.6 3
    endloop
  endfacet
  facet normal -0.0649964 -0.997886 -0
    outer loop
      vertex 41.0783 27.5949 3
      vertex 41 27.6 0
      vertex 41.0783 27.5949 0
    endloop
  endfacet
  facet normal -0.44211 -0.896961 0
    outer loop
      vertex 41.2296 27.5543 0
      vertex 41.3 27.5196 3
      vertex 41.2296 27.5543 3
    endloop
  endfacet
  facet normal -0.44211 -0.896961 -0
    outer loop
      vertex 41.3 27.5196 3
      vertex 41.2296 27.5543 0
      vertex 41.3 27.5196 0
    endloop
  endfacet
  facet normal 0.997886 -0.0649964 0
    outer loop
      vertex 40.4 27 3
      vertex 40.4051 27.0783 0
      vertex 40.4051 27.0783 3
    endloop
  endfacet
  facet normal 0.997886 -0.0649964 0
    outer loop
      vertex 40.4051 27.0783 0
      vertex 40.4 27 3
      vertex 40.4 27 0
    endloop
  endfacet
  facet normal 0.555288 -0.831658 0
    outer loop
      vertex 40.6347 27.476 0
      vertex 40.7 27.5196 3
      vertex 40.6347 27.476 3
    endloop
  endfacet
  facet normal 0.555288 -0.831658 0
    outer loop
      vertex 40.7 27.5196 3
      vertex 40.6347 27.476 0
      vertex 40.7 27.5196 0
    endloop
  endfacet
  facet normal -0.659046 0.752103 0
    outer loop
      vertex 41.4243 26.5757 0
      vertex 41.3653 26.524 3
      vertex 41.4243 26.5757 3
    endloop
  endfacet
  facet normal -0.659046 0.752103 0
    outer loop
      vertex 41.3653 26.524 3
      vertex 41.4243 26.5757 0
      vertex 41.3653 26.524 0
    endloop
  endfacet
  facet normal -0.946625 0.322337 0
    outer loop
      vertex 41.5543 26.7704 0
      vertex 41.5796 26.8447 3
      vertex 41.5796 26.8447 0
    endloop
  endfacet
  facet normal -0.946625 0.322337 0
    outer loop
      vertex 41.5796 26.8447 3
      vertex 41.5543 26.7704 0
      vertex 41.5543 26.7704 3
    endloop
  endfacet
  facet normal 0.752103 0.659046 0
    outer loop
      vertex 40.5757 26.5757 3
      vertex 40.524 26.6347 0
      vertex 40.524 26.6347 3
    endloop
  endfacet
  facet normal 0.752103 0.659046 0
    outer loop
      vertex 40.524 26.6347 0
      vertex 40.5757 26.5757 3
      vertex 40.5757 26.5757 0
    endloop
  endfacet
  facet normal -0.946625 -0.322337 0
    outer loop
      vertex 41.5796 33.1553 0
      vertex 41.5543 33.2296 3
      vertex 41.5543 33.2296 0
    endloop
  endfacet
  facet normal -0.946625 -0.322337 0
    outer loop
      vertex 41.5543 33.2296 3
      vertex 41.5796 33.1553 0
      vertex 41.5796 33.1553 3
    endloop
  endfacet
  facet normal -0.997886 -0.0649964 0
    outer loop
      vertex 41.6 33 0
      vertex 41.5949 33.0783 3
      vertex 41.5949 33.0783 0
    endloop
  endfacet
  facet normal -0.997886 -0.0649964 0
    outer loop
      vertex 41.5949 33.0783 3
      vertex 41.6 33 0
      vertex 41.6 33 3
    endloop
  endfacet
  facet normal 0.0649964 -0.997886 0
    outer loop
      vertex 40.9217 33.5949 0
      vertex 41 33.6 3
      vertex 40.9217 33.5949 3
    endloop
  endfacet
  facet normal 0.0649964 -0.997886 0
    outer loop
      vertex 41 33.6 3
      vertex 40.9217 33.5949 0
      vertex 41 33.6 0
    endloop
  endfacet
  facet normal -0.659046 -0.752103 0
    outer loop
      vertex 41.3653 33.476 0
      vertex 41.4243 33.4243 3
      vertex 41.3653 33.476 3
    endloop
  endfacet
  facet normal -0.659046 -0.752103 -0
    outer loop
      vertex 41.4243 33.4243 3
      vertex 41.3653 33.476 0
      vertex 41.4243 33.4243 0
    endloop
  endfacet
  facet normal 0.752103 -0.659046 0
    outer loop
      vertex 40.524 33.3653 3
      vertex 40.5757 33.4243 0
      vertex 40.5757 33.4243 3
    endloop
  endfacet
  facet normal 0.752103 -0.659046 0
    outer loop
      vertex 40.5757 33.4243 0
      vertex 40.524 33.3653 3
      vertex 40.524 33.3653 0
    endloop
  endfacet
  facet normal 0.44211 -0.896961 0
    outer loop
      vertex 40.7 33.5196 0
      vertex 40.7704 33.5543 3
      vertex 40.7 33.5196 3
    endloop
  endfacet
  facet normal 0.44211 -0.896961 0
    outer loop
      vertex 40.7704 33.5543 3
      vertex 40.7 33.5196 0
      vertex 40.7704 33.5543 0
    endloop
  endfacet
  facet normal 0.659046 0.752103 -0
    outer loop
      vertex 40.6347 32.524 0
      vertex 40.5757 32.5757 3
      vertex 40.6347 32.524 3
    endloop
  endfacet
  facet normal 0.659046 0.752103 0
    outer loop
      vertex 40.5757 32.5757 3
      vertex 40.6347 32.524 0
      vertex 40.5757 32.5757 0
    endloop
  endfacet
  facet normal -0.896961 -0.44211 0
    outer loop
      vertex 41.5543 33.2296 0
      vertex 41.5196 33.3 3
      vertex 41.5196 33.3 0
    endloop
  endfacet
  facet normal -0.896961 -0.44211 0
    outer loop
      vertex 41.5196 33.3 3
      vertex 41.5543 33.2296 0
      vertex 41.5543 33.2296 3
    endloop
  endfacet
  facet normal -0.322337 -0.946625 0
    outer loop
      vertex 41.1553 33.5796 0
      vertex 41.2296 33.5543 3
      vertex 41.1553 33.5796 3
    endloop
  endfacet
  facet normal -0.322337 -0.946625 -0
    outer loop
      vertex 41.2296 33.5543 3
      vertex 41.1553 33.5796 0
      vertex 41.2296 33.5543 0
    endloop
  endfacet
  facet normal -0.194891 -0.980825 0
    outer loop
      vertex 41.0783 33.5949 0
      vertex 41.1553 33.5796 3
      vertex 41.0783 33.5949 3
    endloop
  endfacet
  facet normal -0.194891 -0.980825 -0
    outer loop
      vertex 41.1553 33.5796 3
      vertex 41.0783 33.5949 0
      vertex 41.1553 33.5796 0
    endloop
  endfacet
  facet normal -0.555288 -0.831658 0
    outer loop
      vertex 41.3 33.5196 0
      vertex 41.3653 33.476 3
      vertex 41.3 33.5196 3
    endloop
  endfacet
  facet normal -0.555288 -0.831658 -0
    outer loop
      vertex 41.3653 33.476 3
      vertex 41.3 33.5196 0
      vertex 41.3653 33.476 0
    endloop
  endfacet
  facet normal 0.896961 -0.44211 0
    outer loop
      vertex 40.4457 33.2296 3
      vertex 40.4804 33.3 0
      vertex 40.4804 33.3 3
    endloop
  endfacet
  facet normal 0.896961 -0.44211 0
    outer loop
      vertex 40.4804 33.3 0
      vertex 40.4457 33.2296 3
      vertex 40.4457 33.2296 0
    endloop
  endfacet
  facet normal 0.831658 -0.555288 0
    outer loop
      vertex 40.4804 33.3 3
      vertex 40.524 33.3653 0
      vertex 40.524 33.3653 3
    endloop
  endfacet
  facet normal 0.831658 -0.555288 0
    outer loop
      vertex 40.524 33.3653 0
      vertex 40.4804 33.3 3
      vertex 40.4804 33.3 0
    endloop
  endfacet
  facet normal 0.980825 -0.194891 0
    outer loop
      vertex 40.4051 33.0783 3
      vertex 40.4204 33.1553 0
      vertex 40.4204 33.1553 3
    endloop
  endfacet
  facet normal 0.980825 -0.194891 0
    outer loop
      vertex 40.4204 33.1553 0
      vertex 40.4051 33.0783 3
      vertex 40.4051 33.0783 0
    endloop
  endfacet
  facet normal 0.997886 0.0649964 0
    outer loop
      vertex 40.4051 32.9217 3
      vertex 40.4 33 0
      vertex 40.4 33 3
    endloop
  endfacet
  facet normal 0.997886 0.0649964 0
    outer loop
      vertex 40.4 33 0
      vertex 40.4051 32.9217 3
      vertex 40.4051 32.9217 0
    endloop
  endfacet
  facet normal 0.659046 -0.752103 0
    outer loop
      vertex 40.5757 33.4243 0
      vertex 40.6347 33.476 3
      vertex 40.5757 33.4243 3
    endloop
  endfacet
  facet normal 0.659046 -0.752103 0
    outer loop
      vertex 40.6347 33.476 3
      vertex 40.5757 33.4243 0
      vertex 40.6347 33.476 0
    endloop
  endfacet
  facet normal 0.194891 -0.980825 0
    outer loop
      vertex 40.8447 33.5796 0
      vertex 40.9217 33.5949 3
      vertex 40.8447 33.5796 3
    endloop
  endfacet
  facet normal 0.194891 -0.980825 0
    outer loop
      vertex 40.9217 33.5949 3
      vertex 40.8447 33.5796 0
      vertex 40.9217 33.5949 0
    endloop
  endfacet
  facet normal -0.896961 0.44211 0
    outer loop
      vertex 41.5196 32.7 0
      vertex 41.5543 32.7704 3
      vertex 41.5543 32.7704 0
    endloop
  endfacet
  facet normal -0.896961 0.44211 0
    outer loop
      vertex 41.5543 32.7704 3
      vertex 41.5196 32.7 0
      vertex 41.5196 32.7 3
    endloop
  endfacet
  facet normal -0.831658 0.555288 0
    outer loop
      vertex 41.476 32.6347 0
      vertex 41.5196 32.7 3
      vertex 41.5196 32.7 0
    endloop
  endfacet
  facet normal -0.831658 0.555288 0
    outer loop
      vertex 41.5196 32.7 3
      vertex 41.476 32.6347 0
      vertex 41.476 32.6347 3
    endloop
  endfacet
  facet normal -0.980825 0.194891 0
    outer loop
      vertex 41.5796 32.8447 0
      vertex 41.5949 32.9217 3
      vertex 41.5949 32.9217 0
    endloop
  endfacet
  facet normal -0.980825 0.194891 0
    outer loop
      vertex 41.5949 32.9217 3
      vertex 41.5796 32.8447 0
      vertex 41.5796 32.8447 3
    endloop
  endfacet
  facet normal 0.194891 0.980825 -0
    outer loop
      vertex 40.9217 32.4051 0
      vertex 40.8447 32.4204 3
      vertex 40.9217 32.4051 3
    endloop
  endfacet
  facet normal 0.194891 0.980825 0
    outer loop
      vertex 40.8447 32.4204 3
      vertex 40.9217 32.4051 0
      vertex 40.8447 32.4204 0
    endloop
  endfacet
  facet normal 0.555288 0.831658 -0
    outer loop
      vertex 40.7 32.4804 0
      vertex 40.6347 32.524 3
      vertex 40.7 32.4804 3
    endloop
  endfacet
  facet normal 0.555288 0.831658 0
    outer loop
      vertex 40.6347 32.524 3
      vertex 40.7 32.4804 0
      vertex 40.6347 32.524 0
    endloop
  endfacet
  facet normal 0.44211 0.896961 -0
    outer loop
      vertex 40.7704 32.4457 0
      vertex 40.7 32.4804 3
      vertex 40.7704 32.4457 3
    endloop
  endfacet
  facet normal 0.44211 0.896961 0
    outer loop
      vertex 40.7 32.4804 3
      vertex 40.7704 32.4457 0
      vertex 40.7 32.4804 0
    endloop
  endfacet
  facet normal 0.946625 0.322337 0
    outer loop
      vertex 40.4457 32.7704 3
      vertex 40.4204 32.8447 0
      vertex 40.4204 32.8447 3
    endloop
  endfacet
  facet normal 0.946625 0.322337 0
    outer loop
      vertex 40.4204 32.8447 0
      vertex 40.4457 32.7704 3
      vertex 40.4457 32.7704 0
    endloop
  endfacet
  facet normal -0.831658 -0.555288 0
    outer loop
      vertex 41.5196 33.3 0
      vertex 41.476 33.3653 3
      vertex 41.476 33.3653 0
    endloop
  endfacet
  facet normal -0.831658 -0.555288 0
    outer loop
      vertex 41.476 33.3653 3
      vertex 41.5196 33.3 0
      vertex 41.5196 33.3 3
    endloop
  endfacet
  facet normal -0.752103 -0.659046 0
    outer loop
      vertex 41.476 33.3653 0
      vertex 41.4243 33.4243 3
      vertex 41.4243 33.4243 0
    endloop
  endfacet
  facet normal -0.752103 -0.659046 0
    outer loop
      vertex 41.4243 33.4243 3
      vertex 41.476 33.3653 0
      vertex 41.476 33.3653 3
    endloop
  endfacet
  facet normal 0.946625 -0.322337 0
    outer loop
      vertex 40.4204 33.1553 3
      vertex 40.4457 33.2296 0
      vertex 40.4457 33.2296 3
    endloop
  endfacet
  facet normal 0.946625 -0.322337 0
    outer loop
      vertex 40.4457 33.2296 0
      vertex 40.4204 33.1553 3
      vertex 40.4204 33.1553 0
    endloop
  endfacet
  facet normal 0.997886 -0.0649964 0
    outer loop
      vertex 40.4 33 3
      vertex 40.4051 33.0783 0
      vertex 40.4051 33.0783 3
    endloop
  endfacet
  facet normal 0.997886 -0.0649964 0
    outer loop
      vertex 40.4051 33.0783 0
      vertex 40.4 33 3
      vertex 40.4 33 0
    endloop
  endfacet
  facet normal 0.322337 -0.946625 0
    outer loop
      vertex 40.7704 33.5543 0
      vertex 40.8447 33.5796 3
      vertex 40.7704 33.5543 3
    endloop
  endfacet
  facet normal 0.322337 -0.946625 0
    outer loop
      vertex 40.8447 33.5796 3
      vertex 40.7704 33.5543 0
      vertex 40.8447 33.5796 0
    endloop
  endfacet
  facet normal -0.44211 0.896961 0
    outer loop
      vertex 41.3 32.4804 0
      vertex 41.2296 32.4457 3
      vertex 41.3 32.4804 3
    endloop
  endfacet
  facet normal -0.44211 0.896961 0
    outer loop
      vertex 41.2296 32.4457 3
      vertex 41.3 32.4804 0
      vertex 41.2296 32.4457 0
    endloop
  endfacet
  facet normal -0.194891 0.980825 0
    outer loop
      vertex 41.1553 32.4204 0
      vertex 41.0783 32.4051 3
      vertex 41.1553 32.4204 3
    endloop
  endfacet
  facet normal -0.194891 0.980825 0
    outer loop
      vertex 41.0783 32.4051 3
      vertex 41.1553 32.4204 0
      vertex 41.0783 32.4051 0
    endloop
  endfacet
  facet normal -0.322337 0.946625 0
    outer loop
      vertex 41.2296 32.4457 0
      vertex 41.1553 32.4204 3
      vertex 41.2296 32.4457 3
    endloop
  endfacet
  facet normal -0.322337 0.946625 0
    outer loop
      vertex 41.1553 32.4204 3
      vertex 41.2296 32.4457 0
      vertex 41.1553 32.4204 0
    endloop
  endfacet
  facet normal -0.555288 0.831658 0
    outer loop
      vertex 41.3653 32.524 0
      vertex 41.3 32.4804 3
      vertex 41.3653 32.524 3
    endloop
  endfacet
  facet normal -0.555288 0.831658 0
    outer loop
      vertex 41.3 32.4804 3
      vertex 41.3653 32.524 0
      vertex 41.3 32.4804 0
    endloop
  endfacet
  facet normal -0.752103 0.659046 0
    outer loop
      vertex 41.4243 32.5757 0
      vertex 41.476 32.6347 3
      vertex 41.476 32.6347 0
    endloop
  endfacet
  facet normal -0.752103 0.659046 0
    outer loop
      vertex 41.476 32.6347 3
      vertex 41.4243 32.5757 0
      vertex 41.4243 32.5757 3
    endloop
  endfacet
  facet normal -0.659046 0.752103 0
    outer loop
      vertex 41.4243 32.5757 0
      vertex 41.3653 32.524 3
      vertex 41.4243 32.5757 3
    endloop
  endfacet
  facet normal -0.659046 0.752103 0
    outer loop
      vertex 41.3653 32.524 3
      vertex 41.4243 32.5757 0
      vertex 41.3653 32.524 0
    endloop
  endfacet
  facet normal -0.997886 0.0649964 0
    outer loop
      vertex 41.5949 32.9217 0
      vertex 41.6 33 3
      vertex 41.6 33 0
    endloop
  endfacet
  facet normal -0.997886 0.0649964 0
    outer loop
      vertex 41.6 33 3
      vertex 41.5949 32.9217 0
      vertex 41.5949 32.9217 3
    endloop
  endfacet
  facet normal 0.0649964 0.997886 -0
    outer loop
      vertex 41 32.4 0
      vertex 40.9217 32.4051 3
      vertex 41 32.4 3
    endloop
  endfacet
  facet normal 0.0649964 0.997886 0
    outer loop
      vertex 40.9217 32.4051 3
      vertex 41 32.4 0
      vertex 40.9217 32.4051 0
    endloop
  endfacet
  facet normal -0.0649964 0.997886 0
    outer loop
      vertex 41.0783 32.4051 0
      vertex 41 32.4 3
      vertex 41.0783 32.4051 3
    endloop
  endfacet
  facet normal -0.0649964 0.997886 0
    outer loop
      vertex 41 32.4 3
      vertex 41.0783 32.4051 0
      vertex 41 32.4 0
    endloop
  endfacet
  facet normal 0.831658 0.555288 0
    outer loop
      vertex 40.524 32.6347 3
      vertex 40.4804 32.7 0
      vertex 40.4804 32.7 3
    endloop
  endfacet
  facet normal 0.831658 0.555288 0
    outer loop
      vertex 40.4804 32.7 0
      vertex 40.524 32.6347 3
      vertex 40.524 32.6347 0
    endloop
  endfacet
  facet normal 0.896961 0.44211 0
    outer loop
      vertex 40.4804 32.7 3
      vertex 40.4457 32.7704 0
      vertex 40.4457 32.7704 3
    endloop
  endfacet
  facet normal 0.896961 0.44211 0
    outer loop
      vertex 40.4457 32.7704 0
      vertex 40.4804 32.7 3
      vertex 40.4804 32.7 0
    endloop
  endfacet
  facet normal 0.980825 0.194891 0
    outer loop
      vertex 40.4204 32.8447 3
      vertex 40.4051 32.9217 0
      vertex 40.4051 32.9217 3
    endloop
  endfacet
  facet normal 0.980825 0.194891 0
    outer loop
      vertex 40.4051 32.9217 0
      vertex 40.4204 32.8447 3
      vertex 40.4204 32.8447 0
    endloop
  endfacet
  facet normal -0.980825 -0.194891 0
    outer loop
      vertex 41.5949 33.0783 0
      vertex 41.5796 33.1553 3
      vertex 41.5796 33.1553 0
    endloop
  endfacet
  facet normal -0.980825 -0.194891 0
    outer loop
      vertex 41.5796 33.1553 3
      vertex 41.5949 33.0783 0
      vertex 41.5949 33.0783 3
    endloop
  endfacet
  facet normal -0.0649964 -0.997886 0
    outer loop
      vertex 41 33.6 0
      vertex 41.0783 33.5949 3
      vertex 41 33.6 3
    endloop
  endfacet
  facet normal -0.0649964 -0.997886 -0
    outer loop
      vertex 41.0783 33.5949 3
      vertex 41 33.6 0
      vertex 41.0783 33.5949 0
    endloop
  endfacet
  facet normal -0.44211 -0.896961 0
    outer loop
      vertex 41.2296 33.5543 0
      vertex 41.3 33.5196 3
      vertex 41.2296 33.5543 3
    endloop
  endfacet
  facet normal -0.44211 -0.896961 -0
    outer loop
      vertex 41.3 33.5196 3
      vertex 41.2296 33.5543 0
      vertex 41.3 33.5196 0
    endloop
  endfacet
  facet normal 0.555288 -0.831658 0
    outer loop
      vertex 40.6347 33.476 0
      vertex 40.7 33.5196 3
      vertex 40.6347 33.476 3
    endloop
  endfacet
  facet normal 0.555288 -0.831658 0
    outer loop
      vertex 40.7 33.5196 3
      vertex 40.6347 33.476 0
      vertex 40.7 33.5196 0
    endloop
  endfacet
  facet normal -0.946625 0.322337 0
    outer loop
      vertex 41.5543 32.7704 0
      vertex 41.5796 32.8447 3
      vertex 41.5796 32.8447 0
    endloop
  endfacet
  facet normal -0.946625 0.322337 0
    outer loop
      vertex 41.5796 32.8447 3
      vertex 41.5543 32.7704 0
      vertex 41.5543 32.7704 3
    endloop
  endfacet
  facet normal 0.322337 0.946625 -0
    outer loop
      vertex 40.8447 32.4204 0
      vertex 40.7704 32.4457 3
      vertex 40.8447 32.4204 3
    endloop
  endfacet
  facet normal 0.322337 0.946625 0
    outer loop
      vertex 40.7704 32.4457 3
      vertex 40.8447 32.4204 0
      vertex 40.7704 32.4457 0
    endloop
  endfacet
  facet normal 0.752103 0.659046 0
    outer loop
      vertex 40.5757 32.5757 3
      vertex 40.524 32.6347 0
      vertex 40.524 32.6347 3
    endloop
  endfacet
  facet normal 0.752103 0.659046 0
    outer loop
      vertex 40.524 32.6347 0
      vertex 40.5757 32.5757 3
      vertex 40.5757 32.5757 0
    endloop
  endfacet
  facet normal -0.555288 -0.831658 0
    outer loop
      vertex 61.3 21.5196 0
      vertex 61.3653 21.476 3
      vertex 61.3 21.5196 3
    endloop
  endfacet
  facet normal -0.555288 -0.831658 -0
    outer loop
      vertex 61.3653 21.476 3
      vertex 61.3 21.5196 0
      vertex 61.3653 21.476 0
    endloop
  endfacet
  facet normal -0.980825 0.194891 0
    outer loop
      vertex 61.5796 20.8447 0
      vertex 61.5949 20.9217 3
      vertex 61.5949 20.9217 0
    endloop
  endfacet
  facet normal -0.980825 0.194891 0
    outer loop
      vertex 61.5949 20.9217 3
      vertex 61.5796 20.8447 0
      vertex 61.5796 20.8447 3
    endloop
  endfacet
  facet normal 0.194891 0.980825 -0
    outer loop
      vertex 60.9217 20.4051 0
      vertex 60.8447 20.4204 3
      vertex 60.9217 20.4051 3
    endloop
  endfacet
  facet normal 0.194891 0.980825 0
    outer loop
      vertex 60.8447 20.4204 3
      vertex 60.9217 20.4051 0
      vertex 60.8447 20.4204 0
    endloop
  endfacet
  facet normal 0.44211 -0.896961 0
    outer loop
      vertex 60.7 21.5196 0
      vertex 60.7704 21.5543 3
      vertex 60.7 21.5196 3
    endloop
  endfacet
  facet normal 0.44211 -0.896961 0
    outer loop
      vertex 60.7704 21.5543 3
      vertex 60.7 21.5196 0
      vertex 60.7704 21.5543 0
    endloop
  endfacet
  facet normal 0.946625 -0.322337 0
    outer loop
      vertex 60.4204 21.1553 3
      vertex 60.4457 21.2296 0
      vertex 60.4457 21.2296 3
    endloop
  endfacet
  facet normal 0.946625 -0.322337 0
    outer loop
      vertex 60.4457 21.2296 0
      vertex 60.4204 21.1553 3
      vertex 60.4204 21.1553 0
    endloop
  endfacet
  facet normal -0.752103 0.659046 0
    outer loop
      vertex 61.4243 20.5757 0
      vertex 61.476 20.6347 3
      vertex 61.476 20.6347 0
    endloop
  endfacet
  facet normal -0.752103 0.659046 0
    outer loop
      vertex 61.476 20.6347 3
      vertex 61.4243 20.5757 0
      vertex 61.4243 20.5757 3
    endloop
  endfacet
  facet normal -0.997886 0.0649964 0
    outer loop
      vertex 61.5949 20.9217 0
      vertex 61.6 21 3
      vertex 61.6 21 0
    endloop
  endfacet
  facet normal -0.997886 0.0649964 0
    outer loop
      vertex 61.6 21 3
      vertex 61.5949 20.9217 0
      vertex 61.5949 20.9217 3
    endloop
  endfacet
  facet normal 0.322337 0.946625 -0
    outer loop
      vertex 60.8447 20.4204 0
      vertex 60.7704 20.4457 3
      vertex 60.8447 20.4204 3
    endloop
  endfacet
  facet normal 0.322337 0.946625 0
    outer loop
      vertex 60.7704 20.4457 3
      vertex 60.8447 20.4204 0
      vertex 60.7704 20.4457 0
    endloop
  endfacet
  facet normal -0.896961 -0.44211 0
    outer loop
      vertex 61.5543 21.2296 0
      vertex 61.5196 21.3 3
      vertex 61.5196 21.3 0
    endloop
  endfacet
  facet normal -0.896961 -0.44211 0
    outer loop
      vertex 61.5196 21.3 3
      vertex 61.5543 21.2296 0
      vertex 61.5543 21.2296 3
    endloop
  endfacet
  facet normal -0.831658 -0.555288 0
    outer loop
      vertex 61.5196 21.3 0
      vertex 61.476 21.3653 3
      vertex 61.476 21.3653 0
    endloop
  endfacet
  facet normal -0.831658 -0.555288 0
    outer loop
      vertex 61.476 21.3653 3
      vertex 61.5196 21.3 0
      vertex 61.5196 21.3 3
    endloop
  endfacet
  facet normal -0.659046 -0.752103 0
    outer loop
      vertex 61.3653 21.476 0
      vertex 61.4243 21.4243 3
      vertex 61.3653 21.476 3
    endloop
  endfacet
  facet normal -0.659046 -0.752103 -0
    outer loop
      vertex 61.4243 21.4243 3
      vertex 61.3653 21.476 0
      vertex 61.4243 21.4243 0
    endloop
  endfacet
  facet normal -0.322337 -0.946625 0
    outer loop
      vertex 61.1553 21.5796 0
      vertex 61.2296 21.5543 3
      vertex 61.1553 21.5796 3
    endloop
  endfacet
  facet normal -0.322337 -0.946625 -0
    outer loop
      vertex 61.2296 21.5543 3
      vertex 61.1553 21.5796 0
      vertex 61.2296 21.5543 0
    endloop
  endfacet
  facet normal 0.831658 -0.555288 0
    outer loop
      vertex 60.4804 21.3 3
      vertex 60.524 21.3653 0
      vertex 60.524 21.3653 3
    endloop
  endfacet
  facet normal 0.831658 -0.555288 0
    outer loop
      vertex 60.524 21.3653 0
      vertex 60.4804 21.3 3
      vertex 60.4804 21.3 0
    endloop
  endfacet
  facet normal 0.322337 -0.946625 0
    outer loop
      vertex 60.7704 21.5543 0
      vertex 60.8447 21.5796 3
      vertex 60.7704 21.5543 3
    endloop
  endfacet
  facet normal 0.322337 -0.946625 0
    outer loop
      vertex 60.8447 21.5796 3
      vertex 60.7704 21.5543 0
      vertex 60.8447 21.5796 0
    endloop
  endfacet
  facet normal 0.752103 -0.659046 0
    outer loop
      vertex 60.524 21.3653 3
      vertex 60.5757 21.4243 0
      vertex 60.5757 21.4243 3
    endloop
  endfacet
  facet normal 0.752103 -0.659046 0
    outer loop
      vertex 60.5757 21.4243 0
      vertex 60.524 21.3653 3
      vertex 60.524 21.3653 0
    endloop
  endfacet
  facet normal -0.946625 0.322337 0
    outer loop
      vertex 61.5543 20.7704 0
      vertex 61.5796 20.8447 3
      vertex 61.5796 20.8447 0
    endloop
  endfacet
  facet normal -0.946625 0.322337 0
    outer loop
      vertex 61.5796 20.8447 3
      vertex 61.5543 20.7704 0
      vertex 61.5543 20.7704 3
    endloop
  endfacet
  facet normal -0.44211 0.896961 0
    outer loop
      vertex 61.3 20.4804 0
      vertex 61.2296 20.4457 3
      vertex 61.3 20.4804 3
    endloop
  endfacet
  facet normal -0.44211 0.896961 0
    outer loop
      vertex 61.2296 20.4457 3
      vertex 61.3 20.4804 0
      vertex 61.2296 20.4457 0
    endloop
  endfacet
  facet normal 0.0649964 0.997886 -0
    outer loop
      vertex 61 20.4 0
      vertex 60.9217 20.4051 3
      vertex 61 20.4 3
    endloop
  endfacet
  facet normal 0.0649964 0.997886 0
    outer loop
      vertex 60.9217 20.4051 3
      vertex 61 20.4 0
      vertex 60.9217 20.4051 0
    endloop
  endfacet
  facet normal 0.555288 0.831658 -0
    outer loop
      vertex 60.7 20.4804 0
      vertex 60.6347 20.524 3
      vertex 60.7 20.4804 3
    endloop
  endfacet
  facet normal 0.555288 0.831658 0
    outer loop
      vertex 60.6347 20.524 3
      vertex 60.7 20.4804 0
      vertex 60.6347 20.524 0
    endloop
  endfacet
  facet normal 0.946625 0.322337 0
    outer loop
      vertex 60.4457 20.7704 3
      vertex 60.4204 20.8447 0
      vertex 60.4204 20.8447 3
    endloop
  endfacet
  facet normal 0.946625 0.322337 0
    outer loop
      vertex 60.4204 20.8447 0
      vertex 60.4457 20.7704 3
      vertex 60.4457 20.7704 0
    endloop
  endfacet
  facet normal 0.659046 0.752103 -0
    outer loop
      vertex 60.6347 20.524 0
      vertex 60.5757 20.5757 3
      vertex 60.6347 20.524 3
    endloop
  endfacet
  facet normal 0.659046 0.752103 0
    outer loop
      vertex 60.5757 20.5757 3
      vertex 60.6347 20.524 0
      vertex 60.5757 20.5757 0
    endloop
  endfacet
  facet normal -0.946625 -0.322337 0
    outer loop
      vertex 61.5796 21.1553 0
      vertex 61.5543 21.2296 3
      vertex 61.5543 21.2296 0
    endloop
  endfacet
  facet normal -0.946625 -0.322337 0
    outer loop
      vertex 61.5543 21.2296 3
      vertex 61.5796 21.1553 0
      vertex 61.5796 21.1553 3
    endloop
  endfacet
  facet normal -0.752103 -0.659046 0
    outer loop
      vertex 61.476 21.3653 0
      vertex 61.4243 21.4243 3
      vertex 61.4243 21.4243 0
    endloop
  endfacet
  facet normal -0.752103 -0.659046 0
    outer loop
      vertex 61.4243 21.4243 3
      vertex 61.476 21.3653 0
      vertex 61.476 21.3653 3
    endloop
  endfacet
  facet normal 0.0649964 -0.997886 0
    outer loop
      vertex 60.9217 21.5949 0
      vertex 61 21.6 3
      vertex 60.9217 21.5949 3
    endloop
  endfacet
  facet normal 0.0649964 -0.997886 0
    outer loop
      vertex 61 21.6 3
      vertex 60.9217 21.5949 0
      vertex 61 21.6 0
    endloop
  endfacet
  facet normal -0.44211 -0.896961 0
    outer loop
      vertex 61.2296 21.5543 0
      vertex 61.3 21.5196 3
      vertex 61.2296 21.5543 3
    endloop
  endfacet
  facet normal -0.44211 -0.896961 -0
    outer loop
      vertex 61.3 21.5196 3
      vertex 61.2296 21.5543 0
      vertex 61.3 21.5196 0
    endloop
  endfacet
  facet normal -0.194891 -0.980825 0
    outer loop
      vertex 61.0783 21.5949 0
      vertex 61.1553 21.5796 3
      vertex 61.0783 21.5949 3
    endloop
  endfacet
  facet normal -0.194891 -0.980825 -0
    outer loop
      vertex 61.1553 21.5796 3
      vertex 61.0783 21.5949 0
      vertex 61.1553 21.5796 0
    endloop
  endfacet
  facet normal 0.997886 0.0649964 0
    outer loop
      vertex 60.4051 20.9217 3
      vertex 60.4 21 0
      vertex 60.4 21 3
    endloop
  endfacet
  facet normal 0.997886 0.0649964 0
    outer loop
      vertex 60.4 21 0
      vertex 60.4051 20.9217 3
      vertex 60.4051 20.9217 0
    endloop
  endfacet
  facet normal 0.980825 -0.194891 0
    outer loop
      vertex 60.4051 21.0783 3
      vertex 60.4204 21.1553 0
      vertex 60.4204 21.1553 3
    endloop
  endfacet
  facet normal 0.980825 -0.194891 0
    outer loop
      vertex 60.4204 21.1553 0
      vertex 60.4051 21.0783 3
      vertex 60.4051 21.0783 0
    endloop
  endfacet
  facet normal 0.896961 -0.44211 0
    outer loop
      vertex 60.4457 21.2296 3
      vertex 60.4804 21.3 0
      vertex 60.4804 21.3 3
    endloop
  endfacet
  facet normal 0.896961 -0.44211 0
    outer loop
      vertex 60.4804 21.3 0
      vertex 60.4457 21.2296 3
      vertex 60.4457 21.2296 0
    endloop
  endfacet
  facet normal 0.194891 -0.980825 0
    outer loop
      vertex 60.8447 21.5796 0
      vertex 60.9217 21.5949 3
      vertex 60.8447 21.5796 3
    endloop
  endfacet
  facet normal 0.194891 -0.980825 0
    outer loop
      vertex 60.9217 21.5949 3
      vertex 60.8447 21.5796 0
      vertex 60.9217 21.5949 0
    endloop
  endfacet
  facet normal 0.659046 -0.752103 0
    outer loop
      vertex 60.5757 21.4243 0
      vertex 60.6347 21.476 3
      vertex 60.5757 21.4243 3
    endloop
  endfacet
  facet normal 0.659046 -0.752103 0
    outer loop
      vertex 60.6347 21.476 3
      vertex 60.5757 21.4243 0
      vertex 60.6347 21.476 0
    endloop
  endfacet
  facet normal 0.555288 -0.831658 0
    outer loop
      vertex 60.6347 21.476 0
      vertex 60.7 21.5196 3
      vertex 60.6347 21.476 3
    endloop
  endfacet
  facet normal 0.555288 -0.831658 0
    outer loop
      vertex 60.7 21.5196 3
      vertex 60.6347 21.476 0
      vertex 60.7 21.5196 0
    endloop
  endfacet
  facet normal -0.997886 -0.0649964 0
    outer loop
      vertex 61.6 21 0
      vertex 61.5949 21.0783 3
      vertex 61.5949 21.0783 0
    endloop
  endfacet
  facet normal -0.997886 -0.0649964 0
    outer loop
      vertex 61.5949 21.0783 3
      vertex 61.6 21 0
      vertex 61.6 21 3
    endloop
  endfacet
  facet normal -0.194891 0.980825 0
    outer loop
      vertex 61.1553 20.4204 0
      vertex 61.0783 20.4051 3
      vertex 61.1553 20.4204 3
    endloop
  endfacet
  facet normal -0.194891 0.980825 0
    outer loop
      vertex 61.0783 20.4051 3
      vertex 61.1553 20.4204 0
      vertex 61.0783 20.4051 0
    endloop
  endfacet
  facet normal -0.831658 0.555288 0
    outer loop
      vertex 61.476 20.6347 0
      vertex 61.5196 20.7 3
      vertex 61.5196 20.7 0
    endloop
  endfacet
  facet normal -0.831658 0.555288 0
    outer loop
      vertex 61.5196 20.7 3
      vertex 61.476 20.6347 0
      vertex 61.476 20.6347 3
    endloop
  endfacet
  facet normal -0.896961 0.44211 0
    outer loop
      vertex 61.5196 20.7 0
      vertex 61.5543 20.7704 3
      vertex 61.5543 20.7704 0
    endloop
  endfacet
  facet normal -0.896961 0.44211 0
    outer loop
      vertex 61.5543 20.7704 3
      vertex 61.5196 20.7 0
      vertex 61.5196 20.7 3
    endloop
  endfacet
  facet normal -0.322337 0.946625 0
    outer loop
      vertex 61.2296 20.4457 0
      vertex 61.1553 20.4204 3
      vertex 61.2296 20.4457 3
    endloop
  endfacet
  facet normal -0.322337 0.946625 0
    outer loop
      vertex 61.1553 20.4204 3
      vertex 61.2296 20.4457 0
      vertex 61.1553 20.4204 0
    endloop
  endfacet
  facet normal -0.555288 0.831658 0
    outer loop
      vertex 61.3653 20.524 0
      vertex 61.3 20.4804 3
      vertex 61.3653 20.524 3
    endloop
  endfacet
  facet normal -0.555288 0.831658 0
    outer loop
      vertex 61.3 20.4804 3
      vertex 61.3653 20.524 0
      vertex 61.3 20.4804 0
    endloop
  endfacet
  facet normal -0.0649964 0.997886 0
    outer loop
      vertex 61.0783 20.4051 0
      vertex 61 20.4 3
      vertex 61.0783 20.4051 3
    endloop
  endfacet
  facet normal -0.0649964 0.997886 0
    outer loop
      vertex 61 20.4 3
      vertex 61.0783 20.4051 0
      vertex 61 20.4 0
    endloop
  endfacet
  facet normal 0.44211 0.896961 -0
    outer loop
      vertex 60.7704 20.4457 0
      vertex 60.7 20.4804 3
      vertex 60.7704 20.4457 3
    endloop
  endfacet
  facet normal 0.44211 0.896961 0
    outer loop
      vertex 60.7 20.4804 3
      vertex 60.7704 20.4457 0
      vertex 60.7 20.4804 0
    endloop
  endfacet
  facet normal 0.896961 0.44211 0
    outer loop
      vertex 60.4804 20.7 3
      vertex 60.4457 20.7704 0
      vertex 60.4457 20.7704 3
    endloop
  endfacet
  facet normal 0.896961 0.44211 0
    outer loop
      vertex 60.4457 20.7704 0
      vertex 60.4804 20.7 3
      vertex 60.4804 20.7 0
    endloop
  endfacet
  facet normal 0.980825 0.194891 0
    outer loop
      vertex 60.4204 20.8447 3
      vertex 60.4051 20.9217 0
      vertex 60.4051 20.9217 3
    endloop
  endfacet
  facet normal 0.980825 0.194891 0
    outer loop
      vertex 60.4051 20.9217 0
      vertex 60.4204 20.8447 3
      vertex 60.4204 20.8447 0
    endloop
  endfacet
  facet normal 0.831658 0.555288 0
    outer loop
      vertex 60.524 20.6347 3
      vertex 60.4804 20.7 0
      vertex 60.4804 20.7 3
    endloop
  endfacet
  facet normal 0.831658 0.555288 0
    outer loop
      vertex 60.4804 20.7 0
      vertex 60.524 20.6347 3
      vertex 60.524 20.6347 0
    endloop
  endfacet
  facet normal -0.980825 -0.194891 0
    outer loop
      vertex 61.5949 21.0783 0
      vertex 61.5796 21.1553 3
      vertex 61.5796 21.1553 0
    endloop
  endfacet
  facet normal -0.980825 -0.194891 0
    outer loop
      vertex 61.5796 21.1553 3
      vertex 61.5949 21.0783 0
      vertex 61.5949 21.0783 3
    endloop
  endfacet
  facet normal -0.0649964 -0.997886 0
    outer loop
      vertex 61 21.6 0
      vertex 61.0783 21.5949 3
      vertex 61 21.6 3
    endloop
  endfacet
  facet normal -0.0649964 -0.997886 -0
    outer loop
      vertex 61.0783 21.5949 3
      vertex 61 21.6 0
      vertex 61.0783 21.5949 0
    endloop
  endfacet
  facet normal 0.997886 -0.0649964 0
    outer loop
      vertex 60.4 21 3
      vertex 60.4051 21.0783 0
      vertex 60.4051 21.0783 3
    endloop
  endfacet
  facet normal 0.997886 -0.0649964 0
    outer loop
      vertex 60.4051 21.0783 0
      vertex 60.4 21 3
      vertex 60.4 21 0
    endloop
  endfacet
  facet normal -0.659046 0.752103 0
    outer loop
      vertex 61.4243 20.5757 0
      vertex 61.3653 20.524 3
      vertex 61.4243 20.5757 3
    endloop
  endfacet
  facet normal -0.659046 0.752103 0
    outer loop
      vertex 61.3653 20.524 3
      vertex 61.4243 20.5757 0
      vertex 61.3653 20.524 0
    endloop
  endfacet
  facet normal 0.752103 0.659046 0
    outer loop
      vertex 60.5757 20.5757 3
      vertex 60.524 20.6347 0
      vertex 60.524 20.6347 3
    endloop
  endfacet
  facet normal 0.752103 0.659046 0
    outer loop
      vertex 60.524 20.6347 0
      vertex 60.5757 20.5757 3
      vertex 60.5757 20.5757 0
    endloop
  endfacet
  facet normal -0.555288 -0.831658 0
    outer loop
      vertex 61.3 27.5196 0
      vertex 61.3653 27.476 3
      vertex 61.3 27.5196 3
    endloop
  endfacet
  facet normal -0.555288 -0.831658 -0
    outer loop
      vertex 61.3653 27.476 3
      vertex 61.3 27.5196 0
      vertex 61.3653 27.476 0
    endloop
  endfacet
  facet normal 0.980825 -0.194891 0
    outer loop
      vertex 60.4051 27.0783 3
      vertex 60.4204 27.1553 0
      vertex 60.4204 27.1553 3
    endloop
  endfacet
  facet normal 0.980825 -0.194891 0
    outer loop
      vertex 60.4204 27.1553 0
      vertex 60.4051 27.0783 3
      vertex 60.4051 27.0783 0
    endloop
  endfacet
  facet normal -0.980825 0.194891 0
    outer loop
      vertex 61.5796 26.8447 0
      vertex 61.5949 26.9217 3
      vertex 61.5949 26.9217 0
    endloop
  endfacet
  facet normal -0.980825 0.194891 0
    outer loop
      vertex 61.5949 26.9217 3
      vertex 61.5796 26.8447 0
      vertex 61.5796 26.8447 3
    endloop
  endfacet
  facet normal 0.194891 0.980825 -0
    outer loop
      vertex 60.9217 26.4051 0
      vertex 60.8447 26.4204 3
      vertex 60.9217 26.4051 3
    endloop
  endfacet
  facet normal 0.194891 0.980825 0
    outer loop
      vertex 60.8447 26.4204 3
      vertex 60.9217 26.4051 0
      vertex 60.8447 26.4204 0
    endloop
  endfacet
  facet normal 0.44211 -0.896961 0
    outer loop
      vertex 60.7 27.5196 0
      vertex 60.7704 27.5543 3
      vertex 60.7 27.5196 3
    endloop
  endfacet
  facet normal 0.44211 -0.896961 0
    outer loop
      vertex 60.7704 27.5543 3
      vertex 60.7 27.5196 0
      vertex 60.7704 27.5543 0
    endloop
  endfacet
  facet normal 0.946625 -0.322337 0
    outer loop
      vertex 60.4204 27.1553 3
      vertex 60.4457 27.2296 0
      vertex 60.4457 27.2296 3
    endloop
  endfacet
  facet normal 0.946625 -0.322337 0
    outer loop
      vertex 60.4457 27.2296 0
      vertex 60.4204 27.1553 3
      vertex 60.4204 27.1553 0
    endloop
  endfacet
  facet normal 0.831658 0.555288 0
    outer loop
      vertex 60.524 26.6347 3
      vertex 60.4804 26.7 0
      vertex 60.4804 26.7 3
    endloop
  endfacet
  facet normal 0.831658 0.555288 0
    outer loop
      vertex 60.4804 26.7 0
      vertex 60.524 26.6347 3
      vertex 60.524 26.6347 0
    endloop
  endfacet
  facet normal -0.946625 -0.322337 0
    outer loop
      vertex 61.5796 27.1553 0
      vertex 61.5543 27.2296 3
      vertex 61.5543 27.2296 0
    endloop
  endfacet
  facet normal -0.946625 -0.322337 0
    outer loop
      vertex 61.5543 27.2296 3
      vertex 61.5796 27.1553 0
      vertex 61.5796 27.1553 3
    endloop
  endfacet
  facet normal -0.896961 -0.44211 0
    outer loop
      vertex 61.5543 27.2296 0
      vertex 61.5196 27.3 3
      vertex 61.5196 27.3 0
    endloop
  endfacet
  facet normal -0.896961 -0.44211 0
    outer loop
      vertex 61.5196 27.3 3
      vertex 61.5543 27.2296 0
      vertex 61.5543 27.2296 3
    endloop
  endfacet
  facet normal -0.659046 -0.752103 0
    outer loop
      vertex 61.3653 27.476 0
      vertex 61.4243 27.4243 3
      vertex 61.3653 27.476 3
    endloop
  endfacet
  facet normal -0.659046 -0.752103 -0
    outer loop
      vertex 61.4243 27.4243 3
      vertex 61.3653 27.476 0
      vertex 61.4243 27.4243 0
    endloop
  endfacet
  facet normal -0.44211 -0.896961 0
    outer loop
      vertex 61.2296 27.5543 0
      vertex 61.3 27.5196 3
      vertex 61.2296 27.5543 3
    endloop
  endfacet
  facet normal -0.44211 -0.896961 -0
    outer loop
      vertex 61.3 27.5196 3
      vertex 61.2296 27.5543 0
      vertex 61.3 27.5196 0
    endloop
  endfacet
  facet normal -0.194891 -0.980825 0
    outer loop
      vertex 61.0783 27.5949 0
      vertex 61.1553 27.5796 3
      vertex 61.0783 27.5949 3
    endloop
  endfacet
  facet normal -0.194891 -0.980825 -0
    outer loop
      vertex 61.1553 27.5796 3
      vertex 61.0783 27.5949 0
      vertex 61.1553 27.5796 0
    endloop
  endfacet
  facet normal 0.997886 0.0649964 0
    outer loop
      vertex 60.4051 26.9217 3
      vertex 60.4 27 0
      vertex 60.4 27 3
    endloop
  endfacet
  facet normal 0.997886 0.0649964 0
    outer loop
      vertex 60.4 27 0
      vertex 60.4051 26.9217 3
      vertex 60.4051 26.9217 0
    endloop
  endfacet
  facet normal 0.831658 -0.555288 0
    outer loop
      vertex 60.4804 27.3 3
      vertex 60.524 27.3653 0
      vertex 60.524 27.3653 3
    endloop
  endfacet
  facet normal 0.831658 -0.555288 0
    outer loop
      vertex 60.524 27.3653 0
      vertex 60.4804 27.3 3
      vertex 60.4804 27.3 0
    endloop
  endfacet
  facet normal 0.752103 -0.659046 0
    outer loop
      vertex 60.524 27.3653 3
      vertex 60.5757 27.4243 0
      vertex 60.5757 27.4243 3
    endloop
  endfacet
  facet normal 0.752103 -0.659046 0
    outer loop
      vertex 60.5757 27.4243 0
      vertex 60.524 27.3653 3
      vertex 60.524 27.3653 0
    endloop
  endfacet
  facet normal -0.44211 0.896961 0
    outer loop
      vertex 61.3 26.4804 0
      vertex 61.2296 26.4457 3
      vertex 61.3 26.4804 3
    endloop
  endfacet
  facet normal -0.44211 0.896961 0
    outer loop
      vertex 61.2296 26.4457 3
      vertex 61.3 26.4804 0
      vertex 61.2296 26.4457 0
    endloop
  endfacet
  facet normal -0.0649964 0.997886 0
    outer loop
      vertex 61.0783 26.4051 0
      vertex 61 26.4 3
      vertex 61.0783 26.4051 3
    endloop
  endfacet
  facet normal -0.0649964 0.997886 0
    outer loop
      vertex 61 26.4 3
      vertex 61.0783 26.4051 0
      vertex 61 26.4 0
    endloop
  endfacet
  facet normal 0.44211 0.896961 -0
    outer loop
      vertex 60.7704 26.4457 0
      vertex 60.7 26.4804 3
      vertex 60.7704 26.4457 3
    endloop
  endfacet
  facet normal 0.44211 0.896961 0
    outer loop
      vertex 60.7 26.4804 3
      vertex 60.7704 26.4457 0
      vertex 60.7 26.4804 0
    endloop
  endfacet
  facet normal 0.555288 0.831658 -0
    outer loop
      vertex 60.7 26.4804 0
      vertex 60.6347 26.524 3
      vertex 60.7 26.4804 3
    endloop
  endfacet
  facet normal 0.555288 0.831658 0
    outer loop
      vertex 60.6347 26.524 3
      vertex 60.7 26.4804 0
      vertex 60.6347 26.524 0
    endloop
  endfacet
  facet normal 0.946625 0.322337 0
    outer loop
      vertex 60.4457 26.7704 3
      vertex 60.4204 26.8447 0
      vertex 60.4204 26.8447 3
    endloop
  endfacet
  facet normal 0.946625 0.322337 0
    outer loop
      vertex 60.4204 26.8447 0
      vertex 60.4457 26.7704 3
      vertex 60.4457 26.7704 0
    endloop
  endfacet
  facet normal -0.980825 -0.194891 0
    outer loop
      vertex 61.5949 27.0783 0
      vertex 61.5796 27.1553 3
      vertex 61.5796 27.1553 0
    endloop
  endfacet
  facet normal -0.980825 -0.194891 0
    outer loop
      vertex 61.5796 27.1553 3
      vertex 61.5949 27.0783 0
      vertex 61.5949 27.0783 3
    endloop
  endfacet
  facet normal -0.831658 -0.555288 0
    outer loop
      vertex 61.5196 27.3 0
      vertex 61.476 27.3653 3
      vertex 61.476 27.3653 0
    endloop
  endfacet
  facet normal -0.831658 -0.555288 0
    outer loop
      vertex 61.476 27.3653 3
      vertex 61.5196 27.3 0
      vertex 61.5196 27.3 3
    endloop
  endfacet
  facet normal -0.752103 -0.659046 0
    outer loop
      vertex 61.476 27.3653 0
      vertex 61.4243 27.4243 3
      vertex 61.4243 27.4243 0
    endloop
  endfacet
  facet normal -0.752103 -0.659046 0
    outer loop
      vertex 61.4243 27.4243 3
      vertex 61.476 27.3653 0
      vertex 61.476 27.3653 3
    endloop
  endfacet
  facet normal 0.0649964 -0.997886 0
    outer loop
      vertex 60.9217 27.5949 0
      vertex 61 27.6 3
      vertex 60.9217 27.5949 3
    endloop
  endfacet
  facet normal 0.0649964 -0.997886 0
    outer loop
      vertex 61 27.6 3
      vertex 60.9217 27.5949 0
      vertex 61 27.6 0
    endloop
  endfacet
  facet normal -0.322337 -0.946625 0
    outer loop
      vertex 61.1553 27.5796 0
      vertex 61.2296 27.5543 3
      vertex 61.1553 27.5796 3
    endloop
  endfacet
  facet normal -0.322337 -0.946625 -0
    outer loop
      vertex 61.2296 27.5543 3
      vertex 61.1553 27.5796 0
      vertex 61.2296 27.5543 0
    endloop
  endfacet
  facet normal 0.194891 -0.980825 0
    outer loop
      vertex 60.8447 27.5796 0
      vertex 60.9217 27.5949 3
      vertex 60.8447 27.5796 3
    endloop
  endfacet
  facet normal 0.194891 -0.980825 0
    outer loop
      vertex 60.9217 27.5949 3
      vertex 60.8447 27.5796 0
      vertex 60.9217 27.5949 0
    endloop
  endfacet
  facet normal 0.322337 -0.946625 0
    outer loop
      vertex 60.7704 27.5543 0
      vertex 60.8447 27.5796 3
      vertex 60.7704 27.5543 3
    endloop
  endfacet
  facet normal 0.322337 -0.946625 0
    outer loop
      vertex 60.8447 27.5796 3
      vertex 60.7704 27.5543 0
      vertex 60.8447 27.5796 0
    endloop
  endfacet
  facet normal 0.555288 -0.831658 0
    outer loop
      vertex 60.6347 27.476 0
      vertex 60.7 27.5196 3
      vertex 60.6347 27.476 3
    endloop
  endfacet
  facet normal 0.555288 -0.831658 0
    outer loop
      vertex 60.7 27.5196 3
      vertex 60.6347 27.476 0
      vertex 60.7 27.5196 0
    endloop
  endfacet
  facet normal 0.659046 -0.752103 0
    outer loop
      vertex 60.5757 27.4243 0
      vertex 60.6347 27.476 3
      vertex 60.5757 27.4243 3
    endloop
  endfacet
  facet normal 0.659046 -0.752103 0
    outer loop
      vertex 60.6347 27.476 3
      vertex 60.5757 27.4243 0
      vertex 60.6347 27.476 0
    endloop
  endfacet
  facet normal -0.997886 -0.0649964 0
    outer loop
      vertex 61.6 27 0
      vertex 61.5949 27.0783 3
      vertex 61.5949 27.0783 0
    endloop
  endfacet
  facet normal -0.997886 -0.0649964 0
    outer loop
      vertex 61.5949 27.0783 3
      vertex 61.6 27 0
      vertex 61.6 27 3
    endloop
  endfacet
  facet normal -0.194891 0.980825 0
    outer loop
      vertex 61.1553 26.4204 0
      vertex 61.0783 26.4051 3
      vertex 61.1553 26.4204 3
    endloop
  endfacet
  facet normal -0.194891 0.980825 0
    outer loop
      vertex 61.0783 26.4051 3
      vertex 61.1553 26.4204 0
      vertex 61.0783 26.4051 0
    endloop
  endfacet
  facet normal -0.831658 0.555288 0
    outer loop
      vertex 61.476 26.6347 0
      vertex 61.5196 26.7 3
      vertex 61.5196 26.7 0
    endloop
  endfacet
  facet normal -0.831658 0.555288 0
    outer loop
      vertex 61.5196 26.7 3
      vertex 61.476 26.6347 0
      vertex 61.476 26.6347 3
    endloop
  endfacet
  facet normal -0.322337 0.946625 0
    outer loop
      vertex 61.2296 26.4457 0
      vertex 61.1553 26.4204 3
      vertex 61.2296 26.4457 3
    endloop
  endfacet
  facet normal -0.322337 0.946625 0
    outer loop
      vertex 61.1553 26.4204 3
      vertex 61.2296 26.4457 0
      vertex 61.1553 26.4204 0
    endloop
  endfacet
  facet normal -0.555288 0.831658 0
    outer loop
      vertex 61.3653 26.524 0
      vertex 61.3 26.4804 3
      vertex 61.3653 26.524 3
    endloop
  endfacet
  facet normal -0.555288 0.831658 0
    outer loop
      vertex 61.3 26.4804 3
      vertex 61.3653 26.524 0
      vertex 61.3 26.4804 0
    endloop
  endfacet
  facet normal -0.752103 0.659046 0
    outer loop
      vertex 61.4243 26.5757 0
      vertex 61.476 26.6347 3
      vertex 61.476 26.6347 0
    endloop
  endfacet
  facet normal -0.752103 0.659046 0
    outer loop
      vertex 61.476 26.6347 3
      vertex 61.4243 26.5757 0
      vertex 61.4243 26.5757 3
    endloop
  endfacet
  facet normal 0.0649964 0.997886 -0
    outer loop
      vertex 61 26.4 0
      vertex 60.9217 26.4051 3
      vertex 61 26.4 3
    endloop
  endfacet
  facet normal 0.0649964 0.997886 0
    outer loop
      vertex 60.9217 26.4051 3
      vertex 61 26.4 0
      vertex 60.9217 26.4051 0
    endloop
  endfacet
  facet normal 0.322337 0.946625 -0
    outer loop
      vertex 60.8447 26.4204 0
      vertex 60.7704 26.4457 3
      vertex 60.8447 26.4204 3
    endloop
  endfacet
  facet normal 0.322337 0.946625 0
    outer loop
      vertex 60.7704 26.4457 3
      vertex 60.8447 26.4204 0
      vertex 60.7704 26.4457 0
    endloop
  endfacet
  facet normal 0.896961 0.44211 0
    outer loop
      vertex 60.4804 26.7 3
      vertex 60.4457 26.7704 0
      vertex 60.4457 26.7704 3
    endloop
  endfacet
  facet normal 0.896961 0.44211 0
    outer loop
      vertex 60.4457 26.7704 0
      vertex 60.4804 26.7 3
      vertex 60.4804 26.7 0
    endloop
  endfacet
  facet normal 0.980825 0.194891 0
    outer loop
      vertex 60.4204 26.8447 3
      vertex 60.4051 26.9217 0
      vertex 60.4051 26.9217 3
    endloop
  endfacet
  facet normal 0.980825 0.194891 0
    outer loop
      vertex 60.4051 26.9217 0
      vertex 60.4204 26.8447 3
      vertex 60.4204 26.8447 0
    endloop
  endfacet
  facet normal 0.659046 0.752103 -0
    outer loop
      vertex 60.6347 26.524 0
      vertex 60.5757 26.5757 3
      vertex 60.6347 26.524 3
    endloop
  endfacet
  facet normal 0.659046 0.752103 0
    outer loop
      vertex 60.5757 26.5757 3
      vertex 60.6347 26.524 0
      vertex 60.5757 26.5757 0
    endloop
  endfacet
  facet normal -0.0649964 -0.997886 0
    outer loop
      vertex 61 27.6 0
      vertex 61.0783 27.5949 3
      vertex 61 27.6 3
    endloop
  endfacet
  facet normal -0.0649964 -0.997886 -0
    outer loop
      vertex 61.0783 27.5949 3
      vertex 61 27.6 0
      vertex 61.0783 27.5949 0
    endloop
  endfacet
  facet normal 0.997886 -0.0649964 0
    outer loop
      vertex 60.4 27 3
      vertex 60.4051 27.0783 0
      vertex 60.4051 27.0783 3
    endloop
  endfacet
  facet normal 0.997886 -0.0649964 0
    outer loop
      vertex 60.4051 27.0783 0
      vertex 60.4 27 3
      vertex 60.4 27 0
    endloop
  endfacet
  facet normal 0.896961 -0.44211 0
    outer loop
      vertex 60.4457 27.2296 3
      vertex 60.4804 27.3 0
      vertex 60.4804 27.3 3
    endloop
  endfacet
  facet normal 0.896961 -0.44211 0
    outer loop
      vertex 60.4804 27.3 0
      vertex 60.4457 27.2296 3
      vertex 60.4457 27.2296 0
    endloop
  endfacet
  facet normal -0.997886 0.0649964 0
    outer loop
      vertex 61.5949 26.9217 0
      vertex 61.6 27 3
      vertex 61.6 27 0
    endloop
  endfacet
  facet normal -0.997886 0.0649964 0
    outer loop
      vertex 61.6 27 3
      vertex 61.5949 26.9217 0
      vertex 61.5949 26.9217 3
    endloop
  endfacet
  facet normal -0.896961 0.44211 0
    outer loop
      vertex 61.5196 26.7 0
      vertex 61.5543 26.7704 3
      vertex 61.5543 26.7704 0
    endloop
  endfacet
  facet normal -0.896961 0.44211 0
    outer loop
      vertex 61.5543 26.7704 3
      vertex 61.5196 26.7 0
      vertex 61.5196 26.7 3
    endloop
  endfacet
  facet normal -0.659046 0.752103 0
    outer loop
      vertex 61.4243 26.5757 0
      vertex 61.3653 26.524 3
      vertex 61.4243 26.5757 3
    endloop
  endfacet
  facet normal -0.659046 0.752103 0
    outer loop
      vertex 61.3653 26.524 3
      vertex 61.4243 26.5757 0
      vertex 61.3653 26.524 0
    endloop
  endfacet
  facet normal 0.752103 0.659046 0
    outer loop
      vertex 60.5757 26.5757 3
      vertex 60.524 26.6347 0
      vertex 60.524 26.6347 3
    endloop
  endfacet
  facet normal 0.752103 0.659046 0
    outer loop
      vertex 60.524 26.6347 0
      vertex 60.5757 26.5757 3
      vertex 60.5757 26.5757 0
    endloop
  endfacet
  facet normal -0.946625 0.322337 0
    outer loop
      vertex 61.5543 26.7704 0
      vertex 61.5796 26.8447 3
      vertex 61.5796 26.8447 0
    endloop
  endfacet
  facet normal -0.946625 0.322337 0
    outer loop
      vertex 61.5796 26.8447 3
      vertex 61.5543 26.7704 0
      vertex 61.5543 26.7704 3
    endloop
  endfacet
  facet normal -0.555288 -0.831658 0
    outer loop
      vertex 67.3 21.5196 0
      vertex 67.3653 21.476 3
      vertex 67.3 21.5196 3
    endloop
  endfacet
  facet normal -0.555288 -0.831658 -0
    outer loop
      vertex 67.3653 21.476 3
      vertex 67.3 21.5196 0
      vertex 67.3653 21.476 0
    endloop
  endfacet
  facet normal 0.980825 -0.194891 0
    outer loop
      vertex 66.4051 21.0783 3
      vertex 66.4204 21.1553 0
      vertex 66.4204 21.1553 3
    endloop
  endfacet
  facet normal 0.980825 -0.194891 0
    outer loop
      vertex 66.4204 21.1553 0
      vertex 66.4051 21.0783 3
      vertex 66.4051 21.0783 0
    endloop
  endfacet
  facet normal -0.980825 0.194891 0
    outer loop
      vertex 67.5796 20.8447 0
      vertex 67.5949 20.9217 3
      vertex 67.5949 20.9217 0
    endloop
  endfacet
  facet normal -0.980825 0.194891 0
    outer loop
      vertex 67.5949 20.9217 3
      vertex 67.5796 20.8447 0
      vertex 67.5796 20.8447 3
    endloop
  endfacet
  facet normal 0.194891 0.980825 -0
    outer loop
      vertex 66.9217 20.4051 0
      vertex 66.8447 20.4204 3
      vertex 66.9217 20.4051 3
    endloop
  endfacet
  facet normal 0.194891 0.980825 0
    outer loop
      vertex 66.8447 20.4204 3
      vertex 66.9217 20.4051 0
      vertex 66.8447 20.4204 0
    endloop
  endfacet
  facet normal 0.44211 -0.896961 0
    outer loop
      vertex 66.7 21.5196 0
      vertex 66.7704 21.5543 3
      vertex 66.7 21.5196 3
    endloop
  endfacet
  facet normal 0.44211 -0.896961 0
    outer loop
      vertex 66.7704 21.5543 3
      vertex 66.7 21.5196 0
      vertex 66.7704 21.5543 0
    endloop
  endfacet
  facet normal 0.946625 -0.322337 0
    outer loop
      vertex 66.4204 21.1553 3
      vertex 66.4457 21.2296 0
      vertex 66.4457 21.2296 3
    endloop
  endfacet
  facet normal 0.946625 -0.322337 0
    outer loop
      vertex 66.4457 21.2296 0
      vertex 66.4204 21.1553 3
      vertex 66.4204 21.1553 0
    endloop
  endfacet
  facet normal 0.831658 0.555288 0
    outer loop
      vertex 66.524 20.6347 3
      vertex 66.4804 20.7 0
      vertex 66.4804 20.7 3
    endloop
  endfacet
  facet normal 0.831658 0.555288 0
    outer loop
      vertex 66.4804 20.7 0
      vertex 66.524 20.6347 3
      vertex 66.524 20.6347 0
    endloop
  endfacet
  facet normal -0.946625 -0.322337 0
    outer loop
      vertex 67.5796 21.1553 0
      vertex 67.5543 21.2296 3
      vertex 67.5543 21.2296 0
    endloop
  endfacet
  facet normal -0.946625 -0.322337 0
    outer loop
      vertex 67.5543 21.2296 3
      vertex 67.5796 21.1553 0
      vertex 67.5796 21.1553 3
    endloop
  endfacet
  facet normal -0.896961 -0.44211 0
    outer loop
      vertex 67.5543 21.2296 0
      vertex 67.5196 21.3 3
      vertex 67.5196 21.3 0
    endloop
  endfacet
  facet normal -0.896961 -0.44211 0
    outer loop
      vertex 67.5196 21.3 3
      vertex 67.5543 21.2296 0
      vertex 67.5543 21.2296 3
    endloop
  endfacet
  facet normal -0.659046 -0.752103 0
    outer loop
      vertex 67.3653 21.476 0
      vertex 67.4243 21.4243 3
      vertex 67.3653 21.476 3
    endloop
  endfacet
  facet normal -0.659046 -0.752103 -0
    outer loop
      vertex 67.4243 21.4243 3
      vertex 67.3653 21.476 0
      vertex 67.4243 21.4243 0
    endloop
  endfacet
  facet normal -0.44211 -0.896961 0
    outer loop
      vertex 67.2296 21.5543 0
      vertex 67.3 21.5196 3
      vertex 67.2296 21.5543 3
    endloop
  endfacet
  facet normal -0.44211 -0.896961 -0
    outer loop
      vertex 67.3 21.5196 3
      vertex 67.2296 21.5543 0
      vertex 67.3 21.5196 0
    endloop
  endfacet
  facet normal -0.194891 -0.980825 0
    outer loop
      vertex 67.0783 21.5949 0
      vertex 67.1553 21.5796 3
      vertex 67.0783 21.5949 3
    endloop
  endfacet
  facet normal -0.194891 -0.980825 -0
    outer loop
      vertex 67.1553 21.5796 3
      vertex 67.0783 21.5949 0
      vertex 67.1553 21.5796 0
    endloop
  endfacet
  facet normal 0.997886 0.0649964 0
    outer loop
      vertex 66.4051 20.9217 3
      vertex 66.4 21 0
      vertex 66.4 21 3
    endloop
  endfacet
  facet normal 0.997886 0.0649964 0
    outer loop
      vertex 66.4 21 0
      vertex 66.4051 20.9217 3
      vertex 66.4051 20.9217 0
    endloop
  endfacet
  facet normal 0.831658 -0.555288 0
    outer loop
      vertex 66.4804 21.3 3
      vertex 66.524 21.3653 0
      vertex 66.524 21.3653 3
    endloop
  endfacet
  facet normal 0.831658 -0.555288 0
    outer loop
      vertex 66.524 21.3653 0
      vertex 66.4804 21.3 3
      vertex 66.4804 21.3 0
    endloop
  endfacet
  facet normal 0.752103 -0.659046 0
    outer loop
      vertex 66.524 21.3653 3
      vertex 66.5757 21.4243 0
      vertex 66.5757 21.4243 3
    endloop
  endfacet
  facet normal 0.752103 -0.659046 0
    outer loop
      vertex 66.5757 21.4243 0
      vertex 66.524 21.3653 3
      vertex 66.524 21.3653 0
    endloop
  endfacet
  facet normal -0.44211 0.896961 0
    outer loop
      vertex 67.3 20.4804 0
      vertex 67.2296 20.4457 3
      vertex 67.3 20.4804 3
    endloop
  endfacet
  facet normal -0.44211 0.896961 0
    outer loop
      vertex 67.2296 20.4457 3
      vertex 67.3 20.4804 0
      vertex 67.2296 20.4457 0
    endloop
  endfacet
  facet normal -0.0649964 0.997886 0
    outer loop
      vertex 67.0783 20.4051 0
      vertex 67 20.4 3
      vertex 67.0783 20.4051 3
    endloop
  endfacet
  facet normal -0.0649964 0.997886 0
    outer loop
      vertex 67 20.4 3
      vertex 67.0783 20.4051 0
      vertex 67 20.4 0
    endloop
  endfacet
  facet normal 0.44211 0.896961 -0
    outer loop
      vertex 66.7704 20.4457 0
      vertex 66.7 20.4804 3
      vertex 66.7704 20.4457 3
    endloop
  endfacet
  facet normal 0.44211 0.896961 0
    outer loop
      vertex 66.7 20.4804 3
      vertex 66.7704 20.4457 0
      vertex 66.7 20.4804 0
    endloop
  endfacet
  facet normal 0.555288 0.831658 -0
    outer loop
      vertex 66.7 20.4804 0
      vertex 66.6347 20.524 3
      vertex 66.7 20.4804 3
    endloop
  endfacet
  facet normal 0.555288 0.831658 0
    outer loop
      vertex 66.6347 20.524 3
      vertex 66.7 20.4804 0
      vertex 66.6347 20.524 0
    endloop
  endfacet
  facet normal -0.831658 -0.555288 0
    outer loop
      vertex 67.5196 21.3 0
      vertex 67.476 21.3653 3
      vertex 67.476 21.3653 0
    endloop
  endfacet
  facet normal -0.831658 -0.555288 0
    outer loop
      vertex 67.476 21.3653 3
      vertex 67.5196 21.3 0
      vertex 67.5196 21.3 3
    endloop
  endfacet
  facet normal -0.752103 -0.659046 0
    outer loop
      vertex 67.476 21.3653 0
      vertex 67.4243 21.4243 3
      vertex 67.4243 21.4243 0
    endloop
  endfacet
  facet normal -0.752103 -0.659046 0
    outer loop
      vertex 67.4243 21.4243 3
      vertex 67.476 21.3653 0
      vertex 67.476 21.3653 3
    endloop
  endfacet
  facet normal 0.0649964 -0.997886 0
    outer loop
      vertex 66.9217 21.5949 0
      vertex 67 21.6 3
      vertex 66.9217 21.5949 3
    endloop
  endfacet
  facet normal 0.0649964 -0.997886 0
    outer loop
      vertex 67 21.6 3
      vertex 66.9217 21.5949 0
      vertex 67 21.6 0
    endloop
  endfacet
  facet normal -0.322337 -0.946625 0
    outer loop
      vertex 67.1553 21.5796 0
      vertex 67.2296 21.5543 3
      vertex 67.1553 21.5796 3
    endloop
  endfacet
  facet normal -0.322337 -0.946625 -0
    outer loop
      vertex 67.2296 21.5543 3
      vertex 67.1553 21.5796 0
      vertex 67.2296 21.5543 0
    endloop
  endfacet
  facet normal 0.194891 -0.980825 0
    outer loop
      vertex 66.8447 21.5796 0
      vertex 66.9217 21.5949 3
      vertex 66.8447 21.5796 3
    endloop
  endfacet
  facet normal 0.194891 -0.980825 0
    outer loop
      vertex 66.9217 21.5949 3
      vertex 66.8447 21.5796 0
      vertex 66.9217 21.5949 0
    endloop
  endfacet
  facet normal 0.322337 -0.946625 0
    outer loop
      vertex 66.7704 21.5543 0
      vertex 66.8447 21.5796 3
      vertex 66.7704 21.5543 3
    endloop
  endfacet
  facet normal 0.322337 -0.946625 0
    outer loop
      vertex 66.8447 21.5796 3
      vertex 66.7704 21.5543 0
      vertex 66.8447 21.5796 0
    endloop
  endfacet
  facet normal 0.555288 -0.831658 0
    outer loop
      vertex 66.6347 21.476 0
      vertex 66.7 21.5196 3
      vertex 66.6347 21.476 3
    endloop
  endfacet
  facet normal 0.555288 -0.831658 0
    outer loop
      vertex 66.7 21.5196 3
      vertex 66.6347 21.476 0
      vertex 66.7 21.5196 0
    endloop
  endfacet
  facet normal 0.659046 -0.752103 0
    outer loop
      vertex 66.5757 21.4243 0
      vertex 66.6347 21.476 3
      vertex 66.5757 21.4243 3
    endloop
  endfacet
  facet normal 0.659046 -0.752103 0
    outer loop
      vertex 66.6347 21.476 3
      vertex 66.5757 21.4243 0
      vertex 66.6347 21.476 0
    endloop
  endfacet
  facet normal -0.997886 -0.0649964 0
    outer loop
      vertex 67.6 21 0
      vertex 67.5949 21.0783 3
      vertex 67.5949 21.0783 0
    endloop
  endfacet
  facet normal -0.997886 -0.0649964 0
    outer loop
      vertex 67.5949 21.0783 3
      vertex 67.6 21 0
      vertex 67.6 21 3
    endloop
  endfacet
  facet normal -0.194891 0.980825 0
    outer loop
      vertex 67.1553 20.4204 0
      vertex 67.0783 20.4051 3
      vertex 67.1553 20.4204 3
    endloop
  endfacet
  facet normal -0.194891 0.980825 0
    outer loop
      vertex 67.0783 20.4051 3
      vertex 67.1553 20.4204 0
      vertex 67.0783 20.4051 0
    endloop
  endfacet
  facet normal -0.831658 0.555288 0
    outer loop
      vertex 67.476 20.6347 0
      vertex 67.5196 20.7 3
      vertex 67.5196 20.7 0
    endloop
  endfacet
  facet normal -0.831658 0.555288 0
    outer loop
      vertex 67.5196 20.7 3
      vertex 67.476 20.6347 0
      vertex 67.476 20.6347 3
    endloop
  endfacet
  facet normal -0.322337 0.946625 0
    outer loop
      vertex 67.2296 20.4457 0
      vertex 67.1553 20.4204 3
      vertex 67.2296 20.4457 3
    endloop
  endfacet
  facet normal -0.322337 0.946625 0
    outer loop
      vertex 67.1553 20.4204 3
      vertex 67.2296 20.4457 0
      vertex 67.1553 20.4204 0
    endloop
  endfacet
  facet normal -0.555288 0.831658 0
    outer loop
      vertex 67.3653 20.524 0
      vertex 67.3 20.4804 3
      vertex 67.3653 20.524 3
    endloop
  endfacet
  facet normal -0.555288 0.831658 0
    outer loop
      vertex 67.3 20.4804 3
      vertex 67.3653 20.524 0
      vertex 67.3 20.4804 0
    endloop
  endfacet
  facet normal -0.752103 0.659046 0
    outer loop
      vertex 67.4243 20.5757 0
      vertex 67.476 20.6347 3
      vertex 67.476 20.6347 0
    endloop
  endfacet
  facet normal -0.752103 0.659046 0
    outer loop
      vertex 67.476 20.6347 3
      vertex 67.4243 20.5757 0
      vertex 67.4243 20.5757 3
    endloop
  endfacet
  facet normal 0.0649964 0.997886 -0
    outer loop
      vertex 67 20.4 0
      vertex 66.9217 20.4051 3
      vertex 67 20.4 3
    endloop
  endfacet
  facet normal 0.0649964 0.997886 0
    outer loop
      vertex 66.9217 20.4051 3
      vertex 67 20.4 0
      vertex 66.9217 20.4051 0
    endloop
  endfacet
  facet normal 0.322337 0.946625 -0
    outer loop
      vertex 66.8447 20.4204 0
      vertex 66.7704 20.4457 3
      vertex 66.8447 20.4204 3
    endloop
  endfacet
  facet normal 0.322337 0.946625 0
    outer loop
      vertex 66.7704 20.4457 3
      vertex 66.8447 20.4204 0
      vertex 66.7704 20.4457 0
    endloop
  endfacet
  facet normal 0.896961 0.44211 0
    outer loop
      vertex 66.4804 20.7 3
      vertex 66.4457 20.7704 0
      vertex 66.4457 20.7704 3
    endloop
  endfacet
  facet normal 0.896961 0.44211 0
    outer loop
      vertex 66.4457 20.7704 0
      vertex 66.4804 20.7 3
      vertex 66.4804 20.7 0
    endloop
  endfacet
  facet normal 0.980825 0.194891 0
    outer loop
      vertex 66.4204 20.8447 3
      vertex 66.4051 20.9217 0
      vertex 66.4051 20.9217 3
    endloop
  endfacet
  facet normal 0.980825 0.194891 0
    outer loop
      vertex 66.4051 20.9217 0
      vertex 66.4204 20.8447 3
      vertex 66.4204 20.8447 0
    endloop
  endfacet
  facet normal 0.659046 0.752103 -0
    outer loop
      vertex 66.6347 20.524 0
      vertex 66.5757 20.5757 3
      vertex 66.6347 20.524 3
    endloop
  endfacet
  facet normal 0.659046 0.752103 0
    outer loop
      vertex 66.5757 20.5757 3
      vertex 66.6347 20.524 0
      vertex 66.5757 20.5757 0
    endloop
  endfacet
  facet normal -0.980825 -0.194891 0
    outer loop
      vertex 67.5949 21.0783 0
      vertex 67.5796 21.1553 3
      vertex 67.5796 21.1553 0
    endloop
  endfacet
  facet normal -0.980825 -0.194891 0
    outer loop
      vertex 67.5796 21.1553 3
      vertex 67.5949 21.0783 0
      vertex 67.5949 21.0783 3
    endloop
  endfacet
  facet normal -0.0649964 -0.997886 0
    outer loop
      vertex 67 21.6 0
      vertex 67.0783 21.5949 3
      vertex 67 21.6 3
    endloop
  endfacet
  facet normal -0.0649964 -0.997886 -0
    outer loop
      vertex 67.0783 21.5949 3
      vertex 67 21.6 0
      vertex 67.0783 21.5949 0
    endloop
  endfacet
  facet normal 0.997886 -0.0649964 0
    outer loop
      vertex 66.4 21 3
      vertex 66.4051 21.0783 0
      vertex 66.4051 21.0783 3
    endloop
  endfacet
  facet normal 0.997886 -0.0649964 0
    outer loop
      vertex 66.4051 21.0783 0
      vertex 66.4 21 3
      vertex 66.4 21 0
    endloop
  endfacet
  facet normal 0.896961 -0.44211 0
    outer loop
      vertex 66.4457 21.2296 3
      vertex 66.4804 21.3 0
      vertex 66.4804 21.3 3
    endloop
  endfacet
  facet normal 0.896961 -0.44211 0
    outer loop
      vertex 66.4804 21.3 0
      vertex 66.4457 21.2296 3
      vertex 66.4457 21.2296 0
    endloop
  endfacet
  facet normal -0.997886 0.0649964 0
    outer loop
      vertex 67.5949 20.9217 0
      vertex 67.6 21 3
      vertex 67.6 21 0
    endloop
  endfacet
  facet normal -0.997886 0.0649964 0
    outer loop
      vertex 67.6 21 3
      vertex 67.5949 20.9217 0
      vertex 67.5949 20.9217 3
    endloop
  endfacet
  facet normal -0.659046 0.752103 0
    outer loop
      vertex 67.4243 20.5757 0
      vertex 67.3653 20.524 3
      vertex 67.4243 20.5757 3
    endloop
  endfacet
  facet normal -0.659046 0.752103 0
    outer loop
      vertex 67.3653 20.524 3
      vertex 67.4243 20.5757 0
      vertex 67.3653 20.524 0
    endloop
  endfacet
  facet normal 0.946625 0.322337 0
    outer loop
      vertex 66.4457 20.7704 3
      vertex 66.4204 20.8447 0
      vertex 66.4204 20.8447 3
    endloop
  endfacet
  facet normal 0.946625 0.322337 0
    outer loop
      vertex 66.4204 20.8447 0
      vertex 66.4457 20.7704 3
      vertex 66.4457 20.7704 0
    endloop
  endfacet
  facet normal 0.752103 0.659046 0
    outer loop
      vertex 66.5757 20.5757 3
      vertex 66.524 20.6347 0
      vertex 66.524 20.6347 3
    endloop
  endfacet
  facet normal 0.752103 0.659046 0
    outer loop
      vertex 66.524 20.6347 0
      vertex 66.5757 20.5757 3
      vertex 66.5757 20.5757 0
    endloop
  endfacet
  facet normal -0.946625 0.322337 0
    outer loop
      vertex 67.5543 20.7704 0
      vertex 67.5796 20.8447 3
      vertex 67.5796 20.8447 0
    endloop
  endfacet
  facet normal -0.946625 0.322337 0
    outer loop
      vertex 67.5796 20.8447 3
      vertex 67.5543 20.7704 0
      vertex 67.5543 20.7704 3
    endloop
  endfacet
  facet normal -0.896961 0.44211 0
    outer loop
      vertex 67.5196 20.7 0
      vertex 67.5543 20.7704 3
      vertex 67.5543 20.7704 0
    endloop
  endfacet
  facet normal -0.896961 0.44211 0
    outer loop
      vertex 67.5543 20.7704 3
      vertex 67.5196 20.7 0
      vertex 67.5196 20.7 3
    endloop
  endfacet
  facet normal -0.555288 -0.831658 0
    outer loop
      vertex 67.3 27.5196 0
      vertex 67.3653 27.476 3
      vertex 67.3 27.5196 3
    endloop
  endfacet
  facet normal -0.555288 -0.831658 -0
    outer loop
      vertex 67.3653 27.476 3
      vertex 67.3 27.5196 0
      vertex 67.3653 27.476 0
    endloop
  endfacet
  facet normal 0.980825 -0.194891 0
    outer loop
      vertex 66.4051 27.0783 3
      vertex 66.4204 27.1553 0
      vertex 66.4204 27.1553 3
    endloop
  endfacet
  facet normal 0.980825 -0.194891 0
    outer loop
      vertex 66.4204 27.1553 0
      vertex 66.4051 27.0783 3
      vertex 66.4051 27.0783 0
    endloop
  endfacet
  facet normal -0.980825 0.194891 0
    outer loop
      vertex 67.5796 26.8447 0
      vertex 67.5949 26.9217 3
      vertex 67.5949 26.9217 0
    endloop
  endfacet
  facet normal -0.980825 0.194891 0
    outer loop
      vertex 67.5949 26.9217 3
      vertex 67.5796 26.8447 0
      vertex 67.5796 26.8447 3
    endloop
  endfacet
  facet normal 0.194891 0.980825 -0
    outer loop
      vertex 66.9217 26.4051 0
      vertex 66.8447 26.4204 3
      vertex 66.9217 26.4051 3
    endloop
  endfacet
  facet normal 0.194891 0.980825 0
    outer loop
      vertex 66.8447 26.4204 3
      vertex 66.9217 26.4051 0
      vertex 66.8447 26.4204 0
    endloop
  endfacet
  facet normal 0.44211 -0.896961 0
    outer loop
      vertex 66.7 27.5196 0
      vertex 66.7704 27.5543 3
      vertex 66.7 27.5196 3
    endloop
  endfacet
  facet normal 0.44211 -0.896961 0
    outer loop
      vertex 66.7704 27.5543 3
      vertex 66.7 27.5196 0
      vertex 66.7704 27.5543 0
    endloop
  endfacet
  facet normal 0.946625 -0.322337 0
    outer loop
      vertex 66.4204 27.1553 3
      vertex 66.4457 27.2296 0
      vertex 66.4457 27.2296 3
    endloop
  endfacet
  facet normal 0.946625 -0.322337 0
    outer loop
      vertex 66.4457 27.2296 0
      vertex 66.4204 27.1553 3
      vertex 66.4204 27.1553 0
    endloop
  endfacet
  facet normal -0.997886 0.0649964 0
    outer loop
      vertex 67.5949 26.9217 0
      vertex 67.6 27 3
      vertex 67.6 27 0
    endloop
  endfacet
  facet normal -0.997886 0.0649964 0
    outer loop
      vertex 67.6 27 3
      vertex 67.5949 26.9217 0
      vertex 67.5949 26.9217 3
    endloop
  endfacet
  facet normal -0.896961 -0.44211 0
    outer loop
      vertex 67.5543 27.2296 0
      vertex 67.5196 27.3 3
      vertex 67.5196 27.3 0
    endloop
  endfacet
  facet normal -0.896961 -0.44211 0
    outer loop
      vertex 67.5196 27.3 3
      vertex 67.5543 27.2296 0
      vertex 67.5543 27.2296 3
    endloop
  endfacet
  facet normal -0.831658 -0.555288 0
    outer loop
      vertex 67.5196 27.3 0
      vertex 67.476 27.3653 3
      vertex 67.476 27.3653 0
    endloop
  endfacet
  facet normal -0.831658 -0.555288 0
    outer loop
      vertex 67.476 27.3653 3
      vertex 67.5196 27.3 0
      vertex 67.5196 27.3 3
    endloop
  endfacet
  facet normal -0.659046 -0.752103 0
    outer loop
      vertex 67.3653 27.476 0
      vertex 67.4243 27.4243 3
      vertex 67.3653 27.476 3
    endloop
  endfacet
  facet normal -0.659046 -0.752103 -0
    outer loop
      vertex 67.4243 27.4243 3
      vertex 67.3653 27.476 0
      vertex 67.4243 27.4243 0
    endloop
  endfacet
  facet normal -0.322337 -0.946625 0
    outer loop
      vertex 67.1553 27.5796 0
      vertex 67.2296 27.5543 3
      vertex 67.1553 27.5796 3
    endloop
  endfacet
  facet normal -0.322337 -0.946625 -0
    outer loop
      vertex 67.2296 27.5543 3
      vertex 67.1553 27.5796 0
      vertex 67.2296 27.5543 0
    endloop
  endfacet
  facet normal -0.194891 -0.980825 0
    outer loop
      vertex 67.0783 27.5949 0
      vertex 67.1553 27.5796 3
      vertex 67.0783 27.5949 3
    endloop
  endfacet
  facet normal -0.194891 -0.980825 -0
    outer loop
      vertex 67.1553 27.5796 3
      vertex 67.0783 27.5949 0
      vertex 67.1553 27.5796 0
    endloop
  endfacet
  facet normal -0.0649964 -0.997886 0
    outer loop
      vertex 67 27.6 0
      vertex 67.0783 27.5949 3
      vertex 67 27.6 3
    endloop
  endfacet
  facet normal -0.0649964 -0.997886 -0
    outer loop
      vertex 67.0783 27.5949 3
      vertex 67 27.6 0
      vertex 67.0783 27.5949 0
    endloop
  endfacet
  facet normal 0.997886 -0.0649964 0
    outer loop
      vertex 66.4 27 3
      vertex 66.4051 27.0783 0
      vertex 66.4051 27.0783 3
    endloop
  endfacet
  facet normal 0.997886 -0.0649964 0
    outer loop
      vertex 66.4051 27.0783 0
      vertex 66.4 27 3
      vertex 66.4 27 0
    endloop
  endfacet
  facet normal 0.831658 -0.555288 0
    outer loop
      vertex 66.4804 27.3 3
      vertex 66.524 27.3653 0
      vertex 66.524 27.3653 3
    endloop
  endfacet
  facet normal 0.831658 -0.555288 0
    outer loop
      vertex 66.524 27.3653 0
      vertex 66.4804 27.3 3
      vertex 66.4804 27.3 0
    endloop
  endfacet
  facet normal 0.322337 -0.946625 0
    outer loop
      vertex 66.7704 27.5543 0
      vertex 66.8447 27.5796 3
      vertex 66.7704 27.5543 3
    endloop
  endfacet
  facet normal 0.322337 -0.946625 0
    outer loop
      vertex 66.8447 27.5796 3
      vertex 66.7704 27.5543 0
      vertex 66.8447 27.5796 0
    endloop
  endfacet
  facet normal 0.752103 -0.659046 0
    outer loop
      vertex 66.524 27.3653 3
      vertex 66.5757 27.4243 0
      vertex 66.5757 27.4243 3
    endloop
  endfacet
  facet normal 0.752103 -0.659046 0
    outer loop
      vertex 66.5757 27.4243 0
      vertex 66.524 27.3653 3
      vertex 66.524 27.3653 0
    endloop
  endfacet
  facet normal -0.946625 0.322337 0
    outer loop
      vertex 67.5543 26.7704 0
      vertex 67.5796 26.8447 3
      vertex 67.5796 26.8447 0
    endloop
  endfacet
  facet normal -0.946625 0.322337 0
    outer loop
      vertex 67.5796 26.8447 3
      vertex 67.5543 26.7704 0
      vertex 67.5543 26.7704 3
    endloop
  endfacet
  facet normal -0.44211 0.896961 0
    outer loop
      vertex 67.3 26.4804 0
      vertex 67.2296 26.4457 3
      vertex 67.3 26.4804 3
    endloop
  endfacet
  facet normal -0.44211 0.896961 0
    outer loop
      vertex 67.2296 26.4457 3
      vertex 67.3 26.4804 0
      vertex 67.2296 26.4457 0
    endloop
  endfacet
  facet normal 0.0649964 0.997886 -0
    outer loop
      vertex 67 26.4 0
      vertex 66.9217 26.4051 3
      vertex 67 26.4 3
    endloop
  endfacet
  facet normal 0.0649964 0.997886 0
    outer loop
      vertex 66.9217 26.4051 3
      vertex 67 26.4 0
      vertex 66.9217 26.4051 0
    endloop
  endfacet
  facet normal 0.555288 0.831658 -0
    outer loop
      vertex 66.7 26.4804 0
      vertex 66.6347 26.524 3
      vertex 66.7 26.4804 3
    endloop
  endfacet
  facet normal 0.555288 0.831658 0
    outer loop
      vertex 66.6347 26.524 3
      vertex 66.7 26.4804 0
      vertex 66.6347 26.524 0
    endloop
  endfacet
  facet normal -0.980825 -0.194891 0
    outer loop
      vertex 67.5949 27.0783 0
      vertex 67.5796 27.1553 3
      vertex 67.5796 27.1553 0
    endloop
  endfacet
  facet normal -0.980825 -0.194891 0
    outer loop
      vertex 67.5796 27.1553 3
      vertex 67.5949 27.0783 0
      vertex 67.5949 27.0783 3
    endloop
  endfacet
  facet normal -0.946625 -0.322337 0
    outer loop
      vertex 67.5796 27.1553 0
      vertex 67.5543 27.2296 3
      vertex 67.5543 27.2296 0
    endloop
  endfacet
  facet normal -0.946625 -0.322337 0
    outer loop
      vertex 67.5543 27.2296 3
      vertex 67.5796 27.1553 0
      vertex 67.5796 27.1553 3
    endloop
  endfacet
  facet normal -0.752103 -0.659046 0
    outer loop
      vertex 67.476 27.3653 0
      vertex 67.4243 27.4243 3
      vertex 67.4243 27.4243 0
    endloop
  endfacet
  facet normal -0.752103 -0.659046 0
    outer loop
      vertex 67.4243 27.4243 3
      vertex 67.476 27.3653 0
      vertex 67.476 27.3653 3
    endloop
  endfacet
  facet normal 0.0649964 -0.997886 0
    outer loop
      vertex 66.9217 27.5949 0
      vertex 67 27.6 3
      vertex 66.9217 27.5949 3
    endloop
  endfacet
  facet normal 0.0649964 -0.997886 0
    outer loop
      vertex 67 27.6 3
      vertex 66.9217 27.5949 0
      vertex 67 27.6 0
    endloop
  endfacet
  facet normal -0.44211 -0.896961 0
    outer loop
      vertex 67.2296 27.5543 0
      vertex 67.3 27.5196 3
      vertex 67.2296 27.5543 3
    endloop
  endfacet
  facet normal -0.44211 -0.896961 -0
    outer loop
      vertex 67.3 27.5196 3
      vertex 67.2296 27.5543 0
      vertex 67.3 27.5196 0
    endloop
  endfacet
  facet normal 0.997886 0.0649964 0
    outer loop
      vertex 66.4051 26.9217 3
      vertex 66.4 27 0
      vertex 66.4 27 3
    endloop
  endfacet
  facet normal 0.997886 0.0649964 0
    outer loop
      vertex 66.4 27 0
      vertex 66.4051 26.9217 3
      vertex 66.4051 26.9217 0
    endloop
  endfacet
  facet normal 0.896961 -0.44211 0
    outer loop
      vertex 66.4457 27.2296 3
      vertex 66.4804 27.3 0
      vertex 66.4804 27.3 3
    endloop
  endfacet
  facet normal 0.896961 -0.44211 0
    outer loop
      vertex 66.4804 27.3 0
      vertex 66.4457 27.2296 3
      vertex 66.4457 27.2296 0
    endloop
  endfacet
  facet normal 0.194891 -0.980825 0
    outer loop
      vertex 66.8447 27.5796 0
      vertex 66.9217 27.5949 3
      vertex 66.8447 27.5796 3
    endloop
  endfacet
  facet normal 0.194891 -0.980825 0
    outer loop
      vertex 66.9217 27.5949 3
      vertex 66.8447 27.5796 0
      vertex 66.9217 27.5949 0
    endloop
  endfacet
  facet normal 0.659046 -0.752103 0
    outer loop
      vertex 66.5757 27.4243 0
      vertex 66.6347 27.476 3
      vertex 66.5757 27.4243 3
    endloop
  endfacet
  facet normal 0.659046 -0.752103 0
    outer loop
      vertex 66.6347 27.476 3
      vertex 66.5757 27.4243 0
      vertex 66.6347 27.476 0
    endloop
  endfacet
  facet normal 0.555288 -0.831658 0
    outer loop
      vertex 66.6347 27.476 0
      vertex 66.7 27.5196 3
      vertex 66.6347 27.476 3
    endloop
  endfacet
  facet normal 0.555288 -0.831658 0
    outer loop
      vertex 66.7 27.5196 3
      vertex 66.6347 27.476 0
      vertex 66.7 27.5196 0
    endloop
  endfacet
  facet normal -0.997886 -0.0649964 0
    outer loop
      vertex 67.6 27 0
      vertex 67.5949 27.0783 3
      vertex 67.5949 27.0783 0
    endloop
  endfacet
  facet normal -0.997886 -0.0649964 0
    outer loop
      vertex 67.5949 27.0783 3
      vertex 67.6 27 0
      vertex 67.6 27 3
    endloop
  endfacet
  facet normal -0.194891 0.980825 0
    outer loop
      vertex 67.1553 26.4204 0
      vertex 67.0783 26.4051 3
      vertex 67.1553 26.4204 3
    endloop
  endfacet
  facet normal -0.194891 0.980825 0
    outer loop
      vertex 67.0783 26.4051 3
      vertex 67.1553 26.4204 0
      vertex 67.0783 26.4051 0
    endloop
  endfacet
  facet normal -0.831658 0.555288 0
    outer loop
      vertex 67.476 26.6347 0
      vertex 67.5196 26.7 3
      vertex 67.5196 26.7 0
    endloop
  endfacet
  facet normal -0.831658 0.555288 0
    outer loop
      vertex 67.5196 26.7 3
      vertex 67.476 26.6347 0
      vertex 67.476 26.6347 3
    endloop
  endfacet
  facet normal -0.896961 0.44211 0
    outer loop
      vertex 67.5196 26.7 0
      vertex 67.5543 26.7704 3
      vertex 67.5543 26.7704 0
    endloop
  endfacet
  facet normal -0.896961 0.44211 0
    outer loop
      vertex 67.5543 26.7704 3
      vertex 67.5196 26.7 0
      vertex 67.5196 26.7 3
    endloop
  endfacet
  facet normal -0.322337 0.946625 0
    outer loop
      vertex 67.2296 26.4457 0
      vertex 67.1553 26.4204 3
      vertex 67.2296 26.4457 3
    endloop
  endfacet
  facet normal -0.322337 0.946625 0
    outer loop
      vertex 67.1553 26.4204 3
      vertex 67.2296 26.4457 0
      vertex 67.1553 26.4204 0
    endloop
  endfacet
  facet normal -0.752103 0.659046 0
    outer loop
      vertex 67.4243 26.5757 0
      vertex 67.476 26.6347 3
      vertex 67.476 26.6347 0
    endloop
  endfacet
  facet normal -0.752103 0.659046 0
    outer loop
      vertex 67.476 26.6347 3
      vertex 67.4243 26.5757 0
      vertex 67.4243 26.5757 3
    endloop
  endfacet
  facet normal -0.555288 0.831658 0
    outer loop
      vertex 67.3653 26.524 0
      vertex 67.3 26.4804 3
      vertex 67.3653 26.524 3
    endloop
  endfacet
  facet normal -0.555288 0.831658 0
    outer loop
      vertex 67.3 26.4804 3
      vertex 67.3653 26.524 0
      vertex 67.3 26.4804 0
    endloop
  endfacet
  facet normal -0.0649964 0.997886 0
    outer loop
      vertex 67.0783 26.4051 0
      vertex 67 26.4 3
      vertex 67.0783 26.4051 3
    endloop
  endfacet
  facet normal -0.0649964 0.997886 0
    outer loop
      vertex 67 26.4 3
      vertex 67.0783 26.4051 0
      vertex 67 26.4 0
    endloop
  endfacet
  facet normal 0.44211 0.896961 -0
    outer loop
      vertex 66.7704 26.4457 0
      vertex 66.7 26.4804 3
      vertex 66.7704 26.4457 3
    endloop
  endfacet
  facet normal 0.44211 0.896961 0
    outer loop
      vertex 66.7 26.4804 3
      vertex 66.7704 26.4457 0
      vertex 66.7 26.4804 0
    endloop
  endfacet
  facet normal 0.896961 0.44211 0
    outer loop
      vertex 66.4804 26.7 3
      vertex 66.4457 26.7704 0
      vertex 66.4457 26.7704 3
    endloop
  endfacet
  facet normal 0.896961 0.44211 0
    outer loop
      vertex 66.4457 26.7704 0
      vertex 66.4804 26.7 3
      vertex 66.4804 26.7 0
    endloop
  endfacet
  facet normal 0.980825 0.194891 0
    outer loop
      vertex 66.4204 26.8447 3
      vertex 66.4051 26.9217 0
      vertex 66.4051 26.9217 3
    endloop
  endfacet
  facet normal 0.980825 0.194891 0
    outer loop
      vertex 66.4051 26.9217 0
      vertex 66.4204 26.8447 3
      vertex 66.4204 26.8447 0
    endloop
  endfacet
  facet normal 0.659046 0.752103 -0
    outer loop
      vertex 66.6347 26.524 0
      vertex 66.5757 26.5757 3
      vertex 66.6347 26.524 3
    endloop
  endfacet
  facet normal 0.659046 0.752103 0
    outer loop
      vertex 66.5757 26.5757 3
      vertex 66.6347 26.524 0
      vertex 66.5757 26.5757 0
    endloop
  endfacet
  facet normal 0.831658 0.555288 0
    outer loop
      vertex 66.524 26.6347 3
      vertex 66.4804 26.7 0
      vertex 66.4804 26.7 3
    endloop
  endfacet
  facet normal 0.831658 0.555288 0
    outer loop
      vertex 66.4804 26.7 0
      vertex 66.524 26.6347 3
      vertex 66.524 26.6347 0
    endloop
  endfacet
  facet normal -0.659046 0.752103 0
    outer loop
      vertex 67.4243 26.5757 0
      vertex 67.3653 26.524 3
      vertex 67.4243 26.5757 3
    endloop
  endfacet
  facet normal -0.659046 0.752103 0
    outer loop
      vertex 67.3653 26.524 3
      vertex 67.4243 26.5757 0
      vertex 67.3653 26.524 0
    endloop
  endfacet
  facet normal 0.322337 0.946625 -0
    outer loop
      vertex 66.8447 26.4204 0
      vertex 66.7704 26.4457 3
      vertex 66.8447 26.4204 3
    endloop
  endfacet
  facet normal 0.322337 0.946625 0
    outer loop
      vertex 66.7704 26.4457 3
      vertex 66.8447 26.4204 0
      vertex 66.7704 26.4457 0
    endloop
  endfacet
  facet normal 0.946625 0.322337 0
    outer loop
      vertex 66.4457 26.7704 3
      vertex 66.4204 26.8447 0
      vertex 66.4204 26.8447 3
    endloop
  endfacet
  facet normal 0.946625 0.322337 0
    outer loop
      vertex 66.4204 26.8447 0
      vertex 66.4457 26.7704 3
      vertex 66.4457 26.7704 0
    endloop
  endfacet
  facet normal 0.752103 0.659046 0
    outer loop
      vertex 66.5757 26.5757 3
      vertex 66.524 26.6347 0
      vertex 66.524 26.6347 3
    endloop
  endfacet
  facet normal 0.752103 0.659046 0
    outer loop
      vertex 66.524 26.6347 0
      vertex 66.5757 26.5757 3
      vertex 66.5757 26.5757 0
    endloop
  endfacet
  facet normal -0.555288 -0.831658 0
    outer loop
      vertex 61.3 45.5196 0
      vertex 61.3653 45.476 3
      vertex 61.3 45.5196 3
    endloop
  endfacet
  facet normal -0.555288 -0.831658 -0
    outer loop
      vertex 61.3653 45.476 3
      vertex 61.3 45.5196 0
      vertex 61.3653 45.476 0
    endloop
  endfacet
  facet normal 0.980825 -0.194891 0
    outer loop
      vertex 60.4051 45.0783 3
      vertex 60.4204 45.1553 0
      vertex 60.4204 45.1553 3
    endloop
  endfacet
  facet normal 0.980825 -0.194891 0
    outer loop
      vertex 60.4204 45.1553 0
      vertex 60.4051 45.0783 3
      vertex 60.4051 45.0783 0
    endloop
  endfacet
  facet normal -0.980825 0.194891 0
    outer loop
      vertex 61.5796 44.8447 0
      vertex 61.5949 44.9217 3
      vertex 61.5949 44.9217 0
    endloop
  endfacet
  facet normal -0.980825 0.194891 0
    outer loop
      vertex 61.5949 44.9217 3
      vertex 61.5796 44.8447 0
      vertex 61.5796 44.8447 3
    endloop
  endfacet
  facet normal 0.194891 0.980825 -0
    outer loop
      vertex 60.9217 44.4051 0
      vertex 60.8447 44.4204 3
      vertex 60.9217 44.4051 3
    endloop
  endfacet
  facet normal 0.194891 0.980825 0
    outer loop
      vertex 60.8447 44.4204 3
      vertex 60.9217 44.4051 0
      vertex 60.8447 44.4204 0
    endloop
  endfacet
  facet normal 0.44211 -0.896961 0
    outer loop
      vertex 60.7 45.5196 0
      vertex 60.7704 45.5543 3
      vertex 60.7 45.5196 3
    endloop
  endfacet
  facet normal 0.44211 -0.896961 0
    outer loop
      vertex 60.7704 45.5543 3
      vertex 60.7 45.5196 0
      vertex 60.7704 45.5543 0
    endloop
  endfacet
  facet normal 0.946625 -0.322337 0
    outer loop
      vertex 60.4204 45.1553 3
      vertex 60.4457 45.2296 0
      vertex 60.4457 45.2296 3
    endloop
  endfacet
  facet normal 0.946625 -0.322337 0
    outer loop
      vertex 60.4457 45.2296 0
      vertex 60.4204 45.1553 3
      vertex 60.4204 45.1553 0
    endloop
  endfacet
  facet normal -0.752103 0.659046 0
    outer loop
      vertex 61.4243 44.5757 0
      vertex 61.476 44.6347 3
      vertex 61.476 44.6347 0
    endloop
  endfacet
  facet normal -0.752103 0.659046 0
    outer loop
      vertex 61.476 44.6347 3
      vertex 61.4243 44.5757 0
      vertex 61.4243 44.5757 3
    endloop
  endfacet
  facet normal 0.831658 0.555288 0
    outer loop
      vertex 60.524 44.6347 3
      vertex 60.4804 44.7 0
      vertex 60.4804 44.7 3
    endloop
  endfacet
  facet normal 0.831658 0.555288 0
    outer loop
      vertex 60.4804 44.7 0
      vertex 60.524 44.6347 3
      vertex 60.524 44.6347 0
    endloop
  endfacet
  facet normal -0.946625 -0.322337 0
    outer loop
      vertex 61.5796 45.1553 0
      vertex 61.5543 45.2296 3
      vertex 61.5543 45.2296 0
    endloop
  endfacet
  facet normal -0.946625 -0.322337 0
    outer loop
      vertex 61.5543 45.2296 3
      vertex 61.5796 45.1553 0
      vertex 61.5796 45.1553 3
    endloop
  endfacet
  facet normal -0.896961 -0.44211 0
    outer loop
      vertex 61.5543 45.2296 0
      vertex 61.5196 45.3 3
      vertex 61.5196 45.3 0
    endloop
  endfacet
  facet normal -0.896961 -0.44211 0
    outer loop
      vertex 61.5196 45.3 3
      vertex 61.5543 45.2296 0
      vertex 61.5543 45.2296 3
    endloop
  endfacet
  facet normal -0.659046 -0.752103 0
    outer loop
      vertex 61.3653 45.476 0
      vertex 61.4243 45.4243 3
      vertex 61.3653 45.476 3
    endloop
  endfacet
  facet normal -0.659046 -0.752103 -0
    outer loop
      vertex 61.4243 45.4243 3
      vertex 61.3653 45.476 0
      vertex 61.4243 45.4243 0
    endloop
  endfacet
  facet normal -0.44211 -0.896961 0
    outer loop
      vertex 61.2296 45.5543 0
      vertex 61.3 45.5196 3
      vertex 61.2296 45.5543 3
    endloop
  endfacet
  facet normal -0.44211 -0.896961 -0
    outer loop
      vertex 61.3 45.5196 3
      vertex 61.2296 45.5543 0
      vertex 61.3 45.5196 0
    endloop
  endfacet
  facet normal -0.194891 -0.980825 0
    outer loop
      vertex 61.0783 45.5949 0
      vertex 61.1553 45.5796 3
      vertex 61.0783 45.5949 3
    endloop
  endfacet
  facet normal -0.194891 -0.980825 -0
    outer loop
      vertex 61.1553 45.5796 3
      vertex 61.0783 45.5949 0
      vertex 61.1553 45.5796 0
    endloop
  endfacet
  facet normal 0.997886 0.0649964 0
    outer loop
      vertex 60.4051 44.9217 3
      vertex 60.4 45 0
      vertex 60.4 45 3
    endloop
  endfacet
  facet normal 0.997886 0.0649964 0
    outer loop
      vertex 60.4 45 0
      vertex 60.4051 44.9217 3
      vertex 60.4051 44.9217 0
    endloop
  endfacet
  facet normal 0.831658 -0.555288 0
    outer loop
      vertex 60.4804 45.3 3
      vertex 60.524 45.3653 0
      vertex 60.524 45.3653 3
    endloop
  endfacet
  facet normal 0.831658 -0.555288 0
    outer loop
      vertex 60.524 45.3653 0
      vertex 60.4804 45.3 3
      vertex 60.4804 45.3 0
    endloop
  endfacet
  facet normal 0.752103 -0.659046 0
    outer loop
      vertex 60.524 45.3653 3
      vertex 60.5757 45.4243 0
      vertex 60.5757 45.4243 3
    endloop
  endfacet
  facet normal 0.752103 -0.659046 0
    outer loop
      vertex 60.5757 45.4243 0
      vertex 60.524 45.3653 3
      vertex 60.524 45.3653 0
    endloop
  endfacet
  facet normal -0.44211 0.896961 0
    outer loop
      vertex 61.3 44.4804 0
      vertex 61.2296 44.4457 3
      vertex 61.3 44.4804 3
    endloop
  endfacet
  facet normal -0.44211 0.896961 0
    outer loop
      vertex 61.2296 44.4457 3
      vertex 61.3 44.4804 0
      vertex 61.2296 44.4457 0
    endloop
  endfacet
  facet normal -0.0649964 0.997886 0
    outer loop
      vertex 61.0783 44.4051 0
      vertex 61 44.4 3
      vertex 61.0783 44.4051 3
    endloop
  endfacet
  facet normal -0.0649964 0.997886 0
    outer loop
      vertex 61 44.4 3
      vertex 61.0783 44.4051 0
      vertex 61 44.4 0
    endloop
  endfacet
  facet normal 0.44211 0.896961 -0
    outer loop
      vertex 60.7704 44.4457 0
      vertex 60.7 44.4804 3
      vertex 60.7704 44.4457 3
    endloop
  endfacet
  facet normal 0.44211 0.896961 0
    outer loop
      vertex 60.7 44.4804 3
      vertex 60.7704 44.4457 0
      vertex 60.7 44.4804 0
    endloop
  endfacet
  facet normal 0.555288 0.831658 -0
    outer loop
      vertex 60.7 44.4804 0
      vertex 60.6347 44.524 3
      vertex 60.7 44.4804 3
    endloop
  endfacet
  facet normal 0.555288 0.831658 0
    outer loop
      vertex 60.6347 44.524 3
      vertex 60.7 44.4804 0
      vertex 60.6347 44.524 0
    endloop
  endfacet
  facet normal -0.831658 -0.555288 0
    outer loop
      vertex 61.5196 45.3 0
      vertex 61.476 45.3653 3
      vertex 61.476 45.3653 0
    endloop
  endfacet
  facet normal -0.831658 -0.555288 0
    outer loop
      vertex 61.476 45.3653 3
      vertex 61.5196 45.3 0
      vertex 61.5196 45.3 3
    endloop
  endfacet
  facet normal -0.752103 -0.659046 0
    outer loop
      vertex 61.476 45.3653 0
      vertex 61.4243 45.4243 3
      vertex 61.4243 45.4243 0
    endloop
  endfacet
  facet normal -0.752103 -0.659046 0
    outer loop
      vertex 61.4243 45.4243 3
      vertex 61.476 45.3653 0
      vertex 61.476 45.3653 3
    endloop
  endfacet
  facet normal 0.0649964 -0.997886 0
    outer loop
      vertex 60.9217 45.5949 0
      vertex 61 45.6 3
      vertex 60.9217 45.5949 3
    endloop
  endfacet
  facet normal 0.0649964 -0.997886 0
    outer loop
      vertex 61 45.6 3
      vertex 60.9217 45.5949 0
      vertex 61 45.6 0
    endloop
  endfacet
  facet normal -0.322337 -0.946625 0
    outer loop
      vertex 61.1553 45.5796 0
      vertex 61.2296 45.5543 3
      vertex 61.1553 45.5796 3
    endloop
  endfacet
  facet normal -0.322337 -0.946625 -0
    outer loop
      vertex 61.2296 45.5543 3
      vertex 61.1553 45.5796 0
      vertex 61.2296 45.5543 0
    endloop
  endfacet
  facet normal 0.194891 -0.980825 0
    outer loop
      vertex 60.8447 45.5796 0
      vertex 60.9217 45.5949 3
      vertex 60.8447 45.5796 3
    endloop
  endfacet
  facet normal 0.194891 -0.980825 0
    outer loop
      vertex 60.9217 45.5949 3
      vertex 60.8447 45.5796 0
      vertex 60.9217 45.5949 0
    endloop
  endfacet
  facet normal 0.322337 -0.946625 0
    outer loop
      vertex 60.7704 45.5543 0
      vertex 60.8447 45.5796 3
      vertex 60.7704 45.5543 3
    endloop
  endfacet
  facet normal 0.322337 -0.946625 0
    outer loop
      vertex 60.8447 45.5796 3
      vertex 60.7704 45.5543 0
      vertex 60.8447 45.5796 0
    endloop
  endfacet
  facet normal 0.555288 -0.831658 0
    outer loop
      vertex 60.6347 45.476 0
      vertex 60.7 45.5196 3
      vertex 60.6347 45.476 3
    endloop
  endfacet
  facet normal 0.555288 -0.831658 0
    outer loop
      vertex 60.7 45.5196 3
      vertex 60.6347 45.476 0
      vertex 60.7 45.5196 0
    endloop
  endfacet
  facet normal 0.659046 -0.752103 0
    outer loop
      vertex 60.5757 45.4243 0
      vertex 60.6347 45.476 3
      vertex 60.5757 45.4243 3
    endloop
  endfacet
  facet normal 0.659046 -0.752103 0
    outer loop
      vertex 60.6347 45.476 3
      vertex 60.5757 45.4243 0
      vertex 60.6347 45.476 0
    endloop
  endfacet
  facet normal -0.997886 -0.0649964 0
    outer loop
      vertex 61.6 45 0
      vertex 61.5949 45.0783 3
      vertex 61.5949 45.0783 0
    endloop
  endfacet
  facet normal -0.997886 -0.0649964 0
    outer loop
      vertex 61.5949 45.0783 3
      vertex 61.6 45 0
      vertex 61.6 45 3
    endloop
  endfacet
  facet normal -0.194891 0.980825 0
    outer loop
      vertex 61.1553 44.4204 0
      vertex 61.0783 44.4051 3
      vertex 61.1553 44.4204 3
    endloop
  endfacet
  facet normal -0.194891 0.980825 0
    outer loop
      vertex 61.0783 44.4051 3
      vertex 61.1553 44.4204 0
      vertex 61.0783 44.4051 0
    endloop
  endfacet
  facet normal -0.831658 0.555288 0
    outer loop
      vertex 61.476 44.6347 0
      vertex 61.5196 44.7 3
      vertex 61.5196 44.7 0
    endloop
  endfacet
  facet normal -0.831658 0.555288 0
    outer loop
      vertex 61.5196 44.7 3
      vertex 61.476 44.6347 0
      vertex 61.476 44.6347 3
    endloop
  endfacet
  facet normal -0.322337 0.946625 0
    outer loop
      vertex 61.2296 44.4457 0
      vertex 61.1553 44.4204 3
      vertex 61.2296 44.4457 3
    endloop
  endfacet
  facet normal -0.322337 0.946625 0
    outer loop
      vertex 61.1553 44.4204 3
      vertex 61.2296 44.4457 0
      vertex 61.1553 44.4204 0
    endloop
  endfacet
  facet normal -0.555288 0.831658 0
    outer loop
      vertex 61.3653 44.524 0
      vertex 61.3 44.4804 3
      vertex 61.3653 44.524 3
    endloop
  endfacet
  facet normal -0.555288 0.831658 0
    outer loop
      vertex 61.3 44.4804 3
      vertex 61.3653 44.524 0
      vertex 61.3 44.4804 0
    endloop
  endfacet
  facet normal -0.659046 0.752103 0
    outer loop
      vertex 61.4243 44.5757 0
      vertex 61.3653 44.524 3
      vertex 61.4243 44.5757 3
    endloop
  endfacet
  facet normal -0.659046 0.752103 0
    outer loop
      vertex 61.3653 44.524 3
      vertex 61.4243 44.5757 0
      vertex 61.3653 44.524 0
    endloop
  endfacet
  facet normal 0.0649964 0.997886 -0
    outer loop
      vertex 61 44.4 0
      vertex 60.9217 44.4051 3
      vertex 61 44.4 3
    endloop
  endfacet
  facet normal 0.0649964 0.997886 0
    outer loop
      vertex 60.9217 44.4051 3
      vertex 61 44.4 0
      vertex 60.9217 44.4051 0
    endloop
  endfacet
  facet normal 0.322337 0.946625 -0
    outer loop
      vertex 60.8447 44.4204 0
      vertex 60.7704 44.4457 3
      vertex 60.8447 44.4204 3
    endloop
  endfacet
  facet normal 0.322337 0.946625 0
    outer loop
      vertex 60.7704 44.4457 3
      vertex 60.8447 44.4204 0
      vertex 60.7704 44.4457 0
    endloop
  endfacet
  facet normal 0.896961 0.44211 0
    outer loop
      vertex 60.4804 44.7 3
      vertex 60.4457 44.7704 0
      vertex 60.4457 44.7704 3
    endloop
  endfacet
  facet normal 0.896961 0.44211 0
    outer loop
      vertex 60.4457 44.7704 0
      vertex 60.4804 44.7 3
      vertex 60.4804 44.7 0
    endloop
  endfacet
  facet normal 0.980825 0.194891 0
    outer loop
      vertex 60.4204 44.8447 3
      vertex 60.4051 44.9217 0
      vertex 60.4051 44.9217 3
    endloop
  endfacet
  facet normal 0.980825 0.194891 0
    outer loop
      vertex 60.4051 44.9217 0
      vertex 60.4204 44.8447 3
      vertex 60.4204 44.8447 0
    endloop
  endfacet
  facet normal 0.659046 0.752103 -0
    outer loop
      vertex 60.6347 44.524 0
      vertex 60.5757 44.5757 3
      vertex 60.6347 44.524 3
    endloop
  endfacet
  facet normal 0.659046 0.752103 0
    outer loop
      vertex 60.5757 44.5757 3
      vertex 60.6347 44.524 0
      vertex 60.5757 44.5757 0
    endloop
  endfacet
  facet normal -0.980825 -0.194891 0
    outer loop
      vertex 61.5949 45.0783 0
      vertex 61.5796 45.1553 3
      vertex 61.5796 45.1553 0
    endloop
  endfacet
  facet normal -0.980825 -0.194891 0
    outer loop
      vertex 61.5796 45.1553 3
      vertex 61.5949 45.0783 0
      vertex 61.5949 45.0783 3
    endloop
  endfacet
  facet normal -0.0649964 -0.997886 0
    outer loop
      vertex 61 45.6 0
      vertex 61.0783 45.5949 3
      vertex 61 45.6 3
    endloop
  endfacet
  facet normal -0.0649964 -0.997886 -0
    outer loop
      vertex 61.0783 45.5949 3
      vertex 61 45.6 0
      vertex 61.0783 45.5949 0
    endloop
  endfacet
  facet normal 0.997886 -0.0649964 0
    outer loop
      vertex 60.4 45 3
      vertex 60.4051 45.0783 0
      vertex 60.4051 45.0783 3
    endloop
  endfacet
  facet normal 0.997886 -0.0649964 0
    outer loop
      vertex 60.4051 45.0783 0
      vertex 60.4 45 3
      vertex 60.4 45 0
    endloop
  endfacet
  facet normal 0.896961 -0.44211 0
    outer loop
      vertex 60.4457 45.2296 3
      vertex 60.4804 45.3 0
      vertex 60.4804 45.3 3
    endloop
  endfacet
  facet normal 0.896961 -0.44211 0
    outer loop
      vertex 60.4804 45.3 0
      vertex 60.4457 45.2296 3
      vertex 60.4457 45.2296 0
    endloop
  endfacet
  facet normal -0.997886 0.0649964 0
    outer loop
      vertex 61.5949 44.9217 0
      vertex 61.6 45 3
      vertex 61.6 45 0
    endloop
  endfacet
  facet normal -0.997886 0.0649964 0
    outer loop
      vertex 61.6 45 3
      vertex 61.5949 44.9217 0
      vertex 61.5949 44.9217 3
    endloop
  endfacet
  facet normal -0.896961 0.44211 0
    outer loop
      vertex 61.5196 44.7 0
      vertex 61.5543 44.7704 3
      vertex 61.5543 44.7704 0
    endloop
  endfacet
  facet normal -0.896961 0.44211 0
    outer loop
      vertex 61.5543 44.7704 3
      vertex 61.5196 44.7 0
      vertex 61.5196 44.7 3
    endloop
  endfacet
  facet normal 0.946625 0.322337 0
    outer loop
      vertex 60.4457 44.7704 3
      vertex 60.4204 44.8447 0
      vertex 60.4204 44.8447 3
    endloop
  endfacet
  facet normal 0.946625 0.322337 0
    outer loop
      vertex 60.4204 44.8447 0
      vertex 60.4457 44.7704 3
      vertex 60.4457 44.7704 0
    endloop
  endfacet
  facet normal 0.752103 0.659046 0
    outer loop
      vertex 60.5757 44.5757 3
      vertex 60.524 44.6347 0
      vertex 60.524 44.6347 3
    endloop
  endfacet
  facet normal 0.752103 0.659046 0
    outer loop
      vertex 60.524 44.6347 0
      vertex 60.5757 44.5757 3
      vertex 60.5757 44.5757 0
    endloop
  endfacet
  facet normal -0.946625 0.322337 0
    outer loop
      vertex 61.5543 44.7704 0
      vertex 61.5796 44.8447 3
      vertex 61.5796 44.8447 0
    endloop
  endfacet
  facet normal -0.946625 0.322337 0
    outer loop
      vertex 61.5796 44.8447 3
      vertex 61.5543 44.7704 0
      vertex 61.5543 44.7704 3
    endloop
  endfacet
  facet normal -0.555288 -0.831658 0
    outer loop
      vertex 61.3 51.5196 0
      vertex 61.3653 51.476 3
      vertex 61.3 51.5196 3
    endloop
  endfacet
  facet normal -0.555288 -0.831658 -0
    outer loop
      vertex 61.3653 51.476 3
      vertex 61.3 51.5196 0
      vertex 61.3653 51.476 0
    endloop
  endfacet
  facet normal 0.980825 -0.194891 0
    outer loop
      vertex 60.4051 51.0783 3
      vertex 60.4204 51.1553 0
      vertex 60.4204 51.1553 3
    endloop
  endfacet
  facet normal 0.980825 -0.194891 0
    outer loop
      vertex 60.4204 51.1553 0
      vertex 60.4051 51.0783 3
      vertex 60.4051 51.0783 0
    endloop
  endfacet
  facet normal -0.980825 0.194891 0
    outer loop
      vertex 61.5796 50.8447 0
      vertex 61.5949 50.9217 3
      vertex 61.5949 50.9217 0
    endloop
  endfacet
  facet normal -0.980825 0.194891 0
    outer loop
      vertex 61.5949 50.9217 3
      vertex 61.5796 50.8447 0
      vertex 61.5796 50.8447 3
    endloop
  endfacet
  facet normal 0.194891 0.980825 -0
    outer loop
      vertex 60.9217 50.4051 0
      vertex 60.8447 50.4204 3
      vertex 60.9217 50.4051 3
    endloop
  endfacet
  facet normal 0.194891 0.980825 0
    outer loop
      vertex 60.8447 50.4204 3
      vertex 60.9217 50.4051 0
      vertex 60.8447 50.4204 0
    endloop
  endfacet
  facet normal 0.44211 -0.896961 0
    outer loop
      vertex 60.7 51.5196 0
      vertex 60.7704 51.5543 3
      vertex 60.7 51.5196 3
    endloop
  endfacet
  facet normal 0.44211 -0.896961 0
    outer loop
      vertex 60.7704 51.5543 3
      vertex 60.7 51.5196 0
      vertex 60.7704 51.5543 0
    endloop
  endfacet
  facet normal 0.946625 -0.322337 0
    outer loop
      vertex 60.4204 51.1553 3
      vertex 60.4457 51.2296 0
      vertex 60.4457 51.2296 3
    endloop
  endfacet
  facet normal 0.946625 -0.322337 0
    outer loop
      vertex 60.4457 51.2296 0
      vertex 60.4204 51.1553 3
      vertex 60.4204 51.1553 0
    endloop
  endfacet
  facet normal -0.752103 0.659046 0
    outer loop
      vertex 61.4243 50.5757 0
      vertex 61.476 50.6347 3
      vertex 61.476 50.6347 0
    endloop
  endfacet
  facet normal -0.752103 0.659046 0
    outer loop
      vertex 61.476 50.6347 3
      vertex 61.4243 50.5757 0
      vertex 61.4243 50.5757 3
    endloop
  endfacet
  facet normal 0.831658 0.555288 0
    outer loop
      vertex 60.524 50.6347 3
      vertex 60.4804 50.7 0
      vertex 60.4804 50.7 3
    endloop
  endfacet
  facet normal 0.831658 0.555288 0
    outer loop
      vertex 60.4804 50.7 0
      vertex 60.524 50.6347 3
      vertex 60.524 50.6347 0
    endloop
  endfacet
  facet normal -0.946625 -0.322337 0
    outer loop
      vertex 61.5796 51.1553 0
      vertex 61.5543 51.2296 3
      vertex 61.5543 51.2296 0
    endloop
  endfacet
  facet normal -0.946625 -0.322337 0
    outer loop
      vertex 61.5543 51.2296 3
      vertex 61.5796 51.1553 0
      vertex 61.5796 51.1553 3
    endloop
  endfacet
  facet normal -0.896961 -0.44211 0
    outer loop
      vertex 61.5543 51.2296 0
      vertex 61.5196 51.3 3
      vertex 61.5196 51.3 0
    endloop
  endfacet
  facet normal -0.896961 -0.44211 0
    outer loop
      vertex 61.5196 51.3 3
      vertex 61.5543 51.2296 0
      vertex 61.5543 51.2296 3
    endloop
  endfacet
  facet normal -0.659046 -0.752103 0
    outer loop
      vertex 61.3653 51.476 0
      vertex 61.4243 51.4243 3
      vertex 61.3653 51.476 3
    endloop
  endfacet
  facet normal -0.659046 -0.752103 -0
    outer loop
      vertex 61.4243 51.4243 3
      vertex 61.3653 51.476 0
      vertex 61.4243 51.4243 0
    endloop
  endfacet
  facet normal -0.44211 -0.896961 0
    outer loop
      vertex 61.2296 51.5543 0
      vertex 61.3 51.5196 3
      vertex 61.2296 51.5543 3
    endloop
  endfacet
  facet normal -0.44211 -0.896961 -0
    outer loop
      vertex 61.3 51.5196 3
      vertex 61.2296 51.5543 0
      vertex 61.3 51.5196 0
    endloop
  endfacet
  facet normal -0.194891 -0.980825 0
    outer loop
      vertex 61.0783 51.5949 0
      vertex 61.1553 51.5796 3
      vertex 61.0783 51.5949 3
    endloop
  endfacet
  facet normal -0.194891 -0.980825 -0
    outer loop
      vertex 61.1553 51.5796 3
      vertex 61.0783 51.5949 0
      vertex 61.1553 51.5796 0
    endloop
  endfacet
  facet normal 0.997886 0.0649964 0
    outer loop
      vertex 60.4051 50.9217 3
      vertex 60.4 51 0
      vertex 60.4 51 3
    endloop
  endfacet
  facet normal 0.997886 0.0649964 0
    outer loop
      vertex 60.4 51 0
      vertex 60.4051 50.9217 3
      vertex 60.4051 50.9217 0
    endloop
  endfacet
  facet normal 0.831658 -0.555288 0
    outer loop
      vertex 60.4804 51.3 3
      vertex 60.524 51.3653 0
      vertex 60.524 51.3653 3
    endloop
  endfacet
  facet normal 0.831658 -0.555288 0
    outer loop
      vertex 60.524 51.3653 0
      vertex 60.4804 51.3 3
      vertex 60.4804 51.3 0
    endloop
  endfacet
  facet normal 0.752103 -0.659046 0
    outer loop
      vertex 60.524 51.3653 3
      vertex 60.5757 51.4243 0
      vertex 60.5757 51.4243 3
    endloop
  endfacet
  facet normal 0.752103 -0.659046 0
    outer loop
      vertex 60.5757 51.4243 0
      vertex 60.524 51.3653 3
      vertex 60.524 51.3653 0
    endloop
  endfacet
  facet normal -0.44211 0.896961 0
    outer loop
      vertex 61.3 50.4804 0
      vertex 61.2296 50.4457 3
      vertex 61.3 50.4804 3
    endloop
  endfacet
  facet normal -0.44211 0.896961 0
    outer loop
      vertex 61.2296 50.4457 3
      vertex 61.3 50.4804 0
      vertex 61.2296 50.4457 0
    endloop
  endfacet
  facet normal -0.0649964 0.997886 0
    outer loop
      vertex 61.0783 50.4051 0
      vertex 61 50.4 3
      vertex 61.0783 50.4051 3
    endloop
  endfacet
  facet normal -0.0649964 0.997886 0
    outer loop
      vertex 61 50.4 3
      vertex 61.0783 50.4051 0
      vertex 61 50.4 0
    endloop
  endfacet
  facet normal 0.44211 0.896961 -0
    outer loop
      vertex 60.7704 50.4457 0
      vertex 60.7 50.4804 3
      vertex 60.7704 50.4457 3
    endloop
  endfacet
  facet normal 0.44211 0.896961 0
    outer loop
      vertex 60.7 50.4804 3
      vertex 60.7704 50.4457 0
      vertex 60.7 50.4804 0
    endloop
  endfacet
  facet normal 0.555288 0.831658 -0
    outer loop
      vertex 60.7 50.4804 0
      vertex 60.6347 50.524 3
      vertex 60.7 50.4804 3
    endloop
  endfacet
  facet normal 0.555288 0.831658 0
    outer loop
      vertex 60.6347 50.524 3
      vertex 60.7 50.4804 0
      vertex 60.6347 50.524 0
    endloop
  endfacet
  facet normal -0.980825 -0.194891 0
    outer loop
      vertex 61.5949 51.0783 0
      vertex 61.5796 51.1553 3
      vertex 61.5796 51.1553 0
    endloop
  endfacet
  facet normal -0.980825 -0.194891 0
    outer loop
      vertex 61.5796 51.1553 3
      vertex 61.5949 51.0783 0
      vertex 61.5949 51.0783 3
    endloop
  endfacet
  facet normal -0.831658 -0.555288 0
    outer loop
      vertex 61.5196 51.3 0
      vertex 61.476 51.3653 3
      vertex 61.476 51.3653 0
    endloop
  endfacet
  facet normal -0.831658 -0.555288 0
    outer loop
      vertex 61.476 51.3653 3
      vertex 61.5196 51.3 0
      vertex 61.5196 51.3 3
    endloop
  endfacet
  facet normal -0.752103 -0.659046 0
    outer loop
      vertex 61.476 51.3653 0
      vertex 61.4243 51.4243 3
      vertex 61.4243 51.4243 0
    endloop
  endfacet
  facet normal -0.752103 -0.659046 0
    outer loop
      vertex 61.4243 51.4243 3
      vertex 61.476 51.3653 0
      vertex 61.476 51.3653 3
    endloop
  endfacet
  facet normal 0.0649964 -0.997886 0
    outer loop
      vertex 60.9217 51.5949 0
      vertex 61 51.6 3
      vertex 60.9217 51.5949 3
    endloop
  endfacet
  facet normal 0.0649964 -0.997886 0
    outer loop
      vertex 61 51.6 3
      vertex 60.9217 51.5949 0
      vertex 61 51.6 0
    endloop
  endfacet
  facet normal -0.322337 -0.946625 0
    outer loop
      vertex 61.1553 51.5796 0
      vertex 61.2296 51.5543 3
      vertex 61.1553 51.5796 3
    endloop
  endfacet
  facet normal -0.322337 -0.946625 -0
    outer loop
      vertex 61.2296 51.5543 3
      vertex 61.1553 51.5796 0
      vertex 61.2296 51.5543 0
    endloop
  endfacet
  facet normal -0.0649964 -0.997886 0
    outer loop
      vertex 61 51.6 0
      vertex 61.0783 51.5949 3
      vertex 61 51.6 3
    endloop
  endfacet
  facet normal -0.0649964 -0.997886 -0
    outer loop
      vertex 61.0783 51.5949 3
      vertex 61 51.6 0
      vertex 61.0783 51.5949 0
    endloop
  endfacet
  facet normal 0.194891 -0.980825 0
    outer loop
      vertex 60.8447 51.5796 0
      vertex 60.9217 51.5949 3
      vertex 60.8447 51.5796 3
    endloop
  endfacet
  facet normal 0.194891 -0.980825 0
    outer loop
      vertex 60.9217 51.5949 3
      vertex 60.8447 51.5796 0
      vertex 60.9217 51.5949 0
    endloop
  endfacet
  facet normal 0.322337 -0.946625 0
    outer loop
      vertex 60.7704 51.5543 0
      vertex 60.8447 51.5796 3
      vertex 60.7704 51.5543 3
    endloop
  endfacet
  facet normal 0.322337 -0.946625 0
    outer loop
      vertex 60.8447 51.5796 3
      vertex 60.7704 51.5543 0
      vertex 60.8447 51.5796 0
    endloop
  endfacet
  facet normal 0.555288 -0.831658 0
    outer loop
      vertex 60.6347 51.476 0
      vertex 60.7 51.5196 3
      vertex 60.6347 51.476 3
    endloop
  endfacet
  facet normal 0.555288 -0.831658 0
    outer loop
      vertex 60.7 51.5196 3
      vertex 60.6347 51.476 0
      vertex 60.7 51.5196 0
    endloop
  endfacet
  facet normal 0.659046 -0.752103 0
    outer loop
      vertex 60.5757 51.4243 0
      vertex 60.6347 51.476 3
      vertex 60.5757 51.4243 3
    endloop
  endfacet
  facet normal 0.659046 -0.752103 0
    outer loop
      vertex 60.6347 51.476 3
      vertex 60.5757 51.4243 0
      vertex 60.6347 51.476 0
    endloop
  endfacet
  facet normal -0.997886 -0.0649964 0
    outer loop
      vertex 61.6 51 0
      vertex 61.5949 51.0783 3
      vertex 61.5949 51.0783 0
    endloop
  endfacet
  facet normal -0.997886 -0.0649964 0
    outer loop
      vertex 61.5949 51.0783 3
      vertex 61.6 51 0
      vertex 61.6 51 3
    endloop
  endfacet
  facet normal -0.194891 0.980825 0
    outer loop
      vertex 61.1553 50.4204 0
      vertex 61.0783 50.4051 3
      vertex 61.1553 50.4204 3
    endloop
  endfacet
  facet normal -0.194891 0.980825 0
    outer loop
      vertex 61.0783 50.4051 3
      vertex 61.1553 50.4204 0
      vertex 61.0783 50.4051 0
    endloop
  endfacet
  facet normal -0.831658 0.555288 0
    outer loop
      vertex 61.476 50.6347 0
      vertex 61.5196 50.7 3
      vertex 61.5196 50.7 0
    endloop
  endfacet
  facet normal -0.831658 0.555288 0
    outer loop
      vertex 61.5196 50.7 3
      vertex 61.476 50.6347 0
      vertex 61.476 50.6347 3
    endloop
  endfacet
  facet normal -0.322337 0.946625 0
    outer loop
      vertex 61.2296 50.4457 0
      vertex 61.1553 50.4204 3
      vertex 61.2296 50.4457 3
    endloop
  endfacet
  facet normal -0.322337 0.946625 0
    outer loop
      vertex 61.1553 50.4204 3
      vertex 61.2296 50.4457 0
      vertex 61.1553 50.4204 0
    endloop
  endfacet
  facet normal -0.555288 0.831658 0
    outer loop
      vertex 61.3653 50.524 0
      vertex 61.3 50.4804 3
      vertex 61.3653 50.524 3
    endloop
  endfacet
  facet normal -0.555288 0.831658 0
    outer loop
      vertex 61.3 50.4804 3
      vertex 61.3653 50.524 0
      vertex 61.3 50.4804 0
    endloop
  endfacet
  facet normal -0.659046 0.752103 0
    outer loop
      vertex 61.4243 50.5757 0
      vertex 61.3653 50.524 3
      vertex 61.4243 50.5757 3
    endloop
  endfacet
  facet normal -0.659046 0.752103 0
    outer loop
      vertex 61.3653 50.524 3
      vertex 61.4243 50.5757 0
      vertex 61.3653 50.524 0
    endloop
  endfacet
  facet normal 0.0649964 0.997886 -0
    outer loop
      vertex 61 50.4 0
      vertex 60.9217 50.4051 3
      vertex 61 50.4 3
    endloop
  endfacet
  facet normal 0.0649964 0.997886 0
    outer loop
      vertex 60.9217 50.4051 3
      vertex 61 50.4 0
      vertex 60.9217 50.4051 0
    endloop
  endfacet
  facet normal 0.322337 0.946625 -0
    outer loop
      vertex 60.8447 50.4204 0
      vertex 60.7704 50.4457 3
      vertex 60.8447 50.4204 3
    endloop
  endfacet
  facet normal 0.322337 0.946625 0
    outer loop
      vertex 60.7704 50.4457 3
      vertex 60.8447 50.4204 0
      vertex 60.7704 50.4457 0
    endloop
  endfacet
  facet normal 0.896961 0.44211 0
    outer loop
      vertex 60.4804 50.7 3
      vertex 60.4457 50.7704 0
      vertex 60.4457 50.7704 3
    endloop
  endfacet
  facet normal 0.896961 0.44211 0
    outer loop
      vertex 60.4457 50.7704 0
      vertex 60.4804 50.7 3
      vertex 60.4804 50.7 0
    endloop
  endfacet
  facet normal 0.980825 0.194891 0
    outer loop
      vertex 60.4204 50.8447 3
      vertex 60.4051 50.9217 0
      vertex 60.4051 50.9217 3
    endloop
  endfacet
  facet normal 0.980825 0.194891 0
    outer loop
      vertex 60.4051 50.9217 0
      vertex 60.4204 50.8447 3
      vertex 60.4204 50.8447 0
    endloop
  endfacet
  facet normal 0.659046 0.752103 -0
    outer loop
      vertex 60.6347 50.524 0
      vertex 60.5757 50.5757 3
      vertex 60.6347 50.524 3
    endloop
  endfacet
  facet normal 0.659046 0.752103 0
    outer loop
      vertex 60.5757 50.5757 3
      vertex 60.6347 50.524 0
      vertex 60.5757 50.5757 0
    endloop
  endfacet
  facet normal 0.997886 -0.0649964 0
    outer loop
      vertex 60.4 51 3
      vertex 60.4051 51.0783 0
      vertex 60.4051 51.0783 3
    endloop
  endfacet
  facet normal 0.997886 -0.0649964 0
    outer loop
      vertex 60.4051 51.0783 0
      vertex 60.4 51 3
      vertex 60.4 51 0
    endloop
  endfacet
  facet normal 0.896961 -0.44211 0
    outer loop
      vertex 60.4457 51.2296 3
      vertex 60.4804 51.3 0
      vertex 60.4804 51.3 3
    endloop
  endfacet
  facet normal 0.896961 -0.44211 0
    outer loop
      vertex 60.4804 51.3 0
      vertex 60.4457 51.2296 3
      vertex 60.4457 51.2296 0
    endloop
  endfacet
  facet normal -0.997886 0.0649964 0
    outer loop
      vertex 61.5949 50.9217 0
      vertex 61.6 51 3
      vertex 61.6 51 0
    endloop
  endfacet
  facet normal -0.997886 0.0649964 0
    outer loop
      vertex 61.6 51 3
      vertex 61.5949 50.9217 0
      vertex 61.5949 50.9217 3
    endloop
  endfacet
  facet normal 0.946625 0.322337 0
    outer loop
      vertex 60.4457 50.7704 3
      vertex 60.4204 50.8447 0
      vertex 60.4204 50.8447 3
    endloop
  endfacet
  facet normal 0.946625 0.322337 0
    outer loop
      vertex 60.4204 50.8447 0
      vertex 60.4457 50.7704 3
      vertex 60.4457 50.7704 0
    endloop
  endfacet
  facet normal 0.752103 0.659046 0
    outer loop
      vertex 60.5757 50.5757 3
      vertex 60.524 50.6347 0
      vertex 60.524 50.6347 3
    endloop
  endfacet
  facet normal 0.752103 0.659046 0
    outer loop
      vertex 60.524 50.6347 0
      vertex 60.5757 50.5757 3
      vertex 60.5757 50.5757 0
    endloop
  endfacet
  facet normal -0.946625 0.322337 0
    outer loop
      vertex 61.5543 50.7704 0
      vertex 61.5796 50.8447 3
      vertex 61.5796 50.8447 0
    endloop
  endfacet
  facet normal -0.946625 0.322337 0
    outer loop
      vertex 61.5796 50.8447 3
      vertex 61.5543 50.7704 0
      vertex 61.5543 50.7704 3
    endloop
  endfacet
  facet normal -0.896961 0.44211 0
    outer loop
      vertex 61.5196 50.7 0
      vertex 61.5543 50.7704 3
      vertex 61.5543 50.7704 0
    endloop
  endfacet
  facet normal -0.896961 0.44211 0
    outer loop
      vertex 61.5543 50.7704 3
      vertex 61.5196 50.7 0
      vertex 61.5196 50.7 3
    endloop
  endfacet
  facet normal -0.555288 -0.831658 0
    outer loop
      vertex 67.3 45.5196 0
      vertex 67.3653 45.476 3
      vertex 67.3 45.5196 3
    endloop
  endfacet
  facet normal -0.555288 -0.831658 -0
    outer loop
      vertex 67.3653 45.476 3
      vertex 67.3 45.5196 0
      vertex 67.3653 45.476 0
    endloop
  endfacet
  facet normal -0.980825 0.194891 0
    outer loop
      vertex 67.5796 44.8447 0
      vertex 67.5949 44.9217 3
      vertex 67.5949 44.9217 0
    endloop
  endfacet
  facet normal -0.980825 0.194891 0
    outer loop
      vertex 67.5949 44.9217 3
      vertex 67.5796 44.8447 0
      vertex 67.5796 44.8447 3
    endloop
  endfacet
  facet normal 0.194891 0.980825 -0
    outer loop
      vertex 66.9217 44.4051 0
      vertex 66.8447 44.4204 3
      vertex 66.9217 44.4051 3
    endloop
  endfacet
  facet normal 0.194891 0.980825 0
    outer loop
      vertex 66.8447 44.4204 3
      vertex 66.9217 44.4051 0
      vertex 66.8447 44.4204 0
    endloop
  endfacet
  facet normal 0.44211 -0.896961 0
    outer loop
      vertex 66.7 45.5196 0
      vertex 66.7704 45.5543 3
      vertex 66.7 45.5196 3
    endloop
  endfacet
  facet normal 0.44211 -0.896961 0
    outer loop
      vertex 66.7704 45.5543 3
      vertex 66.7 45.5196 0
      vertex 66.7704 45.5543 0
    endloop
  endfacet
  facet normal 0.946625 -0.322337 0
    outer loop
      vertex 66.4204 45.1553 3
      vertex 66.4457 45.2296 0
      vertex 66.4457 45.2296 3
    endloop
  endfacet
  facet normal 0.946625 -0.322337 0
    outer loop
      vertex 66.4457 45.2296 0
      vertex 66.4204 45.1553 3
      vertex 66.4204 45.1553 0
    endloop
  endfacet
  facet normal -0.997886 0.0649964 0
    outer loop
      vertex 67.5949 44.9217 0
      vertex 67.6 45 3
      vertex 67.6 45 0
    endloop
  endfacet
  facet normal -0.997886 0.0649964 0
    outer loop
      vertex 67.6 45 3
      vertex 67.5949 44.9217 0
      vertex 67.5949 44.9217 3
    endloop
  endfacet
  facet normal 0.322337 0.946625 -0
    outer loop
      vertex 66.8447 44.4204 0
      vertex 66.7704 44.4457 3
      vertex 66.8447 44.4204 3
    endloop
  endfacet
  facet normal 0.322337 0.946625 0
    outer loop
      vertex 66.7704 44.4457 3
      vertex 66.8447 44.4204 0
      vertex 66.7704 44.4457 0
    endloop
  endfacet
  facet normal -0.896961 -0.44211 0
    outer loop
      vertex 67.5543 45.2296 0
      vertex 67.5196 45.3 3
      vertex 67.5196 45.3 0
    endloop
  endfacet
  facet normal -0.896961 -0.44211 0
    outer loop
      vertex 67.5196 45.3 3
      vertex 67.5543 45.2296 0
      vertex 67.5543 45.2296 3
    endloop
  endfacet
  facet normal -0.831658 -0.555288 0
    outer loop
      vertex 67.5196 45.3 0
      vertex 67.476 45.3653 3
      vertex 67.476 45.3653 0
    endloop
  endfacet
  facet normal -0.831658 -0.555288 0
    outer loop
      vertex 67.476 45.3653 3
      vertex 67.5196 45.3 0
      vertex 67.5196 45.3 3
    endloop
  endfacet
  facet normal -0.659046 -0.752103 0
    outer loop
      vertex 67.3653 45.476 0
      vertex 67.4243 45.4243 3
      vertex 67.3653 45.476 3
    endloop
  endfacet
  facet normal -0.659046 -0.752103 -0
    outer loop
      vertex 67.4243 45.4243 3
      vertex 67.3653 45.476 0
      vertex 67.4243 45.4243 0
    endloop
  endfacet
  facet normal -0.322337 -0.946625 0
    outer loop
      vertex 67.1553 45.5796 0
      vertex 67.2296 45.5543 3
      vertex 67.1553 45.5796 3
    endloop
  endfacet
  facet normal -0.322337 -0.946625 -0
    outer loop
      vertex 67.2296 45.5543 3
      vertex 67.1553 45.5796 0
      vertex 67.2296 45.5543 0
    endloop
  endfacet
  facet normal -0.0649964 -0.997886 0
    outer loop
      vertex 67 45.6 0
      vertex 67.0783 45.5949 3
      vertex 67 45.6 3
    endloop
  endfacet
  facet normal -0.0649964 -0.997886 -0
    outer loop
      vertex 67.0783 45.5949 3
      vertex 67 45.6 0
      vertex 67.0783 45.5949 0
    endloop
  endfacet
  facet normal 0.997886 -0.0649964 0
    outer loop
      vertex 66.4 45 3
      vertex 66.4051 45.0783 0
      vertex 66.4051 45.0783 3
    endloop
  endfacet
  facet normal 0.997886 -0.0649964 0
    outer loop
      vertex 66.4051 45.0783 0
      vertex 66.4 45 3
      vertex 66.4 45 0
    endloop
  endfacet
  facet normal 0.831658 -0.555288 0
    outer loop
      vertex 66.4804 45.3 3
      vertex 66.524 45.3653 0
      vertex 66.524 45.3653 3
    endloop
  endfacet
  facet normal 0.831658 -0.555288 0
    outer loop
      vertex 66.524 45.3653 0
      vertex 66.4804 45.3 3
      vertex 66.4804 45.3 0
    endloop
  endfacet
  facet normal 0.322337 -0.946625 0
    outer loop
      vertex 66.7704 45.5543 0
      vertex 66.8447 45.5796 3
      vertex 66.7704 45.5543 3
    endloop
  endfacet
  facet normal 0.322337 -0.946625 0
    outer loop
      vertex 66.8447 45.5796 3
      vertex 66.7704 45.5543 0
      vertex 66.8447 45.5796 0
    endloop
  endfacet
  facet normal 0.752103 -0.659046 0
    outer loop
      vertex 66.524 45.3653 3
      vertex 66.5757 45.4243 0
      vertex 66.5757 45.4243 3
    endloop
  endfacet
  facet normal 0.752103 -0.659046 0
    outer loop
      vertex 66.5757 45.4243 0
      vertex 66.524 45.3653 3
      vertex 66.524 45.3653 0
    endloop
  endfacet
  facet normal -0.946625 0.322337 0
    outer loop
      vertex 67.5543 44.7704 0
      vertex 67.5796 44.8447 3
      vertex 67.5796 44.8447 0
    endloop
  endfacet
  facet normal -0.946625 0.322337 0
    outer loop
      vertex 67.5796 44.8447 3
      vertex 67.5543 44.7704 0
      vertex 67.5543 44.7704 3
    endloop
  endfacet
  facet normal -0.44211 0.896961 0
    outer loop
      vertex 67.3 44.4804 0
      vertex 67.2296 44.4457 3
      vertex 67.3 44.4804 3
    endloop
  endfacet
  facet normal -0.44211 0.896961 0
    outer loop
      vertex 67.2296 44.4457 3
      vertex 67.3 44.4804 0
      vertex 67.2296 44.4457 0
    endloop
  endfacet
  facet normal 0.0649964 0.997886 -0
    outer loop
      vertex 67 44.4 0
      vertex 66.9217 44.4051 3
      vertex 67 44.4 3
    endloop
  endfacet
  facet normal 0.0649964 0.997886 0
    outer loop
      vertex 66.9217 44.4051 3
      vertex 67 44.4 0
      vertex 66.9217 44.4051 0
    endloop
  endfacet
  facet normal 0.555288 0.831658 -0
    outer loop
      vertex 66.7 44.4804 0
      vertex 66.6347 44.524 3
      vertex 66.7 44.4804 3
    endloop
  endfacet
  facet normal 0.555288 0.831658 0
    outer loop
      vertex 66.6347 44.524 3
      vertex 66.7 44.4804 0
      vertex 66.6347 44.524 0
    endloop
  endfacet
  facet normal 0.946625 0.322337 0
    outer loop
      vertex 66.4457 44.7704 3
      vertex 66.4204 44.8447 0
      vertex 66.4204 44.8447 3
    endloop
  endfacet
  facet normal 0.946625 0.322337 0
    outer loop
      vertex 66.4204 44.8447 0
      vertex 66.4457 44.7704 3
      vertex 66.4457 44.7704 0
    endloop
  endfacet
  facet normal -0.946625 -0.322337 0
    outer loop
      vertex 67.5796 45.1553 0
      vertex 67.5543 45.2296 3
      vertex 67.5543 45.2296 0
    endloop
  endfacet
  facet normal -0.946625 -0.322337 0
    outer loop
      vertex 67.5543 45.2296 3
      vertex 67.5796 45.1553 0
      vertex 67.5796 45.1553 3
    endloop
  endfacet
  facet normal -0.752103 -0.659046 0
    outer loop
      vertex 67.476 45.3653 0
      vertex 67.4243 45.4243 3
      vertex 67.4243 45.4243 0
    endloop
  endfacet
  facet normal -0.752103 -0.659046 0
    outer loop
      vertex 67.4243 45.4243 3
      vertex 67.476 45.3653 0
      vertex 67.476 45.3653 3
    endloop
  endfacet
  facet normal 0.0649964 -0.997886 0
    outer loop
      vertex 66.9217 45.5949 0
      vertex 67 45.6 3
      vertex 66.9217 45.5949 3
    endloop
  endfacet
  facet normal 0.0649964 -0.997886 0
    outer loop
      vertex 67 45.6 3
      vertex 66.9217 45.5949 0
      vertex 67 45.6 0
    endloop
  endfacet
  facet normal -0.44211 -0.896961 0
    outer loop
      vertex 67.2296 45.5543 0
      vertex 67.3 45.5196 3
      vertex 67.2296 45.5543 3
    endloop
  endfacet
  facet normal -0.44211 -0.896961 -0
    outer loop
      vertex 67.3 45.5196 3
      vertex 67.2296 45.5543 0
      vertex 67.3 45.5196 0
    endloop
  endfacet
  facet normal -0.194891 -0.980825 0
    outer loop
      vertex 67.0783 45.5949 0
      vertex 67.1553 45.5796 3
      vertex 67.0783 45.5949 3
    endloop
  endfacet
  facet normal -0.194891 -0.980825 -0
    outer loop
      vertex 67.1553 45.5796 3
      vertex 67.0783 45.5949 0
      vertex 67.1553 45.5796 0
    endloop
  endfacet
  facet normal 0.997886 0.0649964 0
    outer loop
      vertex 66.4051 44.9217 3
      vertex 66.4 45 0
      vertex 66.4 45 3
    endloop
  endfacet
  facet normal 0.997886 0.0649964 0
    outer loop
      vertex 66.4 45 0
      vertex 66.4051 44.9217 3
      vertex 66.4051 44.9217 0
    endloop
  endfacet
  facet normal 0.980825 -0.194891 0
    outer loop
      vertex 66.4051 45.0783 3
      vertex 66.4204 45.1553 0
      vertex 66.4204 45.1553 3
    endloop
  endfacet
  facet normal 0.980825 -0.194891 0
    outer loop
      vertex 66.4204 45.1553 0
      vertex 66.4051 45.0783 3
      vertex 66.4051 45.0783 0
    endloop
  endfacet
  facet normal 0.896961 -0.44211 0
    outer loop
      vertex 66.4457 45.2296 3
      vertex 66.4804 45.3 0
      vertex 66.4804 45.3 3
    endloop
  endfacet
  facet normal 0.896961 -0.44211 0
    outer loop
      vertex 66.4804 45.3 0
      vertex 66.4457 45.2296 3
      vertex 66.4457 45.2296 0
    endloop
  endfacet
  facet normal 0.194891 -0.980825 0
    outer loop
      vertex 66.8447 45.5796 0
      vertex 66.9217 45.5949 3
      vertex 66.8447 45.5796 3
    endloop
  endfacet
  facet normal 0.194891 -0.980825 0
    outer loop
      vertex 66.9217 45.5949 3
      vertex 66.8447 45.5796 0
      vertex 66.9217 45.5949 0
    endloop
  endfacet
  facet normal 0.659046 -0.752103 0
    outer loop
      vertex 66.5757 45.4243 0
      vertex 66.6347 45.476 3
      vertex 66.5757 45.4243 3
    endloop
  endfacet
  facet normal 0.659046 -0.752103 0
    outer loop
      vertex 66.6347 45.476 3
      vertex 66.5757 45.4243 0
      vertex 66.6347 45.476 0
    endloop
  endfacet
  facet normal 0.555288 -0.831658 0
    outer loop
      vertex 66.6347 45.476 0
      vertex 66.7 45.5196 3
      vertex 66.6347 45.476 3
    endloop
  endfacet
  facet normal 0.555288 -0.831658 0
    outer loop
      vertex 66.7 45.5196 3
      vertex 66.6347 45.476 0
      vertex 66.7 45.5196 0
    endloop
  endfacet
  facet normal -0.997886 -0.0649964 0
    outer loop
      vertex 67.6 45 0
      vertex 67.5949 45.0783 3
      vertex 67.5949 45.0783 0
    endloop
  endfacet
  facet normal -0.997886 -0.0649964 0
    outer loop
      vertex 67.5949 45.0783 3
      vertex 67.6 45 0
      vertex 67.6 45 3
    endloop
  endfacet
  facet normal -0.194891 0.980825 0
    outer loop
      vertex 67.1553 44.4204 0
      vertex 67.0783 44.4051 3
      vertex 67.1553 44.4204 3
    endloop
  endfacet
  facet normal -0.194891 0.980825 0
    outer loop
      vertex 67.0783 44.4051 3
      vertex 67.1553 44.4204 0
      vertex 67.0783 44.4051 0
    endloop
  endfacet
  facet normal -0.831658 0.555288 0
    outer loop
      vertex 67.476 44.6347 0
      vertex 67.5196 44.7 3
      vertex 67.5196 44.7 0
    endloop
  endfacet
  facet normal -0.831658 0.555288 0
    outer loop
      vertex 67.5196 44.7 3
      vertex 67.476 44.6347 0
      vertex 67.476 44.6347 3
    endloop
  endfacet
  facet normal -0.896961 0.44211 0
    outer loop
      vertex 67.5196 44.7 0
      vertex 67.5543 44.7704 3
      vertex 67.5543 44.7704 0
    endloop
  endfacet
  facet normal -0.896961 0.44211 0
    outer loop
      vertex 67.5543 44.7704 3
      vertex 67.5196 44.7 0
      vertex 67.5196 44.7 3
    endloop
  endfacet
  facet normal -0.322337 0.946625 0
    outer loop
      vertex 67.2296 44.4457 0
      vertex 67.1553 44.4204 3
      vertex 67.2296 44.4457 3
    endloop
  endfacet
  facet normal -0.322337 0.946625 0
    outer loop
      vertex 67.1553 44.4204 3
      vertex 67.2296 44.4457 0
      vertex 67.1553 44.4204 0
    endloop
  endfacet
  facet normal -0.752103 0.659046 0
    outer loop
      vertex 67.4243 44.5757 0
      vertex 67.476 44.6347 3
      vertex 67.476 44.6347 0
    endloop
  endfacet
  facet normal -0.752103 0.659046 0
    outer loop
      vertex 67.476 44.6347 3
      vertex 67.4243 44.5757 0
      vertex 67.4243 44.5757 3
    endloop
  endfacet
  facet normal -0.555288 0.831658 0
    outer loop
      vertex 67.3653 44.524 0
      vertex 67.3 44.4804 3
      vertex 67.3653 44.524 3
    endloop
  endfacet
  facet normal -0.555288 0.831658 0
    outer loop
      vertex 67.3 44.4804 3
      vertex 67.3653 44.524 0
      vertex 67.3 44.4804 0
    endloop
  endfacet
  facet normal -0.0649964 0.997886 0
    outer loop
      vertex 67.0783 44.4051 0
      vertex 67 44.4 3
      vertex 67.0783 44.4051 3
    endloop
  endfacet
  facet normal -0.0649964 0.997886 0
    outer loop
      vertex 67 44.4 3
      vertex 67.0783 44.4051 0
      vertex 67 44.4 0
    endloop
  endfacet
  facet normal 0.44211 0.896961 -0
    outer loop
      vertex 66.7704 44.4457 0
      vertex 66.7 44.4804 3
      vertex 66.7704 44.4457 3
    endloop
  endfacet
  facet normal 0.44211 0.896961 0
    outer loop
      vertex 66.7 44.4804 3
      vertex 66.7704 44.4457 0
      vertex 66.7 44.4804 0
    endloop
  endfacet
  facet normal 0.896961 0.44211 0
    outer loop
      vertex 66.4804 44.7 3
      vertex 66.4457 44.7704 0
      vertex 66.4457 44.7704 3
    endloop
  endfacet
  facet normal 0.896961 0.44211 0
    outer loop
      vertex 66.4457 44.7704 0
      vertex 66.4804 44.7 3
      vertex 66.4804 44.7 0
    endloop
  endfacet
  facet normal 0.980825 0.194891 0
    outer loop
      vertex 66.4204 44.8447 3
      vertex 66.4051 44.9217 0
      vertex 66.4051 44.9217 3
    endloop
  endfacet
  facet normal 0.980825 0.194891 0
    outer loop
      vertex 66.4051 44.9217 0
      vertex 66.4204 44.8447 3
      vertex 66.4204 44.8447 0
    endloop
  endfacet
  facet normal 0.659046 0.752103 -0
    outer loop
      vertex 66.6347 44.524 0
      vertex 66.5757 44.5757 3
      vertex 66.6347 44.524 3
    endloop
  endfacet
  facet normal 0.659046 0.752103 0
    outer loop
      vertex 66.5757 44.5757 3
      vertex 66.6347 44.524 0
      vertex 66.5757 44.5757 0
    endloop
  endfacet
  facet normal 0.831658 0.555288 0
    outer loop
      vertex 66.524 44.6347 3
      vertex 66.4804 44.7 0
      vertex 66.4804 44.7 3
    endloop
  endfacet
  facet normal 0.831658 0.555288 0
    outer loop
      vertex 66.4804 44.7 0
      vertex 66.524 44.6347 3
      vertex 66.524 44.6347 0
    endloop
  endfacet
  facet normal -0.980825 -0.194891 0
    outer loop
      vertex 67.5949 45.0783 0
      vertex 67.5796 45.1553 3
      vertex 67.5796 45.1553 0
    endloop
  endfacet
  facet normal -0.980825 -0.194891 0
    outer loop
      vertex 67.5796 45.1553 3
      vertex 67.5949 45.0783 0
      vertex 67.5949 45.0783 3
    endloop
  endfacet
  facet normal -0.659046 0.752103 0
    outer loop
      vertex 67.4243 44.5757 0
      vertex 67.3653 44.524 3
      vertex 67.4243 44.5757 3
    endloop
  endfacet
  facet normal -0.659046 0.752103 0
    outer loop
      vertex 67.3653 44.524 3
      vertex 67.4243 44.5757 0
      vertex 67.3653 44.524 0
    endloop
  endfacet
  facet normal 0.752103 0.659046 0
    outer loop
      vertex 66.5757 44.5757 3
      vertex 66.524 44.6347 0
      vertex 66.524 44.6347 3
    endloop
  endfacet
  facet normal 0.752103 0.659046 0
    outer loop
      vertex 66.524 44.6347 0
      vertex 66.5757 44.5757 3
      vertex 66.5757 44.5757 0
    endloop
  endfacet
  facet normal -0.555288 -0.831658 0
    outer loop
      vertex 67.3 51.5196 0
      vertex 67.3653 51.476 3
      vertex 67.3 51.5196 3
    endloop
  endfacet
  facet normal -0.555288 -0.831658 -0
    outer loop
      vertex 67.3653 51.476 3
      vertex 67.3 51.5196 0
      vertex 67.3653 51.476 0
    endloop
  endfacet
  facet normal 0.980825 -0.194891 0
    outer loop
      vertex 66.4051 51.0783 3
      vertex 66.4204 51.1553 0
      vertex 66.4204 51.1553 3
    endloop
  endfacet
  facet normal 0.980825 -0.194891 0
    outer loop
      vertex 66.4204 51.1553 0
      vertex 66.4051 51.0783 3
      vertex 66.4051 51.0783 0
    endloop
  endfacet
  facet normal -0.980825 0.194891 0
    outer loop
      vertex 67.5796 50.8447 0
      vertex 67.5949 50.9217 3
      vertex 67.5949 50.9217 0
    endloop
  endfacet
  facet normal -0.980825 0.194891 0
    outer loop
      vertex 67.5949 50.9217 3
      vertex 67.5796 50.8447 0
      vertex 67.5796 50.8447 3
    endloop
  endfacet
  facet normal 0.194891 0.980825 -0
    outer loop
      vertex 66.9217 50.4051 0
      vertex 66.8447 50.4204 3
      vertex 66.9217 50.4051 3
    endloop
  endfacet
  facet normal 0.194891 0.980825 0
    outer loop
      vertex 66.8447 50.4204 3
      vertex 66.9217 50.4051 0
      vertex 66.8447 50.4204 0
    endloop
  endfacet
  facet normal 0.44211 -0.896961 0
    outer loop
      vertex 66.7 51.5196 0
      vertex 66.7704 51.5543 3
      vertex 66.7 51.5196 3
    endloop
  endfacet
  facet normal 0.44211 -0.896961 0
    outer loop
      vertex 66.7704 51.5543 3
      vertex 66.7 51.5196 0
      vertex 66.7704 51.5543 0
    endloop
  endfacet
  facet normal 0.946625 -0.322337 0
    outer loop
      vertex 66.4204 51.1553 3
      vertex 66.4457 51.2296 0
      vertex 66.4457 51.2296 3
    endloop
  endfacet
  facet normal 0.946625 -0.322337 0
    outer loop
      vertex 66.4457 51.2296 0
      vertex 66.4204 51.1553 3
      vertex 66.4204 51.1553 0
    endloop
  endfacet
  facet normal -0.752103 0.659046 0
    outer loop
      vertex 67.4243 50.5757 0
      vertex 67.476 50.6347 3
      vertex 67.476 50.6347 0
    endloop
  endfacet
  facet normal -0.752103 0.659046 0
    outer loop
      vertex 67.476 50.6347 3
      vertex 67.4243 50.5757 0
      vertex 67.4243 50.5757 3
    endloop
  endfacet
  facet normal 0.831658 0.555288 0
    outer loop
      vertex 66.524 50.6347 3
      vertex 66.4804 50.7 0
      vertex 66.4804 50.7 3
    endloop
  endfacet
  facet normal 0.831658 0.555288 0
    outer loop
      vertex 66.4804 50.7 0
      vertex 66.524 50.6347 3
      vertex 66.524 50.6347 0
    endloop
  endfacet
  facet normal -0.946625 -0.322337 0
    outer loop
      vertex 67.5796 51.1553 0
      vertex 67.5543 51.2296 3
      vertex 67.5543 51.2296 0
    endloop
  endfacet
  facet normal -0.946625 -0.322337 0
    outer loop
      vertex 67.5543 51.2296 3
      vertex 67.5796 51.1553 0
      vertex 67.5796 51.1553 3
    endloop
  endfacet
  facet normal -0.896961 -0.44211 0
    outer loop
      vertex 67.5543 51.2296 0
      vertex 67.5196 51.3 3
      vertex 67.5196 51.3 0
    endloop
  endfacet
  facet normal -0.896961 -0.44211 0
    outer loop
      vertex 67.5196 51.3 3
      vertex 67.5543 51.2296 0
      vertex 67.5543 51.2296 3
    endloop
  endfacet
  facet normal -0.659046 -0.752103 0
    outer loop
      vertex 67.3653 51.476 0
      vertex 67.4243 51.4243 3
      vertex 67.3653 51.476 3
    endloop
  endfacet
  facet normal -0.659046 -0.752103 -0
    outer loop
      vertex 67.4243 51.4243 3
      vertex 67.3653 51.476 0
      vertex 67.4243 51.4243 0
    endloop
  endfacet
  facet normal -0.44211 -0.896961 0
    outer loop
      vertex 67.2296 51.5543 0
      vertex 67.3 51.5196 3
      vertex 67.2296 51.5543 3
    endloop
  endfacet
  facet normal -0.44211 -0.896961 -0
    outer loop
      vertex 67.3 51.5196 3
      vertex 67.2296 51.5543 0
      vertex 67.3 51.5196 0
    endloop
  endfacet
  facet normal -0.194891 -0.980825 0
    outer loop
      vertex 67.0783 51.5949 0
      vertex 67.1553 51.5796 3
      vertex 67.0783 51.5949 3
    endloop
  endfacet
  facet normal -0.194891 -0.980825 -0
    outer loop
      vertex 67.1553 51.5796 3
      vertex 67.0783 51.5949 0
      vertex 67.1553 51.5796 0
    endloop
  endfacet
  facet normal 0.997886 0.0649964 0
    outer loop
      vertex 66.4051 50.9217 3
      vertex 66.4 51 0
      vertex 66.4 51 3
    endloop
  endfacet
  facet normal 0.997886 0.0649964 0
    outer loop
      vertex 66.4 51 0
      vertex 66.4051 50.9217 3
      vertex 66.4051 50.9217 0
    endloop
  endfacet
  facet normal 0.831658 -0.555288 0
    outer loop
      vertex 66.4804 51.3 3
      vertex 66.524 51.3653 0
      vertex 66.524 51.3653 3
    endloop
  endfacet
  facet normal 0.831658 -0.555288 0
    outer loop
      vertex 66.524 51.3653 0
      vertex 66.4804 51.3 3
      vertex 66.4804 51.3 0
    endloop
  endfacet
  facet normal 0.752103 -0.659046 0
    outer loop
      vertex 66.524 51.3653 3
      vertex 66.5757 51.4243 0
      vertex 66.5757 51.4243 3
    endloop
  endfacet
  facet normal 0.752103 -0.659046 0
    outer loop
      vertex 66.5757 51.4243 0
      vertex 66.524 51.3653 3
      vertex 66.524 51.3653 0
    endloop
  endfacet
  facet normal -0.44211 0.896961 0
    outer loop
      vertex 67.3 50.4804 0
      vertex 67.2296 50.4457 3
      vertex 67.3 50.4804 3
    endloop
  endfacet
  facet normal -0.44211 0.896961 0
    outer loop
      vertex 67.2296 50.4457 3
      vertex 67.3 50.4804 0
      vertex 67.2296 50.4457 0
    endloop
  endfacet
  facet normal -0.0649964 0.997886 0
    outer loop
      vertex 67.0783 50.4051 0
      vertex 67 50.4 3
      vertex 67.0783 50.4051 3
    endloop
  endfacet
  facet normal -0.0649964 0.997886 0
    outer loop
      vertex 67 50.4 3
      vertex 67.0783 50.4051 0
      vertex 67 50.4 0
    endloop
  endfacet
  facet normal 0.44211 0.896961 -0
    outer loop
      vertex 66.7704 50.4457 0
      vertex 66.7 50.4804 3
      vertex 66.7704 50.4457 3
    endloop
  endfacet
  facet normal 0.44211 0.896961 0
    outer loop
      vertex 66.7 50.4804 3
      vertex 66.7704 50.4457 0
      vertex 66.7 50.4804 0
    endloop
  endfacet
  facet normal 0.555288 0.831658 -0
    outer loop
      vertex 66.7 50.4804 0
      vertex 66.6347 50.524 3
      vertex 66.7 50.4804 3
    endloop
  endfacet
  facet normal 0.555288 0.831658 0
    outer loop
      vertex 66.6347 50.524 3
      vertex 66.7 50.4804 0
      vertex 66.6347 50.524 0
    endloop
  endfacet
  facet normal -0.980825 -0.194891 0
    outer loop
      vertex 67.5949 51.0783 0
      vertex 67.5796 51.1553 3
      vertex 67.5796 51.1553 0
    endloop
  endfacet
  facet normal -0.980825 -0.194891 0
    outer loop
      vertex 67.5796 51.1553 3
      vertex 67.5949 51.0783 0
      vertex 67.5949 51.0783 3
    endloop
  endfacet
  facet normal -0.831658 -0.555288 0
    outer loop
      vertex 67.5196 51.3 0
      vertex 67.476 51.3653 3
      vertex 67.476 51.3653 0
    endloop
  endfacet
  facet normal -0.831658 -0.555288 0
    outer loop
      vertex 67.476 51.3653 3
      vertex 67.5196 51.3 0
      vertex 67.5196 51.3 3
    endloop
  endfacet
  facet normal -0.752103 -0.659046 0
    outer loop
      vertex 67.476 51.3653 0
      vertex 67.4243 51.4243 3
      vertex 67.4243 51.4243 0
    endloop
  endfacet
  facet normal -0.752103 -0.659046 0
    outer loop
      vertex 67.4243 51.4243 3
      vertex 67.476 51.3653 0
      vertex 67.476 51.3653 3
    endloop
  endfacet
  facet normal 0.0649964 -0.997886 0
    outer loop
      vertex 66.9217 51.5949 0
      vertex 67 51.6 3
      vertex 66.9217 51.5949 3
    endloop
  endfacet
  facet normal 0.0649964 -0.997886 0
    outer loop
      vertex 67 51.6 3
      vertex 66.9217 51.5949 0
      vertex 67 51.6 0
    endloop
  endfacet
  facet normal -0.322337 -0.946625 0
    outer loop
      vertex 67.1553 51.5796 0
      vertex 67.2296 51.5543 3
      vertex 67.1553 51.5796 3
    endloop
  endfacet
  facet normal -0.322337 -0.946625 -0
    outer loop
      vertex 67.2296 51.5543 3
      vertex 67.1553 51.5796 0
      vertex 67.2296 51.5543 0
    endloop
  endfacet
  facet normal 0.194891 -0.980825 0
    outer loop
      vertex 66.8447 51.5796 0
      vertex 66.9217 51.5949 3
      vertex 66.8447 51.5796 3
    endloop
  endfacet
  facet normal 0.194891 -0.980825 0
    outer loop
      vertex 66.9217 51.5949 3
      vertex 66.8447 51.5796 0
      vertex 66.9217 51.5949 0
    endloop
  endfacet
  facet normal 0.322337 -0.946625 0
    outer loop
      vertex 66.7704 51.5543 0
      vertex 66.8447 51.5796 3
      vertex 66.7704 51.5543 3
    endloop
  endfacet
  facet normal 0.322337 -0.946625 0
    outer loop
      vertex 66.8447 51.5796 3
      vertex 66.7704 51.5543 0
      vertex 66.8447 51.5796 0
    endloop
  endfacet
  facet normal 0.555288 -0.831658 0
    outer loop
      vertex 66.6347 51.476 0
      vertex 66.7 51.5196 3
      vertex 66.6347 51.476 3
    endloop
  endfacet
  facet normal 0.555288 -0.831658 0
    outer loop
      vertex 66.7 51.5196 3
      vertex 66.6347 51.476 0
      vertex 66.7 51.5196 0
    endloop
  endfacet
  facet normal 0.659046 -0.752103 0
    outer loop
      vertex 66.5757 51.4243 0
      vertex 66.6347 51.476 3
      vertex 66.5757 51.4243 3
    endloop
  endfacet
  facet normal 0.659046 -0.752103 0
    outer loop
      vertex 66.6347 51.476 3
      vertex 66.5757 51.4243 0
      vertex 66.6347 51.476 0
    endloop
  endfacet
  facet normal -0.997886 -0.0649964 0
    outer loop
      vertex 67.6 51 0
      vertex 67.5949 51.0783 3
      vertex 67.5949 51.0783 0
    endloop
  endfacet
  facet normal -0.997886 -0.0649964 0
    outer loop
      vertex 67.5949 51.0783 3
      vertex 67.6 51 0
      vertex 67.6 51 3
    endloop
  endfacet
  facet normal -0.194891 0.980825 0
    outer loop
      vertex 67.1553 50.4204 0
      vertex 67.0783 50.4051 3
      vertex 67.1553 50.4204 3
    endloop
  endfacet
  facet normal -0.194891 0.980825 0
    outer loop
      vertex 67.0783 50.4051 3
      vertex 67.1553 50.4204 0
      vertex 67.0783 50.4051 0
    endloop
  endfacet
  facet normal -0.831658 0.555288 0
    outer loop
      vertex 67.476 50.6347 0
      vertex 67.5196 50.7 3
      vertex 67.5196 50.7 0
    endloop
  endfacet
  facet normal -0.831658 0.555288 0
    outer loop
      vertex 67.5196 50.7 3
      vertex 67.476 50.6347 0
      vertex 67.476 50.6347 3
    endloop
  endfacet
  facet normal -0.322337 0.946625 0
    outer loop
      vertex 67.2296 50.4457 0
      vertex 67.1553 50.4204 3
      vertex 67.2296 50.4457 3
    endloop
  endfacet
  facet normal -0.322337 0.946625 0
    outer loop
      vertex 67.1553 50.4204 3
      vertex 67.2296 50.4457 0
      vertex 67.1553 50.4204 0
    endloop
  endfacet
  facet normal -0.555288 0.831658 0
    outer loop
      vertex 67.3653 50.524 0
      vertex 67.3 50.4804 3
      vertex 67.3653 50.524 3
    endloop
  endfacet
  facet normal -0.555288 0.831658 0
    outer loop
      vertex 67.3 50.4804 3
      vertex 67.3653 50.524 0
      vertex 67.3 50.4804 0
    endloop
  endfacet
  facet normal -0.659046 0.752103 0
    outer loop
      vertex 67.4243 50.5757 0
      vertex 67.3653 50.524 3
      vertex 67.4243 50.5757 3
    endloop
  endfacet
  facet normal -0.659046 0.752103 0
    outer loop
      vertex 67.3653 50.524 3
      vertex 67.4243 50.5757 0
      vertex 67.3653 50.524 0
    endloop
  endfacet
  facet normal 0.0649964 0.997886 -0
    outer loop
      vertex 67 50.4 0
      vertex 66.9217 50.4051 3
      vertex 67 50.4 3
    endloop
  endfacet
  facet normal 0.0649964 0.997886 0
    outer loop
      vertex 66.9217 50.4051 3
      vertex 67 50.4 0
      vertex 66.9217 50.4051 0
    endloop
  endfacet
  facet normal 0.322337 0.946625 -0
    outer loop
      vertex 66.8447 50.4204 0
      vertex 66.7704 50.4457 3
      vertex 66.8447 50.4204 3
    endloop
  endfacet
  facet normal 0.322337 0.946625 0
    outer loop
      vertex 66.7704 50.4457 3
      vertex 66.8447 50.4204 0
      vertex 66.7704 50.4457 0
    endloop
  endfacet
  facet normal 0.896961 0.44211 0
    outer loop
      vertex 66.4804 50.7 3
      vertex 66.4457 50.7704 0
      vertex 66.4457 50.7704 3
    endloop
  endfacet
  facet normal 0.896961 0.44211 0
    outer loop
      vertex 66.4457 50.7704 0
      vertex 66.4804 50.7 3
      vertex 66.4804 50.7 0
    endloop
  endfacet
  facet normal 0.980825 0.194891 0
    outer loop
      vertex 66.4204 50.8447 3
      vertex 66.4051 50.9217 0
      vertex 66.4051 50.9217 3
    endloop
  endfacet
  facet normal 0.980825 0.194891 0
    outer loop
      vertex 66.4051 50.9217 0
      vertex 66.4204 50.8447 3
      vertex 66.4204 50.8447 0
    endloop
  endfacet
  facet normal 0.659046 0.752103 -0
    outer loop
      vertex 66.6347 50.524 0
      vertex 66.5757 50.5757 3
      vertex 66.6347 50.524 3
    endloop
  endfacet
  facet normal 0.659046 0.752103 0
    outer loop
      vertex 66.5757 50.5757 3
      vertex 66.6347 50.524 0
      vertex 66.5757 50.5757 0
    endloop
  endfacet
  facet normal -0.0649964 -0.997886 0
    outer loop
      vertex 67 51.6 0
      vertex 67.0783 51.5949 3
      vertex 67 51.6 3
    endloop
  endfacet
  facet normal -0.0649964 -0.997886 -0
    outer loop
      vertex 67.0783 51.5949 3
      vertex 67 51.6 0
      vertex 67.0783 51.5949 0
    endloop
  endfacet
  facet normal 0.997886 -0.0649964 0
    outer loop
      vertex 66.4 51 3
      vertex 66.4051 51.0783 0
      vertex 66.4051 51.0783 3
    endloop
  endfacet
  facet normal 0.997886 -0.0649964 0
    outer loop
      vertex 66.4051 51.0783 0
      vertex 66.4 51 3
      vertex 66.4 51 0
    endloop
  endfacet
  facet normal 0.896961 -0.44211 0
    outer loop
      vertex 66.4457 51.2296 3
      vertex 66.4804 51.3 0
      vertex 66.4804 51.3 3
    endloop
  endfacet
  facet normal 0.896961 -0.44211 0
    outer loop
      vertex 66.4804 51.3 0
      vertex 66.4457 51.2296 3
      vertex 66.4457 51.2296 0
    endloop
  endfacet
  facet normal -0.997886 0.0649964 0
    outer loop
      vertex 67.5949 50.9217 0
      vertex 67.6 51 3
      vertex 67.6 51 0
    endloop
  endfacet
  facet normal -0.997886 0.0649964 0
    outer loop
      vertex 67.6 51 3
      vertex 67.5949 50.9217 0
      vertex 67.5949 50.9217 3
    endloop
  endfacet
  facet normal 0.946625 0.322337 0
    outer loop
      vertex 66.4457 50.7704 3
      vertex 66.4204 50.8447 0
      vertex 66.4204 50.8447 3
    endloop
  endfacet
  facet normal 0.946625 0.322337 0
    outer loop
      vertex 66.4204 50.8447 0
      vertex 66.4457 50.7704 3
      vertex 66.4457 50.7704 0
    endloop
  endfacet
  facet normal 0.752103 0.659046 0
    outer loop
      vertex 66.5757 50.5757 3
      vertex 66.524 50.6347 0
      vertex 66.524 50.6347 3
    endloop
  endfacet
  facet normal 0.752103 0.659046 0
    outer loop
      vertex 66.524 50.6347 0
      vertex 66.5757 50.5757 3
      vertex 66.5757 50.5757 0
    endloop
  endfacet
  facet normal -0.946625 0.322337 0
    outer loop
      vertex 67.5543 50.7704 0
      vertex 67.5796 50.8447 3
      vertex 67.5796 50.8447 0
    endloop
  endfacet
  facet normal -0.946625 0.322337 0
    outer loop
      vertex 67.5796 50.8447 3
      vertex 67.5543 50.7704 0
      vertex 67.5543 50.7704 3
    endloop
  endfacet
  facet normal -0.896961 0.44211 0
    outer loop
      vertex 67.5196 50.7 0
      vertex 67.5543 50.7704 3
      vertex 67.5543 50.7704 0
    endloop
  endfacet
  facet normal -0.896961 0.44211 0
    outer loop
      vertex 67.5543 50.7704 3
      vertex 67.5196 50.7 0
      vertex 67.5196 50.7 3
    endloop
  endfacet
  facet normal -0.555288 -0.831658 0
    outer loop
      vertex 73.3 45.5196 0
      vertex 73.3653 45.476 3
      vertex 73.3 45.5196 3
    endloop
  endfacet
  facet normal -0.555288 -0.831658 -0
    outer loop
      vertex 73.3653 45.476 3
      vertex 73.3 45.5196 0
      vertex 73.3653 45.476 0
    endloop
  endfacet
  facet normal 0.980825 -0.194891 0
    outer loop
      vertex 72.4051 45.0783 3
      vertex 72.4204 45.1553 0
      vertex 72.4204 45.1553 3
    endloop
  endfacet
  facet normal 0.980825 -0.194891 0
    outer loop
      vertex 72.4204 45.1553 0
      vertex 72.4051 45.0783 3
      vertex 72.4051 45.0783 0
    endloop
  endfacet
  facet normal -0.980825 0.194891 0
    outer loop
      vertex 73.5796 44.8447 0
      vertex 73.5949 44.9217 3
      vertex 73.5949 44.9217 0
    endloop
  endfacet
  facet normal -0.980825 0.194891 0
    outer loop
      vertex 73.5949 44.9217 3
      vertex 73.5796 44.8447 0
      vertex 73.5796 44.8447 3
    endloop
  endfacet
  facet normal 0.194891 0.980825 -0
    outer loop
      vertex 72.9217 44.4051 0
      vertex 72.8447 44.4204 3
      vertex 72.9217 44.4051 3
    endloop
  endfacet
  facet normal 0.194891 0.980825 0
    outer loop
      vertex 72.8447 44.4204 3
      vertex 72.9217 44.4051 0
      vertex 72.8447 44.4204 0
    endloop
  endfacet
  facet normal 0.44211 -0.896961 0
    outer loop
      vertex 72.7 45.5196 0
      vertex 72.7704 45.5543 3
      vertex 72.7 45.5196 3
    endloop
  endfacet
  facet normal 0.44211 -0.896961 0
    outer loop
      vertex 72.7704 45.5543 3
      vertex 72.7 45.5196 0
      vertex 72.7704 45.5543 0
    endloop
  endfacet
  facet normal 0.946625 -0.322337 0
    outer loop
      vertex 72.4204 45.1553 3
      vertex 72.4457 45.2296 0
      vertex 72.4457 45.2296 3
    endloop
  endfacet
  facet normal 0.946625 -0.322337 0
    outer loop
      vertex 72.4457 45.2296 0
      vertex 72.4204 45.1553 3
      vertex 72.4204 45.1553 0
    endloop
  endfacet
  facet normal -0.752103 0.659046 0
    outer loop
      vertex 73.4243 44.5757 0
      vertex 73.476 44.6347 3
      vertex 73.476 44.6347 0
    endloop
  endfacet
  facet normal -0.752103 0.659046 0
    outer loop
      vertex 73.476 44.6347 3
      vertex 73.4243 44.5757 0
      vertex 73.4243 44.5757 3
    endloop
  endfacet
  facet normal -0.997886 0.0649964 0
    outer loop
      vertex 73.5949 44.9217 0
      vertex 73.6 45 3
      vertex 73.6 45 0
    endloop
  endfacet
  facet normal -0.997886 0.0649964 0
    outer loop
      vertex 73.6 45 3
      vertex 73.5949 44.9217 0
      vertex 73.5949 44.9217 3
    endloop
  endfacet
  facet normal -0.896961 -0.44211 0
    outer loop
      vertex 73.5543 45.2296 0
      vertex 73.5196 45.3 3
      vertex 73.5196 45.3 0
    endloop
  endfacet
  facet normal -0.896961 -0.44211 0
    outer loop
      vertex 73.5196 45.3 3
      vertex 73.5543 45.2296 0
      vertex 73.5543 45.2296 3
    endloop
  endfacet
  facet normal -0.831658 -0.555288 0
    outer loop
      vertex 73.5196 45.3 0
      vertex 73.476 45.3653 3
      vertex 73.476 45.3653 0
    endloop
  endfacet
  facet normal -0.831658 -0.555288 0
    outer loop
      vertex 73.476 45.3653 3
      vertex 73.5196 45.3 0
      vertex 73.5196 45.3 3
    endloop
  endfacet
  facet normal -0.659046 -0.752103 0
    outer loop
      vertex 73.3653 45.476 0
      vertex 73.4243 45.4243 3
      vertex 73.3653 45.476 3
    endloop
  endfacet
  facet normal -0.659046 -0.752103 -0
    outer loop
      vertex 73.4243 45.4243 3
      vertex 73.3653 45.476 0
      vertex 73.4243 45.4243 0
    endloop
  endfacet
  facet normal -0.322337 -0.946625 0
    outer loop
      vertex 73.1553 45.5796 0
      vertex 73.2296 45.5543 3
      vertex 73.1553 45.5796 3
    endloop
  endfacet
  facet normal -0.322337 -0.946625 -0
    outer loop
      vertex 73.2296 45.5543 3
      vertex 73.1553 45.5796 0
      vertex 73.2296 45.5543 0
    endloop
  endfacet
  facet normal -0.194891 -0.980825 0
    outer loop
      vertex 73.0783 45.5949 0
      vertex 73.1553 45.5796 3
      vertex 73.0783 45.5949 3
    endloop
  endfacet
  facet normal -0.194891 -0.980825 -0
    outer loop
      vertex 73.1553 45.5796 3
      vertex 73.0783 45.5949 0
      vertex 73.1553 45.5796 0
    endloop
  endfacet
  facet normal -0.0649964 -0.997886 0
    outer loop
      vertex 73 45.6 0
      vertex 73.0783 45.5949 3
      vertex 73 45.6 3
    endloop
  endfacet
  facet normal -0.0649964 -0.997886 -0
    outer loop
      vertex 73.0783 45.5949 3
      vertex 73 45.6 0
      vertex 73.0783 45.5949 0
    endloop
  endfacet
  facet normal 0.997886 -0.0649964 0
    outer loop
      vertex 72.4 45 3
      vertex 72.4051 45.0783 0
      vertex 72.4051 45.0783 3
    endloop
  endfacet
  facet normal 0.997886 -0.0649964 0
    outer loop
      vertex 72.4051 45.0783 0
      vertex 72.4 45 3
      vertex 72.4 45 0
    endloop
  endfacet
  facet normal 0.831658 -0.555288 0
    outer loop
      vertex 72.4804 45.3 3
      vertex 72.524 45.3653 0
      vertex 72.524 45.3653 3
    endloop
  endfacet
  facet normal 0.831658 -0.555288 0
    outer loop
      vertex 72.524 45.3653 0
      vertex 72.4804 45.3 3
      vertex 72.4804 45.3 0
    endloop
  endfacet
  facet normal 0.322337 -0.946625 0
    outer loop
      vertex 72.7704 45.5543 0
      vertex 72.8447 45.5796 3
      vertex 72.7704 45.5543 3
    endloop
  endfacet
  facet normal 0.322337 -0.946625 0
    outer loop
      vertex 72.8447 45.5796 3
      vertex 72.7704 45.5543 0
      vertex 72.8447 45.5796 0
    endloop
  endfacet
  facet normal 0.752103 -0.659046 0
    outer loop
      vertex 72.524 45.3653 3
      vertex 72.5757 45.4243 0
      vertex 72.5757 45.4243 3
    endloop
  endfacet
  facet normal 0.752103 -0.659046 0
    outer loop
      vertex 72.5757 45.4243 0
      vertex 72.524 45.3653 3
      vertex 72.524 45.3653 0
    endloop
  endfacet
  facet normal -0.946625 0.322337 0
    outer loop
      vertex 73.5543 44.7704 0
      vertex 73.5796 44.8447 3
      vertex 73.5796 44.8447 0
    endloop
  endfacet
  facet normal -0.946625 0.322337 0
    outer loop
      vertex 73.5796 44.8447 3
      vertex 73.5543 44.7704 0
      vertex 73.5543 44.7704 3
    endloop
  endfacet
  facet normal -0.44211 0.896961 0
    outer loop
      vertex 73.3 44.4804 0
      vertex 73.2296 44.4457 3
      vertex 73.3 44.4804 3
    endloop
  endfacet
  facet normal -0.44211 0.896961 0
    outer loop
      vertex 73.2296 44.4457 3
      vertex 73.3 44.4804 0
      vertex 73.2296 44.4457 0
    endloop
  endfacet
  facet normal 0.0649964 0.997886 -0
    outer loop
      vertex 73 44.4 0
      vertex 72.9217 44.4051 3
      vertex 73 44.4 3
    endloop
  endfacet
  facet normal 0.0649964 0.997886 0
    outer loop
      vertex 72.9217 44.4051 3
      vertex 73 44.4 0
      vertex 72.9217 44.4051 0
    endloop
  endfacet
  facet normal 0.555288 0.831658 -0
    outer loop
      vertex 72.7 44.4804 0
      vertex 72.6347 44.524 3
      vertex 72.7 44.4804 3
    endloop
  endfacet
  facet normal 0.555288 0.831658 0
    outer loop
      vertex 72.6347 44.524 3
      vertex 72.7 44.4804 0
      vertex 72.6347 44.524 0
    endloop
  endfacet
  facet normal 0.659046 0.752103 -0
    outer loop
      vertex 72.6347 44.524 0
      vertex 72.5757 44.5757 3
      vertex 72.6347 44.524 3
    endloop
  endfacet
  facet normal 0.659046 0.752103 0
    outer loop
      vertex 72.5757 44.5757 3
      vertex 72.6347 44.524 0
      vertex 72.5757 44.5757 0
    endloop
  endfacet
  facet normal -0.980825 -0.194891 0
    outer loop
      vertex 73.5949 45.0783 0
      vertex 73.5796 45.1553 3
      vertex 73.5796 45.1553 0
    endloop
  endfacet
  facet normal -0.980825 -0.194891 0
    outer loop
      vertex 73.5796 45.1553 3
      vertex 73.5949 45.0783 0
      vertex 73.5949 45.0783 3
    endloop
  endfacet
  facet normal -0.946625 -0.322337 0
    outer loop
      vertex 73.5796 45.1553 0
      vertex 73.5543 45.2296 3
      vertex 73.5543 45.2296 0
    endloop
  endfacet
  facet normal -0.946625 -0.322337 0
    outer loop
      vertex 73.5543 45.2296 3
      vertex 73.5796 45.1553 0
      vertex 73.5796 45.1553 3
    endloop
  endfacet
  facet normal -0.752103 -0.659046 0
    outer loop
      vertex 73.476 45.3653 0
      vertex 73.4243 45.4243 3
      vertex 73.4243 45.4243 0
    endloop
  endfacet
  facet normal -0.752103 -0.659046 0
    outer loop
      vertex 73.4243 45.4243 3
      vertex 73.476 45.3653 0
      vertex 73.476 45.3653 3
    endloop
  endfacet
  facet normal 0.0649964 -0.997886 0
    outer loop
      vertex 72.9217 45.5949 0
      vertex 73 45.6 3
      vertex 72.9217 45.5949 3
    endloop
  endfacet
  facet normal 0.0649964 -0.997886 0
    outer loop
      vertex 73 45.6 3
      vertex 72.9217 45.5949 0
      vertex 73 45.6 0
    endloop
  endfacet
  facet normal -0.44211 -0.896961 0
    outer loop
      vertex 73.2296 45.5543 0
      vertex 73.3 45.5196 3
      vertex 73.2296 45.5543 3
    endloop
  endfacet
  facet normal -0.44211 -0.896961 -0
    outer loop
      vertex 73.3 45.5196 3
      vertex 73.2296 45.5543 0
      vertex 73.3 45.5196 0
    endloop
  endfacet
  facet normal 0.896961 -0.44211 0
    outer loop
      vertex 72.4457 45.2296 3
      vertex 72.4804 45.3 0
      vertex 72.4804 45.3 3
    endloop
  endfacet
  facet normal 0.896961 -0.44211 0
    outer loop
      vertex 72.4804 45.3 0
      vertex 72.4457 45.2296 3
      vertex 72.4457 45.2296 0
    endloop
  endfacet
  facet normal 0.194891 -0.980825 0
    outer loop
      vertex 72.8447 45.5796 0
      vertex 72.9217 45.5949 3
      vertex 72.8447 45.5796 3
    endloop
  endfacet
  facet normal 0.194891 -0.980825 0
    outer loop
      vertex 72.9217 45.5949 3
      vertex 72.8447 45.5796 0
      vertex 72.9217 45.5949 0
    endloop
  endfacet
  facet normal 0.659046 -0.752103 0
    outer loop
      vertex 72.5757 45.4243 0
      vertex 72.6347 45.476 3
      vertex 72.5757 45.4243 3
    endloop
  endfacet
  facet normal 0.659046 -0.752103 0
    outer loop
      vertex 72.6347 45.476 3
      vertex 72.5757 45.4243 0
      vertex 72.6347 45.476 0
    endloop
  endfacet
  facet normal 0.555288 -0.831658 0
    outer loop
      vertex 72.6347 45.476 0
      vertex 72.7 45.5196 3
      vertex 72.6347 45.476 3
    endloop
  endfacet
  facet normal 0.555288 -0.831658 0
    outer loop
      vertex 72.7 45.5196 3
      vertex 72.6347 45.476 0
      vertex 72.7 45.5196 0
    endloop
  endfacet
  facet normal -0.997886 -0.0649964 0
    outer loop
      vertex 73.6 45 0
      vertex 73.5949 45.0783 3
      vertex 73.5949 45.0783 0
    endloop
  endfacet
  facet normal -0.997886 -0.0649964 0
    outer loop
      vertex 73.5949 45.0783 3
      vertex 73.6 45 0
      vertex 73.6 45 3
    endloop
  endfacet
  facet normal -0.194891 0.980825 0
    outer loop
      vertex 73.1553 44.4204 0
      vertex 73.0783 44.4051 3
      vertex 73.1553 44.4204 3
    endloop
  endfacet
  facet normal -0.194891 0.980825 0
    outer loop
      vertex 73.0783 44.4051 3
      vertex 73.1553 44.4204 0
      vertex 73.0783 44.4051 0
    endloop
  endfacet
  facet normal -0.831658 0.555288 0
    outer loop
      vertex 73.476 44.6347 0
      vertex 73.5196 44.7 3
      vertex 73.5196 44.7 0
    endloop
  endfacet
  facet normal -0.831658 0.555288 0
    outer loop
      vertex 73.5196 44.7 3
      vertex 73.476 44.6347 0
      vertex 73.476 44.6347 3
    endloop
  endfacet
  facet normal -0.896961 0.44211 0
    outer loop
      vertex 73.5196 44.7 0
      vertex 73.5543 44.7704 3
      vertex 73.5543 44.7704 0
    endloop
  endfacet
  facet normal -0.896961 0.44211 0
    outer loop
      vertex 73.5543 44.7704 3
      vertex 73.5196 44.7 0
      vertex 73.5196 44.7 3
    endloop
  endfacet
  facet normal -0.555288 0.831658 0
    outer loop
      vertex 73.3653 44.524 0
      vertex 73.3 44.4804 3
      vertex 73.3653 44.524 3
    endloop
  endfacet
  facet normal -0.555288 0.831658 0
    outer loop
      vertex 73.3 44.4804 3
      vertex 73.3653 44.524 0
      vertex 73.3 44.4804 0
    endloop
  endfacet
  facet normal 0.44211 0.896961 -0
    outer loop
      vertex 72.7704 44.4457 0
      vertex 72.7 44.4804 3
      vertex 72.7704 44.4457 3
    endloop
  endfacet
  facet normal 0.44211 0.896961 0
    outer loop
      vertex 72.7 44.4804 3
      vertex 72.7704 44.4457 0
      vertex 72.7 44.4804 0
    endloop
  endfacet
  facet normal 0.896961 0.44211 0
    outer loop
      vertex 72.4804 44.7 3
      vertex 72.4457 44.7704 0
      vertex 72.4457 44.7704 3
    endloop
  endfacet
  facet normal 0.896961 0.44211 0
    outer loop
      vertex 72.4457 44.7704 0
      vertex 72.4804 44.7 3
      vertex 72.4804 44.7 0
    endloop
  endfacet
  facet normal 0.980825 0.194891 0
    outer loop
      vertex 72.4204 44.8447 3
      vertex 72.4051 44.9217 0
      vertex 72.4051 44.9217 3
    endloop
  endfacet
  facet normal 0.980825 0.194891 0
    outer loop
      vertex 72.4051 44.9217 0
      vertex 72.4204 44.8447 3
      vertex 72.4204 44.8447 0
    endloop
  endfacet
  facet normal 0.831658 0.555288 0
    outer loop
      vertex 72.524 44.6347 3
      vertex 72.4804 44.7 0
      vertex 72.4804 44.7 3
    endloop
  endfacet
  facet normal 0.831658 0.555288 0
    outer loop
      vertex 72.4804 44.7 0
      vertex 72.524 44.6347 3
      vertex 72.524 44.6347 0
    endloop
  endfacet
  facet normal 0.997886 0.0649964 0
    outer loop
      vertex 72.4051 44.9217 3
      vertex 72.4 45 0
      vertex 72.4 45 3
    endloop
  endfacet
  facet normal 0.997886 0.0649964 0
    outer loop
      vertex 72.4 45 0
      vertex 72.4051 44.9217 3
      vertex 72.4051 44.9217 0
    endloop
  endfacet
  facet normal -0.322337 0.946625 0
    outer loop
      vertex 73.2296 44.4457 0
      vertex 73.1553 44.4204 3
      vertex 73.2296 44.4457 3
    endloop
  endfacet
  facet normal -0.322337 0.946625 0
    outer loop
      vertex 73.1553 44.4204 3
      vertex 73.2296 44.4457 0
      vertex 73.1553 44.4204 0
    endloop
  endfacet
  facet normal -0.659046 0.752103 0
    outer loop
      vertex 73.4243 44.5757 0
      vertex 73.3653 44.524 3
      vertex 73.4243 44.5757 3
    endloop
  endfacet
  facet normal -0.659046 0.752103 0
    outer loop
      vertex 73.3653 44.524 3
      vertex 73.4243 44.5757 0
      vertex 73.3653 44.524 0
    endloop
  endfacet
  facet normal -0.0649964 0.997886 0
    outer loop
      vertex 73.0783 44.4051 0
      vertex 73 44.4 3
      vertex 73.0783 44.4051 3
    endloop
  endfacet
  facet normal -0.0649964 0.997886 0
    outer loop
      vertex 73 44.4 3
      vertex 73.0783 44.4051 0
      vertex 73 44.4 0
    endloop
  endfacet
  facet normal 0.322337 0.946625 -0
    outer loop
      vertex 72.8447 44.4204 0
      vertex 72.7704 44.4457 3
      vertex 72.8447 44.4204 3
    endloop
  endfacet
  facet normal 0.322337 0.946625 0
    outer loop
      vertex 72.7704 44.4457 3
      vertex 72.8447 44.4204 0
      vertex 72.7704 44.4457 0
    endloop
  endfacet
  facet normal 0.946625 0.322337 0
    outer loop
      vertex 72.4457 44.7704 3
      vertex 72.4204 44.8447 0
      vertex 72.4204 44.8447 3
    endloop
  endfacet
  facet normal 0.946625 0.322337 0
    outer loop
      vertex 72.4204 44.8447 0
      vertex 72.4457 44.7704 3
      vertex 72.4457 44.7704 0
    endloop
  endfacet
  facet normal 0.752103 0.659046 0
    outer loop
      vertex 72.5757 44.5757 3
      vertex 72.524 44.6347 0
      vertex 72.524 44.6347 3
    endloop
  endfacet
  facet normal 0.752103 0.659046 0
    outer loop
      vertex 72.524 44.6347 0
      vertex 72.5757 44.5757 3
      vertex 72.5757 44.5757 0
    endloop
  endfacet
  facet normal -0.997886 -0.0649964 0
    outer loop
      vertex 73.6 51 0
      vertex 73.5949 51.0783 3
      vertex 73.5949 51.0783 0
    endloop
  endfacet
  facet normal -0.997886 -0.0649964 0
    outer loop
      vertex 73.5949 51.0783 3
      vertex 73.6 51 0
      vertex 73.6 51 3
    endloop
  endfacet
  facet normal 0.0649964 -0.997886 0
    outer loop
      vertex 72.9217 51.5949 0
      vertex 73 51.6 3
      vertex 72.9217 51.5949 3
    endloop
  endfacet
  facet normal 0.0649964 -0.997886 0
    outer loop
      vertex 73 51.6 3
      vertex 72.9217 51.5949 0
      vertex 73 51.6 0
    endloop
  endfacet
  facet normal -0.0649964 0.997886 0
    outer loop
      vertex 73.0783 50.4051 0
      vertex 73 50.4 3
      vertex 73.0783 50.4051 3
    endloop
  endfacet
  facet normal -0.0649964 0.997886 0
    outer loop
      vertex 73 50.4 3
      vertex 73.0783 50.4051 0
      vertex 73 50.4 0
    endloop
  endfacet
  facet normal 0.659046 0.752103 -0
    outer loop
      vertex 72.6347 50.524 0
      vertex 72.5757 50.5757 3
      vertex 72.6347 50.524 3
    endloop
  endfacet
  facet normal 0.659046 0.752103 0
    outer loop
      vertex 72.5757 50.5757 3
      vertex 72.6347 50.524 0
      vertex 72.5757 50.5757 0
    endloop
  endfacet
  facet normal -0.659046 -0.752103 0
    outer loop
      vertex 73.3653 51.476 0
      vertex 73.4243 51.4243 3
      vertex 73.3653 51.476 3
    endloop
  endfacet
  facet normal -0.659046 -0.752103 -0
    outer loop
      vertex 73.4243 51.4243 3
      vertex 73.3653 51.476 0
      vertex 73.4243 51.4243 0
    endloop
  endfacet
  facet normal 0.752103 -0.659046 0
    outer loop
      vertex 72.524 51.3653 3
      vertex 72.5757 51.4243 0
      vertex 72.5757 51.4243 3
    endloop
  endfacet
  facet normal 0.752103 -0.659046 0
    outer loop
      vertex 72.5757 51.4243 0
      vertex 72.524 51.3653 3
      vertex 72.524 51.3653 0
    endloop
  endfacet
  facet normal 0.44211 -0.896961 0
    outer loop
      vertex 72.7 51.5196 0
      vertex 72.7704 51.5543 3
      vertex 72.7 51.5196 3
    endloop
  endfacet
  facet normal 0.44211 -0.896961 0
    outer loop
      vertex 72.7704 51.5543 3
      vertex 72.7 51.5196 0
      vertex 72.7704 51.5543 0
    endloop
  endfacet
  facet normal -0.896961 -0.44211 0
    outer loop
      vertex 73.5543 51.2296 0
      vertex 73.5196 51.3 3
      vertex 73.5196 51.3 0
    endloop
  endfacet
  facet normal -0.896961 -0.44211 0
    outer loop
      vertex 73.5196 51.3 3
      vertex 73.5543 51.2296 0
      vertex 73.5543 51.2296 3
    endloop
  endfacet
  facet normal -0.322337 -0.946625 0
    outer loop
      vertex 73.1553 51.5796 0
      vertex 73.2296 51.5543 3
      vertex 73.1553 51.5796 3
    endloop
  endfacet
  facet normal -0.322337 -0.946625 -0
    outer loop
      vertex 73.2296 51.5543 3
      vertex 73.1553 51.5796 0
      vertex 73.2296 51.5543 0
    endloop
  endfacet
  facet normal -0.194891 -0.980825 0
    outer loop
      vertex 73.0783 51.5949 0
      vertex 73.1553 51.5796 3
      vertex 73.0783 51.5949 3
    endloop
  endfacet
  facet normal -0.194891 -0.980825 -0
    outer loop
      vertex 73.1553 51.5796 3
      vertex 73.0783 51.5949 0
      vertex 73.1553 51.5796 0
    endloop
  endfacet
  facet normal -0.555288 -0.831658 0
    outer loop
      vertex 73.3 51.5196 0
      vertex 73.3653 51.476 3
      vertex 73.3 51.5196 3
    endloop
  endfacet
  facet normal -0.555288 -0.831658 -0
    outer loop
      vertex 73.3653 51.476 3
      vertex 73.3 51.5196 0
      vertex 73.3653 51.476 0
    endloop
  endfacet
  facet normal 0.946625 -0.322337 0
    outer loop
      vertex 72.4204 51.1553 3
      vertex 72.4457 51.2296 0
      vertex 72.4457 51.2296 3
    endloop
  endfacet
  facet normal 0.946625 -0.322337 0
    outer loop
      vertex 72.4457 51.2296 0
      vertex 72.4204 51.1553 3
      vertex 72.4204 51.1553 0
    endloop
  endfacet
  facet normal 0.831658 -0.555288 0
    outer loop
      vertex 72.4804 51.3 3
      vertex 72.524 51.3653 0
      vertex 72.524 51.3653 3
    endloop
  endfacet
  facet normal 0.831658 -0.555288 0
    outer loop
      vertex 72.524 51.3653 0
      vertex 72.4804 51.3 3
      vertex 72.4804 51.3 0
    endloop
  endfacet
  facet normal 0.980825 -0.194891 0
    outer loop
      vertex 72.4051 51.0783 3
      vertex 72.4204 51.1553 0
      vertex 72.4204 51.1553 3
    endloop
  endfacet
  facet normal 0.980825 -0.194891 0
    outer loop
      vertex 72.4204 51.1553 0
      vertex 72.4051 51.0783 3
      vertex 72.4051 51.0783 0
    endloop
  endfacet
  facet normal 0.322337 -0.946625 0
    outer loop
      vertex 72.7704 51.5543 0
      vertex 72.8447 51.5796 3
      vertex 72.7704 51.5543 3
    endloop
  endfacet
  facet normal 0.322337 -0.946625 0
    outer loop
      vertex 72.8447 51.5796 3
      vertex 72.7704 51.5543 0
      vertex 72.8447 51.5796 0
    endloop
  endfacet
  facet normal -0.946625 0.322337 0
    outer loop
      vertex 73.5543 50.7704 0
      vertex 73.5796 50.8447 3
      vertex 73.5796 50.8447 0
    endloop
  endfacet
  facet normal -0.946625 0.322337 0
    outer loop
      vertex 73.5796 50.8447 3
      vertex 73.5543 50.7704 0
      vertex 73.5543 50.7704 3
    endloop
  endfacet
  facet normal -0.831658 0.555288 0
    outer loop
      vertex 73.476 50.6347 0
      vertex 73.5196 50.7 3
      vertex 73.5196 50.7 0
    endloop
  endfacet
  facet normal -0.831658 0.555288 0
    outer loop
      vertex 73.5196 50.7 3
      vertex 73.476 50.6347 0
      vertex 73.476 50.6347 3
    endloop
  endfacet
  facet normal -0.980825 0.194891 0
    outer loop
      vertex 73.5796 50.8447 0
      vertex 73.5949 50.9217 3
      vertex 73.5949 50.9217 0
    endloop
  endfacet
  facet normal -0.980825 0.194891 0
    outer loop
      vertex 73.5949 50.9217 3
      vertex 73.5796 50.8447 0
      vertex 73.5796 50.8447 3
    endloop
  endfacet
  facet normal 0.555288 0.831658 -0
    outer loop
      vertex 72.7 50.4804 0
      vertex 72.6347 50.524 3
      vertex 72.7 50.4804 3
    endloop
  endfacet
  facet normal 0.555288 0.831658 0
    outer loop
      vertex 72.6347 50.524 3
      vertex 72.7 50.4804 0
      vertex 72.6347 50.524 0
    endloop
  endfacet
  facet normal 0.194891 0.980825 -0
    outer loop
      vertex 72.9217 50.4051 0
      vertex 72.8447 50.4204 3
      vertex 72.9217 50.4051 3
    endloop
  endfacet
  facet normal 0.194891 0.980825 0
    outer loop
      vertex 72.8447 50.4204 3
      vertex 72.9217 50.4051 0
      vertex 72.8447 50.4204 0
    endloop
  endfacet
  facet normal -0.946625 -0.322337 0
    outer loop
      vertex 73.5796 51.1553 0
      vertex 73.5543 51.2296 3
      vertex 73.5543 51.2296 0
    endloop
  endfacet
  facet normal -0.946625 -0.322337 0
    outer loop
      vertex 73.5543 51.2296 3
      vertex 73.5796 51.1553 0
      vertex 73.5796 51.1553 3
    endloop
  endfacet
  facet normal -0.980825 -0.194891 0
    outer loop
      vertex 73.5949 51.0783 0
      vertex 73.5796 51.1553 3
      vertex 73.5796 51.1553 0
    endloop
  endfacet
  facet normal -0.980825 -0.194891 0
    outer loop
      vertex 73.5796 51.1553 3
      vertex 73.5949 51.0783 0
      vertex 73.5949 51.0783 3
    endloop
  endfacet
  facet normal -0.752103 -0.659046 0
    outer loop
      vertex 73.476 51.3653 0
      vertex 73.4243 51.4243 3
      vertex 73.4243 51.4243 0
    endloop
  endfacet
  facet normal -0.752103 -0.659046 0
    outer loop
      vertex 73.4243 51.4243 3
      vertex 73.476 51.3653 0
      vertex 73.476 51.3653 3
    endloop
  endfacet
  facet normal -0.831658 -0.555288 0
    outer loop
      vertex 73.5196 51.3 0
      vertex 73.476 51.3653 3
      vertex 73.476 51.3653 0
    endloop
  endfacet
  facet normal -0.831658 -0.555288 0
    outer loop
      vertex 73.476 51.3653 3
      vertex 73.5196 51.3 0
      vertex 73.5196 51.3 3
    endloop
  endfacet
  facet normal -0.0649964 -0.997886 0
    outer loop
      vertex 73 51.6 0
      vertex 73.0783 51.5949 3
      vertex 73 51.6 3
    endloop
  endfacet
  facet normal -0.0649964 -0.997886 -0
    outer loop
      vertex 73.0783 51.5949 3
      vertex 73 51.6 0
      vertex 73.0783 51.5949 0
    endloop
  endfacet
  facet normal -0.44211 -0.896961 0
    outer loop
      vertex 73.2296 51.5543 0
      vertex 73.3 51.5196 3
      vertex 73.2296 51.5543 3
    endloop
  endfacet
  facet normal -0.44211 -0.896961 -0
    outer loop
      vertex 73.3 51.5196 3
      vertex 73.2296 51.5543 0
      vertex 73.3 51.5196 0
    endloop
  endfacet
  facet normal 0.896961 -0.44211 0
    outer loop
      vertex 72.4457 51.2296 3
      vertex 72.4804 51.3 0
      vertex 72.4804 51.3 3
    endloop
  endfacet
  facet normal 0.896961 -0.44211 0
    outer loop
      vertex 72.4804 51.3 0
      vertex 72.4457 51.2296 3
      vertex 72.4457 51.2296 0
    endloop
  endfacet
  facet normal 0.997886 -0.0649964 0
    outer loop
      vertex 72.4 51 3
      vertex 72.4051 51.0783 0
      vertex 72.4051 51.0783 3
    endloop
  endfacet
  facet normal 0.997886 -0.0649964 0
    outer loop
      vertex 72.4051 51.0783 0
      vertex 72.4 51 3
      vertex 72.4 51 0
    endloop
  endfacet
  facet normal 0.555288 -0.831658 0
    outer loop
      vertex 72.6347 51.476 0
      vertex 72.7 51.5196 3
      vertex 72.6347 51.476 3
    endloop
  endfacet
  facet normal 0.555288 -0.831658 0
    outer loop
      vertex 72.7 51.5196 3
      vertex 72.6347 51.476 0
      vertex 72.7 51.5196 0
    endloop
  endfacet
  facet normal 0.659046 -0.752103 0
    outer loop
      vertex 72.5757 51.4243 0
      vertex 72.6347 51.476 3
      vertex 72.5757 51.4243 3
    endloop
  endfacet
  facet normal 0.659046 -0.752103 0
    outer loop
      vertex 72.6347 51.476 3
      vertex 72.5757 51.4243 0
      vertex 72.6347 51.476 0
    endloop
  endfacet
  facet normal 0.194891 -0.980825 0
    outer loop
      vertex 72.8447 51.5796 0
      vertex 72.9217 51.5949 3
      vertex 72.8447 51.5796 3
    endloop
  endfacet
  facet normal 0.194891 -0.980825 0
    outer loop
      vertex 72.9217 51.5949 3
      vertex 72.8447 51.5796 0
      vertex 72.9217 51.5949 0
    endloop
  endfacet
  facet normal -0.997886 0.0649964 0
    outer loop
      vertex 73.5949 50.9217 0
      vertex 73.6 51 3
      vertex 73.6 51 0
    endloop
  endfacet
  facet normal -0.997886 0.0649964 0
    outer loop
      vertex 73.6 51 3
      vertex 73.5949 50.9217 0
      vertex 73.5949 50.9217 3
    endloop
  endfacet
  facet normal -0.194891 0.980825 0
    outer loop
      vertex 73.1553 50.4204 0
      vertex 73.0783 50.4051 3
      vertex 73.1553 50.4204 3
    endloop
  endfacet
  facet normal -0.194891 0.980825 0
    outer loop
      vertex 73.0783 50.4051 3
      vertex 73.1553 50.4204 0
      vertex 73.0783 50.4051 0
    endloop
  endfacet
  facet normal -0.44211 0.896961 0
    outer loop
      vertex 73.3 50.4804 0
      vertex 73.2296 50.4457 3
      vertex 73.3 50.4804 3
    endloop
  endfacet
  facet normal -0.44211 0.896961 0
    outer loop
      vertex 73.2296 50.4457 3
      vertex 73.3 50.4804 0
      vertex 73.2296 50.4457 0
    endloop
  endfacet
  facet normal -0.752103 0.659046 0
    outer loop
      vertex 73.4243 50.5757 0
      vertex 73.476 50.6347 3
      vertex 73.476 50.6347 0
    endloop
  endfacet
  facet normal -0.752103 0.659046 0
    outer loop
      vertex 73.476 50.6347 3
      vertex 73.4243 50.5757 0
      vertex 73.4243 50.5757 3
    endloop
  endfacet
  facet normal -0.555288 0.831658 0
    outer loop
      vertex 73.3653 50.524 0
      vertex 73.3 50.4804 3
      vertex 73.3653 50.524 3
    endloop
  endfacet
  facet normal -0.555288 0.831658 0
    outer loop
      vertex 73.3 50.4804 3
      vertex 73.3653 50.524 0
      vertex 73.3 50.4804 0
    endloop
  endfacet
  facet normal -0.896961 0.44211 0
    outer loop
      vertex 73.5196 50.7 0
      vertex 73.5543 50.7704 3
      vertex 73.5543 50.7704 0
    endloop
  endfacet
  facet normal -0.896961 0.44211 0
    outer loop
      vertex 73.5543 50.7704 3
      vertex 73.5196 50.7 0
      vertex 73.5196 50.7 3
    endloop
  endfacet
  facet normal 0.44211 0.896961 -0
    outer loop
      vertex 72.7704 50.4457 0
      vertex 72.7 50.4804 3
      vertex 72.7704 50.4457 3
    endloop
  endfacet
  facet normal 0.44211 0.896961 0
    outer loop
      vertex 72.7 50.4804 3
      vertex 72.7704 50.4457 0
      vertex 72.7 50.4804 0
    endloop
  endfacet
  facet normal 0.0649964 0.997886 -0
    outer loop
      vertex 73 50.4 0
      vertex 72.9217 50.4051 3
      vertex 73 50.4 3
    endloop
  endfacet
  facet normal 0.0649964 0.997886 0
    outer loop
      vertex 72.9217 50.4051 3
      vertex 73 50.4 0
      vertex 72.9217 50.4051 0
    endloop
  endfacet
  facet normal 0.831658 0.555288 0
    outer loop
      vertex 72.524 50.6347 3
      vertex 72.4804 50.7 0
      vertex 72.4804 50.7 3
    endloop
  endfacet
  facet normal 0.831658 0.555288 0
    outer loop
      vertex 72.4804 50.7 0
      vertex 72.524 50.6347 3
      vertex 72.524 50.6347 0
    endloop
  endfacet
  facet normal 0.896961 0.44211 0
    outer loop
      vertex 72.4804 50.7 3
      vertex 72.4457 50.7704 0
      vertex 72.4457 50.7704 3
    endloop
  endfacet
  facet normal 0.896961 0.44211 0
    outer loop
      vertex 72.4457 50.7704 0
      vertex 72.4804 50.7 3
      vertex 72.4804 50.7 0
    endloop
  endfacet
  facet normal 0.980825 0.194891 0
    outer loop
      vertex 72.4204 50.8447 3
      vertex 72.4051 50.9217 0
      vertex 72.4051 50.9217 3
    endloop
  endfacet
  facet normal 0.980825 0.194891 0
    outer loop
      vertex 72.4051 50.9217 0
      vertex 72.4204 50.8447 3
      vertex 72.4204 50.8447 0
    endloop
  endfacet
  facet normal 0.997886 0.0649964 0
    outer loop
      vertex 72.4051 50.9217 3
      vertex 72.4 51 0
      vertex 72.4 51 3
    endloop
  endfacet
  facet normal 0.997886 0.0649964 0
    outer loop
      vertex 72.4 51 0
      vertex 72.4051 50.9217 3
      vertex 72.4051 50.9217 0
    endloop
  endfacet
  facet normal -0.322337 0.946625 0
    outer loop
      vertex 73.2296 50.4457 0
      vertex 73.1553 50.4204 3
      vertex 73.2296 50.4457 3
    endloop
  endfacet
  facet normal -0.322337 0.946625 0
    outer loop
      vertex 73.1553 50.4204 3
      vertex 73.2296 50.4457 0
      vertex 73.1553 50.4204 0
    endloop
  endfacet
  facet normal -0.659046 0.752103 0
    outer loop
      vertex 73.4243 50.5757 0
      vertex 73.3653 50.524 3
      vertex 73.4243 50.5757 3
    endloop
  endfacet
  facet normal -0.659046 0.752103 0
    outer loop
      vertex 73.3653 50.524 3
      vertex 73.4243 50.5757 0
      vertex 73.3653 50.524 0
    endloop
  endfacet
  facet normal 0.322337 0.946625 -0
    outer loop
      vertex 72.8447 50.4204 0
      vertex 72.7704 50.4457 3
      vertex 72.8447 50.4204 3
    endloop
  endfacet
  facet normal 0.322337 0.946625 0
    outer loop
      vertex 72.7704 50.4457 3
      vertex 72.8447 50.4204 0
      vertex 72.7704 50.4457 0
    endloop
  endfacet
  facet normal 0.752103 0.659046 0
    outer loop
      vertex 72.5757 50.5757 3
      vertex 72.524 50.6347 0
      vertex 72.524 50.6347 3
    endloop
  endfacet
  facet normal 0.752103 0.659046 0
    outer loop
      vertex 72.524 50.6347 0
      vertex 72.5757 50.5757 3
      vertex 72.5757 50.5757 0
    endloop
  endfacet
  facet normal 0.946625 0.322337 0
    outer loop
      vertex 72.4457 50.7704 3
      vertex 72.4204 50.8447 0
      vertex 72.4204 50.8447 3
    endloop
  endfacet
  facet normal 0.946625 0.322337 0
    outer loop
      vertex 72.4204 50.8447 0
      vertex 72.4457 50.7704 3
      vertex 72.4457 50.7704 0
    endloop
  endfacet
  facet normal -1 0 0
    outer loop
      vertex 0 0 0
      vertex 0 70 7
      vertex 0 70 0
    endloop
  endfacet
  facet normal -1 -0 0
    outer loop
      vertex 0 70 7
      vertex 0 0 0
      vertex 0 0 7
    endloop
  endfacet
  facet normal 0 0 1
    outer loop
      vertex 66.4804 50.7 3
      vertex 61.5196 50.7 3
      vertex 66.524 50.6347 3
    endloop
  endfacet
  facet normal 0 0 1
    outer loop
      vertex 66.5757 45.4243 3
      vertex 61.5949 45.0783 3
      vertex 61.6 45 3
    endloop
  endfacet
  facet normal 0 0 1
    outer loop
      vertex 61.476 50.6347 3
      vertex 66.524 50.6347 3
      vertex 61.5196 50.7 3
    endloop
  endfacet
  facet normal 0 0 1
    outer loop
      vertex 66.5757 45.4243 3
      vertex 61.5796 45.1553 3
      vertex 61.5949 45.0783 3
    endloop
  endfacet
  facet normal 0 0 1
    outer loop
      vertex 66.524 50.6347 3
      vertex 61.476 50.6347 3
      vertex 66.5757 50.5757 3
    endloop
  endfacet
  facet normal 0 0 1
    outer loop
      vertex 66.5757 45.4243 3
      vertex 61.5543 45.2296 3
      vertex 61.5796 45.1553 3
    endloop
  endfacet
  facet normal 0 0 1
    outer loop
      vertex 61.4243 50.5757 3
      vertex 66.5757 50.5757 3
      vertex 61.476 50.6347 3
    endloop
  endfacet
  facet normal 0 0 1
    outer loop
      vertex 66.5757 45.4243 3
      vertex 61.5196 45.3 3
      vertex 61.5543 45.2296 3
    endloop
  endfacet
  facet normal 0 0 1
    outer loop
      vertex 66.5757 50.5757 3
      vertex 61.4243 50.5757 3
      vertex 66.5757 45.4243 3
    endloop
  endfacet
  facet normal 0 0 1
    outer loop
      vertex 66.5757 45.4243 3
      vertex 61.476 45.3653 3
      vertex 61.5196 45.3 3
    endloop
  endfacet
  facet normal 0 0 1
    outer loop
      vertex 61.4243 45.4243 3
      vertex 66.5757 45.4243 3
      vertex 61.4243 50.5757 3
    endloop
  endfacet
  facet normal 0 0 1
    outer loop
      vertex 66.5757 45.4243 3
      vertex 61.4243 45.4243 3
      vertex 61.476 45.3653 3
    endloop
  endfacet
  facet normal -0 0 1
    outer loop
      vertex 61.3653 50.524 3
      vertex 61.4243 45.4243 3
      vertex 61.4243 50.5757 3
    endloop
  endfacet
  facet normal 0 0 1
    outer loop
      vertex 61.3653 50.524 3
      vertex 61.3653 45.476 3
      vertex 61.4243 45.4243 3
    endloop
  endfacet
  facet normal -0 0 1
    outer loop
      vertex 61.3 50.4804 3
      vertex 61.3653 45.476 3
      vertex 61.3653 50.524 3
    endloop
  endfacet
  facet normal 0 0 1
    outer loop
      vertex 61.3 50.4804 3
      vertex 61.3 45.5196 3
      vertex 61.3653 45.476 3
    endloop
  endfacet
  facet normal -0 0 1
    outer loop
      vertex 61.2296 50.4457 3
      vertex 61.3 45.5196 3
      vertex 61.3 50.4804 3
    endloop
  endfacet
  facet normal 0 0 1
    outer loop
      vertex 61.2296 50.4457 3
      vertex 61.2296 45.5543 3
      vertex 61.3 45.5196 3
    endloop
  endfacet
  facet normal -0 0 1
    outer loop
      vertex 61.1553 50.4204 3
      vertex 61.2296 45.5543 3
      vertex 61.2296 50.4457 3
    endloop
  endfacet
  facet normal 0 0 1
    outer loop
      vertex 61.1553 50.4204 3
      vertex 61.1553 45.5796 3
      vertex 61.2296 45.5543 3
    endloop
  endfacet
  facet normal -0 0 1
    outer loop
      vertex 61.0783 50.4051 3
      vertex 61.1553 45.5796 3
      vertex 61.1553 50.4204 3
    endloop
  endfacet
  facet normal 0 0 1
    outer loop
      vertex 61.0783 50.4051 3
      vertex 61.0783 45.5949 3
      vertex 61.1553 45.5796 3
    endloop
  endfacet
  facet normal -0 0 1
    outer loop
      vertex 61 50.4 3
      vertex 61.0783 45.5949 3
      vertex 61.0783 50.4051 3
    endloop
  endfacet
  facet normal 0 0 1
    outer loop
      vertex 61 50.4 3
      vertex 61 45.6 3
      vertex 61.0783 45.5949 3
    endloop
  endfacet
  facet normal 0 0 1
    outer loop
      vertex 60.9217 50.4051 3
      vertex 61 45.6 3
      vertex 61 50.4 3
    endloop
  endfacet
  facet normal 0 0 1
    outer loop
      vertex 60.9217 50.4051 3
      vertex 60.9217 45.5949 3
      vertex 61 45.6 3
    endloop
  endfacet
  facet normal 0 0 1
    outer loop
      vertex 60.8447 50.4204 3
      vertex 60.9217 45.5949 3
      vertex 60.9217 50.4051 3
    endloop
  endfacet
  facet normal 0 0 1
    outer loop
      vertex 60.8447 50.4204 3
      vertex 60.8447 45.5796 3
      vertex 60.9217 45.5949 3
    endloop
  endfacet
  facet normal 0 0 1
    outer loop
      vertex 60.7704 50.4457 3
      vertex 60.8447 45.5796 3
      vertex 60.8447 50.4204 3
    endloop
  endfacet
  facet normal 0 0 1
    outer loop
      vertex 60.7704 50.4457 3
      vertex 60.7704 45.5543 3
      vertex 60.8447 45.5796 3
    endloop
  endfacet
  facet normal 0 0 1
    outer loop
      vertex 58 46 3
      vertex 60.7704 50.4457 3
      vertex 60.7 50.4804 3
    endloop
  endfacet
  facet normal 0 0 1
    outer loop
      vertex 60.7704 50.4457 3
      vertex 58 46 3
      vertex 60.7704 45.5543 3
    endloop
  endfacet
  facet normal 0 0 1
    outer loop
      vertex 58 46 3
      vertex 60.7 50.4804 3
      vertex 60.6347 50.524 3
    endloop
  endfacet
  facet normal 0 0 1
    outer loop
      vertex 60.7704 45.5543 3
      vertex 58 46 3
      vertex 60.7 45.5196 3
    endloop
  endfacet
  facet normal 0 0 1
    outer loop
      vertex 58 46 3
      vertex 60.6347 50.524 3
      vertex 60.5757 50.5757 3
    endloop
  endfacet
  facet normal 0 0 1
    outer loop
      vertex 60.7 45.5196 3
      vertex 58 46 3
      vertex 60.6347 45.476 3
    endloop
  endfacet
  facet normal 0 0 1
    outer loop
      vertex 58 46 3
      vertex 60.5757 50.5757 3
      vertex 60.524 50.6347 3
    endloop
  endfacet
  facet normal 0 0 1
    outer loop
      vertex 60.6347 45.476 3
      vertex 58 46 3
      vertex 60.5757 45.4243 3
    endloop
  endfacet
  facet normal 0 0 1
    outer loop
      vertex 58 46 3
      vertex 60.524 50.6347 3
      vertex 60.4804 50.7 3
    endloop
  endfacet
  facet normal 0 0 1
    outer loop
      vertex 60.5757 45.4243 3
      vertex 58 46 3
      vertex 60.524 45.3653 3
    endloop
  endfacet
  facet normal 0 0 1
    outer loop
      vertex 58 52 3
      vertex 60.4804 50.7 3
      vertex 60.4457 50.7704 3
    endloop
  endfacet
  facet normal 0 0 1
    outer loop
      vertex 60.524 45.3653 3
      vertex 58 46 3
      vertex 60.4804 45.3 3
    endloop
  endfacet
  facet normal 0 0 1
    outer loop
      vertex 58 52 3
      vertex 60.4457 50.7704 3
      vertex 60.4204 50.8447 3
    endloop
  endfacet
  facet normal 0 0 1
    outer loop
      vertex 60.4804 45.3 3
      vertex 58 46 3
      vertex 60.4457 45.2296 3
    endloop
  endfacet
  facet normal 0 0 1
    outer loop
      vertex 58 52 3
      vertex 60.4204 50.8447 3
      vertex 60.4051 50.9217 3
    endloop
  endfacet
  facet normal -0 -0 1
    outer loop
      vertex 58.0342 45.4779 3
      vertex 60.4457 45.2296 3
      vertex 58 46 3
    endloop
  endfacet
  facet normal 0 0 1
    outer loop
      vertex 58 52 3
      vertex 60.4051 50.9217 3
      vertex 60.4 51 3
    endloop
  endfacet
  facet normal 0 0 1
    outer loop
      vertex 60.4457 45.2296 3
      vertex 58.0342 45.4779 3
      vertex 60.4204 45.1553 3
    endloop
  endfacet
  facet normal 0 0 1
    outer loop
      vertex 61.5796 44.8447 3
      vertex 66.4204 44.8447 3
      vertex 61.5949 44.9217 3
    endloop
  endfacet
  facet normal 0 0 1
    outer loop
      vertex 66.4204 44.8447 3
      vertex 61.5796 44.8447 3
      vertex 66.4457 44.7704 3
    endloop
  endfacet
  facet normal 0 0 1
    outer loop
      vertex 61.5543 44.7704 3
      vertex 66.4457 44.7704 3
      vertex 61.5796 44.8447 3
    endloop
  endfacet
  facet normal 0 0 1
    outer loop
      vertex 66.4457 44.7704 3
      vertex 61.5543 44.7704 3
      vertex 62 42 3
    endloop
  endfacet
  facet normal -0 0 1
    outer loop
      vertex 61.5196 44.7 3
      vertex 62 42 3
      vertex 61.5543 44.7704 3
    endloop
  endfacet
  facet normal -0 0 1
    outer loop
      vertex 61.476 44.6347 3
      vertex 62 42 3
      vertex 61.5196 44.7 3
    endloop
  endfacet
  facet normal -0 0 1
    outer loop
      vertex 61.4243 44.5757 3
      vertex 62 42 3
      vertex 61.476 44.6347 3
    endloop
  endfacet
  facet normal -0 0 1
    outer loop
      vertex 61.3653 44.524 3
      vertex 62 42 3
      vertex 61.4243 44.5757 3
    endloop
  endfacet
  facet normal -0 0 1
    outer loop
      vertex 61.3 44.4804 3
      vertex 62 42 3
      vertex 61.3653 44.524 3
    endloop
  endfacet
  facet normal -0 0 1
    outer loop
      vertex 61.2296 44.4457 3
      vertex 62 42 3
      vertex 61.3 44.4804 3
    endloop
  endfacet
  facet normal 0 0 1
    outer loop
      vertex 62 42 3
      vertex 61.2296 44.4457 3
      vertex 61.4779 42.0342 3
    endloop
  endfacet
  facet normal -0 0 1
    outer loop
      vertex 61.1553 44.4204 3
      vertex 61.4779 42.0342 3
      vertex 61.2296 44.4457 3
    endloop
  endfacet
  facet normal 0 0 1
    outer loop
      vertex 60.9647 42.1363 3
      vertex 61.1553 44.4204 3
      vertex 61.0783 44.4051 3
    endloop
  endfacet
  facet normal 0 0 1
    outer loop
      vertex 60.9647 42.1363 3
      vertex 61.0783 44.4051 3
      vertex 61 44.4 3
    endloop
  endfacet
  facet normal 0 0 1
    outer loop
      vertex 61.1553 44.4204 3
      vertex 60.9647 42.1363 3
      vertex 61.4779 42.0342 3
    endloop
  endfacet
  facet normal 0 0 1
    outer loop
      vertex 60.4693 42.3045 3
      vertex 61 44.4 3
      vertex 60.9217 44.4051 3
    endloop
  endfacet
  facet normal 0 0 1
    outer loop
      vertex 60 42.5359 3
      vertex 60.9217 44.4051 3
      vertex 60.8447 44.4204 3
    endloop
  endfacet
  facet normal 0 0 1
    outer loop
      vertex 60 42.5359 3
      vertex 60.8447 44.4204 3
      vertex 60.7704 44.4457 3
    endloop
  endfacet
  facet normal 0 0 1
    outer loop
      vertex 59.5649 42.8266 3
      vertex 60.7704 44.4457 3
      vertex 60.7 44.4804 3
    endloop
  endfacet
  facet normal 0 0 1
    outer loop
      vertex 59.5649 42.8266 3
      vertex 60.7 44.4804 3
      vertex 60.6347 44.524 3
    endloop
  endfacet
  facet normal 0 0 1
    outer loop
      vertex 59.1716 43.1716 3
      vertex 60.6347 44.524 3
      vertex 60.5757 44.5757 3
    endloop
  endfacet
  facet normal 0 0 1
    outer loop
      vertex 59.1716 43.1716 3
      vertex 60.5757 44.5757 3
      vertex 60.524 44.6347 3
    endloop
  endfacet
  facet normal 0 0 1
    outer loop
      vertex 58.8266 43.5649 3
      vertex 60.524 44.6347 3
      vertex 60.4804 44.7 3
    endloop
  endfacet
  facet normal 0 0 1
    outer loop
      vertex 61 44.4 3
      vertex 60.4693 42.3045 3
      vertex 60.9647 42.1363 3
    endloop
  endfacet
  facet normal 0 0 1
    outer loop
      vertex 58.8266 43.5649 3
      vertex 60.4804 44.7 3
      vertex 60.4457 44.7704 3
    endloop
  endfacet
  facet normal 0 0 1
    outer loop
      vertex 58.5359 44 3
      vertex 60.4457 44.7704 3
      vertex 60.4204 44.8447 3
    endloop
  endfacet
  facet normal 0 0 1
    outer loop
      vertex 58.5359 44 3
      vertex 60.4204 44.8447 3
      vertex 60.4051 44.9217 3
    endloop
  endfacet
  facet normal 0 0 1
    outer loop
      vertex 58.3045 44.4693 3
      vertex 60.4051 44.9217 3
      vertex 60.4 45 3
    endloop
  endfacet
  facet normal 0 0 1
    outer loop
      vertex 60.4804 50.7 3
      vertex 58 52 3
      vertex 58 46 3
    endloop
  endfacet
  facet normal 0 -0 1
    outer loop
      vertex 58.1363 44.9647 3
      vertex 60.4204 45.1553 3
      vertex 58.0342 45.4779 3
    endloop
  endfacet
  facet normal 0 0 1
    outer loop
      vertex 58 52 3
      vertex 60 55.4641 3
      vertex 59.5649 55.1734 3
    endloop
  endfacet
  facet normal 0 0 1
    outer loop
      vertex 60.4204 45.1553 3
      vertex 58.1363 44.9647 3
      vertex 60.4051 45.0783 3
    endloop
  endfacet
  facet normal 0 0 1
    outer loop
      vertex 58 52 3
      vertex 59.5649 55.1734 3
      vertex 59.1716 54.8284 3
    endloop
  endfacet
  facet normal 0 0 1
    outer loop
      vertex 60.9217 44.4051 3
      vertex 60 42.5359 3
      vertex 60.4693 42.3045 3
    endloop
  endfacet
  facet normal 0 0 1
    outer loop
      vertex 58 52 3
      vertex 59.1716 54.8284 3
      vertex 58.8266 54.435 3
    endloop
  endfacet
  facet normal 0 0 1
    outer loop
      vertex 60.7704 44.4457 3
      vertex 59.5649 42.8266 3
      vertex 60 42.5359 3
    endloop
  endfacet
  facet normal 0 0 1
    outer loop
      vertex 58 52 3
      vertex 58.8266 54.435 3
      vertex 58.5359 54 3
    endloop
  endfacet
  facet normal 0 0 1
    outer loop
      vertex 60.6347 44.524 3
      vertex 59.1716 43.1716 3
      vertex 59.5649 42.8266 3
    endloop
  endfacet
  facet normal 0 0 1
    outer loop
      vertex 58 52 3
      vertex 58.5359 54 3
      vertex 58.3045 53.5307 3
    endloop
  endfacet
  facet normal 0 0 1
    outer loop
      vertex 60.524 44.6347 3
      vertex 58.8266 43.5649 3
      vertex 59.1716 43.1716 3
    endloop
  endfacet
  facet normal 0 0 1
    outer loop
      vertex 58 52 3
      vertex 58.3045 53.5307 3
      vertex 58.1363 53.0353 3
    endloop
  endfacet
  facet normal 0 0 1
    outer loop
      vertex 60.4457 44.7704 3
      vertex 58.5359 44 3
      vertex 58.8266 43.5649 3
    endloop
  endfacet
  facet normal 0 0 1
    outer loop
      vertex 58 52 3
      vertex 58.1363 53.0353 3
      vertex 58.0342 52.5221 3
    endloop
  endfacet
  facet normal 0 0 1
    outer loop
      vertex 60.4051 44.9217 3
      vertex 58.3045 44.4693 3
      vertex 58.5359 44 3
    endloop
  endfacet
  facet normal 0 0 1
    outer loop
      vertex 60.4 45 3
      vertex 58.1363 44.9647 3
      vertex 58.3045 44.4693 3
    endloop
  endfacet
  facet normal 0 0 1
    outer loop
      vertex 60.4051 45.0783 3
      vertex 58.1363 44.9647 3
      vertex 60.4 45 3
    endloop
  endfacet
  facet normal 0 0 1
    outer loop
      vertex 72.4804 50.7 3
      vertex 67.5196 50.7 3
      vertex 72.524 50.6347 3
    endloop
  endfacet
  facet normal 0 0 1
    outer loop
      vertex 72.5757 45.4243 3
      vertex 67.5949 45.0783 3
      vertex 67.6 45 3
    endloop
  endfacet
  facet normal 0 0 1
    outer loop
      vertex 67.476 50.6347 3
      vertex 72.524 50.6347 3
      vertex 67.5196 50.7 3
    endloop
  endfacet
  facet normal 0 0 1
    outer loop
      vertex 72.5757 45.4243 3
      vertex 67.5796 45.1553 3
      vertex 67.5949 45.0783 3
    endloop
  endfacet
  facet normal 0 0 1
    outer loop
      vertex 72.524 50.6347 3
      vertex 67.476 50.6347 3
      vertex 72.5757 50.5757 3
    endloop
  endfacet
  facet normal 0 0 1
    outer loop
      vertex 72.5757 45.4243 3
      vertex 67.5543 45.2296 3
      vertex 67.5796 45.1553 3
    endloop
  endfacet
  facet normal 0 0 1
    outer loop
      vertex 67.4243 50.5757 3
      vertex 72.5757 50.5757 3
      vertex 67.476 50.6347 3
    endloop
  endfacet
  facet normal 0 0 1
    outer loop
      vertex 72.5757 45.4243 3
      vertex 67.5196 45.3 3
      vertex 67.5543 45.2296 3
    endloop
  endfacet
  facet normal 0 0 1
    outer loop
      vertex 72.5757 50.5757 3
      vertex 67.4243 50.5757 3
      vertex 72.5757 45.4243 3
    endloop
  endfacet
  facet normal 0 0 1
    outer loop
      vertex 72.5757 45.4243 3
      vertex 67.476 45.3653 3
      vertex 67.5196 45.3 3
    endloop
  endfacet
  facet normal 0 0 1
    outer loop
      vertex 67.4243 45.4243 3
      vertex 72.5757 45.4243 3
      vertex 67.4243 50.5757 3
    endloop
  endfacet
  facet normal 0 0 1
    outer loop
      vertex 72.5757 45.4243 3
      vertex 67.4243 45.4243 3
      vertex 67.476 45.3653 3
    endloop
  endfacet
  facet normal -0 0 1
    outer loop
      vertex 67.3653 50.524 3
      vertex 67.4243 45.4243 3
      vertex 67.4243 50.5757 3
    endloop
  endfacet
  facet normal 0 0 1
    outer loop
      vertex 67.3653 50.524 3
      vertex 67.3653 45.476 3
      vertex 67.4243 45.4243 3
    endloop
  endfacet
  facet normal -0 0 1
    outer loop
      vertex 67.3 50.4804 3
      vertex 67.3653 45.476 3
      vertex 67.3653 50.524 3
    endloop
  endfacet
  facet normal 0 0 1
    outer loop
      vertex 67.3 50.4804 3
      vertex 67.3 45.5196 3
      vertex 67.3653 45.476 3
    endloop
  endfacet
  facet normal -0 0 1
    outer loop
      vertex 67.2296 50.4457 3
      vertex 67.3 45.5196 3
      vertex 67.3 50.4804 3
    endloop
  endfacet
  facet normal 0 0 1
    outer loop
      vertex 67.2296 50.4457 3
      vertex 67.2296 45.5543 3
      vertex 67.3 45.5196 3
    endloop
  endfacet
  facet normal -0 0 1
    outer loop
      vertex 67.1553 50.4204 3
      vertex 67.2296 45.5543 3
      vertex 67.2296 50.4457 3
    endloop
  endfacet
  facet normal 0 0 1
    outer loop
      vertex 67.1553 50.4204 3
      vertex 67.1553 45.5796 3
      vertex 67.2296 45.5543 3
    endloop
  endfacet
  facet normal -0 0 1
    outer loop
      vertex 67.0783 50.4051 3
      vertex 67.1553 45.5796 3
      vertex 67.1553 50.4204 3
    endloop
  endfacet
  facet normal 0 0 1
    outer loop
      vertex 67.0783 50.4051 3
      vertex 67.0783 45.5949 3
      vertex 67.1553 45.5796 3
    endloop
  endfacet
  facet normal -0 0 1
    outer loop
      vertex 67 50.4 3
      vertex 67.0783 45.5949 3
      vertex 67.0783 50.4051 3
    endloop
  endfacet
  facet normal 0 0 1
    outer loop
      vertex 67 50.4 3
      vertex 67 45.6 3
      vertex 67.0783 45.5949 3
    endloop
  endfacet
  facet normal 0 0 1
    outer loop
      vertex 66.9217 50.4051 3
      vertex 67 45.6 3
      vertex 67 50.4 3
    endloop
  endfacet
  facet normal 0 0 1
    outer loop
      vertex 66.9217 50.4051 3
      vertex 66.9217 45.5949 3
      vertex 67 45.6 3
    endloop
  endfacet
  facet normal 0 0 1
    outer loop
      vertex 66.8447 50.4204 3
      vertex 66.9217 45.5949 3
      vertex 66.9217 50.4051 3
    endloop
  endfacet
  facet normal 0 0 1
    outer loop
      vertex 66.8447 50.4204 3
      vertex 66.8447 45.5796 3
      vertex 66.9217 45.5949 3
    endloop
  endfacet
  facet normal 0 0 1
    outer loop
      vertex 66.7704 50.4457 3
      vertex 66.8447 45.5796 3
      vertex 66.8447 50.4204 3
    endloop
  endfacet
  facet normal 0 0 1
    outer loop
      vertex 66.7704 50.4457 3
      vertex 66.7704 45.5543 3
      vertex 66.8447 45.5796 3
    endloop
  endfacet
  facet normal 0 0 1
    outer loop
      vertex 66.7 50.4804 3
      vertex 66.7704 45.5543 3
      vertex 66.7704 50.4457 3
    endloop
  endfacet
  facet normal 0 0 1
    outer loop
      vertex 66.7 50.4804 3
      vertex 66.7 45.5196 3
      vertex 66.7704 45.5543 3
    endloop
  endfacet
  facet normal 0 0 1
    outer loop
      vertex 66.6347 50.524 3
      vertex 66.7 45.5196 3
      vertex 66.7 50.4804 3
    endloop
  endfacet
  facet normal 0 0 1
    outer loop
      vertex 66.6347 50.524 3
      vertex 66.6347 45.476 3
      vertex 66.7 45.5196 3
    endloop
  endfacet
  facet normal 0 0 1
    outer loop
      vertex 66.5757 50.5757 3
      vertex 66.6347 45.476 3
      vertex 66.6347 50.524 3
    endloop
  endfacet
  facet normal 0 0 1
    outer loop
      vertex 66.5757 50.5757 3
      vertex 66.5757 45.4243 3
      vertex 66.6347 45.476 3
    endloop
  endfacet
  facet normal 0 0 1
    outer loop
      vertex 61.5543 50.7704 3
      vertex 66.4457 50.7704 3
      vertex 61.5796 50.8447 3
    endloop
  endfacet
  facet normal 0 0 1
    outer loop
      vertex 66.4457 50.7704 3
      vertex 61.5543 50.7704 3
      vertex 66.4804 50.7 3
    endloop
  endfacet
  facet normal 0 0 1
    outer loop
      vertex 66.4204 50.8447 3
      vertex 61.5796 50.8447 3
      vertex 66.4457 50.7704 3
    endloop
  endfacet
  facet normal 0 0 1
    outer loop
      vertex 61.5196 50.7 3
      vertex 66.4804 50.7 3
      vertex 61.5543 50.7704 3
    endloop
  endfacet
  facet normal 0 0 1
    outer loop
      vertex 61.5796 50.8447 3
      vertex 66.4204 50.8447 3
      vertex 61.5949 50.9217 3
    endloop
  endfacet
  facet normal 0 0 1
    outer loop
      vertex 66.5757 45.4243 3
      vertex 61.6 45 3
      vertex 66.524 45.3653 3
    endloop
  endfacet
  facet normal 0 0 1
    outer loop
      vertex 66.4051 50.9217 3
      vertex 61.5949 50.9217 3
      vertex 66.4204 50.8447 3
    endloop
  endfacet
  facet normal 0 0 1
    outer loop
      vertex 66.524 45.3653 3
      vertex 61.6 45 3
      vertex 66.4804 45.3 3
    endloop
  endfacet
  facet normal 0 0 1
    outer loop
      vertex 61.5949 50.9217 3
      vertex 66.4051 50.9217 3
      vertex 61.6 51 3
    endloop
  endfacet
  facet normal 0 0 1
    outer loop
      vertex 66.4804 45.3 3
      vertex 61.6 45 3
      vertex 66.4457 45.2296 3
    endloop
  endfacet
  facet normal -0 0 1
    outer loop
      vertex 61.6 51 3
      vertex 66.4051 50.9217 3
      vertex 66.4 51 3
    endloop
  endfacet
  facet normal 0 0 1
    outer loop
      vertex 66.4457 45.2296 3
      vertex 61.6 45 3
      vertex 66.4204 45.1553 3
    endloop
  endfacet
  facet normal 0 0 1
    outer loop
      vertex 73.5543 50.7704 3
      vertex 78 52 3
      vertex 73.5796 50.8447 3
    endloop
  endfacet
  facet normal 0 0 1
    outer loop
      vertex 78 46 3
      vertex 73.5949 45.0783 3
      vertex 73.6 45 3
    endloop
  endfacet
  facet normal 0 0 1
    outer loop
      vertex 73.5196 50.7 3
      vertex 78 52 3
      vertex 73.5543 50.7704 3
    endloop
  endfacet
  facet normal 0 0 1
    outer loop
      vertex 78 46 3
      vertex 73.5796 45.1553 3
      vertex 73.5949 45.0783 3
    endloop
  endfacet
  facet normal 0 0 1
    outer loop
      vertex 78 52 3
      vertex 73.5196 50.7 3
      vertex 78 46 3
    endloop
  endfacet
  facet normal 0 0 1
    outer loop
      vertex 78 46 3
      vertex 73.5543 45.2296 3
      vertex 73.5796 45.1553 3
    endloop
  endfacet
  facet normal -0 0 1
    outer loop
      vertex 73.476 50.6347 3
      vertex 78 46 3
      vertex 73.5196 50.7 3
    endloop
  endfacet
  facet normal 0 0 1
    outer loop
      vertex 78 46 3
      vertex 73.5196 45.3 3
      vertex 73.5543 45.2296 3
    endloop
  endfacet
  facet normal -0 0 1
    outer loop
      vertex 73.4243 50.5757 3
      vertex 78 46 3
      vertex 73.476 50.6347 3
    endloop
  endfacet
  facet normal 0 0 1
    outer loop
      vertex 78 46 3
      vertex 73.476 45.3653 3
      vertex 73.5196 45.3 3
    endloop
  endfacet
  facet normal -0 0 1
    outer loop
      vertex 73.3653 50.524 3
      vertex 78 46 3
      vertex 73.4243 50.5757 3
    endloop
  endfacet
  facet normal 0 0 1
    outer loop
      vertex 78 46 3
      vertex 73.4243 45.4243 3
      vertex 73.476 45.3653 3
    endloop
  endfacet
  facet normal 0 0 1
    outer loop
      vertex 73.3653 45.476 3
      vertex 78 46 3
      vertex 73.3653 50.524 3
    endloop
  endfacet
  facet normal 0 0 1
    outer loop
      vertex 78 46 3
      vertex 73.3653 45.476 3
      vertex 73.4243 45.4243 3
    endloop
  endfacet
  facet normal -0 0 1
    outer loop
      vertex 73.3 50.4804 3
      vertex 73.3653 45.476 3
      vertex 73.3653 50.524 3
    endloop
  endfacet
  facet normal 0 0 1
    outer loop
      vertex 73.3 50.4804 3
      vertex 73.3 45.5196 3
      vertex 73.3653 45.476 3
    endloop
  endfacet
  facet normal -0 0 1
    outer loop
      vertex 73.2296 50.4457 3
      vertex 73.3 45.5196 3
      vertex 73.3 50.4804 3
    endloop
  endfacet
  facet normal 0 0 1
    outer loop
      vertex 73.2296 50.4457 3
      vertex 73.2296 45.5543 3
      vertex 73.3 45.5196 3
    endloop
  endfacet
  facet normal -0 0 1
    outer loop
      vertex 73.1553 50.4204 3
      vertex 73.2296 45.5543 3
      vertex 73.2296 50.4457 3
    endloop
  endfacet
  facet normal 0 0 1
    outer loop
      vertex 73.1553 50.4204 3
      vertex 73.1553 45.5796 3
      vertex 73.2296 45.5543 3
    endloop
  endfacet
  facet normal -0 0 1
    outer loop
      vertex 73.0783 50.4051 3
      vertex 73.1553 45.5796 3
      vertex 73.1553 50.4204 3
    endloop
  endfacet
  facet normal 0 0 1
    outer loop
      vertex 73.0783 50.4051 3
      vertex 73.0783 45.5949 3
      vertex 73.1553 45.5796 3
    endloop
  endfacet
  facet normal -0 0 1
    outer loop
      vertex 73 50.4 3
      vertex 73.0783 45.5949 3
      vertex 73.0783 50.4051 3
    endloop
  endfacet
  facet normal 0 0 1
    outer loop
      vertex 73 50.4 3
      vertex 73 45.6 3
      vertex 73.0783 45.5949 3
    endloop
  endfacet
  facet normal 0 0 1
    outer loop
      vertex 72.9217 50.4051 3
      vertex 73 45.6 3
      vertex 73 50.4 3
    endloop
  endfacet
  facet normal 0 0 1
    outer loop
      vertex 72.9217 50.4051 3
      vertex 72.9217 45.5949 3
      vertex 73 45.6 3
    endloop
  endfacet
  facet normal 0 0 1
    outer loop
      vertex 72.8447 50.4204 3
      vertex 72.9217 45.5949 3
      vertex 72.9217 50.4051 3
    endloop
  endfacet
  facet normal 0 0 1
    outer loop
      vertex 72.8447 50.4204 3
      vertex 72.8447 45.5796 3
      vertex 72.9217 45.5949 3
    endloop
  endfacet
  facet normal 0 0 1
    outer loop
      vertex 72.7704 50.4457 3
      vertex 72.8447 45.5796 3
      vertex 72.8447 50.4204 3
    endloop
  endfacet
  facet normal 0 0 1
    outer loop
      vertex 72.7704 50.4457 3
      vertex 72.7704 45.5543 3
      vertex 72.8447 45.5796 3
    endloop
  endfacet
  facet normal 0 0 1
    outer loop
      vertex 72.7 50.4804 3
      vertex 72.7704 45.5543 3
      vertex 72.7704 50.4457 3
    endloop
  endfacet
  facet normal 0 0 1
    outer loop
      vertex 72.7 50.4804 3
      vertex 72.7 45.5196 3
      vertex 72.7704 45.5543 3
    endloop
  endfacet
  facet normal 0 0 1
    outer loop
      vertex 72.6347 50.524 3
      vertex 72.7 45.5196 3
      vertex 72.7 50.4804 3
    endloop
  endfacet
  facet normal 0 0 1
    outer loop
      vertex 72.6347 50.524 3
      vertex 72.6347 45.476 3
      vertex 72.7 45.5196 3
    endloop
  endfacet
  facet normal 0 0 1
    outer loop
      vertex 72.5757 50.5757 3
      vertex 72.6347 45.476 3
      vertex 72.6347 50.524 3
    endloop
  endfacet
  facet normal 0 0 1
    outer loop
      vertex 72.5757 50.5757 3
      vertex 72.5757 45.4243 3
      vertex 72.6347 45.476 3
    endloop
  endfacet
  facet normal 0 0 1
    outer loop
      vertex 67.5543 50.7704 3
      vertex 72.4457 50.7704 3
      vertex 67.5796 50.8447 3
    endloop
  endfacet
  facet normal 0 0 1
    outer loop
      vertex 72.4457 50.7704 3
      vertex 67.5543 50.7704 3
      vertex 72.4804 50.7 3
    endloop
  endfacet
  facet normal 0 0 1
    outer loop
      vertex 72.4204 50.8447 3
      vertex 67.5796 50.8447 3
      vertex 72.4457 50.7704 3
    endloop
  endfacet
  facet normal 0 0 1
    outer loop
      vertex 67.5196 50.7 3
      vertex 72.4804 50.7 3
      vertex 67.5543 50.7704 3
    endloop
  endfacet
  facet normal 0 0 1
    outer loop
      vertex 67.5796 50.8447 3
      vertex 72.4204 50.8447 3
      vertex 67.5949 50.9217 3
    endloop
  endfacet
  facet normal 0 0 1
    outer loop
      vertex 72.5757 45.4243 3
      vertex 67.6 45 3
      vertex 72.524 45.3653 3
    endloop
  endfacet
  facet normal 0 0 1
    outer loop
      vertex 72.4051 50.9217 3
      vertex 67.5949 50.9217 3
      vertex 72.4204 50.8447 3
    endloop
  endfacet
  facet normal 0 0 1
    outer loop
      vertex 72.524 45.3653 3
      vertex 67.6 45 3
      vertex 72.4804 45.3 3
    endloop
  endfacet
  facet normal 0 0 1
    outer loop
      vertex 67.5949 50.9217 3
      vertex 72.4051 50.9217 3
      vertex 67.6 51 3
    endloop
  endfacet
  facet normal 0 0 1
    outer loop
      vertex 72.4804 45.3 3
      vertex 67.6 45 3
      vertex 72.4457 45.2296 3
    endloop
  endfacet
  facet normal -0 0 1
    outer loop
      vertex 67.6 51 3
      vertex 72.4051 50.9217 3
      vertex 72.4 51 3
    endloop
  endfacet
  facet normal 0 0 1
    outer loop
      vertex 72.4457 45.2296 3
      vertex 67.6 45 3
      vertex 72.4204 45.1553 3
    endloop
  endfacet
  facet normal 0 0 1
    outer loop
      vertex 73.5543 51.2296 3
      vertex 78 52 3
      vertex 77.9658 52.5221 3
    endloop
  endfacet
  facet normal 0 0 1
    outer loop
      vertex 73.5949 50.9217 3
      vertex 78 52 3
      vertex 73.6 51 3
    endloop
  endfacet
  facet normal 0 0 1
    outer loop
      vertex 73.5196 51.3 3
      vertex 77.9658 52.5221 3
      vertex 77.8637 53.0353 3
    endloop
  endfacet
  facet normal 0 0 1
    outer loop
      vertex 73.5796 50.8447 3
      vertex 78 52 3
      vertex 73.5949 50.9217 3
    endloop
  endfacet
  facet normal 0 0 1
    outer loop
      vertex 73.5196 51.3 3
      vertex 77.8637 53.0353 3
      vertex 77.6955 53.5307 3
    endloop
  endfacet
  facet normal 0 0 1
    outer loop
      vertex 78 46 3
      vertex 73.6 45 3
      vertex 77.9658 45.4779 3
    endloop
  endfacet
  facet normal 0 0 1
    outer loop
      vertex 73.476 51.3653 3
      vertex 77.6955 53.5307 3
      vertex 77.4641 54 3
    endloop
  endfacet
  facet normal 0 0 1
    outer loop
      vertex 77.9658 45.4779 3
      vertex 73.6 45 3
      vertex 77.8637 44.9647 3
    endloop
  endfacet
  facet normal 0 0 1
    outer loop
      vertex 73.476 51.3653 3
      vertex 77.4641 54 3
      vertex 77.1734 54.435 3
    endloop
  endfacet
  facet normal 0 0 1
    outer loop
      vertex 77.8637 44.9647 3
      vertex 73.6 45 3
      vertex 77.6955 44.4693 3
    endloop
  endfacet
  facet normal 0 0 1
    outer loop
      vertex 73.4243 51.4243 3
      vertex 77.1734 54.435 3
      vertex 76.8284 54.8284 3
    endloop
  endfacet
  facet normal 0 0 1
    outer loop
      vertex 77.6955 44.4693 3
      vertex 73.6 45 3
      vertex 77.4641 44 3
    endloop
  endfacet
  facet normal 0 0 1
    outer loop
      vertex 73.4243 51.4243 3
      vertex 76.8284 54.8284 3
      vertex 76.435 55.1734 3
    endloop
  endfacet
  facet normal 0 0 1
    outer loop
      vertex 77.4641 44 3
      vertex 73.6 45 3
      vertex 77.1734 43.5649 3
    endloop
  endfacet
  facet normal 0 0 1
    outer loop
      vertex 73.3653 51.476 3
      vertex 76.435 55.1734 3
      vertex 76 55.4641 3
    endloop
  endfacet
  facet normal -0 0 1
    outer loop
      vertex 73.5949 44.9217 3
      vertex 77.1734 43.5649 3
      vertex 73.6 45 3
    endloop
  endfacet
  facet normal 0 0 1
    outer loop
      vertex 73.3653 51.476 3
      vertex 76 55.4641 3
      vertex 75.5307 55.6955 3
    endloop
  endfacet
  facet normal 0 0 1
    outer loop
      vertex 77.1734 43.5649 3
      vertex 73.5949 44.9217 3
      vertex 76.8284 43.1716 3
    endloop
  endfacet
  facet normal 0 0 1
    outer loop
      vertex 73.3 51.5196 3
      vertex 75.5307 55.6955 3
      vertex 75.0353 55.8637 3
    endloop
  endfacet
  facet normal -0 0 1
    outer loop
      vertex 73.5796 44.8447 3
      vertex 76.8284 43.1716 3
      vertex 73.5949 44.9217 3
    endloop
  endfacet
  facet normal 0 0 1
    outer loop
      vertex 73.3 51.5196 3
      vertex 75.0353 55.8637 3
      vertex 74.5221 55.9658 3
    endloop
  endfacet
  facet normal 0 0 1
    outer loop
      vertex 76.8284 43.1716 3
      vertex 73.5796 44.8447 3
      vertex 76.435 42.8266 3
    endloop
  endfacet
  facet normal 0 0 1
    outer loop
      vertex 73.2296 51.5543 3
      vertex 74.5221 55.9658 3
      vertex 74 56 3
    endloop
  endfacet
  facet normal -0 0 1
    outer loop
      vertex 73.5543 44.7704 3
      vertex 76.435 42.8266 3
      vertex 73.5796 44.8447 3
    endloop
  endfacet
  facet normal 0 0 1
    outer loop
      vertex 76.435 42.8266 3
      vertex 73.5543 44.7704 3
      vertex 76 42.5359 3
    endloop
  endfacet
  facet normal 0 0 1
    outer loop
      vertex 78 52 3
      vertex 73.5949 51.0783 3
      vertex 73.6 51 3
    endloop
  endfacet
  facet normal 0 0 1
    outer loop
      vertex 78 52 3
      vertex 73.5796 51.1553 3
      vertex 73.5949 51.0783 3
    endloop
  endfacet
  facet normal 0 0 1
    outer loop
      vertex 78 52 3
      vertex 73.5543 51.2296 3
      vertex 73.5796 51.1553 3
    endloop
  endfacet
  facet normal 0 0 1
    outer loop
      vertex 77.9658 52.5221 3
      vertex 73.5196 51.3 3
      vertex 73.5543 51.2296 3
    endloop
  endfacet
  facet normal 0 0 1
    outer loop
      vertex 77.6955 53.5307 3
      vertex 73.476 51.3653 3
      vertex 73.5196 51.3 3
    endloop
  endfacet
  facet normal 0 0 1
    outer loop
      vertex 77.1734 54.435 3
      vertex 73.4243 51.4243 3
      vertex 73.476 51.3653 3
    endloop
  endfacet
  facet normal 0 0 1
    outer loop
      vertex 76.435 55.1734 3
      vertex 73.3653 51.476 3
      vertex 73.4243 51.4243 3
    endloop
  endfacet
  facet normal 0 0 1
    outer loop
      vertex 75.5307 55.6955 3
      vertex 73.3 51.5196 3
      vertex 73.3653 51.476 3
    endloop
  endfacet
  facet normal 0 0 1
    outer loop
      vertex 74.5221 55.9658 3
      vertex 73.2296 51.5543 3
      vertex 73.3 51.5196 3
    endloop
  endfacet
  facet normal 0 0 1
    outer loop
      vertex 74 56 3
      vertex 73.1553 51.5796 3
      vertex 73.2296 51.5543 3
    endloop
  endfacet
  facet normal 0 0 1
    outer loop
      vertex 74 56 3
      vertex 73.0783 51.5949 3
      vertex 73.1553 51.5796 3
    endloop
  endfacet
  facet normal 0 0 1
    outer loop
      vertex 74 56 3
      vertex 73 51.6 3
      vertex 73.0783 51.5949 3
    endloop
  endfacet
  facet normal 0 0 1
    outer loop
      vertex 74 56 3
      vertex 72.9217 51.5949 3
      vertex 73 51.6 3
    endloop
  endfacet
  facet normal 0 0 1
    outer loop
      vertex 74 56 3
      vertex 72.8447 51.5796 3
      vertex 72.9217 51.5949 3
    endloop
  endfacet
  facet normal 0 0 1
    outer loop
      vertex 74 56 3
      vertex 72.7704 51.5543 3
      vertex 72.8447 51.5796 3
    endloop
  endfacet
  facet normal 0 0 1
    outer loop
      vertex 74 56 3
      vertex 72.7 51.5196 3
      vertex 72.7704 51.5543 3
    endloop
  endfacet
  facet normal 0 0 1
    outer loop
      vertex 74 56 3
      vertex 72.6347 51.476 3
      vertex 72.7 51.5196 3
    endloop
  endfacet
  facet normal 0 0 1
    outer loop
      vertex 67.3653 51.476 3
      vertex 72.6347 51.476 3
      vertex 74 56 3
    endloop
  endfacet
  facet normal 0 0 1
    outer loop
      vertex 72.6347 51.476 3
      vertex 67.3653 51.476 3
      vertex 72.5757 51.4243 3
    endloop
  endfacet
  facet normal 0 -0 1
    outer loop
      vertex 67.4243 51.4243 3
      vertex 72.5757 51.4243 3
      vertex 67.3653 51.476 3
    endloop
  endfacet
  facet normal 0 0 1
    outer loop
      vertex 72.5757 51.4243 3
      vertex 67.4243 51.4243 3
      vertex 72.524 51.3653 3
    endloop
  endfacet
  facet normal 0 -0 1
    outer loop
      vertex 67.476 51.3653 3
      vertex 72.524 51.3653 3
      vertex 67.4243 51.4243 3
    endloop
  endfacet
  facet normal 0 0 1
    outer loop
      vertex 72.4204 45.1553 3
      vertex 67.6 45 3
      vertex 72.4051 45.0783 3
    endloop
  endfacet
  facet normal 0 0 1
    outer loop
      vertex 72.4051 51.0783 3
      vertex 67.6 51 3
      vertex 72.4 51 3
    endloop
  endfacet
  facet normal 0 0 1
    outer loop
      vertex 67.5949 51.0783 3
      vertex 72.4051 51.0783 3
      vertex 72.4204 51.1553 3
    endloop
  endfacet
  facet normal 0 -0 1
    outer loop
      vertex 67.5196 51.3 3
      vertex 72.4804 51.3 3
      vertex 67.476 51.3653 3
    endloop
  endfacet
  facet normal 0 0 1
    outer loop
      vertex 72.4051 51.0783 3
      vertex 67.5949 51.0783 3
      vertex 67.6 51 3
    endloop
  endfacet
  facet normal 0 0 1
    outer loop
      vertex 72.4204 51.1553 3
      vertex 67.5796 51.1553 3
      vertex 67.5949 51.0783 3
    endloop
  endfacet
  facet normal 0 0 1
    outer loop
      vertex 72.4204 51.1553 3
      vertex 67.5543 51.2296 3
      vertex 67.5796 51.1553 3
    endloop
  endfacet
  facet normal 0 0 1
    outer loop
      vertex 72.4457 51.2296 3
      vertex 67.5543 51.2296 3
      vertex 72.4204 51.1553 3
    endloop
  endfacet
  facet normal 0 -0 1
    outer loop
      vertex 67.5543 51.2296 3
      vertex 72.4457 51.2296 3
      vertex 67.5196 51.3 3
    endloop
  endfacet
  facet normal 0 0 1
    outer loop
      vertex 72.4804 51.3 3
      vertex 67.5196 51.3 3
      vertex 72.4457 51.2296 3
    endloop
  endfacet
  facet normal 0 0 1
    outer loop
      vertex 72.524 51.3653 3
      vertex 67.476 51.3653 3
      vertex 72.4804 51.3 3
    endloop
  endfacet
  facet normal 0 0 1
    outer loop
      vertex 74 56 3
      vertex 67.3 51.5196 3
      vertex 67.3653 51.476 3
    endloop
  endfacet
  facet normal 0 0 1
    outer loop
      vertex 74 56 3
      vertex 67.2296 51.5543 3
      vertex 67.3 51.5196 3
    endloop
  endfacet
  facet normal 0 0 1
    outer loop
      vertex 74 56 3
      vertex 67.1553 51.5796 3
      vertex 67.2296 51.5543 3
    endloop
  endfacet
  facet normal 0 0 1
    outer loop
      vertex 74 56 3
      vertex 67.0783 51.5949 3
      vertex 67.1553 51.5796 3
    endloop
  endfacet
  facet normal -0 0 1
    outer loop
      vertex 62 56 3
      vertex 67.0783 51.5949 3
      vertex 74 56 3
    endloop
  endfacet
  facet normal 0 0 1
    outer loop
      vertex 67.0783 51.5949 3
      vertex 62 56 3
      vertex 67 51.6 3
    endloop
  endfacet
  facet normal 0 0 1
    outer loop
      vertex 67 51.6 3
      vertex 62 56 3
      vertex 66.9217 51.5949 3
    endloop
  endfacet
  facet normal 0 0 1
    outer loop
      vertex 66.9217 51.5949 3
      vertex 62 56 3
      vertex 66.8447 51.5796 3
    endloop
  endfacet
  facet normal 0 0 1
    outer loop
      vertex 66.8447 51.5796 3
      vertex 62 56 3
      vertex 66.7704 51.5543 3
    endloop
  endfacet
  facet normal 0 0 1
    outer loop
      vertex 66.4457 51.2296 3
      vertex 61.5543 51.2296 3
      vertex 66.4204 51.1553 3
    endloop
  endfacet
  facet normal 0 -0 1
    outer loop
      vertex 61.5543 51.2296 3
      vertex 66.4457 51.2296 3
      vertex 61.5196 51.3 3
    endloop
  endfacet
  facet normal 0 0 1
    outer loop
      vertex 66.4804 51.3 3
      vertex 61.5196 51.3 3
      vertex 66.4457 51.2296 3
    endloop
  endfacet
  facet normal 0 -0 1
    outer loop
      vertex 61.5196 51.3 3
      vertex 66.4804 51.3 3
      vertex 61.476 51.3653 3
    endloop
  endfacet
  facet normal 0 0 1
    outer loop
      vertex 66.524 51.3653 3
      vertex 61.476 51.3653 3
      vertex 66.4804 51.3 3
    endloop
  endfacet
  facet normal 0 0 1
    outer loop
      vertex 61.476 51.3653 3
      vertex 66.524 51.3653 3
      vertex 62 56 3
    endloop
  endfacet
  facet normal 0 0 1
    outer loop
      vertex 66.5757 51.4243 3
      vertex 62 56 3
      vertex 66.524 51.3653 3
    endloop
  endfacet
  facet normal 0 0 1
    outer loop
      vertex 66.6347 51.476 3
      vertex 62 56 3
      vertex 66.5757 51.4243 3
    endloop
  endfacet
  facet normal 0 0 1
    outer loop
      vertex 66.7 51.5196 3
      vertex 62 56 3
      vertex 66.6347 51.476 3
    endloop
  endfacet
  facet normal 0 0 1
    outer loop
      vertex 66.7704 51.5543 3
      vertex 62 56 3
      vertex 66.7 51.5196 3
    endloop
  endfacet
  facet normal -0 0 1
    outer loop
      vertex 73.5196 44.7 3
      vertex 76 42.5359 3
      vertex 73.5543 44.7704 3
    endloop
  endfacet
  facet normal 0 0 1
    outer loop
      vertex 76 42.5359 3
      vertex 73.5196 44.7 3
      vertex 75.5307 42.3045 3
    endloop
  endfacet
  facet normal -0 0 1
    outer loop
      vertex 73.476 44.6347 3
      vertex 75.5307 42.3045 3
      vertex 73.5196 44.7 3
    endloop
  endfacet
  facet normal 0 0 1
    outer loop
      vertex 75.5307 42.3045 3
      vertex 73.476 44.6347 3
      vertex 75.0353 42.1363 3
    endloop
  endfacet
  facet normal -0 0 1
    outer loop
      vertex 73.4243 44.5757 3
      vertex 75.0353 42.1363 3
      vertex 73.476 44.6347 3
    endloop
  endfacet
  facet normal 0 0 1
    outer loop
      vertex 75.0353 42.1363 3
      vertex 73.4243 44.5757 3
      vertex 74.5221 42.0342 3
    endloop
  endfacet
  facet normal -0 0 1
    outer loop
      vertex 73.3653 44.524 3
      vertex 74.5221 42.0342 3
      vertex 73.4243 44.5757 3
    endloop
  endfacet
  facet normal 0 0 1
    outer loop
      vertex 74.5221 42.0342 3
      vertex 73.3653 44.524 3
      vertex 74 42 3
    endloop
  endfacet
  facet normal -0 0 1
    outer loop
      vertex 73.3 44.4804 3
      vertex 74 42 3
      vertex 73.3653 44.524 3
    endloop
  endfacet
  facet normal -0 0 1
    outer loop
      vertex 73.2296 44.4457 3
      vertex 74 42 3
      vertex 73.3 44.4804 3
    endloop
  endfacet
  facet normal -0 0 1
    outer loop
      vertex 73.1553 44.4204 3
      vertex 74 42 3
      vertex 73.2296 44.4457 3
    endloop
  endfacet
  facet normal -0 0 1
    outer loop
      vertex 73.0783 44.4051 3
      vertex 74 42 3
      vertex 73.1553 44.4204 3
    endloop
  endfacet
  facet normal -0 0 1
    outer loop
      vertex 73 44.4 3
      vertex 74 42 3
      vertex 73.0783 44.4051 3
    endloop
  endfacet
  facet normal 0 0 1
    outer loop
      vertex 72.9217 44.4051 3
      vertex 74 42 3
      vertex 73 44.4 3
    endloop
  endfacet
  facet normal 0 0 1
    outer loop
      vertex 72.8447 44.4204 3
      vertex 74 42 3
      vertex 72.9217 44.4051 3
    endloop
  endfacet
  facet normal 0 0 1
    outer loop
      vertex 72.7704 44.4457 3
      vertex 74 42 3
      vertex 72.8447 44.4204 3
    endloop
  endfacet
  facet normal 0 0 1
    outer loop
      vertex 72.7 44.4804 3
      vertex 74 42 3
      vertex 72.7704 44.4457 3
    endloop
  endfacet
  facet normal 0 0 1
    outer loop
      vertex 72.6347 44.524 3
      vertex 74 42 3
      vertex 72.7 44.4804 3
    endloop
  endfacet
  facet normal 0 0 1
    outer loop
      vertex 67.3653 44.524 3
      vertex 72.6347 44.524 3
      vertex 72.5757 44.5757 3
    endloop
  endfacet
  facet normal 0 0 1
    outer loop
      vertex 67.4243 44.5757 3
      vertex 72.5757 44.5757 3
      vertex 72.524 44.6347 3
    endloop
  endfacet
  facet normal 0 0 1
    outer loop
      vertex 67.476 44.6347 3
      vertex 72.524 44.6347 3
      vertex 72.4804 44.7 3
    endloop
  endfacet
  facet normal 0 0 1
    outer loop
      vertex 72.4051 45.0783 3
      vertex 67.6 45 3
      vertex 72.4 45 3
    endloop
  endfacet
  facet normal 0 0 1
    outer loop
      vertex 72.4 45 3
      vertex 67.6 45 3
      vertex 72.4051 44.9217 3
    endloop
  endfacet
  facet normal 0 0 1
    outer loop
      vertex 67.5949 44.9217 3
      vertex 72.4051 44.9217 3
      vertex 67.6 45 3
    endloop
  endfacet
  facet normal 0 0 1
    outer loop
      vertex 72.4051 44.9217 3
      vertex 67.5949 44.9217 3
      vertex 72.4204 44.8447 3
    endloop
  endfacet
  facet normal 0 0 1
    outer loop
      vertex 67.5796 44.8447 3
      vertex 72.4204 44.8447 3
      vertex 67.5949 44.9217 3
    endloop
  endfacet
  facet normal 0 0 1
    outer loop
      vertex 72.4204 44.8447 3
      vertex 67.5796 44.8447 3
      vertex 72.4457 44.7704 3
    endloop
  endfacet
  facet normal 0 0 1
    outer loop
      vertex 67.5543 44.7704 3
      vertex 72.4457 44.7704 3
      vertex 67.5796 44.8447 3
    endloop
  endfacet
  facet normal 0 0 1
    outer loop
      vertex 72.4457 44.7704 3
      vertex 67.5543 44.7704 3
      vertex 72.4804 44.7 3
    endloop
  endfacet
  facet normal 0 0 1
    outer loop
      vertex 67.5196 44.7 3
      vertex 72.4804 44.7 3
      vertex 67.5543 44.7704 3
    endloop
  endfacet
  facet normal 0 0 1
    outer loop
      vertex 67.476 44.6347 3
      vertex 72.4804 44.7 3
      vertex 67.5196 44.7 3
    endloop
  endfacet
  facet normal 0 0 1
    outer loop
      vertex 72.524 44.6347 3
      vertex 67.476 44.6347 3
      vertex 67.4243 44.5757 3
    endloop
  endfacet
  facet normal 0 0 1
    outer loop
      vertex 72.5757 44.5757 3
      vertex 67.4243 44.5757 3
      vertex 67.3653 44.524 3
    endloop
  endfacet
  facet normal 0 0 1
    outer loop
      vertex 72.6347 44.524 3
      vertex 67.3653 44.524 3
      vertex 74 42 3
    endloop
  endfacet
  facet normal -0 0 1
    outer loop
      vertex 67.3 44.4804 3
      vertex 74 42 3
      vertex 67.3653 44.524 3
    endloop
  endfacet
  facet normal -0 0 1
    outer loop
      vertex 67.2296 44.4457 3
      vertex 74 42 3
      vertex 67.3 44.4804 3
    endloop
  endfacet
  facet normal -0 0 1
    outer loop
      vertex 67.1553 44.4204 3
      vertex 74 42 3
      vertex 67.2296 44.4457 3
    endloop
  endfacet
  facet normal -0 0 1
    outer loop
      vertex 67.0783 44.4051 3
      vertex 74 42 3
      vertex 67.1553 44.4204 3
    endloop
  endfacet
  facet normal 0 0 1
    outer loop
      vertex 62 42 3
      vertex 67.0783 44.4051 3
      vertex 67 44.4 3
    endloop
  endfacet
  facet normal 0 0 1
    outer loop
      vertex 62 42 3
      vertex 67 44.4 3
      vertex 66.9217 44.4051 3
    endloop
  endfacet
  facet normal 0 0 1
    outer loop
      vertex 62 42 3
      vertex 66.9217 44.4051 3
      vertex 66.8447 44.4204 3
    endloop
  endfacet
  facet normal 0 -0 1
    outer loop
      vertex 61.6 51 3
      vertex 66.4 51 3
      vertex 61.5949 51.0783 3
    endloop
  endfacet
  facet normal 0 0 1
    outer loop
      vertex 61.6 45 3
      vertex 66.4051 45.0783 3
      vertex 66.4204 45.1553 3
    endloop
  endfacet
  facet normal 0 0 1
    outer loop
      vertex 61.6 45 3
      vertex 66.4 45 3
      vertex 66.4051 45.0783 3
    endloop
  endfacet
  facet normal 0 0 1
    outer loop
      vertex 67.0783 44.4051 3
      vertex 62 42 3
      vertex 74 42 3
    endloop
  endfacet
  facet normal 0 0 1
    outer loop
      vertex 66.7704 44.4457 3
      vertex 62 42 3
      vertex 66.8447 44.4204 3
    endloop
  endfacet
  facet normal 0 0 1
    outer loop
      vertex 66.7 44.4804 3
      vertex 62 42 3
      vertex 66.7704 44.4457 3
    endloop
  endfacet
  facet normal 0 0 1
    outer loop
      vertex 66.6347 44.524 3
      vertex 62 42 3
      vertex 66.7 44.4804 3
    endloop
  endfacet
  facet normal 0 0 1
    outer loop
      vertex 66.5757 44.5757 3
      vertex 62 42 3
      vertex 66.6347 44.524 3
    endloop
  endfacet
  facet normal 0 0 1
    outer loop
      vertex 66.524 44.6347 3
      vertex 62 42 3
      vertex 66.5757 44.5757 3
    endloop
  endfacet
  facet normal 0 0 1
    outer loop
      vertex 66.4804 44.7 3
      vertex 62 42 3
      vertex 66.524 44.6347 3
    endloop
  endfacet
  facet normal 0 0 1
    outer loop
      vertex 66.4457 44.7704 3
      vertex 62 42 3
      vertex 66.4804 44.7 3
    endloop
  endfacet
  facet normal -0 0 1
    outer loop
      vertex 61.6 45 3
      vertex 66.4051 44.9217 3
      vertex 66.4 45 3
    endloop
  endfacet
  facet normal 0 0 1
    outer loop
      vertex 66.4051 44.9217 3
      vertex 61.5949 44.9217 3
      vertex 66.4204 44.8447 3
    endloop
  endfacet
  facet normal 0 0 1
    outer loop
      vertex 61.5949 44.9217 3
      vertex 66.4051 44.9217 3
      vertex 61.6 45 3
    endloop
  endfacet
  facet normal 0 0 1
    outer loop
      vertex 66.4051 51.0783 3
      vertex 61.5949 51.0783 3
      vertex 66.4 51 3
    endloop
  endfacet
  facet normal 0 -0 1
    outer loop
      vertex 61.5949 51.0783 3
      vertex 66.4051 51.0783 3
      vertex 61.5796 51.1553 3
    endloop
  endfacet
  facet normal 0 0 1
    outer loop
      vertex 66.4204 51.1553 3
      vertex 61.5796 51.1553 3
      vertex 66.4051 51.0783 3
    endloop
  endfacet
  facet normal 0 0 1
    outer loop
      vertex 61.1553 51.5796 3
      vertex 62 56 3
      vertex 61.4779 55.9658 3
    endloop
  endfacet
  facet normal 0 -0 1
    outer loop
      vertex 61.5796 51.1553 3
      vertex 66.4204 51.1553 3
      vertex 61.5543 51.2296 3
    endloop
  endfacet
  facet normal 0 0 1
    outer loop
      vertex 62 56 3
      vertex 61.4243 51.4243 3
      vertex 61.476 51.3653 3
    endloop
  endfacet
  facet normal 0 0 1
    outer loop
      vertex 62 56 3
      vertex 61.3653 51.476 3
      vertex 61.4243 51.4243 3
    endloop
  endfacet
  facet normal 0 0 1
    outer loop
      vertex 62 56 3
      vertex 61.3 51.5196 3
      vertex 61.3653 51.476 3
    endloop
  endfacet
  facet normal 0 0 1
    outer loop
      vertex 62 56 3
      vertex 61.2296 51.5543 3
      vertex 61.3 51.5196 3
    endloop
  endfacet
  facet normal 0 0 1
    outer loop
      vertex 62 56 3
      vertex 61.1553 51.5796 3
      vertex 61.2296 51.5543 3
    endloop
  endfacet
  facet normal -0 0 1
    outer loop
      vertex 60.9647 55.8637 3
      vertex 61.1553 51.5796 3
      vertex 61.4779 55.9658 3
    endloop
  endfacet
  facet normal 0 0 1
    outer loop
      vertex 61.1553 51.5796 3
      vertex 60.9647 55.8637 3
      vertex 61.0783 51.5949 3
    endloop
  endfacet
  facet normal -0 0 1
    outer loop
      vertex 60.4693 55.6955 3
      vertex 61.0783 51.5949 3
      vertex 60.9647 55.8637 3
    endloop
  endfacet
  facet normal 0 0 1
    outer loop
      vertex 61.0783 51.5949 3
      vertex 60.4693 55.6955 3
      vertex 61 51.6 3
    endloop
  endfacet
  facet normal -0 0 1
    outer loop
      vertex 60 55.4641 3
      vertex 61 51.6 3
      vertex 60.4693 55.6955 3
    endloop
  endfacet
  facet normal 0 0 1
    outer loop
      vertex 61 51.6 3
      vertex 60 55.4641 3
      vertex 60.9217 51.5949 3
    endloop
  endfacet
  facet normal 0 0 1
    outer loop
      vertex 60.9217 51.5949 3
      vertex 60 55.4641 3
      vertex 60.8447 51.5796 3
    endloop
  endfacet
  facet normal 0 0 1
    outer loop
      vertex 60.8447 51.5796 3
      vertex 60 55.4641 3
      vertex 60.7704 51.5543 3
    endloop
  endfacet
  facet normal 0 0 1
    outer loop
      vertex 60.7704 51.5543 3
      vertex 60 55.4641 3
      vertex 60.7 51.5196 3
    endloop
  endfacet
  facet normal -0 0 1
    outer loop
      vertex 58 52 3
      vertex 60.7 51.5196 3
      vertex 60 55.4641 3
    endloop
  endfacet
  facet normal 0 0 1
    outer loop
      vertex 60.7 51.5196 3
      vertex 58 52 3
      vertex 60.6347 51.476 3
    endloop
  endfacet
  facet normal 0 0 1
    outer loop
      vertex 60.6347 51.476 3
      vertex 58 52 3
      vertex 60.5757 51.4243 3
    endloop
  endfacet
  facet normal 0 0 1
    outer loop
      vertex 60.5757 51.4243 3
      vertex 58 52 3
      vertex 60.524 51.3653 3
    endloop
  endfacet
  facet normal 0 0 1
    outer loop
      vertex 60.524 51.3653 3
      vertex 58 52 3
      vertex 60.4804 51.3 3
    endloop
  endfacet
  facet normal 0 0 1
    outer loop
      vertex 60.4804 51.3 3
      vertex 58 52 3
      vertex 60.4457 51.2296 3
    endloop
  endfacet
  facet normal 0 0 1
    outer loop
      vertex 60.4457 51.2296 3
      vertex 58 52 3
      vertex 60.4204 51.1553 3
    endloop
  endfacet
  facet normal 0 0 1
    outer loop
      vertex 60.4051 51.0783 3
      vertex 58 52 3
      vertex 60.4 51 3
    endloop
  endfacet
  facet normal 0 0 1
    outer loop
      vertex 60.4204 51.1553 3
      vertex 58 52 3
      vertex 60.4051 51.0783 3
    endloop
  endfacet
  facet normal 0 0 1
    outer loop
      vertex 28.4804 26.7 3
      vertex 23.5196 26.7 3
      vertex 28.524 26.6347 3
    endloop
  endfacet
  facet normal 0 0 1
    outer loop
      vertex 28.5757 21.4243 3
      vertex 23.5949 21.0783 3
      vertex 23.6 21 3
    endloop
  endfacet
  facet normal 0 0 1
    outer loop
      vertex 23.476 26.6347 3
      vertex 28.524 26.6347 3
      vertex 23.5196 26.7 3
    endloop
  endfacet
  facet normal 0 0 1
    outer loop
      vertex 28.5757 21.4243 3
      vertex 23.5796 21.1553 3
      vertex 23.5949 21.0783 3
    endloop
  endfacet
  facet normal 0 0 1
    outer loop
      vertex 28.524 26.6347 3
      vertex 23.476 26.6347 3
      vertex 28.5757 26.5757 3
    endloop
  endfacet
  facet normal 0 0 1
    outer loop
      vertex 28.5757 21.4243 3
      vertex 23.5543 21.2296 3
      vertex 23.5796 21.1553 3
    endloop
  endfacet
  facet normal 0 0 1
    outer loop
      vertex 23.4243 26.5757 3
      vertex 28.5757 26.5757 3
      vertex 23.476 26.6347 3
    endloop
  endfacet
  facet normal 0 0 1
    outer loop
      vertex 28.5757 21.4243 3
      vertex 23.5196 21.3 3
      vertex 23.5543 21.2296 3
    endloop
  endfacet
  facet normal 0 0 1
    outer loop
      vertex 28.5757 26.5757 3
      vertex 23.4243 26.5757 3
      vertex 28.5757 21.4243 3
    endloop
  endfacet
  facet normal 0 0 1
    outer loop
      vertex 28.5757 21.4243 3
      vertex 23.476 21.3653 3
      vertex 23.5196 21.3 3
    endloop
  endfacet
  facet normal 0 0 1
    outer loop
      vertex 23.4243 21.4243 3
      vertex 28.5757 21.4243 3
      vertex 23.4243 26.5757 3
    endloop
  endfacet
  facet normal 0 0 1
    outer loop
      vertex 28.5757 21.4243 3
      vertex 23.4243 21.4243 3
      vertex 23.476 21.3653 3
    endloop
  endfacet
  facet normal -0 0 1
    outer loop
      vertex 23.3653 26.524 3
      vertex 23.4243 21.4243 3
      vertex 23.4243 26.5757 3
    endloop
  endfacet
  facet normal 0 0 1
    outer loop
      vertex 23.3653 26.524 3
      vertex 23.3653 21.476 3
      vertex 23.4243 21.4243 3
    endloop
  endfacet
  facet normal -0 0 1
    outer loop
      vertex 23.3 26.4804 3
      vertex 23.3653 21.476 3
      vertex 23.3653 26.524 3
    endloop
  endfacet
  facet normal 0 0 1
    outer loop
      vertex 23.3 26.4804 3
      vertex 23.3 21.5196 3
      vertex 23.3653 21.476 3
    endloop
  endfacet
  facet normal -0 0 1
    outer loop
      vertex 23.2296 26.4457 3
      vertex 23.3 21.5196 3
      vertex 23.3 26.4804 3
    endloop
  endfacet
  facet normal 0 0 1
    outer loop
      vertex 23.2296 26.4457 3
      vertex 23.2296 21.5543 3
      vertex 23.3 21.5196 3
    endloop
  endfacet
  facet normal -0 0 1
    outer loop
      vertex 23.1553 26.4204 3
      vertex 23.2296 21.5543 3
      vertex 23.2296 26.4457 3
    endloop
  endfacet
  facet normal 0 0 1
    outer loop
      vertex 23.1553 26.4204 3
      vertex 23.1553 21.5796 3
      vertex 23.2296 21.5543 3
    endloop
  endfacet
  facet normal -0 0 1
    outer loop
      vertex 23.0783 26.4051 3
      vertex 23.1553 21.5796 3
      vertex 23.1553 26.4204 3
    endloop
  endfacet
  facet normal 0 0 1
    outer loop
      vertex 23.0783 26.4051 3
      vertex 23.0783 21.5949 3
      vertex 23.1553 21.5796 3
    endloop
  endfacet
  facet normal -0 0 1
    outer loop
      vertex 23 26.4 3
      vertex 23.0783 21.5949 3
      vertex 23.0783 26.4051 3
    endloop
  endfacet
  facet normal 0 0 1
    outer loop
      vertex 23 26.4 3
      vertex 23 21.6 3
      vertex 23.0783 21.5949 3
    endloop
  endfacet
  facet normal 0 0 1
    outer loop
      vertex 22.9217 26.4051 3
      vertex 23 21.6 3
      vertex 23 26.4 3
    endloop
  endfacet
  facet normal 0 0 1
    outer loop
      vertex 22.9217 26.4051 3
      vertex 22.9217 21.5949 3
      vertex 23 21.6 3
    endloop
  endfacet
  facet normal 0 0 1
    outer loop
      vertex 22.8447 26.4204 3
      vertex 22.9217 21.5949 3
      vertex 22.9217 26.4051 3
    endloop
  endfacet
  facet normal 0 0 1
    outer loop
      vertex 22.8447 26.4204 3
      vertex 22.8447 21.5796 3
      vertex 22.9217 21.5949 3
    endloop
  endfacet
  facet normal 0 0 1
    outer loop
      vertex 22.7704 26.4457 3
      vertex 22.8447 21.5796 3
      vertex 22.8447 26.4204 3
    endloop
  endfacet
  facet normal 0 0 1
    outer loop
      vertex 22.7704 26.4457 3
      vertex 22.7704 21.5543 3
      vertex 22.8447 21.5796 3
    endloop
  endfacet
  facet normal 0 0 1
    outer loop
      vertex 20 22 3
      vertex 22.7704 26.4457 3
      vertex 22.7 26.4804 3
    endloop
  endfacet
  facet normal 0 0 1
    outer loop
      vertex 22.7704 26.4457 3
      vertex 20 22 3
      vertex 22.7704 21.5543 3
    endloop
  endfacet
  facet normal 0 0 1
    outer loop
      vertex 20 22 3
      vertex 22.7 26.4804 3
      vertex 22.6347 26.524 3
    endloop
  endfacet
  facet normal 0 0 1
    outer loop
      vertex 22.7704 21.5543 3
      vertex 20 22 3
      vertex 22.7 21.5196 3
    endloop
  endfacet
  facet normal 0 0 1
    outer loop
      vertex 20 22 3
      vertex 22.6347 26.524 3
      vertex 22.5757 26.5757 3
    endloop
  endfacet
  facet normal 0 0 1
    outer loop
      vertex 22.7 21.5196 3
      vertex 20 22 3
      vertex 22.6347 21.476 3
    endloop
  endfacet
  facet normal 0 0 1
    outer loop
      vertex 20 22 3
      vertex 22.5757 26.5757 3
      vertex 22.524 26.6347 3
    endloop
  endfacet
  facet normal 0 0 1
    outer loop
      vertex 22.6347 21.476 3
      vertex 20 22 3
      vertex 22.5757 21.4243 3
    endloop
  endfacet
  facet normal 0 0 1
    outer loop
      vertex 20 22 3
      vertex 22.524 26.6347 3
      vertex 22.4804 26.7 3
    endloop
  endfacet
  facet normal 0 0 1
    outer loop
      vertex 22.5757 21.4243 3
      vertex 20 22 3
      vertex 22.524 21.3653 3
    endloop
  endfacet
  facet normal 0 0 1
    outer loop
      vertex 20 22 3
      vertex 22.4804 26.7 3
      vertex 22.4457 26.7704 3
    endloop
  endfacet
  facet normal 0 0 1
    outer loop
      vertex 22.524 21.3653 3
      vertex 20 22 3
      vertex 22.4804 21.3 3
    endloop
  endfacet
  facet normal 0 0 1
    outer loop
      vertex 20 22 3
      vertex 22.4457 26.7704 3
      vertex 22.4204 26.8447 3
    endloop
  endfacet
  facet normal 0 0 1
    outer loop
      vertex 22.4804 21.3 3
      vertex 20 22 3
      vertex 22.4457 21.2296 3
    endloop
  endfacet
  facet normal 0 0 1
    outer loop
      vertex 20 22 3
      vertex 22.4204 26.8447 3
      vertex 22.4051 26.9217 3
    endloop
  endfacet
  facet normal -0 -0 1
    outer loop
      vertex 20.0342 21.4779 3
      vertex 22.4457 21.2296 3
      vertex 20 22 3
    endloop
  endfacet
  facet normal 0 0 1
    outer loop
      vertex 20 22 3
      vertex 22.4051 26.9217 3
      vertex 22.4 27 3
    endloop
  endfacet
  facet normal 0 0 1
    outer loop
      vertex 22.4457 21.2296 3
      vertex 20.0342 21.4779 3
      vertex 22.4204 21.1553 3
    endloop
  endfacet
  facet normal 0 0 1
    outer loop
      vertex 28.4804 32.7 3
      vertex 23.5196 32.7 3
      vertex 28.524 32.6347 3
    endloop
  endfacet
  facet normal 0 0 1
    outer loop
      vertex 28.5757 27.4243 3
      vertex 23.5949 27.0783 3
      vertex 23.6 27 3
    endloop
  endfacet
  facet normal 0 0 1
    outer loop
      vertex 23.476 32.6347 3
      vertex 28.524 32.6347 3
      vertex 23.5196 32.7 3
    endloop
  endfacet
  facet normal 0 0 1
    outer loop
      vertex 28.5757 27.4243 3
      vertex 23.5796 27.1553 3
      vertex 23.5949 27.0783 3
    endloop
  endfacet
  facet normal 0 0 1
    outer loop
      vertex 28.524 32.6347 3
      vertex 23.476 32.6347 3
      vertex 28.5757 32.5757 3
    endloop
  endfacet
  facet normal 0 0 1
    outer loop
      vertex 28.5757 27.4243 3
      vertex 23.5543 27.2296 3
      vertex 23.5796 27.1553 3
    endloop
  endfacet
  facet normal 0 0 1
    outer loop
      vertex 23.4243 32.5757 3
      vertex 28.5757 32.5757 3
      vertex 23.476 32.6347 3
    endloop
  endfacet
  facet normal 0 0 1
    outer loop
      vertex 28.5757 27.4243 3
      vertex 23.5196 27.3 3
      vertex 23.5543 27.2296 3
    endloop
  endfacet
  facet normal 0 0 1
    outer loop
      vertex 28.5757 32.5757 3
      vertex 23.4243 32.5757 3
      vertex 28.5757 27.4243 3
    endloop
  endfacet
  facet normal 0 0 1
    outer loop
      vertex 28.5757 27.4243 3
      vertex 23.476 27.3653 3
      vertex 23.5196 27.3 3
    endloop
  endfacet
  facet normal 0 0 1
    outer loop
      vertex 23.4243 27.4243 3
      vertex 28.5757 27.4243 3
      vertex 23.4243 32.5757 3
    endloop
  endfacet
  facet normal 0 0 1
    outer loop
      vertex 28.5757 27.4243 3
      vertex 23.4243 27.4243 3
      vertex 23.476 27.3653 3
    endloop
  endfacet
  facet normal -0 0 1
    outer loop
      vertex 23.3653 32.524 3
      vertex 23.4243 27.4243 3
      vertex 23.4243 32.5757 3
    endloop
  endfacet
  facet normal 0 0 1
    outer loop
      vertex 23.3653 32.524 3
      vertex 23.3653 27.476 3
      vertex 23.4243 27.4243 3
    endloop
  endfacet
  facet normal -0 0 1
    outer loop
      vertex 23.3 32.4804 3
      vertex 23.3653 27.476 3
      vertex 23.3653 32.524 3
    endloop
  endfacet
  facet normal 0 0 1
    outer loop
      vertex 23.3 32.4804 3
      vertex 23.3 27.5196 3
      vertex 23.3653 27.476 3
    endloop
  endfacet
  facet normal -0 0 1
    outer loop
      vertex 23.2296 32.4457 3
      vertex 23.3 27.5196 3
      vertex 23.3 32.4804 3
    endloop
  endfacet
  facet normal 0 0 1
    outer loop
      vertex 23.2296 32.4457 3
      vertex 23.2296 27.5543 3
      vertex 23.3 27.5196 3
    endloop
  endfacet
  facet normal -0 0 1
    outer loop
      vertex 23.1553 32.4204 3
      vertex 23.2296 27.5543 3
      vertex 23.2296 32.4457 3
    endloop
  endfacet
  facet normal 0 0 1
    outer loop
      vertex 23.1553 32.4204 3
      vertex 23.1553 27.5796 3
      vertex 23.2296 27.5543 3
    endloop
  endfacet
  facet normal -0 0 1
    outer loop
      vertex 23.0783 32.4051 3
      vertex 23.1553 27.5796 3
      vertex 23.1553 32.4204 3
    endloop
  endfacet
  facet normal 0 0 1
    outer loop
      vertex 23.0783 32.4051 3
      vertex 23.0783 27.5949 3
      vertex 23.1553 27.5796 3
    endloop
  endfacet
  facet normal -0 0 1
    outer loop
      vertex 23 32.4 3
      vertex 23.0783 27.5949 3
      vertex 23.0783 32.4051 3
    endloop
  endfacet
  facet normal 0 0 1
    outer loop
      vertex 23 32.4 3
      vertex 23 27.6 3
      vertex 23.0783 27.5949 3
    endloop
  endfacet
  facet normal 0 0 1
    outer loop
      vertex 22.9217 32.4051 3
      vertex 23 27.6 3
      vertex 23 32.4 3
    endloop
  endfacet
  facet normal 0 0 1
    outer loop
      vertex 22.9217 32.4051 3
      vertex 22.9217 27.5949 3
      vertex 23 27.6 3
    endloop
  endfacet
  facet normal 0 0 1
    outer loop
      vertex 22.8447 32.4204 3
      vertex 22.9217 27.5949 3
      vertex 22.9217 32.4051 3
    endloop
  endfacet
  facet normal 0 0 1
    outer loop
      vertex 22.8447 32.4204 3
      vertex 22.8447 27.5796 3
      vertex 22.9217 27.5949 3
    endloop
  endfacet
  facet normal 0 0 1
    outer loop
      vertex 22.7704 32.4457 3
      vertex 22.8447 27.5796 3
      vertex 22.8447 32.4204 3
    endloop
  endfacet
  facet normal 0 0 1
    outer loop
      vertex 22.7704 32.4457 3
      vertex 22.7704 27.5543 3
      vertex 22.8447 27.5796 3
    endloop
  endfacet
  facet normal 0 0 1
    outer loop
      vertex 22.7 32.4804 3
      vertex 22.7704 27.5543 3
      vertex 22.7704 32.4457 3
    endloop
  endfacet
  facet normal 0 0 1
    outer loop
      vertex 22.7 32.4804 3
      vertex 22.7 27.5196 3
      vertex 22.7704 27.5543 3
    endloop
  endfacet
  facet normal 0 0 1
    outer loop
      vertex 22.6347 32.524 3
      vertex 22.7 27.5196 3
      vertex 22.7 32.4804 3
    endloop
  endfacet
  facet normal 0 0 1
    outer loop
      vertex 22.6347 32.524 3
      vertex 22.6347 27.476 3
      vertex 22.7 27.5196 3
    endloop
  endfacet
  facet normal 0 0 1
    outer loop
      vertex 22.5757 32.5757 3
      vertex 22.6347 27.476 3
      vertex 22.6347 32.524 3
    endloop
  endfacet
  facet normal 0 0 1
    outer loop
      vertex 22.5757 32.5757 3
      vertex 22.5757 27.4243 3
      vertex 22.6347 27.476 3
    endloop
  endfacet
  facet normal 0 0 1
    outer loop
      vertex 22.524 32.6347 3
      vertex 22.5757 27.4243 3
      vertex 22.5757 32.5757 3
    endloop
  endfacet
  facet normal 0 0 1
    outer loop
      vertex 22.524 32.6347 3
      vertex 22.524 27.3653 3
      vertex 22.5757 27.4243 3
    endloop
  endfacet
  facet normal 0 0 1
    outer loop
      vertex 20 34 3
      vertex 22.524 32.6347 3
      vertex 22.4804 32.7 3
    endloop
  endfacet
  facet normal 0 0 1
    outer loop
      vertex 22.524 32.6347 3
      vertex 20 34 3
      vertex 22.524 27.3653 3
    endloop
  endfacet
  facet normal 0 0 1
    outer loop
      vertex 20 34 3
      vertex 22.4804 32.7 3
      vertex 22.4457 32.7704 3
    endloop
  endfacet
  facet normal 0 0 1
    outer loop
      vertex 22.524 27.3653 3
      vertex 20 34 3
      vertex 22.4804 27.3 3
    endloop
  endfacet
  facet normal 0 0 1
    outer loop
      vertex 20 34 3
      vertex 22.4457 32.7704 3
      vertex 22.4204 32.8447 3
    endloop
  endfacet
  facet normal 0 0 1
    outer loop
      vertex 22.4804 27.3 3
      vertex 20 34 3
      vertex 22.4457 27.2296 3
    endloop
  endfacet
  facet normal 0 0 1
    outer loop
      vertex 20 34 3
      vertex 22.4204 32.8447 3
      vertex 22.4051 32.9217 3
    endloop
  endfacet
  facet normal 0 0 1
    outer loop
      vertex 22.4457 27.2296 3
      vertex 20 34 3
      vertex 22.4204 27.1553 3
    endloop
  endfacet
  facet normal 0 0 1
    outer loop
      vertex 20 34 3
      vertex 22.4051 32.9217 3
      vertex 22.4 33 3
    endloop
  endfacet
  facet normal 0 0 1
    outer loop
      vertex 22.4204 27.1553 3
      vertex 20 34 3
      vertex 22.4051 27.0783 3
    endloop
  endfacet
  facet normal 0 0 1
    outer loop
      vertex 28.4457 21.2296 3
      vertex 23.6 21 3
      vertex 28.4204 21.1553 3
    endloop
  endfacet
  facet normal 0 0 1
    outer loop
      vertex 23.5949 20.9217 3
      vertex 28.4204 21.1553 3
      vertex 23.6 21 3
    endloop
  endfacet
  facet normal 0 0 1
    outer loop
      vertex 23.5796 20.8447 3
      vertex 28.4204 21.1553 3
      vertex 23.5949 20.9217 3
    endloop
  endfacet
  facet normal 0 0 1
    outer loop
      vertex 23.5543 20.7704 3
      vertex 28.4204 21.1553 3
      vertex 23.5796 20.8447 3
    endloop
  endfacet
  facet normal 0 0 1
    outer loop
      vertex 28.4204 21.1553 3
      vertex 23.5543 20.7704 3
      vertex 24 18 3
    endloop
  endfacet
  facet normal -0 0 1
    outer loop
      vertex 23.5196 20.7 3
      vertex 24 18 3
      vertex 23.5543 20.7704 3
    endloop
  endfacet
  facet normal -0 0 1
    outer loop
      vertex 23.476 20.6347 3
      vertex 24 18 3
      vertex 23.5196 20.7 3
    endloop
  endfacet
  facet normal -0 0 1
    outer loop
      vertex 23.4243 20.5757 3
      vertex 24 18 3
      vertex 23.476 20.6347 3
    endloop
  endfacet
  facet normal -0 0 1
    outer loop
      vertex 23.3653 20.524 3
      vertex 24 18 3
      vertex 23.4243 20.5757 3
    endloop
  endfacet
  facet normal -0 0 1
    outer loop
      vertex 23.3 20.4804 3
      vertex 24 18 3
      vertex 23.3653 20.524 3
    endloop
  endfacet
  facet normal -0 0 1
    outer loop
      vertex 23.2296 20.4457 3
      vertex 24 18 3
      vertex 23.3 20.4804 3
    endloop
  endfacet
  facet normal 0 0 1
    outer loop
      vertex 24 18 3
      vertex 23.2296 20.4457 3
      vertex 23.4779 18.0342 3
    endloop
  endfacet
  facet normal -0 0 1
    outer loop
      vertex 23.1553 20.4204 3
      vertex 23.4779 18.0342 3
      vertex 23.2296 20.4457 3
    endloop
  endfacet
  facet normal 0 0 1
    outer loop
      vertex 22.9647 18.1363 3
      vertex 23.1553 20.4204 3
      vertex 23.0783 20.4051 3
    endloop
  endfacet
  facet normal 0 0 1
    outer loop
      vertex 22.9647 18.1363 3
      vertex 23.0783 20.4051 3
      vertex 23 20.4 3
    endloop
  endfacet
  facet normal 0 0 1
    outer loop
      vertex 23.1553 20.4204 3
      vertex 22.9647 18.1363 3
      vertex 23.4779 18.0342 3
    endloop
  endfacet
  facet normal 0 0 1
    outer loop
      vertex 22.4693 18.3045 3
      vertex 23 20.4 3
      vertex 22.9217 20.4051 3
    endloop
  endfacet
  facet normal 0 0 1
    outer loop
      vertex 22 18.5359 3
      vertex 22.9217 20.4051 3
      vertex 22.8447 20.4204 3
    endloop
  endfacet
  facet normal 0 0 1
    outer loop
      vertex 22 18.5359 3
      vertex 22.8447 20.4204 3
      vertex 22.7704 20.4457 3
    endloop
  endfacet
  facet normal 0 0 1
    outer loop
      vertex 22 18.5359 3
      vertex 22.7704 20.4457 3
      vertex 22.7 20.4804 3
    endloop
  endfacet
  facet normal 0 0 1
    outer loop
      vertex 22 18.5359 3
      vertex 22.7 20.4804 3
      vertex 22.6347 20.524 3
    endloop
  endfacet
  facet normal 0 0 1
    outer loop
      vertex 22 18.5359 3
      vertex 22.6347 20.524 3
      vertex 22.5757 20.5757 3
    endloop
  endfacet
  facet normal 0 0 1
    outer loop
      vertex 22 18.5359 3
      vertex 22.5757 20.5757 3
      vertex 22.524 20.6347 3
    endloop
  endfacet
  facet normal 0 0 1
    outer loop
      vertex 22 18.5359 3
      vertex 22.524 20.6347 3
      vertex 22.4804 20.7 3
    endloop
  endfacet
  facet normal 0 0 1
    outer loop
      vertex 23 20.4 3
      vertex 22.4693 18.3045 3
      vertex 22.9647 18.1363 3
    endloop
  endfacet
  facet normal 0 0 1
    outer loop
      vertex 22 18.5359 3
      vertex 22.4804 20.7 3
      vertex 22.4457 20.7704 3
    endloop
  endfacet
  facet normal 0 0 1
    outer loop
      vertex 22 18.5359 3
      vertex 22.4457 20.7704 3
      vertex 22.4204 20.8447 3
    endloop
  endfacet
  facet normal 0 0 1
    outer loop
      vertex 22 18.5359 3
      vertex 22.4204 20.8447 3
      vertex 22.4051 20.9217 3
    endloop
  endfacet
  facet normal 0 0 1
    outer loop
      vertex 22 18.5359 3
      vertex 22.4051 20.9217 3
      vertex 22.4 21 3
    endloop
  endfacet
  facet normal 0 0 1
    outer loop
      vertex 22.9217 20.4051 3
      vertex 22 18.5359 3
      vertex 22.4693 18.3045 3
    endloop
  endfacet
  facet normal 0 0 1
    outer loop
      vertex 22.4051 21.0783 3
      vertex 22 18.5359 3
      vertex 22.4 21 3
    endloop
  endfacet
  facet normal 0 0 1
    outer loop
      vertex 20 34 3
      vertex 22 37.4641 3
      vertex 21.5649 37.1734 3
    endloop
  endfacet
  facet normal 0 0 1
    outer loop
      vertex 22.4051 27.0783 3
      vertex 20 22 3
      vertex 22.4 27 3
    endloop
  endfacet
  facet normal 0 0 1
    outer loop
      vertex 20 34 3
      vertex 21.5649 37.1734 3
      vertex 21.1716 36.8284 3
    endloop
  endfacet
  facet normal 0 -0 1
    outer loop
      vertex 20.1363 20.9647 3
      vertex 22.4204 21.1553 3
      vertex 20.0342 21.4779 3
    endloop
  endfacet
  facet normal 0 0 1
    outer loop
      vertex 20 34 3
      vertex 21.1716 36.8284 3
      vertex 20.8266 36.435 3
    endloop
  endfacet
  facet normal 0 0 1
    outer loop
      vertex 22.4051 21.0783 3
      vertex 21.5649 18.8266 3
      vertex 22 18.5359 3
    endloop
  endfacet
  facet normal 0 0 1
    outer loop
      vertex 20 34 3
      vertex 20.8266 36.435 3
      vertex 20.5359 36 3
    endloop
  endfacet
  facet normal 0 0 1
    outer loop
      vertex 22.4051 21.0783 3
      vertex 21.1716 19.1716 3
      vertex 21.5649 18.8266 3
    endloop
  endfacet
  facet normal 0 0 1
    outer loop
      vertex 20 34 3
      vertex 20.5359 36 3
      vertex 20.3045 35.5307 3
    endloop
  endfacet
  facet normal 0 0 1
    outer loop
      vertex 22.4051 21.0783 3
      vertex 20.8266 19.5649 3
      vertex 21.1716 19.1716 3
    endloop
  endfacet
  facet normal 0 0 1
    outer loop
      vertex 20 34 3
      vertex 20.3045 35.5307 3
      vertex 20.1363 35.0353 3
    endloop
  endfacet
  facet normal 0 0 1
    outer loop
      vertex 22.4051 21.0783 3
      vertex 20.5359 20 3
      vertex 20.8266 19.5649 3
    endloop
  endfacet
  facet normal 0 0 1
    outer loop
      vertex 20 34 3
      vertex 20.1363 35.0353 3
      vertex 20.0342 34.5221 3
    endloop
  endfacet
  facet normal 0 0 1
    outer loop
      vertex 22.4051 21.0783 3
      vertex 20.3045 20.4693 3
      vertex 20.5359 20 3
    endloop
  endfacet
  facet normal 0 0 1
    outer loop
      vertex 22.4051 21.0783 3
      vertex 20.1363 20.9647 3
      vertex 20.3045 20.4693 3
    endloop
  endfacet
  facet normal 0 0 1
    outer loop
      vertex 22.4204 21.1553 3
      vertex 20.1363 20.9647 3
      vertex 22.4051 21.0783 3
    endloop
  endfacet
  facet normal 0 0 1
    outer loop
      vertex 34.4804 26.7 3
      vertex 29.5196 26.7 3
      vertex 34.524 26.6347 3
    endloop
  endfacet
  facet normal 0 0 1
    outer loop
      vertex 34.5757 21.4243 3
      vertex 29.5949 21.0783 3
      vertex 29.6 21 3
    endloop
  endfacet
  facet normal 0 0 1
    outer loop
      vertex 29.476 26.6347 3
      vertex 34.524 26.6347 3
      vertex 29.5196 26.7 3
    endloop
  endfacet
  facet normal 0 0 1
    outer loop
      vertex 34.5757 21.4243 3
      vertex 29.5796 21.1553 3
      vertex 29.5949 21.0783 3
    endloop
  endfacet
  facet normal 0 0 1
    outer loop
      vertex 34.524 26.6347 3
      vertex 29.476 26.6347 3
      vertex 34.5757 26.5757 3
    endloop
  endfacet
  facet normal 0 0 1
    outer loop
      vertex 34.5757 21.4243 3
      vertex 29.5543 21.2296 3
      vertex 29.5796 21.1553 3
    endloop
  endfacet
  facet normal 0 0 1
    outer loop
      vertex 29.4243 26.5757 3
      vertex 34.5757 26.5757 3
      vertex 29.476 26.6347 3
    endloop
  endfacet
  facet normal 0 0 1
    outer loop
      vertex 34.5757 21.4243 3
      vertex 29.5196 21.3 3
      vertex 29.5543 21.2296 3
    endloop
  endfacet
  facet normal 0 0 1
    outer loop
      vertex 34.5757 26.5757 3
      vertex 29.4243 26.5757 3
      vertex 34.5757 21.4243 3
    endloop
  endfacet
  facet normal 0 0 1
    outer loop
      vertex 34.5757 21.4243 3
      vertex 29.476 21.3653 3
      vertex 29.5196 21.3 3
    endloop
  endfacet
  facet normal 0 0 1
    outer loop
      vertex 29.4243 21.4243 3
      vertex 34.5757 21.4243 3
      vertex 29.4243 26.5757 3
    endloop
  endfacet
  facet normal 0 0 1
    outer loop
      vertex 34.5757 21.4243 3
      vertex 29.4243 21.4243 3
      vertex 29.476 21.3653 3
    endloop
  endfacet
  facet normal -0 0 1
    outer loop
      vertex 29.3653 26.524 3
      vertex 29.4243 21.4243 3
      vertex 29.4243 26.5757 3
    endloop
  endfacet
  facet normal 0 0 1
    outer loop
      vertex 29.3653 26.524 3
      vertex 29.3653 21.476 3
      vertex 29.4243 21.4243 3
    endloop
  endfacet
  facet normal -0 0 1
    outer loop
      vertex 29.3 26.4804 3
      vertex 29.3653 21.476 3
      vertex 29.3653 26.524 3
    endloop
  endfacet
  facet normal 0 0 1
    outer loop
      vertex 29.3 26.4804 3
      vertex 29.3 21.5196 3
      vertex 29.3653 21.476 3
    endloop
  endfacet
  facet normal -0 0 1
    outer loop
      vertex 29.2296 26.4457 3
      vertex 29.3 21.5196 3
      vertex 29.3 26.4804 3
    endloop
  endfacet
  facet normal 0 0 1
    outer loop
      vertex 29.2296 26.4457 3
      vertex 29.2296 21.5543 3
      vertex 29.3 21.5196 3
    endloop
  endfacet
  facet normal -0 0 1
    outer loop
      vertex 29.1553 26.4204 3
      vertex 29.2296 21.5543 3
      vertex 29.2296 26.4457 3
    endloop
  endfacet
  facet normal 0 0 1
    outer loop
      vertex 29.1553 26.4204 3
      vertex 29.1553 21.5796 3
      vertex 29.2296 21.5543 3
    endloop
  endfacet
  facet normal -0 0 1
    outer loop
      vertex 29.0783 26.4051 3
      vertex 29.1553 21.5796 3
      vertex 29.1553 26.4204 3
    endloop
  endfacet
  facet normal 0 0 1
    outer loop
      vertex 29.0783 26.4051 3
      vertex 29.0783 21.5949 3
      vertex 29.1553 21.5796 3
    endloop
  endfacet
  facet normal -0 0 1
    outer loop
      vertex 29 26.4 3
      vertex 29.0783 21.5949 3
      vertex 29.0783 26.4051 3
    endloop
  endfacet
  facet normal 0 0 1
    outer loop
      vertex 29 26.4 3
      vertex 29 21.6 3
      vertex 29.0783 21.5949 3
    endloop
  endfacet
  facet normal 0 0 1
    outer loop
      vertex 28.9217 26.4051 3
      vertex 29 21.6 3
      vertex 29 26.4 3
    endloop
  endfacet
  facet normal 0 0 1
    outer loop
      vertex 28.9217 26.4051 3
      vertex 28.9217 21.5949 3
      vertex 29 21.6 3
    endloop
  endfacet
  facet normal 0 0 1
    outer loop
      vertex 28.8447 26.4204 3
      vertex 28.9217 21.5949 3
      vertex 28.9217 26.4051 3
    endloop
  endfacet
  facet normal 0 0 1
    outer loop
      vertex 28.8447 26.4204 3
      vertex 28.8447 21.5796 3
      vertex 28.9217 21.5949 3
    endloop
  endfacet
  facet normal 0 0 1
    outer loop
      vertex 28.7704 26.4457 3
      vertex 28.8447 21.5796 3
      vertex 28.8447 26.4204 3
    endloop
  endfacet
  facet normal 0 0 1
    outer loop
      vertex 28.7704 26.4457 3
      vertex 28.7704 21.5543 3
      vertex 28.8447 21.5796 3
    endloop
  endfacet
  facet normal 0 0 1
    outer loop
      vertex 28.7 26.4804 3
      vertex 28.7704 21.5543 3
      vertex 28.7704 26.4457 3
    endloop
  endfacet
  facet normal 0 0 1
    outer loop
      vertex 28.7 26.4804 3
      vertex 28.7 21.5196 3
      vertex 28.7704 21.5543 3
    endloop
  endfacet
  facet normal 0 0 1
    outer loop
      vertex 28.6347 26.524 3
      vertex 28.7 21.5196 3
      vertex 28.7 26.4804 3
    endloop
  endfacet
  facet normal 0 0 1
    outer loop
      vertex 28.6347 26.524 3
      vertex 28.6347 21.476 3
      vertex 28.7 21.5196 3
    endloop
  endfacet
  facet normal 0 0 1
    outer loop
      vertex 28.5757 26.5757 3
      vertex 28.6347 21.476 3
      vertex 28.6347 26.524 3
    endloop
  endfacet
  facet normal 0 0 1
    outer loop
      vertex 28.5757 26.5757 3
      vertex 28.5757 21.4243 3
      vertex 28.6347 21.476 3
    endloop
  endfacet
  facet normal 0 0 1
    outer loop
      vertex 23.5543 26.7704 3
      vertex 28.4457 26.7704 3
      vertex 23.5796 26.8447 3
    endloop
  endfacet
  facet normal 0 0 1
    outer loop
      vertex 28.4457 26.7704 3
      vertex 23.5543 26.7704 3
      vertex 28.4804 26.7 3
    endloop
  endfacet
  facet normal 0 0 1
    outer loop
      vertex 28.4204 26.8447 3
      vertex 23.5796 26.8447 3
      vertex 28.4457 26.7704 3
    endloop
  endfacet
  facet normal 0 0 1
    outer loop
      vertex 23.5196 26.7 3
      vertex 28.4804 26.7 3
      vertex 23.5543 26.7704 3
    endloop
  endfacet
  facet normal 0 0 1
    outer loop
      vertex 23.5796 26.8447 3
      vertex 28.4204 26.8447 3
      vertex 23.5949 26.9217 3
    endloop
  endfacet
  facet normal 0 0 1
    outer loop
      vertex 28.5757 21.4243 3
      vertex 23.6 21 3
      vertex 28.524 21.3653 3
    endloop
  endfacet
  facet normal 0 0 1
    outer loop
      vertex 28.4051 26.9217 3
      vertex 23.5949 26.9217 3
      vertex 28.4204 26.8447 3
    endloop
  endfacet
  facet normal 0 0 1
    outer loop
      vertex 28.524 21.3653 3
      vertex 23.6 21 3
      vertex 28.4804 21.3 3
    endloop
  endfacet
  facet normal 0 0 1
    outer loop
      vertex 23.5949 26.9217 3
      vertex 28.4051 26.9217 3
      vertex 23.6 27 3
    endloop
  endfacet
  facet normal 0 0 1
    outer loop
      vertex 28.4804 21.3 3
      vertex 23.6 21 3
      vertex 28.4457 21.2296 3
    endloop
  endfacet
  facet normal 0 0 1
    outer loop
      vertex 28.4051 27.0783 3
      vertex 23.6 27 3
      vertex 28.4 27 3
    endloop
  endfacet
  facet normal 0 0 1
    outer loop
      vertex 28.4204 21.1553 3
      vertex 24 18 3
      vertex 28.4051 21.0783 3
    endloop
  endfacet
  facet normal 0 0 1
    outer loop
      vertex 34.4804 32.7 3
      vertex 29.5196 32.7 3
      vertex 34.524 32.6347 3
    endloop
  endfacet
  facet normal 0 0 1
    outer loop
      vertex 34.5757 27.4243 3
      vertex 29.5949 27.0783 3
      vertex 29.6 27 3
    endloop
  endfacet
  facet normal 0 0 1
    outer loop
      vertex 29.476 32.6347 3
      vertex 34.524 32.6347 3
      vertex 29.5196 32.7 3
    endloop
  endfacet
  facet normal 0 0 1
    outer loop
      vertex 34.5757 27.4243 3
      vertex 29.5796 27.1553 3
      vertex 29.5949 27.0783 3
    endloop
  endfacet
  facet normal 0 0 1
    outer loop
      vertex 34.524 32.6347 3
      vertex 29.476 32.6347 3
      vertex 34.5757 32.5757 3
    endloop
  endfacet
  facet normal 0 0 1
    outer loop
      vertex 34.5757 27.4243 3
      vertex 29.5543 27.2296 3
      vertex 29.5796 27.1553 3
    endloop
  endfacet
  facet normal 0 0 1
    outer loop
      vertex 29.4243 32.5757 3
      vertex 34.5757 32.5757 3
      vertex 29.476 32.6347 3
    endloop
  endfacet
  facet normal 0 0 1
    outer loop
      vertex 34.5757 27.4243 3
      vertex 29.5196 27.3 3
      vertex 29.5543 27.2296 3
    endloop
  endfacet
  facet normal 0 0 1
    outer loop
      vertex 34.5757 32.5757 3
      vertex 29.4243 32.5757 3
      vertex 34.5757 27.4243 3
    endloop
  endfacet
  facet normal 0 0 1
    outer loop
      vertex 34.5757 27.4243 3
      vertex 29.476 27.3653 3
      vertex 29.5196 27.3 3
    endloop
  endfacet
  facet normal 0 0 1
    outer loop
      vertex 29.4243 27.4243 3
      vertex 34.5757 27.4243 3
      vertex 29.4243 32.5757 3
    endloop
  endfacet
  facet normal 0 0 1
    outer loop
      vertex 34.5757 27.4243 3
      vertex 29.4243 27.4243 3
      vertex 29.476 27.3653 3
    endloop
  endfacet
  facet normal -0 0 1
    outer loop
      vertex 29.3653 32.524 3
      vertex 29.4243 27.4243 3
      vertex 29.4243 32.5757 3
    endloop
  endfacet
  facet normal 0 0 1
    outer loop
      vertex 29.3653 32.524 3
      vertex 29.3653 27.476 3
      vertex 29.4243 27.4243 3
    endloop
  endfacet
  facet normal -0 0 1
    outer loop
      vertex 29.3 32.4804 3
      vertex 29.3653 27.476 3
      vertex 29.3653 32.524 3
    endloop
  endfacet
  facet normal 0 0 1
    outer loop
      vertex 29.3 32.4804 3
      vertex 29.3 27.5196 3
      vertex 29.3653 27.476 3
    endloop
  endfacet
  facet normal -0 0 1
    outer loop
      vertex 29.2296 32.4457 3
      vertex 29.3 27.5196 3
      vertex 29.3 32.4804 3
    endloop
  endfacet
  facet normal 0 0 1
    outer loop
      vertex 29.2296 32.4457 3
      vertex 29.2296 27.5543 3
      vertex 29.3 27.5196 3
    endloop
  endfacet
  facet normal -0 0 1
    outer loop
      vertex 29.1553 32.4204 3
      vertex 29.2296 27.5543 3
      vertex 29.2296 32.4457 3
    endloop
  endfacet
  facet normal 0 0 1
    outer loop
      vertex 29.1553 32.4204 3
      vertex 29.1553 27.5796 3
      vertex 29.2296 27.5543 3
    endloop
  endfacet
  facet normal -0 0 1
    outer loop
      vertex 29.0783 32.4051 3
      vertex 29.1553 27.5796 3
      vertex 29.1553 32.4204 3
    endloop
  endfacet
  facet normal 0 0 1
    outer loop
      vertex 29.0783 32.4051 3
      vertex 29.0783 27.5949 3
      vertex 29.1553 27.5796 3
    endloop
  endfacet
  facet normal -0 0 1
    outer loop
      vertex 29 32.4 3
      vertex 29.0783 27.5949 3
      vertex 29.0783 32.4051 3
    endloop
  endfacet
  facet normal 0 0 1
    outer loop
      vertex 29 32.4 3
      vertex 29 27.6 3
      vertex 29.0783 27.5949 3
    endloop
  endfacet
  facet normal 0 0 1
    outer loop
      vertex 28.9217 32.4051 3
      vertex 29 27.6 3
      vertex 29 32.4 3
    endloop
  endfacet
  facet normal 0 0 1
    outer loop
      vertex 28.9217 32.4051 3
      vertex 28.9217 27.5949 3
      vertex 29 27.6 3
    endloop
  endfacet
  facet normal 0 0 1
    outer loop
      vertex 28.8447 32.4204 3
      vertex 28.9217 27.5949 3
      vertex 28.9217 32.4051 3
    endloop
  endfacet
  facet normal 0 0 1
    outer loop
      vertex 28.8447 32.4204 3
      vertex 28.8447 27.5796 3
      vertex 28.9217 27.5949 3
    endloop
  endfacet
  facet normal 0 0 1
    outer loop
      vertex 28.7704 32.4457 3
      vertex 28.8447 27.5796 3
      vertex 28.8447 32.4204 3
    endloop
  endfacet
  facet normal 0 0 1
    outer loop
      vertex 28.7704 32.4457 3
      vertex 28.7704 27.5543 3
      vertex 28.8447 27.5796 3
    endloop
  endfacet
  facet normal 0 0 1
    outer loop
      vertex 28.7 32.4804 3
      vertex 28.7704 27.5543 3
      vertex 28.7704 32.4457 3
    endloop
  endfacet
  facet normal 0 0 1
    outer loop
      vertex 28.7 32.4804 3
      vertex 28.7 27.5196 3
      vertex 28.7704 27.5543 3
    endloop
  endfacet
  facet normal 0 0 1
    outer loop
      vertex 28.6347 32.524 3
      vertex 28.7 27.5196 3
      vertex 28.7 32.4804 3
    endloop
  endfacet
  facet normal 0 0 1
    outer loop
      vertex 28.6347 32.524 3
      vertex 28.6347 27.476 3
      vertex 28.7 27.5196 3
    endloop
  endfacet
  facet normal 0 0 1
    outer loop
      vertex 28.5757 32.5757 3
      vertex 28.6347 27.476 3
      vertex 28.6347 32.524 3
    endloop
  endfacet
  facet normal 0 0 1
    outer loop
      vertex 28.5757 32.5757 3
      vertex 28.5757 27.4243 3
      vertex 28.6347 27.476 3
    endloop
  endfacet
  facet normal 0 0 1
    outer loop
      vertex 23.5543 32.7704 3
      vertex 28.4457 32.7704 3
      vertex 23.5796 32.8447 3
    endloop
  endfacet
  facet normal 0 0 1
    outer loop
      vertex 28.4457 32.7704 3
      vertex 23.5543 32.7704 3
      vertex 28.4804 32.7 3
    endloop
  endfacet
  facet normal 0 0 1
    outer loop
      vertex 28.4204 32.8447 3
      vertex 23.5796 32.8447 3
      vertex 28.4457 32.7704 3
    endloop
  endfacet
  facet normal 0 0 1
    outer loop
      vertex 23.5196 32.7 3
      vertex 28.4804 32.7 3
      vertex 23.5543 32.7704 3
    endloop
  endfacet
  facet normal 0 0 1
    outer loop
      vertex 23.5796 32.8447 3
      vertex 28.4204 32.8447 3
      vertex 23.5949 32.9217 3
    endloop
  endfacet
  facet normal 0 0 1
    outer loop
      vertex 28.5757 27.4243 3
      vertex 23.6 27 3
      vertex 28.524 27.3653 3
    endloop
  endfacet
  facet normal 0 0 1
    outer loop
      vertex 28.4051 32.9217 3
      vertex 23.5949 32.9217 3
      vertex 28.4204 32.8447 3
    endloop
  endfacet
  facet normal 0 0 1
    outer loop
      vertex 28.524 27.3653 3
      vertex 23.6 27 3
      vertex 28.4804 27.3 3
    endloop
  endfacet
  facet normal 0 0 1
    outer loop
      vertex 23.5949 32.9217 3
      vertex 28.4051 32.9217 3
      vertex 23.6 33 3
    endloop
  endfacet
  facet normal 0 0 1
    outer loop
      vertex 28.4804 27.3 3
      vertex 23.6 27 3
      vertex 28.4457 27.2296 3
    endloop
  endfacet
  facet normal -0 0 1
    outer loop
      vertex 23.6 33 3
      vertex 28.4051 32.9217 3
      vertex 28.4 33 3
    endloop
  endfacet
  facet normal 0 0 1
    outer loop
      vertex 28.4457 27.2296 3
      vertex 23.6 27 3
      vertex 28.4204 27.1553 3
    endloop
  endfacet
  facet normal 0 0 1
    outer loop
      vertex 40.4804 26.7 3
      vertex 35.5196 26.7 3
      vertex 40.524 26.6347 3
    endloop
  endfacet
  facet normal 0 0 1
    outer loop
      vertex 40.5757 21.4243 3
      vertex 35.5949 21.0783 3
      vertex 35.6 21 3
    endloop
  endfacet
  facet normal 0 0 1
    outer loop
      vertex 35.476 26.6347 3
      vertex 40.524 26.6347 3
      vertex 35.5196 26.7 3
    endloop
  endfacet
  facet normal 0 0 1
    outer loop
      vertex 40.5757 21.4243 3
      vertex 35.5796 21.1553 3
      vertex 35.5949 21.0783 3
    endloop
  endfacet
  facet normal 0 0 1
    outer loop
      vertex 40.524 26.6347 3
      vertex 35.476 26.6347 3
      vertex 40.5757 26.5757 3
    endloop
  endfacet
  facet normal 0 0 1
    outer loop
      vertex 40.5757 21.4243 3
      vertex 35.5543 21.2296 3
      vertex 35.5796 21.1553 3
    endloop
  endfacet
  facet normal 0 0 1
    outer loop
      vertex 35.4243 26.5757 3
      vertex 40.5757 26.5757 3
      vertex 35.476 26.6347 3
    endloop
  endfacet
  facet normal 0 0 1
    outer loop
      vertex 40.5757 21.4243 3
      vertex 35.5196 21.3 3
      vertex 35.5543 21.2296 3
    endloop
  endfacet
  facet normal 0 0 1
    outer loop
      vertex 40.5757 26.5757 3
      vertex 35.4243 26.5757 3
      vertex 40.5757 21.4243 3
    endloop
  endfacet
  facet normal 0 0 1
    outer loop
      vertex 40.5757 21.4243 3
      vertex 35.476 21.3653 3
      vertex 35.5196 21.3 3
    endloop
  endfacet
  facet normal 0 0 1
    outer loop
      vertex 35.4243 21.4243 3
      vertex 40.5757 21.4243 3
      vertex 35.4243 26.5757 3
    endloop
  endfacet
  facet normal 0 0 1
    outer loop
      vertex 40.5757 21.4243 3
      vertex 35.4243 21.4243 3
      vertex 35.476 21.3653 3
    endloop
  endfacet
  facet normal -0 0 1
    outer loop
      vertex 35.3653 26.524 3
      vertex 35.4243 21.4243 3
      vertex 35.4243 26.5757 3
    endloop
  endfacet
  facet normal 0 0 1
    outer loop
      vertex 35.3653 26.524 3
      vertex 35.3653 21.476 3
      vertex 35.4243 21.4243 3
    endloop
  endfacet
  facet normal -0 0 1
    outer loop
      vertex 35.3 26.4804 3
      vertex 35.3653 21.476 3
      vertex 35.3653 26.524 3
    endloop
  endfacet
  facet normal 0 0 1
    outer loop
      vertex 35.3 26.4804 3
      vertex 35.3 21.5196 3
      vertex 35.3653 21.476 3
    endloop
  endfacet
  facet normal -0 0 1
    outer loop
      vertex 35.2296 26.4457 3
      vertex 35.3 21.5196 3
      vertex 35.3 26.4804 3
    endloop
  endfacet
  facet normal 0 0 1
    outer loop
      vertex 35.2296 26.4457 3
      vertex 35.2296 21.5543 3
      vertex 35.3 21.5196 3
    endloop
  endfacet
  facet normal -0 0 1
    outer loop
      vertex 35.1553 26.4204 3
      vertex 35.2296 21.5543 3
      vertex 35.2296 26.4457 3
    endloop
  endfacet
  facet normal 0 0 1
    outer loop
      vertex 35.1553 26.4204 3
      vertex 35.1553 21.5796 3
      vertex 35.2296 21.5543 3
    endloop
  endfacet
  facet normal -0 0 1
    outer loop
      vertex 35.0783 26.4051 3
      vertex 35.1553 21.5796 3
      vertex 35.1553 26.4204 3
    endloop
  endfacet
  facet normal 0 0 1
    outer loop
      vertex 35.0783 26.4051 3
      vertex 35.0783 21.5949 3
      vertex 35.1553 21.5796 3
    endloop
  endfacet
  facet normal -0 0 1
    outer loop
      vertex 35 26.4 3
      vertex 35.0783 21.5949 3
      vertex 35.0783 26.4051 3
    endloop
  endfacet
  facet normal 0 0 1
    outer loop
      vertex 35 26.4 3
      vertex 35 21.6 3
      vertex 35.0783 21.5949 3
    endloop
  endfacet
  facet normal 0 0 1
    outer loop
      vertex 34.9217 26.4051 3
      vertex 35 21.6 3
      vertex 35 26.4 3
    endloop
  endfacet
  facet normal 0 0 1
    outer loop
      vertex 34.9217 26.4051 3
      vertex 34.9217 21.5949 3
      vertex 35 21.6 3
    endloop
  endfacet
  facet normal 0 0 1
    outer loop
      vertex 34.8447 26.4204 3
      vertex 34.9217 21.5949 3
      vertex 34.9217 26.4051 3
    endloop
  endfacet
  facet normal 0 0 1
    outer loop
      vertex 34.8447 26.4204 3
      vertex 34.8447 21.5796 3
      vertex 34.9217 21.5949 3
    endloop
  endfacet
  facet normal 0 0 1
    outer loop
      vertex 34.7704 26.4457 3
      vertex 34.8447 21.5796 3
      vertex 34.8447 26.4204 3
    endloop
  endfacet
  facet normal 0 0 1
    outer loop
      vertex 34.7704 26.4457 3
      vertex 34.7704 21.5543 3
      vertex 34.8447 21.5796 3
    endloop
  endfacet
  facet normal 0 0 1
    outer loop
      vertex 34.7 26.4804 3
      vertex 34.7704 21.5543 3
      vertex 34.7704 26.4457 3
    endloop
  endfacet
  facet normal 0 0 1
    outer loop
      vertex 34.7 26.4804 3
      vertex 34.7 21.5196 3
      vertex 34.7704 21.5543 3
    endloop
  endfacet
  facet normal 0 0 1
    outer loop
      vertex 34.6347 26.524 3
      vertex 34.7 21.5196 3
      vertex 34.7 26.4804 3
    endloop
  endfacet
  facet normal 0 0 1
    outer loop
      vertex 34.6347 26.524 3
      vertex 34.6347 21.476 3
      vertex 34.7 21.5196 3
    endloop
  endfacet
  facet normal 0 0 1
    outer loop
      vertex 34.5757 26.5757 3
      vertex 34.6347 21.476 3
      vertex 34.6347 26.524 3
    endloop
  endfacet
  facet normal 0 0 1
    outer loop
      vertex 34.5757 26.5757 3
      vertex 34.5757 21.4243 3
      vertex 34.6347 21.476 3
    endloop
  endfacet
  facet normal 0 0 1
    outer loop
      vertex 29.5543 26.7704 3
      vertex 34.4457 26.7704 3
      vertex 29.5796 26.8447 3
    endloop
  endfacet
  facet normal 0 0 1
    outer loop
      vertex 34.4457 26.7704 3
      vertex 29.5543 26.7704 3
      vertex 34.4804 26.7 3
    endloop
  endfacet
  facet normal 0 0 1
    outer loop
      vertex 34.4204 26.8447 3
      vertex 29.5796 26.8447 3
      vertex 34.4457 26.7704 3
    endloop
  endfacet
  facet normal 0 0 1
    outer loop
      vertex 29.5196 26.7 3
      vertex 34.4804 26.7 3
      vertex 29.5543 26.7704 3
    endloop
  endfacet
  facet normal 0 0 1
    outer loop
      vertex 29.5796 26.8447 3
      vertex 34.4204 26.8447 3
      vertex 29.5949 26.9217 3
    endloop
  endfacet
  facet normal 0 0 1
    outer loop
      vertex 34.5757 21.4243 3
      vertex 29.6 21 3
      vertex 34.524 21.3653 3
    endloop
  endfacet
  facet normal 0 0 1
    outer loop
      vertex 34.4051 26.9217 3
      vertex 29.5949 26.9217 3
      vertex 34.4204 26.8447 3
    endloop
  endfacet
  facet normal 0 0 1
    outer loop
      vertex 34.524 21.3653 3
      vertex 29.6 21 3
      vertex 34.4804 21.3 3
    endloop
  endfacet
  facet normal 0 0 1
    outer loop
      vertex 29.5949 26.9217 3
      vertex 34.4051 26.9217 3
      vertex 29.6 27 3
    endloop
  endfacet
  facet normal 0 0 1
    outer loop
      vertex 34.4804 21.3 3
      vertex 29.6 21 3
      vertex 34.4457 21.2296 3
    endloop
  endfacet
  facet normal -0 0 1
    outer loop
      vertex 29.6 27 3
      vertex 34.4051 26.9217 3
      vertex 34.4 27 3
    endloop
  endfacet
  facet normal 0 0 1
    outer loop
      vertex 34.4457 21.2296 3
      vertex 29.6 21 3
      vertex 34.4204 21.1553 3
    endloop
  endfacet
  facet normal 0 0 1
    outer loop
      vertex 40.4804 32.7 3
      vertex 35.5196 32.7 3
      vertex 40.524 32.6347 3
    endloop
  endfacet
  facet normal 0 0 1
    outer loop
      vertex 40.5757 27.4243 3
      vertex 35.5949 27.0783 3
      vertex 35.6 27 3
    endloop
  endfacet
  facet normal 0 0 1
    outer loop
      vertex 35.476 32.6347 3
      vertex 40.524 32.6347 3
      vertex 35.5196 32.7 3
    endloop
  endfacet
  facet normal 0 0 1
    outer loop
      vertex 40.5757 27.4243 3
      vertex 35.5796 27.1553 3
      vertex 35.5949 27.0783 3
    endloop
  endfacet
  facet normal 0 0 1
    outer loop
      vertex 40.524 32.6347 3
      vertex 35.476 32.6347 3
      vertex 40.5757 32.5757 3
    endloop
  endfacet
  facet normal 0 0 1
    outer loop
      vertex 40.5757 27.4243 3
      vertex 35.5543 27.2296 3
      vertex 35.5796 27.1553 3
    endloop
  endfacet
  facet normal 0 0 1
    outer loop
      vertex 35.4243 32.5757 3
      vertex 40.5757 32.5757 3
      vertex 35.476 32.6347 3
    endloop
  endfacet
  facet normal 0 0 1
    outer loop
      vertex 40.5757 27.4243 3
      vertex 35.5196 27.3 3
      vertex 35.5543 27.2296 3
    endloop
  endfacet
  facet normal 0 0 1
    outer loop
      vertex 40.5757 32.5757 3
      vertex 35.4243 32.5757 3
      vertex 40.5757 27.4243 3
    endloop
  endfacet
  facet normal 0 0 1
    outer loop
      vertex 40.5757 27.4243 3
      vertex 35.476 27.3653 3
      vertex 35.5196 27.3 3
    endloop
  endfacet
  facet normal 0 0 1
    outer loop
      vertex 35.4243 27.4243 3
      vertex 40.5757 27.4243 3
      vertex 35.4243 32.5757 3
    endloop
  endfacet
  facet normal 0 0 1
    outer loop
      vertex 40.5757 27.4243 3
      vertex 35.4243 27.4243 3
      vertex 35.476 27.3653 3
    endloop
  endfacet
  facet normal -0 0 1
    outer loop
      vertex 35.3653 32.524 3
      vertex 35.4243 27.4243 3
      vertex 35.4243 32.5757 3
    endloop
  endfacet
  facet normal 0 0 1
    outer loop
      vertex 35.3653 32.524 3
      vertex 35.3653 27.476 3
      vertex 35.4243 27.4243 3
    endloop
  endfacet
  facet normal -0 0 1
    outer loop
      vertex 35.3 32.4804 3
      vertex 35.3653 27.476 3
      vertex 35.3653 32.524 3
    endloop
  endfacet
  facet normal 0 0 1
    outer loop
      vertex 35.3 32.4804 3
      vertex 35.3 27.5196 3
      vertex 35.3653 27.476 3
    endloop
  endfacet
  facet normal -0 0 1
    outer loop
      vertex 35.2296 32.4457 3
      vertex 35.3 27.5196 3
      vertex 35.3 32.4804 3
    endloop
  endfacet
  facet normal 0 0 1
    outer loop
      vertex 35.2296 32.4457 3
      vertex 35.2296 27.5543 3
      vertex 35.3 27.5196 3
    endloop
  endfacet
  facet normal -0 0 1
    outer loop
      vertex 35.1553 32.4204 3
      vertex 35.2296 27.5543 3
      vertex 35.2296 32.4457 3
    endloop
  endfacet
  facet normal 0 0 1
    outer loop
      vertex 35.1553 32.4204 3
      vertex 35.1553 27.5796 3
      vertex 35.2296 27.5543 3
    endloop
  endfacet
  facet normal -0 0 1
    outer loop
      vertex 35.0783 32.4051 3
      vertex 35.1553 27.5796 3
      vertex 35.1553 32.4204 3
    endloop
  endfacet
  facet normal 0 0 1
    outer loop
      vertex 35.0783 32.4051 3
      vertex 35.0783 27.5949 3
      vertex 35.1553 27.5796 3
    endloop
  endfacet
  facet normal -0 0 1
    outer loop
      vertex 35 32.4 3
      vertex 35.0783 27.5949 3
      vertex 35.0783 32.4051 3
    endloop
  endfacet
  facet normal 0 0 1
    outer loop
      vertex 35 32.4 3
      vertex 35 27.6 3
      vertex 35.0783 27.5949 3
    endloop
  endfacet
  facet normal 0 0 1
    outer loop
      vertex 34.9217 32.4051 3
      vertex 35 27.6 3
      vertex 35 32.4 3
    endloop
  endfacet
  facet normal 0 0 1
    outer loop
      vertex 34.9217 32.4051 3
      vertex 34.9217 27.5949 3
      vertex 35 27.6 3
    endloop
  endfacet
  facet normal 0 0 1
    outer loop
      vertex 34.8447 32.4204 3
      vertex 34.9217 27.5949 3
      vertex 34.9217 32.4051 3
    endloop
  endfacet
  facet normal 0 0 1
    outer loop
      vertex 34.8447 32.4204 3
      vertex 34.8447 27.5796 3
      vertex 34.9217 27.5949 3
    endloop
  endfacet
  facet normal 0 0 1
    outer loop
      vertex 34.7704 32.4457 3
      vertex 34.8447 27.5796 3
      vertex 34.8447 32.4204 3
    endloop
  endfacet
  facet normal 0 0 1
    outer loop
      vertex 34.7704 32.4457 3
      vertex 34.7704 27.5543 3
      vertex 34.8447 27.5796 3
    endloop
  endfacet
  facet normal 0 0 1
    outer loop
      vertex 34.7 32.4804 3
      vertex 34.7704 27.5543 3
      vertex 34.7704 32.4457 3
    endloop
  endfacet
  facet normal 0 0 1
    outer loop
      vertex 34.7 32.4804 3
      vertex 34.7 27.5196 3
      vertex 34.7704 27.5543 3
    endloop
  endfacet
  facet normal 0 0 1
    outer loop
      vertex 34.6347 32.524 3
      vertex 34.7 27.5196 3
      vertex 34.7 32.4804 3
    endloop
  endfacet
  facet normal 0 0 1
    outer loop
      vertex 34.6347 32.524 3
      vertex 34.6347 27.476 3
      vertex 34.7 27.5196 3
    endloop
  endfacet
  facet normal 0 0 1
    outer loop
      vertex 34.5757 32.5757 3
      vertex 34.6347 27.476 3
      vertex 34.6347 32.524 3
    endloop
  endfacet
  facet normal 0 0 1
    outer loop
      vertex 34.5757 32.5757 3
      vertex 34.5757 27.4243 3
      vertex 34.6347 27.476 3
    endloop
  endfacet
  facet normal 0 0 1
    outer loop
      vertex 29.5543 32.7704 3
      vertex 34.4457 32.7704 3
      vertex 29.5796 32.8447 3
    endloop
  endfacet
  facet normal 0 0 1
    outer loop
      vertex 34.4457 32.7704 3
      vertex 29.5543 32.7704 3
      vertex 34.4804 32.7 3
    endloop
  endfacet
  facet normal 0 0 1
    outer loop
      vertex 34.4204 32.8447 3
      vertex 29.5796 32.8447 3
      vertex 34.4457 32.7704 3
    endloop
  endfacet
  facet normal 0 0 1
    outer loop
      vertex 29.5196 32.7 3
      vertex 34.4804 32.7 3
      vertex 29.5543 32.7704 3
    endloop
  endfacet
  facet normal 0 0 1
    outer loop
      vertex 29.5796 32.8447 3
      vertex 34.4204 32.8447 3
      vertex 29.5949 32.9217 3
    endloop
  endfacet
  facet normal 0 0 1
    outer loop
      vertex 34.5757 27.4243 3
      vertex 29.6 27 3
      vertex 34.524 27.3653 3
    endloop
  endfacet
  facet normal 0 0 1
    outer loop
      vertex 34.4051 32.9217 3
      vertex 29.5949 32.9217 3
      vertex 34.4204 32.8447 3
    endloop
  endfacet
  facet normal 0 0 1
    outer loop
      vertex 34.524 27.3653 3
      vertex 29.6 27 3
      vertex 34.4804 27.3 3
    endloop
  endfacet
  facet normal 0 0 1
    outer loop
      vertex 29.5949 32.9217 3
      vertex 34.4051 32.9217 3
      vertex 29.6 33 3
    endloop
  endfacet
  facet normal 0 0 1
    outer loop
      vertex 34.4804 27.3 3
      vertex 29.6 27 3
      vertex 34.4457 27.2296 3
    endloop
  endfacet
  facet normal -0 0 1
    outer loop
      vertex 29.6 33 3
      vertex 34.4051 32.9217 3
      vertex 34.4 33 3
    endloop
  endfacet
  facet normal 0 0 1
    outer loop
      vertex 34.4457 27.2296 3
      vertex 29.6 27 3
      vertex 34.4204 27.1553 3
    endloop
  endfacet
  facet normal -0 0 1
    outer loop
      vertex 41.5796 26.8447 3
      vertex 46 22 3
      vertex 41.5949 26.9217 3
    endloop
  endfacet
  facet normal 0 0 1
    outer loop
      vertex 46 22 3
      vertex 41.5949 21.0783 3
      vertex 41.6 21 3
    endloop
  endfacet
  facet normal -0 0 1
    outer loop
      vertex 41.5543 26.7704 3
      vertex 46 22 3
      vertex 41.5796 26.8447 3
    endloop
  endfacet
  facet normal 0 0 1
    outer loop
      vertex 46 22 3
      vertex 41.5796 21.1553 3
      vertex 41.5949 21.0783 3
    endloop
  endfacet
  facet normal -0 0 1
    outer loop
      vertex 41.5196 26.7 3
      vertex 46 22 3
      vertex 41.5543 26.7704 3
    endloop
  endfacet
  facet normal 0 0 1
    outer loop
      vertex 46 22 3
      vertex 41.5543 21.2296 3
      vertex 41.5796 21.1553 3
    endloop
  endfacet
  facet normal -0 0 1
    outer loop
      vertex 41.476 26.6347 3
      vertex 46 22 3
      vertex 41.5196 26.7 3
    endloop
  endfacet
  facet normal 0 0 1
    outer loop
      vertex 46 22 3
      vertex 41.5196 21.3 3
      vertex 41.5543 21.2296 3
    endloop
  endfacet
  facet normal -0 0 1
    outer loop
      vertex 41.4243 26.5757 3
      vertex 46 22 3
      vertex 41.476 26.6347 3
    endloop
  endfacet
  facet normal 0 0 1
    outer loop
      vertex 46 22 3
      vertex 41.476 21.3653 3
      vertex 41.5196 21.3 3
    endloop
  endfacet
  facet normal -0 0 1
    outer loop
      vertex 41.3653 26.524 3
      vertex 46 22 3
      vertex 41.4243 26.5757 3
    endloop
  endfacet
  facet normal 0 0 1
    outer loop
      vertex 46 22 3
      vertex 41.4243 21.4243 3
      vertex 41.476 21.3653 3
    endloop
  endfacet
  facet normal 0 0 1
    outer loop
      vertex 41.3653 21.476 3
      vertex 46 22 3
      vertex 41.3653 26.524 3
    endloop
  endfacet
  facet normal 0 0 1
    outer loop
      vertex 46 22 3
      vertex 41.3653 21.476 3
      vertex 41.4243 21.4243 3
    endloop
  endfacet
  facet normal -0 0 1
    outer loop
      vertex 41.3 26.4804 3
      vertex 41.3653 21.476 3
      vertex 41.3653 26.524 3
    endloop
  endfacet
  facet normal 0 0 1
    outer loop
      vertex 41.3 26.4804 3
      vertex 41.3 21.5196 3
      vertex 41.3653 21.476 3
    endloop
  endfacet
  facet normal -0 0 1
    outer loop
      vertex 41.2296 26.4457 3
      vertex 41.3 21.5196 3
      vertex 41.3 26.4804 3
    endloop
  endfacet
  facet normal 0 0 1
    outer loop
      vertex 41.2296 26.4457 3
      vertex 41.2296 21.5543 3
      vertex 41.3 21.5196 3
    endloop
  endfacet
  facet normal -0 0 1
    outer loop
      vertex 41.1553 26.4204 3
      vertex 41.2296 21.5543 3
      vertex 41.2296 26.4457 3
    endloop
  endfacet
  facet normal 0 0 1
    outer loop
      vertex 41.1553 26.4204 3
      vertex 41.1553 21.5796 3
      vertex 41.2296 21.5543 3
    endloop
  endfacet
  facet normal -0 0 1
    outer loop
      vertex 41.0783 26.4051 3
      vertex 41.1553 21.5796 3
      vertex 41.1553 26.4204 3
    endloop
  endfacet
  facet normal 0 0 1
    outer loop
      vertex 41.0783 26.4051 3
      vertex 41.0783 21.5949 3
      vertex 41.1553 21.5796 3
    endloop
  endfacet
  facet normal -0 0 1
    outer loop
      vertex 41 26.4 3
      vertex 41.0783 21.5949 3
      vertex 41.0783 26.4051 3
    endloop
  endfacet
  facet normal 0 0 1
    outer loop
      vertex 41 26.4 3
      vertex 41 21.6 3
      vertex 41.0783 21.5949 3
    endloop
  endfacet
  facet normal 0 0 1
    outer loop
      vertex 40.9217 26.4051 3
      vertex 41 21.6 3
      vertex 41 26.4 3
    endloop
  endfacet
  facet normal 0 0 1
    outer loop
      vertex 40.9217 26.4051 3
      vertex 40.9217 21.5949 3
      vertex 41 21.6 3
    endloop
  endfacet
  facet normal 0 0 1
    outer loop
      vertex 40.8447 26.4204 3
      vertex 40.9217 21.5949 3
      vertex 40.9217 26.4051 3
    endloop
  endfacet
  facet normal 0 0 1
    outer loop
      vertex 40.8447 26.4204 3
      vertex 40.8447 21.5796 3
      vertex 40.9217 21.5949 3
    endloop
  endfacet
  facet normal 0 0 1
    outer loop
      vertex 40.7704 26.4457 3
      vertex 40.8447 21.5796 3
      vertex 40.8447 26.4204 3
    endloop
  endfacet
  facet normal 0 0 1
    outer loop
      vertex 40.7704 26.4457 3
      vertex 40.7704 21.5543 3
      vertex 40.8447 21.5796 3
    endloop
  endfacet
  facet normal 0 0 1
    outer loop
      vertex 40.7 26.4804 3
      vertex 40.7704 21.5543 3
      vertex 40.7704 26.4457 3
    endloop
  endfacet
  facet normal 0 0 1
    outer loop
      vertex 40.7 26.4804 3
      vertex 40.7 21.5196 3
      vertex 40.7704 21.5543 3
    endloop
  endfacet
  facet normal 0 0 1
    outer loop
      vertex 40.6347 26.524 3
      vertex 40.7 21.5196 3
      vertex 40.7 26.4804 3
    endloop
  endfacet
  facet normal 0 0 1
    outer loop
      vertex 40.6347 26.524 3
      vertex 40.6347 21.476 3
      vertex 40.7 21.5196 3
    endloop
  endfacet
  facet normal 0 0 1
    outer loop
      vertex 40.5757 26.5757 3
      vertex 40.6347 21.476 3
      vertex 40.6347 26.524 3
    endloop
  endfacet
  facet normal 0 0 1
    outer loop
      vertex 40.5757 26.5757 3
      vertex 40.5757 21.4243 3
      vertex 40.6347 21.476 3
    endloop
  endfacet
  facet normal 0 0 1
    outer loop
      vertex 35.5543 26.7704 3
      vertex 40.4457 26.7704 3
      vertex 35.5796 26.8447 3
    endloop
  endfacet
  facet normal 0 0 1
    outer loop
      vertex 40.4457 26.7704 3
      vertex 35.5543 26.7704 3
      vertex 40.4804 26.7 3
    endloop
  endfacet
  facet normal 0 0 1
    outer loop
      vertex 40.4204 26.8447 3
      vertex 35.5796 26.8447 3
      vertex 40.4457 26.7704 3
    endloop
  endfacet
  facet normal 0 0 1
    outer loop
      vertex 35.5196 26.7 3
      vertex 40.4804 26.7 3
      vertex 35.5543 26.7704 3
    endloop
  endfacet
  facet normal 0 0 1
    outer loop
      vertex 35.5796 26.8447 3
      vertex 40.4204 26.8447 3
      vertex 35.5949 26.9217 3
    endloop
  endfacet
  facet normal 0 0 1
    outer loop
      vertex 40.5757 21.4243 3
      vertex 35.6 21 3
      vertex 40.524 21.3653 3
    endloop
  endfacet
  facet normal 0 0 1
    outer loop
      vertex 40.4051 26.9217 3
      vertex 35.5949 26.9217 3
      vertex 40.4204 26.8447 3
    endloop
  endfacet
  facet normal 0 0 1
    outer loop
      vertex 40.524 21.3653 3
      vertex 35.6 21 3
      vertex 40.4804 21.3 3
    endloop
  endfacet
  facet normal 0 0 1
    outer loop
      vertex 35.5949 26.9217 3
      vertex 40.4051 26.9217 3
      vertex 35.6 27 3
    endloop
  endfacet
  facet normal 0 0 1
    outer loop
      vertex 40.4804 21.3 3
      vertex 35.6 21 3
      vertex 40.4457 21.2296 3
    endloop
  endfacet
  facet normal -0 0 1
    outer loop
      vertex 35.6 27 3
      vertex 40.4051 26.9217 3
      vertex 40.4 27 3
    endloop
  endfacet
  facet normal 0 0 1
    outer loop
      vertex 40.4457 21.2296 3
      vertex 35.6 21 3
      vertex 40.4204 21.1553 3
    endloop
  endfacet
  facet normal 0 0 1
    outer loop
      vertex 41.5796 32.8447 3
      vertex 46 34 3
      vertex 41.5949 32.9217 3
    endloop
  endfacet
  facet normal 0 0 1
    outer loop
      vertex 46 34 3
      vertex 41.5949 27.0783 3
      vertex 41.6 27 3
    endloop
  endfacet
  facet normal 0 0 1
    outer loop
      vertex 41.5543 32.7704 3
      vertex 46 34 3
      vertex 41.5796 32.8447 3
    endloop
  endfacet
  facet normal 0 0 1
    outer loop
      vertex 46 34 3
      vertex 41.5796 27.1553 3
      vertex 41.5949 27.0783 3
    endloop
  endfacet
  facet normal 0 0 1
    outer loop
      vertex 41.5196 32.7 3
      vertex 46 34 3
      vertex 41.5543 32.7704 3
    endloop
  endfacet
  facet normal 0 0 1
    outer loop
      vertex 46 34 3
      vertex 41.5543 27.2296 3
      vertex 41.5796 27.1553 3
    endloop
  endfacet
  facet normal 0 0 1
    outer loop
      vertex 41.476 32.6347 3
      vertex 46 34 3
      vertex 41.5196 32.7 3
    endloop
  endfacet
  facet normal 0 0 1
    outer loop
      vertex 46 34 3
      vertex 41.5196 27.3 3
      vertex 41.5543 27.2296 3
    endloop
  endfacet
  facet normal 0 0 1
    outer loop
      vertex 41.476 27.3653 3
      vertex 46 34 3
      vertex 41.476 32.6347 3
    endloop
  endfacet
  facet normal 0 0 1
    outer loop
      vertex 46 34 3
      vertex 41.476 27.3653 3
      vertex 41.5196 27.3 3
    endloop
  endfacet
  facet normal -0 0 1
    outer loop
      vertex 41.4243 32.5757 3
      vertex 41.476 27.3653 3
      vertex 41.476 32.6347 3
    endloop
  endfacet
  facet normal 0 0 1
    outer loop
      vertex 41.4243 32.5757 3
      vertex 41.4243 27.4243 3
      vertex 41.476 27.3653 3
    endloop
  endfacet
  facet normal -0 0 1
    outer loop
      vertex 41.3653 32.524 3
      vertex 41.4243 27.4243 3
      vertex 41.4243 32.5757 3
    endloop
  endfacet
  facet normal 0 0 1
    outer loop
      vertex 41.3653 32.524 3
      vertex 41.3653 27.476 3
      vertex 41.4243 27.4243 3
    endloop
  endfacet
  facet normal -0 0 1
    outer loop
      vertex 41.3 32.4804 3
      vertex 41.3653 27.476 3
      vertex 41.3653 32.524 3
    endloop
  endfacet
  facet normal 0 0 1
    outer loop
      vertex 41.3 32.4804 3
      vertex 41.3 27.5196 3
      vertex 41.3653 27.476 3
    endloop
  endfacet
  facet normal -0 0 1
    outer loop
      vertex 41.2296 32.4457 3
      vertex 41.3 27.5196 3
      vertex 41.3 32.4804 3
    endloop
  endfacet
  facet normal 0 0 1
    outer loop
      vertex 41.2296 32.4457 3
      vertex 41.2296 27.5543 3
      vertex 41.3 27.5196 3
    endloop
  endfacet
  facet normal -0 0 1
    outer loop
      vertex 41.1553 32.4204 3
      vertex 41.2296 27.5543 3
      vertex 41.2296 32.4457 3
    endloop
  endfacet
  facet normal 0 0 1
    outer loop
      vertex 41.1553 32.4204 3
      vertex 41.1553 27.5796 3
      vertex 41.2296 27.5543 3
    endloop
  endfacet
  facet normal -0 0 1
    outer loop
      vertex 41.0783 32.4051 3
      vertex 41.1553 27.5796 3
      vertex 41.1553 32.4204 3
    endloop
  endfacet
  facet normal 0 0 1
    outer loop
      vertex 41.0783 32.4051 3
      vertex 41.0783 27.5949 3
      vertex 41.1553 27.5796 3
    endloop
  endfacet
  facet normal -0 0 1
    outer loop
      vertex 41 32.4 3
      vertex 41.0783 27.5949 3
      vertex 41.0783 32.4051 3
    endloop
  endfacet
  facet normal 0 0 1
    outer loop
      vertex 41 32.4 3
      vertex 41 27.6 3
      vertex 41.0783 27.5949 3
    endloop
  endfacet
  facet normal 0 0 1
    outer loop
      vertex 40.9217 32.4051 3
      vertex 41 27.6 3
      vertex 41 32.4 3
    endloop
  endfacet
  facet normal 0 0 1
    outer loop
      vertex 40.9217 32.4051 3
      vertex 40.9217 27.5949 3
      vertex 41 27.6 3
    endloop
  endfacet
  facet normal 0 0 1
    outer loop
      vertex 40.8447 32.4204 3
      vertex 40.9217 27.5949 3
      vertex 40.9217 32.4051 3
    endloop
  endfacet
  facet normal 0 0 1
    outer loop
      vertex 40.8447 32.4204 3
      vertex 40.8447 27.5796 3
      vertex 40.9217 27.5949 3
    endloop
  endfacet
  facet normal 0 0 1
    outer loop
      vertex 40.7704 32.4457 3
      vertex 40.8447 27.5796 3
      vertex 40.8447 32.4204 3
    endloop
  endfacet
  facet normal 0 0 1
    outer loop
      vertex 40.7704 32.4457 3
      vertex 40.7704 27.5543 3
      vertex 40.8447 27.5796 3
    endloop
  endfacet
  facet normal 0 0 1
    outer loop
      vertex 40.7 32.4804 3
      vertex 40.7704 27.5543 3
      vertex 40.7704 32.4457 3
    endloop
  endfacet
  facet normal 0 0 1
    outer loop
      vertex 40.7 32.4804 3
      vertex 40.7 27.5196 3
      vertex 40.7704 27.5543 3
    endloop
  endfacet
  facet normal 0 0 1
    outer loop
      vertex 40.6347 32.524 3
      vertex 40.7 27.5196 3
      vertex 40.7 32.4804 3
    endloop
  endfacet
  facet normal 0 0 1
    outer loop
      vertex 40.6347 32.524 3
      vertex 40.6347 27.476 3
      vertex 40.7 27.5196 3
    endloop
  endfacet
  facet normal 0 0 1
    outer loop
      vertex 40.5757 32.5757 3
      vertex 40.6347 27.476 3
      vertex 40.6347 32.524 3
    endloop
  endfacet
  facet normal 0 0 1
    outer loop
      vertex 40.5757 32.5757 3
      vertex 40.5757 27.4243 3
      vertex 40.6347 27.476 3
    endloop
  endfacet
  facet normal 0 0 1
    outer loop
      vertex 35.5543 32.7704 3
      vertex 40.4457 32.7704 3
      vertex 35.5796 32.8447 3
    endloop
  endfacet
  facet normal 0 0 1
    outer loop
      vertex 40.4457 32.7704 3
      vertex 35.5543 32.7704 3
      vertex 40.4804 32.7 3
    endloop
  endfacet
  facet normal 0 0 1
    outer loop
      vertex 40.4204 32.8447 3
      vertex 35.5796 32.8447 3
      vertex 40.4457 32.7704 3
    endloop
  endfacet
  facet normal 0 0 1
    outer loop
      vertex 35.5196 32.7 3
      vertex 40.4804 32.7 3
      vertex 35.5543 32.7704 3
    endloop
  endfacet
  facet normal 0 0 1
    outer loop
      vertex 35.5796 32.8447 3
      vertex 40.4204 32.8447 3
      vertex 35.5949 32.9217 3
    endloop
  endfacet
  facet normal 0 0 1
    outer loop
      vertex 40.5757 27.4243 3
      vertex 35.6 27 3
      vertex 40.524 27.3653 3
    endloop
  endfacet
  facet normal 0 0 1
    outer loop
      vertex 40.4051 32.9217 3
      vertex 35.5949 32.9217 3
      vertex 40.4204 32.8447 3
    endloop
  endfacet
  facet normal 0 0 1
    outer loop
      vertex 40.524 27.3653 3
      vertex 35.6 27 3
      vertex 40.4804 27.3 3
    endloop
  endfacet
  facet normal 0 0 1
    outer loop
      vertex 35.5949 32.9217 3
      vertex 40.4051 32.9217 3
      vertex 35.6 33 3
    endloop
  endfacet
  facet normal 0 0 1
    outer loop
      vertex 40.4804 27.3 3
      vertex 35.6 27 3
      vertex 40.4457 27.2296 3
    endloop
  endfacet
  facet normal -0 0 1
    outer loop
      vertex 35.6 33 3
      vertex 40.4051 32.9217 3
      vertex 40.4 33 3
    endloop
  endfacet
  facet normal 0 0 1
    outer loop
      vertex 40.4457 27.2296 3
      vertex 35.6 27 3
      vertex 40.4204 27.1553 3
    endloop
  endfacet
  facet normal 0 0 1
    outer loop
      vertex 41.5543 33.2296 3
      vertex 46 34 3
      vertex 45.9658 34.5221 3
    endloop
  endfacet
  facet normal 0 0 1
    outer loop
      vertex 46 34 3
      vertex 41.6 27 3
      vertex 46 22 3
    endloop
  endfacet
  facet normal 0 0 1
    outer loop
      vertex 41.5196 33.3 3
      vertex 45.9658 34.5221 3
      vertex 45.8637 35.0353 3
    endloop
  endfacet
  facet normal -0 0 1
    outer loop
      vertex 41.5949 26.9217 3
      vertex 46 22 3
      vertex 41.6 27 3
    endloop
  endfacet
  facet normal 0 0 1
    outer loop
      vertex 41.5196 33.3 3
      vertex 45.8637 35.0353 3
      vertex 45.6955 35.5307 3
    endloop
  endfacet
  facet normal 0 0 1
    outer loop
      vertex 46 22 3
      vertex 41.6 21 3
      vertex 45.9658 21.4779 3
    endloop
  endfacet
  facet normal 0 0 1
    outer loop
      vertex 41.476 33.3653 3
      vertex 45.6955 35.5307 3
      vertex 45.4641 36 3
    endloop
  endfacet
  facet normal 0 0 1
    outer loop
      vertex 45.9658 21.4779 3
      vertex 41.6 21 3
      vertex 45.8637 20.9647 3
    endloop
  endfacet
  facet normal 0 0 1
    outer loop
      vertex 41.476 33.3653 3
      vertex 45.4641 36 3
      vertex 45.1734 36.435 3
    endloop
  endfacet
  facet normal 0 0 1
    outer loop
      vertex 45.8637 20.9647 3
      vertex 41.6 21 3
      vertex 45.6955 20.4693 3
    endloop
  endfacet
  facet normal 0 0 1
    outer loop
      vertex 41.4243 33.4243 3
      vertex 45.1734 36.435 3
      vertex 44.8284 36.8284 3
    endloop
  endfacet
  facet normal 0 0 1
    outer loop
      vertex 45.6955 20.4693 3
      vertex 41.6 21 3
      vertex 45.4641 20 3
    endloop
  endfacet
  facet normal 0 0 1
    outer loop
      vertex 41.4243 33.4243 3
      vertex 44.8284 36.8284 3
      vertex 44.435 37.1734 3
    endloop
  endfacet
  facet normal 0 0 1
    outer loop
      vertex 45.4641 20 3
      vertex 41.6 21 3
      vertex 45.1734 19.5649 3
    endloop
  endfacet
  facet normal 0 0 1
    outer loop
      vertex 41.3653 33.476 3
      vertex 44.435 37.1734 3
      vertex 44 37.4641 3
    endloop
  endfacet
  facet normal -0 0 1
    outer loop
      vertex 41.5949 20.9217 3
      vertex 45.1734 19.5649 3
      vertex 41.6 21 3
    endloop
  endfacet
  facet normal 0 0 1
    outer loop
      vertex 41.3653 33.476 3
      vertex 44 37.4641 3
      vertex 43.5307 37.6955 3
    endloop
  endfacet
  facet normal 0 0 1
    outer loop
      vertex 45.1734 19.5649 3
      vertex 41.5949 20.9217 3
      vertex 44.8284 19.1716 3
    endloop
  endfacet
  facet normal 0 0 1
    outer loop
      vertex 41.3 33.5196 3
      vertex 43.5307 37.6955 3
      vertex 43.0353 37.8637 3
    endloop
  endfacet
  facet normal -0 0 1
    outer loop
      vertex 41.5796 20.8447 3
      vertex 44.8284 19.1716 3
      vertex 41.5949 20.9217 3
    endloop
  endfacet
  facet normal 0 0 1
    outer loop
      vertex 41.3 33.5196 3
      vertex 43.0353 37.8637 3
      vertex 42.5221 37.9658 3
    endloop
  endfacet
  facet normal 0 0 1
    outer loop
      vertex 44.8284 19.1716 3
      vertex 41.5796 20.8447 3
      vertex 44.435 18.8266 3
    endloop
  endfacet
  facet normal 0 0 1
    outer loop
      vertex 41.2296 33.5543 3
      vertex 42.5221 37.9658 3
      vertex 42 38 3
    endloop
  endfacet
  facet normal -0 0 1
    outer loop
      vertex 41.5543 20.7704 3
      vertex 44.435 18.8266 3
      vertex 41.5796 20.8447 3
    endloop
  endfacet
  facet normal 0 0 1
    outer loop
      vertex 41.5949 32.9217 3
      vertex 46 34 3
      vertex 41.6 33 3
    endloop
  endfacet
  facet normal 0 0 1
    outer loop
      vertex 46 34 3
      vertex 41.5949 33.0783 3
      vertex 41.6 33 3
    endloop
  endfacet
  facet normal 0 0 1
    outer loop
      vertex 46 34 3
      vertex 41.5796 33.1553 3
      vertex 41.5949 33.0783 3
    endloop
  endfacet
  facet normal 0 0 1
    outer loop
      vertex 46 34 3
      vertex 41.5543 33.2296 3
      vertex 41.5796 33.1553 3
    endloop
  endfacet
  facet normal 0 0 1
    outer loop
      vertex 45.9658 34.5221 3
      vertex 41.5196 33.3 3
      vertex 41.5543 33.2296 3
    endloop
  endfacet
  facet normal 0 0 1
    outer loop
      vertex 45.6955 35.5307 3
      vertex 41.476 33.3653 3
      vertex 41.5196 33.3 3
    endloop
  endfacet
  facet normal 0 0 1
    outer loop
      vertex 45.1734 36.435 3
      vertex 41.4243 33.4243 3
      vertex 41.476 33.3653 3
    endloop
  endfacet
  facet normal 0 0 1
    outer loop
      vertex 44.435 37.1734 3
      vertex 41.3653 33.476 3
      vertex 41.4243 33.4243 3
    endloop
  endfacet
  facet normal 0 0 1
    outer loop
      vertex 43.5307 37.6955 3
      vertex 41.3 33.5196 3
      vertex 41.3653 33.476 3
    endloop
  endfacet
  facet normal 0 0 1
    outer loop
      vertex 42.5221 37.9658 3
      vertex 41.2296 33.5543 3
      vertex 41.3 33.5196 3
    endloop
  endfacet
  facet normal 0 0 1
    outer loop
      vertex 42 38 3
      vertex 41.1553 33.5796 3
      vertex 41.2296 33.5543 3
    endloop
  endfacet
  facet normal 0 0 1
    outer loop
      vertex 42 38 3
      vertex 41.0783 33.5949 3
      vertex 41.1553 33.5796 3
    endloop
  endfacet
  facet normal 0 0 1
    outer loop
      vertex 42 38 3
      vertex 41 33.6 3
      vertex 41.0783 33.5949 3
    endloop
  endfacet
  facet normal 0 0 1
    outer loop
      vertex 42 38 3
      vertex 40.9217 33.5949 3
      vertex 41 33.6 3
    endloop
  endfacet
  facet normal 0 0 1
    outer loop
      vertex 42 38 3
      vertex 40.8447 33.5796 3
      vertex 40.9217 33.5949 3
    endloop
  endfacet
  facet normal 0 0 1
    outer loop
      vertex 42 38 3
      vertex 40.7704 33.5543 3
      vertex 40.8447 33.5796 3
    endloop
  endfacet
  facet normal 0 0 1
    outer loop
      vertex 42 38 3
      vertex 40.7 33.5196 3
      vertex 40.7704 33.5543 3
    endloop
  endfacet
  facet normal 0 0 1
    outer loop
      vertex 42 38 3
      vertex 40.6347 33.476 3
      vertex 40.7 33.5196 3
    endloop
  endfacet
  facet normal 0 0 1
    outer loop
      vertex 35.3653 33.476 3
      vertex 40.6347 33.476 3
      vertex 42 38 3
    endloop
  endfacet
  facet normal 0 0 1
    outer loop
      vertex 40.6347 33.476 3
      vertex 35.3653 33.476 3
      vertex 40.5757 33.4243 3
    endloop
  endfacet
  facet normal 0 -0 1
    outer loop
      vertex 35.4243 33.4243 3
      vertex 40.5757 33.4243 3
      vertex 35.3653 33.476 3
    endloop
  endfacet
  facet normal 0 0 1
    outer loop
      vertex 40.5757 33.4243 3
      vertex 35.4243 33.4243 3
      vertex 40.524 33.3653 3
    endloop
  endfacet
  facet normal 0 -0 1
    outer loop
      vertex 35.476 33.3653 3
      vertex 40.524 33.3653 3
      vertex 35.4243 33.4243 3
    endloop
  endfacet
  facet normal 0 0 1
    outer loop
      vertex 40.4051 27.0783 3
      vertex 35.6 27 3
      vertex 40.4 27 3
    endloop
  endfacet
  facet normal 0 0 1
    outer loop
      vertex 40.4204 27.1553 3
      vertex 35.6 27 3
      vertex 40.4051 27.0783 3
    endloop
  endfacet
  facet normal 0 0 1
    outer loop
      vertex 40.4051 33.0783 3
      vertex 35.6 33 3
      vertex 40.4 33 3
    endloop
  endfacet
  facet normal 0 0 1
    outer loop
      vertex 35.5949 33.0783 3
      vertex 40.4051 33.0783 3
      vertex 40.4204 33.1553 3
    endloop
  endfacet
  facet normal 0 -0 1
    outer loop
      vertex 35.5196 33.3 3
      vertex 40.4804 33.3 3
      vertex 35.476 33.3653 3
    endloop
  endfacet
  facet normal 0 0 1
    outer loop
      vertex 40.4051 33.0783 3
      vertex 35.5949 33.0783 3
      vertex 35.6 33 3
    endloop
  endfacet
  facet normal 0 0 1
    outer loop
      vertex 40.4204 33.1553 3
      vertex 35.5796 33.1553 3
      vertex 35.5949 33.0783 3
    endloop
  endfacet
  facet normal 0 0 1
    outer loop
      vertex 40.4204 33.1553 3
      vertex 35.5543 33.2296 3
      vertex 35.5796 33.1553 3
    endloop
  endfacet
  facet normal 0 0 1
    outer loop
      vertex 40.4457 33.2296 3
      vertex 35.5543 33.2296 3
      vertex 40.4204 33.1553 3
    endloop
  endfacet
  facet normal 0 -0 1
    outer loop
      vertex 35.5543 33.2296 3
      vertex 40.4457 33.2296 3
      vertex 35.5196 33.3 3
    endloop
  endfacet
  facet normal 0 0 1
    outer loop
      vertex 40.4804 33.3 3
      vertex 35.5196 33.3 3
      vertex 40.4457 33.2296 3
    endloop
  endfacet
  facet normal 0 0 1
    outer loop
      vertex 40.524 33.3653 3
      vertex 35.476 33.3653 3
      vertex 40.4804 33.3 3
    endloop
  endfacet
  facet normal 0 0 1
    outer loop
      vertex 42 38 3
      vertex 35.3 33.5196 3
      vertex 35.3653 33.476 3
    endloop
  endfacet
  facet normal 0 0 1
    outer loop
      vertex 42 38 3
      vertex 35.2296 33.5543 3
      vertex 35.3 33.5196 3
    endloop
  endfacet
  facet normal 0 0 1
    outer loop
      vertex 42 38 3
      vertex 35.1553 33.5796 3
      vertex 35.2296 33.5543 3
    endloop
  endfacet
  facet normal 0 0 1
    outer loop
      vertex 42 38 3
      vertex 35.0783 33.5949 3
      vertex 35.1553 33.5796 3
    endloop
  endfacet
  facet normal 0 0 1
    outer loop
      vertex 42 38 3
      vertex 35 33.6 3
      vertex 35.0783 33.5949 3
    endloop
  endfacet
  facet normal 0 0 1
    outer loop
      vertex 42 38 3
      vertex 34.9217 33.5949 3
      vertex 35 33.6 3
    endloop
  endfacet
  facet normal -0 0 1
    outer loop
      vertex 24 38 3
      vertex 34.9217 33.5949 3
      vertex 42 38 3
    endloop
  endfacet
  facet normal 0 0 1
    outer loop
      vertex 34.9217 33.5949 3
      vertex 24 38 3
      vertex 34.8447 33.5796 3
    endloop
  endfacet
  facet normal 0 0 1
    outer loop
      vertex 34.8447 33.5796 3
      vertex 24 38 3
      vertex 34.7704 33.5543 3
    endloop
  endfacet
  facet normal 0 0 1
    outer loop
      vertex 34.4051 27.0783 3
      vertex 29.6 27 3
      vertex 34.4 27 3
    endloop
  endfacet
  facet normal 0 0 1
    outer loop
      vertex 34.4204 27.1553 3
      vertex 29.6 27 3
      vertex 34.4051 27.0783 3
    endloop
  endfacet
  facet normal 0 0 1
    outer loop
      vertex 34.4051 33.0783 3
      vertex 29.6 33 3
      vertex 34.4 33 3
    endloop
  endfacet
  facet normal 0 0 1
    outer loop
      vertex 29.5949 33.0783 3
      vertex 34.4051 33.0783 3
      vertex 34.4204 33.1553 3
    endloop
  endfacet
  facet normal 0 0 1
    outer loop
      vertex 29.5796 33.1553 3
      vertex 34.4204 33.1553 3
      vertex 34.4457 33.2296 3
    endloop
  endfacet
  facet normal 0 0 1
    outer loop
      vertex 29.5543 33.2296 3
      vertex 34.4457 33.2296 3
      vertex 34.4804 33.3 3
    endloop
  endfacet
  facet normal 0 0 1
    outer loop
      vertex 29.5196 33.3 3
      vertex 34.4804 33.3 3
      vertex 34.524 33.3653 3
    endloop
  endfacet
  facet normal 0 0 1
    outer loop
      vertex 29.476 33.3653 3
      vertex 34.524 33.3653 3
      vertex 34.5757 33.4243 3
    endloop
  endfacet
  facet normal 0 0 1
    outer loop
      vertex 29.4243 33.4243 3
      vertex 34.5757 33.4243 3
      vertex 34.6347 33.476 3
    endloop
  endfacet
  facet normal 0 0 1
    outer loop
      vertex 29.3653 33.476 3
      vertex 34.6347 33.476 3
      vertex 34.7 33.5196 3
    endloop
  endfacet
  facet normal 0 -0 1
    outer loop
      vertex 29.2296 33.5543 3
      vertex 34.7704 33.5543 3
      vertex 24 38 3
    endloop
  endfacet
  facet normal 0 0 1
    outer loop
      vertex 34.4051 33.0783 3
      vertex 29.5949 33.0783 3
      vertex 29.6 33 3
    endloop
  endfacet
  facet normal 0 0 1
    outer loop
      vertex 34.4204 33.1553 3
      vertex 29.5796 33.1553 3
      vertex 29.5949 33.0783 3
    endloop
  endfacet
  facet normal 0 0 1
    outer loop
      vertex 34.4457 33.2296 3
      vertex 29.5543 33.2296 3
      vertex 29.5796 33.1553 3
    endloop
  endfacet
  facet normal 0 0 1
    outer loop
      vertex 34.4804 33.3 3
      vertex 29.5196 33.3 3
      vertex 29.5543 33.2296 3
    endloop
  endfacet
  facet normal 0 0 1
    outer loop
      vertex 34.524 33.3653 3
      vertex 29.476 33.3653 3
      vertex 29.5196 33.3 3
    endloop
  endfacet
  facet normal 0 0 1
    outer loop
      vertex 34.5757 33.4243 3
      vertex 29.4243 33.4243 3
      vertex 29.476 33.3653 3
    endloop
  endfacet
  facet normal 0 0 1
    outer loop
      vertex 34.6347 33.476 3
      vertex 29.3653 33.476 3
      vertex 29.4243 33.4243 3
    endloop
  endfacet
  facet normal 0 0 1
    outer loop
      vertex 34.7 33.5196 3
      vertex 29.3 33.5196 3
      vertex 29.3653 33.476 3
    endloop
  endfacet
  facet normal 0 0 1
    outer loop
      vertex 34.7 33.5196 3
      vertex 29.2296 33.5543 3
      vertex 29.3 33.5196 3
    endloop
  endfacet
  facet normal 0 0 1
    outer loop
      vertex 34.7704 33.5543 3
      vertex 29.2296 33.5543 3
      vertex 34.7 33.5196 3
    endloop
  endfacet
  facet normal 0 0 1
    outer loop
      vertex 29.2296 33.5543 3
      vertex 24 38 3
      vertex 29.1553 33.5796 3
    endloop
  endfacet
  facet normal 0 0 1
    outer loop
      vertex 29.1553 33.5796 3
      vertex 24 38 3
      vertex 29.0783 33.5949 3
    endloop
  endfacet
  facet normal 0 0 1
    outer loop
      vertex 29.0783 33.5949 3
      vertex 24 38 3
      vertex 29 33.6 3
    endloop
  endfacet
  facet normal 0 0 1
    outer loop
      vertex 29 33.6 3
      vertex 24 38 3
      vertex 28.9217 33.5949 3
    endloop
  endfacet
  facet normal 0 0 1
    outer loop
      vertex 28.4204 27.1553 3
      vertex 23.6 27 3
      vertex 28.4051 27.0783 3
    endloop
  endfacet
  facet normal 0 0 1
    outer loop
      vertex 28.4457 33.2296 3
      vertex 23.5543 33.2296 3
      vertex 28.4204 33.1553 3
    endloop
  endfacet
  facet normal 0 -0 1
    outer loop
      vertex 23.5543 33.2296 3
      vertex 28.4457 33.2296 3
      vertex 23.5196 33.3 3
    endloop
  endfacet
  facet normal 0 0 1
    outer loop
      vertex 28.4804 33.3 3
      vertex 23.5196 33.3 3
      vertex 28.4457 33.2296 3
    endloop
  endfacet
  facet normal 0 -0 1
    outer loop
      vertex 23.5196 33.3 3
      vertex 28.4804 33.3 3
      vertex 23.476 33.3653 3
    endloop
  endfacet
  facet normal 0 0 1
    outer loop
      vertex 28.524 33.3653 3
      vertex 23.476 33.3653 3
      vertex 28.4804 33.3 3
    endloop
  endfacet
  facet normal 0 0 1
    outer loop
      vertex 23.476 33.3653 3
      vertex 28.524 33.3653 3
      vertex 24 38 3
    endloop
  endfacet
  facet normal 0 0 1
    outer loop
      vertex 28.5757 33.4243 3
      vertex 24 38 3
      vertex 28.524 33.3653 3
    endloop
  endfacet
  facet normal 0 0 1
    outer loop
      vertex 28.6347 33.476 3
      vertex 24 38 3
      vertex 28.5757 33.4243 3
    endloop
  endfacet
  facet normal 0 0 1
    outer loop
      vertex 28.7 33.5196 3
      vertex 24 38 3
      vertex 28.6347 33.476 3
    endloop
  endfacet
  facet normal 0 0 1
    outer loop
      vertex 28.7704 33.5543 3
      vertex 24 38 3
      vertex 28.7 33.5196 3
    endloop
  endfacet
  facet normal 0 0 1
    outer loop
      vertex 28.8447 33.5796 3
      vertex 24 38 3
      vertex 28.7704 33.5543 3
    endloop
  endfacet
  facet normal 0 0 1
    outer loop
      vertex 28.9217 33.5949 3
      vertex 24 38 3
      vertex 28.8447 33.5796 3
    endloop
  endfacet
  facet normal 0 0 1
    outer loop
      vertex 44.435 18.8266 3
      vertex 41.5543 20.7704 3
      vertex 44 18.5359 3
    endloop
  endfacet
  facet normal -0 0 1
    outer loop
      vertex 41.5196 20.7 3
      vertex 44 18.5359 3
      vertex 41.5543 20.7704 3
    endloop
  endfacet
  facet normal 0 0 1
    outer loop
      vertex 44 18.5359 3
      vertex 41.5196 20.7 3
      vertex 43.5307 18.3045 3
    endloop
  endfacet
  facet normal -0 0 1
    outer loop
      vertex 41.476 20.6347 3
      vertex 43.5307 18.3045 3
      vertex 41.5196 20.7 3
    endloop
  endfacet
  facet normal 0 0 1
    outer loop
      vertex 43.5307 18.3045 3
      vertex 41.476 20.6347 3
      vertex 43.0353 18.1363 3
    endloop
  endfacet
  facet normal -0 0 1
    outer loop
      vertex 41.4243 20.5757 3
      vertex 43.0353 18.1363 3
      vertex 41.476 20.6347 3
    endloop
  endfacet
  facet normal 0 0 1
    outer loop
      vertex 43.0353 18.1363 3
      vertex 41.4243 20.5757 3
      vertex 42.5221 18.0342 3
    endloop
  endfacet
  facet normal -0 0 1
    outer loop
      vertex 41.3653 20.524 3
      vertex 42.5221 18.0342 3
      vertex 41.4243 20.5757 3
    endloop
  endfacet
  facet normal 0 0 1
    outer loop
      vertex 42.5221 18.0342 3
      vertex 41.3653 20.524 3
      vertex 42 18 3
    endloop
  endfacet
  facet normal -0 0 1
    outer loop
      vertex 41.3 20.4804 3
      vertex 42 18 3
      vertex 41.3653 20.524 3
    endloop
  endfacet
  facet normal -0 0 1
    outer loop
      vertex 41.2296 20.4457 3
      vertex 42 18 3
      vertex 41.3 20.4804 3
    endloop
  endfacet
  facet normal -0 0 1
    outer loop
      vertex 41.1553 20.4204 3
      vertex 42 18 3
      vertex 41.2296 20.4457 3
    endloop
  endfacet
  facet normal -0 0 1
    outer loop
      vertex 41.0783 20.4051 3
      vertex 42 18 3
      vertex 41.1553 20.4204 3
    endloop
  endfacet
  facet normal -0 0 1
    outer loop
      vertex 41 20.4 3
      vertex 42 18 3
      vertex 41.0783 20.4051 3
    endloop
  endfacet
  facet normal 0 0 1
    outer loop
      vertex 40.9217 20.4051 3
      vertex 42 18 3
      vertex 41 20.4 3
    endloop
  endfacet
  facet normal 0 0 1
    outer loop
      vertex 40.8447 20.4204 3
      vertex 42 18 3
      vertex 40.9217 20.4051 3
    endloop
  endfacet
  facet normal 0 0 1
    outer loop
      vertex 40.7704 20.4457 3
      vertex 42 18 3
      vertex 40.8447 20.4204 3
    endloop
  endfacet
  facet normal 0 0 1
    outer loop
      vertex 40.7 20.4804 3
      vertex 42 18 3
      vertex 40.7704 20.4457 3
    endloop
  endfacet
  facet normal 0 0 1
    outer loop
      vertex 40.6347 20.524 3
      vertex 42 18 3
      vertex 40.7 20.4804 3
    endloop
  endfacet
  facet normal 0 0 1
    outer loop
      vertex 35.3653 20.524 3
      vertex 40.6347 20.524 3
      vertex 40.5757 20.5757 3
    endloop
  endfacet
  facet normal 0 0 1
    outer loop
      vertex 35.4243 20.5757 3
      vertex 40.5757 20.5757 3
      vertex 40.524 20.6347 3
    endloop
  endfacet
  facet normal 0 0 1
    outer loop
      vertex 35.476 20.6347 3
      vertex 40.524 20.6347 3
      vertex 40.4804 20.7 3
    endloop
  endfacet
  facet normal 0 0 1
    outer loop
      vertex 40.4204 21.1553 3
      vertex 35.6 21 3
      vertex 40.4051 21.0783 3
    endloop
  endfacet
  facet normal 0 0 1
    outer loop
      vertex 40.4051 21.0783 3
      vertex 35.6 21 3
      vertex 40.4 21 3
    endloop
  endfacet
  facet normal 0 0 1
    outer loop
      vertex 40.4 21 3
      vertex 35.6 21 3
      vertex 40.4051 20.9217 3
    endloop
  endfacet
  facet normal 0 0 1
    outer loop
      vertex 35.5949 20.9217 3
      vertex 40.4051 20.9217 3
      vertex 35.6 21 3
    endloop
  endfacet
  facet normal 0 0 1
    outer loop
      vertex 40.4051 20.9217 3
      vertex 35.5949 20.9217 3
      vertex 40.4204 20.8447 3
    endloop
  endfacet
  facet normal 0 0 1
    outer loop
      vertex 35.5796 20.8447 3
      vertex 40.4204 20.8447 3
      vertex 35.5949 20.9217 3
    endloop
  endfacet
  facet normal 0 0 1
    outer loop
      vertex 40.4204 20.8447 3
      vertex 35.5796 20.8447 3
      vertex 40.4457 20.7704 3
    endloop
  endfacet
  facet normal 0 0 1
    outer loop
      vertex 35.5543 20.7704 3
      vertex 40.4457 20.7704 3
      vertex 35.5796 20.8447 3
    endloop
  endfacet
  facet normal 0 0 1
    outer loop
      vertex 40.4457 20.7704 3
      vertex 35.5543 20.7704 3
      vertex 40.4804 20.7 3
    endloop
  endfacet
  facet normal 0 0 1
    outer loop
      vertex 35.5196 20.7 3
      vertex 40.4804 20.7 3
      vertex 35.5543 20.7704 3
    endloop
  endfacet
  facet normal 0 0 1
    outer loop
      vertex 35.476 20.6347 3
      vertex 40.4804 20.7 3
      vertex 35.5196 20.7 3
    endloop
  endfacet
  facet normal 0 0 1
    outer loop
      vertex 40.524 20.6347 3
      vertex 35.476 20.6347 3
      vertex 35.4243 20.5757 3
    endloop
  endfacet
  facet normal 0 0 1
    outer loop
      vertex 40.5757 20.5757 3
      vertex 35.4243 20.5757 3
      vertex 35.3653 20.524 3
    endloop
  endfacet
  facet normal 0 0 1
    outer loop
      vertex 40.6347 20.524 3
      vertex 35.3653 20.524 3
      vertex 42 18 3
    endloop
  endfacet
  facet normal -0 0 1
    outer loop
      vertex 35.3 20.4804 3
      vertex 42 18 3
      vertex 35.3653 20.524 3
    endloop
  endfacet
  facet normal -0 0 1
    outer loop
      vertex 35.2296 20.4457 3
      vertex 42 18 3
      vertex 35.3 20.4804 3
    endloop
  endfacet
  facet normal -0 0 1
    outer loop
      vertex 35.1553 20.4204 3
      vertex 42 18 3
      vertex 35.2296 20.4457 3
    endloop
  endfacet
  facet normal -0 0 1
    outer loop
      vertex 35.0783 20.4051 3
      vertex 42 18 3
      vertex 35.1553 20.4204 3
    endloop
  endfacet
  facet normal -0 0 1
    outer loop
      vertex 35 20.4 3
      vertex 42 18 3
      vertex 35.0783 20.4051 3
    endloop
  endfacet
  facet normal 0 0 1
    outer loop
      vertex 34.9217 20.4051 3
      vertex 42 18 3
      vertex 35 20.4 3
    endloop
  endfacet
  facet normal 0 0 1
    outer loop
      vertex 24 18 3
      vertex 34.9217 20.4051 3
      vertex 34.8447 20.4204 3
    endloop
  endfacet
  facet normal 0 0 1
    outer loop
      vertex 34.4204 21.1553 3
      vertex 29.6 21 3
      vertex 34.4051 21.0783 3
    endloop
  endfacet
  facet normal 0 0 1
    outer loop
      vertex 34.4051 21.0783 3
      vertex 29.6 21 3
      vertex 34.4 21 3
    endloop
  endfacet
  facet normal 0 0 1
    outer loop
      vertex 34.4 21 3
      vertex 29.6 21 3
      vertex 34.4051 20.9217 3
    endloop
  endfacet
  facet normal 0 0 1
    outer loop
      vertex 29.5949 20.9217 3
      vertex 34.4051 20.9217 3
      vertex 29.6 21 3
    endloop
  endfacet
  facet normal 0 0 1
    outer loop
      vertex 34.4051 20.9217 3
      vertex 29.5949 20.9217 3
      vertex 34.4204 20.8447 3
    endloop
  endfacet
  facet normal 0 0 1
    outer loop
      vertex 29.5796 20.8447 3
      vertex 34.4204 20.8447 3
      vertex 29.5949 20.9217 3
    endloop
  endfacet
  facet normal 0 0 1
    outer loop
      vertex 34.4204 20.8447 3
      vertex 29.5796 20.8447 3
      vertex 34.4457 20.7704 3
    endloop
  endfacet
  facet normal 0 0 1
    outer loop
      vertex 29.5543 20.7704 3
      vertex 34.4457 20.7704 3
      vertex 29.5796 20.8447 3
    endloop
  endfacet
  facet normal 0 0 1
    outer loop
      vertex 34.4457 20.7704 3
      vertex 29.5543 20.7704 3
      vertex 34.4804 20.7 3
    endloop
  endfacet
  facet normal 0 0 1
    outer loop
      vertex 29.5196 20.7 3
      vertex 34.4804 20.7 3
      vertex 29.5543 20.7704 3
    endloop
  endfacet
  facet normal 0 0 1
    outer loop
      vertex 34.4804 20.7 3
      vertex 29.5196 20.7 3
      vertex 34.524 20.6347 3
    endloop
  endfacet
  facet normal 0 0 1
    outer loop
      vertex 29.476 20.6347 3
      vertex 34.524 20.6347 3
      vertex 29.5196 20.7 3
    endloop
  endfacet
  facet normal 0 0 1
    outer loop
      vertex 34.524 20.6347 3
      vertex 29.476 20.6347 3
      vertex 34.5757 20.5757 3
    endloop
  endfacet
  facet normal 0 0 1
    outer loop
      vertex 29.4243 20.5757 3
      vertex 34.5757 20.5757 3
      vertex 29.476 20.6347 3
    endloop
  endfacet
  facet normal 0 0 1
    outer loop
      vertex 34.5757 20.5757 3
      vertex 29.4243 20.5757 3
      vertex 34.6347 20.524 3
    endloop
  endfacet
  facet normal 0 0 1
    outer loop
      vertex 29.3653 20.524 3
      vertex 34.6347 20.524 3
      vertex 29.4243 20.5757 3
    endloop
  endfacet
  facet normal 0 0 1
    outer loop
      vertex 34.6347 20.524 3
      vertex 29.3653 20.524 3
      vertex 34.7 20.4804 3
    endloop
  endfacet
  facet normal 0 0 1
    outer loop
      vertex 29.3 20.4804 3
      vertex 34.7 20.4804 3
      vertex 29.3653 20.524 3
    endloop
  endfacet
  facet normal 0 0 1
    outer loop
      vertex 34.7 20.4804 3
      vertex 29.3 20.4804 3
      vertex 34.7704 20.4457 3
    endloop
  endfacet
  facet normal 0 0 1
    outer loop
      vertex 29.2296 20.4457 3
      vertex 34.7704 20.4457 3
      vertex 29.3 20.4804 3
    endloop
  endfacet
  facet normal 0 0 1
    outer loop
      vertex 34.7704 20.4457 3
      vertex 29.2296 20.4457 3
      vertex 34.8447 20.4204 3
    endloop
  endfacet
  facet normal 0 0 1
    outer loop
      vertex 29.1553 20.4204 3
      vertex 34.8447 20.4204 3
      vertex 29.2296 20.4457 3
    endloop
  endfacet
  facet normal 0 0 1
    outer loop
      vertex 24 18 3
      vertex 34.8447 20.4204 3
      vertex 29.1553 20.4204 3
    endloop
  endfacet
  facet normal 0 0 1
    outer loop
      vertex 24 18 3
      vertex 29.1553 20.4204 3
      vertex 29.0783 20.4051 3
    endloop
  endfacet
  facet normal 0 0 1
    outer loop
      vertex 24 18 3
      vertex 29.0783 20.4051 3
      vertex 29 20.4 3
    endloop
  endfacet
  facet normal 0 0 1
    outer loop
      vertex 24 18 3
      vertex 29 20.4 3
      vertex 28.9217 20.4051 3
    endloop
  endfacet
  facet normal 0 0 1
    outer loop
      vertex 28.4 27 3
      vertex 23.6 27 3
      vertex 28.4051 26.9217 3
    endloop
  endfacet
  facet normal 0 0 1
    outer loop
      vertex 28.4051 21.0783 3
      vertex 24 18 3
      vertex 28.4 21 3
    endloop
  endfacet
  facet normal 0 0 1
    outer loop
      vertex 34.9217 20.4051 3
      vertex 24 18 3
      vertex 42 18 3
    endloop
  endfacet
  facet normal 0 0 1
    outer loop
      vertex 28.8447 20.4204 3
      vertex 24 18 3
      vertex 28.9217 20.4051 3
    endloop
  endfacet
  facet normal 0 0 1
    outer loop
      vertex 28.7704 20.4457 3
      vertex 24 18 3
      vertex 28.8447 20.4204 3
    endloop
  endfacet
  facet normal 0 0 1
    outer loop
      vertex 28.7 20.4804 3
      vertex 24 18 3
      vertex 28.7704 20.4457 3
    endloop
  endfacet
  facet normal 0 0 1
    outer loop
      vertex 28.6347 20.524 3
      vertex 24 18 3
      vertex 28.7 20.4804 3
    endloop
  endfacet
  facet normal 0 0 1
    outer loop
      vertex 28.5757 20.5757 3
      vertex 24 18 3
      vertex 28.6347 20.524 3
    endloop
  endfacet
  facet normal 0 0 1
    outer loop
      vertex 28.524 20.6347 3
      vertex 24 18 3
      vertex 28.5757 20.5757 3
    endloop
  endfacet
  facet normal 0 0 1
    outer loop
      vertex 28.4804 20.7 3
      vertex 24 18 3
      vertex 28.524 20.6347 3
    endloop
  endfacet
  facet normal 0 0 1
    outer loop
      vertex 28.4457 20.7704 3
      vertex 24 18 3
      vertex 28.4804 20.7 3
    endloop
  endfacet
  facet normal 0 0 1
    outer loop
      vertex 28.4204 20.8447 3
      vertex 24 18 3
      vertex 28.4457 20.7704 3
    endloop
  endfacet
  facet normal 0 0 1
    outer loop
      vertex 28.4 21 3
      vertex 24 18 3
      vertex 28.4051 20.9217 3
    endloop
  endfacet
  facet normal 0 0 1
    outer loop
      vertex 28.4051 20.9217 3
      vertex 24 18 3
      vertex 28.4204 20.8447 3
    endloop
  endfacet
  facet normal 0 0 1
    outer loop
      vertex 28.4 33 3
      vertex 23.5949 33.0783 3
      vertex 23.6 33 3
    endloop
  endfacet
  facet normal 0 0 1
    outer loop
      vertex 28.4051 33.0783 3
      vertex 23.5949 33.0783 3
      vertex 28.4 33 3
    endloop
  endfacet
  facet normal 0 -0 1
    outer loop
      vertex 23.5949 33.0783 3
      vertex 28.4051 33.0783 3
      vertex 23.5796 33.1553 3
    endloop
  endfacet
  facet normal 0 0 1
    outer loop
      vertex 28.4204 33.1553 3
      vertex 23.5796 33.1553 3
      vertex 28.4051 33.0783 3
    endloop
  endfacet
  facet normal 0 0 1
    outer loop
      vertex 23.1553 33.5796 3
      vertex 24 38 3
      vertex 23.4779 37.9658 3
    endloop
  endfacet
  facet normal 0 -0 1
    outer loop
      vertex 23.5796 33.1553 3
      vertex 28.4204 33.1553 3
      vertex 23.5543 33.2296 3
    endloop
  endfacet
  facet normal 0 0 1
    outer loop
      vertex 24 38 3
      vertex 23.4243 33.4243 3
      vertex 23.476 33.3653 3
    endloop
  endfacet
  facet normal 0 0 1
    outer loop
      vertex 24 38 3
      vertex 23.3653 33.476 3
      vertex 23.4243 33.4243 3
    endloop
  endfacet
  facet normal 0 0 1
    outer loop
      vertex 24 38 3
      vertex 23.3 33.5196 3
      vertex 23.3653 33.476 3
    endloop
  endfacet
  facet normal 0 0 1
    outer loop
      vertex 24 38 3
      vertex 23.2296 33.5543 3
      vertex 23.3 33.5196 3
    endloop
  endfacet
  facet normal 0 0 1
    outer loop
      vertex 24 38 3
      vertex 23.1553 33.5796 3
      vertex 23.2296 33.5543 3
    endloop
  endfacet
  facet normal -0 0 1
    outer loop
      vertex 22.9647 37.8637 3
      vertex 23.1553 33.5796 3
      vertex 23.4779 37.9658 3
    endloop
  endfacet
  facet normal 0 0 1
    outer loop
      vertex 23.1553 33.5796 3
      vertex 22.9647 37.8637 3
      vertex 23.0783 33.5949 3
    endloop
  endfacet
  facet normal -0 0 1
    outer loop
      vertex 22.4693 37.6955 3
      vertex 23.0783 33.5949 3
      vertex 22.9647 37.8637 3
    endloop
  endfacet
  facet normal 0 0 1
    outer loop
      vertex 23.0783 33.5949 3
      vertex 22.4693 37.6955 3
      vertex 23 33.6 3
    endloop
  endfacet
  facet normal -0 0 1
    outer loop
      vertex 22 37.4641 3
      vertex 23 33.6 3
      vertex 22.4693 37.6955 3
    endloop
  endfacet
  facet normal 0 0 1
    outer loop
      vertex 23 33.6 3
      vertex 22 37.4641 3
      vertex 22.9217 33.5949 3
    endloop
  endfacet
  facet normal 0 0 1
    outer loop
      vertex 22.9217 33.5949 3
      vertex 22 37.4641 3
      vertex 22.8447 33.5796 3
    endloop
  endfacet
  facet normal 0 0 1
    outer loop
      vertex 22.8447 33.5796 3
      vertex 22 37.4641 3
      vertex 22.7704 33.5543 3
    endloop
  endfacet
  facet normal 0 0 1
    outer loop
      vertex 22.7704 33.5543 3
      vertex 22 37.4641 3
      vertex 22.7 33.5196 3
    endloop
  endfacet
  facet normal -0 0 1
    outer loop
      vertex 20 34 3
      vertex 22.7 33.5196 3
      vertex 22 37.4641 3
    endloop
  endfacet
  facet normal 0 0 1
    outer loop
      vertex 22.7 33.5196 3
      vertex 20 34 3
      vertex 22.6347 33.476 3
    endloop
  endfacet
  facet normal 0 0 1
    outer loop
      vertex 22.6347 33.476 3
      vertex 20 34 3
      vertex 22.5757 33.4243 3
    endloop
  endfacet
  facet normal 0 0 1
    outer loop
      vertex 22.5757 33.4243 3
      vertex 20 34 3
      vertex 22.524 33.3653 3
    endloop
  endfacet
  facet normal 0 0 1
    outer loop
      vertex 22.524 33.3653 3
      vertex 20 34 3
      vertex 22.4804 33.3 3
    endloop
  endfacet
  facet normal 0 0 1
    outer loop
      vertex 22.4804 33.3 3
      vertex 20 34 3
      vertex 22.4457 33.2296 3
    endloop
  endfacet
  facet normal 0 0 1
    outer loop
      vertex 22.4457 33.2296 3
      vertex 20 34 3
      vertex 22.4204 33.1553 3
    endloop
  endfacet
  facet normal 0 0 1
    outer loop
      vertex 22.4051 33.0783 3
      vertex 20 34 3
      vertex 22.4 33 3
    endloop
  endfacet
  facet normal 0 0 1
    outer loop
      vertex 20 22 3
      vertex 22.4051 27.0783 3
      vertex 20 34 3
    endloop
  endfacet
  facet normal 0 0 1
    outer loop
      vertex 22.4204 33.1553 3
      vertex 20 34 3
      vertex 22.4051 33.0783 3
    endloop
  endfacet
  facet normal 0 0 1
    outer loop
      vertex 66.4804 26.7 3
      vertex 61.5196 26.7 3
      vertex 66.524 26.6347 3
    endloop
  endfacet
  facet normal 0 0 1
    outer loop
      vertex 66.5757 21.4243 3
      vertex 61.5949 21.0783 3
      vertex 61.6 21 3
    endloop
  endfacet
  facet normal 0 0 1
    outer loop
      vertex 61.476 26.6347 3
      vertex 66.524 26.6347 3
      vertex 61.5196 26.7 3
    endloop
  endfacet
  facet normal 0 0 1
    outer loop
      vertex 66.5757 21.4243 3
      vertex 61.5796 21.1553 3
      vertex 61.5949 21.0783 3
    endloop
  endfacet
  facet normal 0 0 1
    outer loop
      vertex 66.524 26.6347 3
      vertex 61.476 26.6347 3
      vertex 66.5757 26.5757 3
    endloop
  endfacet
  facet normal 0 0 1
    outer loop
      vertex 66.5757 21.4243 3
      vertex 61.5543 21.2296 3
      vertex 61.5796 21.1553 3
    endloop
  endfacet
  facet normal 0 0 1
    outer loop
      vertex 61.4243 26.5757 3
      vertex 66.5757 26.5757 3
      vertex 61.476 26.6347 3
    endloop
  endfacet
  facet normal 0 0 1
    outer loop
      vertex 66.5757 21.4243 3
      vertex 61.5196 21.3 3
      vertex 61.5543 21.2296 3
    endloop
  endfacet
  facet normal 0 0 1
    outer loop
      vertex 66.5757 26.5757 3
      vertex 61.4243 26.5757 3
      vertex 66.5757 21.4243 3
    endloop
  endfacet
  facet normal 0 0 1
    outer loop
      vertex 66.5757 21.4243 3
      vertex 61.476 21.3653 3
      vertex 61.5196 21.3 3
    endloop
  endfacet
  facet normal 0 0 1
    outer loop
      vertex 61.4243 21.4243 3
      vertex 66.5757 21.4243 3
      vertex 61.4243 26.5757 3
    endloop
  endfacet
  facet normal 0 0 1
    outer loop
      vertex 66.5757 21.4243 3
      vertex 61.4243 21.4243 3
      vertex 61.476 21.3653 3
    endloop
  endfacet
  facet normal -0 0 1
    outer loop
      vertex 61.3653 26.524 3
      vertex 61.4243 21.4243 3
      vertex 61.4243 26.5757 3
    endloop
  endfacet
  facet normal 0 0 1
    outer loop
      vertex 61.3653 26.524 3
      vertex 61.3653 21.476 3
      vertex 61.4243 21.4243 3
    endloop
  endfacet
  facet normal -0 0 1
    outer loop
      vertex 61.3 26.4804 3
      vertex 61.3653 21.476 3
      vertex 61.3653 26.524 3
    endloop
  endfacet
  facet normal 0 0 1
    outer loop
      vertex 61.3 26.4804 3
      vertex 61.3 21.5196 3
      vertex 61.3653 21.476 3
    endloop
  endfacet
  facet normal -0 0 1
    outer loop
      vertex 61.2296 26.4457 3
      vertex 61.3 21.5196 3
      vertex 61.3 26.4804 3
    endloop
  endfacet
  facet normal 0 0 1
    outer loop
      vertex 61.2296 26.4457 3
      vertex 61.2296 21.5543 3
      vertex 61.3 21.5196 3
    endloop
  endfacet
  facet normal -0 0 1
    outer loop
      vertex 61.1553 26.4204 3
      vertex 61.2296 21.5543 3
      vertex 61.2296 26.4457 3
    endloop
  endfacet
  facet normal 0 0 1
    outer loop
      vertex 61.1553 26.4204 3
      vertex 61.1553 21.5796 3
      vertex 61.2296 21.5543 3
    endloop
  endfacet
  facet normal -0 0 1
    outer loop
      vertex 61.0783 26.4051 3
      vertex 61.1553 21.5796 3
      vertex 61.1553 26.4204 3
    endloop
  endfacet
  facet normal 0 0 1
    outer loop
      vertex 61.0783 26.4051 3
      vertex 61.0783 21.5949 3
      vertex 61.1553 21.5796 3
    endloop
  endfacet
  facet normal -0 0 1
    outer loop
      vertex 61 26.4 3
      vertex 61.0783 21.5949 3
      vertex 61.0783 26.4051 3
    endloop
  endfacet
  facet normal 0 0 1
    outer loop
      vertex 61 26.4 3
      vertex 61 21.6 3
      vertex 61.0783 21.5949 3
    endloop
  endfacet
  facet normal 0 0 1
    outer loop
      vertex 60.9217 26.4051 3
      vertex 61 21.6 3
      vertex 61 26.4 3
    endloop
  endfacet
  facet normal 0 0 1
    outer loop
      vertex 60.9217 26.4051 3
      vertex 60.9217 21.5949 3
      vertex 61 21.6 3
    endloop
  endfacet
  facet normal 0 0 1
    outer loop
      vertex 60.8447 26.4204 3
      vertex 60.9217 21.5949 3
      vertex 60.9217 26.4051 3
    endloop
  endfacet
  facet normal 0 0 1
    outer loop
      vertex 60.8447 26.4204 3
      vertex 60.8447 21.5796 3
      vertex 60.9217 21.5949 3
    endloop
  endfacet
  facet normal 0 0 1
    outer loop
      vertex 60.7704 26.4457 3
      vertex 60.8447 21.5796 3
      vertex 60.8447 26.4204 3
    endloop
  endfacet
  facet normal 0 0 1
    outer loop
      vertex 60.7704 26.4457 3
      vertex 60.7704 21.5543 3
      vertex 60.8447 21.5796 3
    endloop
  endfacet
  facet normal 0 0 1
    outer loop
      vertex 58 22 3
      vertex 60.7704 26.4457 3
      vertex 60.7 26.4804 3
    endloop
  endfacet
  facet normal 0 0 1
    outer loop
      vertex 60.7704 26.4457 3
      vertex 58 22 3
      vertex 60.7704 21.5543 3
    endloop
  endfacet
  facet normal 0 0 1
    outer loop
      vertex 58 22 3
      vertex 60.7 26.4804 3
      vertex 60.6347 26.524 3
    endloop
  endfacet
  facet normal 0 0 1
    outer loop
      vertex 60.7704 21.5543 3
      vertex 58 22 3
      vertex 60.7 21.5196 3
    endloop
  endfacet
  facet normal 0 0 1
    outer loop
      vertex 58 22 3
      vertex 60.6347 26.524 3
      vertex 60.5757 26.5757 3
    endloop
  endfacet
  facet normal 0 0 1
    outer loop
      vertex 60.7 21.5196 3
      vertex 58 22 3
      vertex 60.6347 21.476 3
    endloop
  endfacet
  facet normal 0 0 1
    outer loop
      vertex 58 22 3
      vertex 60.5757 26.5757 3
      vertex 60.524 26.6347 3
    endloop
  endfacet
  facet normal 0 0 1
    outer loop
      vertex 60.6347 21.476 3
      vertex 58 22 3
      vertex 60.5757 21.4243 3
    endloop
  endfacet
  facet normal 0 0 1
    outer loop
      vertex 58 22 3
      vertex 60.524 26.6347 3
      vertex 60.4804 26.7 3
    endloop
  endfacet
  facet normal 0 0 1
    outer loop
      vertex 60.5757 21.4243 3
      vertex 58 22 3
      vertex 60.524 21.3653 3
    endloop
  endfacet
  facet normal 0 0 1
    outer loop
      vertex 58 22 3
      vertex 60.4804 26.7 3
      vertex 60.4457 26.7704 3
    endloop
  endfacet
  facet normal 0 0 1
    outer loop
      vertex 60.524 21.3653 3
      vertex 58 22 3
      vertex 60.4804 21.3 3
    endloop
  endfacet
  facet normal 0 0 1
    outer loop
      vertex 58 22 3
      vertex 60.4457 26.7704 3
      vertex 60.4204 26.8447 3
    endloop
  endfacet
  facet normal 0 0 1
    outer loop
      vertex 60.4804 21.3 3
      vertex 58 22 3
      vertex 60.4457 21.2296 3
    endloop
  endfacet
  facet normal 0 0 1
    outer loop
      vertex 58 22 3
      vertex 60.4204 26.8447 3
      vertex 60.4051 26.9217 3
    endloop
  endfacet
  facet normal -0 -0 1
    outer loop
      vertex 58.0342 21.4779 3
      vertex 60.4457 21.2296 3
      vertex 58 22 3
    endloop
  endfacet
  facet normal 0 0 1
    outer loop
      vertex 58 30 3
      vertex 60.4051 26.9217 3
      vertex 60.4 27 3
    endloop
  endfacet
  facet normal 0 0 1
    outer loop
      vertex 60.4457 21.2296 3
      vertex 58.0342 21.4779 3
      vertex 60.4204 21.1553 3
    endloop
  endfacet
  facet normal 0 0 1
    outer loop
      vertex 61.5796 20.8447 3
      vertex 66.4204 20.8447 3
      vertex 61.5949 20.9217 3
    endloop
  endfacet
  facet normal 0 0 1
    outer loop
      vertex 66.4204 20.8447 3
      vertex 61.5796 20.8447 3
      vertex 66.4457 20.7704 3
    endloop
  endfacet
  facet normal 0 0 1
    outer loop
      vertex 61.5543 20.7704 3
      vertex 66.4457 20.7704 3
      vertex 61.5796 20.8447 3
    endloop
  endfacet
  facet normal 0 0 1
    outer loop
      vertex 66.4457 20.7704 3
      vertex 61.5543 20.7704 3
      vertex 62 18 3
    endloop
  endfacet
  facet normal -0 0 1
    outer loop
      vertex 61.5196 20.7 3
      vertex 62 18 3
      vertex 61.5543 20.7704 3
    endloop
  endfacet
  facet normal -0 0 1
    outer loop
      vertex 61.476 20.6347 3
      vertex 62 18 3
      vertex 61.5196 20.7 3
    endloop
  endfacet
  facet normal -0 0 1
    outer loop
      vertex 61.4243 20.5757 3
      vertex 62 18 3
      vertex 61.476 20.6347 3
    endloop
  endfacet
  facet normal -0 0 1
    outer loop
      vertex 61.3653 20.524 3
      vertex 62 18 3
      vertex 61.4243 20.5757 3
    endloop
  endfacet
  facet normal -0 0 1
    outer loop
      vertex 61.3 20.4804 3
      vertex 62 18 3
      vertex 61.3653 20.524 3
    endloop
  endfacet
  facet normal -0 0 1
    outer loop
      vertex 61.2296 20.4457 3
      vertex 62 18 3
      vertex 61.3 20.4804 3
    endloop
  endfacet
  facet normal 0 0 1
    outer loop
      vertex 62 18 3
      vertex 61.2296 20.4457 3
      vertex 61.4779 18.0342 3
    endloop
  endfacet
  facet normal -0 0 1
    outer loop
      vertex 61.1553 20.4204 3
      vertex 61.4779 18.0342 3
      vertex 61.2296 20.4457 3
    endloop
  endfacet
  facet normal 0 0 1
    outer loop
      vertex 60.9647 18.1363 3
      vertex 61.1553 20.4204 3
      vertex 61.0783 20.4051 3
    endloop
  endfacet
  facet normal 0 0 1
    outer loop
      vertex 60.9647 18.1363 3
      vertex 61.0783 20.4051 3
      vertex 61 20.4 3
    endloop
  endfacet
  facet normal 0 0 1
    outer loop
      vertex 61.1553 20.4204 3
      vertex 60.9647 18.1363 3
      vertex 61.4779 18.0342 3
    endloop
  endfacet
  facet normal 0 0 1
    outer loop
      vertex 60.4693 18.3045 3
      vertex 61 20.4 3
      vertex 60.9217 20.4051 3
    endloop
  endfacet
  facet normal 0 0 1
    outer loop
      vertex 60 18.5359 3
      vertex 60.9217 20.4051 3
      vertex 60.8447 20.4204 3
    endloop
  endfacet
  facet normal 0 0 1
    outer loop
      vertex 60 18.5359 3
      vertex 60.8447 20.4204 3
      vertex 60.7704 20.4457 3
    endloop
  endfacet
  facet normal 0 0 1
    outer loop
      vertex 59.5649 18.8266 3
      vertex 60.7704 20.4457 3
      vertex 60.7 20.4804 3
    endloop
  endfacet
  facet normal 0 0 1
    outer loop
      vertex 59.5649 18.8266 3
      vertex 60.7 20.4804 3
      vertex 60.6347 20.524 3
    endloop
  endfacet
  facet normal 0 0 1
    outer loop
      vertex 59.1716 19.1716 3
      vertex 60.6347 20.524 3
      vertex 60.5757 20.5757 3
    endloop
  endfacet
  facet normal 0 0 1
    outer loop
      vertex 59.1716 19.1716 3
      vertex 60.5757 20.5757 3
      vertex 60.524 20.6347 3
    endloop
  endfacet
  facet normal 0 0 1
    outer loop
      vertex 58.8266 19.5649 3
      vertex 60.524 20.6347 3
      vertex 60.4804 20.7 3
    endloop
  endfacet
  facet normal 0 0 1
    outer loop
      vertex 61 20.4 3
      vertex 60.4693 18.3045 3
      vertex 60.9647 18.1363 3
    endloop
  endfacet
  facet normal 0 0 1
    outer loop
      vertex 58.8266 19.5649 3
      vertex 60.4804 20.7 3
      vertex 60.4457 20.7704 3
    endloop
  endfacet
  facet normal 0 0 1
    outer loop
      vertex 58.5359 20 3
      vertex 60.4457 20.7704 3
      vertex 60.4204 20.8447 3
    endloop
  endfacet
  facet normal 0 0 1
    outer loop
      vertex 58.5359 20 3
      vertex 60.4204 20.8447 3
      vertex 60.4051 20.9217 3
    endloop
  endfacet
  facet normal 0 0 1
    outer loop
      vertex 58.3045 20.4693 3
      vertex 60.4051 20.9217 3
      vertex 60.4 21 3
    endloop
  endfacet
  facet normal 0 0 1
    outer loop
      vertex 60.4051 26.9217 3
      vertex 58 30 3
      vertex 58 22 3
    endloop
  endfacet
  facet normal 0 -0 1
    outer loop
      vertex 58.1363 20.9647 3
      vertex 60.4204 21.1553 3
      vertex 58.0342 21.4779 3
    endloop
  endfacet
  facet normal 0 0 1
    outer loop
      vertex 58 30 3
      vertex 60 33.4641 3
      vertex 59.5649 33.1734 3
    endloop
  endfacet
  facet normal 0 0 1
    outer loop
      vertex 60.4204 21.1553 3
      vertex 58.1363 20.9647 3
      vertex 60.4051 21.0783 3
    endloop
  endfacet
  facet normal 0 0 1
    outer loop
      vertex 58 30 3
      vertex 59.5649 33.1734 3
      vertex 59.1716 32.8284 3
    endloop
  endfacet
  facet normal 0 0 1
    outer loop
      vertex 60.9217 20.4051 3
      vertex 60 18.5359 3
      vertex 60.4693 18.3045 3
    endloop
  endfacet
  facet normal 0 0 1
    outer loop
      vertex 58 30 3
      vertex 59.1716 32.8284 3
      vertex 58.8266 32.435 3
    endloop
  endfacet
  facet normal 0 0 1
    outer loop
      vertex 60.7704 20.4457 3
      vertex 59.5649 18.8266 3
      vertex 60 18.5359 3
    endloop
  endfacet
  facet normal 0 0 1
    outer loop
      vertex 58 30 3
      vertex 58.8266 32.435 3
      vertex 58.5359 32 3
    endloop
  endfacet
  facet normal 0 0 1
    outer loop
      vertex 60.6347 20.524 3
      vertex 59.1716 19.1716 3
      vertex 59.5649 18.8266 3
    endloop
  endfacet
  facet normal 0 0 1
    outer loop
      vertex 58 30 3
      vertex 58.5359 32 3
      vertex 58.3045 31.5307 3
    endloop
  endfacet
  facet normal 0 0 1
    outer loop
      vertex 60.524 20.6347 3
      vertex 58.8266 19.5649 3
      vertex 59.1716 19.1716 3
    endloop
  endfacet
  facet normal 0 0 1
    outer loop
      vertex 58 30 3
      vertex 58.3045 31.5307 3
      vertex 58.1363 31.0353 3
    endloop
  endfacet
  facet normal 0 0 1
    outer loop
      vertex 60.4457 20.7704 3
      vertex 58.5359 20 3
      vertex 58.8266 19.5649 3
    endloop
  endfacet
  facet normal 0 0 1
    outer loop
      vertex 58 30 3
      vertex 58.1363 31.0353 3
      vertex 58.0342 30.5221 3
    endloop
  endfacet
  facet normal 0 0 1
    outer loop
      vertex 60.4051 20.9217 3
      vertex 58.3045 20.4693 3
      vertex 58.5359 20 3
    endloop
  endfacet
  facet normal 0 0 1
    outer loop
      vertex 60.4 21 3
      vertex 58.1363 20.9647 3
      vertex 58.3045 20.4693 3
    endloop
  endfacet
  facet normal 0 0 1
    outer loop
      vertex 60.4051 21.0783 3
      vertex 58.1363 20.9647 3
      vertex 60.4 21 3
    endloop
  endfacet
  facet normal -0 0 1
    outer loop
      vertex 67.5796 26.8447 3
      vertex 74 22 3
      vertex 67.5949 26.9217 3
    endloop
  endfacet
  facet normal 0 0 1
    outer loop
      vertex 74 22 3
      vertex 67.5949 21.0783 3
      vertex 67.6 21 3
    endloop
  endfacet
  facet normal -0 0 1
    outer loop
      vertex 67.5543 26.7704 3
      vertex 74 22 3
      vertex 67.5796 26.8447 3
    endloop
  endfacet
  facet normal 0 0 1
    outer loop
      vertex 74 22 3
      vertex 67.5796 21.1553 3
      vertex 67.5949 21.0783 3
    endloop
  endfacet
  facet normal -0 0 1
    outer loop
      vertex 67.5196 26.7 3
      vertex 74 22 3
      vertex 67.5543 26.7704 3
    endloop
  endfacet
  facet normal 0 0 1
    outer loop
      vertex 74 22 3
      vertex 67.5543 21.2296 3
      vertex 67.5796 21.1553 3
    endloop
  endfacet
  facet normal -0 0 1
    outer loop
      vertex 67.476 26.6347 3
      vertex 74 22 3
      vertex 67.5196 26.7 3
    endloop
  endfacet
  facet normal 0 0 1
    outer loop
      vertex 74 22 3
      vertex 67.5196 21.3 3
      vertex 67.5543 21.2296 3
    endloop
  endfacet
  facet normal 0 0 1
    outer loop
      vertex 67.476 21.3653 3
      vertex 74 22 3
      vertex 67.476 26.6347 3
    endloop
  endfacet
  facet normal 0 0 1
    outer loop
      vertex 74 22 3
      vertex 67.476 21.3653 3
      vertex 67.5196 21.3 3
    endloop
  endfacet
  facet normal -0 0 1
    outer loop
      vertex 67.4243 26.5757 3
      vertex 67.476 21.3653 3
      vertex 67.476 26.6347 3
    endloop
  endfacet
  facet normal 0 0 1
    outer loop
      vertex 67.4243 26.5757 3
      vertex 67.4243 21.4243 3
      vertex 67.476 21.3653 3
    endloop
  endfacet
  facet normal -0 0 1
    outer loop
      vertex 67.3653 26.524 3
      vertex 67.4243 21.4243 3
      vertex 67.4243 26.5757 3
    endloop
  endfacet
  facet normal 0 0 1
    outer loop
      vertex 67.3653 26.524 3
      vertex 67.3653 21.476 3
      vertex 67.4243 21.4243 3
    endloop
  endfacet
  facet normal -0 0 1
    outer loop
      vertex 67.3 26.4804 3
      vertex 67.3653 21.476 3
      vertex 67.3653 26.524 3
    endloop
  endfacet
  facet normal 0 0 1
    outer loop
      vertex 67.3 26.4804 3
      vertex 67.3 21.5196 3
      vertex 67.3653 21.476 3
    endloop
  endfacet
  facet normal -0 0 1
    outer loop
      vertex 67.2296 26.4457 3
      vertex 67.3 21.5196 3
      vertex 67.3 26.4804 3
    endloop
  endfacet
  facet normal 0 0 1
    outer loop
      vertex 67.2296 26.4457 3
      vertex 67.2296 21.5543 3
      vertex 67.3 21.5196 3
    endloop
  endfacet
  facet normal -0 0 1
    outer loop
      vertex 67.1553 26.4204 3
      vertex 67.2296 21.5543 3
      vertex 67.2296 26.4457 3
    endloop
  endfacet
  facet normal 0 0 1
    outer loop
      vertex 67.1553 26.4204 3
      vertex 67.1553 21.5796 3
      vertex 67.2296 21.5543 3
    endloop
  endfacet
  facet normal -0 0 1
    outer loop
      vertex 67.0783 26.4051 3
      vertex 67.1553 21.5796 3
      vertex 67.1553 26.4204 3
    endloop
  endfacet
  facet normal 0 0 1
    outer loop
      vertex 67.0783 26.4051 3
      vertex 67.0783 21.5949 3
      vertex 67.1553 21.5796 3
    endloop
  endfacet
  facet normal -0 0 1
    outer loop
      vertex 67 26.4 3
      vertex 67.0783 21.5949 3
      vertex 67.0783 26.4051 3
    endloop
  endfacet
  facet normal 0 0 1
    outer loop
      vertex 67 26.4 3
      vertex 67 21.6 3
      vertex 67.0783 21.5949 3
    endloop
  endfacet
  facet normal 0 0 1
    outer loop
      vertex 66.9217 26.4051 3
      vertex 67 21.6 3
      vertex 67 26.4 3
    endloop
  endfacet
  facet normal 0 0 1
    outer loop
      vertex 66.9217 26.4051 3
      vertex 66.9217 21.5949 3
      vertex 67 21.6 3
    endloop
  endfacet
  facet normal 0 0 1
    outer loop
      vertex 66.8447 26.4204 3
      vertex 66.9217 21.5949 3
      vertex 66.9217 26.4051 3
    endloop
  endfacet
  facet normal 0 0 1
    outer loop
      vertex 66.8447 26.4204 3
      vertex 66.8447 21.5796 3
      vertex 66.9217 21.5949 3
    endloop
  endfacet
  facet normal 0 0 1
    outer loop
      vertex 66.7704 26.4457 3
      vertex 66.8447 21.5796 3
      vertex 66.8447 26.4204 3
    endloop
  endfacet
  facet normal 0 0 1
    outer loop
      vertex 66.7704 26.4457 3
      vertex 66.7704 21.5543 3
      vertex 66.8447 21.5796 3
    endloop
  endfacet
  facet normal 0 0 1
    outer loop
      vertex 66.7 26.4804 3
      vertex 66.7704 21.5543 3
      vertex 66.7704 26.4457 3
    endloop
  endfacet
  facet normal 0 0 1
    outer loop
      vertex 66.7 26.4804 3
      vertex 66.7 21.5196 3
      vertex 66.7704 21.5543 3
    endloop
  endfacet
  facet normal 0 0 1
    outer loop
      vertex 66.6347 26.524 3
      vertex 66.7 21.5196 3
      vertex 66.7 26.4804 3
    endloop
  endfacet
  facet normal 0 0 1
    outer loop
      vertex 66.6347 26.524 3
      vertex 66.6347 21.476 3
      vertex 66.7 21.5196 3
    endloop
  endfacet
  facet normal 0 0 1
    outer loop
      vertex 66.5757 26.5757 3
      vertex 66.6347 21.476 3
      vertex 66.6347 26.524 3
    endloop
  endfacet
  facet normal 0 0 1
    outer loop
      vertex 66.5757 26.5757 3
      vertex 66.5757 21.4243 3
      vertex 66.6347 21.476 3
    endloop
  endfacet
  facet normal 0 0 1
    outer loop
      vertex 61.5543 26.7704 3
      vertex 66.4457 26.7704 3
      vertex 61.5796 26.8447 3
    endloop
  endfacet
  facet normal 0 0 1
    outer loop
      vertex 66.4457 26.7704 3
      vertex 61.5543 26.7704 3
      vertex 66.4804 26.7 3
    endloop
  endfacet
  facet normal 0 0 1
    outer loop
      vertex 66.4204 26.8447 3
      vertex 61.5796 26.8447 3
      vertex 66.4457 26.7704 3
    endloop
  endfacet
  facet normal 0 0 1
    outer loop
      vertex 61.5196 26.7 3
      vertex 66.4804 26.7 3
      vertex 61.5543 26.7704 3
    endloop
  endfacet
  facet normal 0 0 1
    outer loop
      vertex 61.5796 26.8447 3
      vertex 66.4204 26.8447 3
      vertex 61.5949 26.9217 3
    endloop
  endfacet
  facet normal 0 0 1
    outer loop
      vertex 66.5757 21.4243 3
      vertex 61.6 21 3
      vertex 66.524 21.3653 3
    endloop
  endfacet
  facet normal 0 0 1
    outer loop
      vertex 66.4051 26.9217 3
      vertex 61.5949 26.9217 3
      vertex 66.4204 26.8447 3
    endloop
  endfacet
  facet normal 0 0 1
    outer loop
      vertex 66.524 21.3653 3
      vertex 61.6 21 3
      vertex 66.4804 21.3 3
    endloop
  endfacet
  facet normal 0 0 1
    outer loop
      vertex 61.5949 26.9217 3
      vertex 66.4051 26.9217 3
      vertex 61.6 27 3
    endloop
  endfacet
  facet normal 0 0 1
    outer loop
      vertex 66.4804 21.3 3
      vertex 61.6 21 3
      vertex 66.4457 21.2296 3
    endloop
  endfacet
  facet normal -0 0 1
    outer loop
      vertex 61.6 27 3
      vertex 66.4051 26.9217 3
      vertex 66.4 27 3
    endloop
  endfacet
  facet normal 0 0 1
    outer loop
      vertex 66.4457 21.2296 3
      vertex 61.6 21 3
      vertex 66.4204 21.1553 3
    endloop
  endfacet
  facet normal 0 0 1
    outer loop
      vertex 67.4243 27.4243 3
      vertex 74 30 3
      vertex 73.9658 30.5221 3
    endloop
  endfacet
  facet normal 0 0 1
    outer loop
      vertex 67.5949 26.9217 3
      vertex 74 30 3
      vertex 67.6 27 3
    endloop
  endfacet
  facet normal 0 0 1
    outer loop
      vertex 67.4243 27.4243 3
      vertex 73.9658 30.5221 3
      vertex 73.8637 31.0353 3
    endloop
  endfacet
  facet normal 0 0 1
    outer loop
      vertex 74 30 3
      vertex 67.5949 26.9217 3
      vertex 74 22 3
    endloop
  endfacet
  facet normal 0 0 1
    outer loop
      vertex 67.4243 27.4243 3
      vertex 73.8637 31.0353 3
      vertex 73.6955 31.5307 3
    endloop
  endfacet
  facet normal 0 0 1
    outer loop
      vertex 74 22 3
      vertex 67.6 21 3
      vertex 73.9658 21.4779 3
    endloop
  endfacet
  facet normal 0 0 1
    outer loop
      vertex 67.4243 27.4243 3
      vertex 73.6955 31.5307 3
      vertex 73.4641 32 3
    endloop
  endfacet
  facet normal 0 0 1
    outer loop
      vertex 73.9658 21.4779 3
      vertex 67.6 21 3
      vertex 73.8637 20.9647 3
    endloop
  endfacet
  facet normal 0 0 1
    outer loop
      vertex 67.4243 27.4243 3
      vertex 73.4641 32 3
      vertex 73.1734 32.435 3
    endloop
  endfacet
  facet normal 0 0 1
    outer loop
      vertex 73.8637 20.9647 3
      vertex 67.6 21 3
      vertex 73.6955 20.4693 3
    endloop
  endfacet
  facet normal 0 0 1
    outer loop
      vertex 67.4243 27.4243 3
      vertex 73.1734 32.435 3
      vertex 72.8284 32.8284 3
    endloop
  endfacet
  facet normal 0 0 1
    outer loop
      vertex 73.6955 20.4693 3
      vertex 67.6 21 3
      vertex 73.4641 20 3
    endloop
  endfacet
  facet normal 0 0 1
    outer loop
      vertex 67.4243 27.4243 3
      vertex 72.8284 32.8284 3
      vertex 72.435 33.1734 3
    endloop
  endfacet
  facet normal 0 0 1
    outer loop
      vertex 73.4641 20 3
      vertex 67.6 21 3
      vertex 73.1734 19.5649 3
    endloop
  endfacet
  facet normal 0 0 1
    outer loop
      vertex 67.4243 27.4243 3
      vertex 72.435 33.1734 3
      vertex 72 33.4641 3
    endloop
  endfacet
  facet normal 0 0 1
    outer loop
      vertex 73.1734 19.5649 3
      vertex 67.6 21 3
      vertex 72.8284 19.1716 3
    endloop
  endfacet
  facet normal 0 0 1
    outer loop
      vertex 67.4243 27.4243 3
      vertex 72 33.4641 3
      vertex 71.5307 33.6955 3
    endloop
  endfacet
  facet normal 0 0 1
    outer loop
      vertex 72.8284 19.1716 3
      vertex 67.6 21 3
      vertex 72.435 18.8266 3
    endloop
  endfacet
  facet normal 0 0 1
    outer loop
      vertex 67.4243 27.4243 3
      vertex 71.5307 33.6955 3
      vertex 71.0353 33.8637 3
    endloop
  endfacet
  facet normal 0 0 1
    outer loop
      vertex 72.435 18.8266 3
      vertex 67.6 21 3
      vertex 72 18.5359 3
    endloop
  endfacet
  facet normal 0 0 1
    outer loop
      vertex 67.4243 27.4243 3
      vertex 71.0353 33.8637 3
      vertex 70.5221 33.9658 3
    endloop
  endfacet
  facet normal 0 0 1
    outer loop
      vertex 72 18.5359 3
      vertex 67.6 21 3
      vertex 71.5307 18.3045 3
    endloop
  endfacet
  facet normal 0 0 1
    outer loop
      vertex 67.4243 27.4243 3
      vertex 70.5221 33.9658 3
      vertex 70 34 3
    endloop
  endfacet
  facet normal 0 0 1
    outer loop
      vertex 71.5307 18.3045 3
      vertex 67.6 21 3
      vertex 71.0353 18.1363 3
    endloop
  endfacet
  facet normal -0 0 1
    outer loop
      vertex 67.5949 20.9217 3
      vertex 71.0353 18.1363 3
      vertex 67.6 21 3
    endloop
  endfacet
  facet normal 0 0 1
    outer loop
      vertex 74 30 3
      vertex 67.5949 27.0783 3
      vertex 67.6 27 3
    endloop
  endfacet
  facet normal 0 0 1
    outer loop
      vertex 74 30 3
      vertex 67.5796 27.1553 3
      vertex 67.5949 27.0783 3
    endloop
  endfacet
  facet normal 0 0 1
    outer loop
      vertex 74 30 3
      vertex 67.5543 27.2296 3
      vertex 67.5796 27.1553 3
    endloop
  endfacet
  facet normal 0 0 1
    outer loop
      vertex 74 30 3
      vertex 67.5196 27.3 3
      vertex 67.5543 27.2296 3
    endloop
  endfacet
  facet normal 0 0 1
    outer loop
      vertex 74 30 3
      vertex 67.476 27.3653 3
      vertex 67.5196 27.3 3
    endloop
  endfacet
  facet normal 0 0 1
    outer loop
      vertex 74 30 3
      vertex 67.4243 27.4243 3
      vertex 67.476 27.3653 3
    endloop
  endfacet
  facet normal 0 0 1
    outer loop
      vertex 70 34 3
      vertex 67.3653 27.476 3
      vertex 67.4243 27.4243 3
    endloop
  endfacet
  facet normal 0 0 1
    outer loop
      vertex 70 34 3
      vertex 67.3 27.5196 3
      vertex 67.3653 27.476 3
    endloop
  endfacet
  facet normal 0 0 1
    outer loop
      vertex 70 34 3
      vertex 67.2296 27.5543 3
      vertex 67.3 27.5196 3
    endloop
  endfacet
  facet normal 0 0 1
    outer loop
      vertex 70 34 3
      vertex 67.1553 27.5796 3
      vertex 67.2296 27.5543 3
    endloop
  endfacet
  facet normal 0 0 1
    outer loop
      vertex 70 34 3
      vertex 67.0783 27.5949 3
      vertex 67.1553 27.5796 3
    endloop
  endfacet
  facet normal 0 0 1
    outer loop
      vertex 70 34 3
      vertex 67 27.6 3
      vertex 67.0783 27.5949 3
    endloop
  endfacet
  facet normal 0 0 1
    outer loop
      vertex 70 34 3
      vertex 66.9217 27.5949 3
      vertex 67 27.6 3
    endloop
  endfacet
  facet normal 0 0 1
    outer loop
      vertex 70 34 3
      vertex 66.8447 27.5796 3
      vertex 66.9217 27.5949 3
    endloop
  endfacet
  facet normal -0 0 1
    outer loop
      vertex 62 34 3
      vertex 66.8447 27.5796 3
      vertex 70 34 3
    endloop
  endfacet
  facet normal 0 0 1
    outer loop
      vertex 66.8447 27.5796 3
      vertex 62 34 3
      vertex 66.7704 27.5543 3
    endloop
  endfacet
  facet normal 0 0 1
    outer loop
      vertex 66.7704 27.5543 3
      vertex 62 34 3
      vertex 66.7 27.5196 3
    endloop
  endfacet
  facet normal 0 0 1
    outer loop
      vertex 66.7 27.5196 3
      vertex 62 34 3
      vertex 66.6347 27.476 3
    endloop
  endfacet
  facet normal 0 0 1
    outer loop
      vertex 61.3653 27.476 3
      vertex 66.6347 27.476 3
      vertex 62 34 3
    endloop
  endfacet
  facet normal 0 0 1
    outer loop
      vertex 66.6347 27.476 3
      vertex 61.3653 27.476 3
      vertex 66.5757 27.4243 3
    endloop
  endfacet
  facet normal 0 -0 1
    outer loop
      vertex 61.5543 27.2296 3
      vertex 66.4457 27.2296 3
      vertex 61.5196 27.3 3
    endloop
  endfacet
  facet normal 0 0 1
    outer loop
      vertex 66.4804 27.3 3
      vertex 61.5196 27.3 3
      vertex 66.4457 27.2296 3
    endloop
  endfacet
  facet normal 0 -0 1
    outer loop
      vertex 61.5196 27.3 3
      vertex 66.4804 27.3 3
      vertex 61.476 27.3653 3
    endloop
  endfacet
  facet normal 0 0 1
    outer loop
      vertex 66.524 27.3653 3
      vertex 61.476 27.3653 3
      vertex 66.4804 27.3 3
    endloop
  endfacet
  facet normal 0 -0 1
    outer loop
      vertex 61.476 27.3653 3
      vertex 66.524 27.3653 3
      vertex 61.4243 27.4243 3
    endloop
  endfacet
  facet normal 0 -0 1
    outer loop
      vertex 61.4243 27.4243 3
      vertex 66.5757 27.4243 3
      vertex 61.3653 27.476 3
    endloop
  endfacet
  facet normal 0 0 1
    outer loop
      vertex 71.0353 18.1363 3
      vertex 67.5949 20.9217 3
      vertex 70.5221 18.0342 3
    endloop
  endfacet
  facet normal 0 0 1
    outer loop
      vertex 70.5221 18.0342 3
      vertex 67.5949 20.9217 3
      vertex 70 18 3
    endloop
  endfacet
  facet normal -0 0 1
    outer loop
      vertex 67.5796 20.8447 3
      vertex 70 18 3
      vertex 67.5949 20.9217 3
    endloop
  endfacet
  facet normal -0 0 1
    outer loop
      vertex 67.5543 20.7704 3
      vertex 70 18 3
      vertex 67.5796 20.8447 3
    endloop
  endfacet
  facet normal -0 0 1
    outer loop
      vertex 67.5196 20.7 3
      vertex 70 18 3
      vertex 67.5543 20.7704 3
    endloop
  endfacet
  facet normal -0 0 1
    outer loop
      vertex 67.476 20.6347 3
      vertex 70 18 3
      vertex 67.5196 20.7 3
    endloop
  endfacet
  facet normal -0 0 1
    outer loop
      vertex 67.4243 20.5757 3
      vertex 70 18 3
      vertex 67.476 20.6347 3
    endloop
  endfacet
  facet normal -0 0 1
    outer loop
      vertex 67.3653 20.524 3
      vertex 70 18 3
      vertex 67.4243 20.5757 3
    endloop
  endfacet
  facet normal -0 0 1
    outer loop
      vertex 67.3 20.4804 3
      vertex 70 18 3
      vertex 67.3653 20.524 3
    endloop
  endfacet
  facet normal -0 0 1
    outer loop
      vertex 67.2296 20.4457 3
      vertex 70 18 3
      vertex 67.3 20.4804 3
    endloop
  endfacet
  facet normal -0 0 1
    outer loop
      vertex 67.1553 20.4204 3
      vertex 70 18 3
      vertex 67.2296 20.4457 3
    endloop
  endfacet
  facet normal -0 0 1
    outer loop
      vertex 67.0783 20.4051 3
      vertex 70 18 3
      vertex 67.1553 20.4204 3
    endloop
  endfacet
  facet normal -0 0 1
    outer loop
      vertex 67 20.4 3
      vertex 70 18 3
      vertex 67.0783 20.4051 3
    endloop
  endfacet
  facet normal 0 0 1
    outer loop
      vertex 66.9217 20.4051 3
      vertex 70 18 3
      vertex 67 20.4 3
    endloop
  endfacet
  facet normal 0 0 1
    outer loop
      vertex 66.8447 20.4204 3
      vertex 70 18 3
      vertex 66.9217 20.4051 3
    endloop
  endfacet
  facet normal 0 0 1
    outer loop
      vertex 62 18 3
      vertex 66.8447 20.4204 3
      vertex 66.7704 20.4457 3
    endloop
  endfacet
  facet normal 0 0 1
    outer loop
      vertex 62 18 3
      vertex 66.7704 20.4457 3
      vertex 66.7 20.4804 3
    endloop
  endfacet
  facet normal 0 0 1
    outer loop
      vertex 62 18 3
      vertex 66.7 20.4804 3
      vertex 66.6347 20.524 3
    endloop
  endfacet
  facet normal 0 0 1
    outer loop
      vertex 66.4051 27.0783 3
      vertex 61.5949 27.0783 3
      vertex 66.4 27 3
    endloop
  endfacet
  facet normal 0 -0 1
    outer loop
      vertex 61.6 27 3
      vertex 66.4 27 3
      vertex 61.5949 27.0783 3
    endloop
  endfacet
  facet normal 0 0 1
    outer loop
      vertex 66.8447 20.4204 3
      vertex 62 18 3
      vertex 70 18 3
    endloop
  endfacet
  facet normal 0 0 1
    outer loop
      vertex 66.5757 20.5757 3
      vertex 62 18 3
      vertex 66.6347 20.524 3
    endloop
  endfacet
  facet normal 0 0 1
    outer loop
      vertex 66.524 20.6347 3
      vertex 62 18 3
      vertex 66.5757 20.5757 3
    endloop
  endfacet
  facet normal 0 0 1
    outer loop
      vertex 66.4804 20.7 3
      vertex 62 18 3
      vertex 66.524 20.6347 3
    endloop
  endfacet
  facet normal 0 0 1
    outer loop
      vertex 66.4457 20.7704 3
      vertex 62 18 3
      vertex 66.4804 20.7 3
    endloop
  endfacet
  facet normal 0 0 1
    outer loop
      vertex 66.4051 20.9217 3
      vertex 61.5949 20.9217 3
      vertex 66.4204 20.8447 3
    endloop
  endfacet
  facet normal 0 0 1
    outer loop
      vertex 61.6 21 3
      vertex 66.4051 21.0783 3
      vertex 66.4204 21.1553 3
    endloop
  endfacet
  facet normal 0 0 1
    outer loop
      vertex 61.5949 20.9217 3
      vertex 66.4051 20.9217 3
      vertex 61.6 21 3
    endloop
  endfacet
  facet normal -0 0 1
    outer loop
      vertex 61.6 21 3
      vertex 66.4051 20.9217 3
      vertex 66.4 21 3
    endloop
  endfacet
  facet normal 0 0 1
    outer loop
      vertex 61.6 21 3
      vertex 66.4 21 3
      vertex 66.4051 21.0783 3
    endloop
  endfacet
  facet normal 0 -0 1
    outer loop
      vertex 61.5949 27.0783 3
      vertex 66.4051 27.0783 3
      vertex 61.5796 27.1553 3
    endloop
  endfacet
  facet normal 0 0 1
    outer loop
      vertex 66.4204 27.1553 3
      vertex 61.5796 27.1553 3
      vertex 66.4051 27.0783 3
    endloop
  endfacet
  facet normal 0 0 1
    outer loop
      vertex 61.1553 27.5796 3
      vertex 62 34 3
      vertex 61.4779 33.9658 3
    endloop
  endfacet
  facet normal 0 -0 1
    outer loop
      vertex 61.5796 27.1553 3
      vertex 66.4204 27.1553 3
      vertex 61.5543 27.2296 3
    endloop
  endfacet
  facet normal 0 0 1
    outer loop
      vertex 66.4457 27.2296 3
      vertex 61.5543 27.2296 3
      vertex 66.4204 27.1553 3
    endloop
  endfacet
  facet normal 0 0 1
    outer loop
      vertex 66.5757 27.4243 3
      vertex 61.4243 27.4243 3
      vertex 66.524 27.3653 3
    endloop
  endfacet
  facet normal 0 0 1
    outer loop
      vertex 62 34 3
      vertex 61.3 27.5196 3
      vertex 61.3653 27.476 3
    endloop
  endfacet
  facet normal 0 0 1
    outer loop
      vertex 62 34 3
      vertex 61.2296 27.5543 3
      vertex 61.3 27.5196 3
    endloop
  endfacet
  facet normal 0 0 1
    outer loop
      vertex 62 34 3
      vertex 61.1553 27.5796 3
      vertex 61.2296 27.5543 3
    endloop
  endfacet
  facet normal -0 0 1
    outer loop
      vertex 60.9647 33.8637 3
      vertex 61.1553 27.5796 3
      vertex 61.4779 33.9658 3
    endloop
  endfacet
  facet normal 0 0 1
    outer loop
      vertex 61.1553 27.5796 3
      vertex 60.9647 33.8637 3
      vertex 61.0783 27.5949 3
    endloop
  endfacet
  facet normal -0 0 1
    outer loop
      vertex 60.4693 33.6955 3
      vertex 61.0783 27.5949 3
      vertex 60.9647 33.8637 3
    endloop
  endfacet
  facet normal -0 0 1
    outer loop
      vertex 60 33.4641 3
      vertex 61.0783 27.5949 3
      vertex 60.4693 33.6955 3
    endloop
  endfacet
  facet normal 0 0 1
    outer loop
      vertex 61.0783 27.5949 3
      vertex 60 33.4641 3
      vertex 61 27.6 3
    endloop
  endfacet
  facet normal -0 0 1
    outer loop
      vertex 58 30 3
      vertex 61 27.6 3
      vertex 60 33.4641 3
    endloop
  endfacet
  facet normal 0 0 1
    outer loop
      vertex 61 27.6 3
      vertex 58 30 3
      vertex 60.9217 27.5949 3
    endloop
  endfacet
  facet normal 0 0 1
    outer loop
      vertex 60.9217 27.5949 3
      vertex 58 30 3
      vertex 60.8447 27.5796 3
    endloop
  endfacet
  facet normal 0 0 1
    outer loop
      vertex 60.8447 27.5796 3
      vertex 58 30 3
      vertex 60.7704 27.5543 3
    endloop
  endfacet
  facet normal 0 0 1
    outer loop
      vertex 60.7704 27.5543 3
      vertex 58 30 3
      vertex 60.7 27.5196 3
    endloop
  endfacet
  facet normal 0 0 1
    outer loop
      vertex 60.7 27.5196 3
      vertex 58 30 3
      vertex 60.6347 27.476 3
    endloop
  endfacet
  facet normal 0 0 1
    outer loop
      vertex 60.6347 27.476 3
      vertex 58 30 3
      vertex 60.5757 27.4243 3
    endloop
  endfacet
  facet normal 0 0 1
    outer loop
      vertex 60.5757 27.4243 3
      vertex 58 30 3
      vertex 60.524 27.3653 3
    endloop
  endfacet
  facet normal 0 0 1
    outer loop
      vertex 60.524 27.3653 3
      vertex 58 30 3
      vertex 60.4804 27.3 3
    endloop
  endfacet
  facet normal 0 0 1
    outer loop
      vertex 60.4804 27.3 3
      vertex 58 30 3
      vertex 60.4457 27.2296 3
    endloop
  endfacet
  facet normal 0 0 1
    outer loop
      vertex 60.4457 27.2296 3
      vertex 58 30 3
      vertex 60.4204 27.1553 3
    endloop
  endfacet
  facet normal 0 0 1
    outer loop
      vertex 60.4051 27.0783 3
      vertex 58 30 3
      vertex 60.4 27 3
    endloop
  endfacet
  facet normal 0 0 1
    outer loop
      vertex 60.4204 27.1553 3
      vertex 58 30 3
      vertex 60.4051 27.0783 3
    endloop
  endfacet
  facet normal 0 0 1
    outer loop
      vertex 9.68546 8.22189 3
      vertex 9.68546 7.7781 3
      vertex 9.7 8 3
    endloop
  endfacet
  facet normal 0 0 1
    outer loop
      vertex 9.64207 8.43999 3
      vertex 9.68546 7.7781 3
      vertex 9.68546 8.22189 3
    endloop
  endfacet
  facet normal 0 0 1
    outer loop
      vertex 9.64207 8.43999 3
      vertex 9.64207 7.56001 3
      vertex 9.68546 7.7781 3
    endloop
  endfacet
  facet normal 0 0 1
    outer loop
      vertex 9.57059 8.65056 3
      vertex 9.64207 7.56001 3
      vertex 9.64207 8.43999 3
    endloop
  endfacet
  facet normal 0 0 1
    outer loop
      vertex 9.57059 8.65056 3
      vertex 9.57059 7.34944 3
      vertex 9.64207 7.56001 3
    endloop
  endfacet
  facet normal 0 0 1
    outer loop
      vertex 9.47224 8.85 3
      vertex 9.57059 7.34944 3
      vertex 9.57059 8.65056 3
    endloop
  endfacet
  facet normal 0 0 1
    outer loop
      vertex 9.47224 8.85 3
      vertex 9.47224 7.15 3
      vertex 9.57059 7.34944 3
    endloop
  endfacet
  facet normal 0 0 1
    outer loop
      vertex 9.3487 9.03489 3
      vertex 9.47224 7.15 3
      vertex 9.47224 8.85 3
    endloop
  endfacet
  facet normal 0 0 1
    outer loop
      vertex 9.3487 9.03489 3
      vertex 9.3487 6.96511 3
      vertex 9.47224 7.15 3
    endloop
  endfacet
  facet normal 0 0 1
    outer loop
      vertex 9.20208 9.20208 3
      vertex 9.3487 6.96511 3
      vertex 9.3487 9.03489 3
    endloop
  endfacet
  facet normal 0 0 1
    outer loop
      vertex 9.20208 9.20208 3
      vertex 9.20208 6.79792 3
      vertex 9.3487 6.96511 3
    endloop
  endfacet
  facet normal 0 0 1
    outer loop
      vertex 9.03489 9.3487 3
      vertex 9.20208 6.79792 3
      vertex 9.20208 9.20208 3
    endloop
  endfacet
  facet normal 0 0 1
    outer loop
      vertex 9.03489 9.3487 3
      vertex 9.03489 6.6513 3
      vertex 9.20208 6.79792 3
    endloop
  endfacet
  facet normal 0 0 1
    outer loop
      vertex 8.85 9.47224 3
      vertex 9.03489 6.6513 3
      vertex 9.03489 9.3487 3
    endloop
  endfacet
  facet normal 0 0 1
    outer loop
      vertex 8.85 9.47224 3
      vertex 8.85 6.52776 3
      vertex 9.03489 6.6513 3
    endloop
  endfacet
  facet normal 0 0 1
    outer loop
      vertex 8.65056 9.57059 3
      vertex 8.85 6.52776 3
      vertex 8.85 9.47224 3
    endloop
  endfacet
  facet normal 0 0 1
    outer loop
      vertex 8.65056 9.57059 3
      vertex 8.65056 6.4294 3
      vertex 8.85 6.52776 3
    endloop
  endfacet
  facet normal 0 0 1
    outer loop
      vertex 8.43999 9.64207 3
      vertex 8.65056 6.4294 3
      vertex 8.65056 9.57059 3
    endloop
  endfacet
  facet normal 0 0 1
    outer loop
      vertex 8.43999 9.64207 3
      vertex 8.43999 6.35793 3
      vertex 8.65056 6.4294 3
    endloop
  endfacet
  facet normal 0 0 1
    outer loop
      vertex 8.22189 9.68546 3
      vertex 8.43999 6.35793 3
      vertex 8.43999 9.64207 3
    endloop
  endfacet
  facet normal 0 0 1
    outer loop
      vertex 8.22189 9.68546 3
      vertex 8.22189 6.31454 3
      vertex 8.43999 6.35793 3
    endloop
  endfacet
  facet normal 0 0 1
    outer loop
      vertex 8 9.7 3
      vertex 8.22189 6.31454 3
      vertex 8.22189 9.68546 3
    endloop
  endfacet
  facet normal 0 0 1
    outer loop
      vertex 8 9.7 3
      vertex 8 6.3 3
      vertex 8.22189 6.31454 3
    endloop
  endfacet
  facet normal -0 0 1
    outer loop
      vertex 7.7781 9.68546 3
      vertex 8 6.3 3
      vertex 8 9.7 3
    endloop
  endfacet
  facet normal 0 0 1
    outer loop
      vertex 7.7781 9.68546 3
      vertex 7.7781 6.31454 3
      vertex 8 6.3 3
    endloop
  endfacet
  facet normal -0 0 1
    outer loop
      vertex 7.56001 9.64207 3
      vertex 7.7781 6.31454 3
      vertex 7.7781 9.68546 3
    endloop
  endfacet
  facet normal 0 0 1
    outer loop
      vertex 7.56001 9.64207 3
      vertex 7.56001 6.35793 3
      vertex 7.7781 6.31454 3
    endloop
  endfacet
  facet normal -0 0 1
    outer loop
      vertex 7.34944 9.57059 3
      vertex 7.56001 6.35793 3
      vertex 7.56001 9.64207 3
    endloop
  endfacet
  facet normal 0 0 1
    outer loop
      vertex 7.34944 9.57059 3
      vertex 7.34944 6.4294 3
      vertex 7.56001 6.35793 3
    endloop
  endfacet
  facet normal -0 0 1
    outer loop
      vertex 7.15 9.47224 3
      vertex 7.34944 6.4294 3
      vertex 7.34944 9.57059 3
    endloop
  endfacet
  facet normal 0 0 1
    outer loop
      vertex 7.15 9.47224 3
      vertex 7.15 6.52776 3
      vertex 7.34944 6.4294 3
    endloop
  endfacet
  facet normal -0 0 1
    outer loop
      vertex 6.96511 9.3487 3
      vertex 7.15 6.52776 3
      vertex 7.15 9.47224 3
    endloop
  endfacet
  facet normal 0 0 1
    outer loop
      vertex 6.96511 9.3487 3
      vertex 6.96511 6.6513 3
      vertex 7.15 6.52776 3
    endloop
  endfacet
  facet normal -0 0 1
    outer loop
      vertex 6.79792 9.20208 3
      vertex 6.96511 6.6513 3
      vertex 6.96511 9.3487 3
    endloop
  endfacet
  facet normal 0 0 1
    outer loop
      vertex 6.79792 9.20208 3
      vertex 6.79792 6.79792 3
      vertex 6.96511 6.6513 3
    endloop
  endfacet
  facet normal -0 0 1
    outer loop
      vertex 6.6513 9.03489 3
      vertex 6.79792 6.79792 3
      vertex 6.79792 9.20208 3
    endloop
  endfacet
  facet normal 0 0 1
    outer loop
      vertex 6.6513 9.03489 3
      vertex 6.6513 6.96511 3
      vertex 6.79792 6.79792 3
    endloop
  endfacet
  facet normal -0 0 1
    outer loop
      vertex 6.52776 8.85 3
      vertex 6.6513 6.96511 3
      vertex 6.6513 9.03489 3
    endloop
  endfacet
  facet normal 0 0 1
    outer loop
      vertex 6.52776 8.85 3
      vertex 6.52776 7.15 3
      vertex 6.6513 6.96511 3
    endloop
  endfacet
  facet normal -0 0 1
    outer loop
      vertex 6.4294 8.65056 3
      vertex 6.52776 7.15 3
      vertex 6.52776 8.85 3
    endloop
  endfacet
  facet normal 0 0 1
    outer loop
      vertex 6.4294 8.65056 3
      vertex 6.4294 7.34944 3
      vertex 6.52776 7.15 3
    endloop
  endfacet
  facet normal -0 0 1
    outer loop
      vertex 6.35793 8.43999 3
      vertex 6.4294 7.34944 3
      vertex 6.4294 8.65056 3
    endloop
  endfacet
  facet normal 0 0 1
    outer loop
      vertex 6.35793 8.43999 3
      vertex 6.35793 7.56001 3
      vertex 6.4294 7.34944 3
    endloop
  endfacet
  facet normal -0 0 1
    outer loop
      vertex 6.31454 8.22189 3
      vertex 6.35793 7.56001 3
      vertex 6.35793 8.43999 3
    endloop
  endfacet
  facet normal 0 0 1
    outer loop
      vertex 6.31454 8.22189 3
      vertex 6.31454 7.7781 3
      vertex 6.35793 7.56001 3
    endloop
  endfacet
  facet normal 0 -0 1
    outer loop
      vertex 6.31454 7.7781 3
      vertex 6.31454 8.22189 3
      vertex 6.3 8 3
    endloop
  endfacet
  facet normal 0 0 1
    outer loop
      vertex 9.68546 62.2219 3
      vertex 9.68546 61.7781 3
      vertex 9.7 62 3
    endloop
  endfacet
  facet normal 0 0 1
    outer loop
      vertex 9.64207 62.44 3
      vertex 9.68546 61.7781 3
      vertex 9.68546 62.2219 3
    endloop
  endfacet
  facet normal 0 0 1
    outer loop
      vertex 9.64207 62.44 3
      vertex 9.64207 61.56 3
      vertex 9.68546 61.7781 3
    endloop
  endfacet
  facet normal 0 0 1
    outer loop
      vertex 9.57059 62.6506 3
      vertex 9.64207 61.56 3
      vertex 9.64207 62.44 3
    endloop
  endfacet
  facet normal 0 0 1
    outer loop
      vertex 9.57059 62.6506 3
      vertex 9.57059 61.3494 3
      vertex 9.64207 61.56 3
    endloop
  endfacet
  facet normal 0 0 1
    outer loop
      vertex 9.47224 62.85 3
      vertex 9.57059 61.3494 3
      vertex 9.57059 62.6506 3
    endloop
  endfacet
  facet normal 0 0 1
    outer loop
      vertex 9.47224 62.85 3
      vertex 9.47224 61.15 3
      vertex 9.57059 61.3494 3
    endloop
  endfacet
  facet normal 0 0 1
    outer loop
      vertex 9.3487 63.0349 3
      vertex 9.47224 61.15 3
      vertex 9.47224 62.85 3
    endloop
  endfacet
  facet normal 0 0 1
    outer loop
      vertex 9.3487 63.0349 3
      vertex 9.3487 60.9651 3
      vertex 9.47224 61.15 3
    endloop
  endfacet
  facet normal 0 0 1
    outer loop
      vertex 9.20208 63.2021 3
      vertex 9.3487 60.9651 3
      vertex 9.3487 63.0349 3
    endloop
  endfacet
  facet normal 0 0 1
    outer loop
      vertex 9.20208 63.2021 3
      vertex 9.20208 60.7979 3
      vertex 9.3487 60.9651 3
    endloop
  endfacet
  facet normal 0 0 1
    outer loop
      vertex 9.03489 63.3487 3
      vertex 9.20208 60.7979 3
      vertex 9.20208 63.2021 3
    endloop
  endfacet
  facet normal 0 0 1
    outer loop
      vertex 9.03489 63.3487 3
      vertex 9.03489 60.6513 3
      vertex 9.20208 60.7979 3
    endloop
  endfacet
  facet normal 0 0 1
    outer loop
      vertex 8.85 63.4722 3
      vertex 9.03489 60.6513 3
      vertex 9.03489 63.3487 3
    endloop
  endfacet
  facet normal 0 0 1
    outer loop
      vertex 8.85 63.4722 3
      vertex 8.85 60.5278 3
      vertex 9.03489 60.6513 3
    endloop
  endfacet
  facet normal 0 0 1
    outer loop
      vertex 8.65056 63.5706 3
      vertex 8.85 60.5278 3
      vertex 8.85 63.4722 3
    endloop
  endfacet
  facet normal 0 0 1
    outer loop
      vertex 8.65056 63.5706 3
      vertex 8.65056 60.4294 3
      vertex 8.85 60.5278 3
    endloop
  endfacet
  facet normal 0 0 1
    outer loop
      vertex 8.43999 63.6421 3
      vertex 8.65056 60.4294 3
      vertex 8.65056 63.5706 3
    endloop
  endfacet
  facet normal 0 0 1
    outer loop
      vertex 8.43999 63.6421 3
      vertex 8.43999 60.3579 3
      vertex 8.65056 60.4294 3
    endloop
  endfacet
  facet normal 0 0 1
    outer loop
      vertex 8.22189 63.6855 3
      vertex 8.43999 60.3579 3
      vertex 8.43999 63.6421 3
    endloop
  endfacet
  facet normal 0 0 1
    outer loop
      vertex 8.22189 63.6855 3
      vertex 8.22189 60.3145 3
      vertex 8.43999 60.3579 3
    endloop
  endfacet
  facet normal 0 0 1
    outer loop
      vertex 8 63.7 3
      vertex 8.22189 60.3145 3
      vertex 8.22189 63.6855 3
    endloop
  endfacet
  facet normal 0 0 1
    outer loop
      vertex 8 63.7 3
      vertex 8 60.3 3
      vertex 8.22189 60.3145 3
    endloop
  endfacet
  facet normal -0 0 1
    outer loop
      vertex 7.7781 63.6855 3
      vertex 8 60.3 3
      vertex 8 63.7 3
    endloop
  endfacet
  facet normal 0 0 1
    outer loop
      vertex 7.7781 63.6855 3
      vertex 7.7781 60.3145 3
      vertex 8 60.3 3
    endloop
  endfacet
  facet normal -0 0 1
    outer loop
      vertex 7.56001 63.6421 3
      vertex 7.7781 60.3145 3
      vertex 7.7781 63.6855 3
    endloop
  endfacet
  facet normal 0 0 1
    outer loop
      vertex 7.56001 63.6421 3
      vertex 7.56001 60.3579 3
      vertex 7.7781 60.3145 3
    endloop
  endfacet
  facet normal -0 0 1
    outer loop
      vertex 7.34944 63.5706 3
      vertex 7.56001 60.3579 3
      vertex 7.56001 63.6421 3
    endloop
  endfacet
  facet normal 0 0 1
    outer loop
      vertex 7.34944 63.5706 3
      vertex 7.34944 60.4294 3
      vertex 7.56001 60.3579 3
    endloop
  endfacet
  facet normal -0 0 1
    outer loop
      vertex 7.15 63.4722 3
      vertex 7.34944 60.4294 3
      vertex 7.34944 63.5706 3
    endloop
  endfacet
  facet normal 0 0 1
    outer loop
      vertex 7.15 63.4722 3
      vertex 7.15 60.5278 3
      vertex 7.34944 60.4294 3
    endloop
  endfacet
  facet normal -0 0 1
    outer loop
      vertex 6.96511 63.3487 3
      vertex 7.15 60.5278 3
      vertex 7.15 63.4722 3
    endloop
  endfacet
  facet normal 0 0 1
    outer loop
      vertex 6.96511 63.3487 3
      vertex 6.96511 60.6513 3
      vertex 7.15 60.5278 3
    endloop
  endfacet
  facet normal -0 0 1
    outer loop
      vertex 6.79792 63.2021 3
      vertex 6.96511 60.6513 3
      vertex 6.96511 63.3487 3
    endloop
  endfacet
  facet normal 0 0 1
    outer loop
      vertex 6.79792 63.2021 3
      vertex 6.79792 60.7979 3
      vertex 6.96511 60.6513 3
    endloop
  endfacet
  facet normal -0 0 1
    outer loop
      vertex 6.6513 63.0349 3
      vertex 6.79792 60.7979 3
      vertex 6.79792 63.2021 3
    endloop
  endfacet
  facet normal 0 0 1
    outer loop
      vertex 6.6513 63.0349 3
      vertex 6.6513 60.9651 3
      vertex 6.79792 60.7979 3
    endloop
  endfacet
  facet normal -0 0 1
    outer loop
      vertex 6.52776 62.85 3
      vertex 6.6513 60.9651 3
      vertex 6.6513 63.0349 3
    endloop
  endfacet
  facet normal 0 0 1
    outer loop
      vertex 6.52776 62.85 3
      vertex 6.52776 61.15 3
      vertex 6.6513 60.9651 3
    endloop
  endfacet
  facet normal -0 0 1
    outer loop
      vertex 6.4294 62.6506 3
      vertex 6.52776 61.15 3
      vertex 6.52776 62.85 3
    endloop
  endfacet
  facet normal 0 0 1
    outer loop
      vertex 6.4294 62.6506 3
      vertex 6.4294 61.3494 3
      vertex 6.52776 61.15 3
    endloop
  endfacet
  facet normal -0 0 1
    outer loop
      vertex 6.35793 62.44 3
      vertex 6.4294 61.3494 3
      vertex 6.4294 62.6506 3
    endloop
  endfacet
  facet normal 0 0 1
    outer loop
      vertex 6.35793 62.44 3
      vertex 6.35793 61.56 3
      vertex 6.4294 61.3494 3
    endloop
  endfacet
  facet normal -0 0 1
    outer loop
      vertex 6.31454 62.2219 3
      vertex 6.35793 61.56 3
      vertex 6.35793 62.44 3
    endloop
  endfacet
  facet normal 0 0 1
    outer loop
      vertex 6.31454 62.2219 3
      vertex 6.31454 61.7781 3
      vertex 6.35793 61.56 3
    endloop
  endfacet
  facet normal 0 -0 1
    outer loop
      vertex 6.31454 61.7781 3
      vertex 6.31454 62.2219 3
      vertex 6.3 62 3
    endloop
  endfacet
  facet normal 0 0 1
    outer loop
      vertex 93.6855 8.22189 3
      vertex 93.6855 7.7781 3
      vertex 93.7 8 3
    endloop
  endfacet
  facet normal 0 0 1
    outer loop
      vertex 93.6421 8.43999 3
      vertex 93.6855 7.7781 3
      vertex 93.6855 8.22189 3
    endloop
  endfacet
  facet normal 0 0 1
    outer loop
      vertex 93.6421 8.43999 3
      vertex 93.6421 7.56001 3
      vertex 93.6855 7.7781 3
    endloop
  endfacet
  facet normal 0 0 1
    outer loop
      vertex 93.5706 8.65056 3
      vertex 93.6421 7.56001 3
      vertex 93.6421 8.43999 3
    endloop
  endfacet
  facet normal 0 0 1
    outer loop
      vertex 93.5706 8.65056 3
      vertex 93.5706 7.34944 3
      vertex 93.6421 7.56001 3
    endloop
  endfacet
  facet normal 0 0 1
    outer loop
      vertex 93.4722 8.85 3
      vertex 93.5706 7.34944 3
      vertex 93.5706 8.65056 3
    endloop
  endfacet
  facet normal 0 0 1
    outer loop
      vertex 93.4722 8.85 3
      vertex 93.4722 7.15 3
      vertex 93.5706 7.34944 3
    endloop
  endfacet
  facet normal 0 0 1
    outer loop
      vertex 93.3487 9.03489 3
      vertex 93.4722 7.15 3
      vertex 93.4722 8.85 3
    endloop
  endfacet
  facet normal 0 0 1
    outer loop
      vertex 93.3487 9.03489 3
      vertex 93.3487 6.96511 3
      vertex 93.4722 7.15 3
    endloop
  endfacet
  facet normal 0 0 1
    outer loop
      vertex 93.2021 9.20208 3
      vertex 93.3487 6.96511 3
      vertex 93.3487 9.03489 3
    endloop
  endfacet
  facet normal 0 0 1
    outer loop
      vertex 93.2021 9.20208 3
      vertex 93.2021 6.79792 3
      vertex 93.3487 6.96511 3
    endloop
  endfacet
  facet normal 0 0 1
    outer loop
      vertex 93.0349 9.3487 3
      vertex 93.2021 6.79792 3
      vertex 93.2021 9.20208 3
    endloop
  endfacet
  facet normal 0 0 1
    outer loop
      vertex 93.0349 9.3487 3
      vertex 93.0349 6.6513 3
      vertex 93.2021 6.79792 3
    endloop
  endfacet
  facet normal 0 0 1
    outer loop
      vertex 92.85 9.47224 3
      vertex 93.0349 6.6513 3
      vertex 93.0349 9.3487 3
    endloop
  endfacet
  facet normal 0 0 1
    outer loop
      vertex 92.85 9.47224 3
      vertex 92.85 6.52776 3
      vertex 93.0349 6.6513 3
    endloop
  endfacet
  facet normal 0 0 1
    outer loop
      vertex 92.6506 9.57059 3
      vertex 92.85 6.52776 3
      vertex 92.85 9.47224 3
    endloop
  endfacet
  facet normal 0 0 1
    outer loop
      vertex 92.6506 9.57059 3
      vertex 92.6506 6.4294 3
      vertex 92.85 6.52776 3
    endloop
  endfacet
  facet normal 0 0 1
    outer loop
      vertex 92.44 9.64207 3
      vertex 92.6506 6.4294 3
      vertex 92.6506 9.57059 3
    endloop
  endfacet
  facet normal 0 0 1
    outer loop
      vertex 92.44 9.64207 3
      vertex 92.44 6.35793 3
      vertex 92.6506 6.4294 3
    endloop
  endfacet
  facet normal 0 0 1
    outer loop
      vertex 92.2219 9.68546 3
      vertex 92.44 6.35793 3
      vertex 92.44 9.64207 3
    endloop
  endfacet
  facet normal 0 0 1
    outer loop
      vertex 92.2219 9.68546 3
      vertex 92.2219 6.31454 3
      vertex 92.44 6.35793 3
    endloop
  endfacet
  facet normal 0 0 1
    outer loop
      vertex 92 9.7 3
      vertex 92.2219 6.31454 3
      vertex 92.2219 9.68546 3
    endloop
  endfacet
  facet normal 0 0 1
    outer loop
      vertex 92 9.7 3
      vertex 92 6.3 3
      vertex 92.2219 6.31454 3
    endloop
  endfacet
  facet normal -0 0 1
    outer loop
      vertex 91.7781 9.68546 3
      vertex 92 6.3 3
      vertex 92 9.7 3
    endloop
  endfacet
  facet normal 0 0 1
    outer loop
      vertex 91.7781 9.68546 3
      vertex 91.7781 6.31454 3
      vertex 92 6.3 3
    endloop
  endfacet
  facet normal -0 0 1
    outer loop
      vertex 91.56 9.64207 3
      vertex 91.7781 6.31454 3
      vertex 91.7781 9.68546 3
    endloop
  endfacet
  facet normal 0 0 1
    outer loop
      vertex 91.56 9.64207 3
      vertex 91.56 6.35793 3
      vertex 91.7781 6.31454 3
    endloop
  endfacet
  facet normal -0 0 1
    outer loop
      vertex 91.3494 9.57059 3
      vertex 91.56 6.35793 3
      vertex 91.56 9.64207 3
    endloop
  endfacet
  facet normal 0 0 1
    outer loop
      vertex 91.3494 9.57059 3
      vertex 91.3494 6.4294 3
      vertex 91.56 6.35793 3
    endloop
  endfacet
  facet normal -0 0 1
    outer loop
      vertex 91.15 9.47224 3
      vertex 91.3494 6.4294 3
      vertex 91.3494 9.57059 3
    endloop
  endfacet
  facet normal 0 0 1
    outer loop
      vertex 91.15 9.47224 3
      vertex 91.15 6.52776 3
      vertex 91.3494 6.4294 3
    endloop
  endfacet
  facet normal -0 0 1
    outer loop
      vertex 90.9651 9.3487 3
      vertex 91.15 6.52776 3
      vertex 91.15 9.47224 3
    endloop
  endfacet
  facet normal 0 0 1
    outer loop
      vertex 90.9651 9.3487 3
      vertex 90.9651 6.6513 3
      vertex 91.15 6.52776 3
    endloop
  endfacet
  facet normal -0 0 1
    outer loop
      vertex 90.7979 9.20208 3
      vertex 90.9651 6.6513 3
      vertex 90.9651 9.3487 3
    endloop
  endfacet
  facet normal 0 0 1
    outer loop
      vertex 90.7979 9.20208 3
      vertex 90.7979 6.79792 3
      vertex 90.9651 6.6513 3
    endloop
  endfacet
  facet normal -0 0 1
    outer loop
      vertex 90.6513 9.03489 3
      vertex 90.7979 6.79792 3
      vertex 90.7979 9.20208 3
    endloop
  endfacet
  facet normal 0 0 1
    outer loop
      vertex 90.6513 9.03489 3
      vertex 90.6513 6.96511 3
      vertex 90.7979 6.79792 3
    endloop
  endfacet
  facet normal -0 0 1
    outer loop
      vertex 90.5278 8.85 3
      vertex 90.6513 6.96511 3
      vertex 90.6513 9.03489 3
    endloop
  endfacet
  facet normal 0 0 1
    outer loop
      vertex 90.5278 8.85 3
      vertex 90.5278 7.15 3
      vertex 90.6513 6.96511 3
    endloop
  endfacet
  facet normal -0 0 1
    outer loop
      vertex 90.4294 8.65056 3
      vertex 90.5278 7.15 3
      vertex 90.5278 8.85 3
    endloop
  endfacet
  facet normal 0 0 1
    outer loop
      vertex 90.4294 8.65056 3
      vertex 90.4294 7.34944 3
      vertex 90.5278 7.15 3
    endloop
  endfacet
  facet normal -0 0 1
    outer loop
      vertex 90.3579 8.43999 3
      vertex 90.4294 7.34944 3
      vertex 90.4294 8.65056 3
    endloop
  endfacet
  facet normal 0 0 1
    outer loop
      vertex 90.3579 8.43999 3
      vertex 90.3579 7.56001 3
      vertex 90.4294 7.34944 3
    endloop
  endfacet
  facet normal -0 0 1
    outer loop
      vertex 90.3145 8.22189 3
      vertex 90.3579 7.56001 3
      vertex 90.3579 8.43999 3
    endloop
  endfacet
  facet normal 0 0 1
    outer loop
      vertex 90.3145 8.22189 3
      vertex 90.3145 7.7781 3
      vertex 90.3579 7.56001 3
    endloop
  endfacet
  facet normal 0 -0 1
    outer loop
      vertex 90.3145 7.7781 3
      vertex 90.3145 8.22189 3
      vertex 90.3 8 3
    endloop
  endfacet
  facet normal 0 0 1
    outer loop
      vertex 93.6855 62.2219 3
      vertex 93.6855 61.7781 3
      vertex 93.7 62 3
    endloop
  endfacet
  facet normal 0 0 1
    outer loop
      vertex 93.6421 62.44 3
      vertex 93.6855 61.7781 3
      vertex 93.6855 62.2219 3
    endloop
  endfacet
  facet normal 0 0 1
    outer loop
      vertex 93.6421 62.44 3
      vertex 93.6421 61.56 3
      vertex 93.6855 61.7781 3
    endloop
  endfacet
  facet normal 0 0 1
    outer loop
      vertex 93.5706 62.6506 3
      vertex 93.6421 61.56 3
      vertex 93.6421 62.44 3
    endloop
  endfacet
  facet normal 0 0 1
    outer loop
      vertex 93.5706 62.6506 3
      vertex 93.5706 61.3494 3
      vertex 93.6421 61.56 3
    endloop
  endfacet
  facet normal 0 0 1
    outer loop
      vertex 93.4722 62.85 3
      vertex 93.5706 61.3494 3
      vertex 93.5706 62.6506 3
    endloop
  endfacet
  facet normal 0 0 1
    outer loop
      vertex 93.4722 62.85 3
      vertex 93.4722 61.15 3
      vertex 93.5706 61.3494 3
    endloop
  endfacet
  facet normal 0 0 1
    outer loop
      vertex 93.3487 63.0349 3
      vertex 93.4722 61.15 3
      vertex 93.4722 62.85 3
    endloop
  endfacet
  facet normal 0 0 1
    outer loop
      vertex 93.3487 63.0349 3
      vertex 93.3487 60.9651 3
      vertex 93.4722 61.15 3
    endloop
  endfacet
  facet normal 0 0 1
    outer loop
      vertex 93.2021 63.2021 3
      vertex 93.3487 60.9651 3
      vertex 93.3487 63.0349 3
    endloop
  endfacet
  facet normal 0 0 1
    outer loop
      vertex 93.2021 63.2021 3
      vertex 93.2021 60.7979 3
      vertex 93.3487 60.9651 3
    endloop
  endfacet
  facet normal 0 0 1
    outer loop
      vertex 93.0349 63.3487 3
      vertex 93.2021 60.7979 3
      vertex 93.2021 63.2021 3
    endloop
  endfacet
  facet normal 0 0 1
    outer loop
      vertex 93.0349 63.3487 3
      vertex 93.0349 60.6513 3
      vertex 93.2021 60.7979 3
    endloop
  endfacet
  facet normal 0 0 1
    outer loop
      vertex 92.85 63.4722 3
      vertex 93.0349 60.6513 3
      vertex 93.0349 63.3487 3
    endloop
  endfacet
  facet normal 0 0 1
    outer loop
      vertex 92.85 63.4722 3
      vertex 92.85 60.5278 3
      vertex 93.0349 60.6513 3
    endloop
  endfacet
  facet normal 0 0 1
    outer loop
      vertex 92.6506 63.5706 3
      vertex 92.85 60.5278 3
      vertex 92.85 63.4722 3
    endloop
  endfacet
  facet normal 0 0 1
    outer loop
      vertex 92.6506 63.5706 3
      vertex 92.6506 60.4294 3
      vertex 92.85 60.5278 3
    endloop
  endfacet
  facet normal 0 0 1
    outer loop
      vertex 92.44 63.6421 3
      vertex 92.6506 60.4294 3
      vertex 92.6506 63.5706 3
    endloop
  endfacet
  facet normal 0 0 1
    outer loop
      vertex 92.44 63.6421 3
      vertex 92.44 60.3579 3
      vertex 92.6506 60.4294 3
    endloop
  endfacet
  facet normal 0 0 1
    outer loop
      vertex 92.2219 63.6855 3
      vertex 92.44 60.3579 3
      vertex 92.44 63.6421 3
    endloop
  endfacet
  facet normal 0 0 1
    outer loop
      vertex 92.2219 63.6855 3
      vertex 92.2219 60.3145 3
      vertex 92.44 60.3579 3
    endloop
  endfacet
  facet normal 0 0 1
    outer loop
      vertex 92 63.7 3
      vertex 92.2219 60.3145 3
      vertex 92.2219 63.6855 3
    endloop
  endfacet
  facet normal 0 0 1
    outer loop
      vertex 92 63.7 3
      vertex 92 60.3 3
      vertex 92.2219 60.3145 3
    endloop
  endfacet
  facet normal -0 0 1
    outer loop
      vertex 91.7781 63.6855 3
      vertex 92 60.3 3
      vertex 92 63.7 3
    endloop
  endfacet
  facet normal 0 0 1
    outer loop
      vertex 91.7781 63.6855 3
      vertex 91.7781 60.3145 3
      vertex 92 60.3 3
    endloop
  endfacet
  facet normal -0 0 1
    outer loop
      vertex 91.56 63.6421 3
      vertex 91.7781 60.3145 3
      vertex 91.7781 63.6855 3
    endloop
  endfacet
  facet normal 0 0 1
    outer loop
      vertex 91.56 63.6421 3
      vertex 91.56 60.3579 3
      vertex 91.7781 60.3145 3
    endloop
  endfacet
  facet normal -0 0 1
    outer loop
      vertex 91.3494 63.5706 3
      vertex 91.56 60.3579 3
      vertex 91.56 63.6421 3
    endloop
  endfacet
  facet normal 0 0 1
    outer loop
      vertex 91.3494 63.5706 3
      vertex 91.3494 60.4294 3
      vertex 91.56 60.3579 3
    endloop
  endfacet
  facet normal -0 0 1
    outer loop
      vertex 91.15 63.4722 3
      vertex 91.3494 60.4294 3
      vertex 91.3494 63.5706 3
    endloop
  endfacet
  facet normal 0 0 1
    outer loop
      vertex 91.15 63.4722 3
      vertex 91.15 60.5278 3
      vertex 91.3494 60.4294 3
    endloop
  endfacet
  facet normal -0 0 1
    outer loop
      vertex 90.9651 63.3487 3
      vertex 91.15 60.5278 3
      vertex 91.15 63.4722 3
    endloop
  endfacet
  facet normal 0 0 1
    outer loop
      vertex 90.9651 63.3487 3
      vertex 90.9651 60.6513 3
      vertex 91.15 60.5278 3
    endloop
  endfacet
  facet normal -0 0 1
    outer loop
      vertex 90.7979 63.2021 3
      vertex 90.9651 60.6513 3
      vertex 90.9651 63.3487 3
    endloop
  endfacet
  facet normal 0 0 1
    outer loop
      vertex 90.7979 63.2021 3
      vertex 90.7979 60.7979 3
      vertex 90.9651 60.6513 3
    endloop
  endfacet
  facet normal -0 0 1
    outer loop
      vertex 90.6513 63.0349 3
      vertex 90.7979 60.7979 3
      vertex 90.7979 63.2021 3
    endloop
  endfacet
  facet normal 0 0 1
    outer loop
      vertex 90.6513 63.0349 3
      vertex 90.6513 60.9651 3
      vertex 90.7979 60.7979 3
    endloop
  endfacet
  facet normal -0 0 1
    outer loop
      vertex 90.5278 62.85 3
      vertex 90.6513 60.9651 3
      vertex 90.6513 63.0349 3
    endloop
  endfacet
  facet normal 0 0 1
    outer loop
      vertex 90.5278 62.85 3
      vertex 90.5278 61.15 3
      vertex 90.6513 60.9651 3
    endloop
  endfacet
  facet normal -0 0 1
    outer loop
      vertex 90.4294 62.6506 3
      vertex 90.5278 61.15 3
      vertex 90.5278 62.85 3
    endloop
  endfacet
  facet normal 0 0 1
    outer loop
      vertex 90.4294 62.6506 3
      vertex 90.4294 61.3494 3
      vertex 90.5278 61.15 3
    endloop
  endfacet
  facet normal -0 0 1
    outer loop
      vertex 90.3579 62.44 3
      vertex 90.4294 61.3494 3
      vertex 90.4294 62.6506 3
    endloop
  endfacet
  facet normal 0 0 1
    outer loop
      vertex 90.3579 62.44 3
      vertex 90.3579 61.56 3
      vertex 90.4294 61.3494 3
    endloop
  endfacet
  facet normal -0 0 1
    outer loop
      vertex 90.3145 62.2219 3
      vertex 90.3579 61.56 3
      vertex 90.3579 62.44 3
    endloop
  endfacet
  facet normal 0 0 1
    outer loop
      vertex 90.3145 62.2219 3
      vertex 90.3145 61.7781 3
      vertex 90.3579 61.56 3
    endloop
  endfacet
  facet normal 0 -0 1
    outer loop
      vertex 90.3145 61.7781 3
      vertex 90.3145 62.2219 3
      vertex 90.3 62 3
    endloop
  endfacet
  facet normal 1 0 0
    outer loop
      vertex 100 34 7
      vertex 100 0 7
      vertex 100 34 5
    endloop
  endfacet
  facet normal 1 0 0
    outer loop
      vertex 100 42 5
      vertex 100 70 7
      vertex 100 42 7
    endloop
  endfacet
  facet normal 1 0 0
    outer loop
      vertex 100 70 7
      vertex 100 42 5
      vertex 100 70 0
    endloop
  endfacet
  facet normal 1 -0 0
    outer loop
      vertex 100 34 5
      vertex 100 70 0
      vertex 100 42 5
    endloop
  endfacet
  facet normal 1 0 0
    outer loop
      vertex 100 0 0
      vertex 100 34 5
      vertex 100 0 7
    endloop
  endfacet
  facet normal 1 0 0
    outer loop
      vertex 100 34 5
      vertex 100 0 0
      vertex 100 70 0
    endloop
  endfacet
  facet normal 0 0 -1
    outer loop
      vertex 28.4804 27.3 0
      vertex 23.5196 27.3 0
      vertex 28.524 27.3653 0
    endloop
  endfacet
  facet normal 0 0 -1
    outer loop
      vertex 28.5757 32.5757 0
      vertex 23.5949 32.9217 0
      vertex 23.6 33 0
    endloop
  endfacet
  facet normal 0 0 -1
    outer loop
      vertex 23.476 27.3653 0
      vertex 28.524 27.3653 0
      vertex 23.5196 27.3 0
    endloop
  endfacet
  facet normal 0 0 -1
    outer loop
      vertex 28.5757 32.5757 0
      vertex 23.5796 32.8447 0
      vertex 23.5949 32.9217 0
    endloop
  endfacet
  facet normal 0 0 -1
    outer loop
      vertex 28.524 27.3653 0
      vertex 23.476 27.3653 0
      vertex 28.5757 27.4243 0
    endloop
  endfacet
  facet normal 0 0 -1
    outer loop
      vertex 28.5757 32.5757 0
      vertex 23.5543 32.7704 0
      vertex 23.5796 32.8447 0
    endloop
  endfacet
  facet normal 0 0 -1
    outer loop
      vertex 23.4243 27.4243 0
      vertex 28.5757 27.4243 0
      vertex 23.476 27.3653 0
    endloop
  endfacet
  facet normal 0 0 -1
    outer loop
      vertex 28.5757 32.5757 0
      vertex 23.5196 32.7 0
      vertex 23.5543 32.7704 0
    endloop
  endfacet
  facet normal 0 0 -1
    outer loop
      vertex 28.5757 27.4243 0
      vertex 23.4243 27.4243 0
      vertex 28.5757 32.5757 0
    endloop
  endfacet
  facet normal 0 0 -1
    outer loop
      vertex 28.5757 32.5757 0
      vertex 23.476 32.6347 0
      vertex 23.5196 32.7 0
    endloop
  endfacet
  facet normal 0 0 -1
    outer loop
      vertex 23.4243 32.5757 0
      vertex 28.5757 32.5757 0
      vertex 23.4243 27.4243 0
    endloop
  endfacet
  facet normal 0 0 -1
    outer loop
      vertex 28.5757 32.5757 0
      vertex 23.4243 32.5757 0
      vertex 23.476 32.6347 0
    endloop
  endfacet
  facet normal 0 0 -1
    outer loop
      vertex 23.3653 27.476 0
      vertex 23.4243 32.5757 0
      vertex 23.4243 27.4243 0
    endloop
  endfacet
  facet normal 0 0 -1
    outer loop
      vertex 23.3653 27.476 0
      vertex 23.3653 32.524 0
      vertex 23.4243 32.5757 0
    endloop
  endfacet
  facet normal 0 0 -1
    outer loop
      vertex 23.3 27.5196 0
      vertex 23.3653 32.524 0
      vertex 23.3653 27.476 0
    endloop
  endfacet
  facet normal 0 0 -1
    outer loop
      vertex 23.3 27.5196 0
      vertex 23.3 32.4804 0
      vertex 23.3653 32.524 0
    endloop
  endfacet
  facet normal 0 0 -1
    outer loop
      vertex 23.2296 27.5543 0
      vertex 23.3 32.4804 0
      vertex 23.3 27.5196 0
    endloop
  endfacet
  facet normal 0 0 -1
    outer loop
      vertex 23.2296 27.5543 0
      vertex 23.2296 32.4457 0
      vertex 23.3 32.4804 0
    endloop
  endfacet
  facet normal 0 0 -1
    outer loop
      vertex 23.1553 27.5796 0
      vertex 23.2296 32.4457 0
      vertex 23.2296 27.5543 0
    endloop
  endfacet
  facet normal 0 0 -1
    outer loop
      vertex 23.1553 27.5796 0
      vertex 23.1553 32.4204 0
      vertex 23.2296 32.4457 0
    endloop
  endfacet
  facet normal 0 0 -1
    outer loop
      vertex 23.0783 27.5949 0
      vertex 23.1553 32.4204 0
      vertex 23.1553 27.5796 0
    endloop
  endfacet
  facet normal 0 0 -1
    outer loop
      vertex 23.0783 27.5949 0
      vertex 23.0783 32.4051 0
      vertex 23.1553 32.4204 0
    endloop
  endfacet
  facet normal 0 0 -1
    outer loop
      vertex 23 27.6 0
      vertex 23.0783 32.4051 0
      vertex 23.0783 27.5949 0
    endloop
  endfacet
  facet normal 0 0 -1
    outer loop
      vertex 23 27.6 0
      vertex 23 32.4 0
      vertex 23.0783 32.4051 0
    endloop
  endfacet
  facet normal 0 0 -1
    outer loop
      vertex 22.9217 27.5949 0
      vertex 23 32.4 0
      vertex 23 27.6 0
    endloop
  endfacet
  facet normal 0 0 -1
    outer loop
      vertex 22.9217 27.5949 0
      vertex 22.9217 32.4051 0
      vertex 23 32.4 0
    endloop
  endfacet
  facet normal 0 0 -1
    outer loop
      vertex 22.8447 27.5796 0
      vertex 22.9217 32.4051 0
      vertex 22.9217 27.5949 0
    endloop
  endfacet
  facet normal 0 0 -1
    outer loop
      vertex 22.8447 27.5796 0
      vertex 22.8447 32.4204 0
      vertex 22.9217 32.4051 0
    endloop
  endfacet
  facet normal 0 0 -1
    outer loop
      vertex 22.7704 27.5543 0
      vertex 22.8447 32.4204 0
      vertex 22.8447 27.5796 0
    endloop
  endfacet
  facet normal 0 0 -1
    outer loop
      vertex 22.7704 27.5543 0
      vertex 22.7704 32.4457 0
      vertex 22.8447 32.4204 0
    endloop
  endfacet
  facet normal 0 0 -1
    outer loop
      vertex 22.7 27.5196 0
      vertex 22.7704 32.4457 0
      vertex 22.7704 27.5543 0
    endloop
  endfacet
  facet normal 0 0 -1
    outer loop
      vertex 22.7 27.5196 0
      vertex 22.7 32.4804 0
      vertex 22.7704 32.4457 0
    endloop
  endfacet
  facet normal 0 0 -1
    outer loop
      vertex 22.6347 27.476 0
      vertex 22.7 32.4804 0
      vertex 22.7 27.5196 0
    endloop
  endfacet
  facet normal 0 0 -1
    outer loop
      vertex 22.6347 27.476 0
      vertex 22.6347 32.524 0
      vertex 22.7 32.4804 0
    endloop
  endfacet
  facet normal 0 0 -1
    outer loop
      vertex 22.5757 27.4243 0
      vertex 22.6347 32.524 0
      vertex 22.6347 27.476 0
    endloop
  endfacet
  facet normal 0 0 -1
    outer loop
      vertex 22.5757 27.4243 0
      vertex 22.5757 32.5757 0
      vertex 22.6347 32.524 0
    endloop
  endfacet
  facet normal 0 0 -1
    outer loop
      vertex 22.524 27.3653 0
      vertex 22.5757 32.5757 0
      vertex 22.5757 27.4243 0
    endloop
  endfacet
  facet normal 0 0 -1
    outer loop
      vertex 22.524 27.3653 0
      vertex 22.524 32.6347 0
      vertex 22.5757 32.5757 0
    endloop
  endfacet
  facet normal 0 0 -1
    outer loop
      vertex 22.4804 27.3 0
      vertex 22.524 32.6347 0
      vertex 22.524 27.3653 0
    endloop
  endfacet
  facet normal 0 0 -1
    outer loop
      vertex 22.4804 27.3 0
      vertex 22.4804 32.7 0
      vertex 22.524 32.6347 0
    endloop
  endfacet
  facet normal 0 0 -1
    outer loop
      vertex 22.4457 27.2296 0
      vertex 22.4804 32.7 0
      vertex 22.4804 27.3 0
    endloop
  endfacet
  facet normal 0 0 -1
    outer loop
      vertex 22.4457 27.2296 0
      vertex 22.4457 32.7704 0
      vertex 22.4804 32.7 0
    endloop
  endfacet
  facet normal 0 0 -1
    outer loop
      vertex 22.4204 27.1553 0
      vertex 22.4457 32.7704 0
      vertex 22.4457 27.2296 0
    endloop
  endfacet
  facet normal 0 0 -1
    outer loop
      vertex 22.4204 27.1553 0
      vertex 22.4204 32.8447 0
      vertex 22.4457 32.7704 0
    endloop
  endfacet
  facet normal 0 0 -1
    outer loop
      vertex 22.4051 27.0783 0
      vertex 22.4204 32.8447 0
      vertex 22.4204 27.1553 0
    endloop
  endfacet
  facet normal 0 0 -1
    outer loop
      vertex 22.4051 27.0783 0
      vertex 22.4051 32.9217 0
      vertex 22.4204 32.8447 0
    endloop
  endfacet
  facet normal 0 0 -1
    outer loop
      vertex 0 0 0
      vertex 22.4051 27.0783 0
      vertex 22.4 27 0
    endloop
  endfacet
  facet normal -0 0 -1
    outer loop
      vertex 22.4051 27.0783 0
      vertex 0 0 0
      vertex 22.4051 32.9217 0
    endloop
  endfacet
  facet normal 0 0 -1
    outer loop
      vertex 28.4804 21.3 0
      vertex 23.5196 21.3 0
      vertex 28.524 21.3653 0
    endloop
  endfacet
  facet normal 0 0 -1
    outer loop
      vertex 28.5757 26.5757 0
      vertex 23.5949 26.9217 0
      vertex 23.6 27 0
    endloop
  endfacet
  facet normal 0 0 -1
    outer loop
      vertex 23.476 21.3653 0
      vertex 28.524 21.3653 0
      vertex 23.5196 21.3 0
    endloop
  endfacet
  facet normal 0 0 -1
    outer loop
      vertex 28.5757 26.5757 0
      vertex 23.5796 26.8447 0
      vertex 23.5949 26.9217 0
    endloop
  endfacet
  facet normal 0 0 -1
    outer loop
      vertex 28.524 21.3653 0
      vertex 23.476 21.3653 0
      vertex 28.5757 21.4243 0
    endloop
  endfacet
  facet normal 0 0 -1
    outer loop
      vertex 28.5757 26.5757 0
      vertex 23.5543 26.7704 0
      vertex 23.5796 26.8447 0
    endloop
  endfacet
  facet normal 0 0 -1
    outer loop
      vertex 23.4243 21.4243 0
      vertex 28.5757 21.4243 0
      vertex 23.476 21.3653 0
    endloop
  endfacet
  facet normal 0 0 -1
    outer loop
      vertex 28.5757 26.5757 0
      vertex 23.5196 26.7 0
      vertex 23.5543 26.7704 0
    endloop
  endfacet
  facet normal 0 0 -1
    outer loop
      vertex 28.5757 21.4243 0
      vertex 23.4243 21.4243 0
      vertex 28.5757 26.5757 0
    endloop
  endfacet
  facet normal 0 0 -1
    outer loop
      vertex 28.5757 26.5757 0
      vertex 23.476 26.6347 0
      vertex 23.5196 26.7 0
    endloop
  endfacet
  facet normal 0 0 -1
    outer loop
      vertex 23.4243 26.5757 0
      vertex 28.5757 26.5757 0
      vertex 23.4243 21.4243 0
    endloop
  endfacet
  facet normal 0 0 -1
    outer loop
      vertex 28.5757 26.5757 0
      vertex 23.4243 26.5757 0
      vertex 23.476 26.6347 0
    endloop
  endfacet
  facet normal 0 0 -1
    outer loop
      vertex 23.3653 21.476 0
      vertex 23.4243 26.5757 0
      vertex 23.4243 21.4243 0
    endloop
  endfacet
  facet normal 0 0 -1
    outer loop
      vertex 23.3653 21.476 0
      vertex 23.3653 26.524 0
      vertex 23.4243 26.5757 0
    endloop
  endfacet
  facet normal 0 0 -1
    outer loop
      vertex 23.3 21.5196 0
      vertex 23.3653 26.524 0
      vertex 23.3653 21.476 0
    endloop
  endfacet
  facet normal 0 0 -1
    outer loop
      vertex 23.3 21.5196 0
      vertex 23.3 26.4804 0
      vertex 23.3653 26.524 0
    endloop
  endfacet
  facet normal 0 0 -1
    outer loop
      vertex 23.2296 21.5543 0
      vertex 23.3 26.4804 0
      vertex 23.3 21.5196 0
    endloop
  endfacet
  facet normal 0 0 -1
    outer loop
      vertex 23.2296 21.5543 0
      vertex 23.2296 26.4457 0
      vertex 23.3 26.4804 0
    endloop
  endfacet
  facet normal 0 0 -1
    outer loop
      vertex 23.1553 21.5796 0
      vertex 23.2296 26.4457 0
      vertex 23.2296 21.5543 0
    endloop
  endfacet
  facet normal 0 0 -1
    outer loop
      vertex 23.1553 21.5796 0
      vertex 23.1553 26.4204 0
      vertex 23.2296 26.4457 0
    endloop
  endfacet
  facet normal 0 0 -1
    outer loop
      vertex 23.0783 21.5949 0
      vertex 23.1553 26.4204 0
      vertex 23.1553 21.5796 0
    endloop
  endfacet
  facet normal 0 0 -1
    outer loop
      vertex 23.0783 21.5949 0
      vertex 23.0783 26.4051 0
      vertex 23.1553 26.4204 0
    endloop
  endfacet
  facet normal 0 0 -1
    outer loop
      vertex 23 21.6 0
      vertex 23.0783 26.4051 0
      vertex 23.0783 21.5949 0
    endloop
  endfacet
  facet normal 0 0 -1
    outer loop
      vertex 23 21.6 0
      vertex 23 26.4 0
      vertex 23.0783 26.4051 0
    endloop
  endfacet
  facet normal 0 0 -1
    outer loop
      vertex 22.9217 21.5949 0
      vertex 23 26.4 0
      vertex 23 21.6 0
    endloop
  endfacet
  facet normal 0 0 -1
    outer loop
      vertex 22.9217 21.5949 0
      vertex 22.9217 26.4051 0
      vertex 23 26.4 0
    endloop
  endfacet
  facet normal 0 0 -1
    outer loop
      vertex 22.8447 21.5796 0
      vertex 22.9217 26.4051 0
      vertex 22.9217 21.5949 0
    endloop
  endfacet
  facet normal 0 0 -1
    outer loop
      vertex 22.8447 21.5796 0
      vertex 22.8447 26.4204 0
      vertex 22.9217 26.4051 0
    endloop
  endfacet
  facet normal 0 0 -1
    outer loop
      vertex 22.7704 21.5543 0
      vertex 22.8447 26.4204 0
      vertex 22.8447 21.5796 0
    endloop
  endfacet
  facet normal 0 0 -1
    outer loop
      vertex 22.7704 21.5543 0
      vertex 22.7704 26.4457 0
      vertex 22.8447 26.4204 0
    endloop
  endfacet
  facet normal 0 0 -1
    outer loop
      vertex 22.7 21.5196 0
      vertex 22.7704 26.4457 0
      vertex 22.7704 21.5543 0
    endloop
  endfacet
  facet normal 0 0 -1
    outer loop
      vertex 22.7 21.5196 0
      vertex 22.7 26.4804 0
      vertex 22.7704 26.4457 0
    endloop
  endfacet
  facet normal 0 0 -1
    outer loop
      vertex 22.6347 21.476 0
      vertex 22.7 26.4804 0
      vertex 22.7 21.5196 0
    endloop
  endfacet
  facet normal 0 0 -1
    outer loop
      vertex 22.6347 21.476 0
      vertex 22.6347 26.524 0
      vertex 22.7 26.4804 0
    endloop
  endfacet
  facet normal 0 0 -1
    outer loop
      vertex 22.5757 21.4243 0
      vertex 22.6347 26.524 0
      vertex 22.6347 21.476 0
    endloop
  endfacet
  facet normal 0 0 -1
    outer loop
      vertex 22.5757 21.4243 0
      vertex 22.5757 26.5757 0
      vertex 22.6347 26.524 0
    endloop
  endfacet
  facet normal 0 0 -1
    outer loop
      vertex 22.524 21.3653 0
      vertex 22.5757 26.5757 0
      vertex 22.5757 21.4243 0
    endloop
  endfacet
  facet normal 0 0 -1
    outer loop
      vertex 22.524 21.3653 0
      vertex 22.524 26.6347 0
      vertex 22.5757 26.5757 0
    endloop
  endfacet
  facet normal 0 0 -1
    outer loop
      vertex 22.4804 21.3 0
      vertex 22.524 26.6347 0
      vertex 22.524 21.3653 0
    endloop
  endfacet
  facet normal 0 0 -1
    outer loop
      vertex 22.4804 21.3 0
      vertex 22.4804 26.7 0
      vertex 22.524 26.6347 0
    endloop
  endfacet
  facet normal 0 0 -1
    outer loop
      vertex 22.4457 21.2296 0
      vertex 22.4804 26.7 0
      vertex 22.4804 21.3 0
    endloop
  endfacet
  facet normal 0 0 -1
    outer loop
      vertex 22.4457 21.2296 0
      vertex 22.4457 26.7704 0
      vertex 22.4804 26.7 0
    endloop
  endfacet
  facet normal 0 0 -1
    outer loop
      vertex 22.4204 21.1553 0
      vertex 22.4457 26.7704 0
      vertex 22.4457 21.2296 0
    endloop
  endfacet
  facet normal 0 0 -1
    outer loop
      vertex 22.4204 21.1553 0
      vertex 22.4204 26.8447 0
      vertex 22.4457 26.7704 0
    endloop
  endfacet
  facet normal 0 0 -1
    outer loop
      vertex 22.4051 21.0783 0
      vertex 22.4204 26.8447 0
      vertex 22.4204 21.1553 0
    endloop
  endfacet
  facet normal 0 0 -1
    outer loop
      vertex 22.4051 21.0783 0
      vertex 22.4051 26.9217 0
      vertex 22.4204 26.8447 0
    endloop
  endfacet
  facet normal 0 0 -1
    outer loop
      vertex 0 0 0
      vertex 22.4051 21.0783 0
      vertex 22.4 21 0
    endloop
  endfacet
  facet normal -0 0 -1
    outer loop
      vertex 22.4051 21.0783 0
      vertex 0 0 0
      vertex 22.4051 26.9217 0
    endloop
  endfacet
  facet normal 0 0 -1
    outer loop
      vertex 34.4804 27.3 0
      vertex 29.5196 27.3 0
      vertex 34.524 27.3653 0
    endloop
  endfacet
  facet normal 0 0 -1
    outer loop
      vertex 34.5757 32.5757 0
      vertex 29.5949 32.9217 0
      vertex 29.6 33 0
    endloop
  endfacet
  facet normal 0 0 -1
    outer loop
      vertex 29.476 27.3653 0
      vertex 34.524 27.3653 0
      vertex 29.5196 27.3 0
    endloop
  endfacet
  facet normal 0 0 -1
    outer loop
      vertex 34.5757 32.5757 0
      vertex 29.5796 32.8447 0
      vertex 29.5949 32.9217 0
    endloop
  endfacet
  facet normal 0 0 -1
    outer loop
      vertex 34.524 27.3653 0
      vertex 29.476 27.3653 0
      vertex 34.5757 27.4243 0
    endloop
  endfacet
  facet normal 0 0 -1
    outer loop
      vertex 34.5757 32.5757 0
      vertex 29.5543 32.7704 0
      vertex 29.5796 32.8447 0
    endloop
  endfacet
  facet normal 0 0 -1
    outer loop
      vertex 29.4243 27.4243 0
      vertex 34.5757 27.4243 0
      vertex 29.476 27.3653 0
    endloop
  endfacet
  facet normal 0 0 -1
    outer loop
      vertex 34.5757 32.5757 0
      vertex 29.5196 32.7 0
      vertex 29.5543 32.7704 0
    endloop
  endfacet
  facet normal 0 0 -1
    outer loop
      vertex 34.5757 27.4243 0
      vertex 29.4243 27.4243 0
      vertex 34.5757 32.5757 0
    endloop
  endfacet
  facet normal 0 0 -1
    outer loop
      vertex 34.5757 32.5757 0
      vertex 29.476 32.6347 0
      vertex 29.5196 32.7 0
    endloop
  endfacet
  facet normal 0 0 -1
    outer loop
      vertex 29.4243 32.5757 0
      vertex 34.5757 32.5757 0
      vertex 29.4243 27.4243 0
    endloop
  endfacet
  facet normal 0 0 -1
    outer loop
      vertex 34.5757 32.5757 0
      vertex 29.4243 32.5757 0
      vertex 29.476 32.6347 0
    endloop
  endfacet
  facet normal 0 0 -1
    outer loop
      vertex 29.3653 27.476 0
      vertex 29.4243 32.5757 0
      vertex 29.4243 27.4243 0
    endloop
  endfacet
  facet normal 0 0 -1
    outer loop
      vertex 29.3653 27.476 0
      vertex 29.3653 32.524 0
      vertex 29.4243 32.5757 0
    endloop
  endfacet
  facet normal 0 0 -1
    outer loop
      vertex 29.3 27.5196 0
      vertex 29.3653 32.524 0
      vertex 29.3653 27.476 0
    endloop
  endfacet
  facet normal 0 0 -1
    outer loop
      vertex 29.3 27.5196 0
      vertex 29.3 32.4804 0
      vertex 29.3653 32.524 0
    endloop
  endfacet
  facet normal 0 0 -1
    outer loop
      vertex 29.2296 27.5543 0
      vertex 29.3 32.4804 0
      vertex 29.3 27.5196 0
    endloop
  endfacet
  facet normal 0 0 -1
    outer loop
      vertex 29.2296 27.5543 0
      vertex 29.2296 32.4457 0
      vertex 29.3 32.4804 0
    endloop
  endfacet
  facet normal 0 0 -1
    outer loop
      vertex 29.1553 27.5796 0
      vertex 29.2296 32.4457 0
      vertex 29.2296 27.5543 0
    endloop
  endfacet
  facet normal 0 0 -1
    outer loop
      vertex 29.1553 27.5796 0
      vertex 29.1553 32.4204 0
      vertex 29.2296 32.4457 0
    endloop
  endfacet
  facet normal 0 0 -1
    outer loop
      vertex 29.0783 27.5949 0
      vertex 29.1553 32.4204 0
      vertex 29.1553 27.5796 0
    endloop
  endfacet
  facet normal 0 0 -1
    outer loop
      vertex 29.0783 27.5949 0
      vertex 29.0783 32.4051 0
      vertex 29.1553 32.4204 0
    endloop
  endfacet
  facet normal 0 0 -1
    outer loop
      vertex 29 27.6 0
      vertex 29.0783 32.4051 0
      vertex 29.0783 27.5949 0
    endloop
  endfacet
  facet normal 0 0 -1
    outer loop
      vertex 29 27.6 0
      vertex 29 32.4 0
      vertex 29.0783 32.4051 0
    endloop
  endfacet
  facet normal 0 0 -1
    outer loop
      vertex 28.9217 27.5949 0
      vertex 29 32.4 0
      vertex 29 27.6 0
    endloop
  endfacet
  facet normal 0 0 -1
    outer loop
      vertex 28.9217 27.5949 0
      vertex 28.9217 32.4051 0
      vertex 29 32.4 0
    endloop
  endfacet
  facet normal 0 0 -1
    outer loop
      vertex 28.8447 27.5796 0
      vertex 28.9217 32.4051 0
      vertex 28.9217 27.5949 0
    endloop
  endfacet
  facet normal 0 0 -1
    outer loop
      vertex 28.8447 27.5796 0
      vertex 28.8447 32.4204 0
      vertex 28.9217 32.4051 0
    endloop
  endfacet
  facet normal 0 0 -1
    outer loop
      vertex 28.7704 27.5543 0
      vertex 28.8447 32.4204 0
      vertex 28.8447 27.5796 0
    endloop
  endfacet
  facet normal 0 0 -1
    outer loop
      vertex 28.7704 27.5543 0
      vertex 28.7704 32.4457 0
      vertex 28.8447 32.4204 0
    endloop
  endfacet
  facet normal 0 0 -1
    outer loop
      vertex 28.7 27.5196 0
      vertex 28.7704 32.4457 0
      vertex 28.7704 27.5543 0
    endloop
  endfacet
  facet normal 0 0 -1
    outer loop
      vertex 28.7 27.5196 0
      vertex 28.7 32.4804 0
      vertex 28.7704 32.4457 0
    endloop
  endfacet
  facet normal 0 0 -1
    outer loop
      vertex 28.6347 27.476 0
      vertex 28.7 32.4804 0
      vertex 28.7 27.5196 0
    endloop
  endfacet
  facet normal 0 0 -1
    outer loop
      vertex 28.6347 27.476 0
      vertex 28.6347 32.524 0
      vertex 28.7 32.4804 0
    endloop
  endfacet
  facet normal 0 0 -1
    outer loop
      vertex 28.5757 27.4243 0
      vertex 28.6347 32.524 0
      vertex 28.6347 27.476 0
    endloop
  endfacet
  facet normal 0 0 -1
    outer loop
      vertex 28.5757 27.4243 0
      vertex 28.5757 32.5757 0
      vertex 28.6347 32.524 0
    endloop
  endfacet
  facet normal 0 0 -1
    outer loop
      vertex 23.5543 27.2296 0
      vertex 28.4457 27.2296 0
      vertex 23.5796 27.1553 0
    endloop
  endfacet
  facet normal 0 0 -1
    outer loop
      vertex 28.4457 27.2296 0
      vertex 23.5543 27.2296 0
      vertex 28.4804 27.3 0
    endloop
  endfacet
  facet normal 0 0 -1
    outer loop
      vertex 28.4204 27.1553 0
      vertex 23.5796 27.1553 0
      vertex 28.4457 27.2296 0
    endloop
  endfacet
  facet normal 0 0 -1
    outer loop
      vertex 23.5196 27.3 0
      vertex 28.4804 27.3 0
      vertex 23.5543 27.2296 0
    endloop
  endfacet
  facet normal 0 0 -1
    outer loop
      vertex 23.5796 27.1553 0
      vertex 28.4204 27.1553 0
      vertex 23.5949 27.0783 0
    endloop
  endfacet
  facet normal 0 0 -1
    outer loop
      vertex 28.5757 32.5757 0
      vertex 23.6 33 0
      vertex 28.524 32.6347 0
    endloop
  endfacet
  facet normal 0 0 -1
    outer loop
      vertex 28.4051 27.0783 0
      vertex 23.5949 27.0783 0
      vertex 28.4204 27.1553 0
    endloop
  endfacet
  facet normal 0 0 -1
    outer loop
      vertex 28.524 32.6347 0
      vertex 23.6 33 0
      vertex 28.4804 32.7 0
    endloop
  endfacet
  facet normal 0 0 -1
    outer loop
      vertex 23.5949 27.0783 0
      vertex 28.4051 27.0783 0
      vertex 23.6 27 0
    endloop
  endfacet
  facet normal 0 0 -1
    outer loop
      vertex 28.4804 32.7 0
      vertex 23.6 33 0
      vertex 28.4457 32.7704 0
    endloop
  endfacet
  facet normal 0 0 -1
    outer loop
      vertex 23.6 27 0
      vertex 28.4051 27.0783 0
      vertex 28.4 27 0
    endloop
  endfacet
  facet normal 0 0 -1
    outer loop
      vertex 28.4457 32.7704 0
      vertex 23.6 33 0
      vertex 28.4204 32.8447 0
    endloop
  endfacet
  facet normal 0 0 -1
    outer loop
      vertex 34.4804 21.3 0
      vertex 29.5196 21.3 0
      vertex 34.524 21.3653 0
    endloop
  endfacet
  facet normal 0 0 -1
    outer loop
      vertex 34.5757 26.5757 0
      vertex 29.5949 26.9217 0
      vertex 29.6 27 0
    endloop
  endfacet
  facet normal 0 0 -1
    outer loop
      vertex 29.476 21.3653 0
      vertex 34.524 21.3653 0
      vertex 29.5196 21.3 0
    endloop
  endfacet
  facet normal 0 0 -1
    outer loop
      vertex 34.5757 26.5757 0
      vertex 29.5796 26.8447 0
      vertex 29.5949 26.9217 0
    endloop
  endfacet
  facet normal 0 0 -1
    outer loop
      vertex 34.524 21.3653 0
      vertex 29.476 21.3653 0
      vertex 34.5757 21.4243 0
    endloop
  endfacet
  facet normal 0 0 -1
    outer loop
      vertex 34.5757 26.5757 0
      vertex 29.5543 26.7704 0
      vertex 29.5796 26.8447 0
    endloop
  endfacet
  facet normal 0 0 -1
    outer loop
      vertex 29.4243 21.4243 0
      vertex 34.5757 21.4243 0
      vertex 29.476 21.3653 0
    endloop
  endfacet
  facet normal 0 0 -1
    outer loop
      vertex 34.5757 26.5757 0
      vertex 29.5196 26.7 0
      vertex 29.5543 26.7704 0
    endloop
  endfacet
  facet normal 0 0 -1
    outer loop
      vertex 34.5757 21.4243 0
      vertex 29.4243 21.4243 0
      vertex 34.5757 26.5757 0
    endloop
  endfacet
  facet normal 0 0 -1
    outer loop
      vertex 34.5757 26.5757 0
      vertex 29.476 26.6347 0
      vertex 29.5196 26.7 0
    endloop
  endfacet
  facet normal 0 0 -1
    outer loop
      vertex 29.4243 26.5757 0
      vertex 34.5757 26.5757 0
      vertex 29.4243 21.4243 0
    endloop
  endfacet
  facet normal 0 0 -1
    outer loop
      vertex 34.5757 26.5757 0
      vertex 29.4243 26.5757 0
      vertex 29.476 26.6347 0
    endloop
  endfacet
  facet normal 0 0 -1
    outer loop
      vertex 29.3653 21.476 0
      vertex 29.4243 26.5757 0
      vertex 29.4243 21.4243 0
    endloop
  endfacet
  facet normal 0 0 -1
    outer loop
      vertex 29.3653 21.476 0
      vertex 29.3653 26.524 0
      vertex 29.4243 26.5757 0
    endloop
  endfacet
  facet normal 0 0 -1
    outer loop
      vertex 29.3 21.5196 0
      vertex 29.3653 26.524 0
      vertex 29.3653 21.476 0
    endloop
  endfacet
  facet normal 0 0 -1
    outer loop
      vertex 29.3 21.5196 0
      vertex 29.3 26.4804 0
      vertex 29.3653 26.524 0
    endloop
  endfacet
  facet normal 0 0 -1
    outer loop
      vertex 29.2296 21.5543 0
      vertex 29.3 26.4804 0
      vertex 29.3 21.5196 0
    endloop
  endfacet
  facet normal 0 0 -1
    outer loop
      vertex 29.2296 21.5543 0
      vertex 29.2296 26.4457 0
      vertex 29.3 26.4804 0
    endloop
  endfacet
  facet normal 0 0 -1
    outer loop
      vertex 29.1553 21.5796 0
      vertex 29.2296 26.4457 0
      vertex 29.2296 21.5543 0
    endloop
  endfacet
  facet normal 0 0 -1
    outer loop
      vertex 29.1553 21.5796 0
      vertex 29.1553 26.4204 0
      vertex 29.2296 26.4457 0
    endloop
  endfacet
  facet normal 0 0 -1
    outer loop
      vertex 29.0783 21.5949 0
      vertex 29.1553 26.4204 0
      vertex 29.1553 21.5796 0
    endloop
  endfacet
  facet normal 0 0 -1
    outer loop
      vertex 29.0783 21.5949 0
      vertex 29.0783 26.4051 0
      vertex 29.1553 26.4204 0
    endloop
  endfacet
  facet normal 0 0 -1
    outer loop
      vertex 29 21.6 0
      vertex 29.0783 26.4051 0
      vertex 29.0783 21.5949 0
    endloop
  endfacet
  facet normal 0 0 -1
    outer loop
      vertex 29 21.6 0
      vertex 29 26.4 0
      vertex 29.0783 26.4051 0
    endloop
  endfacet
  facet normal 0 0 -1
    outer loop
      vertex 28.9217 21.5949 0
      vertex 29 26.4 0
      vertex 29 21.6 0
    endloop
  endfacet
  facet normal 0 0 -1
    outer loop
      vertex 28.9217 21.5949 0
      vertex 28.9217 26.4051 0
      vertex 29 26.4 0
    endloop
  endfacet
  facet normal 0 0 -1
    outer loop
      vertex 28.8447 21.5796 0
      vertex 28.9217 26.4051 0
      vertex 28.9217 21.5949 0
    endloop
  endfacet
  facet normal 0 0 -1
    outer loop
      vertex 28.8447 21.5796 0
      vertex 28.8447 26.4204 0
      vertex 28.9217 26.4051 0
    endloop
  endfacet
  facet normal 0 0 -1
    outer loop
      vertex 28.7704 21.5543 0
      vertex 28.8447 26.4204 0
      vertex 28.8447 21.5796 0
    endloop
  endfacet
  facet normal 0 0 -1
    outer loop
      vertex 28.7704 21.5543 0
      vertex 28.7704 26.4457 0
      vertex 28.8447 26.4204 0
    endloop
  endfacet
  facet normal 0 0 -1
    outer loop
      vertex 28.7 21.5196 0
      vertex 28.7704 26.4457 0
      vertex 28.7704 21.5543 0
    endloop
  endfacet
  facet normal 0 0 -1
    outer loop
      vertex 28.7 21.5196 0
      vertex 28.7 26.4804 0
      vertex 28.7704 26.4457 0
    endloop
  endfacet
  facet normal 0 0 -1
    outer loop
      vertex 28.6347 21.476 0
      vertex 28.7 26.4804 0
      vertex 28.7 21.5196 0
    endloop
  endfacet
  facet normal 0 0 -1
    outer loop
      vertex 28.6347 21.476 0
      vertex 28.6347 26.524 0
      vertex 28.7 26.4804 0
    endloop
  endfacet
  facet normal 0 0 -1
    outer loop
      vertex 28.5757 21.4243 0
      vertex 28.6347 26.524 0
      vertex 28.6347 21.476 0
    endloop
  endfacet
  facet normal 0 0 -1
    outer loop
      vertex 28.5757 21.4243 0
      vertex 28.5757 26.5757 0
      vertex 28.6347 26.524 0
    endloop
  endfacet
  facet normal 0 0 -1
    outer loop
      vertex 23.5543 21.2296 0
      vertex 28.4457 21.2296 0
      vertex 23.5796 21.1553 0
    endloop
  endfacet
  facet normal 0 0 -1
    outer loop
      vertex 28.4457 21.2296 0
      vertex 23.5543 21.2296 0
      vertex 28.4804 21.3 0
    endloop
  endfacet
  facet normal 0 0 -1
    outer loop
      vertex 28.4204 21.1553 0
      vertex 23.5796 21.1553 0
      vertex 28.4457 21.2296 0
    endloop
  endfacet
  facet normal 0 0 -1
    outer loop
      vertex 23.5196 21.3 0
      vertex 28.4804 21.3 0
      vertex 23.5543 21.2296 0
    endloop
  endfacet
  facet normal 0 0 -1
    outer loop
      vertex 23.5796 21.1553 0
      vertex 28.4204 21.1553 0
      vertex 23.5949 21.0783 0
    endloop
  endfacet
  facet normal 0 0 -1
    outer loop
      vertex 28.5757 26.5757 0
      vertex 23.6 27 0
      vertex 28.524 26.6347 0
    endloop
  endfacet
  facet normal 0 0 -1
    outer loop
      vertex 28.4051 21.0783 0
      vertex 23.5949 21.0783 0
      vertex 28.4204 21.1553 0
    endloop
  endfacet
  facet normal 0 0 -1
    outer loop
      vertex 28.524 26.6347 0
      vertex 23.6 27 0
      vertex 28.4804 26.7 0
    endloop
  endfacet
  facet normal 0 0 -1
    outer loop
      vertex 23.5949 21.0783 0
      vertex 28.4051 21.0783 0
      vertex 23.6 21 0
    endloop
  endfacet
  facet normal 0 0 -1
    outer loop
      vertex 28.4804 26.7 0
      vertex 23.6 27 0
      vertex 28.4457 26.7704 0
    endloop
  endfacet
  facet normal 0 0 -1
    outer loop
      vertex 23.6 21 0
      vertex 28.4051 21.0783 0
      vertex 28.4 21 0
    endloop
  endfacet
  facet normal 0 0 -1
    outer loop
      vertex 28.4457 26.7704 0
      vertex 23.6 27 0
      vertex 28.4204 26.8447 0
    endloop
  endfacet
  facet normal 0 0 -1
    outer loop
      vertex 40.4804 27.3 0
      vertex 35.5196 27.3 0
      vertex 40.524 27.3653 0
    endloop
  endfacet
  facet normal 0 0 -1
    outer loop
      vertex 40.5757 32.5757 0
      vertex 35.5949 32.9217 0
      vertex 35.6 33 0
    endloop
  endfacet
  facet normal 0 0 -1
    outer loop
      vertex 35.476 27.3653 0
      vertex 40.524 27.3653 0
      vertex 35.5196 27.3 0
    endloop
  endfacet
  facet normal 0 0 -1
    outer loop
      vertex 40.5757 32.5757 0
      vertex 35.5796 32.8447 0
      vertex 35.5949 32.9217 0
    endloop
  endfacet
  facet normal 0 0 -1
    outer loop
      vertex 40.524 27.3653 0
      vertex 35.476 27.3653 0
      vertex 40.5757 27.4243 0
    endloop
  endfacet
  facet normal 0 0 -1
    outer loop
      vertex 40.5757 32.5757 0
      vertex 35.5543 32.7704 0
      vertex 35.5796 32.8447 0
    endloop
  endfacet
  facet normal 0 0 -1
    outer loop
      vertex 35.4243 27.4243 0
      vertex 40.5757 27.4243 0
      vertex 35.476 27.3653 0
    endloop
  endfacet
  facet normal 0 0 -1
    outer loop
      vertex 40.5757 32.5757 0
      vertex 35.5196 32.7 0
      vertex 35.5543 32.7704 0
    endloop
  endfacet
  facet normal 0 0 -1
    outer loop
      vertex 40.5757 27.4243 0
      vertex 35.4243 27.4243 0
      vertex 40.5757 32.5757 0
    endloop
  endfacet
  facet normal 0 0 -1
    outer loop
      vertex 40.5757 32.5757 0
      vertex 35.476 32.6347 0
      vertex 35.5196 32.7 0
    endloop
  endfacet
  facet normal 0 0 -1
    outer loop
      vertex 35.4243 32.5757 0
      vertex 40.5757 32.5757 0
      vertex 35.4243 27.4243 0
    endloop
  endfacet
  facet normal 0 0 -1
    outer loop
      vertex 40.5757 32.5757 0
      vertex 35.4243 32.5757 0
      vertex 35.476 32.6347 0
    endloop
  endfacet
  facet normal 0 0 -1
    outer loop
      vertex 35.3653 27.476 0
      vertex 35.4243 32.5757 0
      vertex 35.4243 27.4243 0
    endloop
  endfacet
  facet normal 0 0 -1
    outer loop
      vertex 35.3653 27.476 0
      vertex 35.3653 32.524 0
      vertex 35.4243 32.5757 0
    endloop
  endfacet
  facet normal 0 0 -1
    outer loop
      vertex 35.3 27.5196 0
      vertex 35.3653 32.524 0
      vertex 35.3653 27.476 0
    endloop
  endfacet
  facet normal 0 0 -1
    outer loop
      vertex 35.3 27.5196 0
      vertex 35.3 32.4804 0
      vertex 35.3653 32.524 0
    endloop
  endfacet
  facet normal 0 0 -1
    outer loop
      vertex 35.2296 27.5543 0
      vertex 35.3 32.4804 0
      vertex 35.3 27.5196 0
    endloop
  endfacet
  facet normal 0 0 -1
    outer loop
      vertex 35.2296 27.5543 0
      vertex 35.2296 32.4457 0
      vertex 35.3 32.4804 0
    endloop
  endfacet
  facet normal 0 0 -1
    outer loop
      vertex 35.1553 27.5796 0
      vertex 35.2296 32.4457 0
      vertex 35.2296 27.5543 0
    endloop
  endfacet
  facet normal 0 0 -1
    outer loop
      vertex 35.1553 27.5796 0
      vertex 35.1553 32.4204 0
      vertex 35.2296 32.4457 0
    endloop
  endfacet
  facet normal 0 0 -1
    outer loop
      vertex 35.0783 27.5949 0
      vertex 35.1553 32.4204 0
      vertex 35.1553 27.5796 0
    endloop
  endfacet
  facet normal 0 0 -1
    outer loop
      vertex 35.0783 27.5949 0
      vertex 35.0783 32.4051 0
      vertex 35.1553 32.4204 0
    endloop
  endfacet
  facet normal 0 0 -1
    outer loop
      vertex 35 27.6 0
      vertex 35.0783 32.4051 0
      vertex 35.0783 27.5949 0
    endloop
  endfacet
  facet normal 0 0 -1
    outer loop
      vertex 35 27.6 0
      vertex 35 32.4 0
      vertex 35.0783 32.4051 0
    endloop
  endfacet
  facet normal 0 0 -1
    outer loop
      vertex 34.9217 27.5949 0
      vertex 35 32.4 0
      vertex 35 27.6 0
    endloop
  endfacet
  facet normal 0 0 -1
    outer loop
      vertex 34.9217 27.5949 0
      vertex 34.9217 32.4051 0
      vertex 35 32.4 0
    endloop
  endfacet
  facet normal 0 0 -1
    outer loop
      vertex 34.8447 27.5796 0
      vertex 34.9217 32.4051 0
      vertex 34.9217 27.5949 0
    endloop
  endfacet
  facet normal 0 0 -1
    outer loop
      vertex 34.8447 27.5796 0
      vertex 34.8447 32.4204 0
      vertex 34.9217 32.4051 0
    endloop
  endfacet
  facet normal 0 0 -1
    outer loop
      vertex 34.7704 27.5543 0
      vertex 34.8447 32.4204 0
      vertex 34.8447 27.5796 0
    endloop
  endfacet
  facet normal 0 0 -1
    outer loop
      vertex 34.7704 27.5543 0
      vertex 34.7704 32.4457 0
      vertex 34.8447 32.4204 0
    endloop
  endfacet
  facet normal 0 0 -1
    outer loop
      vertex 34.7 27.5196 0
      vertex 34.7704 32.4457 0
      vertex 34.7704 27.5543 0
    endloop
  endfacet
  facet normal 0 0 -1
    outer loop
      vertex 34.7 27.5196 0
      vertex 34.7 32.4804 0
      vertex 34.7704 32.4457 0
    endloop
  endfacet
  facet normal 0 0 -1
    outer loop
      vertex 34.6347 27.476 0
      vertex 34.7 32.4804 0
      vertex 34.7 27.5196 0
    endloop
  endfacet
  facet normal 0 0 -1
    outer loop
      vertex 34.6347 27.476 0
      vertex 34.6347 32.524 0
      vertex 34.7 32.4804 0
    endloop
  endfacet
  facet normal 0 0 -1
    outer loop
      vertex 34.5757 27.4243 0
      vertex 34.6347 32.524 0
      vertex 34.6347 27.476 0
    endloop
  endfacet
  facet normal 0 0 -1
    outer loop
      vertex 34.5757 27.4243 0
      vertex 34.5757 32.5757 0
      vertex 34.6347 32.524 0
    endloop
  endfacet
  facet normal 0 0 -1
    outer loop
      vertex 29.5543 27.2296 0
      vertex 34.4457 27.2296 0
      vertex 29.5796 27.1553 0
    endloop
  endfacet
  facet normal 0 0 -1
    outer loop
      vertex 34.4457 27.2296 0
      vertex 29.5543 27.2296 0
      vertex 34.4804 27.3 0
    endloop
  endfacet
  facet normal 0 0 -1
    outer loop
      vertex 34.4204 27.1553 0
      vertex 29.5796 27.1553 0
      vertex 34.4457 27.2296 0
    endloop
  endfacet
  facet normal 0 0 -1
    outer loop
      vertex 29.5196 27.3 0
      vertex 34.4804 27.3 0
      vertex 29.5543 27.2296 0
    endloop
  endfacet
  facet normal 0 0 -1
    outer loop
      vertex 29.5796 27.1553 0
      vertex 34.4204 27.1553 0
      vertex 29.5949 27.0783 0
    endloop
  endfacet
  facet normal 0 0 -1
    outer loop
      vertex 34.5757 32.5757 0
      vertex 29.6 33 0
      vertex 34.524 32.6347 0
    endloop
  endfacet
  facet normal 0 0 -1
    outer loop
      vertex 34.4051 27.0783 0
      vertex 29.5949 27.0783 0
      vertex 34.4204 27.1553 0
    endloop
  endfacet
  facet normal 0 0 -1
    outer loop
      vertex 34.524 32.6347 0
      vertex 29.6 33 0
      vertex 34.4804 32.7 0
    endloop
  endfacet
  facet normal 0 0 -1
    outer loop
      vertex 29.5949 27.0783 0
      vertex 34.4051 27.0783 0
      vertex 29.6 27 0
    endloop
  endfacet
  facet normal 0 0 -1
    outer loop
      vertex 34.4804 32.7 0
      vertex 29.6 33 0
      vertex 34.4457 32.7704 0
    endloop
  endfacet
  facet normal 0 0 -1
    outer loop
      vertex 29.6 27 0
      vertex 34.4051 27.0783 0
      vertex 34.4 27 0
    endloop
  endfacet
  facet normal 0 0 -1
    outer loop
      vertex 34.4457 32.7704 0
      vertex 29.6 33 0
      vertex 34.4204 32.8447 0
    endloop
  endfacet
  facet normal 0 0 -1
    outer loop
      vertex 40.4804 21.3 0
      vertex 35.5196 21.3 0
      vertex 40.524 21.3653 0
    endloop
  endfacet
  facet normal 0 0 -1
    outer loop
      vertex 40.5757 26.5757 0
      vertex 35.5949 26.9217 0
      vertex 35.6 27 0
    endloop
  endfacet
  facet normal 0 0 -1
    outer loop
      vertex 35.476 21.3653 0
      vertex 40.524 21.3653 0
      vertex 35.5196 21.3 0
    endloop
  endfacet
  facet normal 0 0 -1
    outer loop
      vertex 40.5757 26.5757 0
      vertex 35.5796 26.8447 0
      vertex 35.5949 26.9217 0
    endloop
  endfacet
  facet normal 0 0 -1
    outer loop
      vertex 40.524 21.3653 0
      vertex 35.476 21.3653 0
      vertex 40.5757 21.4243 0
    endloop
  endfacet
  facet normal 0 0 -1
    outer loop
      vertex 40.5757 26.5757 0
      vertex 35.5543 26.7704 0
      vertex 35.5796 26.8447 0
    endloop
  endfacet
  facet normal 0 0 -1
    outer loop
      vertex 35.4243 21.4243 0
      vertex 40.5757 21.4243 0
      vertex 35.476 21.3653 0
    endloop
  endfacet
  facet normal 0 0 -1
    outer loop
      vertex 40.5757 26.5757 0
      vertex 35.5196 26.7 0
      vertex 35.5543 26.7704 0
    endloop
  endfacet
  facet normal 0 0 -1
    outer loop
      vertex 40.5757 21.4243 0
      vertex 35.4243 21.4243 0
      vertex 40.5757 26.5757 0
    endloop
  endfacet
  facet normal 0 0 -1
    outer loop
      vertex 40.5757 26.5757 0
      vertex 35.476 26.6347 0
      vertex 35.5196 26.7 0
    endloop
  endfacet
  facet normal 0 0 -1
    outer loop
      vertex 35.4243 26.5757 0
      vertex 40.5757 26.5757 0
      vertex 35.4243 21.4243 0
    endloop
  endfacet
  facet normal 0 0 -1
    outer loop
      vertex 40.5757 26.5757 0
      vertex 35.4243 26.5757 0
      vertex 35.476 26.6347 0
    endloop
  endfacet
  facet normal 0 0 -1
    outer loop
      vertex 35.3653 21.476 0
      vertex 35.4243 26.5757 0
      vertex 35.4243 21.4243 0
    endloop
  endfacet
  facet normal 0 0 -1
    outer loop
      vertex 35.3653 21.476 0
      vertex 35.3653 26.524 0
      vertex 35.4243 26.5757 0
    endloop
  endfacet
  facet normal 0 0 -1
    outer loop
      vertex 35.3 21.5196 0
      vertex 35.3653 26.524 0
      vertex 35.3653 21.476 0
    endloop
  endfacet
  facet normal 0 0 -1
    outer loop
      vertex 35.3 21.5196 0
      vertex 35.3 26.4804 0
      vertex 35.3653 26.524 0
    endloop
  endfacet
  facet normal 0 0 -1
    outer loop
      vertex 35.2296 21.5543 0
      vertex 35.3 26.4804 0
      vertex 35.3 21.5196 0
    endloop
  endfacet
  facet normal 0 0 -1
    outer loop
      vertex 35.2296 21.5543 0
      vertex 35.2296 26.4457 0
      vertex 35.3 26.4804 0
    endloop
  endfacet
  facet normal 0 0 -1
    outer loop
      vertex 35.1553 21.5796 0
      vertex 35.2296 26.4457 0
      vertex 35.2296 21.5543 0
    endloop
  endfacet
  facet normal 0 0 -1
    outer loop
      vertex 35.1553 21.5796 0
      vertex 35.1553 26.4204 0
      vertex 35.2296 26.4457 0
    endloop
  endfacet
  facet normal 0 0 -1
    outer loop
      vertex 35.0783 21.5949 0
      vertex 35.1553 26.4204 0
      vertex 35.1553 21.5796 0
    endloop
  endfacet
  facet normal 0 0 -1
    outer loop
      vertex 35.0783 21.5949 0
      vertex 35.0783 26.4051 0
      vertex 35.1553 26.4204 0
    endloop
  endfacet
  facet normal 0 0 -1
    outer loop
      vertex 35 21.6 0
      vertex 35.0783 26.4051 0
      vertex 35.0783 21.5949 0
    endloop
  endfacet
  facet normal 0 0 -1
    outer loop
      vertex 35 21.6 0
      vertex 35 26.4 0
      vertex 35.0783 26.4051 0
    endloop
  endfacet
  facet normal 0 0 -1
    outer loop
      vertex 34.9217 21.5949 0
      vertex 35 26.4 0
      vertex 35 21.6 0
    endloop
  endfacet
  facet normal 0 0 -1
    outer loop
      vertex 34.9217 21.5949 0
      vertex 34.9217 26.4051 0
      vertex 35 26.4 0
    endloop
  endfacet
  facet normal 0 0 -1
    outer loop
      vertex 34.8447 21.5796 0
      vertex 34.9217 26.4051 0
      vertex 34.9217 21.5949 0
    endloop
  endfacet
  facet normal 0 0 -1
    outer loop
      vertex 34.8447 21.5796 0
      vertex 34.8447 26.4204 0
      vertex 34.9217 26.4051 0
    endloop
  endfacet
  facet normal 0 0 -1
    outer loop
      vertex 34.7704 21.5543 0
      vertex 34.8447 26.4204 0
      vertex 34.8447 21.5796 0
    endloop
  endfacet
  facet normal 0 0 -1
    outer loop
      vertex 34.7704 21.5543 0
      vertex 34.7704 26.4457 0
      vertex 34.8447 26.4204 0
    endloop
  endfacet
  facet normal 0 0 -1
    outer loop
      vertex 34.7 21.5196 0
      vertex 34.7704 26.4457 0
      vertex 34.7704 21.5543 0
    endloop
  endfacet
  facet normal 0 0 -1
    outer loop
      vertex 34.7 21.5196 0
      vertex 34.7 26.4804 0
      vertex 34.7704 26.4457 0
    endloop
  endfacet
  facet normal 0 0 -1
    outer loop
      vertex 34.6347 21.476 0
      vertex 34.7 26.4804 0
      vertex 34.7 21.5196 0
    endloop
  endfacet
  facet normal 0 0 -1
    outer loop
      vertex 34.6347 21.476 0
      vertex 34.6347 26.524 0
      vertex 34.7 26.4804 0
    endloop
  endfacet
  facet normal 0 0 -1
    outer loop
      vertex 34.5757 21.4243 0
      vertex 34.6347 26.524 0
      vertex 34.6347 21.476 0
    endloop
  endfacet
  facet normal 0 0 -1
    outer loop
      vertex 34.5757 21.4243 0
      vertex 34.5757 26.5757 0
      vertex 34.6347 26.524 0
    endloop
  endfacet
  facet normal 0 0 -1
    outer loop
      vertex 29.5543 21.2296 0
      vertex 34.4457 21.2296 0
      vertex 29.5796 21.1553 0
    endloop
  endfacet
  facet normal 0 0 -1
    outer loop
      vertex 34.4457 21.2296 0
      vertex 29.5543 21.2296 0
      vertex 34.4804 21.3 0
    endloop
  endfacet
  facet normal 0 0 -1
    outer loop
      vertex 34.4204 21.1553 0
      vertex 29.5796 21.1553 0
      vertex 34.4457 21.2296 0
    endloop
  endfacet
  facet normal 0 0 -1
    outer loop
      vertex 29.5196 21.3 0
      vertex 34.4804 21.3 0
      vertex 29.5543 21.2296 0
    endloop
  endfacet
  facet normal 0 0 -1
    outer loop
      vertex 29.5796 21.1553 0
      vertex 34.4204 21.1553 0
      vertex 29.5949 21.0783 0
    endloop
  endfacet
  facet normal 0 0 -1
    outer loop
      vertex 34.5757 26.5757 0
      vertex 29.6 27 0
      vertex 34.524 26.6347 0
    endloop
  endfacet
  facet normal 0 0 -1
    outer loop
      vertex 34.4051 21.0783 0
      vertex 29.5949 21.0783 0
      vertex 34.4204 21.1553 0
    endloop
  endfacet
  facet normal 0 0 -1
    outer loop
      vertex 34.524 26.6347 0
      vertex 29.6 27 0
      vertex 34.4804 26.7 0
    endloop
  endfacet
  facet normal 0 0 -1
    outer loop
      vertex 29.5949 21.0783 0
      vertex 34.4051 21.0783 0
      vertex 29.6 21 0
    endloop
  endfacet
  facet normal 0 0 -1
    outer loop
      vertex 34.4804 26.7 0
      vertex 29.6 27 0
      vertex 34.4457 26.7704 0
    endloop
  endfacet
  facet normal 0 0 -1
    outer loop
      vertex 29.6 21 0
      vertex 34.4051 21.0783 0
      vertex 34.4 21 0
    endloop
  endfacet
  facet normal 0 0 -1
    outer loop
      vertex 34.4457 26.7704 0
      vertex 29.6 27 0
      vertex 34.4204 26.8447 0
    endloop
  endfacet
  facet normal 0 0 -1
    outer loop
      vertex 41.5796 27.1553 0
      vertex 60.4204 27.1553 0
      vertex 41.5949 27.0783 0
    endloop
  endfacet
  facet normal 0 0 -1
    outer loop
      vertex 60.4204 27.1553 0
      vertex 41.5949 32.9217 0
      vertex 41.6 33 0
    endloop
  endfacet
  facet normal 0 0 -1
    outer loop
      vertex 41.5796 32.8447 0
      vertex 60.4204 27.1553 0
      vertex 41.5796 27.1553 0
    endloop
  endfacet
  facet normal 0 0 -1
    outer loop
      vertex 60.4204 27.1553 0
      vertex 41.5796 32.8447 0
      vertex 41.5949 32.9217 0
    endloop
  endfacet
  facet normal 0 0 -1
    outer loop
      vertex 41.5543 27.2296 0
      vertex 41.5796 32.8447 0
      vertex 41.5796 27.1553 0
    endloop
  endfacet
  facet normal 0 0 -1
    outer loop
      vertex 41.5543 27.2296 0
      vertex 41.5543 32.7704 0
      vertex 41.5796 32.8447 0
    endloop
  endfacet
  facet normal 0 0 -1
    outer loop
      vertex 41.5196 27.3 0
      vertex 41.5543 32.7704 0
      vertex 41.5543 27.2296 0
    endloop
  endfacet
  facet normal 0 0 -1
    outer loop
      vertex 41.5196 27.3 0
      vertex 41.5196 32.7 0
      vertex 41.5543 32.7704 0
    endloop
  endfacet
  facet normal 0 0 -1
    outer loop
      vertex 41.476 27.3653 0
      vertex 41.5196 32.7 0
      vertex 41.5196 27.3 0
    endloop
  endfacet
  facet normal 0 0 -1
    outer loop
      vertex 41.476 27.3653 0
      vertex 41.476 32.6347 0
      vertex 41.5196 32.7 0
    endloop
  endfacet
  facet normal 0 0 -1
    outer loop
      vertex 41.4243 27.4243 0
      vertex 41.476 32.6347 0
      vertex 41.476 27.3653 0
    endloop
  endfacet
  facet normal 0 0 -1
    outer loop
      vertex 41.4243 27.4243 0
      vertex 41.4243 32.5757 0
      vertex 41.476 32.6347 0
    endloop
  endfacet
  facet normal 0 0 -1
    outer loop
      vertex 41.3653 27.476 0
      vertex 41.4243 32.5757 0
      vertex 41.4243 27.4243 0
    endloop
  endfacet
  facet normal 0 0 -1
    outer loop
      vertex 41.3653 27.476 0
      vertex 41.3653 32.524 0
      vertex 41.4243 32.5757 0
    endloop
  endfacet
  facet normal 0 0 -1
    outer loop
      vertex 41.3 27.5196 0
      vertex 41.3653 32.524 0
      vertex 41.3653 27.476 0
    endloop
  endfacet
  facet normal 0 0 -1
    outer loop
      vertex 41.3 27.5196 0
      vertex 41.3 32.4804 0
      vertex 41.3653 32.524 0
    endloop
  endfacet
  facet normal 0 0 -1
    outer loop
      vertex 41.2296 27.5543 0
      vertex 41.3 32.4804 0
      vertex 41.3 27.5196 0
    endloop
  endfacet
  facet normal 0 0 -1
    outer loop
      vertex 41.2296 27.5543 0
      vertex 41.2296 32.4457 0
      vertex 41.3 32.4804 0
    endloop
  endfacet
  facet normal 0 0 -1
    outer loop
      vertex 41.1553 27.5796 0
      vertex 41.2296 32.4457 0
      vertex 41.2296 27.5543 0
    endloop
  endfacet
  facet normal 0 0 -1
    outer loop
      vertex 41.1553 27.5796 0
      vertex 41.1553 32.4204 0
      vertex 41.2296 32.4457 0
    endloop
  endfacet
  facet normal 0 0 -1
    outer loop
      vertex 41.0783 27.5949 0
      vertex 41.1553 32.4204 0
      vertex 41.1553 27.5796 0
    endloop
  endfacet
  facet normal 0 0 -1
    outer loop
      vertex 41.0783 27.5949 0
      vertex 41.0783 32.4051 0
      vertex 41.1553 32.4204 0
    endloop
  endfacet
  facet normal 0 0 -1
    outer loop
      vertex 41 27.6 0
      vertex 41.0783 32.4051 0
      vertex 41.0783 27.5949 0
    endloop
  endfacet
  facet normal 0 0 -1
    outer loop
      vertex 41 27.6 0
      vertex 41 32.4 0
      vertex 41.0783 32.4051 0
    endloop
  endfacet
  facet normal 0 0 -1
    outer loop
      vertex 40.9217 27.5949 0
      vertex 41 32.4 0
      vertex 41 27.6 0
    endloop
  endfacet
  facet normal 0 0 -1
    outer loop
      vertex 40.9217 27.5949 0
      vertex 40.9217 32.4051 0
      vertex 41 32.4 0
    endloop
  endfacet
  facet normal 0 0 -1
    outer loop
      vertex 40.8447 27.5796 0
      vertex 40.9217 32.4051 0
      vertex 40.9217 27.5949 0
    endloop
  endfacet
  facet normal 0 0 -1
    outer loop
      vertex 40.8447 27.5796 0
      vertex 40.8447 32.4204 0
      vertex 40.9217 32.4051 0
    endloop
  endfacet
  facet normal 0 0 -1
    outer loop
      vertex 40.7704 27.5543 0
      vertex 40.8447 32.4204 0
      vertex 40.8447 27.5796 0
    endloop
  endfacet
  facet normal 0 0 -1
    outer loop
      vertex 40.7704 27.5543 0
      vertex 40.7704 32.4457 0
      vertex 40.8447 32.4204 0
    endloop
  endfacet
  facet normal 0 0 -1
    outer loop
      vertex 40.7 27.5196 0
      vertex 40.7704 32.4457 0
      vertex 40.7704 27.5543 0
    endloop
  endfacet
  facet normal 0 0 -1
    outer loop
      vertex 40.7 27.5196 0
      vertex 40.7 32.4804 0
      vertex 40.7704 32.4457 0
    endloop
  endfacet
  facet normal 0 0 -1
    outer loop
      vertex 40.6347 27.476 0
      vertex 40.7 32.4804 0
      vertex 40.7 27.5196 0
    endloop
  endfacet
  facet normal 0 0 -1
    outer loop
      vertex 40.6347 27.476 0
      vertex 40.6347 32.524 0
      vertex 40.7 32.4804 0
    endloop
  endfacet
  facet normal 0 0 -1
    outer loop
      vertex 40.5757 27.4243 0
      vertex 40.6347 32.524 0
      vertex 40.6347 27.476 0
    endloop
  endfacet
  facet normal 0 0 -1
    outer loop
      vertex 40.5757 27.4243 0
      vertex 40.5757 32.5757 0
      vertex 40.6347 32.524 0
    endloop
  endfacet
  facet normal 0 0 -1
    outer loop
      vertex 35.5543 27.2296 0
      vertex 40.4457 27.2296 0
      vertex 35.5796 27.1553 0
    endloop
  endfacet
  facet normal 0 0 -1
    outer loop
      vertex 40.4457 27.2296 0
      vertex 35.5543 27.2296 0
      vertex 40.4804 27.3 0
    endloop
  endfacet
  facet normal 0 0 -1
    outer loop
      vertex 40.4204 27.1553 0
      vertex 35.5796 27.1553 0
      vertex 40.4457 27.2296 0
    endloop
  endfacet
  facet normal 0 0 -1
    outer loop
      vertex 35.5196 27.3 0
      vertex 40.4804 27.3 0
      vertex 35.5543 27.2296 0
    endloop
  endfacet
  facet normal 0 0 -1
    outer loop
      vertex 35.5796 27.1553 0
      vertex 40.4204 27.1553 0
      vertex 35.5949 27.0783 0
    endloop
  endfacet
  facet normal 0 0 -1
    outer loop
      vertex 40.5757 32.5757 0
      vertex 35.6 33 0
      vertex 40.524 32.6347 0
    endloop
  endfacet
  facet normal 0 0 -1
    outer loop
      vertex 40.4051 27.0783 0
      vertex 35.5949 27.0783 0
      vertex 40.4204 27.1553 0
    endloop
  endfacet
  facet normal 0 0 -1
    outer loop
      vertex 40.524 32.6347 0
      vertex 35.6 33 0
      vertex 40.4804 32.7 0
    endloop
  endfacet
  facet normal 0 0 -1
    outer loop
      vertex 35.5949 27.0783 0
      vertex 40.4051 27.0783 0
      vertex 35.6 27 0
    endloop
  endfacet
  facet normal 0 0 -1
    outer loop
      vertex 40.4804 32.7 0
      vertex 35.6 33 0
      vertex 40.4457 32.7704 0
    endloop
  endfacet
  facet normal 0 0 -1
    outer loop
      vertex 35.6 27 0
      vertex 40.4051 27.0783 0
      vertex 40.4 27 0
    endloop
  endfacet
  facet normal 0 0 -1
    outer loop
      vertex 40.4457 32.7704 0
      vertex 35.6 33 0
      vertex 40.4204 32.8447 0
    endloop
  endfacet
  facet normal 0 0 -1
    outer loop
      vertex 41.5796 21.1553 0
      vertex 60.4204 21.1553 0
      vertex 41.5949 21.0783 0
    endloop
  endfacet
  facet normal 0 0 -1
    outer loop
      vertex 60.4204 21.1553 0
      vertex 41.5949 26.9217 0
      vertex 41.6 27 0
    endloop
  endfacet
  facet normal 0 0 -1
    outer loop
      vertex 41.5796 26.8447 0
      vertex 60.4204 21.1553 0
      vertex 41.5796 21.1553 0
    endloop
  endfacet
  facet normal 0 0 -1
    outer loop
      vertex 60.4204 21.1553 0
      vertex 41.5796 26.8447 0
      vertex 41.5949 26.9217 0
    endloop
  endfacet
  facet normal 0 0 -1
    outer loop
      vertex 41.5543 21.2296 0
      vertex 41.5796 26.8447 0
      vertex 41.5796 21.1553 0
    endloop
  endfacet
  facet normal 0 0 -1
    outer loop
      vertex 41.5543 21.2296 0
      vertex 41.5543 26.7704 0
      vertex 41.5796 26.8447 0
    endloop
  endfacet
  facet normal 0 0 -1
    outer loop
      vertex 41.5196 21.3 0
      vertex 41.5543 26.7704 0
      vertex 41.5543 21.2296 0
    endloop
  endfacet
  facet normal 0 0 -1
    outer loop
      vertex 41.5196 21.3 0
      vertex 41.5196 26.7 0
      vertex 41.5543 26.7704 0
    endloop
  endfacet
  facet normal 0 0 -1
    outer loop
      vertex 41.476 21.3653 0
      vertex 41.5196 26.7 0
      vertex 41.5196 21.3 0
    endloop
  endfacet
  facet normal 0 0 -1
    outer loop
      vertex 41.476 21.3653 0
      vertex 41.476 26.6347 0
      vertex 41.5196 26.7 0
    endloop
  endfacet
  facet normal 0 0 -1
    outer loop
      vertex 41.4243 21.4243 0
      vertex 41.476 26.6347 0
      vertex 41.476 21.3653 0
    endloop
  endfacet
  facet normal 0 0 -1
    outer loop
      vertex 41.4243 21.4243 0
      vertex 41.4243 26.5757 0
      vertex 41.476 26.6347 0
    endloop
  endfacet
  facet normal 0 0 -1
    outer loop
      vertex 41.3653 21.476 0
      vertex 41.4243 26.5757 0
      vertex 41.4243 21.4243 0
    endloop
  endfacet
  facet normal 0 0 -1
    outer loop
      vertex 41.3653 21.476 0
      vertex 41.3653 26.524 0
      vertex 41.4243 26.5757 0
    endloop
  endfacet
  facet normal 0 0 -1
    outer loop
      vertex 41.3 21.5196 0
      vertex 41.3653 26.524 0
      vertex 41.3653 21.476 0
    endloop
  endfacet
  facet normal 0 0 -1
    outer loop
      vertex 41.3 21.5196 0
      vertex 41.3 26.4804 0
      vertex 41.3653 26.524 0
    endloop
  endfacet
  facet normal 0 0 -1
    outer loop
      vertex 41.2296 21.5543 0
      vertex 41.3 26.4804 0
      vertex 41.3 21.5196 0
    endloop
  endfacet
  facet normal 0 0 -1
    outer loop
      vertex 41.2296 21.5543 0
      vertex 41.2296 26.4457 0
      vertex 41.3 26.4804 0
    endloop
  endfacet
  facet normal 0 0 -1
    outer loop
      vertex 41.1553 21.5796 0
      vertex 41.2296 26.4457 0
      vertex 41.2296 21.5543 0
    endloop
  endfacet
  facet normal 0 0 -1
    outer loop
      vertex 41.1553 21.5796 0
      vertex 41.1553 26.4204 0
      vertex 41.2296 26.4457 0
    endloop
  endfacet
  facet normal 0 0 -1
    outer loop
      vertex 41.0783 21.5949 0
      vertex 41.1553 26.4204 0
      vertex 41.1553 21.5796 0
    endloop
  endfacet
  facet normal 0 0 -1
    outer loop
      vertex 41.0783 21.5949 0
      vertex 41.0783 26.4051 0
      vertex 41.1553 26.4204 0
    endloop
  endfacet
  facet normal 0 0 -1
    outer loop
      vertex 41 21.6 0
      vertex 41.0783 26.4051 0
      vertex 41.0783 21.5949 0
    endloop
  endfacet
  facet normal 0 0 -1
    outer loop
      vertex 41 21.6 0
      vertex 41 26.4 0
      vertex 41.0783 26.4051 0
    endloop
  endfacet
  facet normal 0 0 -1
    outer loop
      vertex 40.9217 21.5949 0
      vertex 41 26.4 0
      vertex 41 21.6 0
    endloop
  endfacet
  facet normal 0 0 -1
    outer loop
      vertex 40.9217 21.5949 0
      vertex 40.9217 26.4051 0
      vertex 41 26.4 0
    endloop
  endfacet
  facet normal 0 0 -1
    outer loop
      vertex 40.8447 21.5796 0
      vertex 40.9217 26.4051 0
      vertex 40.9217 21.5949 0
    endloop
  endfacet
  facet normal 0 0 -1
    outer loop
      vertex 40.8447 21.5796 0
      vertex 40.8447 26.4204 0
      vertex 40.9217 26.4051 0
    endloop
  endfacet
  facet normal 0 0 -1
    outer loop
      vertex 40.7704 21.5543 0
      vertex 40.8447 26.4204 0
      vertex 40.8447 21.5796 0
    endloop
  endfacet
  facet normal 0 0 -1
    outer loop
      vertex 40.7704 21.5543 0
      vertex 40.7704 26.4457 0
      vertex 40.8447 26.4204 0
    endloop
  endfacet
  facet normal 0 0 -1
    outer loop
      vertex 40.7 21.5196 0
      vertex 40.7704 26.4457 0
      vertex 40.7704 21.5543 0
    endloop
  endfacet
  facet normal 0 0 -1
    outer loop
      vertex 40.7 21.5196 0
      vertex 40.7 26.4804 0
      vertex 40.7704 26.4457 0
    endloop
  endfacet
  facet normal 0 0 -1
    outer loop
      vertex 40.6347 21.476 0
      vertex 40.7 26.4804 0
      vertex 40.7 21.5196 0
    endloop
  endfacet
  facet normal 0 0 -1
    outer loop
      vertex 40.6347 21.476 0
      vertex 40.6347 26.524 0
      vertex 40.7 26.4804 0
    endloop
  endfacet
  facet normal 0 0 -1
    outer loop
      vertex 40.5757 21.4243 0
      vertex 40.6347 26.524 0
      vertex 40.6347 21.476 0
    endloop
  endfacet
  facet normal 0 0 -1
    outer loop
      vertex 40.5757 21.4243 0
      vertex 40.5757 26.5757 0
      vertex 40.6347 26.524 0
    endloop
  endfacet
  facet normal 0 0 -1
    outer loop
      vertex 35.5543 21.2296 0
      vertex 40.4457 21.2296 0
      vertex 35.5796 21.1553 0
    endloop
  endfacet
  facet normal 0 0 -1
    outer loop
      vertex 40.4457 21.2296 0
      vertex 35.5543 21.2296 0
      vertex 40.4804 21.3 0
    endloop
  endfacet
  facet normal 0 0 -1
    outer loop
      vertex 40.4204 21.1553 0
      vertex 35.5796 21.1553 0
      vertex 40.4457 21.2296 0
    endloop
  endfacet
  facet normal 0 0 -1
    outer loop
      vertex 35.5196 21.3 0
      vertex 40.4804 21.3 0
      vertex 35.5543 21.2296 0
    endloop
  endfacet
  facet normal 0 0 -1
    outer loop
      vertex 35.5796 21.1553 0
      vertex 40.4204 21.1553 0
      vertex 35.5949 21.0783 0
    endloop
  endfacet
  facet normal 0 0 -1
    outer loop
      vertex 40.5757 26.5757 0
      vertex 35.6 27 0
      vertex 40.524 26.6347 0
    endloop
  endfacet
  facet normal 0 0 -1
    outer loop
      vertex 40.4051 21.0783 0
      vertex 35.5949 21.0783 0
      vertex 40.4204 21.1553 0
    endloop
  endfacet
  facet normal 0 0 -1
    outer loop
      vertex 40.524 26.6347 0
      vertex 35.6 27 0
      vertex 40.4804 26.7 0
    endloop
  endfacet
  facet normal 0 0 -1
    outer loop
      vertex 35.5949 21.0783 0
      vertex 40.4051 21.0783 0
      vertex 35.6 21 0
    endloop
  endfacet
  facet normal 0 0 -1
    outer loop
      vertex 40.4804 26.7 0
      vertex 35.6 27 0
      vertex 40.4457 26.7704 0
    endloop
  endfacet
  facet normal 0 0 -1
    outer loop
      vertex 35.6 21 0
      vertex 40.4051 21.0783 0
      vertex 40.4 21 0
    endloop
  endfacet
  facet normal 0 0 -1
    outer loop
      vertex 40.4457 26.7704 0
      vertex 35.6 27 0
      vertex 40.4204 26.8447 0
    endloop
  endfacet
  facet normal 0 0 -1
    outer loop
      vertex 66.4804 45.3 0
      vertex 61.5196 45.3 0
      vertex 66.524 45.3653 0
    endloop
  endfacet
  facet normal 0 0 -1
    outer loop
      vertex 66.5757 50.5757 0
      vertex 61.5949 50.9217 0
      vertex 61.6 51 0
    endloop
  endfacet
  facet normal 0 0 -1
    outer loop
      vertex 61.476 45.3653 0
      vertex 66.524 45.3653 0
      vertex 61.5196 45.3 0
    endloop
  endfacet
  facet normal 0 0 -1
    outer loop
      vertex 66.5757 50.5757 0
      vertex 61.5796 50.8447 0
      vertex 61.5949 50.9217 0
    endloop
  endfacet
  facet normal 0 0 -1
    outer loop
      vertex 66.524 45.3653 0
      vertex 61.476 45.3653 0
      vertex 66.5757 45.4243 0
    endloop
  endfacet
  facet normal 0 0 -1
    outer loop
      vertex 66.5757 50.5757 0
      vertex 61.5543 50.7704 0
      vertex 61.5796 50.8447 0
    endloop
  endfacet
  facet normal 0 0 -1
    outer loop
      vertex 61.4243 45.4243 0
      vertex 66.5757 45.4243 0
      vertex 61.476 45.3653 0
    endloop
  endfacet
  facet normal 0 0 -1
    outer loop
      vertex 66.5757 50.5757 0
      vertex 61.5196 50.7 0
      vertex 61.5543 50.7704 0
    endloop
  endfacet
  facet normal 0 0 -1
    outer loop
      vertex 66.5757 45.4243 0
      vertex 61.4243 45.4243 0
      vertex 66.5757 50.5757 0
    endloop
  endfacet
  facet normal 0 0 -1
    outer loop
      vertex 66.5757 50.5757 0
      vertex 61.476 50.6347 0
      vertex 61.5196 50.7 0
    endloop
  endfacet
  facet normal 0 0 -1
    outer loop
      vertex 61.4243 50.5757 0
      vertex 66.5757 50.5757 0
      vertex 61.4243 45.4243 0
    endloop
  endfacet
  facet normal 0 0 -1
    outer loop
      vertex 66.5757 50.5757 0
      vertex 61.4243 50.5757 0
      vertex 61.476 50.6347 0
    endloop
  endfacet
  facet normal 0 0 -1
    outer loop
      vertex 61.3653 45.476 0
      vertex 61.4243 50.5757 0
      vertex 61.4243 45.4243 0
    endloop
  endfacet
  facet normal 0 0 -1
    outer loop
      vertex 61.3653 45.476 0
      vertex 61.3653 50.524 0
      vertex 61.4243 50.5757 0
    endloop
  endfacet
  facet normal 0 0 -1
    outer loop
      vertex 61.3 45.5196 0
      vertex 61.3653 50.524 0
      vertex 61.3653 45.476 0
    endloop
  endfacet
  facet normal 0 0 -1
    outer loop
      vertex 61.3 45.5196 0
      vertex 61.3 50.4804 0
      vertex 61.3653 50.524 0
    endloop
  endfacet
  facet normal 0 0 -1
    outer loop
      vertex 61.2296 45.5543 0
      vertex 61.3 50.4804 0
      vertex 61.3 45.5196 0
    endloop
  endfacet
  facet normal 0 0 -1
    outer loop
      vertex 61.2296 45.5543 0
      vertex 61.2296 50.4457 0
      vertex 61.3 50.4804 0
    endloop
  endfacet
  facet normal 0 0 -1
    outer loop
      vertex 61.1553 45.5796 0
      vertex 61.2296 50.4457 0
      vertex 61.2296 45.5543 0
    endloop
  endfacet
  facet normal 0 0 -1
    outer loop
      vertex 61.1553 45.5796 0
      vertex 61.1553 50.4204 0
      vertex 61.2296 50.4457 0
    endloop
  endfacet
  facet normal 0 0 -1
    outer loop
      vertex 61.0783 45.5949 0
      vertex 61.1553 50.4204 0
      vertex 61.1553 45.5796 0
    endloop
  endfacet
  facet normal 0 0 -1
    outer loop
      vertex 61.0783 45.5949 0
      vertex 61.0783 50.4051 0
      vertex 61.1553 50.4204 0
    endloop
  endfacet
  facet normal 0 0 -1
    outer loop
      vertex 61 45.6 0
      vertex 61.0783 50.4051 0
      vertex 61.0783 45.5949 0
    endloop
  endfacet
  facet normal 0 0 -1
    outer loop
      vertex 61 45.6 0
      vertex 61 50.4 0
      vertex 61.0783 50.4051 0
    endloop
  endfacet
  facet normal 0 0 -1
    outer loop
      vertex 60.9217 45.5949 0
      vertex 61 50.4 0
      vertex 61 45.6 0
    endloop
  endfacet
  facet normal 0 0 -1
    outer loop
      vertex 60.9217 45.5949 0
      vertex 60.9217 50.4051 0
      vertex 61 50.4 0
    endloop
  endfacet
  facet normal 0 0 -1
    outer loop
      vertex 60.8447 45.5796 0
      vertex 60.9217 50.4051 0
      vertex 60.9217 45.5949 0
    endloop
  endfacet
  facet normal 0 0 -1
    outer loop
      vertex 60.8447 45.5796 0
      vertex 60.8447 50.4204 0
      vertex 60.9217 50.4051 0
    endloop
  endfacet
  facet normal 0 0 -1
    outer loop
      vertex 60.7704 45.5543 0
      vertex 60.8447 50.4204 0
      vertex 60.8447 45.5796 0
    endloop
  endfacet
  facet normal 0 0 -1
    outer loop
      vertex 60.7704 45.5543 0
      vertex 60.7704 50.4457 0
      vertex 60.8447 50.4204 0
    endloop
  endfacet
  facet normal 0 0 -1
    outer loop
      vertex 60.7 45.5196 0
      vertex 60.7704 50.4457 0
      vertex 60.7704 45.5543 0
    endloop
  endfacet
  facet normal 0 0 -1
    outer loop
      vertex 60.7 45.5196 0
      vertex 60.7 50.4804 0
      vertex 60.7704 50.4457 0
    endloop
  endfacet
  facet normal 0 0 -1
    outer loop
      vertex 60.6347 45.476 0
      vertex 60.7 50.4804 0
      vertex 60.7 45.5196 0
    endloop
  endfacet
  facet normal 0 0 -1
    outer loop
      vertex 60.6347 45.476 0
      vertex 60.6347 50.524 0
      vertex 60.7 50.4804 0
    endloop
  endfacet
  facet normal 0 0 -1
    outer loop
      vertex 60.5757 45.4243 0
      vertex 60.6347 50.524 0
      vertex 60.6347 45.476 0
    endloop
  endfacet
  facet normal 0 0 -1
    outer loop
      vertex 60.5757 45.4243 0
      vertex 60.5757 50.5757 0
      vertex 60.6347 50.524 0
    endloop
  endfacet
  facet normal 0 0 -1
    outer loop
      vertex 60.524 45.3653 0
      vertex 60.5757 50.5757 0
      vertex 60.5757 45.4243 0
    endloop
  endfacet
  facet normal 0 0 -1
    outer loop
      vertex 60.524 45.3653 0
      vertex 60.524 50.6347 0
      vertex 60.5757 50.5757 0
    endloop
  endfacet
  facet normal 0 0 -1
    outer loop
      vertex 60.4804 45.3 0
      vertex 60.524 50.6347 0
      vertex 60.524 45.3653 0
    endloop
  endfacet
  facet normal 0 0 -1
    outer loop
      vertex 60.4804 45.3 0
      vertex 60.4804 50.7 0
      vertex 60.524 50.6347 0
    endloop
  endfacet
  facet normal 0 0 -1
    outer loop
      vertex 60.4457 45.2296 0
      vertex 60.4804 50.7 0
      vertex 60.4804 45.3 0
    endloop
  endfacet
  facet normal 0 0 -1
    outer loop
      vertex 60.4457 45.2296 0
      vertex 60.4457 50.7704 0
      vertex 60.4804 50.7 0
    endloop
  endfacet
  facet normal 0 0 -1
    outer loop
      vertex 60.4204 45.1553 0
      vertex 60.4457 50.7704 0
      vertex 60.4457 45.2296 0
    endloop
  endfacet
  facet normal 0 0 -1
    outer loop
      vertex 60.4204 45.1553 0
      vertex 60.4204 50.8447 0
      vertex 60.4457 50.7704 0
    endloop
  endfacet
  facet normal 0 0 -1
    outer loop
      vertex 60.4051 45.0783 0
      vertex 60.4204 50.8447 0
      vertex 60.4204 45.1553 0
    endloop
  endfacet
  facet normal 0 0 -1
    outer loop
      vertex 60.4051 45.0783 0
      vertex 60.4051 50.9217 0
      vertex 60.4204 50.8447 0
    endloop
  endfacet
  facet normal 0 0 -1
    outer loop
      vertex 41.2296 33.5543 0
      vertex 60.4051 45.0783 0
      vertex 60.4 45 0
    endloop
  endfacet
  facet normal -0 0 -1
    outer loop
      vertex 60.4051 45.0783 0
      vertex 41.1553 33.5796 0
      vertex 60.4051 50.9217 0
    endloop
  endfacet
  facet normal 0 0 -1
    outer loop
      vertex 61.4243 27.4243 0
      vertex 66.5757 27.4243 0
      vertex 61.476 27.3653 0
    endloop
  endfacet
  facet normal 0 0 -1
    outer loop
      vertex 66.7704 44.4457 0
      vertex 61.5949 44.9217 0
      vertex 61.6 45 0
    endloop
  endfacet
  facet normal 0 0 -1
    outer loop
      vertex 66.5757 27.4243 0
      vertex 61.4243 27.4243 0
      vertex 66.6347 27.476 0
    endloop
  endfacet
  facet normal 0 0 -1
    outer loop
      vertex 66.7704 44.4457 0
      vertex 61.5796 44.8447 0
      vertex 61.5949 44.9217 0
    endloop
  endfacet
  facet normal 0 0 -1
    outer loop
      vertex 61.3653 27.476 0
      vertex 66.6347 27.476 0
      vertex 61.4243 27.4243 0
    endloop
  endfacet
  facet normal 0 0 -1
    outer loop
      vertex 66.7704 44.4457 0
      vertex 61.5543 44.7704 0
      vertex 61.5796 44.8447 0
    endloop
  endfacet
  facet normal 0 0 -1
    outer loop
      vertex 66.6347 27.476 0
      vertex 61.3653 27.476 0
      vertex 66.7 27.5196 0
    endloop
  endfacet
  facet normal 0 0 -1
    outer loop
      vertex 66.7704 44.4457 0
      vertex 61.5196 44.7 0
      vertex 61.5543 44.7704 0
    endloop
  endfacet
  facet normal 0 0 -1
    outer loop
      vertex 61.3 27.5196 0
      vertex 66.7 27.5196 0
      vertex 61.3653 27.476 0
    endloop
  endfacet
  facet normal 0 0 -1
    outer loop
      vertex 66.7704 44.4457 0
      vertex 61.476 44.6347 0
      vertex 61.5196 44.7 0
    endloop
  endfacet
  facet normal 0 0 -1
    outer loop
      vertex 66.7 27.5196 0
      vertex 61.3 27.5196 0
      vertex 66.7704 27.5543 0
    endloop
  endfacet
  facet normal 0 0 -1
    outer loop
      vertex 66.7704 44.4457 0
      vertex 61.4243 44.5757 0
      vertex 61.476 44.6347 0
    endloop
  endfacet
  facet normal 0 0 -1
    outer loop
      vertex 61.2296 27.5543 0
      vertex 66.7704 27.5543 0
      vertex 61.3 27.5196 0
    endloop
  endfacet
  facet normal 0 0 -1
    outer loop
      vertex 66.7704 44.4457 0
      vertex 61.3653 44.524 0
      vertex 61.4243 44.5757 0
    endloop
  endfacet
  facet normal 0 0 -1
    outer loop
      vertex 66.7704 27.5543 0
      vertex 61.2296 27.5543 0
      vertex 66.7704 44.4457 0
    endloop
  endfacet
  facet normal 0 0 -1
    outer loop
      vertex 66.7704 44.4457 0
      vertex 61.3 44.4804 0
      vertex 61.3653 44.524 0
    endloop
  endfacet
  facet normal 0 0 -1
    outer loop
      vertex 61.2296 44.4457 0
      vertex 66.7704 44.4457 0
      vertex 61.2296 27.5543 0
    endloop
  endfacet
  facet normal 0 0 -1
    outer loop
      vertex 66.7704 44.4457 0
      vertex 61.2296 44.4457 0
      vertex 61.3 44.4804 0
    endloop
  endfacet
  facet normal 0 0 -1
    outer loop
      vertex 61.1553 27.5796 0
      vertex 61.2296 44.4457 0
      vertex 61.2296 27.5543 0
    endloop
  endfacet
  facet normal 0 0 -1
    outer loop
      vertex 61.1553 27.5796 0
      vertex 61.1553 44.4204 0
      vertex 61.2296 44.4457 0
    endloop
  endfacet
  facet normal 0 0 -1
    outer loop
      vertex 61.0783 27.5949 0
      vertex 61.1553 44.4204 0
      vertex 61.1553 27.5796 0
    endloop
  endfacet
  facet normal 0 0 -1
    outer loop
      vertex 61.0783 27.5949 0
      vertex 61.0783 44.4051 0
      vertex 61.1553 44.4204 0
    endloop
  endfacet
  facet normal 0 0 -1
    outer loop
      vertex 61 27.6 0
      vertex 61.0783 44.4051 0
      vertex 61.0783 27.5949 0
    endloop
  endfacet
  facet normal 0 0 -1
    outer loop
      vertex 61 27.6 0
      vertex 61 44.4 0
      vertex 61.0783 44.4051 0
    endloop
  endfacet
  facet normal 0 0 -1
    outer loop
      vertex 60.9217 27.5949 0
      vertex 61 44.4 0
      vertex 61 27.6 0
    endloop
  endfacet
  facet normal 0 0 -1
    outer loop
      vertex 60.9217 27.5949 0
      vertex 60.9217 44.4051 0
      vertex 61 44.4 0
    endloop
  endfacet
  facet normal 0 0 -1
    outer loop
      vertex 60.8447 27.5796 0
      vertex 60.9217 44.4051 0
      vertex 60.9217 27.5949 0
    endloop
  endfacet
  facet normal 0 0 -1
    outer loop
      vertex 60.8447 27.5796 0
      vertex 60.8447 44.4204 0
      vertex 60.9217 44.4051 0
    endloop
  endfacet
  facet normal 0 0 -1
    outer loop
      vertex 60.7704 27.5543 0
      vertex 60.8447 44.4204 0
      vertex 60.8447 27.5796 0
    endloop
  endfacet
  facet normal 0 0 -1
    outer loop
      vertex 60.7704 27.5543 0
      vertex 60.7704 44.4457 0
      vertex 60.8447 44.4204 0
    endloop
  endfacet
  facet normal 0 0 -1
    outer loop
      vertex 60.7 27.5196 0
      vertex 60.7704 44.4457 0
      vertex 60.7704 27.5543 0
    endloop
  endfacet
  facet normal 0 0 -1
    outer loop
      vertex 60.7 27.5196 0
      vertex 60.7 44.4804 0
      vertex 60.7704 44.4457 0
    endloop
  endfacet
  facet normal 0 0 -1
    outer loop
      vertex 60.6347 27.476 0
      vertex 60.7 44.4804 0
      vertex 60.7 27.5196 0
    endloop
  endfacet
  facet normal 0 0 -1
    outer loop
      vertex 60.6347 27.476 0
      vertex 60.6347 44.524 0
      vertex 60.7 44.4804 0
    endloop
  endfacet
  facet normal 0 0 -1
    outer loop
      vertex 60.5757 27.4243 0
      vertex 60.6347 44.524 0
      vertex 60.6347 27.476 0
    endloop
  endfacet
  facet normal 0 0 -1
    outer loop
      vertex 60.5757 27.4243 0
      vertex 60.5757 44.5757 0
      vertex 60.6347 44.524 0
    endloop
  endfacet
  facet normal 0 0 -1
    outer loop
      vertex 41.5949 33.0783 0
      vertex 60.5757 27.4243 0
      vertex 60.524 27.3653 0
    endloop
  endfacet
  facet normal 0 0 -1
    outer loop
      vertex 60.5757 27.4243 0
      vertex 41.5796 33.1553 0
      vertex 60.5757 44.5757 0
    endloop
  endfacet
  facet normal 0 0 -1
    outer loop
      vertex 41.6 33 0
      vertex 60.524 27.3653 0
      vertex 60.4804 27.3 0
    endloop
  endfacet
  facet normal 0 0 -1
    outer loop
      vertex 41.5543 33.2296 0
      vertex 60.5757 44.5757 0
      vertex 41.5796 33.1553 0
    endloop
  endfacet
  facet normal 0 0 -1
    outer loop
      vertex 41.6 33 0
      vertex 60.4804 27.3 0
      vertex 60.4457 27.2296 0
    endloop
  endfacet
  facet normal -0 0 -1
    outer loop
      vertex 60.5757 44.5757 0
      vertex 41.5543 33.2296 0
      vertex 60.524 44.6347 0
    endloop
  endfacet
  facet normal 0 0 -1
    outer loop
      vertex 41.6 33 0
      vertex 60.4457 27.2296 0
      vertex 60.4204 27.1553 0
    endloop
  endfacet
  facet normal 0 0 -1
    outer loop
      vertex 41.5196 33.3 0
      vertex 60.524 44.6347 0
      vertex 41.5543 33.2296 0
    endloop
  endfacet
  facet normal 0 0 -1
    outer loop
      vertex 41.5949 27.0783 0
      vertex 60.4051 27.0783 0
      vertex 41.6 27 0
    endloop
  endfacet
  facet normal -0 0 -1
    outer loop
      vertex 60.524 44.6347 0
      vertex 41.5196 33.3 0
      vertex 60.4804 44.7 0
    endloop
  endfacet
  facet normal 0 0 -1
    outer loop
      vertex 41.6 27 0
      vertex 60.4051 27.0783 0
      vertex 60.4 27 0
    endloop
  endfacet
  facet normal 0 0 -1
    outer loop
      vertex 41.476 33.3653 0
      vertex 60.4804 44.7 0
      vertex 41.5196 33.3 0
    endloop
  endfacet
  facet normal 0 0 -1
    outer loop
      vertex 66.4804 21.3 0
      vertex 61.5196 21.3 0
      vertex 66.524 21.3653 0
    endloop
  endfacet
  facet normal 0 0 -1
    outer loop
      vertex 66.5757 26.5757 0
      vertex 61.5949 26.9217 0
      vertex 61.6 27 0
    endloop
  endfacet
  facet normal 0 0 -1
    outer loop
      vertex 61.476 21.3653 0
      vertex 66.524 21.3653 0
      vertex 61.5196 21.3 0
    endloop
  endfacet
  facet normal 0 0 -1
    outer loop
      vertex 66.5757 26.5757 0
      vertex 61.5796 26.8447 0
      vertex 61.5949 26.9217 0
    endloop
  endfacet
  facet normal 0 0 -1
    outer loop
      vertex 66.524 21.3653 0
      vertex 61.476 21.3653 0
      vertex 66.5757 21.4243 0
    endloop
  endfacet
  facet normal 0 0 -1
    outer loop
      vertex 66.5757 26.5757 0
      vertex 61.5543 26.7704 0
      vertex 61.5796 26.8447 0
    endloop
  endfacet
  facet normal 0 0 -1
    outer loop
      vertex 61.4243 21.4243 0
      vertex 66.5757 21.4243 0
      vertex 61.476 21.3653 0
    endloop
  endfacet
  facet normal 0 0 -1
    outer loop
      vertex 66.5757 26.5757 0
      vertex 61.5196 26.7 0
      vertex 61.5543 26.7704 0
    endloop
  endfacet
  facet normal 0 0 -1
    outer loop
      vertex 66.5757 21.4243 0
      vertex 61.4243 21.4243 0
      vertex 66.5757 26.5757 0
    endloop
  endfacet
  facet normal 0 0 -1
    outer loop
      vertex 66.5757 26.5757 0
      vertex 61.476 26.6347 0
      vertex 61.5196 26.7 0
    endloop
  endfacet
  facet normal 0 0 -1
    outer loop
      vertex 61.4243 26.5757 0
      vertex 66.5757 26.5757 0
      vertex 61.4243 21.4243 0
    endloop
  endfacet
  facet normal 0 0 -1
    outer loop
      vertex 66.5757 26.5757 0
      vertex 61.4243 26.5757 0
      vertex 61.476 26.6347 0
    endloop
  endfacet
  facet normal 0 0 -1
    outer loop
      vertex 61.3653 21.476 0
      vertex 61.4243 26.5757 0
      vertex 61.4243 21.4243 0
    endloop
  endfacet
  facet normal 0 0 -1
    outer loop
      vertex 61.3653 21.476 0
      vertex 61.3653 26.524 0
      vertex 61.4243 26.5757 0
    endloop
  endfacet
  facet normal 0 0 -1
    outer loop
      vertex 61.3 21.5196 0
      vertex 61.3653 26.524 0
      vertex 61.3653 21.476 0
    endloop
  endfacet
  facet normal 0 0 -1
    outer loop
      vertex 61.3 21.5196 0
      vertex 61.3 26.4804 0
      vertex 61.3653 26.524 0
    endloop
  endfacet
  facet normal 0 0 -1
    outer loop
      vertex 61.2296 21.5543 0
      vertex 61.3 26.4804 0
      vertex 61.3 21.5196 0
    endloop
  endfacet
  facet normal 0 0 -1
    outer loop
      vertex 61.2296 21.5543 0
      vertex 61.2296 26.4457 0
      vertex 61.3 26.4804 0
    endloop
  endfacet
  facet normal 0 0 -1
    outer loop
      vertex 61.1553 21.5796 0
      vertex 61.2296 26.4457 0
      vertex 61.2296 21.5543 0
    endloop
  endfacet
  facet normal 0 0 -1
    outer loop
      vertex 61.1553 21.5796 0
      vertex 61.1553 26.4204 0
      vertex 61.2296 26.4457 0
    endloop
  endfacet
  facet normal 0 0 -1
    outer loop
      vertex 61.0783 21.5949 0
      vertex 61.1553 26.4204 0
      vertex 61.1553 21.5796 0
    endloop
  endfacet
  facet normal 0 0 -1
    outer loop
      vertex 61.0783 21.5949 0
      vertex 61.0783 26.4051 0
      vertex 61.1553 26.4204 0
    endloop
  endfacet
  facet normal 0 0 -1
    outer loop
      vertex 61 21.6 0
      vertex 61.0783 26.4051 0
      vertex 61.0783 21.5949 0
    endloop
  endfacet
  facet normal 0 0 -1
    outer loop
      vertex 61 21.6 0
      vertex 61 26.4 0
      vertex 61.0783 26.4051 0
    endloop
  endfacet
  facet normal 0 0 -1
    outer loop
      vertex 60.9217 21.5949 0
      vertex 61 26.4 0
      vertex 61 21.6 0
    endloop
  endfacet
  facet normal 0 0 -1
    outer loop
      vertex 60.9217 21.5949 0
      vertex 60.9217 26.4051 0
      vertex 61 26.4 0
    endloop
  endfacet
  facet normal 0 0 -1
    outer loop
      vertex 60.8447 21.5796 0
      vertex 60.9217 26.4051 0
      vertex 60.9217 21.5949 0
    endloop
  endfacet
  facet normal 0 0 -1
    outer loop
      vertex 60.8447 21.5796 0
      vertex 60.8447 26.4204 0
      vertex 60.9217 26.4051 0
    endloop
  endfacet
  facet normal 0 0 -1
    outer loop
      vertex 60.7704 21.5543 0
      vertex 60.8447 26.4204 0
      vertex 60.8447 21.5796 0
    endloop
  endfacet
  facet normal 0 0 -1
    outer loop
      vertex 60.7704 21.5543 0
      vertex 60.7704 26.4457 0
      vertex 60.8447 26.4204 0
    endloop
  endfacet
  facet normal 0 0 -1
    outer loop
      vertex 60.7 21.5196 0
      vertex 60.7704 26.4457 0
      vertex 60.7704 21.5543 0
    endloop
  endfacet
  facet normal 0 0 -1
    outer loop
      vertex 60.7 21.5196 0
      vertex 60.7 26.4804 0
      vertex 60.7704 26.4457 0
    endloop
  endfacet
  facet normal 0 0 -1
    outer loop
      vertex 60.6347 21.476 0
      vertex 60.7 26.4804 0
      vertex 60.7 21.5196 0
    endloop
  endfacet
  facet normal 0 0 -1
    outer loop
      vertex 60.6347 21.476 0
      vertex 60.6347 26.524 0
      vertex 60.7 26.4804 0
    endloop
  endfacet
  facet normal 0 0 -1
    outer loop
      vertex 60.5757 21.4243 0
      vertex 60.6347 26.524 0
      vertex 60.6347 21.476 0
    endloop
  endfacet
  facet normal 0 0 -1
    outer loop
      vertex 60.5757 21.4243 0
      vertex 60.5757 26.5757 0
      vertex 60.6347 26.524 0
    endloop
  endfacet
  facet normal 0 0 -1
    outer loop
      vertex 60.524 21.3653 0
      vertex 60.5757 26.5757 0
      vertex 60.5757 21.4243 0
    endloop
  endfacet
  facet normal 0 0 -1
    outer loop
      vertex 60.524 21.3653 0
      vertex 60.524 26.6347 0
      vertex 60.5757 26.5757 0
    endloop
  endfacet
  facet normal 0 0 -1
    outer loop
      vertex 60.4804 21.3 0
      vertex 60.524 26.6347 0
      vertex 60.524 21.3653 0
    endloop
  endfacet
  facet normal 0 0 -1
    outer loop
      vertex 60.4804 21.3 0
      vertex 60.4804 26.7 0
      vertex 60.524 26.6347 0
    endloop
  endfacet
  facet normal 0 0 -1
    outer loop
      vertex 60.4457 21.2296 0
      vertex 60.4804 26.7 0
      vertex 60.4804 21.3 0
    endloop
  endfacet
  facet normal 0 0 -1
    outer loop
      vertex 60.4457 21.2296 0
      vertex 60.4457 26.7704 0
      vertex 60.4804 26.7 0
    endloop
  endfacet
  facet normal 0 0 -1
    outer loop
      vertex 60.4204 21.1553 0
      vertex 60.4457 26.7704 0
      vertex 60.4457 21.2296 0
    endloop
  endfacet
  facet normal 0 0 -1
    outer loop
      vertex 60.4204 21.1553 0
      vertex 60.4204 26.8447 0
      vertex 60.4457 26.7704 0
    endloop
  endfacet
  facet normal 0 0 -1
    outer loop
      vertex 41.5949 21.0783 0
      vertex 60.4051 21.0783 0
      vertex 41.6 21 0
    endloop
  endfacet
  facet normal 0 0 -1
    outer loop
      vertex 60.4204 21.1553 0
      vertex 41.6 27 0
      vertex 60.4204 26.8447 0
    endloop
  endfacet
  facet normal 0 0 -1
    outer loop
      vertex 41.6 21 0
      vertex 60.4051 21.0783 0
      vertex 60.4 21 0
    endloop
  endfacet
  facet normal 0 0 -1
    outer loop
      vertex 60.4204 26.8447 0
      vertex 41.6 27 0
      vertex 60.4051 26.9217 0
    endloop
  endfacet
  facet normal 0 0 -1
    outer loop
      vertex 72.4804 45.3 0
      vertex 67.5196 45.3 0
      vertex 72.524 45.3653 0
    endloop
  endfacet
  facet normal 0 0 -1
    outer loop
      vertex 72.5757 50.5757 0
      vertex 67.5949 50.9217 0
      vertex 67.6 51 0
    endloop
  endfacet
  facet normal 0 0 -1
    outer loop
      vertex 67.476 45.3653 0
      vertex 72.524 45.3653 0
      vertex 67.5196 45.3 0
    endloop
  endfacet
  facet normal 0 0 -1
    outer loop
      vertex 72.5757 50.5757 0
      vertex 67.5796 50.8447 0
      vertex 67.5949 50.9217 0
    endloop
  endfacet
  facet normal 0 0 -1
    outer loop
      vertex 72.524 45.3653 0
      vertex 67.476 45.3653 0
      vertex 72.5757 45.4243 0
    endloop
  endfacet
  facet normal 0 0 -1
    outer loop
      vertex 72.5757 50.5757 0
      vertex 67.5543 50.7704 0
      vertex 67.5796 50.8447 0
    endloop
  endfacet
  facet normal 0 0 -1
    outer loop
      vertex 67.4243 45.4243 0
      vertex 72.5757 45.4243 0
      vertex 67.476 45.3653 0
    endloop
  endfacet
  facet normal 0 0 -1
    outer loop
      vertex 72.5757 50.5757 0
      vertex 67.5196 50.7 0
      vertex 67.5543 50.7704 0
    endloop
  endfacet
  facet normal 0 0 -1
    outer loop
      vertex 72.5757 45.4243 0
      vertex 67.4243 45.4243 0
      vertex 72.5757 50.5757 0
    endloop
  endfacet
  facet normal 0 0 -1
    outer loop
      vertex 72.5757 50.5757 0
      vertex 67.476 50.6347 0
      vertex 67.5196 50.7 0
    endloop
  endfacet
  facet normal 0 0 -1
    outer loop
      vertex 67.4243 50.5757 0
      vertex 72.5757 50.5757 0
      vertex 67.4243 45.4243 0
    endloop
  endfacet
  facet normal 0 0 -1
    outer loop
      vertex 72.5757 50.5757 0
      vertex 67.4243 50.5757 0
      vertex 67.476 50.6347 0
    endloop
  endfacet
  facet normal 0 0 -1
    outer loop
      vertex 67.3653 45.476 0
      vertex 67.4243 50.5757 0
      vertex 67.4243 45.4243 0
    endloop
  endfacet
  facet normal 0 0 -1
    outer loop
      vertex 67.3653 45.476 0
      vertex 67.3653 50.524 0
      vertex 67.4243 50.5757 0
    endloop
  endfacet
  facet normal 0 0 -1
    outer loop
      vertex 67.3 45.5196 0
      vertex 67.3653 50.524 0
      vertex 67.3653 45.476 0
    endloop
  endfacet
  facet normal 0 0 -1
    outer loop
      vertex 67.3 45.5196 0
      vertex 67.3 50.4804 0
      vertex 67.3653 50.524 0
    endloop
  endfacet
  facet normal 0 0 -1
    outer loop
      vertex 67.2296 45.5543 0
      vertex 67.3 50.4804 0
      vertex 67.3 45.5196 0
    endloop
  endfacet
  facet normal 0 0 -1
    outer loop
      vertex 67.2296 45.5543 0
      vertex 67.2296 50.4457 0
      vertex 67.3 50.4804 0
    endloop
  endfacet
  facet normal 0 0 -1
    outer loop
      vertex 67.1553 45.5796 0
      vertex 67.2296 50.4457 0
      vertex 67.2296 45.5543 0
    endloop
  endfacet
  facet normal 0 0 -1
    outer loop
      vertex 67.1553 45.5796 0
      vertex 67.1553 50.4204 0
      vertex 67.2296 50.4457 0
    endloop
  endfacet
  facet normal 0 0 -1
    outer loop
      vertex 67.0783 45.5949 0
      vertex 67.1553 50.4204 0
      vertex 67.1553 45.5796 0
    endloop
  endfacet
  facet normal 0 0 -1
    outer loop
      vertex 67.0783 45.5949 0
      vertex 67.0783 50.4051 0
      vertex 67.1553 50.4204 0
    endloop
  endfacet
  facet normal 0 0 -1
    outer loop
      vertex 67 45.6 0
      vertex 67.0783 50.4051 0
      vertex 67.0783 45.5949 0
    endloop
  endfacet
  facet normal 0 0 -1
    outer loop
      vertex 67 45.6 0
      vertex 67 50.4 0
      vertex 67.0783 50.4051 0
    endloop
  endfacet
  facet normal 0 0 -1
    outer loop
      vertex 66.9217 45.5949 0
      vertex 67 50.4 0
      vertex 67 45.6 0
    endloop
  endfacet
  facet normal 0 0 -1
    outer loop
      vertex 66.9217 45.5949 0
      vertex 66.9217 50.4051 0
      vertex 67 50.4 0
    endloop
  endfacet
  facet normal 0 0 -1
    outer loop
      vertex 66.8447 45.5796 0
      vertex 66.9217 50.4051 0
      vertex 66.9217 45.5949 0
    endloop
  endfacet
  facet normal 0 0 -1
    outer loop
      vertex 66.8447 45.5796 0
      vertex 66.8447 50.4204 0
      vertex 66.9217 50.4051 0
    endloop
  endfacet
  facet normal 0 0 -1
    outer loop
      vertex 66.7704 45.5543 0
      vertex 66.8447 50.4204 0
      vertex 66.8447 45.5796 0
    endloop
  endfacet
  facet normal 0 0 -1
    outer loop
      vertex 66.7704 45.5543 0
      vertex 66.7704 50.4457 0
      vertex 66.8447 50.4204 0
    endloop
  endfacet
  facet normal 0 0 -1
    outer loop
      vertex 66.7 45.5196 0
      vertex 66.7704 50.4457 0
      vertex 66.7704 45.5543 0
    endloop
  endfacet
  facet normal 0 0 -1
    outer loop
      vertex 66.7 45.5196 0
      vertex 66.7 50.4804 0
      vertex 66.7704 50.4457 0
    endloop
  endfacet
  facet normal 0 0 -1
    outer loop
      vertex 66.6347 45.476 0
      vertex 66.7 50.4804 0
      vertex 66.7 45.5196 0
    endloop
  endfacet
  facet normal 0 0 -1
    outer loop
      vertex 66.6347 45.476 0
      vertex 66.6347 50.524 0
      vertex 66.7 50.4804 0
    endloop
  endfacet
  facet normal 0 0 -1
    outer loop
      vertex 66.5757 45.4243 0
      vertex 66.6347 50.524 0
      vertex 66.6347 45.476 0
    endloop
  endfacet
  facet normal 0 0 -1
    outer loop
      vertex 66.5757 45.4243 0
      vertex 66.5757 50.5757 0
      vertex 66.6347 50.524 0
    endloop
  endfacet
  facet normal 0 0 -1
    outer loop
      vertex 61.5543 45.2296 0
      vertex 66.4457 45.2296 0
      vertex 61.5796 45.1553 0
    endloop
  endfacet
  facet normal 0 0 -1
    outer loop
      vertex 66.4457 45.2296 0
      vertex 61.5543 45.2296 0
      vertex 66.4804 45.3 0
    endloop
  endfacet
  facet normal 0 0 -1
    outer loop
      vertex 66.4204 45.1553 0
      vertex 61.5796 45.1553 0
      vertex 66.4457 45.2296 0
    endloop
  endfacet
  facet normal 0 0 -1
    outer loop
      vertex 61.5196 45.3 0
      vertex 66.4804 45.3 0
      vertex 61.5543 45.2296 0
    endloop
  endfacet
  facet normal 0 0 -1
    outer loop
      vertex 61.5796 45.1553 0
      vertex 66.4204 45.1553 0
      vertex 61.5949 45.0783 0
    endloop
  endfacet
  facet normal 0 0 -1
    outer loop
      vertex 66.5757 50.5757 0
      vertex 61.6 51 0
      vertex 66.524 50.6347 0
    endloop
  endfacet
  facet normal 0 0 -1
    outer loop
      vertex 66.4051 45.0783 0
      vertex 61.5949 45.0783 0
      vertex 66.4204 45.1553 0
    endloop
  endfacet
  facet normal 0 0 -1
    outer loop
      vertex 66.524 50.6347 0
      vertex 61.6 51 0
      vertex 66.4804 50.7 0
    endloop
  endfacet
  facet normal 0 0 -1
    outer loop
      vertex 61.5949 45.0783 0
      vertex 66.4051 45.0783 0
      vertex 61.6 45 0
    endloop
  endfacet
  facet normal 0 0 -1
    outer loop
      vertex 66.4804 50.7 0
      vertex 61.6 51 0
      vertex 66.4457 50.7704 0
    endloop
  endfacet
  facet normal 0 0 -1
    outer loop
      vertex 61.6 45 0
      vertex 66.4051 45.0783 0
      vertex 66.4 45 0
    endloop
  endfacet
  facet normal 0 0 -1
    outer loop
      vertex 66.4457 50.7704 0
      vertex 61.6 51 0
      vertex 66.4204 50.8447 0
    endloop
  endfacet
  facet normal 0 0 -1
    outer loop
      vertex 73.1553 44.4204 0
      vertex 67.4243 27.4243 0
      vertex 73.0783 44.4051 0
    endloop
  endfacet
  facet normal 0 0 -1
    outer loop
      vertex 72.7704 44.4457 0
      vertex 67.5949 44.9217 0
      vertex 67.6 45 0
    endloop
  endfacet
  facet normal 0 0 -1
    outer loop
      vertex 67.3653 27.476 0
      vertex 73.0783 44.4051 0
      vertex 67.4243 27.4243 0
    endloop
  endfacet
  facet normal 0 0 -1
    outer loop
      vertex 72.7704 44.4457 0
      vertex 67.5796 44.8447 0
      vertex 67.5949 44.9217 0
    endloop
  endfacet
  facet normal 0 0 -1
    outer loop
      vertex 73.0783 44.4051 0
      vertex 67.3653 27.476 0
      vertex 73 44.4 0
    endloop
  endfacet
  facet normal 0 0 -1
    outer loop
      vertex 72.7704 44.4457 0
      vertex 67.5543 44.7704 0
      vertex 67.5796 44.8447 0
    endloop
  endfacet
  facet normal 0 0 -1
    outer loop
      vertex 67.3 27.5196 0
      vertex 73 44.4 0
      vertex 67.3653 27.476 0
    endloop
  endfacet
  facet normal 0 0 -1
    outer loop
      vertex 72.7704 44.4457 0
      vertex 67.5196 44.7 0
      vertex 67.5543 44.7704 0
    endloop
  endfacet
  facet normal -0 0 -1
    outer loop
      vertex 73 44.4 0
      vertex 67.3 27.5196 0
      vertex 72.9217 44.4051 0
    endloop
  endfacet
  facet normal 0 0 -1
    outer loop
      vertex 72.7704 44.4457 0
      vertex 67.476 44.6347 0
      vertex 67.5196 44.7 0
    endloop
  endfacet
  facet normal 0 0 -1
    outer loop
      vertex 67.2296 27.5543 0
      vertex 72.9217 44.4051 0
      vertex 67.3 27.5196 0
    endloop
  endfacet
  facet normal 0 0 -1
    outer loop
      vertex 72.7704 44.4457 0
      vertex 67.4243 44.5757 0
      vertex 67.476 44.6347 0
    endloop
  endfacet
  facet normal -0 0 -1
    outer loop
      vertex 72.9217 44.4051 0
      vertex 67.2296 27.5543 0
      vertex 72.8447 44.4204 0
    endloop
  endfacet
  facet normal 0 0 -1
    outer loop
      vertex 72.7704 44.4457 0
      vertex 67.3653 44.524 0
      vertex 67.4243 44.5757 0
    endloop
  endfacet
  facet normal -0 0 -1
    outer loop
      vertex 72.8447 44.4204 0
      vertex 67.2296 27.5543 0
      vertex 72.7704 44.4457 0
    endloop
  endfacet
  facet normal 0 0 -1
    outer loop
      vertex 72.7704 44.4457 0
      vertex 67.3 44.4804 0
      vertex 67.3653 44.524 0
    endloop
  endfacet
  facet normal 0 0 -1
    outer loop
      vertex 67.2296 44.4457 0
      vertex 72.7704 44.4457 0
      vertex 67.2296 27.5543 0
    endloop
  endfacet
  facet normal 0 0 -1
    outer loop
      vertex 72.7704 44.4457 0
      vertex 67.2296 44.4457 0
      vertex 67.3 44.4804 0
    endloop
  endfacet
  facet normal 0 0 -1
    outer loop
      vertex 67.1553 27.5796 0
      vertex 67.2296 44.4457 0
      vertex 67.2296 27.5543 0
    endloop
  endfacet
  facet normal 0 0 -1
    outer loop
      vertex 67.1553 27.5796 0
      vertex 67.1553 44.4204 0
      vertex 67.2296 44.4457 0
    endloop
  endfacet
  facet normal 0 0 -1
    outer loop
      vertex 67.0783 27.5949 0
      vertex 67.1553 44.4204 0
      vertex 67.1553 27.5796 0
    endloop
  endfacet
  facet normal 0 0 -1
    outer loop
      vertex 67.0783 27.5949 0
      vertex 67.0783 44.4051 0
      vertex 67.1553 44.4204 0
    endloop
  endfacet
  facet normal 0 0 -1
    outer loop
      vertex 67 27.6 0
      vertex 67.0783 44.4051 0
      vertex 67.0783 27.5949 0
    endloop
  endfacet
  facet normal 0 0 -1
    outer loop
      vertex 67 27.6 0
      vertex 67 44.4 0
      vertex 67.0783 44.4051 0
    endloop
  endfacet
  facet normal 0 0 -1
    outer loop
      vertex 66.9217 27.5949 0
      vertex 67 44.4 0
      vertex 67 27.6 0
    endloop
  endfacet
  facet normal 0 0 -1
    outer loop
      vertex 66.9217 27.5949 0
      vertex 66.9217 44.4051 0
      vertex 67 44.4 0
    endloop
  endfacet
  facet normal 0 0 -1
    outer loop
      vertex 66.8447 27.5796 0
      vertex 66.9217 44.4051 0
      vertex 66.9217 27.5949 0
    endloop
  endfacet
  facet normal 0 0 -1
    outer loop
      vertex 66.8447 27.5796 0
      vertex 66.8447 44.4204 0
      vertex 66.9217 44.4051 0
    endloop
  endfacet
  facet normal 0 0 -1
    outer loop
      vertex 66.7704 27.5543 0
      vertex 66.8447 44.4204 0
      vertex 66.8447 27.5796 0
    endloop
  endfacet
  facet normal 0 0 -1
    outer loop
      vertex 66.7704 27.5543 0
      vertex 66.7704 44.4457 0
      vertex 66.8447 44.4204 0
    endloop
  endfacet
  facet normal 0 0 -1
    outer loop
      vertex 66.4804 27.3 0
      vertex 61.5196 27.3 0
      vertex 66.524 27.3653 0
    endloop
  endfacet
  facet normal 0 0 -1
    outer loop
      vertex 61.476 27.3653 0
      vertex 66.524 27.3653 0
      vertex 61.5196 27.3 0
    endloop
  endfacet
  facet normal 0 0 -1
    outer loop
      vertex 61.5196 27.3 0
      vertex 66.4804 27.3 0
      vertex 61.5543 27.2296 0
    endloop
  endfacet
  facet normal 0 0 -1
    outer loop
      vertex 66.524 27.3653 0
      vertex 61.476 27.3653 0
      vertex 66.5757 27.4243 0
    endloop
  endfacet
  facet normal 0 0 -1
    outer loop
      vertex 66.4457 27.2296 0
      vertex 61.5543 27.2296 0
      vertex 66.4804 27.3 0
    endloop
  endfacet
  facet normal 0 0 -1
    outer loop
      vertex 66.7704 44.4457 0
      vertex 61.6 45 0
      vertex 66.7 44.4804 0
    endloop
  endfacet
  facet normal 0 0 -1
    outer loop
      vertex 61.5543 27.2296 0
      vertex 66.4457 27.2296 0
      vertex 61.5796 27.1553 0
    endloop
  endfacet
  facet normal 0 0 -1
    outer loop
      vertex 66.7 44.4804 0
      vertex 61.6 45 0
      vertex 66.6347 44.524 0
    endloop
  endfacet
  facet normal 0 0 -1
    outer loop
      vertex 66.4204 27.1553 0
      vertex 61.5796 27.1553 0
      vertex 66.4457 27.2296 0
    endloop
  endfacet
  facet normal 0 0 -1
    outer loop
      vertex 66.6347 44.524 0
      vertex 61.6 45 0
      vertex 66.5757 44.5757 0
    endloop
  endfacet
  facet normal 0 0 -1
    outer loop
      vertex 61.5796 27.1553 0
      vertex 66.4204 27.1553 0
      vertex 61.5949 27.0783 0
    endloop
  endfacet
  facet normal 0 0 -1
    outer loop
      vertex 66.5757 44.5757 0
      vertex 61.6 45 0
      vertex 66.524 44.6347 0
    endloop
  endfacet
  facet normal 0 0 -1
    outer loop
      vertex 66.4051 27.0783 0
      vertex 61.5949 27.0783 0
      vertex 66.4204 27.1553 0
    endloop
  endfacet
  facet normal 0 0 -1
    outer loop
      vertex 66.524 44.6347 0
      vertex 61.6 45 0
      vertex 66.4804 44.7 0
    endloop
  endfacet
  facet normal 0 0 -1
    outer loop
      vertex 61.5949 27.0783 0
      vertex 66.4051 27.0783 0
      vertex 61.6 27 0
    endloop
  endfacet
  facet normal 0 0 -1
    outer loop
      vertex 66.4804 44.7 0
      vertex 61.6 45 0
      vertex 66.4457 44.7704 0
    endloop
  endfacet
  facet normal 0 0 -1
    outer loop
      vertex 61.6 27 0
      vertex 66.4051 27.0783 0
      vertex 66.4 27 0
    endloop
  endfacet
  facet normal 0 0 -1
    outer loop
      vertex 66.4457 44.7704 0
      vertex 61.6 45 0
      vertex 66.4204 44.8447 0
    endloop
  endfacet
  facet normal 0 0 -1
    outer loop
      vertex 67.5949 26.9217 0
      vertex 100 0 0
      vertex 67.5949 21.0783 0
    endloop
  endfacet
  facet normal 0 0 -1
    outer loop
      vertex 100 0 0
      vertex 67.5949 26.9217 0
      vertex 67.6 27 0
    endloop
  endfacet
  facet normal 0 0 -1
    outer loop
      vertex 67.5796 21.1553 0
      vertex 67.5949 26.9217 0
      vertex 67.5949 21.0783 0
    endloop
  endfacet
  facet normal 0 0 -1
    outer loop
      vertex 67.5796 21.1553 0
      vertex 67.5796 26.8447 0
      vertex 67.5949 26.9217 0
    endloop
  endfacet
  facet normal 0 0 -1
    outer loop
      vertex 67.5543 21.2296 0
      vertex 67.5796 26.8447 0
      vertex 67.5796 21.1553 0
    endloop
  endfacet
  facet normal 0 0 -1
    outer loop
      vertex 67.5543 21.2296 0
      vertex 67.5543 26.7704 0
      vertex 67.5796 26.8447 0
    endloop
  endfacet
  facet normal 0 0 -1
    outer loop
      vertex 67.5196 21.3 0
      vertex 67.5543 26.7704 0
      vertex 67.5543 21.2296 0
    endloop
  endfacet
  facet normal 0 0 -1
    outer loop
      vertex 67.5196 21.3 0
      vertex 67.5196 26.7 0
      vertex 67.5543 26.7704 0
    endloop
  endfacet
  facet normal 0 0 -1
    outer loop
      vertex 67.476 21.3653 0
      vertex 67.5196 26.7 0
      vertex 67.5196 21.3 0
    endloop
  endfacet
  facet normal 0 0 -1
    outer loop
      vertex 67.476 21.3653 0
      vertex 67.476 26.6347 0
      vertex 67.5196 26.7 0
    endloop
  endfacet
  facet normal 0 0 -1
    outer loop
      vertex 67.4243 21.4243 0
      vertex 67.476 26.6347 0
      vertex 67.476 21.3653 0
    endloop
  endfacet
  facet normal 0 0 -1
    outer loop
      vertex 67.4243 21.4243 0
      vertex 67.4243 26.5757 0
      vertex 67.476 26.6347 0
    endloop
  endfacet
  facet normal 0 0 -1
    outer loop
      vertex 67.3653 21.476 0
      vertex 67.4243 26.5757 0
      vertex 67.4243 21.4243 0
    endloop
  endfacet
  facet normal 0 0 -1
    outer loop
      vertex 67.3653 21.476 0
      vertex 67.3653 26.524 0
      vertex 67.4243 26.5757 0
    endloop
  endfacet
  facet normal 0 0 -1
    outer loop
      vertex 67.3 21.5196 0
      vertex 67.3653 26.524 0
      vertex 67.3653 21.476 0
    endloop
  endfacet
  facet normal 0 0 -1
    outer loop
      vertex 67.3 21.5196 0
      vertex 67.3 26.4804 0
      vertex 67.3653 26.524 0
    endloop
  endfacet
  facet normal 0 0 -1
    outer loop
      vertex 67.2296 21.5543 0
      vertex 67.3 26.4804 0
      vertex 67.3 21.5196 0
    endloop
  endfacet
  facet normal 0 0 -1
    outer loop
      vertex 67.2296 21.5543 0
      vertex 67.2296 26.4457 0
      vertex 67.3 26.4804 0
    endloop
  endfacet
  facet normal 0 0 -1
    outer loop
      vertex 67.1553 21.5796 0
      vertex 67.2296 26.4457 0
      vertex 67.2296 21.5543 0
    endloop
  endfacet
  facet normal 0 0 -1
    outer loop
      vertex 67.1553 21.5796 0
      vertex 67.1553 26.4204 0
      vertex 67.2296 26.4457 0
    endloop
  endfacet
  facet normal 0 0 -1
    outer loop
      vertex 67.0783 21.5949 0
      vertex 67.1553 26.4204 0
      vertex 67.1553 21.5796 0
    endloop
  endfacet
  facet normal 0 0 -1
    outer loop
      vertex 67.0783 21.5949 0
      vertex 67.0783 26.4051 0
      vertex 67.1553 26.4204 0
    endloop
  endfacet
  facet normal 0 0 -1
    outer loop
      vertex 67 21.6 0
      vertex 67.0783 26.4051 0
      vertex 67.0783 21.5949 0
    endloop
  endfacet
  facet normal 0 0 -1
    outer loop
      vertex 67 21.6 0
      vertex 67 26.4 0
      vertex 67.0783 26.4051 0
    endloop
  endfacet
  facet normal 0 0 -1
    outer loop
      vertex 66.9217 21.5949 0
      vertex 67 26.4 0
      vertex 67 21.6 0
    endloop
  endfacet
  facet normal 0 0 -1
    outer loop
      vertex 66.9217 21.5949 0
      vertex 66.9217 26.4051 0
      vertex 67 26.4 0
    endloop
  endfacet
  facet normal 0 0 -1
    outer loop
      vertex 66.8447 21.5796 0
      vertex 66.9217 26.4051 0
      vertex 66.9217 21.5949 0
    endloop
  endfacet
  facet normal 0 0 -1
    outer loop
      vertex 66.8447 21.5796 0
      vertex 66.8447 26.4204 0
      vertex 66.9217 26.4051 0
    endloop
  endfacet
  facet normal 0 0 -1
    outer loop
      vertex 66.7704 21.5543 0
      vertex 66.8447 26.4204 0
      vertex 66.8447 21.5796 0
    endloop
  endfacet
  facet normal 0 0 -1
    outer loop
      vertex 66.7704 21.5543 0
      vertex 66.7704 26.4457 0
      vertex 66.8447 26.4204 0
    endloop
  endfacet
  facet normal 0 0 -1
    outer loop
      vertex 66.7 21.5196 0
      vertex 66.7704 26.4457 0
      vertex 66.7704 21.5543 0
    endloop
  endfacet
  facet normal 0 0 -1
    outer loop
      vertex 66.7 21.5196 0
      vertex 66.7 26.4804 0
      vertex 66.7704 26.4457 0
    endloop
  endfacet
  facet normal 0 0 -1
    outer loop
      vertex 66.6347 21.476 0
      vertex 66.7 26.4804 0
      vertex 66.7 21.5196 0
    endloop
  endfacet
  facet normal 0 0 -1
    outer loop
      vertex 66.6347 21.476 0
      vertex 66.6347 26.524 0
      vertex 66.7 26.4804 0
    endloop
  endfacet
  facet normal 0 0 -1
    outer loop
      vertex 66.5757 21.4243 0
      vertex 66.6347 26.524 0
      vertex 66.6347 21.476 0
    endloop
  endfacet
  facet normal 0 0 -1
    outer loop
      vertex 66.5757 21.4243 0
      vertex 66.5757 26.5757 0
      vertex 66.6347 26.524 0
    endloop
  endfacet
  facet normal 0 0 -1
    outer loop
      vertex 61.5543 21.2296 0
      vertex 66.4457 21.2296 0
      vertex 61.5796 21.1553 0
    endloop
  endfacet
  facet normal 0 0 -1
    outer loop
      vertex 66.4457 21.2296 0
      vertex 61.5543 21.2296 0
      vertex 66.4804 21.3 0
    endloop
  endfacet
  facet normal 0 0 -1
    outer loop
      vertex 66.4204 21.1553 0
      vertex 61.5796 21.1553 0
      vertex 66.4457 21.2296 0
    endloop
  endfacet
  facet normal 0 0 -1
    outer loop
      vertex 61.5196 21.3 0
      vertex 66.4804 21.3 0
      vertex 61.5543 21.2296 0
    endloop
  endfacet
  facet normal 0 0 -1
    outer loop
      vertex 61.5796 21.1553 0
      vertex 66.4204 21.1553 0
      vertex 61.5949 21.0783 0
    endloop
  endfacet
  facet normal 0 0 -1
    outer loop
      vertex 66.5757 26.5757 0
      vertex 61.6 27 0
      vertex 66.524 26.6347 0
    endloop
  endfacet
  facet normal 0 0 -1
    outer loop
      vertex 66.4051 21.0783 0
      vertex 61.5949 21.0783 0
      vertex 66.4204 21.1553 0
    endloop
  endfacet
  facet normal 0 0 -1
    outer loop
      vertex 66.524 26.6347 0
      vertex 61.6 27 0
      vertex 66.4804 26.7 0
    endloop
  endfacet
  facet normal 0 0 -1
    outer loop
      vertex 61.5949 21.0783 0
      vertex 66.4051 21.0783 0
      vertex 61.6 21 0
    endloop
  endfacet
  facet normal 0 0 -1
    outer loop
      vertex 66.4804 26.7 0
      vertex 61.6 27 0
      vertex 66.4457 26.7704 0
    endloop
  endfacet
  facet normal 0 0 -1
    outer loop
      vertex 61.6 21 0
      vertex 66.4051 21.0783 0
      vertex 66.4 21 0
    endloop
  endfacet
  facet normal 0 0 -1
    outer loop
      vertex 66.4457 26.7704 0
      vertex 61.6 27 0
      vertex 66.4204 26.8447 0
    endloop
  endfacet
  facet normal 0 0 -1
    outer loop
      vertex 73.5949 50.9217 0
      vertex 100 70 0
      vertex 73.5949 45.0783 0
    endloop
  endfacet
  facet normal 0 0 -1
    outer loop
      vertex 100 70 0
      vertex 73.5949 50.9217 0
      vertex 73.6 51 0
    endloop
  endfacet
  facet normal 0 0 -1
    outer loop
      vertex 73.5796 45.1553 0
      vertex 73.5949 50.9217 0
      vertex 73.5949 45.0783 0
    endloop
  endfacet
  facet normal 0 0 -1
    outer loop
      vertex 73.5796 45.1553 0
      vertex 73.5796 50.8447 0
      vertex 73.5949 50.9217 0
    endloop
  endfacet
  facet normal 0 0 -1
    outer loop
      vertex 73.5543 45.2296 0
      vertex 73.5796 50.8447 0
      vertex 73.5796 45.1553 0
    endloop
  endfacet
  facet normal 0 0 -1
    outer loop
      vertex 73.5543 45.2296 0
      vertex 73.5543 50.7704 0
      vertex 73.5796 50.8447 0
    endloop
  endfacet
  facet normal 0 0 -1
    outer loop
      vertex 73.5196 45.3 0
      vertex 73.5543 50.7704 0
      vertex 73.5543 45.2296 0
    endloop
  endfacet
  facet normal 0 0 -1
    outer loop
      vertex 73.5196 45.3 0
      vertex 73.5196 50.7 0
      vertex 73.5543 50.7704 0
    endloop
  endfacet
  facet normal 0 0 -1
    outer loop
      vertex 73.476 45.3653 0
      vertex 73.5196 50.7 0
      vertex 73.5196 45.3 0
    endloop
  endfacet
  facet normal 0 0 -1
    outer loop
      vertex 73.476 45.3653 0
      vertex 73.476 50.6347 0
      vertex 73.5196 50.7 0
    endloop
  endfacet
  facet normal 0 0 -1
    outer loop
      vertex 73.4243 45.4243 0
      vertex 73.476 50.6347 0
      vertex 73.476 45.3653 0
    endloop
  endfacet
  facet normal 0 0 -1
    outer loop
      vertex 73.4243 45.4243 0
      vertex 73.4243 50.5757 0
      vertex 73.476 50.6347 0
    endloop
  endfacet
  facet normal 0 0 -1
    outer loop
      vertex 73.3653 45.476 0
      vertex 73.4243 50.5757 0
      vertex 73.4243 45.4243 0
    endloop
  endfacet
  facet normal 0 0 -1
    outer loop
      vertex 73.3653 45.476 0
      vertex 73.3653 50.524 0
      vertex 73.4243 50.5757 0
    endloop
  endfacet
  facet normal 0 0 -1
    outer loop
      vertex 73.3 45.5196 0
      vertex 73.3653 50.524 0
      vertex 73.3653 45.476 0
    endloop
  endfacet
  facet normal 0 0 -1
    outer loop
      vertex 73.3 45.5196 0
      vertex 73.3 50.4804 0
      vertex 73.3653 50.524 0
    endloop
  endfacet
  facet normal 0 0 -1
    outer loop
      vertex 73.2296 45.5543 0
      vertex 73.3 50.4804 0
      vertex 73.3 45.5196 0
    endloop
  endfacet
  facet normal 0 0 -1
    outer loop
      vertex 73.2296 45.5543 0
      vertex 73.2296 50.4457 0
      vertex 73.3 50.4804 0
    endloop
  endfacet
  facet normal 0 0 -1
    outer loop
      vertex 73.1553 45.5796 0
      vertex 73.2296 50.4457 0
      vertex 73.2296 45.5543 0
    endloop
  endfacet
  facet normal 0 0 -1
    outer loop
      vertex 73.1553 45.5796 0
      vertex 73.1553 50.4204 0
      vertex 73.2296 50.4457 0
    endloop
  endfacet
  facet normal 0 0 -1
    outer loop
      vertex 73.0783 45.5949 0
      vertex 73.1553 50.4204 0
      vertex 73.1553 45.5796 0
    endloop
  endfacet
  facet normal 0 0 -1
    outer loop
      vertex 73.0783 45.5949 0
      vertex 73.0783 50.4051 0
      vertex 73.1553 50.4204 0
    endloop
  endfacet
  facet normal 0 0 -1
    outer loop
      vertex 73 45.6 0
      vertex 73.0783 50.4051 0
      vertex 73.0783 45.5949 0
    endloop
  endfacet
  facet normal 0 0 -1
    outer loop
      vertex 73 45.6 0
      vertex 73 50.4 0
      vertex 73.0783 50.4051 0
    endloop
  endfacet
  facet normal 0 0 -1
    outer loop
      vertex 72.9217 45.5949 0
      vertex 73 50.4 0
      vertex 73 45.6 0
    endloop
  endfacet
  facet normal 0 0 -1
    outer loop
      vertex 72.9217 45.5949 0
      vertex 72.9217 50.4051 0
      vertex 73 50.4 0
    endloop
  endfacet
  facet normal 0 0 -1
    outer loop
      vertex 72.8447 45.5796 0
      vertex 72.9217 50.4051 0
      vertex 72.9217 45.5949 0
    endloop
  endfacet
  facet normal 0 0 -1
    outer loop
      vertex 72.8447 45.5796 0
      vertex 72.8447 50.4204 0
      vertex 72.9217 50.4051 0
    endloop
  endfacet
  facet normal 0 0 -1
    outer loop
      vertex 72.7704 45.5543 0
      vertex 72.8447 50.4204 0
      vertex 72.8447 45.5796 0
    endloop
  endfacet
  facet normal 0 0 -1
    outer loop
      vertex 72.7704 45.5543 0
      vertex 72.7704 50.4457 0
      vertex 72.8447 50.4204 0
    endloop
  endfacet
  facet normal 0 0 -1
    outer loop
      vertex 72.7 45.5196 0
      vertex 72.7704 50.4457 0
      vertex 72.7704 45.5543 0
    endloop
  endfacet
  facet normal 0 0 -1
    outer loop
      vertex 72.7 45.5196 0
      vertex 72.7 50.4804 0
      vertex 72.7704 50.4457 0
    endloop
  endfacet
  facet normal 0 0 -1
    outer loop
      vertex 72.6347 45.476 0
      vertex 72.7 50.4804 0
      vertex 72.7 45.5196 0
    endloop
  endfacet
  facet normal 0 0 -1
    outer loop
      vertex 72.6347 45.476 0
      vertex 72.6347 50.524 0
      vertex 72.7 50.4804 0
    endloop
  endfacet
  facet normal 0 0 -1
    outer loop
      vertex 72.5757 45.4243 0
      vertex 72.6347 50.524 0
      vertex 72.6347 45.476 0
    endloop
  endfacet
  facet normal 0 0 -1
    outer loop
      vertex 72.5757 45.4243 0
      vertex 72.5757 50.5757 0
      vertex 72.6347 50.524 0
    endloop
  endfacet
  facet normal 0 0 -1
    outer loop
      vertex 67.5543 45.2296 0
      vertex 72.4457 45.2296 0
      vertex 67.5796 45.1553 0
    endloop
  endfacet
  facet normal 0 0 -1
    outer loop
      vertex 72.4457 45.2296 0
      vertex 67.5543 45.2296 0
      vertex 72.4804 45.3 0
    endloop
  endfacet
  facet normal 0 0 -1
    outer loop
      vertex 72.4204 45.1553 0
      vertex 67.5796 45.1553 0
      vertex 72.4457 45.2296 0
    endloop
  endfacet
  facet normal 0 0 -1
    outer loop
      vertex 67.5196 45.3 0
      vertex 72.4804 45.3 0
      vertex 67.5543 45.2296 0
    endloop
  endfacet
  facet normal 0 0 -1
    outer loop
      vertex 67.5796 45.1553 0
      vertex 72.4204 45.1553 0
      vertex 67.5949 45.0783 0
    endloop
  endfacet
  facet normal 0 0 -1
    outer loop
      vertex 72.5757 50.5757 0
      vertex 67.6 51 0
      vertex 72.524 50.6347 0
    endloop
  endfacet
  facet normal 0 0 -1
    outer loop
      vertex 72.4051 45.0783 0
      vertex 67.5949 45.0783 0
      vertex 72.4204 45.1553 0
    endloop
  endfacet
  facet normal 0 0 -1
    outer loop
      vertex 72.524 50.6347 0
      vertex 67.6 51 0
      vertex 72.4804 50.7 0
    endloop
  endfacet
  facet normal 0 0 -1
    outer loop
      vertex 67.5949 45.0783 0
      vertex 72.4051 45.0783 0
      vertex 67.6 45 0
    endloop
  endfacet
  facet normal 0 0 -1
    outer loop
      vertex 72.4804 50.7 0
      vertex 67.6 51 0
      vertex 72.4457 50.7704 0
    endloop
  endfacet
  facet normal 0 0 -1
    outer loop
      vertex 67.6 45 0
      vertex 72.4051 45.0783 0
      vertex 72.4 45 0
    endloop
  endfacet
  facet normal 0 0 -1
    outer loop
      vertex 72.4457 50.7704 0
      vertex 67.6 51 0
      vertex 72.4204 50.8447 0
    endloop
  endfacet
  facet normal 0 0 -1
    outer loop
      vertex 73.5796 44.8447 0
      vertex 100 70 0
      vertex 100 0 0
    endloop
  endfacet
  facet normal 0 0 -1
    outer loop
      vertex 100 70 0
      vertex 73.5949 44.9217 0
      vertex 73.6 45 0
    endloop
  endfacet
  facet normal 0 0 -1
    outer loop
      vertex 100 70 0
      vertex 73.5796 44.8447 0
      vertex 73.5949 44.9217 0
    endloop
  endfacet
  facet normal 0 0 -1
    outer loop
      vertex 100 0 0
      vertex 73.5543 44.7704 0
      vertex 73.5796 44.8447 0
    endloop
  endfacet
  facet normal 0 0 -1
    outer loop
      vertex 100 0 0
      vertex 73.5196 44.7 0
      vertex 73.5543 44.7704 0
    endloop
  endfacet
  facet normal 0 0 -1
    outer loop
      vertex 100 0 0
      vertex 73.476 44.6347 0
      vertex 73.5196 44.7 0
    endloop
  endfacet
  facet normal 0 0 -1
    outer loop
      vertex 67.6 27 0
      vertex 73.476 44.6347 0
      vertex 100 0 0
    endloop
  endfacet
  facet normal 0 0 -1
    outer loop
      vertex 67.5949 27.0783 0
      vertex 73.476 44.6347 0
      vertex 67.6 27 0
    endloop
  endfacet
  facet normal 0 0 -1
    outer loop
      vertex 73.476 44.6347 0
      vertex 67.5949 27.0783 0
      vertex 73.4243 44.5757 0
    endloop
  endfacet
  facet normal 0 0 -1
    outer loop
      vertex 67.5796 27.1553 0
      vertex 73.4243 44.5757 0
      vertex 67.5949 27.0783 0
    endloop
  endfacet
  facet normal 0 0 -1
    outer loop
      vertex 73.4243 44.5757 0
      vertex 67.5796 27.1553 0
      vertex 73.3653 44.524 0
    endloop
  endfacet
  facet normal 0 0 -1
    outer loop
      vertex 67.5543 27.2296 0
      vertex 73.3653 44.524 0
      vertex 67.5796 27.1553 0
    endloop
  endfacet
  facet normal 0 0 -1
    outer loop
      vertex 73.3653 44.524 0
      vertex 67.5543 27.2296 0
      vertex 73.3 44.4804 0
    endloop
  endfacet
  facet normal 0 0 -1
    outer loop
      vertex 67.5196 27.3 0
      vertex 73.3 44.4804 0
      vertex 67.5543 27.2296 0
    endloop
  endfacet
  facet normal 0 0 -1
    outer loop
      vertex 73.3 44.4804 0
      vertex 67.5196 27.3 0
      vertex 73.2296 44.4457 0
    endloop
  endfacet
  facet normal 0 0 -1
    outer loop
      vertex 67.476 27.3653 0
      vertex 73.2296 44.4457 0
      vertex 67.5196 27.3 0
    endloop
  endfacet
  facet normal 0 0 -1
    outer loop
      vertex 73.2296 44.4457 0
      vertex 67.476 27.3653 0
      vertex 73.1553 44.4204 0
    endloop
  endfacet
  facet normal 0 0 -1
    outer loop
      vertex 67.4243 27.4243 0
      vertex 73.1553 44.4204 0
      vertex 67.476 27.3653 0
    endloop
  endfacet
  facet normal 0 0 -1
    outer loop
      vertex 72.7704 44.4457 0
      vertex 67.6 45 0
      vertex 72.7 44.4804 0
    endloop
  endfacet
  facet normal 0 0 -1
    outer loop
      vertex 72.7 44.4804 0
      vertex 67.6 45 0
      vertex 72.6347 44.524 0
    endloop
  endfacet
  facet normal 0 0 -1
    outer loop
      vertex 72.6347 44.524 0
      vertex 67.6 45 0
      vertex 72.5757 44.5757 0
    endloop
  endfacet
  facet normal 0 0 -1
    outer loop
      vertex 72.4204 44.8447 0
      vertex 67.6 45 0
      vertex 72.4051 44.9217 0
    endloop
  endfacet
  facet normal 0 0 -1
    outer loop
      vertex 72.4457 44.7704 0
      vertex 67.6 45 0
      vertex 72.4204 44.8447 0
    endloop
  endfacet
  facet normal 0 0 -1
    outer loop
      vertex 72.4804 44.7 0
      vertex 67.6 45 0
      vertex 72.4457 44.7704 0
    endloop
  endfacet
  facet normal 0 0 -1
    outer loop
      vertex 72.524 44.6347 0
      vertex 67.6 45 0
      vertex 72.4804 44.7 0
    endloop
  endfacet
  facet normal 0 0 -1
    outer loop
      vertex 72.5757 44.5757 0
      vertex 67.6 45 0
      vertex 72.524 44.6347 0
    endloop
  endfacet
  facet normal 0 0 -1
    outer loop
      vertex 67.5949 21.0783 0
      vertex 100 0 0
      vertex 67.6 21 0
    endloop
  endfacet
  facet normal 0 0 -1
    outer loop
      vertex 100 0 0
      vertex 67.5949 20.9217 0
      vertex 67.6 21 0
    endloop
  endfacet
  facet normal 0 0 -1
    outer loop
      vertex 100 0 0
      vertex 67.5796 20.8447 0
      vertex 67.5949 20.9217 0
    endloop
  endfacet
  facet normal 0 0 -1
    outer loop
      vertex 100 0 0
      vertex 67.5543 20.7704 0
      vertex 67.5796 20.8447 0
    endloop
  endfacet
  facet normal 0 0 -1
    outer loop
      vertex 100 0 0
      vertex 67.5196 20.7 0
      vertex 67.5543 20.7704 0
    endloop
  endfacet
  facet normal 0 0 -1
    outer loop
      vertex 100 0 0
      vertex 67.476 20.6347 0
      vertex 67.5196 20.7 0
    endloop
  endfacet
  facet normal 0 0 -1
    outer loop
      vertex 100 0 0
      vertex 67.4243 20.5757 0
      vertex 67.476 20.6347 0
    endloop
  endfacet
  facet normal 0 0 -1
    outer loop
      vertex 100 0 0
      vertex 67.3653 20.524 0
      vertex 67.4243 20.5757 0
    endloop
  endfacet
  facet normal 0 0 -1
    outer loop
      vertex 100 0 0
      vertex 67.3 20.4804 0
      vertex 67.3653 20.524 0
    endloop
  endfacet
  facet normal 0 0 -1
    outer loop
      vertex 100 0 0
      vertex 67.2296 20.4457 0
      vertex 67.3 20.4804 0
    endloop
  endfacet
  facet normal 0 0 -1
    outer loop
      vertex 100 0 0
      vertex 67.1553 20.4204 0
      vertex 67.2296 20.4457 0
    endloop
  endfacet
  facet normal 0 0 -1
    outer loop
      vertex 100 0 0
      vertex 67.0783 20.4051 0
      vertex 67.1553 20.4204 0
    endloop
  endfacet
  facet normal 0 0 -1
    outer loop
      vertex 100 0 0
      vertex 67 20.4 0
      vertex 67.0783 20.4051 0
    endloop
  endfacet
  facet normal 0 0 -1
    outer loop
      vertex 100 0 0
      vertex 66.9217 20.4051 0
      vertex 67 20.4 0
    endloop
  endfacet
  facet normal 0 0 -1
    outer loop
      vertex 61.0783 20.4051 0
      vertex 66.9217 20.4051 0
      vertex 100 0 0
    endloop
  endfacet
  facet normal 0 0 -1
    outer loop
      vertex 66.9217 20.4051 0
      vertex 61.0783 20.4051 0
      vertex 66.8447 20.4204 0
    endloop
  endfacet
  facet normal 0 -0 -1
    outer loop
      vertex 61.1553 20.4204 0
      vertex 66.8447 20.4204 0
      vertex 61.0783 20.4051 0
    endloop
  endfacet
  facet normal 0 0 -1
    outer loop
      vertex 66.4051 26.9217 0
      vertex 61.6 27 0
      vertex 66.4 27 0
    endloop
  endfacet
  facet normal 0 0 -1
    outer loop
      vertex 66.4204 44.8447 0
      vertex 61.6 45 0
      vertex 66.4051 44.9217 0
    endloop
  endfacet
  facet normal 0 0 -1
    outer loop
      vertex 66.4204 26.8447 0
      vertex 61.6 27 0
      vertex 66.4051 26.9217 0
    endloop
  endfacet
  facet normal 0 0 -1
    outer loop
      vertex 66.4051 20.9217 0
      vertex 61.6 21 0
      vertex 66.4 21 0
    endloop
  endfacet
  facet normal 0 0 -1
    outer loop
      vertex 61.5949 20.9217 0
      vertex 66.4051 20.9217 0
      vertex 66.4204 20.8447 0
    endloop
  endfacet
  facet normal 0 0 -1
    outer loop
      vertex 61.5796 20.8447 0
      vertex 66.4204 20.8447 0
      vertex 66.4457 20.7704 0
    endloop
  endfacet
  facet normal 0 0 -1
    outer loop
      vertex 61.5543 20.7704 0
      vertex 66.4457 20.7704 0
      vertex 66.4804 20.7 0
    endloop
  endfacet
  facet normal 0 0 -1
    outer loop
      vertex 61.5196 20.7 0
      vertex 66.4804 20.7 0
      vertex 66.524 20.6347 0
    endloop
  endfacet
  facet normal 0 0 -1
    outer loop
      vertex 61.476 20.6347 0
      vertex 66.524 20.6347 0
      vertex 66.5757 20.5757 0
    endloop
  endfacet
  facet normal 0 0 -1
    outer loop
      vertex 61.4243 20.5757 0
      vertex 66.5757 20.5757 0
      vertex 66.6347 20.524 0
    endloop
  endfacet
  facet normal 0 0 -1
    outer loop
      vertex 61.3653 20.524 0
      vertex 66.6347 20.524 0
      vertex 66.7 20.4804 0
    endloop
  endfacet
  facet normal 0 0 -1
    outer loop
      vertex 66.8447 20.4204 0
      vertex 61.1553 20.4204 0
      vertex 66.7704 20.4457 0
    endloop
  endfacet
  facet normal 0 0 -1
    outer loop
      vertex 66.4051 20.9217 0
      vertex 61.5949 20.9217 0
      vertex 61.6 21 0
    endloop
  endfacet
  facet normal 0 0 -1
    outer loop
      vertex 66.4204 20.8447 0
      vertex 61.5796 20.8447 0
      vertex 61.5949 20.9217 0
    endloop
  endfacet
  facet normal 0 0 -1
    outer loop
      vertex 66.4457 20.7704 0
      vertex 61.5543 20.7704 0
      vertex 61.5796 20.8447 0
    endloop
  endfacet
  facet normal 0 0 -1
    outer loop
      vertex 66.4804 20.7 0
      vertex 61.5196 20.7 0
      vertex 61.5543 20.7704 0
    endloop
  endfacet
  facet normal 0 0 -1
    outer loop
      vertex 66.524 20.6347 0
      vertex 61.476 20.6347 0
      vertex 61.5196 20.7 0
    endloop
  endfacet
  facet normal 0 0 -1
    outer loop
      vertex 66.5757 20.5757 0
      vertex 61.4243 20.5757 0
      vertex 61.476 20.6347 0
    endloop
  endfacet
  facet normal 0 0 -1
    outer loop
      vertex 66.6347 20.524 0
      vertex 61.3653 20.524 0
      vertex 61.4243 20.5757 0
    endloop
  endfacet
  facet normal 0 0 -1
    outer loop
      vertex 66.7 20.4804 0
      vertex 61.3 20.4804 0
      vertex 61.3653 20.524 0
    endloop
  endfacet
  facet normal -0 0 -1
    outer loop
      vertex 66.7 20.4804 0
      vertex 61.2296 20.4457 0
      vertex 61.3 20.4804 0
    endloop
  endfacet
  facet normal 0 0 -1
    outer loop
      vertex 66.7704 20.4457 0
      vertex 61.2296 20.4457 0
      vertex 66.7 20.4804 0
    endloop
  endfacet
  facet normal 0 -0 -1
    outer loop
      vertex 61.2296 20.4457 0
      vertex 66.7704 20.4457 0
      vertex 61.1553 20.4204 0
    endloop
  endfacet
  facet normal 0 0 -1
    outer loop
      vertex 100 0 0
      vertex 61 20.4 0
      vertex 61.0783 20.4051 0
    endloop
  endfacet
  facet normal 0 0 -1
    outer loop
      vertex 100 0 0
      vertex 60.9217 20.4051 0
      vertex 61 20.4 0
    endloop
  endfacet
  facet normal 0 0 -1
    outer loop
      vertex 41.0783 20.4051 0
      vertex 60.9217 20.4051 0
      vertex 100 0 0
    endloop
  endfacet
  facet normal 0 0 -1
    outer loop
      vertex 60.9217 20.4051 0
      vertex 41.0783 20.4051 0
      vertex 60.8447 20.4204 0
    endloop
  endfacet
  facet normal 0 -0 -1
    outer loop
      vertex 41.1553 20.4204 0
      vertex 60.8447 20.4204 0
      vertex 41.0783 20.4051 0
    endloop
  endfacet
  facet normal 0 0 -1
    outer loop
      vertex 60.4051 26.9217 0
      vertex 41.6 27 0
      vertex 60.4 27 0
    endloop
  endfacet
  facet normal 0 0 -1
    outer loop
      vertex 60.524 27.3653 0
      vertex 41.6 33 0
      vertex 41.5949 33.0783 0
    endloop
  endfacet
  facet normal 0 0 -1
    outer loop
      vertex 60.4051 21.0783 0
      vertex 41.5949 21.0783 0
      vertex 60.4204 21.1553 0
    endloop
  endfacet
  facet normal 0 0 -1
    outer loop
      vertex 60.4051 20.9217 0
      vertex 41.6 21 0
      vertex 60.4 21 0
    endloop
  endfacet
  facet normal 0 0 -1
    outer loop
      vertex 41.5949 20.9217 0
      vertex 60.4051 20.9217 0
      vertex 60.4204 20.8447 0
    endloop
  endfacet
  facet normal 0 0 -1
    outer loop
      vertex 41.5796 20.8447 0
      vertex 60.4204 20.8447 0
      vertex 60.4457 20.7704 0
    endloop
  endfacet
  facet normal 0 0 -1
    outer loop
      vertex 41.5543 20.7704 0
      vertex 60.4457 20.7704 0
      vertex 60.4804 20.7 0
    endloop
  endfacet
  facet normal 0 0 -1
    outer loop
      vertex 41.5196 20.7 0
      vertex 60.4804 20.7 0
      vertex 60.524 20.6347 0
    endloop
  endfacet
  facet normal 0 0 -1
    outer loop
      vertex 41.476 20.6347 0
      vertex 60.524 20.6347 0
      vertex 60.5757 20.5757 0
    endloop
  endfacet
  facet normal 0 0 -1
    outer loop
      vertex 41.4243 20.5757 0
      vertex 60.5757 20.5757 0
      vertex 60.6347 20.524 0
    endloop
  endfacet
  facet normal 0 0 -1
    outer loop
      vertex 41.3653 20.524 0
      vertex 60.6347 20.524 0
      vertex 60.7 20.4804 0
    endloop
  endfacet
  facet normal 0 0 -1
    outer loop
      vertex 60.8447 20.4204 0
      vertex 41.1553 20.4204 0
      vertex 60.7704 20.4457 0
    endloop
  endfacet
  facet normal 0 0 -1
    outer loop
      vertex 60.4051 20.9217 0
      vertex 41.5949 20.9217 0
      vertex 41.6 21 0
    endloop
  endfacet
  facet normal 0 0 -1
    outer loop
      vertex 60.4204 20.8447 0
      vertex 41.5796 20.8447 0
      vertex 41.5949 20.9217 0
    endloop
  endfacet
  facet normal 0 0 -1
    outer loop
      vertex 60.4457 20.7704 0
      vertex 41.5543 20.7704 0
      vertex 41.5796 20.8447 0
    endloop
  endfacet
  facet normal 0 0 -1
    outer loop
      vertex 60.4804 20.7 0
      vertex 41.5196 20.7 0
      vertex 41.5543 20.7704 0
    endloop
  endfacet
  facet normal 0 0 -1
    outer loop
      vertex 60.524 20.6347 0
      vertex 41.476 20.6347 0
      vertex 41.5196 20.7 0
    endloop
  endfacet
  facet normal 0 0 -1
    outer loop
      vertex 60.5757 20.5757 0
      vertex 41.4243 20.5757 0
      vertex 41.476 20.6347 0
    endloop
  endfacet
  facet normal 0 0 -1
    outer loop
      vertex 60.6347 20.524 0
      vertex 41.3653 20.524 0
      vertex 41.4243 20.5757 0
    endloop
  endfacet
  facet normal 0 0 -1
    outer loop
      vertex 60.7 20.4804 0
      vertex 41.3 20.4804 0
      vertex 41.3653 20.524 0
    endloop
  endfacet
  facet normal -0 0 -1
    outer loop
      vertex 60.7 20.4804 0
      vertex 41.2296 20.4457 0
      vertex 41.3 20.4804 0
    endloop
  endfacet
  facet normal 0 0 -1
    outer loop
      vertex 60.7704 20.4457 0
      vertex 41.2296 20.4457 0
      vertex 60.7 20.4804 0
    endloop
  endfacet
  facet normal 0 -0 -1
    outer loop
      vertex 41.2296 20.4457 0
      vertex 60.7704 20.4457 0
      vertex 41.1553 20.4204 0
    endloop
  endfacet
  facet normal 0 0 -1
    outer loop
      vertex 0 0 0
      vertex 41.0783 20.4051 0
      vertex 100 0 0
    endloop
  endfacet
  facet normal 0 0 -1
    outer loop
      vertex 41.0783 20.4051 0
      vertex 0 0 0
      vertex 41 20.4 0
    endloop
  endfacet
  facet normal -0 0 -1
    outer loop
      vertex 41 20.4 0
      vertex 0 0 0
      vertex 40.9217 20.4051 0
    endloop
  endfacet
  facet normal 0 -0 -1
    outer loop
      vertex 35.0783 20.4051 0
      vertex 40.9217 20.4051 0
      vertex 0 0 0
    endloop
  endfacet
  facet normal 0 0 -1
    outer loop
      vertex 40.4051 26.9217 0
      vertex 35.6 27 0
      vertex 40.4 27 0
    endloop
  endfacet
  facet normal 0 0 -1
    outer loop
      vertex 40.4204 26.8447 0
      vertex 35.6 27 0
      vertex 40.4051 26.9217 0
    endloop
  endfacet
  facet normal 0 0 -1
    outer loop
      vertex 40.4051 20.9217 0
      vertex 35.6 21 0
      vertex 40.4 21 0
    endloop
  endfacet
  facet normal 0 0 -1
    outer loop
      vertex 35.5949 20.9217 0
      vertex 40.4051 20.9217 0
      vertex 40.4204 20.8447 0
    endloop
  endfacet
  facet normal 0 0 -1
    outer loop
      vertex 35.5796 20.8447 0
      vertex 40.4204 20.8447 0
      vertex 40.4457 20.7704 0
    endloop
  endfacet
  facet normal 0 0 -1
    outer loop
      vertex 35.5543 20.7704 0
      vertex 40.4457 20.7704 0
      vertex 40.4804 20.7 0
    endloop
  endfacet
  facet normal 0 0 -1
    outer loop
      vertex 35.5196 20.7 0
      vertex 40.4804 20.7 0
      vertex 40.524 20.6347 0
    endloop
  endfacet
  facet normal 0 0 -1
    outer loop
      vertex 35.476 20.6347 0
      vertex 40.524 20.6347 0
      vertex 40.5757 20.5757 0
    endloop
  endfacet
  facet normal 0 0 -1
    outer loop
      vertex 35.4243 20.5757 0
      vertex 40.5757 20.5757 0
      vertex 40.6347 20.524 0
    endloop
  endfacet
  facet normal 0 0 -1
    outer loop
      vertex 35.3653 20.524 0
      vertex 40.6347 20.524 0
      vertex 40.7 20.4804 0
    endloop
  endfacet
  facet normal 0 0 -1
    outer loop
      vertex 35.3 20.4804 0
      vertex 40.7 20.4804 0
      vertex 40.7704 20.4457 0
    endloop
  endfacet
  facet normal 0 0 -1
    outer loop
      vertex 40.9217 20.4051 0
      vertex 35.0783 20.4051 0
      vertex 40.8447 20.4204 0
    endloop
  endfacet
  facet normal 0 0 -1
    outer loop
      vertex 40.4051 20.9217 0
      vertex 35.5949 20.9217 0
      vertex 35.6 21 0
    endloop
  endfacet
  facet normal 0 0 -1
    outer loop
      vertex 40.4204 20.8447 0
      vertex 35.5796 20.8447 0
      vertex 35.5949 20.9217 0
    endloop
  endfacet
  facet normal 0 0 -1
    outer loop
      vertex 40.4457 20.7704 0
      vertex 35.5543 20.7704 0
      vertex 35.5796 20.8447 0
    endloop
  endfacet
  facet normal 0 0 -1
    outer loop
      vertex 40.4804 20.7 0
      vertex 35.5196 20.7 0
      vertex 35.5543 20.7704 0
    endloop
  endfacet
  facet normal 0 0 -1
    outer loop
      vertex 40.524 20.6347 0
      vertex 35.476 20.6347 0
      vertex 35.5196 20.7 0
    endloop
  endfacet
  facet normal 0 0 -1
    outer loop
      vertex 40.5757 20.5757 0
      vertex 35.4243 20.5757 0
      vertex 35.476 20.6347 0
    endloop
  endfacet
  facet normal 0 0 -1
    outer loop
      vertex 40.6347 20.524 0
      vertex 35.3653 20.524 0
      vertex 35.4243 20.5757 0
    endloop
  endfacet
  facet normal 0 0 -1
    outer loop
      vertex 40.7 20.4804 0
      vertex 35.3 20.4804 0
      vertex 35.3653 20.524 0
    endloop
  endfacet
  facet normal 0 0 -1
    outer loop
      vertex 40.7704 20.4457 0
      vertex 35.2296 20.4457 0
      vertex 35.3 20.4804 0
    endloop
  endfacet
  facet normal -0 0 -1
    outer loop
      vertex 40.7704 20.4457 0
      vertex 35.1553 20.4204 0
      vertex 35.2296 20.4457 0
    endloop
  endfacet
  facet normal 0 -0 -1
    outer loop
      vertex 35.1553 20.4204 0
      vertex 40.8447 20.4204 0
      vertex 35.0783 20.4051 0
    endloop
  endfacet
  facet normal 0 0 -1
    outer loop
      vertex 40.8447 20.4204 0
      vertex 35.1553 20.4204 0
      vertex 40.7704 20.4457 0
    endloop
  endfacet
  facet normal 0 0 -1
    outer loop
      vertex 35.0783 20.4051 0
      vertex 0 0 0
      vertex 35 20.4 0
    endloop
  endfacet
  facet normal -0 0 -1
    outer loop
      vertex 35 20.4 0
      vertex 0 0 0
      vertex 34.9217 20.4051 0
    endloop
  endfacet
  facet normal 0 0 -1
    outer loop
      vertex 34.4051 26.9217 0
      vertex 29.6 27 0
      vertex 34.4 27 0
    endloop
  endfacet
  facet normal 0 0 -1
    outer loop
      vertex 34.4204 26.8447 0
      vertex 29.6 27 0
      vertex 34.4051 26.9217 0
    endloop
  endfacet
  facet normal 0 0 -1
    outer loop
      vertex 34.4051 20.9217 0
      vertex 29.6 21 0
      vertex 34.4 21 0
    endloop
  endfacet
  facet normal 0 0 -1
    outer loop
      vertex 29.5949 20.9217 0
      vertex 34.4051 20.9217 0
      vertex 34.4204 20.8447 0
    endloop
  endfacet
  facet normal 0 0 -1
    outer loop
      vertex 29.5796 20.8447 0
      vertex 34.4204 20.8447 0
      vertex 34.4457 20.7704 0
    endloop
  endfacet
  facet normal 0 0 -1
    outer loop
      vertex 29.5543 20.7704 0
      vertex 34.4457 20.7704 0
      vertex 34.4804 20.7 0
    endloop
  endfacet
  facet normal 0 0 -1
    outer loop
      vertex 29.5196 20.7 0
      vertex 34.4804 20.7 0
      vertex 34.524 20.6347 0
    endloop
  endfacet
  facet normal 0 0 -1
    outer loop
      vertex 29.476 20.6347 0
      vertex 34.524 20.6347 0
      vertex 34.5757 20.5757 0
    endloop
  endfacet
  facet normal 0 0 -1
    outer loop
      vertex 29.4243 20.5757 0
      vertex 34.5757 20.5757 0
      vertex 34.6347 20.524 0
    endloop
  endfacet
  facet normal 0 0 -1
    outer loop
      vertex 29.3653 20.524 0
      vertex 34.6347 20.524 0
      vertex 34.7 20.4804 0
    endloop
  endfacet
  facet normal 0 0 -1
    outer loop
      vertex 29.3 20.4804 0
      vertex 34.7 20.4804 0
      vertex 34.7704 20.4457 0
    endloop
  endfacet
  facet normal 0 0 -1
    outer loop
      vertex 29.2296 20.4457 0
      vertex 34.7704 20.4457 0
      vertex 34.8447 20.4204 0
    endloop
  endfacet
  facet normal 0 -0 -1
    outer loop
      vertex 29.0783 20.4051 0
      vertex 34.9217 20.4051 0
      vertex 0 0 0
    endloop
  endfacet
  facet normal 0 0 -1
    outer loop
      vertex 34.4051 20.9217 0
      vertex 29.5949 20.9217 0
      vertex 29.6 21 0
    endloop
  endfacet
  facet normal 0 0 -1
    outer loop
      vertex 34.4204 20.8447 0
      vertex 29.5796 20.8447 0
      vertex 29.5949 20.9217 0
    endloop
  endfacet
  facet normal 0 0 -1
    outer loop
      vertex 34.4457 20.7704 0
      vertex 29.5543 20.7704 0
      vertex 29.5796 20.8447 0
    endloop
  endfacet
  facet normal 0 0 -1
    outer loop
      vertex 34.4804 20.7 0
      vertex 29.5196 20.7 0
      vertex 29.5543 20.7704 0
    endloop
  endfacet
  facet normal 0 0 -1
    outer loop
      vertex 34.524 20.6347 0
      vertex 29.476 20.6347 0
      vertex 29.5196 20.7 0
    endloop
  endfacet
  facet normal 0 0 -1
    outer loop
      vertex 34.5757 20.5757 0
      vertex 29.4243 20.5757 0
      vertex 29.476 20.6347 0
    endloop
  endfacet
  facet normal 0 0 -1
    outer loop
      vertex 34.6347 20.524 0
      vertex 29.3653 20.524 0
      vertex 29.4243 20.5757 0
    endloop
  endfacet
  facet normal 0 0 -1
    outer loop
      vertex 34.7 20.4804 0
      vertex 29.3 20.4804 0
      vertex 29.3653 20.524 0
    endloop
  endfacet
  facet normal 0 0 -1
    outer loop
      vertex 34.7704 20.4457 0
      vertex 29.2296 20.4457 0
      vertex 29.3 20.4804 0
    endloop
  endfacet
  facet normal 0 0 -1
    outer loop
      vertex 34.8447 20.4204 0
      vertex 29.1553 20.4204 0
      vertex 29.2296 20.4457 0
    endloop
  endfacet
  facet normal 0 0 -1
    outer loop
      vertex 34.9217 20.4051 0
      vertex 29.0783 20.4051 0
      vertex 34.8447 20.4204 0
    endloop
  endfacet
  facet normal -0 0 -1
    outer loop
      vertex 34.8447 20.4204 0
      vertex 29.0783 20.4051 0
      vertex 29.1553 20.4204 0
    endloop
  endfacet
  facet normal 0 0 -1
    outer loop
      vertex 29.0783 20.4051 0
      vertex 0 0 0
      vertex 29 20.4 0
    endloop
  endfacet
  facet normal -0 0 -1
    outer loop
      vertex 29 20.4 0
      vertex 0 0 0
      vertex 28.9217 20.4051 0
    endloop
  endfacet
  facet normal 0 0 -1
    outer loop
      vertex 28.4051 26.9217 0
      vertex 23.6 27 0
      vertex 28.4 27 0
    endloop
  endfacet
  facet normal 0 0 -1
    outer loop
      vertex 28.4204 26.8447 0
      vertex 23.6 27 0
      vertex 28.4051 26.9217 0
    endloop
  endfacet
  facet normal 0 0 -1
    outer loop
      vertex 28.4051 20.9217 0
      vertex 23.6 21 0
      vertex 28.4 21 0
    endloop
  endfacet
  facet normal 0 0 -1
    outer loop
      vertex 23.5949 20.9217 0
      vertex 28.4051 20.9217 0
      vertex 28.4204 20.8447 0
    endloop
  endfacet
  facet normal 0 0 -1
    outer loop
      vertex 23.5796 20.8447 0
      vertex 28.4204 20.8447 0
      vertex 28.4457 20.7704 0
    endloop
  endfacet
  facet normal 0 0 -1
    outer loop
      vertex 23.5543 20.7704 0
      vertex 28.4457 20.7704 0
      vertex 28.4804 20.7 0
    endloop
  endfacet
  facet normal 0 0 -1
    outer loop
      vertex 23.5196 20.7 0
      vertex 28.4804 20.7 0
      vertex 28.524 20.6347 0
    endloop
  endfacet
  facet normal 0 0 -1
    outer loop
      vertex 23.476 20.6347 0
      vertex 28.524 20.6347 0
      vertex 28.5757 20.5757 0
    endloop
  endfacet
  facet normal 0 0 -1
    outer loop
      vertex 23.4243 20.5757 0
      vertex 28.5757 20.5757 0
      vertex 28.6347 20.524 0
    endloop
  endfacet
  facet normal 0 0 -1
    outer loop
      vertex 23.3653 20.524 0
      vertex 28.6347 20.524 0
      vertex 28.7 20.4804 0
    endloop
  endfacet
  facet normal 0 0 -1
    outer loop
      vertex 23.3 20.4804 0
      vertex 28.7 20.4804 0
      vertex 28.7704 20.4457 0
    endloop
  endfacet
  facet normal 0 0 -1
    outer loop
      vertex 23.2296 20.4457 0
      vertex 28.7704 20.4457 0
      vertex 28.8447 20.4204 0
    endloop
  endfacet
  facet normal 0 -0 -1
    outer loop
      vertex 23.0783 20.4051 0
      vertex 28.9217 20.4051 0
      vertex 0 0 0
    endloop
  endfacet
  facet normal 0 0 -1
    outer loop
      vertex 28.4051 20.9217 0
      vertex 23.5949 20.9217 0
      vertex 23.6 21 0
    endloop
  endfacet
  facet normal 0 0 -1
    outer loop
      vertex 28.4204 20.8447 0
      vertex 23.5796 20.8447 0
      vertex 23.5949 20.9217 0
    endloop
  endfacet
  facet normal 0 0 -1
    outer loop
      vertex 28.4457 20.7704 0
      vertex 23.5543 20.7704 0
      vertex 23.5796 20.8447 0
    endloop
  endfacet
  facet normal 0 0 -1
    outer loop
      vertex 28.4804 20.7 0
      vertex 23.5196 20.7 0
      vertex 23.5543 20.7704 0
    endloop
  endfacet
  facet normal 0 0 -1
    outer loop
      vertex 28.524 20.6347 0
      vertex 23.476 20.6347 0
      vertex 23.5196 20.7 0
    endloop
  endfacet
  facet normal 0 0 -1
    outer loop
      vertex 28.5757 20.5757 0
      vertex 23.4243 20.5757 0
      vertex 23.476 20.6347 0
    endloop
  endfacet
  facet normal 0 0 -1
    outer loop
      vertex 28.6347 20.524 0
      vertex 23.3653 20.524 0
      vertex 23.4243 20.5757 0
    endloop
  endfacet
  facet normal 0 0 -1
    outer loop
      vertex 28.7 20.4804 0
      vertex 23.3 20.4804 0
      vertex 23.3653 20.524 0
    endloop
  endfacet
  facet normal 0 0 -1
    outer loop
      vertex 28.7704 20.4457 0
      vertex 23.2296 20.4457 0
      vertex 23.3 20.4804 0
    endloop
  endfacet
  facet normal 0 0 -1
    outer loop
      vertex 28.9217 20.4051 0
      vertex 23.0783 20.4051 0
      vertex 28.8447 20.4204 0
    endloop
  endfacet
  facet normal 0 0 -1
    outer loop
      vertex 28.8447 20.4204 0
      vertex 23.1553 20.4204 0
      vertex 23.2296 20.4457 0
    endloop
  endfacet
  facet normal -0 0 -1
    outer loop
      vertex 28.8447 20.4204 0
      vertex 23.0783 20.4051 0
      vertex 23.1553 20.4204 0
    endloop
  endfacet
  facet normal 0 0 -1
    outer loop
      vertex 23.0783 20.4051 0
      vertex 0 0 0
      vertex 23 20.4 0
    endloop
  endfacet
  facet normal -0 0 -1
    outer loop
      vertex 23 20.4 0
      vertex 0 0 0
      vertex 22.9217 20.4051 0
    endloop
  endfacet
  facet normal -0 0 -1
    outer loop
      vertex 22.4051 26.9217 0
      vertex 0 0 0
      vertex 22.4 27 0
    endloop
  endfacet
  facet normal -0 0 -1
    outer loop
      vertex 22.4051 32.9217 0
      vertex 0 0 0
      vertex 22.4 33 0
    endloop
  endfacet
  facet normal -0 0 -1
    outer loop
      vertex 22.4051 20.9217 0
      vertex 0 0 0
      vertex 22.4 21 0
    endloop
  endfacet
  facet normal -0 0 -1
    outer loop
      vertex 22.4204 20.8447 0
      vertex 0 0 0
      vertex 22.4051 20.9217 0
    endloop
  endfacet
  facet normal -0 0 -1
    outer loop
      vertex 22.4457 20.7704 0
      vertex 0 0 0
      vertex 22.4204 20.8447 0
    endloop
  endfacet
  facet normal -0 0 -1
    outer loop
      vertex 22.4804 20.7 0
      vertex 0 0 0
      vertex 22.4457 20.7704 0
    endloop
  endfacet
  facet normal -0 0 -1
    outer loop
      vertex 22.524 20.6347 0
      vertex 0 0 0
      vertex 22.4804 20.7 0
    endloop
  endfacet
  facet normal -0 0 -1
    outer loop
      vertex 22.5757 20.5757 0
      vertex 0 0 0
      vertex 22.524 20.6347 0
    endloop
  endfacet
  facet normal -0 0 -1
    outer loop
      vertex 22.6347 20.524 0
      vertex 0 0 0
      vertex 22.5757 20.5757 0
    endloop
  endfacet
  facet normal -0 0 -1
    outer loop
      vertex 22.7 20.4804 0
      vertex 0 0 0
      vertex 22.6347 20.524 0
    endloop
  endfacet
  facet normal -0 0 -1
    outer loop
      vertex 22.7704 20.4457 0
      vertex 0 0 0
      vertex 22.7 20.4804 0
    endloop
  endfacet
  facet normal -0 0 -1
    outer loop
      vertex 22.8447 20.4204 0
      vertex 0 0 0
      vertex 22.7704 20.4457 0
    endloop
  endfacet
  facet normal -0 0 -1
    outer loop
      vertex 22.9217 20.4051 0
      vertex 0 0 0
      vertex 22.8447 20.4204 0
    endloop
  endfacet
  facet normal 0 0 -1
    outer loop
      vertex 73.5949 45.0783 0
      vertex 100 70 0
      vertex 73.6 45 0
    endloop
  endfacet
  facet normal 0 0 -1
    outer loop
      vertex 73.5949 51.0783 0
      vertex 100 70 0
      vertex 73.6 51 0
    endloop
  endfacet
  facet normal 0 0 -1
    outer loop
      vertex 73.5796 51.1553 0
      vertex 100 70 0
      vertex 73.5949 51.0783 0
    endloop
  endfacet
  facet normal 0 0 -1
    outer loop
      vertex 73.5543 51.2296 0
      vertex 100 70 0
      vertex 73.5796 51.1553 0
    endloop
  endfacet
  facet normal 0 0 -1
    outer loop
      vertex 73.5196 51.3 0
      vertex 100 70 0
      vertex 73.5543 51.2296 0
    endloop
  endfacet
  facet normal 0 0 -1
    outer loop
      vertex 73.476 51.3653 0
      vertex 100 70 0
      vertex 73.5196 51.3 0
    endloop
  endfacet
  facet normal 0 0 -1
    outer loop
      vertex 73.4243 51.4243 0
      vertex 100 70 0
      vertex 73.476 51.3653 0
    endloop
  endfacet
  facet normal 0 0 -1
    outer loop
      vertex 73.3653 51.476 0
      vertex 100 70 0
      vertex 73.4243 51.4243 0
    endloop
  endfacet
  facet normal 0 0 -1
    outer loop
      vertex 73.3 51.5196 0
      vertex 100 70 0
      vertex 73.3653 51.476 0
    endloop
  endfacet
  facet normal 0 0 -1
    outer loop
      vertex 73.2296 51.5543 0
      vertex 100 70 0
      vertex 73.3 51.5196 0
    endloop
  endfacet
  facet normal 0 0 -1
    outer loop
      vertex 73.1553 51.5796 0
      vertex 100 70 0
      vertex 73.2296 51.5543 0
    endloop
  endfacet
  facet normal 0 0 -1
    outer loop
      vertex 73.0783 51.5949 0
      vertex 100 70 0
      vertex 73.1553 51.5796 0
    endloop
  endfacet
  facet normal 0 0 -1
    outer loop
      vertex 73 51.6 0
      vertex 100 70 0
      vertex 73.0783 51.5949 0
    endloop
  endfacet
  facet normal 0 0 -1
    outer loop
      vertex 72.9217 51.5949 0
      vertex 100 70 0
      vertex 73 51.6 0
    endloop
  endfacet
  facet normal 0 0 -1
    outer loop
      vertex 67.0783 51.5949 0
      vertex 72.9217 51.5949 0
      vertex 72.8447 51.5796 0
    endloop
  endfacet
  facet normal 0 0 -1
    outer loop
      vertex 67.1553 51.5796 0
      vertex 72.8447 51.5796 0
      vertex 72.7704 51.5543 0
    endloop
  endfacet
  facet normal 0 0 -1
    outer loop
      vertex 67.2296 51.5543 0
      vertex 72.7704 51.5543 0
      vertex 72.7 51.5196 0
    endloop
  endfacet
  facet normal 0 0 -1
    outer loop
      vertex 67.3 51.5196 0
      vertex 72.7 51.5196 0
      vertex 72.6347 51.476 0
    endloop
  endfacet
  facet normal 0 0 -1
    outer loop
      vertex 72.4051 44.9217 0
      vertex 67.6 45 0
      vertex 72.4 45 0
    endloop
  endfacet
  facet normal 0 0 -1
    outer loop
      vertex 72.4204 50.8447 0
      vertex 67.6 51 0
      vertex 72.4051 50.9217 0
    endloop
  endfacet
  facet normal 0 0 -1
    outer loop
      vertex 72.4051 50.9217 0
      vertex 67.6 51 0
      vertex 72.4 51 0
    endloop
  endfacet
  facet normal 0 0 -1
    outer loop
      vertex 72.4 51 0
      vertex 67.6 51 0
      vertex 72.4051 51.0783 0
    endloop
  endfacet
  facet normal 0 0 -1
    outer loop
      vertex 67.5949 51.0783 0
      vertex 72.4051 51.0783 0
      vertex 67.6 51 0
    endloop
  endfacet
  facet normal 0 0 -1
    outer loop
      vertex 72.4051 51.0783 0
      vertex 67.5949 51.0783 0
      vertex 72.4204 51.1553 0
    endloop
  endfacet
  facet normal 0 0 -1
    outer loop
      vertex 67.5796 51.1553 0
      vertex 72.4204 51.1553 0
      vertex 67.5949 51.0783 0
    endloop
  endfacet
  facet normal 0 0 -1
    outer loop
      vertex 72.4204 51.1553 0
      vertex 67.5796 51.1553 0
      vertex 72.4457 51.2296 0
    endloop
  endfacet
  facet normal 0 0 -1
    outer loop
      vertex 67.5543 51.2296 0
      vertex 72.4457 51.2296 0
      vertex 67.5796 51.1553 0
    endloop
  endfacet
  facet normal 0 0 -1
    outer loop
      vertex 72.4457 51.2296 0
      vertex 67.5543 51.2296 0
      vertex 72.4804 51.3 0
    endloop
  endfacet
  facet normal 0 0 -1
    outer loop
      vertex 67.5196 51.3 0
      vertex 72.4804 51.3 0
      vertex 67.5543 51.2296 0
    endloop
  endfacet
  facet normal 0 0 -1
    outer loop
      vertex 72.4804 51.3 0
      vertex 67.5196 51.3 0
      vertex 72.524 51.3653 0
    endloop
  endfacet
  facet normal 0 0 -1
    outer loop
      vertex 67.476 51.3653 0
      vertex 72.524 51.3653 0
      vertex 67.5196 51.3 0
    endloop
  endfacet
  facet normal 0 0 -1
    outer loop
      vertex 72.524 51.3653 0
      vertex 67.476 51.3653 0
      vertex 72.5757 51.4243 0
    endloop
  endfacet
  facet normal 0 0 -1
    outer loop
      vertex 67.4243 51.4243 0
      vertex 72.5757 51.4243 0
      vertex 67.476 51.3653 0
    endloop
  endfacet
  facet normal 0 0 -1
    outer loop
      vertex 72.5757 51.4243 0
      vertex 67.4243 51.4243 0
      vertex 72.6347 51.476 0
    endloop
  endfacet
  facet normal 0 0 -1
    outer loop
      vertex 67.3653 51.476 0
      vertex 72.6347 51.476 0
      vertex 67.4243 51.4243 0
    endloop
  endfacet
  facet normal 0 0 -1
    outer loop
      vertex 67.3 51.5196 0
      vertex 72.6347 51.476 0
      vertex 67.3653 51.476 0
    endloop
  endfacet
  facet normal 0 0 -1
    outer loop
      vertex 72.7 51.5196 0
      vertex 67.3 51.5196 0
      vertex 67.2296 51.5543 0
    endloop
  endfacet
  facet normal 0 0 -1
    outer loop
      vertex 72.7704 51.5543 0
      vertex 67.2296 51.5543 0
      vertex 67.1553 51.5796 0
    endloop
  endfacet
  facet normal 0 0 -1
    outer loop
      vertex 72.8447 51.5796 0
      vertex 67.1553 51.5796 0
      vertex 67.0783 51.5949 0
    endloop
  endfacet
  facet normal 0 0 -1
    outer loop
      vertex 72.9217 51.5949 0
      vertex 67.0783 51.5949 0
      vertex 100 70 0
    endloop
  endfacet
  facet normal 0 0 -1
    outer loop
      vertex 67 51.6 0
      vertex 100 70 0
      vertex 67.0783 51.5949 0
    endloop
  endfacet
  facet normal 0 0 -1
    outer loop
      vertex 66.9217 51.5949 0
      vertex 100 70 0
      vertex 67 51.6 0
    endloop
  endfacet
  facet normal 0 0 -1
    outer loop
      vertex 61.0783 51.5949 0
      vertex 66.9217 51.5949 0
      vertex 66.8447 51.5796 0
    endloop
  endfacet
  facet normal 0 0 -1
    outer loop
      vertex 61.1553 51.5796 0
      vertex 66.8447 51.5796 0
      vertex 66.7704 51.5543 0
    endloop
  endfacet
  facet normal 0 0 -1
    outer loop
      vertex 61.2296 51.5543 0
      vertex 66.7704 51.5543 0
      vertex 66.7 51.5196 0
    endloop
  endfacet
  facet normal 0 0 -1
    outer loop
      vertex 66.4051 44.9217 0
      vertex 61.6 45 0
      vertex 66.4 45 0
    endloop
  endfacet
  facet normal 0 0 -1
    outer loop
      vertex 66.4204 50.8447 0
      vertex 61.6 51 0
      vertex 66.4051 50.9217 0
    endloop
  endfacet
  facet normal 0 0 -1
    outer loop
      vertex 66.4051 50.9217 0
      vertex 61.6 51 0
      vertex 66.4 51 0
    endloop
  endfacet
  facet normal 0 0 -1
    outer loop
      vertex 66.4 51 0
      vertex 61.6 51 0
      vertex 66.4051 51.0783 0
    endloop
  endfacet
  facet normal 0 0 -1
    outer loop
      vertex 61.5949 51.0783 0
      vertex 66.4051 51.0783 0
      vertex 61.6 51 0
    endloop
  endfacet
  facet normal 0 0 -1
    outer loop
      vertex 66.4051 51.0783 0
      vertex 61.5949 51.0783 0
      vertex 66.4204 51.1553 0
    endloop
  endfacet
  facet normal 0 0 -1
    outer loop
      vertex 61.5796 51.1553 0
      vertex 66.4204 51.1553 0
      vertex 61.5949 51.0783 0
    endloop
  endfacet
  facet normal 0 0 -1
    outer loop
      vertex 66.4204 51.1553 0
      vertex 61.5796 51.1553 0
      vertex 66.4457 51.2296 0
    endloop
  endfacet
  facet normal 0 0 -1
    outer loop
      vertex 61.5543 51.2296 0
      vertex 66.4457 51.2296 0
      vertex 61.5796 51.1553 0
    endloop
  endfacet
  facet normal 0 0 -1
    outer loop
      vertex 66.4457 51.2296 0
      vertex 61.5543 51.2296 0
      vertex 66.4804 51.3 0
    endloop
  endfacet
  facet normal 0 0 -1
    outer loop
      vertex 61.5196 51.3 0
      vertex 66.4804 51.3 0
      vertex 61.5543 51.2296 0
    endloop
  endfacet
  facet normal 0 0 -1
    outer loop
      vertex 66.4804 51.3 0
      vertex 61.5196 51.3 0
      vertex 66.524 51.3653 0
    endloop
  endfacet
  facet normal 0 0 -1
    outer loop
      vertex 61.476 51.3653 0
      vertex 66.524 51.3653 0
      vertex 61.5196 51.3 0
    endloop
  endfacet
  facet normal 0 0 -1
    outer loop
      vertex 66.524 51.3653 0
      vertex 61.476 51.3653 0
      vertex 66.5757 51.4243 0
    endloop
  endfacet
  facet normal 0 0 -1
    outer loop
      vertex 61.4243 51.4243 0
      vertex 66.5757 51.4243 0
      vertex 61.476 51.3653 0
    endloop
  endfacet
  facet normal 0 0 -1
    outer loop
      vertex 66.5757 51.4243 0
      vertex 61.4243 51.4243 0
      vertex 66.6347 51.476 0
    endloop
  endfacet
  facet normal 0 0 -1
    outer loop
      vertex 61.3653 51.476 0
      vertex 66.6347 51.476 0
      vertex 61.4243 51.4243 0
    endloop
  endfacet
  facet normal 0 0 -1
    outer loop
      vertex 66.6347 51.476 0
      vertex 61.3653 51.476 0
      vertex 66.7 51.5196 0
    endloop
  endfacet
  facet normal 0 0 -1
    outer loop
      vertex 61.3 51.5196 0
      vertex 66.7 51.5196 0
      vertex 61.3653 51.476 0
    endloop
  endfacet
  facet normal 0 0 -1
    outer loop
      vertex 61.2296 51.5543 0
      vertex 66.7 51.5196 0
      vertex 61.3 51.5196 0
    endloop
  endfacet
  facet normal 0 0 -1
    outer loop
      vertex 66.7704 51.5543 0
      vertex 61.2296 51.5543 0
      vertex 61.1553 51.5796 0
    endloop
  endfacet
  facet normal 0 0 -1
    outer loop
      vertex 66.8447 51.5796 0
      vertex 61.1553 51.5796 0
      vertex 61.0783 51.5949 0
    endloop
  endfacet
  facet normal 0 0 -1
    outer loop
      vertex 66.9217 51.5949 0
      vertex 61.0783 51.5949 0
      vertex 100 70 0
    endloop
  endfacet
  facet normal 0 0 -1
    outer loop
      vertex 61 51.6 0
      vertex 100 70 0
      vertex 61.0783 51.5949 0
    endloop
  endfacet
  facet normal 0 0 -1
    outer loop
      vertex 60.9217 51.5949 0
      vertex 100 70 0
      vertex 61 51.6 0
    endloop
  endfacet
  facet normal 0 0 -1
    outer loop
      vertex 0 70 0
      vertex 60.9217 51.5949 0
      vertex 60.8447 51.5796 0
    endloop
  endfacet
  facet normal 0 0 -1
    outer loop
      vertex 0 70 0
      vertex 60.8447 51.5796 0
      vertex 60.7704 51.5543 0
    endloop
  endfacet
  facet normal 0 0 -1
    outer loop
      vertex 60.4051 27.0783 0
      vertex 41.5949 27.0783 0
      vertex 60.4204 27.1553 0
    endloop
  endfacet
  facet normal 0 0 -1
    outer loop
      vertex 60.5757 27.4243 0
      vertex 41.5949 33.0783 0
      vertex 41.5796 33.1553 0
    endloop
  endfacet
  facet normal -0 0 -1
    outer loop
      vertex 60.4804 44.7 0
      vertex 41.476 33.3653 0
      vertex 60.4457 44.7704 0
    endloop
  endfacet
  facet normal 0 0 -1
    outer loop
      vertex 41.4243 33.4243 0
      vertex 60.4457 44.7704 0
      vertex 41.476 33.3653 0
    endloop
  endfacet
  facet normal -0 0 -1
    outer loop
      vertex 60.4457 44.7704 0
      vertex 41.4243 33.4243 0
      vertex 60.4204 44.8447 0
    endloop
  endfacet
  facet normal 0 0 -1
    outer loop
      vertex 41.3653 33.476 0
      vertex 60.4204 44.8447 0
      vertex 41.4243 33.4243 0
    endloop
  endfacet
  facet normal -0 0 -1
    outer loop
      vertex 60.4204 44.8447 0
      vertex 41.3653 33.476 0
      vertex 60.4051 44.9217 0
    endloop
  endfacet
  facet normal 0 0 -1
    outer loop
      vertex 41.3 33.5196 0
      vertex 60.4051 44.9217 0
      vertex 41.3653 33.476 0
    endloop
  endfacet
  facet normal -0 0 -1
    outer loop
      vertex 60.4051 44.9217 0
      vertex 41.3 33.5196 0
      vertex 60.4 45 0
    endloop
  endfacet
  facet normal 0 0 -1
    outer loop
      vertex 41.2296 33.5543 0
      vertex 60.4 45 0
      vertex 41.3 33.5196 0
    endloop
  endfacet
  facet normal 0 0 -1
    outer loop
      vertex 60.4051 45.0783 0
      vertex 41.2296 33.5543 0
      vertex 41.1553 33.5796 0
    endloop
  endfacet
  facet normal 0 0 -1
    outer loop
      vertex 41.0783 33.5949 0
      vertex 60.4051 50.9217 0
      vertex 41.1553 33.5796 0
    endloop
  endfacet
  facet normal -0 0 -1
    outer loop
      vertex 60.4051 50.9217 0
      vertex 41.0783 33.5949 0
      vertex 60.4 51 0
    endloop
  endfacet
  facet normal 0 0 -1
    outer loop
      vertex 41 33.6 0
      vertex 60.4 51 0
      vertex 41.0783 33.5949 0
    endloop
  endfacet
  facet normal -0 0 -1
    outer loop
      vertex 60.4 51 0
      vertex 41 33.6 0
      vertex 60.4051 51.0783 0
    endloop
  endfacet
  facet normal 0 0 -1
    outer loop
      vertex 40.9217 33.5949 0
      vertex 60.4051 51.0783 0
      vertex 41 33.6 0
    endloop
  endfacet
  facet normal -0 0 -1
    outer loop
      vertex 60.4051 51.0783 0
      vertex 40.9217 33.5949 0
      vertex 60.4204 51.1553 0
    endloop
  endfacet
  facet normal 0 0 -1
    outer loop
      vertex 35.0783 33.5949 0
      vertex 60.4204 51.1553 0
      vertex 40.9217 33.5949 0
    endloop
  endfacet
  facet normal 0 0 -1
    outer loop
      vertex 35 33.6 0
      vertex 60.4204 51.1553 0
      vertex 35.0783 33.5949 0
    endloop
  endfacet
  facet normal -0 0 -1
    outer loop
      vertex 60.4204 51.1553 0
      vertex 35 33.6 0
      vertex 60.4457 51.2296 0
    endloop
  endfacet
  facet normal 0 0 -1
    outer loop
      vertex 34.9217 33.5949 0
      vertex 60.4457 51.2296 0
      vertex 35 33.6 0
    endloop
  endfacet
  facet normal 0 0 -1
    outer loop
      vertex 35.0783 33.5949 0
      vertex 40.9217 33.5949 0
      vertex 40.8447 33.5796 0
    endloop
  endfacet
  facet normal 0 0 -1
    outer loop
      vertex 35.1553 33.5796 0
      vertex 40.8447 33.5796 0
      vertex 40.7704 33.5543 0
    endloop
  endfacet
  facet normal 0 0 -1
    outer loop
      vertex 35.2296 33.5543 0
      vertex 40.7704 33.5543 0
      vertex 40.7 33.5196 0
    endloop
  endfacet
  facet normal 0 0 -1
    outer loop
      vertex 35.3 33.5196 0
      vertex 40.7 33.5196 0
      vertex 40.6347 33.476 0
    endloop
  endfacet
  facet normal 0 0 -1
    outer loop
      vertex 35.3653 33.476 0
      vertex 40.6347 33.476 0
      vertex 40.5757 33.4243 0
    endloop
  endfacet
  facet normal 0 0 -1
    outer loop
      vertex 40.4204 32.8447 0
      vertex 35.6 33 0
      vertex 40.4051 32.9217 0
    endloop
  endfacet
  facet normal 0 0 -1
    outer loop
      vertex 40.4051 32.9217 0
      vertex 35.6 33 0
      vertex 40.4 33 0
    endloop
  endfacet
  facet normal 0 0 -1
    outer loop
      vertex 40.4 33 0
      vertex 35.6 33 0
      vertex 40.4051 33.0783 0
    endloop
  endfacet
  facet normal 0 0 -1
    outer loop
      vertex 35.5949 33.0783 0
      vertex 40.4051 33.0783 0
      vertex 35.6 33 0
    endloop
  endfacet
  facet normal 0 0 -1
    outer loop
      vertex 40.4051 33.0783 0
      vertex 35.5949 33.0783 0
      vertex 40.4204 33.1553 0
    endloop
  endfacet
  facet normal 0 0 -1
    outer loop
      vertex 35.5796 33.1553 0
      vertex 40.4204 33.1553 0
      vertex 35.5949 33.0783 0
    endloop
  endfacet
  facet normal 0 0 -1
    outer loop
      vertex 40.4204 33.1553 0
      vertex 35.5796 33.1553 0
      vertex 40.4457 33.2296 0
    endloop
  endfacet
  facet normal 0 0 -1
    outer loop
      vertex 35.5543 33.2296 0
      vertex 40.4457 33.2296 0
      vertex 35.5796 33.1553 0
    endloop
  endfacet
  facet normal 0 0 -1
    outer loop
      vertex 40.4457 33.2296 0
      vertex 35.5543 33.2296 0
      vertex 40.4804 33.3 0
    endloop
  endfacet
  facet normal 0 0 -1
    outer loop
      vertex 35.5196 33.3 0
      vertex 40.4804 33.3 0
      vertex 35.5543 33.2296 0
    endloop
  endfacet
  facet normal 0 0 -1
    outer loop
      vertex 40.4804 33.3 0
      vertex 35.5196 33.3 0
      vertex 40.524 33.3653 0
    endloop
  endfacet
  facet normal 0 0 -1
    outer loop
      vertex 35.476 33.3653 0
      vertex 40.524 33.3653 0
      vertex 35.5196 33.3 0
    endloop
  endfacet
  facet normal 0 0 -1
    outer loop
      vertex 40.524 33.3653 0
      vertex 35.476 33.3653 0
      vertex 40.5757 33.4243 0
    endloop
  endfacet
  facet normal 0 0 -1
    outer loop
      vertex 35.4243 33.4243 0
      vertex 40.5757 33.4243 0
      vertex 35.476 33.3653 0
    endloop
  endfacet
  facet normal 0 0 -1
    outer loop
      vertex 35.3653 33.476 0
      vertex 40.5757 33.4243 0
      vertex 35.4243 33.4243 0
    endloop
  endfacet
  facet normal 0 0 -1
    outer loop
      vertex 40.6347 33.476 0
      vertex 35.3653 33.476 0
      vertex 35.3 33.5196 0
    endloop
  endfacet
  facet normal 0 0 -1
    outer loop
      vertex 40.7 33.5196 0
      vertex 35.3 33.5196 0
      vertex 35.2296 33.5543 0
    endloop
  endfacet
  facet normal 0 0 -1
    outer loop
      vertex 40.7704 33.5543 0
      vertex 35.2296 33.5543 0
      vertex 35.1553 33.5796 0
    endloop
  endfacet
  facet normal 0 0 -1
    outer loop
      vertex 40.8447 33.5796 0
      vertex 35.1553 33.5796 0
      vertex 35.0783 33.5949 0
    endloop
  endfacet
  facet normal -0 0 -1
    outer loop
      vertex 60.4457 51.2296 0
      vertex 34.9217 33.5949 0
      vertex 60.4804 51.3 0
    endloop
  endfacet
  facet normal 0 0 -1
    outer loop
      vertex 29.0783 33.5949 0
      vertex 60.4804 51.3 0
      vertex 34.9217 33.5949 0
    endloop
  endfacet
  facet normal 0 0 -1
    outer loop
      vertex 0 70 0
      vertex 60.4804 51.3 0
      vertex 29.0783 33.5949 0
    endloop
  endfacet
  facet normal 0 0 -1
    outer loop
      vertex 60.4804 51.3 0
      vertex 0 70 0
      vertex 60.524 51.3653 0
    endloop
  endfacet
  facet normal 0 0 -1
    outer loop
      vertex 29.0783 33.5949 0
      vertex 34.9217 33.5949 0
      vertex 34.8447 33.5796 0
    endloop
  endfacet
  facet normal 0 0 -1
    outer loop
      vertex 29.1553 33.5796 0
      vertex 34.8447 33.5796 0
      vertex 34.7704 33.5543 0
    endloop
  endfacet
  facet normal 0 0 -1
    outer loop
      vertex 29.2296 33.5543 0
      vertex 34.7704 33.5543 0
      vertex 34.7 33.5196 0
    endloop
  endfacet
  facet normal 0 0 -1
    outer loop
      vertex 29.3 33.5196 0
      vertex 34.7 33.5196 0
      vertex 34.6347 33.476 0
    endloop
  endfacet
  facet normal 0 0 -1
    outer loop
      vertex 34.4204 32.8447 0
      vertex 29.6 33 0
      vertex 34.4051 32.9217 0
    endloop
  endfacet
  facet normal 0 0 -1
    outer loop
      vertex 34.4051 32.9217 0
      vertex 29.6 33 0
      vertex 34.4 33 0
    endloop
  endfacet
  facet normal 0 0 -1
    outer loop
      vertex 34.4 33 0
      vertex 29.6 33 0
      vertex 34.4051 33.0783 0
    endloop
  endfacet
  facet normal 0 0 -1
    outer loop
      vertex 29.5949 33.0783 0
      vertex 34.4051 33.0783 0
      vertex 29.6 33 0
    endloop
  endfacet
  facet normal 0 0 -1
    outer loop
      vertex 34.4051 33.0783 0
      vertex 29.5949 33.0783 0
      vertex 34.4204 33.1553 0
    endloop
  endfacet
  facet normal 0 0 -1
    outer loop
      vertex 29.5796 33.1553 0
      vertex 34.4204 33.1553 0
      vertex 29.5949 33.0783 0
    endloop
  endfacet
  facet normal 0 0 -1
    outer loop
      vertex 34.4204 33.1553 0
      vertex 29.5796 33.1553 0
      vertex 34.4457 33.2296 0
    endloop
  endfacet
  facet normal 0 0 -1
    outer loop
      vertex 29.5543 33.2296 0
      vertex 34.4457 33.2296 0
      vertex 29.5796 33.1553 0
    endloop
  endfacet
  facet normal 0 0 -1
    outer loop
      vertex 34.4457 33.2296 0
      vertex 29.5543 33.2296 0
      vertex 34.4804 33.3 0
    endloop
  endfacet
  facet normal 0 0 -1
    outer loop
      vertex 29.5196 33.3 0
      vertex 34.4804 33.3 0
      vertex 29.5543 33.2296 0
    endloop
  endfacet
  facet normal 0 0 -1
    outer loop
      vertex 34.4804 33.3 0
      vertex 29.5196 33.3 0
      vertex 34.524 33.3653 0
    endloop
  endfacet
  facet normal 0 0 -1
    outer loop
      vertex 29.476 33.3653 0
      vertex 34.524 33.3653 0
      vertex 29.5196 33.3 0
    endloop
  endfacet
  facet normal 0 0 -1
    outer loop
      vertex 34.524 33.3653 0
      vertex 29.476 33.3653 0
      vertex 34.5757 33.4243 0
    endloop
  endfacet
  facet normal 0 0 -1
    outer loop
      vertex 29.4243 33.4243 0
      vertex 34.5757 33.4243 0
      vertex 29.476 33.3653 0
    endloop
  endfacet
  facet normal 0 0 -1
    outer loop
      vertex 34.5757 33.4243 0
      vertex 29.4243 33.4243 0
      vertex 34.6347 33.476 0
    endloop
  endfacet
  facet normal 0 0 -1
    outer loop
      vertex 29.3653 33.476 0
      vertex 34.6347 33.476 0
      vertex 29.4243 33.4243 0
    endloop
  endfacet
  facet normal 0 0 -1
    outer loop
      vertex 29.3 33.5196 0
      vertex 34.6347 33.476 0
      vertex 29.3653 33.476 0
    endloop
  endfacet
  facet normal 0 0 -1
    outer loop
      vertex 34.7 33.5196 0
      vertex 29.3 33.5196 0
      vertex 29.2296 33.5543 0
    endloop
  endfacet
  facet normal 0 0 -1
    outer loop
      vertex 34.7704 33.5543 0
      vertex 29.2296 33.5543 0
      vertex 29.1553 33.5796 0
    endloop
  endfacet
  facet normal 0 0 -1
    outer loop
      vertex 34.8447 33.5796 0
      vertex 29.1553 33.5796 0
      vertex 29.0783 33.5949 0
    endloop
  endfacet
  facet normal 0 0 -1
    outer loop
      vertex 60.524 51.3653 0
      vertex 0 70 0
      vertex 60.5757 51.4243 0
    endloop
  endfacet
  facet normal 0 0 -1
    outer loop
      vertex 60.5757 51.4243 0
      vertex 0 70 0
      vertex 60.6347 51.476 0
    endloop
  endfacet
  facet normal 0 0 -1
    outer loop
      vertex 0 70 0
      vertex 29.0783 33.5949 0
      vertex 29 33.6 0
    endloop
  endfacet
  facet normal 0 0 -1
    outer loop
      vertex 0 70 0
      vertex 29 33.6 0
      vertex 28.9217 33.5949 0
    endloop
  endfacet
  facet normal 0 0 -1
    outer loop
      vertex 23.0783 33.5949 0
      vertex 28.9217 33.5949 0
      vertex 28.8447 33.5796 0
    endloop
  endfacet
  facet normal 0 0 -1
    outer loop
      vertex 23.1553 33.5796 0
      vertex 28.8447 33.5796 0
      vertex 28.7704 33.5543 0
    endloop
  endfacet
  facet normal 0 0 -1
    outer loop
      vertex 23.2296 33.5543 0
      vertex 28.7704 33.5543 0
      vertex 28.7 33.5196 0
    endloop
  endfacet
  facet normal 0 0 -1
    outer loop
      vertex 28.4204 32.8447 0
      vertex 23.6 33 0
      vertex 28.4051 32.9217 0
    endloop
  endfacet
  facet normal 0 0 -1
    outer loop
      vertex 28.4051 32.9217 0
      vertex 23.6 33 0
      vertex 28.4 33 0
    endloop
  endfacet
  facet normal 0 0 -1
    outer loop
      vertex 28.4 33 0
      vertex 23.6 33 0
      vertex 28.4051 33.0783 0
    endloop
  endfacet
  facet normal 0 0 -1
    outer loop
      vertex 23.5949 33.0783 0
      vertex 28.4051 33.0783 0
      vertex 23.6 33 0
    endloop
  endfacet
  facet normal 0 0 -1
    outer loop
      vertex 28.4051 33.0783 0
      vertex 23.5949 33.0783 0
      vertex 28.4204 33.1553 0
    endloop
  endfacet
  facet normal 0 0 -1
    outer loop
      vertex 23.5796 33.1553 0
      vertex 28.4204 33.1553 0
      vertex 23.5949 33.0783 0
    endloop
  endfacet
  facet normal 0 0 -1
    outer loop
      vertex 28.4204 33.1553 0
      vertex 23.5796 33.1553 0
      vertex 28.4457 33.2296 0
    endloop
  endfacet
  facet normal 0 0 -1
    outer loop
      vertex 23.5543 33.2296 0
      vertex 28.4457 33.2296 0
      vertex 23.5796 33.1553 0
    endloop
  endfacet
  facet normal 0 0 -1
    outer loop
      vertex 28.4457 33.2296 0
      vertex 23.5543 33.2296 0
      vertex 28.4804 33.3 0
    endloop
  endfacet
  facet normal 0 0 -1
    outer loop
      vertex 23.5196 33.3 0
      vertex 28.4804 33.3 0
      vertex 23.5543 33.2296 0
    endloop
  endfacet
  facet normal 0 0 -1
    outer loop
      vertex 28.4804 33.3 0
      vertex 23.5196 33.3 0
      vertex 28.524 33.3653 0
    endloop
  endfacet
  facet normal 0 0 -1
    outer loop
      vertex 23.476 33.3653 0
      vertex 28.524 33.3653 0
      vertex 23.5196 33.3 0
    endloop
  endfacet
  facet normal 0 0 -1
    outer loop
      vertex 28.524 33.3653 0
      vertex 23.476 33.3653 0
      vertex 28.5757 33.4243 0
    endloop
  endfacet
  facet normal 0 0 -1
    outer loop
      vertex 23.4243 33.4243 0
      vertex 28.5757 33.4243 0
      vertex 23.476 33.3653 0
    endloop
  endfacet
  facet normal 0 0 -1
    outer loop
      vertex 28.5757 33.4243 0
      vertex 23.4243 33.4243 0
      vertex 28.6347 33.476 0
    endloop
  endfacet
  facet normal 0 0 -1
    outer loop
      vertex 23.3653 33.476 0
      vertex 28.6347 33.476 0
      vertex 23.4243 33.4243 0
    endloop
  endfacet
  facet normal 0 0 -1
    outer loop
      vertex 28.6347 33.476 0
      vertex 23.3653 33.476 0
      vertex 28.7 33.5196 0
    endloop
  endfacet
  facet normal 0 0 -1
    outer loop
      vertex 23.3 33.5196 0
      vertex 28.7 33.5196 0
      vertex 23.3653 33.476 0
    endloop
  endfacet
  facet normal 0 0 -1
    outer loop
      vertex 23.2296 33.5543 0
      vertex 28.7 33.5196 0
      vertex 23.3 33.5196 0
    endloop
  endfacet
  facet normal 0 0 -1
    outer loop
      vertex 28.7704 33.5543 0
      vertex 23.2296 33.5543 0
      vertex 23.1553 33.5796 0
    endloop
  endfacet
  facet normal 0 0 -1
    outer loop
      vertex 28.8447 33.5796 0
      vertex 23.1553 33.5796 0
      vertex 23.0783 33.5949 0
    endloop
  endfacet
  facet normal 0 0 -1
    outer loop
      vertex 60.6347 51.476 0
      vertex 0 70 0
      vertex 60.7 51.5196 0
    endloop
  endfacet
  facet normal 0 0 -1
    outer loop
      vertex 28.9217 33.5949 0
      vertex 23.0783 33.5949 0
      vertex 0 70 0
    endloop
  endfacet
  facet normal 0 0 -1
    outer loop
      vertex 0 70 0
      vertex 23.0783 33.5949 0
      vertex 23 33.6 0
    endloop
  endfacet
  facet normal 0 0 -1
    outer loop
      vertex 0 70 0
      vertex 23 33.6 0
      vertex 22.9217 33.5949 0
    endloop
  endfacet
  facet normal 0 0 -1
    outer loop
      vertex 0 70 0
      vertex 22.9217 33.5949 0
      vertex 22.8447 33.5796 0
    endloop
  endfacet
  facet normal 0 0 -1
    outer loop
      vertex 0 70 0
      vertex 22.8447 33.5796 0
      vertex 22.7704 33.5543 0
    endloop
  endfacet
  facet normal 0 0 -1
    outer loop
      vertex 0 70 0
      vertex 22.4 33 0
      vertex 0 0 0
    endloop
  endfacet
  facet normal 0 0 -1
    outer loop
      vertex 22.4 33 0
      vertex 0 70 0
      vertex 22.4051 33.0783 0
    endloop
  endfacet
  facet normal 0 0 -1
    outer loop
      vertex 22.4051 33.0783 0
      vertex 0 70 0
      vertex 22.4204 33.1553 0
    endloop
  endfacet
  facet normal 0 0 -1
    outer loop
      vertex 22.4204 33.1553 0
      vertex 0 70 0
      vertex 22.4457 33.2296 0
    endloop
  endfacet
  facet normal 0 0 -1
    outer loop
      vertex 22.4457 33.2296 0
      vertex 0 70 0
      vertex 22.4804 33.3 0
    endloop
  endfacet
  facet normal 0 0 -1
    outer loop
      vertex 60.9217 51.5949 0
      vertex 0 70 0
      vertex 100 70 0
    endloop
  endfacet
  facet normal 0 0 -1
    outer loop
      vertex 60.7 51.5196 0
      vertex 0 70 0
      vertex 60.7704 51.5543 0
    endloop
  endfacet
  facet normal 0 0 -1
    outer loop
      vertex 22.7 33.5196 0
      vertex 0 70 0
      vertex 22.7704 33.5543 0
    endloop
  endfacet
  facet normal 0 0 -1
    outer loop
      vertex 22.6347 33.476 0
      vertex 0 70 0
      vertex 22.7 33.5196 0
    endloop
  endfacet
  facet normal 0 0 -1
    outer loop
      vertex 22.5757 33.4243 0
      vertex 0 70 0
      vertex 22.6347 33.476 0
    endloop
  endfacet
  facet normal 0 0 -1
    outer loop
      vertex 22.524 33.3653 0
      vertex 0 70 0
      vertex 22.5757 33.4243 0
    endloop
  endfacet
  facet normal 0 0 -1
    outer loop
      vertex 22.4804 33.3 0
      vertex 0 70 0
      vertex 22.524 33.3653 0
    endloop
  endfacet
  facet normal 0 -1 0
    outer loop
      vertex 0 0 0
      vertex 100 0 7
      vertex 0 0 7
    endloop
  endfacet
  facet normal 0 -1 -0
    outer loop
      vertex 100 0 7
      vertex 0 0 0
      vertex 100 0 0
    endloop
  endfacet
  facet normal 0 1 -0
    outer loop
      vertex 100 70 0
      vertex 0 70 7
      vertex 100 70 7
    endloop
  endfacet
  facet normal 0 1 0
    outer loop
      vertex 0 70 7
      vertex 100 70 0
      vertex 0 70 0
    endloop
  endfacet
  facet normal 0.980779 0.195124 0
    outer loop
      vertex 20.1363 20.9647 7
      vertex 20.0342 21.4779 3
      vertex 20.0342 21.4779 7
    endloop
  endfacet
  facet normal 0.980779 0.195124 0
    outer loop
      vertex 20.0342 21.4779 3
      vertex 20.1363 20.9647 7
      vertex 20.1363 20.9647 3
    endloop
  endfacet
  facet normal 1 -0 0
    outer loop
      vertex 20 22 7
      vertex 20 34 3
      vertex 20 34 7
    endloop
  endfacet
  facet normal 1 0 0
    outer loop
      vertex 20 34 3
      vertex 20 22 7
      vertex 20 22 3
    endloop
  endfacet
  facet normal -0.997861 -0.0653646 0
    outer loop
      vertex 46 34 3
      vertex 45.9658 34.5221 7
      vertex 45.9658 34.5221 3
    endloop
  endfacet
  facet normal -0.997861 -0.0653646 0
    outer loop
      vertex 45.9658 34.5221 7
      vertex 46 34 3
      vertex 46 34 7
    endloop
  endfacet
  facet normal 0.997861 0.0653646 0
    outer loop
      vertex 20.0342 21.4779 7
      vertex 20 22 3
      vertex 20 22 7
    endloop
  endfacet
  facet normal 0.997861 0.0653646 0
    outer loop
      vertex 20 22 3
      vertex 20.0342 21.4779 7
      vertex 20.0342 21.4779 3
    endloop
  endfacet
  facet normal 0.321498 -0.94691 0
    outer loop
      vertex 22.4693 37.6955 3
      vertex 22.9647 37.8637 7
      vertex 22.4693 37.6955 7
    endloop
  endfacet
  facet normal 0.321498 -0.94691 0
    outer loop
      vertex 22.9647 37.8637 7
      vertex 22.4693 37.6955 3
      vertex 22.9647 37.8637 3
    endloop
  endfacet
  facet normal 0.980779 -0.195124 0
    outer loop
      vertex 20.0342 34.5221 7
      vertex 20.1363 35.0353 3
      vertex 20.1363 35.0353 7
    endloop
  endfacet
  facet normal 0.980779 -0.195124 0
    outer loop
      vertex 20.1363 35.0353 3
      vertex 20.0342 34.5221 7
      vertex 20.0342 34.5221 3
    endloop
  endfacet
  facet normal -0.195124 -0.980779 0
    outer loop
      vertex 42.5221 37.9658 3
      vertex 43.0353 37.8637 7
      vertex 42.5221 37.9658 7
    endloop
  endfacet
  facet normal -0.195124 -0.980779 -0
    outer loop
      vertex 43.0353 37.8637 7
      vertex 42.5221 37.9658 3
      vertex 43.0353 37.8637 3
    endloop
  endfacet
  facet normal 0.997861 -0.0653646 0
    outer loop
      vertex 20 34 7
      vertex 20.0342 34.5221 3
      vertex 20.0342 34.5221 7
    endloop
  endfacet
  facet normal 0.997861 -0.0653646 0
    outer loop
      vertex 20.0342 34.5221 3
      vertex 20 34 7
      vertex 20 34 3
    endloop
  endfacet
  facet normal -0.997861 0.0653646 0
    outer loop
      vertex 45.9658 21.4779 3
      vertex 46 22 7
      vertex 46 22 3
    endloop
  endfacet
  facet normal -0.997861 0.0653646 0
    outer loop
      vertex 46 22 7
      vertex 45.9658 21.4779 3
      vertex 45.9658 21.4779 7
    endloop
  endfacet
  facet normal 0.751759 0.659438 0
    outer loop
      vertex 21.1716 19.1716 7
      vertex 20.8266 19.5649 3
      vertex 20.8266 19.5649 7
    endloop
  endfacet
  facet normal 0.751759 0.659438 0
    outer loop
      vertex 20.8266 19.5649 3
      vertex 21.1716 19.1716 7
      vertex 21.1716 19.1716 3
    endloop
  endfacet
  facet normal -0.831432 -0.555626 0
    outer loop
      vertex 45.4641 36 3
      vertex 45.1734 36.435 7
      vertex 45.1734 36.435 3
    endloop
  endfacet
  facet normal -0.831432 -0.555626 0
    outer loop
      vertex 45.1734 36.435 7
      vertex 45.4641 36 3
      vertex 45.4641 36 7
    endloop
  endfacet
  facet normal -0.321498 -0.94691 0
    outer loop
      vertex 43.0353 37.8637 3
      vertex 43.5307 37.6955 7
      vertex 43.0353 37.8637 7
    endloop
  endfacet
  facet normal -0.321498 -0.94691 -0
    outer loop
      vertex 43.5307 37.6955 7
      vertex 43.0353 37.8637 3
      vertex 43.5307 37.6955 3
    endloop
  endfacet
  facet normal 0 -1 0
    outer loop
      vertex 24 38 3
      vertex 42 38 7
      vertex 24 38 7
    endloop
  endfacet
  facet normal 0 -1 -0
    outer loop
      vertex 42 38 7
      vertex 24 38 3
      vertex 42 38 3
    endloop
  endfacet
  facet normal 0.0653646 -0.997861 0
    outer loop
      vertex 23.4779 37.9658 3
      vertex 24 38 7
      vertex 23.4779 37.9658 7
    endloop
  endfacet
  facet normal 0.0653646 -0.997861 0
    outer loop
      vertex 24 38 7
      vertex 23.4779 37.9658 3
      vertex 24 38 3
    endloop
  endfacet
  facet normal -0.0653646 -0.997861 0
    outer loop
      vertex 42 38 3
      vertex 42.5221 37.9658 7
      vertex 42 38 7
    endloop
  endfacet
  facet normal -0.0653646 -0.997861 -0
    outer loop
      vertex 42.5221 37.9658 7
      vertex 42 38 3
      vertex 42.5221 37.9658 3
    endloop
  endfacet
  facet normal 0.659438 -0.751759 0
    outer loop
      vertex 21.1716 36.8284 3
      vertex 21.5649 37.1734 7
      vertex 21.1716 36.8284 7
    endloop
  endfacet
  facet normal 0.659438 -0.751759 0
    outer loop
      vertex 21.5649 37.1734 7
      vertex 21.1716 36.8284 3
      vertex 21.5649 37.1734 3
    endloop
  endfacet
  facet normal -0.659343 0.751842 0
    outer loop
      vertex 44.8284 19.1716 3
      vertex 44.435 18.8266 7
      vertex 44.8284 19.1716 7
    endloop
  endfacet
  facet normal -0.659343 0.751842 0
    outer loop
      vertex 44.435 18.8266 7
      vertex 44.8284 19.1716 3
      vertex 44.435 18.8266 3
    endloop
  endfacet
  facet normal -0.555626 0.831432 0
    outer loop
      vertex 44.435 18.8266 3
      vertex 44 18.5359 7
      vertex 44.435 18.8266 7
    endloop
  endfacet
  facet normal -0.555626 0.831432 0
    outer loop
      vertex 44 18.5359 7
      vertex 44.435 18.8266 3
      vertex 44 18.5359 3
    endloop
  endfacet
  facet normal -0.980779 0.195124 0
    outer loop
      vertex 45.8637 20.9647 3
      vertex 45.9658 21.4779 7
      vertex 45.9658 21.4779 3
    endloop
  endfacet
  facet normal -0.980779 0.195124 0
    outer loop
      vertex 45.9658 21.4779 7
      vertex 45.8637 20.9647 3
      vertex 45.8637 20.9647 7
    endloop
  endfacet
  facet normal -1 0 0
    outer loop
      vertex 46 34 3
      vertex 46 31.5 5
      vertex 46 34 7
    endloop
  endfacet
  facet normal -1 0 0
    outer loop
      vertex 46 34 3
      vertex 46 24.4538 5
      vertex 46 31.5 5
    endloop
  endfacet
  facet normal -1 0 0
    outer loop
      vertex 46 22 3
      vertex 46 24.4538 5
      vertex 46 34 3
    endloop
  endfacet
  facet normal -1 0 0
    outer loop
      vertex 46 22 7
      vertex 46 24.4538 5
      vertex 46 22 3
    endloop
  endfacet
  facet normal -1 0 0
    outer loop
      vertex 46 24.4538 5
      vertex 46 22 7
      vertex 46 24.4538 7
    endloop
  endfacet
  facet normal -1 -0 0
    outer loop
      vertex 46 34 7
      vertex 46 31.5 5
      vertex 46 31.5 7
    endloop
  endfacet
  facet normal -0.0653646 0.997861 0
    outer loop
      vertex 42.5221 18.0342 3
      vertex 42 18 7
      vertex 42.5221 18.0342 7
    endloop
  endfacet
  facet normal -0.0653646 0.997861 0
    outer loop
      vertex 42 18 7
      vertex 42.5221 18.0342 3
      vertex 42 18 3
    endloop
  endfacet
  facet normal 0.0653646 0.997861 -0
    outer loop
      vertex 24 18 3
      vertex 23.4779 18.0342 7
      vertex 24 18 7
    endloop
  endfacet
  facet normal 0.0653646 0.997861 0
    outer loop
      vertex 23.4779 18.0342 7
      vertex 24 18 3
      vertex 23.4779 18.0342 3
    endloop
  endfacet
  facet normal 0 1 -0
    outer loop
      vertex 42 18 3
      vertex 24 18 7
      vertex 42 18 7
    endloop
  endfacet
  facet normal 0 1 0
    outer loop
      vertex 24 18 7
      vertex 42 18 3
      vertex 24 18 3
    endloop
  endfacet
  facet normal 0.195124 0.980779 -0
    outer loop
      vertex 23.4779 18.0342 3
      vertex 22.9647 18.1363 7
      vertex 23.4779 18.0342 7
    endloop
  endfacet
  facet normal 0.195124 0.980779 0
    outer loop
      vertex 22.9647 18.1363 7
      vertex 23.4779 18.0342 3
      vertex 22.9647 18.1363 3
    endloop
  endfacet
  facet normal 0.321498 0.94691 -0
    outer loop
      vertex 22.9647 18.1363 3
      vertex 22.4693 18.3045 7
      vertex 22.9647 18.1363 7
    endloop
  endfacet
  facet normal 0.321498 0.94691 0
    outer loop
      vertex 22.4693 18.3045 7
      vertex 22.9647 18.1363 3
      vertex 22.4693 18.3045 3
    endloop
  endfacet
  facet normal -0.896898 -0.442238 0
    outer loop
      vertex 45.6955 35.5307 3
      vertex 45.4641 36 7
      vertex 45.4641 36 3
    endloop
  endfacet
  facet normal -0.896898 -0.442238 0
    outer loop
      vertex 45.4641 36 7
      vertex 45.6955 35.5307 3
      vertex 45.6955 35.5307 7
    endloop
  endfacet
  facet normal -0.751842 -0.659343 0
    outer loop
      vertex 45.1734 36.435 3
      vertex 44.8284 36.8284 7
      vertex 44.8284 36.8284 3
    endloop
  endfacet
  facet normal -0.751842 -0.659343 0
    outer loop
      vertex 44.8284 36.8284 7
      vertex 45.1734 36.435 3
      vertex 45.1734 36.435 7
    endloop
  endfacet
  facet normal -0.659343 -0.751842 0
    outer loop
      vertex 44.435 37.1734 3
      vertex 44.8284 36.8284 7
      vertex 44.435 37.1734 7
    endloop
  endfacet
  facet normal -0.659343 -0.751842 -0
    outer loop
      vertex 44.8284 36.8284 7
      vertex 44.435 37.1734 3
      vertex 44.8284 36.8284 3
    endloop
  endfacet
  facet normal -0.555626 -0.831432 0
    outer loop
      vertex 44 37.4641 3
      vertex 44.435 37.1734 7
      vertex 44 37.4641 7
    endloop
  endfacet
  facet normal -0.555626 -0.831432 -0
    outer loop
      vertex 44.435 37.1734 7
      vertex 44 37.4641 3
      vertex 44.435 37.1734 3
    endloop
  endfacet
  facet normal 0.195124 -0.980779 0
    outer loop
      vertex 22.9647 37.8637 3
      vertex 23.4779 37.9658 7
      vertex 22.9647 37.8637 7
    endloop
  endfacet
  facet normal 0.195124 -0.980779 0
    outer loop
      vertex 23.4779 37.9658 7
      vertex 22.9647 37.8637 3
      vertex 23.4779 37.9658 3
    endloop
  endfacet
  facet normal 0.555538 -0.831491 0
    outer loop
      vertex 21.5649 37.1734 3
      vertex 22 37.4641 7
      vertex 21.5649 37.1734 7
    endloop
  endfacet
  facet normal 0.555538 -0.831491 0
    outer loop
      vertex 22 37.4641 7
      vertex 21.5649 37.1734 3
      vertex 22 37.4641 3
    endloop
  endfacet
  facet normal 0.442238 -0.896898 0
    outer loop
      vertex 22 37.4641 3
      vertex 22.4693 37.6955 7
      vertex 22 37.4641 7
    endloop
  endfacet
  facet normal 0.442238 -0.896898 0
    outer loop
      vertex 22.4693 37.6955 7
      vertex 22 37.4641 3
      vertex 22.4693 37.6955 3
    endloop
  endfacet
  facet normal 0.751842 -0.659343 0
    outer loop
      vertex 20.8266 36.435 7
      vertex 21.1716 36.8284 3
      vertex 21.1716 36.8284 7
    endloop
  endfacet
  facet normal 0.751842 -0.659343 0
    outer loop
      vertex 21.1716 36.8284 3
      vertex 20.8266 36.435 7
      vertex 20.8266 36.435 3
    endloop
  endfacet
  facet normal 0.831432 -0.555626 0
    outer loop
      vertex 20.5359 36 7
      vertex 20.8266 36.435 3
      vertex 20.8266 36.435 7
    endloop
  endfacet
  facet normal 0.831432 -0.555626 0
    outer loop
      vertex 20.8266 36.435 3
      vertex 20.5359 36 7
      vertex 20.5359 36 3
    endloop
  endfacet
  facet normal 0.896898 -0.442238 0
    outer loop
      vertex 20.3045 35.5307 7
      vertex 20.5359 36 3
      vertex 20.5359 36 7
    endloop
  endfacet
  facet normal 0.896898 -0.442238 0
    outer loop
      vertex 20.5359 36 3
      vertex 20.3045 35.5307 7
      vertex 20.3045 35.5307 3
    endloop
  endfacet
  facet normal -0.831491 0.555538 0
    outer loop
      vertex 45.1734 19.5649 3
      vertex 45.4641 20 7
      vertex 45.4641 20 3
    endloop
  endfacet
  facet normal -0.831491 0.555538 0
    outer loop
      vertex 45.4641 20 7
      vertex 45.1734 19.5649 3
      vertex 45.1734 19.5649 7
    endloop
  endfacet
  facet normal -0.94691 0.321498 0
    outer loop
      vertex 45.6955 20.4693 3
      vertex 45.8637 20.9647 7
      vertex 45.8637 20.9647 3
    endloop
  endfacet
  facet normal -0.94691 0.321498 0
    outer loop
      vertex 45.8637 20.9647 7
      vertex 45.6955 20.4693 3
      vertex 45.6955 20.4693 7
    endloop
  endfacet
  facet normal -0.896898 0.442238 0
    outer loop
      vertex 45.4641 20 3
      vertex 45.6955 20.4693 7
      vertex 45.6955 20.4693 3
    endloop
  endfacet
  facet normal -0.896898 0.442238 0
    outer loop
      vertex 45.6955 20.4693 7
      vertex 45.4641 20 3
      vertex 45.4641 20 7
    endloop
  endfacet
  facet normal -0.321498 0.94691 0
    outer loop
      vertex 43.5307 18.3045 3
      vertex 43.0353 18.1363 7
      vertex 43.5307 18.3045 7
    endloop
  endfacet
  facet normal -0.321498 0.94691 0
    outer loop
      vertex 43.0353 18.1363 7
      vertex 43.5307 18.3045 3
      vertex 43.0353 18.1363 3
    endloop
  endfacet
  facet normal -0.442238 0.896898 0
    outer loop
      vertex 44 18.5359 3
      vertex 43.5307 18.3045 7
      vertex 44 18.5359 7
    endloop
  endfacet
  facet normal -0.442238 0.896898 0
    outer loop
      vertex 43.5307 18.3045 7
      vertex 44 18.5359 3
      vertex 43.5307 18.3045 3
    endloop
  endfacet
  facet normal 0.555538 0.831491 -0
    outer loop
      vertex 22 18.5359 3
      vertex 21.5649 18.8266 7
      vertex 22 18.5359 7
    endloop
  endfacet
  facet normal 0.555538 0.831491 0
    outer loop
      vertex 21.5649 18.8266 7
      vertex 22 18.5359 3
      vertex 21.5649 18.8266 3
    endloop
  endfacet
  facet normal 0.659438 0.751759 -0
    outer loop
      vertex 21.5649 18.8266 3
      vertex 21.1716 19.1716 7
      vertex 21.5649 18.8266 7
    endloop
  endfacet
  facet normal 0.659438 0.751759 0
    outer loop
      vertex 21.1716 19.1716 7
      vertex 21.5649 18.8266 3
      vertex 21.1716 19.1716 3
    endloop
  endfacet
  facet normal 0.94691 0.321498 0
    outer loop
      vertex 20.3045 20.4693 7
      vertex 20.1363 20.9647 3
      vertex 20.1363 20.9647 7
    endloop
  endfacet
  facet normal 0.94691 0.321498 0
    outer loop
      vertex 20.1363 20.9647 3
      vertex 20.3045 20.4693 7
      vertex 20.3045 20.4693 3
    endloop
  endfacet
  facet normal -0.94691 -0.321498 0
    outer loop
      vertex 45.8637 35.0353 3
      vertex 45.6955 35.5307 7
      vertex 45.6955 35.5307 3
    endloop
  endfacet
  facet normal -0.94691 -0.321498 0
    outer loop
      vertex 45.6955 35.5307 7
      vertex 45.8637 35.0353 3
      vertex 45.8637 35.0353 7
    endloop
  endfacet
  facet normal -0.980779 -0.195124 0
    outer loop
      vertex 45.9658 34.5221 3
      vertex 45.8637 35.0353 7
      vertex 45.8637 35.0353 3
    endloop
  endfacet
  facet normal -0.980779 -0.195124 0
    outer loop
      vertex 45.8637 35.0353 7
      vertex 45.9658 34.5221 3
      vertex 45.9658 34.5221 7
    endloop
  endfacet
  facet normal -0.442238 -0.896898 0
    outer loop
      vertex 43.5307 37.6955 3
      vertex 44 37.4641 7
      vertex 43.5307 37.6955 7
    endloop
  endfacet
  facet normal -0.442238 -0.896898 -0
    outer loop
      vertex 44 37.4641 7
      vertex 43.5307 37.6955 3
      vertex 44 37.4641 3
    endloop
  endfacet
  facet normal 0.94691 -0.321498 0
    outer loop
      vertex 20.1363 35.0353 7
      vertex 20.3045 35.5307 3
      vertex 20.3045 35.5307 7
    endloop
  endfacet
  facet normal 0.94691 -0.321498 0
    outer loop
      vertex 20.3045 35.5307 3
      vertex 20.1363 35.0353 7
      vertex 20.1363 35.0353 3
    endloop
  endfacet
  facet normal -0.751759 0.659438 0
    outer loop
      vertex 44.8284 19.1716 3
      vertex 45.1734 19.5649 7
      vertex 45.1734 19.5649 3
    endloop
  endfacet
  facet normal -0.751759 0.659438 0
    outer loop
      vertex 45.1734 19.5649 7
      vertex 44.8284 19.1716 3
      vertex 44.8284 19.1716 7
    endloop
  endfacet
  facet normal -0.195124 0.980779 0
    outer loop
      vertex 43.0353 18.1363 3
      vertex 42.5221 18.0342 7
      vertex 43.0353 18.1363 7
    endloop
  endfacet
  facet normal -0.195124 0.980779 0
    outer loop
      vertex 42.5221 18.0342 7
      vertex 43.0353 18.1363 3
      vertex 42.5221 18.0342 3
    endloop
  endfacet
  facet normal 0.442238 0.896898 -0
    outer loop
      vertex 22.4693 18.3045 3
      vertex 22 18.5359 7
      vertex 22.4693 18.3045 7
    endloop
  endfacet
  facet normal 0.442238 0.896898 0
    outer loop
      vertex 22 18.5359 7
      vertex 22.4693 18.3045 3
      vertex 22 18.5359 3
    endloop
  endfacet
  facet normal 0.896898 0.442238 0
    outer loop
      vertex 20.5359 20 7
      vertex 20.3045 20.4693 3
      vertex 20.3045 20.4693 7
    endloop
  endfacet
  facet normal 0.896898 0.442238 0
    outer loop
      vertex 20.3045 20.4693 3
      vertex 20.5359 20 7
      vertex 20.5359 20 3
    endloop
  endfacet
  facet normal 0.831491 0.555538 0
    outer loop
      vertex 20.8266 19.5649 7
      vertex 20.5359 20 3
      vertex 20.5359 20 7
    endloop
  endfacet
  facet normal 0.831491 0.555538 0
    outer loop
      vertex 20.5359 20 3
      vertex 20.8266 19.5649 7
      vertex 20.8266 19.5649 3
    endloop
  endfacet
  facet normal 0.980779 0.195124 0
    outer loop
      vertex 58.1363 20.9647 7
      vertex 58.0342 21.4779 3
      vertex 58.0342 21.4779 7
    endloop
  endfacet
  facet normal 0.980779 0.195124 0
    outer loop
      vertex 58.0342 21.4779 3
      vertex 58.1363 20.9647 7
      vertex 58.1363 20.9647 3
    endloop
  endfacet
  facet normal 1 0 0
    outer loop
      vertex 58 22.5 7
      vertex 58 22 7
      vertex 58 22.5 5
    endloop
  endfacet
  facet normal 1 0 0
    outer loop
      vertex 58 29.5462 5
      vertex 58 30 7
      vertex 58 29.5462 7
    endloop
  endfacet
  facet normal 1 0 0
    outer loop
      vertex 58 30 7
      vertex 58 29.5462 5
      vertex 58 30 3
    endloop
  endfacet
  facet normal 1 -0 0
    outer loop
      vertex 58 22.5 5
      vertex 58 30 3
      vertex 58 29.5462 5
    endloop
  endfacet
  facet normal 1 0 0
    outer loop
      vertex 58 22.5 5
      vertex 58 22 3
      vertex 58 30 3
    endloop
  endfacet
  facet normal 1 0 0
    outer loop
      vertex 58 22 3
      vertex 58 22.5 5
      vertex 58 22 7
    endloop
  endfacet
  facet normal -0.997861 -0.0653646 0
    outer loop
      vertex 74 30 3
      vertex 73.9658 30.5221 7
      vertex 73.9658 30.5221 3
    endloop
  endfacet
  facet normal -0.997861 -0.0653646 0
    outer loop
      vertex 73.9658 30.5221 7
      vertex 74 30 3
      vertex 74 30 7
    endloop
  endfacet
  facet normal 0.997861 0.0653646 0
    outer loop
      vertex 58.0342 21.4779 7
      vertex 58 22 3
      vertex 58 22 7
    endloop
  endfacet
  facet normal 0.997861 0.0653646 0
    outer loop
      vertex 58 22 3
      vertex 58.0342 21.4779 7
      vertex 58.0342 21.4779 3
    endloop
  endfacet
  facet normal 0.442238 -0.896898 0
    outer loop
      vertex 60 33.4641 3
      vertex 60.4693 33.6955 7
      vertex 60 33.4641 7
    endloop
  endfacet
  facet normal 0.442238 -0.896898 0
    outer loop
      vertex 60.4693 33.6955 7
      vertex 60 33.4641 3
      vertex 60.4693 33.6955 3
    endloop
  endfacet
  facet normal 0.980779 -0.195124 0
    outer loop
      vertex 58.0342 30.5221 7
      vertex 58.1363 31.0353 3
      vertex 58.1363 31.0353 7
    endloop
  endfacet
  facet normal 0.980779 -0.195124 0
    outer loop
      vertex 58.1363 31.0353 3
      vertex 58.0342 30.5221 7
      vertex 58.0342 30.5221 3
    endloop
  endfacet
  facet normal -0.321498 -0.94691 0
    outer loop
      vertex 71.0353 33.8637 3
      vertex 71.5307 33.6955 7
      vertex 71.0353 33.8637 7
    endloop
  endfacet
  facet normal -0.321498 -0.94691 -0
    outer loop
      vertex 71.5307 33.6955 7
      vertex 71.0353 33.8637 3
      vertex 71.5307 33.6955 3
    endloop
  endfacet
  facet normal 0.997861 -0.0653646 0
    outer loop
      vertex 58 30 7
      vertex 58.0342 30.5221 3
      vertex 58.0342 30.5221 7
    endloop
  endfacet
  facet normal 0.997861 -0.0653646 0
    outer loop
      vertex 58.0342 30.5221 3
      vertex 58 30 7
      vertex 58 30 3
    endloop
  endfacet
  facet normal -0.997861 0.0653646 0
    outer loop
      vertex 73.9658 21.4779 3
      vertex 74 22 7
      vertex 74 22 3
    endloop
  endfacet
  facet normal -0.997861 0.0653646 0
    outer loop
      vertex 74 22 7
      vertex 73.9658 21.4779 3
      vertex 73.9658 21.4779 7
    endloop
  endfacet
  facet normal 0.751759 0.659438 0
    outer loop
      vertex 59.1716 19.1716 7
      vertex 58.8266 19.5649 3
      vertex 58.8266 19.5649 7
    endloop
  endfacet
  facet normal 0.751759 0.659438 0
    outer loop
      vertex 58.8266 19.5649 3
      vertex 59.1716 19.1716 7
      vertex 59.1716 19.1716 3
    endloop
  endfacet
  facet normal -0.896898 -0.442238 0
    outer loop
      vertex 73.6955 31.5307 3
      vertex 73.4641 32 7
      vertex 73.4641 32 3
    endloop
  endfacet
  facet normal -0.896898 -0.442238 0
    outer loop
      vertex 73.4641 32 7
      vertex 73.6955 31.5307 3
      vertex 73.6955 31.5307 7
    endloop
  endfacet
  facet normal 0 -1 0
    outer loop
      vertex 62 34 3
      vertex 70 34 7
      vertex 62 34 7
    endloop
  endfacet
  facet normal 0 -1 -0
    outer loop
      vertex 70 34 7
      vertex 62 34 3
      vertex 70 34 3
    endloop
  endfacet
  facet normal -0.0653646 -0.997861 0
    outer loop
      vertex 70 34 3
      vertex 70.5221 33.9658 7
      vertex 70 34 7
    endloop
  endfacet
  facet normal -0.0653646 -0.997861 -0
    outer loop
      vertex 70.5221 33.9658 7
      vertex 70 34 3
      vertex 70.5221 33.9658 3
    endloop
  endfacet
  facet normal 0.751842 -0.659343 0
    outer loop
      vertex 58.8266 32.435 7
      vertex 59.1716 32.8284 3
      vertex 59.1716 32.8284 7
    endloop
  endfacet
  facet normal 0.751842 -0.659343 0
    outer loop
      vertex 59.1716 32.8284 3
      vertex 58.8266 32.435 7
      vertex 58.8266 32.435 3
    endloop
  endfacet
  facet normal 0.896898 -0.442238 0
    outer loop
      vertex 58.3045 31.5307 7
      vertex 58.5359 32 3
      vertex 58.5359 32 7
    endloop
  endfacet
  facet normal 0.896898 -0.442238 0
    outer loop
      vertex 58.5359 32 3
      vertex 58.3045 31.5307 7
      vertex 58.3045 31.5307 3
    endloop
  endfacet
  facet normal -0.659343 0.751842 0
    outer loop
      vertex 72.8284 19.1716 3
      vertex 72.435 18.8266 7
      vertex 72.8284 19.1716 7
    endloop
  endfacet
  facet normal -0.659343 0.751842 0
    outer loop
      vertex 72.435 18.8266 7
      vertex 72.8284 19.1716 3
      vertex 72.435 18.8266 3
    endloop
  endfacet
  facet normal -0.555626 0.831432 0
    outer loop
      vertex 72.435 18.8266 3
      vertex 72 18.5359 7
      vertex 72.435 18.8266 7
    endloop
  endfacet
  facet normal -0.555626 0.831432 0
    outer loop
      vertex 72 18.5359 7
      vertex 72.435 18.8266 3
      vertex 72 18.5359 3
    endloop
  endfacet
  facet normal -0.980779 0.195124 0
    outer loop
      vertex 73.8637 20.9647 3
      vertex 73.9658 21.4779 7
      vertex 73.9658 21.4779 3
    endloop
  endfacet
  facet normal -0.980779 0.195124 0
    outer loop
      vertex 73.9658 21.4779 7
      vertex 73.8637 20.9647 3
      vertex 73.8637 20.9647 7
    endloop
  endfacet
  facet normal -1 0 0
    outer loop
      vertex 74 22 3
      vertex 74 30 7
      vertex 74 30 3
    endloop
  endfacet
  facet normal -1 -0 0
    outer loop
      vertex 74 30 7
      vertex 74 22 3
      vertex 74 22 7
    endloop
  endfacet
  facet normal -0.0653646 0.997861 0
    outer loop
      vertex 70.5221 18.0342 3
      vertex 70 18 7
      vertex 70.5221 18.0342 7
    endloop
  endfacet
  facet normal -0.0653646 0.997861 0
    outer loop
      vertex 70 18 7
      vertex 70.5221 18.0342 3
      vertex 70 18 3
    endloop
  endfacet
  facet normal 0.0653646 0.997861 -0
    outer loop
      vertex 62 18 3
      vertex 61.4779 18.0342 7
      vertex 62 18 7
    endloop
  endfacet
  facet normal 0.0653646 0.997861 0
    outer loop
      vertex 61.4779 18.0342 7
      vertex 62 18 3
      vertex 61.4779 18.0342 3
    endloop
  endfacet
  facet normal 0 1 -0
    outer loop
      vertex 70 18 3
      vertex 62 18 7
      vertex 70 18 7
    endloop
  endfacet
  facet normal 0 1 0
    outer loop
      vertex 62 18 7
      vertex 70 18 3
      vertex 62 18 3
    endloop
  endfacet
  facet normal 0.195124 0.980779 -0
    outer loop
      vertex 61.4779 18.0342 3
      vertex 60.9647 18.1363 7
      vertex 61.4779 18.0342 7
    endloop
  endfacet
  facet normal 0.195124 0.980779 0
    outer loop
      vertex 60.9647 18.1363 7
      vertex 61.4779 18.0342 3
      vertex 60.9647 18.1363 3
    endloop
  endfacet
  facet normal 0.321498 0.94691 -0
    outer loop
      vertex 60.9647 18.1363 3
      vertex 60.4693 18.3045 7
      vertex 60.9647 18.1363 7
    endloop
  endfacet
  facet normal 0.321498 0.94691 0
    outer loop
      vertex 60.4693 18.3045 7
      vertex 60.9647 18.1363 3
      vertex 60.4693 18.3045 3
    endloop
  endfacet
  facet normal -0.94691 -0.321498 0
    outer loop
      vertex 73.8637 31.0353 3
      vertex 73.6955 31.5307 7
      vertex 73.6955 31.5307 3
    endloop
  endfacet
  facet normal -0.94691 -0.321498 0
    outer loop
      vertex 73.6955 31.5307 7
      vertex 73.8637 31.0353 3
      vertex 73.8637 31.0353 7
    endloop
  endfacet
  facet normal -0.980779 -0.195124 0
    outer loop
      vertex 73.9658 30.5221 3
      vertex 73.8637 31.0353 7
      vertex 73.8637 31.0353 3
    endloop
  endfacet
  facet normal -0.980779 -0.195124 0
    outer loop
      vertex 73.8637 31.0353 7
      vertex 73.9658 30.5221 3
      vertex 73.9658 30.5221 7
    endloop
  endfacet
  facet normal -0.831432 -0.555626 0
    outer loop
      vertex 73.4641 32 3
      vertex 73.1734 32.435 7
      vertex 73.1734 32.435 3
    endloop
  endfacet
  facet normal -0.831432 -0.555626 0
    outer loop
      vertex 73.1734 32.435 7
      vertex 73.4641 32 3
      vertex 73.4641 32 7
    endloop
  endfacet
  facet normal -0.659343 -0.751842 0
    outer loop
      vertex 72.435 33.1734 3
      vertex 72.8284 32.8284 7
      vertex 72.435 33.1734 7
    endloop
  endfacet
  facet normal -0.659343 -0.751842 -0
    outer loop
      vertex 72.8284 32.8284 7
      vertex 72.435 33.1734 3
      vertex 72.8284 32.8284 3
    endloop
  endfacet
  facet normal -0.555626 -0.831432 0
    outer loop
      vertex 72 33.4641 3
      vertex 72.435 33.1734 7
      vertex 72 33.4641 7
    endloop
  endfacet
  facet normal -0.555626 -0.831432 -0
    outer loop
      vertex 72.435 33.1734 7
      vertex 72 33.4641 3
      vertex 72.435 33.1734 3
    endloop
  endfacet
  facet normal 0.195124 -0.980779 0
    outer loop
      vertex 60.9647 33.8637 3
      vertex 61.4779 33.9658 7
      vertex 60.9647 33.8637 7
    endloop
  endfacet
  facet normal 0.195124 -0.980779 0
    outer loop
      vertex 61.4779 33.9658 7
      vertex 60.9647 33.8637 3
      vertex 61.4779 33.9658 3
    endloop
  endfacet
  facet normal 0.0653646 -0.997861 0
    outer loop
      vertex 61.4779 33.9658 3
      vertex 62 34 7
      vertex 61.4779 33.9658 7
    endloop
  endfacet
  facet normal 0.0653646 -0.997861 0
    outer loop
      vertex 62 34 7
      vertex 61.4779 33.9658 3
      vertex 62 34 3
    endloop
  endfacet
  facet normal 0.321498 -0.94691 0
    outer loop
      vertex 60.4693 33.6955 3
      vertex 60.9647 33.8637 7
      vertex 60.4693 33.6955 7
    endloop
  endfacet
  facet normal 0.321498 -0.94691 0
    outer loop
      vertex 60.9647 33.8637 7
      vertex 60.4693 33.6955 3
      vertex 60.9647 33.8637 3
    endloop
  endfacet
  facet normal -0.195124 -0.980779 0
    outer loop
      vertex 70.5221 33.9658 3
      vertex 71.0353 33.8637 7
      vertex 70.5221 33.9658 7
    endloop
  endfacet
  facet normal -0.195124 -0.980779 -0
    outer loop
      vertex 71.0353 33.8637 7
      vertex 70.5221 33.9658 3
      vertex 71.0353 33.8637 3
    endloop
  endfacet
  facet normal 0.659438 -0.751759 0
    outer loop
      vertex 59.1716 32.8284 3
      vertex 59.5649 33.1734 7
      vertex 59.1716 32.8284 7
    endloop
  endfacet
  facet normal 0.659438 -0.751759 0
    outer loop
      vertex 59.5649 33.1734 7
      vertex 59.1716 32.8284 3
      vertex 59.5649 33.1734 3
    endloop
  endfacet
  facet normal 0.555538 -0.831491 0
    outer loop
      vertex 59.5649 33.1734 3
      vertex 60 33.4641 7
      vertex 59.5649 33.1734 7
    endloop
  endfacet
  facet normal 0.555538 -0.831491 0
    outer loop
      vertex 60 33.4641 7
      vertex 59.5649 33.1734 3
      vertex 60 33.4641 3
    endloop
  endfacet
  facet normal 0.831432 -0.555626 0
    outer loop
      vertex 58.5359 32 7
      vertex 58.8266 32.435 3
      vertex 58.8266 32.435 7
    endloop
  endfacet
  facet normal 0.831432 -0.555626 0
    outer loop
      vertex 58.8266 32.435 3
      vertex 58.5359 32 7
      vertex 58.5359 32 3
    endloop
  endfacet
  facet normal -0.831491 0.555538 0
    outer loop
      vertex 73.1734 19.5649 3
      vertex 73.4641 20 7
      vertex 73.4641 20 3
    endloop
  endfacet
  facet normal -0.831491 0.555538 0
    outer loop
      vertex 73.4641 20 7
      vertex 73.1734 19.5649 3
      vertex 73.1734 19.5649 7
    endloop
  endfacet
  facet normal -0.94691 0.321498 0
    outer loop
      vertex 73.6955 20.4693 3
      vertex 73.8637 20.9647 7
      vertex 73.8637 20.9647 3
    endloop
  endfacet
  facet normal -0.94691 0.321498 0
    outer loop
      vertex 73.8637 20.9647 7
      vertex 73.6955 20.4693 3
      vertex 73.6955 20.4693 7
    endloop
  endfacet
  facet normal -0.896898 0.442238 0
    outer loop
      vertex 73.4641 20 3
      vertex 73.6955 20.4693 7
      vertex 73.6955 20.4693 3
    endloop
  endfacet
  facet normal -0.896898 0.442238 0
    outer loop
      vertex 73.6955 20.4693 7
      vertex 73.4641 20 3
      vertex 73.4641 20 7
    endloop
  endfacet
  facet normal -0.321498 0.94691 0
    outer loop
      vertex 71.5307 18.3045 3
      vertex 71.0353 18.1363 7
      vertex 71.5307 18.3045 7
    endloop
  endfacet
  facet normal -0.321498 0.94691 0
    outer loop
      vertex 71.0353 18.1363 7
      vertex 71.5307 18.3045 3
      vertex 71.0353 18.1363 3
    endloop
  endfacet
  facet normal -0.442238 0.896898 0
    outer loop
      vertex 72 18.5359 3
      vertex 71.5307 18.3045 7
      vertex 72 18.5359 7
    endloop
  endfacet
  facet normal -0.442238 0.896898 0
    outer loop
      vertex 71.5307 18.3045 7
      vertex 72 18.5359 3
      vertex 71.5307 18.3045 3
    endloop
  endfacet
  facet normal 0.555538 0.831491 -0
    outer loop
      vertex 60 18.5359 3
      vertex 59.5649 18.8266 7
      vertex 60 18.5359 7
    endloop
  endfacet
  facet normal 0.555538 0.831491 0
    outer loop
      vertex 59.5649 18.8266 7
      vertex 60 18.5359 3
      vertex 59.5649 18.8266 3
    endloop
  endfacet
  facet normal 0.659438 0.751759 -0
    outer loop
      vertex 59.5649 18.8266 3
      vertex 59.1716 19.1716 7
      vertex 59.5649 18.8266 7
    endloop
  endfacet
  facet normal 0.659438 0.751759 0
    outer loop
      vertex 59.1716 19.1716 7
      vertex 59.5649 18.8266 3
      vertex 59.1716 19.1716 3
    endloop
  endfacet
  facet normal 0.94691 0.321498 0
    outer loop
      vertex 58.3045 20.4693 7
      vertex 58.1363 20.9647 3
      vertex 58.1363 20.9647 7
    endloop
  endfacet
  facet normal 0.94691 0.321498 0
    outer loop
      vertex 58.1363 20.9647 3
      vertex 58.3045 20.4693 7
      vertex 58.3045 20.4693 3
    endloop
  endfacet
  facet normal -0.442238 -0.896898 0
    outer loop
      vertex 71.5307 33.6955 3
      vertex 72 33.4641 7
      vertex 71.5307 33.6955 7
    endloop
  endfacet
  facet normal -0.442238 -0.896898 -0
    outer loop
      vertex 72 33.4641 7
      vertex 71.5307 33.6955 3
      vertex 72 33.4641 3
    endloop
  endfacet
  facet normal -0.751842 -0.659343 0
    outer loop
      vertex 73.1734 32.435 3
      vertex 72.8284 32.8284 7
      vertex 72.8284 32.8284 3
    endloop
  endfacet
  facet normal -0.751842 -0.659343 0
    outer loop
      vertex 72.8284 32.8284 7
      vertex 73.1734 32.435 3
      vertex 73.1734 32.435 7
    endloop
  endfacet
  facet normal 0.94691 -0.321498 0
    outer loop
      vertex 58.1363 31.0353 7
      vertex 58.3045 31.5307 3
      vertex 58.3045 31.5307 7
    endloop
  endfacet
  facet normal 0.94691 -0.321498 0
    outer loop
      vertex 58.3045 31.5307 3
      vertex 58.1363 31.0353 7
      vertex 58.1363 31.0353 3
    endloop
  endfacet
  facet normal -0.751759 0.659438 0
    outer loop
      vertex 72.8284 19.1716 3
      vertex 73.1734 19.5649 7
      vertex 73.1734 19.5649 3
    endloop
  endfacet
  facet normal -0.751759 0.659438 0
    outer loop
      vertex 73.1734 19.5649 7
      vertex 72.8284 19.1716 3
      vertex 72.8284 19.1716 7
    endloop
  endfacet
  facet normal -0.195124 0.980779 0
    outer loop
      vertex 71.0353 18.1363 3
      vertex 70.5221 18.0342 7
      vertex 71.0353 18.1363 7
    endloop
  endfacet
  facet normal -0.195124 0.980779 0
    outer loop
      vertex 70.5221 18.0342 7
      vertex 71.0353 18.1363 3
      vertex 70.5221 18.0342 3
    endloop
  endfacet
  facet normal 0.442238 0.896898 -0
    outer loop
      vertex 60.4693 18.3045 3
      vertex 60 18.5359 7
      vertex 60.4693 18.3045 7
    endloop
  endfacet
  facet normal 0.442238 0.896898 0
    outer loop
      vertex 60 18.5359 7
      vertex 60.4693 18.3045 3
      vertex 60 18.5359 3
    endloop
  endfacet
  facet normal 0.896898 0.442238 0
    outer loop
      vertex 58.5359 20 7
      vertex 58.3045 20.4693 3
      vertex 58.3045 20.4693 7
    endloop
  endfacet
  facet normal 0.896898 0.442238 0
    outer loop
      vertex 58.3045 20.4693 3
      vertex 58.5359 20 7
      vertex 58.5359 20 3
    endloop
  endfacet
  facet normal 0.831491 0.555538 0
    outer loop
      vertex 58.8266 19.5649 7
      vertex 58.5359 20 3
      vertex 58.5359 20 7
    endloop
  endfacet
  facet normal 0.831491 0.555538 0
    outer loop
      vertex 58.5359 20 3
      vertex 58.8266 19.5649 7
      vertex 58.8266 19.5649 3
    endloop
  endfacet
  facet normal 0.980786 0.195087 0
    outer loop
      vertex 58.0415 45.4413 7
      vertex 58.1363 44.9647 7
      vertex 58.0415 45.4413 5
    endloop
  endfacet
  facet normal 0.980684 0.195601 0
    outer loop
      vertex 58.0415 45.4413 5
      vertex 58.0342 45.4779 3
      vertex 58.0342 45.4779 5
    endloop
  endfacet
  facet normal 0.980786 0.195087 -0
    outer loop
      vertex 58.1363 44.9647 3
      vertex 58.0415 45.4413 5
      vertex 58.1363 44.9647 7
    endloop
  endfacet
  facet normal 0.980779 0.195124 -9.07774e-06
    outer loop
      vertex 58.0415 45.4413 5
      vertex 58.1363 44.9647 3
      vertex 58.0342 45.4779 3
    endloop
  endfacet
  facet normal 1 -0 0
    outer loop
      vertex 58 46 5
      vertex 58 52 3
      vertex 58 52 5
    endloop
  endfacet
  facet normal 1 0 0
    outer loop
      vertex 58 52 3
      vertex 58 46 5
      vertex 58 46 3
    endloop
  endfacet
  facet normal -0.997861 -0.0653646 0
    outer loop
      vertex 78 52 3
      vertex 77.9658 52.5221 7
      vertex 77.9658 52.5221 3
    endloop
  endfacet
  facet normal -0.997861 -0.0653646 0
    outer loop
      vertex 77.9658 52.5221 7
      vertex 78 52 3
      vertex 78 52 7
    endloop
  endfacet
  facet normal 0.997861 0.0653646 0
    outer loop
      vertex 58.0342 45.4779 5
      vertex 58 46 3
      vertex 58 46 5
    endloop
  endfacet
  facet normal 0.997861 0.0653646 0
    outer loop
      vertex 58 46 3
      vertex 58.0342 45.4779 5
      vertex 58.0342 45.4779 3
    endloop
  endfacet
  facet normal 0.195124 -0.980779 0
    outer loop
      vertex 60.9647 55.8637 3
      vertex 61.4779 55.9658 7
      vertex 60.9647 55.8637 7
    endloop
  endfacet
  facet normal 0.195124 -0.980779 0
    outer loop
      vertex 61.4779 55.9658 7
      vertex 60.9647 55.8637 3
      vertex 61.4779 55.9658 3
    endloop
  endfacet
  facet normal 0.94691 -0.321498 0
    outer loop
      vertex 58.1363 53.0353 7
      vertex 58.3045 53.5307 3
      vertex 58.3045 53.5307 7
    endloop
  endfacet
  facet normal 0.94691 -0.321498 0
    outer loop
      vertex 58.3045 53.5307 3
      vertex 58.1363 53.0353 7
      vertex 58.1363 53.0353 3
    endloop
  endfacet
  facet normal -0.195124 -0.980779 0
    outer loop
      vertex 74.5221 55.9658 3
      vertex 75.0353 55.8637 7
      vertex 74.5221 55.9658 7
    endloop
  endfacet
  facet normal -0.195124 -0.980779 -0
    outer loop
      vertex 75.0353 55.8637 7
      vertex 74.5221 55.9658 3
      vertex 75.0353 55.8637 3
    endloop
  endfacet
  facet normal -0.195124 0.980779 0
    outer loop
      vertex 75.0353 42.1363 3
      vertex 74.5221 42.0342 7
      vertex 75.0353 42.1363 7
    endloop
  endfacet
  facet normal -0.195124 0.980779 0
    outer loop
      vertex 74.5221 42.0342 7
      vertex 75.0353 42.1363 3
      vertex 74.5221 42.0342 3
    endloop
  endfacet
  facet normal 0.751759 0.659438 0
    outer loop
      vertex 59.1716 43.1716 7
      vertex 58.8266 43.5649 3
      vertex 58.8266 43.5649 7
    endloop
  endfacet
  facet normal 0.751759 0.659438 0
    outer loop
      vertex 58.8266 43.5649 3
      vertex 59.1716 43.1716 7
      vertex 59.1716 43.1716 3
    endloop
  endfacet
  facet normal -0.831432 -0.555626 0
    outer loop
      vertex 77.4641 54 3
      vertex 77.1734 54.435 7
      vertex 77.1734 54.435 3
    endloop
  endfacet
  facet normal -0.831432 -0.555626 0
    outer loop
      vertex 77.1734 54.435 7
      vertex 77.4641 54 3
      vertex 77.4641 54 7
    endloop
  endfacet
  facet normal 0 -1 0
    outer loop
      vertex 62 56 3
      vertex 74 56 7
      vertex 62 56 7
    endloop
  endfacet
  facet normal 0 -1 -0
    outer loop
      vertex 74 56 7
      vertex 62 56 3
      vertex 74 56 3
    endloop
  endfacet
  facet normal 0.0653646 -0.997861 0
    outer loop
      vertex 61.4779 55.9658 3
      vertex 62 56 7
      vertex 61.4779 55.9658 7
    endloop
  endfacet
  facet normal 0.0653646 -0.997861 0
    outer loop
      vertex 62 56 7
      vertex 61.4779 55.9658 3
      vertex 62 56 3
    endloop
  endfacet
  facet normal -0.0653646 -0.997861 0
    outer loop
      vertex 74 56 3
      vertex 74.5221 55.9658 7
      vertex 74 56 7
    endloop
  endfacet
  facet normal -0.0653646 -0.997861 -0
    outer loop
      vertex 74.5221 55.9658 7
      vertex 74 56 3
      vertex 74.5221 55.9658 3
    endloop
  endfacet
  facet normal 0.555538 -0.831491 0
    outer loop
      vertex 59.5649 55.1734 3
      vertex 60 55.4641 7
      vertex 59.5649 55.1734 7
    endloop
  endfacet
  facet normal 0.555538 -0.831491 0
    outer loop
      vertex 60 55.4641 7
      vertex 59.5649 55.1734 3
      vertex 60 55.4641 3
    endloop
  endfacet
  facet normal 0.980779 -0.195124 0
    outer loop
      vertex 58.0342 52.5221 7
      vertex 58.1363 53.0353 3
      vertex 58.1363 53.0353 7
    endloop
  endfacet
  facet normal 0.980779 -0.195124 0
    outer loop
      vertex 58.1363 53.0353 3
      vertex 58.0342 52.5221 7
      vertex 58.0342 52.5221 3
    endloop
  endfacet
  facet normal 0.997821 -0.0659717 0
    outer loop
      vertex 58.0326 52.4979 5
      vertex 58.0342 52.5221 7
      vertex 58.0326 52.4979 7
    endloop
  endfacet
  facet normal 0.997821 -0.0659717 0
    outer loop
      vertex 58.0342 52.5221 7
      vertex 58.0326 52.4979 5
      vertex 58.0342 52.5221 3
    endloop
  endfacet
  facet normal 0.997863 -0.0653351 0
    outer loop
      vertex 58 52 3
      vertex 58.0326 52.4979 5
      vertex 58 52 5
    endloop
  endfacet
  facet normal 0.997861 -0.0653646 7.37741e-06
    outer loop
      vertex 58.0326 52.4979 5
      vertex 58 52 3
      vertex 58.0342 52.5221 3
    endloop
  endfacet
  facet normal -0.659343 0.751842 0
    outer loop
      vertex 76.8284 43.1716 3
      vertex 76.435 42.8266 7
      vertex 76.8284 43.1716 7
    endloop
  endfacet
  facet normal -0.659343 0.751842 0
    outer loop
      vertex 76.435 42.8266 7
      vertex 76.8284 43.1716 3
      vertex 76.435 42.8266 3
    endloop
  endfacet
  facet normal -0.980779 0.195124 0
    outer loop
      vertex 77.8637 44.9647 3
      vertex 77.9658 45.4779 7
      vertex 77.9658 45.4779 3
    endloop
  endfacet
  facet normal -0.980779 0.195124 0
    outer loop
      vertex 77.9658 45.4779 7
      vertex 77.8637 44.9647 3
      vertex 77.8637 44.9647 7
    endloop
  endfacet
  facet normal -1 0 0
    outer loop
      vertex 78 46 3
      vertex 78 52 7
      vertex 78 52 3
    endloop
  endfacet
  facet normal -1 -0 0
    outer loop
      vertex 78 52 7
      vertex 78 46 3
      vertex 78 46 7
    endloop
  endfacet
  facet normal 0 1 -0
    outer loop
      vertex 74 42 3
      vertex 62 42 7
      vertex 74 42 7
    endloop
  endfacet
  facet normal 0 1 0
    outer loop
      vertex 62 42 7
      vertex 74 42 3
      vertex 62 42 3
    endloop
  endfacet
  facet normal 0.0653646 0.997861 -0
    outer loop
      vertex 62 42 3
      vertex 61.4779 42.0342 7
      vertex 62 42 7
    endloop
  endfacet
  facet normal 0.0653646 0.997861 0
    outer loop
      vertex 61.4779 42.0342 7
      vertex 62 42 3
      vertex 61.4779 42.0342 3
    endloop
  endfacet
  facet normal -0.0653646 0.997861 0
    outer loop
      vertex 74.5221 42.0342 3
      vertex 74 42 7
      vertex 74.5221 42.0342 7
    endloop
  endfacet
  facet normal -0.0653646 0.997861 0
    outer loop
      vertex 74 42 7
      vertex 74.5221 42.0342 3
      vertex 74 42 3
    endloop
  endfacet
  facet normal 0.195124 0.980779 -0
    outer loop
      vertex 61.4779 42.0342 3
      vertex 60.9647 42.1363 7
      vertex 61.4779 42.0342 7
    endloop
  endfacet
  facet normal 0.195124 0.980779 0
    outer loop
      vertex 60.9647 42.1363 7
      vertex 61.4779 42.0342 3
      vertex 60.9647 42.1363 3
    endloop
  endfacet
  facet normal 0.321498 0.94691 -0
    outer loop
      vertex 60.9647 42.1363 3
      vertex 60.4693 42.3045 7
      vertex 60.9647 42.1363 7
    endloop
  endfacet
  facet normal 0.321498 0.94691 0
    outer loop
      vertex 60.4693 42.3045 7
      vertex 60.9647 42.1363 3
      vertex 60.4693 42.3045 3
    endloop
  endfacet
  facet normal 0.831491 0.555538 0
    outer loop
      vertex 58.8266 43.5649 7
      vertex 58.5359 44 3
      vertex 58.5359 44 7
    endloop
  endfacet
  facet normal 0.831491 0.555538 0
    outer loop
      vertex 58.5359 44 3
      vertex 58.8266 43.5649 7
      vertex 58.8266 43.5649 3
    endloop
  endfacet
  facet normal -0.896898 -0.442238 0
    outer loop
      vertex 77.6955 53.5307 3
      vertex 77.4641 54 7
      vertex 77.4641 54 3
    endloop
  endfacet
  facet normal -0.896898 -0.442238 0
    outer loop
      vertex 77.4641 54 7
      vertex 77.6955 53.5307 3
      vertex 77.6955 53.5307 7
    endloop
  endfacet
  facet normal -0.751842 -0.659343 0
    outer loop
      vertex 77.1734 54.435 3
      vertex 76.8284 54.8284 7
      vertex 76.8284 54.8284 3
    endloop
  endfacet
  facet normal -0.751842 -0.659343 0
    outer loop
      vertex 76.8284 54.8284 7
      vertex 77.1734 54.435 3
      vertex 77.1734 54.435 7
    endloop
  endfacet
  facet normal -0.659343 -0.751842 0
    outer loop
      vertex 76.435 55.1734 3
      vertex 76.8284 54.8284 7
      vertex 76.435 55.1734 7
    endloop
  endfacet
  facet normal -0.659343 -0.751842 -0
    outer loop
      vertex 76.8284 54.8284 7
      vertex 76.435 55.1734 3
      vertex 76.8284 54.8284 3
    endloop
  endfacet
  facet normal -0.555626 -0.831432 0
    outer loop
      vertex 76 55.4641 3
      vertex 76.435 55.1734 7
      vertex 76 55.4641 7
    endloop
  endfacet
  facet normal -0.555626 -0.831432 -0
    outer loop
      vertex 76.435 55.1734 7
      vertex 76 55.4641 3
      vertex 76.435 55.1734 3
    endloop
  endfacet
  facet normal 0.442238 -0.896898 0
    outer loop
      vertex 60 55.4641 3
      vertex 60.4693 55.6955 7
      vertex 60 55.4641 7
    endloop
  endfacet
  facet normal 0.442238 -0.896898 0
    outer loop
      vertex 60.4693 55.6955 7
      vertex 60 55.4641 3
      vertex 60.4693 55.6955 3
    endloop
  endfacet
  facet normal 0.321498 -0.94691 0
    outer loop
      vertex 60.4693 55.6955 3
      vertex 60.9647 55.8637 7
      vertex 60.4693 55.6955 7
    endloop
  endfacet
  facet normal 0.321498 -0.94691 0
    outer loop
      vertex 60.9647 55.8637 7
      vertex 60.4693 55.6955 3
      vertex 60.9647 55.8637 3
    endloop
  endfacet
  facet normal 0.659438 -0.751759 0
    outer loop
      vertex 59.1716 54.8284 3
      vertex 59.5649 55.1734 7
      vertex 59.1716 54.8284 7
    endloop
  endfacet
  facet normal 0.659438 -0.751759 0
    outer loop
      vertex 59.5649 55.1734 7
      vertex 59.1716 54.8284 3
      vertex 59.5649 55.1734 3
    endloop
  endfacet
  facet normal 0.751842 -0.659343 0
    outer loop
      vertex 58.8266 54.435 7
      vertex 59.1716 54.8284 3
      vertex 59.1716 54.8284 7
    endloop
  endfacet
  facet normal 0.751842 -0.659343 0
    outer loop
      vertex 59.1716 54.8284 3
      vertex 58.8266 54.435 7
      vertex 58.8266 54.435 3
    endloop
  endfacet
  facet normal 0.831432 -0.555626 0
    outer loop
      vertex 58.5359 54 7
      vertex 58.8266 54.435 3
      vertex 58.8266 54.435 7
    endloop
  endfacet
  facet normal 0.831432 -0.555626 0
    outer loop
      vertex 58.8266 54.435 3
      vertex 58.5359 54 7
      vertex 58.5359 54 3
    endloop
  endfacet
  facet normal -0.442238 0.896898 0
    outer loop
      vertex 76 42.5359 3
      vertex 75.5307 42.3045 7
      vertex 76 42.5359 7
    endloop
  endfacet
  facet normal -0.442238 0.896898 0
    outer loop
      vertex 75.5307 42.3045 7
      vertex 76 42.5359 3
      vertex 75.5307 42.3045 3
    endloop
  endfacet
  facet normal -0.555626 0.831432 0
    outer loop
      vertex 76.435 42.8266 3
      vertex 76 42.5359 7
      vertex 76.435 42.8266 7
    endloop
  endfacet
  facet normal -0.555626 0.831432 0
    outer loop
      vertex 76 42.5359 7
      vertex 76.435 42.8266 3
      vertex 76 42.5359 3
    endloop
  endfacet
  facet normal -0.831491 0.555538 0
    outer loop
      vertex 77.1734 43.5649 3
      vertex 77.4641 44 7
      vertex 77.4641 44 3
    endloop
  endfacet
  facet normal -0.831491 0.555538 0
    outer loop
      vertex 77.4641 44 7
      vertex 77.1734 43.5649 3
      vertex 77.1734 43.5649 7
    endloop
  endfacet
  facet normal -0.94691 0.321498 0
    outer loop
      vertex 77.6955 44.4693 3
      vertex 77.8637 44.9647 7
      vertex 77.8637 44.9647 3
    endloop
  endfacet
  facet normal -0.94691 0.321498 0
    outer loop
      vertex 77.8637 44.9647 7
      vertex 77.6955 44.4693 3
      vertex 77.6955 44.4693 7
    endloop
  endfacet
  facet normal -0.997861 0.0653646 0
    outer loop
      vertex 77.9658 45.4779 3
      vertex 78 46 7
      vertex 78 46 3
    endloop
  endfacet
  facet normal -0.997861 0.0653646 0
    outer loop
      vertex 78 46 7
      vertex 77.9658 45.4779 3
      vertex 77.9658 45.4779 7
    endloop
  endfacet
  facet normal -0.321498 0.94691 0
    outer loop
      vertex 75.5307 42.3045 3
      vertex 75.0353 42.1363 7
      vertex 75.5307 42.3045 7
    endloop
  endfacet
  facet normal -0.321498 0.94691 0
    outer loop
      vertex 75.0353 42.1363 7
      vertex 75.5307 42.3045 3
      vertex 75.0353 42.1363 3
    endloop
  endfacet
  facet normal 0.555538 0.831491 -0
    outer loop
      vertex 60 42.5359 3
      vertex 59.5649 42.8266 7
      vertex 60 42.5359 7
    endloop
  endfacet
  facet normal 0.555538 0.831491 0
    outer loop
      vertex 59.5649 42.8266 7
      vertex 60 42.5359 3
      vertex 59.5649 42.8266 3
    endloop
  endfacet
  facet normal 0.659438 0.751759 -0
    outer loop
      vertex 59.5649 42.8266 3
      vertex 59.1716 43.1716 7
      vertex 59.5649 42.8266 7
    endloop
  endfacet
  facet normal 0.659438 0.751759 0
    outer loop
      vertex 59.1716 43.1716 7
      vertex 59.5649 42.8266 3
      vertex 59.1716 43.1716 3
    endloop
  endfacet
  facet normal 0.94691 0.321498 0
    outer loop
      vertex 58.3045 44.4693 7
      vertex 58.1363 44.9647 3
      vertex 58.1363 44.9647 7
    endloop
  endfacet
  facet normal 0.94691 0.321498 0
    outer loop
      vertex 58.1363 44.9647 3
      vertex 58.3045 44.4693 7
      vertex 58.3045 44.4693 3
    endloop
  endfacet
  facet normal -0.94691 -0.321498 0
    outer loop
      vertex 77.8637 53.0353 3
      vertex 77.6955 53.5307 7
      vertex 77.6955 53.5307 3
    endloop
  endfacet
  facet normal -0.94691 -0.321498 0
    outer loop
      vertex 77.6955 53.5307 7
      vertex 77.8637 53.0353 3
      vertex 77.8637 53.0353 7
    endloop
  endfacet
  facet normal -0.980779 -0.195124 0
    outer loop
      vertex 77.9658 52.5221 3
      vertex 77.8637 53.0353 7
      vertex 77.8637 53.0353 3
    endloop
  endfacet
  facet normal -0.980779 -0.195124 0
    outer loop
      vertex 77.8637 53.0353 7
      vertex 77.9658 52.5221 3
      vertex 77.9658 52.5221 7
    endloop
  endfacet
  facet normal -0.442238 -0.896898 0
    outer loop
      vertex 75.5307 55.6955 3
      vertex 76 55.4641 7
      vertex 75.5307 55.6955 7
    endloop
  endfacet
  facet normal -0.442238 -0.896898 -0
    outer loop
      vertex 76 55.4641 7
      vertex 75.5307 55.6955 3
      vertex 76 55.4641 3
    endloop
  endfacet
  facet normal 0.896898 -0.442238 0
    outer loop
      vertex 58.3045 53.5307 7
      vertex 58.5359 54 3
      vertex 58.5359 54 7
    endloop
  endfacet
  facet normal 0.896898 -0.442238 0
    outer loop
      vertex 58.5359 54 3
      vertex 58.3045 53.5307 7
      vertex 58.3045 53.5307 3
    endloop
  endfacet
  facet normal -0.751759 0.659438 0
    outer loop
      vertex 76.8284 43.1716 3
      vertex 77.1734 43.5649 7
      vertex 77.1734 43.5649 3
    endloop
  endfacet
  facet normal -0.751759 0.659438 0
    outer loop
      vertex 77.1734 43.5649 7
      vertex 76.8284 43.1716 3
      vertex 76.8284 43.1716 7
    endloop
  endfacet
  facet normal -0.896898 0.442238 0
    outer loop
      vertex 77.4641 44 3
      vertex 77.6955 44.4693 7
      vertex 77.6955 44.4693 3
    endloop
  endfacet
  facet normal -0.896898 0.442238 0
    outer loop
      vertex 77.6955 44.4693 7
      vertex 77.4641 44 3
      vertex 77.4641 44 7
    endloop
  endfacet
  facet normal 0.442238 0.896898 -0
    outer loop
      vertex 60.4693 42.3045 3
      vertex 60 42.5359 7
      vertex 60.4693 42.3045 7
    endloop
  endfacet
  facet normal 0.442238 0.896898 0
    outer loop
      vertex 60 42.5359 7
      vertex 60.4693 42.3045 3
      vertex 60 42.5359 3
    endloop
  endfacet
  facet normal 0.896898 0.442238 0
    outer loop
      vertex 58.5359 44 7
      vertex 58.3045 44.4693 3
      vertex 58.3045 44.4693 7
    endloop
  endfacet
  facet normal 0.896898 0.442238 0
    outer loop
      vertex 58.3045 44.4693 3
      vertex 58.5359 44 7
      vertex 58.5359 44 3
    endloop
  endfacet
  facet normal -0.321498 -0.94691 0
    outer loop
      vertex 75.0353 55.8637 3
      vertex 75.5307 55.6955 7
      vertex 75.0353 55.8637 7
    endloop
  endfacet
  facet normal -0.321498 -0.94691 -0
    outer loop
      vertex 75.5307 55.6955 7
      vertex 75.0353 55.8637 3
      vertex 75.5307 55.6955 3
    endloop
  endfacet
  facet normal -0.164402 -0.986393 0
    outer loop
      vertex 46.4568 31.4701 5
      vertex 58 29.5462 7
      vertex 46.4568 31.4701 7
    endloop
  endfacet
  facet normal -0.164402 -0.986393 -0
    outer loop
      vertex 58 29.5462 7
      vertex 46.4568 31.4701 5
      vertex 58 29.5462 5
    endloop
  endfacet
  facet normal -0.0653156 -0.997865 0
    outer loop
      vertex 46 31.5 5
      vertex 46.4568 31.4701 7
      vertex 46 31.5 7
    endloop
  endfacet
  facet normal -0.0653156 -0.997865 -0
    outer loop
      vertex 46.4568 31.4701 7
      vertex 46 31.5 5
      vertex 46.4568 31.4701 5
    endloop
  endfacet
  facet normal 0 0 1
    outer loop
      vertex 58 29.5462 5
      vertex 57.5432 22.5299 5
      vertex 58 22.5 5
    endloop
  endfacet
  facet normal 0 0 1
    outer loop
      vertex 46 24.4538 5
      vertex 58 29.5462 5
      vertex 46.4568 31.4701 5
    endloop
  endfacet
  facet normal 0 0 1
    outer loop
      vertex 46 24.4538 5
      vertex 46.4568 31.4701 5
      vertex 46 31.5 5
    endloop
  endfacet
  facet normal 0 0 1
    outer loop
      vertex 58 29.5462 5
      vertex 46 24.4538 5
      vertex 57.5432 22.5299 5
    endloop
  endfacet
  facet normal 0.164402 0.986393 -0
    outer loop
      vertex 57.5432 22.5299 5
      vertex 46 24.4538 7
      vertex 57.5432 22.5299 7
    endloop
  endfacet
  facet normal 0.164402 0.986393 0
    outer loop
      vertex 46 24.4538 7
      vertex 57.5432 22.5299 5
      vertex 46 24.4538 5
    endloop
  endfacet
  facet normal 0.0653156 0.997865 -0
    outer loop
      vertex 58 22.5 5
      vertex 57.5432 22.5299 7
      vertex 58 22.5 7
    endloop
  endfacet
  facet normal 0.0653156 0.997865 0
    outer loop
      vertex 57.5432 22.5299 7
      vertex 58 22.5 5
      vertex 57.5432 22.5299 5
    endloop
  endfacet
  facet normal 0.997865 -0.0653156 0
    outer loop
      vertex 20.5 42 7
      vertex 20.5299 42.4568 5
      vertex 20.5299 42.4568 7
    endloop
  endfacet
  facet normal 0.997865 -0.0653156 0
    outer loop
      vertex 20.5299 42.4568 5
      vertex 20.5 42 7
      vertex 20.5 42 5
    endloop
  endfacet
  facet normal 0.0653156 -0.997865 0
    outer loop
      vertex 57.5432 52.4701 5
      vertex 58 52.5 7
      vertex 57.5432 52.4701 7
    endloop
  endfacet
  facet normal 0.0653156 -0.997865 0
    outer loop
      vertex 58 52.5 7
      vertex 57.5432 52.4701 5
      vertex 58 52.5 5
    endloop
  endfacet
  facet normal 0 0 1
    outer loop
      vertex 58 52.5 5
      vertex 58 52 5
      vertex 58.0326 52.4979 5
    endloop
  endfacet
  facet normal -0 0 1
    outer loop
      vertex 57.5432 52.4701 5
      vertex 58 52 5
      vertex 58 52.5 5
    endloop
  endfacet
  facet normal -0 0 1
    outer loop
      vertex 57.0941 52.3807 5
      vertex 58 52 5
      vertex 57.5432 52.4701 5
    endloop
  endfacet
  facet normal 0 0 1
    outer loop
      vertex 58 52 5
      vertex 57.0941 52.3807 5
      vertex 58 46 5
    endloop
  endfacet
  facet normal 0 0 1
    outer loop
      vertex 23.0941 45.3807 5
      vertex 58 46 5
      vertex 57.0941 52.3807 5
    endloop
  endfacet
  facet normal 0 0 1
    outer loop
      vertex 58.0342 45.4779 5
      vertex 24.9059 38.6193 5
      vertex 58.0415 45.4413 5
    endloop
  endfacet
  facet normal 0 -0 1
    outer loop
      vertex 24.9059 38.6193 5
      vertex 58 46 5
      vertex 23.0941 45.3807 5
    endloop
  endfacet
  facet normal 0 0 1
    outer loop
      vertex 58 46 5
      vertex 24.9059 38.6193 5
      vertex 58.0342 45.4779 5
    endloop
  endfacet
  facet normal 0 0 1
    outer loop
      vertex 24.9059 38.6193 5
      vertex 23.0941 45.3807 5
      vertex 24.4568 38.5299 5
    endloop
  endfacet
  facet normal 0 0 1
    outer loop
      vertex 24.4568 38.5299 5
      vertex 23.0941 45.3807 5
      vertex 24 38.5 5
    endloop
  endfacet
  facet normal 0 0 1
    outer loop
      vertex 24 38.5 5
      vertex 23.0941 45.3807 5
      vertex 23.5432 38.5299 5
    endloop
  endfacet
  facet normal 0 0 1
    outer loop
      vertex 23.0941 45.3807 5
      vertex 23.0941 38.6193 5
      vertex 23.5432 38.5299 5
    endloop
  endfacet
  facet normal -0 0 1
    outer loop
      vertex 22.6606 45.2336 5
      vertex 23.0941 38.6193 5
      vertex 23.0941 45.3807 5
    endloop
  endfacet
  facet normal 0 0 1
    outer loop
      vertex 22.6606 45.2336 5
      vertex 22.6606 38.7664 5
      vertex 23.0941 38.6193 5
    endloop
  endfacet
  facet normal -0 0 1
    outer loop
      vertex 22.25 45.0311 5
      vertex 22.6606 38.7664 5
      vertex 22.6606 45.2336 5
    endloop
  endfacet
  facet normal 0 0 1
    outer loop
      vertex 22.25 45.0311 5
      vertex 22.25 38.9689 5
      vertex 22.6606 38.7664 5
    endloop
  endfacet
  facet normal -0 0 1
    outer loop
      vertex 21.8693 44.7767 5
      vertex 22.25 38.9689 5
      vertex 22.25 45.0311 5
    endloop
  endfacet
  facet normal 0 0 1
    outer loop
      vertex 21.8693 44.7767 5
      vertex 21.8693 39.2233 5
      vertex 22.25 38.9689 5
    endloop
  endfacet
  facet normal -0 0 1
    outer loop
      vertex 21.5251 44.4749 5
      vertex 21.8693 39.2233 5
      vertex 21.8693 44.7767 5
    endloop
  endfacet
  facet normal 0 0 1
    outer loop
      vertex 21.5251 44.4749 5
      vertex 21.5251 39.5251 5
      vertex 21.8693 39.2233 5
    endloop
  endfacet
  facet normal -0 0 1
    outer loop
      vertex 21.2233 44.1307 5
      vertex 21.5251 39.5251 5
      vertex 21.5251 44.4749 5
    endloop
  endfacet
  facet normal 0 0 1
    outer loop
      vertex 21.2233 44.1307 5
      vertex 21.2233 39.8693 5
      vertex 21.5251 39.5251 5
    endloop
  endfacet
  facet normal -0 0 1
    outer loop
      vertex 20.9689 43.75 5
      vertex 21.2233 39.8693 5
      vertex 21.2233 44.1307 5
    endloop
  endfacet
  facet normal 0 0 1
    outer loop
      vertex 20.9689 43.75 5
      vertex 20.9689 40.25 5
      vertex 21.2233 39.8693 5
    endloop
  endfacet
  facet normal -0 0 1
    outer loop
      vertex 20.7664 43.3394 5
      vertex 20.9689 40.25 5
      vertex 20.9689 43.75 5
    endloop
  endfacet
  facet normal 0 0 1
    outer loop
      vertex 20.7664 43.3394 5
      vertex 20.7664 40.6606 5
      vertex 20.9689 40.25 5
    endloop
  endfacet
  facet normal -0 0 1
    outer loop
      vertex 20.6193 42.9059 5
      vertex 20.7664 40.6606 5
      vertex 20.7664 43.3394 5
    endloop
  endfacet
  facet normal 0 0 1
    outer loop
      vertex 20.6193 42.9059 5
      vertex 20.6193 41.0941 5
      vertex 20.7664 40.6606 5
    endloop
  endfacet
  facet normal -0 0 1
    outer loop
      vertex 20.5299 42.4568 5
      vertex 20.6193 41.0941 5
      vertex 20.6193 42.9059 5
    endloop
  endfacet
  facet normal 0 0 1
    outer loop
      vertex 20.5299 42.4568 5
      vertex 20.5299 41.5432 5
      vertex 20.6193 41.0941 5
    endloop
  endfacet
  facet normal 0 -0 1
    outer loop
      vertex 20.5299 41.5432 5
      vertex 20.5299 42.4568 5
      vertex 20.5 42 5
    endloop
  endfacet
  facet normal 0.201653 -0.979457 0
    outer loop
      vertex 23.0941 45.3807 5
      vertex 57.0941 52.3807 7
      vertex 23.0941 45.3807 7
    endloop
  endfacet
  facet normal 0.201653 -0.979457 0
    outer loop
      vertex 57.0941 52.3807 7
      vertex 23.0941 45.3807 5
      vertex 57.0941 52.3807 5
    endloop
  endfacet
  facet normal -0.195234 0.980757 0
    outer loop
      vertex 24.9059 38.6193 5
      vertex 24.4568 38.5299 7
      vertex 24.9059 38.6193 7
    endloop
  endfacet
  facet normal -0.195234 0.980757 0
    outer loop
      vertex 24.4568 38.5299 7
      vertex 24.9059 38.6193 5
      vertex 24.4568 38.5299 5
    endloop
  endfacet
  facet normal -0.201652 0.979457 0
    outer loop
      vertex 58.0415 45.4413 5
      vertex 24.9059 38.6193 7
      vertex 58.0415 45.4413 7
    endloop
  endfacet
  facet normal -0.201652 0.979457 0
    outer loop
      vertex 24.9059 38.6193 7
      vertex 58.0415 45.4413 5
      vertex 24.9059 38.6193 5
    endloop
  endfacet
  facet normal 0.997865 0.0653156 0
    outer loop
      vertex 20.5299 41.5432 7
      vertex 20.5 42 5
      vertex 20.5 42 7
    endloop
  endfacet
  facet normal 0.997865 0.0653156 0
    outer loop
      vertex 20.5 42 5
      vertex 20.5299 41.5432 7
      vertex 20.5299 41.5432 5
    endloop
  endfacet
  facet normal 0.195234 -0.980757 0
    outer loop
      vertex 57.0941 52.3807 5
      vertex 57.5432 52.4701 7
      vertex 57.0941 52.3807 7
    endloop
  endfacet
  facet normal 0.195234 -0.980757 0
    outer loop
      vertex 57.5432 52.4701 7
      vertex 57.0941 52.3807 5
      vertex 57.5432 52.4701 5
    endloop
  endfacet
  facet normal 0.659278 0.7519 -0
    outer loop
      vertex 21.8693 39.2233 5
      vertex 21.5251 39.5251 7
      vertex 21.8693 39.2233 7
    endloop
  endfacet
  facet normal 0.659278 0.7519 0
    outer loop
      vertex 21.5251 39.5251 7
      vertex 21.8693 39.2233 5
      vertex 21.5251 39.5251 5
    endloop
  endfacet
  facet normal 0.980757 -0.195234 0
    outer loop
      vertex 20.5299 42.4568 7
      vertex 20.6193 42.9059 5
      vertex 20.6193 42.9059 7
    endloop
  endfacet
  facet normal 0.980757 -0.195234 0
    outer loop
      vertex 20.6193 42.9059 5
      vertex 20.5299 42.4568 7
      vertex 20.5299 42.4568 5
    endloop
  endfacet
  facet normal 0.659278 -0.7519 0
    outer loop
      vertex 21.5251 44.4749 5
      vertex 21.8693 44.7767 7
      vertex 21.5251 44.4749 7
    endloop
  endfacet
  facet normal 0.659278 -0.7519 0
    outer loop
      vertex 21.8693 44.7767 7
      vertex 21.5251 44.4749 5
      vertex 21.8693 44.7767 5
    endloop
  endfacet
  facet normal 0.946966 -0.321335 0
    outer loop
      vertex 20.6193 42.9059 7
      vertex 20.7664 43.3394 5
      vertex 20.7664 43.3394 7
    endloop
  endfacet
  facet normal 0.946966 -0.321335 0
    outer loop
      vertex 20.7664 43.3394 5
      vertex 20.6193 42.9059 7
      vertex 20.6193 42.9059 5
    endloop
  endfacet
  facet normal 0.831445 -0.555607 0
    outer loop
      vertex 20.9689 43.75 7
      vertex 21.2233 44.1307 5
      vertex 21.2233 44.1307 7
    endloop
  endfacet
  facet normal 0.831445 -0.555607 0
    outer loop
      vertex 21.2233 44.1307 5
      vertex 20.9689 43.75 7
      vertex 20.9689 43.75 5
    endloop
  endfacet
  facet normal -0.0642839 -0.997932 0
    outer loop
      vertex 58 52.5 5
      vertex 58.0326 52.4979 7
      vertex 58 52.5 7
    endloop
  endfacet
  facet normal -0.0642839 -0.997932 -0
    outer loop
      vertex 58.0326 52.4979 7
      vertex 58 52.5 5
      vertex 58.0326 52.4979 5
    endloop
  endfacet
  facet normal 0.946966 0.321335 0
    outer loop
      vertex 20.7664 40.6606 7
      vertex 20.6193 41.0941 5
      vertex 20.6193 41.0941 7
    endloop
  endfacet
  facet normal 0.946966 0.321335 0
    outer loop
      vertex 20.6193 41.0941 5
      vertex 20.7664 40.6606 7
      vertex 20.7664 40.6606 5
    endloop
  endfacet
  facet normal 0.89686 0.442314 0
    outer loop
      vertex 20.9689 40.25 7
      vertex 20.7664 40.6606 5
      vertex 20.7664 40.6606 7
    endloop
  endfacet
  facet normal 0.89686 0.442314 0
    outer loop
      vertex 20.7664 40.6606 5
      vertex 20.9689 40.25 7
      vertex 20.9689 40.25 5
    endloop
  endfacet
  facet normal 0.195234 0.980757 -0
    outer loop
      vertex 23.5432 38.5299 5
      vertex 23.0941 38.6193 7
      vertex 23.5432 38.5299 7
    endloop
  endfacet
  facet normal 0.195234 0.980757 0
    outer loop
      vertex 23.0941 38.6193 7
      vertex 23.5432 38.5299 5
      vertex 23.0941 38.6193 5
    endloop
  endfacet
  facet normal 0.555607 -0.831445 0
    outer loop
      vertex 21.8693 44.7767 5
      vertex 22.25 45.0311 7
      vertex 21.8693 44.7767 7
    endloop
  endfacet
  facet normal 0.555607 -0.831445 0
    outer loop
      vertex 22.25 45.0311 7
      vertex 21.8693 44.7767 5
      vertex 22.25 45.0311 5
    endloop
  endfacet
  facet normal 0.7519 -0.659278 0
    outer loop
      vertex 21.2233 44.1307 7
      vertex 21.5251 44.4749 5
      vertex 21.5251 44.4749 7
    endloop
  endfacet
  facet normal 0.7519 -0.659278 0
    outer loop
      vertex 21.5251 44.4749 5
      vertex 21.2233 44.1307 7
      vertex 21.2233 44.1307 5
    endloop
  endfacet
  facet normal 0.89686 -0.442314 0
    outer loop
      vertex 20.7664 43.3394 7
      vertex 20.9689 43.75 5
      vertex 20.9689 43.75 7
    endloop
  endfacet
  facet normal 0.89686 -0.442314 0
    outer loop
      vertex 20.9689 43.75 5
      vertex 20.7664 43.3394 7
      vertex 20.7664 43.3394 5
    endloop
  endfacet
  facet normal 0.980757 0.195234 0
    outer loop
      vertex 20.6193 41.0941 7
      vertex 20.5299 41.5432 5
      vertex 20.5299 41.5432 7
    endloop
  endfacet
  facet normal 0.980757 0.195234 0
    outer loop
      vertex 20.5299 41.5432 5
      vertex 20.6193 41.0941 7
      vertex 20.6193 41.0941 5
    endloop
  endfacet
  facet normal 0.7519 0.659278 0
    outer loop
      vertex 21.5251 39.5251 7
      vertex 21.2233 39.8693 5
      vertex 21.2233 39.8693 7
    endloop
  endfacet
  facet normal 0.7519 0.659278 0
    outer loop
      vertex 21.2233 39.8693 5
      vertex 21.5251 39.5251 7
      vertex 21.5251 39.5251 5
    endloop
  endfacet
  facet normal 0.442314 -0.89686 0
    outer loop
      vertex 22.25 45.0311 5
      vertex 22.6606 45.2336 7
      vertex 22.25 45.0311 7
    endloop
  endfacet
  facet normal 0.442314 -0.89686 0
    outer loop
      vertex 22.6606 45.2336 7
      vertex 22.25 45.0311 5
      vertex 22.6606 45.2336 5
    endloop
  endfacet
  facet normal 0.321335 -0.946966 0
    outer loop
      vertex 22.6606 45.2336 5
      vertex 23.0941 45.3807 7
      vertex 22.6606 45.2336 7
    endloop
  endfacet
  facet normal 0.321335 -0.946966 0
    outer loop
      vertex 23.0941 45.3807 7
      vertex 22.6606 45.2336 5
      vertex 23.0941 45.3807 5
    endloop
  endfacet
  facet normal 0.0653156 0.997865 -0
    outer loop
      vertex 24 38.5 5
      vertex 23.5432 38.5299 7
      vertex 24 38.5 7
    endloop
  endfacet
  facet normal 0.0653156 0.997865 0
    outer loop
      vertex 23.5432 38.5299 7
      vertex 24 38.5 5
      vertex 23.5432 38.5299 5
    endloop
  endfacet
  facet normal 0.442314 0.89686 -0
    outer loop
      vertex 22.6606 38.7664 5
      vertex 22.25 38.9689 7
      vertex 22.6606 38.7664 7
    endloop
  endfacet
  facet normal 0.442314 0.89686 0
    outer loop
      vertex 22.25 38.9689 7
      vertex 22.6606 38.7664 5
      vertex 22.25 38.9689 5
    endloop
  endfacet
  facet normal -0.0653156 0.997865 0
    outer loop
      vertex 24.4568 38.5299 5
      vertex 24 38.5 7
      vertex 24.4568 38.5299 7
    endloop
  endfacet
  facet normal -0.0653156 0.997865 0
    outer loop
      vertex 24 38.5 7
      vertex 24.4568 38.5299 5
      vertex 24 38.5 5
    endloop
  endfacet
  facet normal 0.321335 0.946966 -0
    outer loop
      vertex 23.0941 38.6193 5
      vertex 22.6606 38.7664 7
      vertex 23.0941 38.6193 7
    endloop
  endfacet
  facet normal 0.321335 0.946966 0
    outer loop
      vertex 22.6606 38.7664 7
      vertex 23.0941 38.6193 5
      vertex 22.6606 38.7664 5
    endloop
  endfacet
  facet normal 0.555607 0.831445 -0
    outer loop
      vertex 22.25 38.9689 5
      vertex 21.8693 39.2233 7
      vertex 22.25 38.9689 7
    endloop
  endfacet
  facet normal 0.555607 0.831445 0
    outer loop
      vertex 21.8693 39.2233 7
      vertex 22.25 38.9689 5
      vertex 21.8693 39.2233 5
    endloop
  endfacet
  facet normal 0.831445 0.555607 0
    outer loop
      vertex 21.2233 39.8693 7
      vertex 20.9689 40.25 5
      vertex 20.9689 40.25 7
    endloop
  endfacet
  facet normal 0.831445 0.555607 0
    outer loop
      vertex 20.9689 40.25 5
      vertex 21.2233 39.8693 7
      vertex 21.2233 39.8693 5
    endloop
  endfacet
  facet normal -0.99786 -0.0653877 0
    outer loop
      vertex 9.7 8 3
      vertex 9.68546 8.22189 7
      vertex 9.68546 8.22189 3
    endloop
  endfacet
  facet normal -0.99786 -0.0653877 0
    outer loop
      vertex 9.68546 8.22189 7
      vertex 9.7 8 3
      vertex 9.7 8 7
    endloop
  endfacet
  facet normal 0.0653848 -0.99786 0
    outer loop
      vertex 7.7781 9.68546 3
      vertex 8 9.7 7
      vertex 7.7781 9.68546 7
    endloop
  endfacet
  facet normal 0.0653848 -0.99786 0
    outer loop
      vertex 8 9.7 7
      vertex 7.7781 9.68546 3
      vertex 8 9.7 3
    endloop
  endfacet
  facet normal -0.659342 -0.751844 0
    outer loop
      vertex 9.03489 9.3487 3
      vertex 9.20208 9.20208 7
      vertex 9.03489 9.3487 7
    endloop
  endfacet
  facet normal -0.659342 -0.751844 -0
    outer loop
      vertex 9.20208 9.20208 7
      vertex 9.03489 9.3487 3
      vertex 9.20208 9.20208 3
    endloop
  endfacet
  facet normal 0.751844 -0.659342 0
    outer loop
      vertex 6.6513 9.03489 7
      vertex 6.79792 9.20208 3
      vertex 6.79792 9.20208 7
    endloop
  endfacet
  facet normal 0.751844 -0.659342 0
    outer loop
      vertex 6.79792 9.20208 3
      vertex 6.6513 9.03489 7
      vertex 6.6513 9.03489 3
    endloop
  endfacet
  facet normal 0.442278 -0.896878 0
    outer loop
      vertex 7.15 9.47224 3
      vertex 7.34944 9.57059 7
      vertex 7.15 9.47224 7
    endloop
  endfacet
  facet normal 0.442278 -0.896878 0
    outer loop
      vertex 7.34944 9.57059 7
      vertex 7.15 9.47224 3
      vertex 7.34944 9.57059 3
    endloop
  endfacet
  facet normal -0.831469 0.555572 0
    outer loop
      vertex 9.3487 6.96511 3
      vertex 9.47224 7.15 7
      vertex 9.47224 7.15 3
    endloop
  endfacet
  facet normal -0.831469 0.555572 0
    outer loop
      vertex 9.47224 7.15 7
      vertex 9.3487 6.96511 3
      vertex 9.3487 6.96511 7
    endloop
  endfacet
  facet normal -0.896878 -0.442278 0
    outer loop
      vertex 9.57059 8.65056 3
      vertex 9.47224 8.85 7
      vertex 9.47224 8.85 3
    endloop
  endfacet
  facet normal -0.896878 -0.442278 0
    outer loop
      vertex 9.47224 8.85 7
      vertex 9.57059 8.65056 3
      vertex 9.57059 8.65056 7
    endloop
  endfacet
  facet normal -0.980779 -0.195122 0
    outer loop
      vertex 9.68546 8.22189 3
      vertex 9.64207 8.43999 7
      vertex 9.64207 8.43999 3
    endloop
  endfacet
  facet normal -0.980779 -0.195122 0
    outer loop
      vertex 9.64207 8.43999 7
      vertex 9.68546 8.22189 3
      vertex 9.68546 8.22189 7
    endloop
  endfacet
  facet normal -0.831469 -0.555572 0
    outer loop
      vertex 9.47224 8.85 3
      vertex 9.3487 9.03489 7
      vertex 9.3487 9.03489 3
    endloop
  endfacet
  facet normal -0.831469 -0.555572 0
    outer loop
      vertex 9.3487 9.03489 7
      vertex 9.47224 8.85 3
      vertex 9.47224 8.85 7
    endloop
  endfacet
  facet normal -0.321444 -0.946929 0
    outer loop
      vertex 8.43999 9.64207 3
      vertex 8.65056 9.57059 7
      vertex 8.43999 9.64207 7
    endloop
  endfacet
  facet normal -0.321444 -0.946929 -0
    outer loop
      vertex 8.65056 9.57059 7
      vertex 8.43999 9.64207 3
      vertex 8.65056 9.57059 3
    endloop
  endfacet
  facet normal -0.555572 -0.831469 0
    outer loop
      vertex 8.85 9.47224 3
      vertex 9.03489 9.3487 7
      vertex 8.85 9.47224 7
    endloop
  endfacet
  facet normal -0.555572 -0.831469 -0
    outer loop
      vertex 9.03489 9.3487 7
      vertex 8.85 9.47224 3
      vertex 9.03489 9.3487 3
    endloop
  endfacet
  facet normal 0.946942 -0.321404 0
    outer loop
      vertex 6.35793 8.43999 7
      vertex 6.4294 8.65056 3
      vertex 6.4294 8.65056 7
    endloop
  endfacet
  facet normal 0.946942 -0.321404 0
    outer loop
      vertex 6.4294 8.65056 3
      vertex 6.35793 8.43999 7
      vertex 6.35793 8.43999 3
    endloop
  endfacet
  facet normal 0.89686 -0.442314 0
    outer loop
      vertex 6.4294 8.65056 7
      vertex 6.52776 8.85 3
      vertex 6.52776 8.85 7
    endloop
  endfacet
  facet normal 0.89686 -0.442314 0
    outer loop
      vertex 6.52776 8.85 3
      vertex 6.4294 8.65056 7
      vertex 6.4294 8.65056 3
    endloop
  endfacet
  facet normal 0.99786 -0.0653877 0
    outer loop
      vertex 6.3 8 7
      vertex 6.31454 8.22189 3
      vertex 6.31454 8.22189 7
    endloop
  endfacet
  facet normal 0.99786 -0.0653877 0
    outer loop
      vertex 6.31454 8.22189 3
      vertex 6.3 8 7
      vertex 6.3 8 3
    endloop
  endfacet
  facet normal 0.555572 -0.831469 0
    outer loop
      vertex 6.96511 9.3487 3
      vertex 7.15 9.47224 7
      vertex 6.96511 9.3487 7
    endloop
  endfacet
  facet normal 0.555572 -0.831469 0
    outer loop
      vertex 7.15 9.47224 7
      vertex 6.96511 9.3487 3
      vertex 7.15 9.47224 3
    endloop
  endfacet
  facet normal 0.19513 -0.980777 0
    outer loop
      vertex 7.56001 9.64207 3
      vertex 7.7781 9.68546 7
      vertex 7.56001 9.64207 7
    endloop
  endfacet
  facet normal 0.19513 -0.980777 0
    outer loop
      vertex 7.7781 9.68546 7
      vertex 7.56001 9.64207 3
      vertex 7.7781 9.68546 3
    endloop
  endfacet
  facet normal -0.99786 0.0653848 0
    outer loop
      vertex 9.68546 7.7781 3
      vertex 9.7 8 7
      vertex 9.7 8 3
    endloop
  endfacet
  facet normal -0.99786 0.0653848 0
    outer loop
      vertex 9.7 8 7
      vertex 9.68546 7.7781 3
      vertex 9.68546 7.7781 7
    endloop
  endfacet
  facet normal -0.195122 0.980779 0
    outer loop
      vertex 8.43999 6.35793 3
      vertex 8.22189 6.31454 7
      vertex 8.43999 6.35793 7
    endloop
  endfacet
  facet normal -0.195122 0.980779 0
    outer loop
      vertex 8.22189 6.31454 7
      vertex 8.43999 6.35793 3
      vertex 8.22189 6.31454 3
    endloop
  endfacet
  facet normal -0.946929 -0.321444 0
    outer loop
      vertex 9.64207 8.43999 3
      vertex 9.57059 8.65056 7
      vertex 9.57059 8.65056 3
    endloop
  endfacet
  facet normal -0.946929 -0.321444 0
    outer loop
      vertex 9.57059 8.65056 7
      vertex 9.64207 8.43999 3
      vertex 9.64207 8.43999 7
    endloop
  endfacet
  facet normal -0.751844 -0.659342 0
    outer loop
      vertex 9.3487 9.03489 3
      vertex 9.20208 9.20208 7
      vertex 9.20208 9.20208 3
    endloop
  endfacet
  facet normal -0.751844 -0.659342 0
    outer loop
      vertex 9.20208 9.20208 7
      vertex 9.3487 9.03489 3
      vertex 9.3487 9.03489 7
    endloop
  endfacet
  facet normal -0.195122 -0.980779 0
    outer loop
      vertex 8.22189 9.68546 3
      vertex 8.43999 9.64207 7
      vertex 8.22189 9.68546 7
    endloop
  endfacet
  facet normal -0.195122 -0.980779 -0
    outer loop
      vertex 8.43999 9.64207 7
      vertex 8.22189 9.68546 3
      vertex 8.43999 9.64207 3
    endloop
  endfacet
  facet normal -0.0653877 -0.99786 0
    outer loop
      vertex 8 9.7 3
      vertex 8.22189 9.68546 7
      vertex 8 9.7 7
    endloop
  endfacet
  facet normal -0.0653877 -0.99786 -0
    outer loop
      vertex 8.22189 9.68546 7
      vertex 8 9.7 3
      vertex 8.22189 9.68546 3
    endloop
  endfacet
  facet normal -0.442278 -0.896878 0
    outer loop
      vertex 8.65056 9.57059 3
      vertex 8.85 9.47224 7
      vertex 8.65056 9.57059 7
    endloop
  endfacet
  facet normal -0.442278 -0.896878 -0
    outer loop
      vertex 8.85 9.47224 7
      vertex 8.65056 9.57059 3
      vertex 8.85 9.47224 3
    endloop
  endfacet
  facet normal 0.99786 0.0653848 0
    outer loop
      vertex 6.31454 7.7781 7
      vertex 6.3 8 3
      vertex 6.3 8 7
    endloop
  endfacet
  facet normal 0.99786 0.0653848 0
    outer loop
      vertex 6.3 8 3
      vertex 6.31454 7.7781 7
      vertex 6.31454 7.7781 3
    endloop
  endfacet
  facet normal 0.980779 -0.195122 0
    outer loop
      vertex 6.31454 8.22189 7
      vertex 6.35793 8.43999 3
      vertex 6.35793 8.43999 7
    endloop
  endfacet
  facet normal 0.980779 -0.195122 0
    outer loop
      vertex 6.35793 8.43999 3
      vertex 6.31454 8.22189 7
      vertex 6.31454 8.22189 3
    endloop
  endfacet
  facet normal -0.555572 0.831469 0
    outer loop
      vertex 9.03489 6.6513 3
      vertex 8.85 6.52776 7
      vertex 9.03489 6.6513 7
    endloop
  endfacet
  facet normal -0.555572 0.831469 0
    outer loop
      vertex 8.85 6.52776 7
      vertex 9.03489 6.6513 3
      vertex 8.85 6.52776 3
    endloop
  endfacet
  facet normal -0.946929 0.321444 0
    outer loop
      vertex 9.57059 7.34944 3
      vertex 9.64207 7.56001 7
      vertex 9.64207 7.56001 3
    endloop
  endfacet
  facet normal -0.946929 0.321444 0
    outer loop
      vertex 9.64207 7.56001 7
      vertex 9.57059 7.34944 3
      vertex 9.57059 7.34944 7
    endloop
  endfacet
  facet normal -0.896878 0.442278 0
    outer loop
      vertex 9.47224 7.15 3
      vertex 9.57059 7.34944 7
      vertex 9.57059 7.34944 3
    endloop
  endfacet
  facet normal -0.896878 0.442278 0
    outer loop
      vertex 9.57059 7.34944 7
      vertex 9.47224 7.15 3
      vertex 9.47224 7.15 7
    endloop
  endfacet
  facet normal -0.980777 0.19513 0
    outer loop
      vertex 9.64207 7.56001 3
      vertex 9.68546 7.7781 7
      vertex 9.68546 7.7781 3
    endloop
  endfacet
  facet normal -0.980777 0.19513 0
    outer loop
      vertex 9.68546 7.7781 7
      vertex 9.64207 7.56001 3
      vertex 9.64207 7.56001 7
    endloop
  endfacet
  facet normal 0.831469 0.555572 0
    outer loop
      vertex 6.6513 6.96511 7
      vertex 6.52776 7.15 3
      vertex 6.52776 7.15 7
    endloop
  endfacet
  facet normal 0.831469 0.555572 0
    outer loop
      vertex 6.52776 7.15 3
      vertex 6.6513 6.96511 7
      vertex 6.6513 6.96511 3
    endloop
  endfacet
  facet normal 0.980777 0.19513 0
    outer loop
      vertex 6.35793 7.56001 7
      vertex 6.31454 7.7781 3
      vertex 6.31454 7.7781 7
    endloop
  endfacet
  facet normal 0.980777 0.19513 0
    outer loop
      vertex 6.31454 7.7781 3
      vertex 6.35793 7.56001 7
      vertex 6.35793 7.56001 3
    endloop
  endfacet
  facet normal 0.89686 0.442314 0
    outer loop
      vertex 6.52776 7.15 7
      vertex 6.4294 7.34944 3
      vertex 6.4294 7.34944 7
    endloop
  endfacet
  facet normal 0.89686 0.442314 0
    outer loop
      vertex 6.4294 7.34944 3
      vertex 6.52776 7.15 7
      vertex 6.52776 7.15 3
    endloop
  endfacet
  facet normal -0.442314 0.89686 0
    outer loop
      vertex 8.85 6.52776 3
      vertex 8.65056 6.4294 7
      vertex 8.85 6.52776 7
    endloop
  endfacet
  facet normal -0.442314 0.89686 0
    outer loop
      vertex 8.65056 6.4294 7
      vertex 8.85 6.52776 3
      vertex 8.65056 6.4294 3
    endloop
  endfacet
  facet normal -0.321404 0.946942 0
    outer loop
      vertex 8.65056 6.4294 3
      vertex 8.43999 6.35793 7
      vertex 8.65056 6.4294 7
    endloop
  endfacet
  facet normal -0.321404 0.946942 0
    outer loop
      vertex 8.43999 6.35793 7
      vertex 8.65056 6.4294 3
      vertex 8.43999 6.35793 3
    endloop
  endfacet
  facet normal 0.831469 -0.555572 0
    outer loop
      vertex 6.52776 8.85 7
      vertex 6.6513 9.03489 3
      vertex 6.6513 9.03489 7
    endloop
  endfacet
  facet normal 0.831469 -0.555572 0
    outer loop
      vertex 6.6513 9.03489 3
      vertex 6.52776 8.85 7
      vertex 6.52776 8.85 3
    endloop
  endfacet
  facet normal 0.659342 -0.751844 0
    outer loop
      vertex 6.79792 9.20208 3
      vertex 6.96511 9.3487 7
      vertex 6.79792 9.20208 7
    endloop
  endfacet
  facet normal 0.659342 -0.751844 0
    outer loop
      vertex 6.96511 9.3487 7
      vertex 6.79792 9.20208 3
      vertex 6.96511 9.3487 3
    endloop
  endfacet
  facet normal 0.321444 -0.946929 0
    outer loop
      vertex 7.34944 9.57059 3
      vertex 7.56001 9.64207 7
      vertex 7.34944 9.57059 7
    endloop
  endfacet
  facet normal 0.321444 -0.946929 0
    outer loop
      vertex 7.56001 9.64207 7
      vertex 7.34944 9.57059 3
      vertex 7.56001 9.64207 3
    endloop
  endfacet
  facet normal -0.0653877 0.99786 0
    outer loop
      vertex 8.22189 6.31454 3
      vertex 8 6.3 7
      vertex 8.22189 6.31454 7
    endloop
  endfacet
  facet normal -0.0653877 0.99786 0
    outer loop
      vertex 8 6.3 7
      vertex 8.22189 6.31454 3
      vertex 8 6.3 3
    endloop
  endfacet
  facet normal 0.442314 0.89686 -0
    outer loop
      vertex 7.34944 6.4294 3
      vertex 7.15 6.52776 7
      vertex 7.34944 6.4294 7
    endloop
  endfacet
  facet normal 0.442314 0.89686 0
    outer loop
      vertex 7.15 6.52776 7
      vertex 7.34944 6.4294 3
      vertex 7.15 6.52776 3
    endloop
  endfacet
  facet normal 0.946942 0.321404 0
    outer loop
      vertex 6.4294 7.34944 7
      vertex 6.35793 7.56001 3
      vertex 6.35793 7.56001 7
    endloop
  endfacet
  facet normal 0.946942 0.321404 0
    outer loop
      vertex 6.35793 7.56001 3
      vertex 6.4294 7.34944 7
      vertex 6.4294 7.34944 3
    endloop
  endfacet
  facet normal -0.659342 0.751844 0
    outer loop
      vertex 9.20208 6.79792 3
      vertex 9.03489 6.6513 7
      vertex 9.20208 6.79792 7
    endloop
  endfacet
  facet normal -0.659342 0.751844 0
    outer loop
      vertex 9.03489 6.6513 7
      vertex 9.20208 6.79792 3
      vertex 9.03489 6.6513 3
    endloop
  endfacet
  facet normal -0.751844 0.659342 0
    outer loop
      vertex 9.20208 6.79792 3
      vertex 9.3487 6.96511 7
      vertex 9.3487 6.96511 3
    endloop
  endfacet
  facet normal -0.751844 0.659342 0
    outer loop
      vertex 9.3487 6.96511 7
      vertex 9.20208 6.79792 3
      vertex 9.20208 6.79792 7
    endloop
  endfacet
  facet normal 0.19513 0.980777 -0
    outer loop
      vertex 7.7781 6.31454 3
      vertex 7.56001 6.35793 7
      vertex 7.7781 6.31454 7
    endloop
  endfacet
  facet normal 0.19513 0.980777 0
    outer loop
      vertex 7.56001 6.35793 7
      vertex 7.7781 6.31454 3
      vertex 7.56001 6.35793 3
    endloop
  endfacet
  facet normal 0.321404 0.946942 -0
    outer loop
      vertex 7.56001 6.35793 3
      vertex 7.34944 6.4294 7
      vertex 7.56001 6.35793 7
    endloop
  endfacet
  facet normal 0.321404 0.946942 0
    outer loop
      vertex 7.34944 6.4294 7
      vertex 7.56001 6.35793 3
      vertex 7.34944 6.4294 3
    endloop
  endfacet
  facet normal 0.555572 0.831469 -0
    outer loop
      vertex 7.15 6.52776 3
      vertex 6.96511 6.6513 7
      vertex 7.15 6.52776 7
    endloop
  endfacet
  facet normal 0.555572 0.831469 0
    outer loop
      vertex 6.96511 6.6513 7
      vertex 7.15 6.52776 3
      vertex 6.96511 6.6513 3
    endloop
  endfacet
  facet normal 0.659342 0.751844 -0
    outer loop
      vertex 6.96511 6.6513 3
      vertex 6.79792 6.79792 7
      vertex 6.96511 6.6513 7
    endloop
  endfacet
  facet normal 0.659342 0.751844 0
    outer loop
      vertex 6.79792 6.79792 7
      vertex 6.96511 6.6513 3
      vertex 6.79792 6.79792 3
    endloop
  endfacet
  facet normal 0.751844 0.659342 0
    outer loop
      vertex 6.79792 6.79792 7
      vertex 6.6513 6.96511 3
      vertex 6.6513 6.96511 7
    endloop
  endfacet
  facet normal 0.751844 0.659342 0
    outer loop
      vertex 6.6513 6.96511 3
      vertex 6.79792 6.79792 7
      vertex 6.79792 6.79792 3
    endloop
  endfacet
  facet normal 0.0653848 0.99786 -0
    outer loop
      vertex 8 6.3 3
      vertex 7.7781 6.31454 7
      vertex 8 6.3 7
    endloop
  endfacet
  facet normal 0.0653848 0.99786 0
    outer loop
      vertex 7.7781 6.31454 7
      vertex 8 6.3 3
      vertex 7.7781 6.31454 3
    endloop
  endfacet
  facet normal -0.831552 -0.555447 0
    outer loop
      vertex 93.4722 8.85 3
      vertex 93.3487 9.03489 7
      vertex 93.3487 9.03489 3
    endloop
  endfacet
  facet normal -0.831552 -0.555447 0
    outer loop
      vertex 93.3487 9.03489 7
      vertex 93.4722 8.85 3
      vertex 93.4722 8.85 7
    endloop
  endfacet
  facet normal -0.321403 -0.946943 0
    outer loop
      vertex 92.44 9.64207 3
      vertex 92.6506 9.57059 7
      vertex 92.44 9.64207 7
    endloop
  endfacet
  facet normal -0.321403 -0.946943 -0
    outer loop
      vertex 92.6506 9.57059 7
      vertex 92.44 9.64207 3
      vertex 92.6506 9.57059 3
    endloop
  endfacet
  facet normal 0.442349 -0.896843 0
    outer loop
      vertex 91.15 9.47224 3
      vertex 91.3494 9.57059 7
      vertex 91.15 9.47224 7
    endloop
  endfacet
  facet normal 0.442349 -0.896843 0
    outer loop
      vertex 91.3494 9.57059 7
      vertex 91.15 9.47224 3
      vertex 91.3494 9.57059 3
    endloop
  endfacet
  facet normal 0.946901 -0.321525 0
    outer loop
      vertex 90.3579 8.43999 7
      vertex 90.4294 8.65056 3
      vertex 90.4294 8.65056 7
    endloop
  endfacet
  facet normal 0.946901 -0.321525 0
    outer loop
      vertex 90.4294 8.65056 3
      vertex 90.3579 8.43999 7
      vertex 90.3579 8.43999 3
    endloop
  endfacet
  facet normal -0.980769 0.195173 0
    outer loop
      vertex 93.6421 7.56001 3
      vertex 93.6855 7.7781 7
      vertex 93.6855 7.7781 3
    endloop
  endfacet
  facet normal -0.980769 0.195173 0
    outer loop
      vertex 93.6855 7.7781 7
      vertex 93.6421 7.56001 3
      vertex 93.6421 7.56001 7
    endloop
  endfacet
  facet normal 0.0653848 -0.99786 0
    outer loop
      vertex 91.7781 9.68546 3
      vertex 92 9.7 7
      vertex 91.7781 9.68546 7
    endloop
  endfacet
  facet normal 0.0653848 -0.99786 0
    outer loop
      vertex 92 9.7 7
      vertex 91.7781 9.68546 3
      vertex 92 9.7 3
    endloop
  endfacet
  facet normal -0.442349 -0.896843 0
    outer loop
      vertex 92.6506 9.57059 3
      vertex 92.85 9.47224 7
      vertex 92.6506 9.57059 7
    endloop
  endfacet
  facet normal -0.442349 -0.896843 -0
    outer loop
      vertex 92.85 9.47224 7
      vertex 92.6506 9.57059 3
      vertex 92.85 9.47224 3
    endloop
  endfacet
  facet normal 0.997872 0.0652057 0
    outer loop
      vertex 90.3145 7.7781 7
      vertex 90.3 8 3
      vertex 90.3 8 7
    endloop
  endfacet
  facet normal 0.997872 0.0652057 0
    outer loop
      vertex 90.3 8 3
      vertex 90.3145 7.7781 7
      vertex 90.3145 7.7781 3
    endloop
  endfacet
  facet normal 0.831552 -0.555447 0
    outer loop
      vertex 90.5278 8.85 7
      vertex 90.6513 9.03489 3
      vertex 90.6513 9.03489 7
    endloop
  endfacet
  facet normal 0.831552 -0.555447 0
    outer loop
      vertex 90.6513 9.03489 3
      vertex 90.5278 8.85 7
      vertex 90.5278 8.85 3
    endloop
  endfacet
  facet normal 0.555551 -0.831483 0
    outer loop
      vertex 90.9651 9.3487 3
      vertex 91.15 9.47224 7
      vertex 90.9651 9.3487 7
    endloop
  endfacet
  facet normal 0.555551 -0.831483 0
    outer loop
      vertex 91.15 9.47224 7
      vertex 90.9651 9.3487 3
      vertex 91.15 9.47224 3
    endloop
  endfacet
  facet normal 0.195122 -0.980779 0
    outer loop
      vertex 91.56 9.64207 3
      vertex 91.7781 9.68546 7
      vertex 91.56 9.64207 7
    endloop
  endfacet
  facet normal 0.195122 -0.980779 0
    outer loop
      vertex 91.7781 9.68546 7
      vertex 91.56 9.64207 3
      vertex 91.7781 9.68546 3
    endloop
  endfacet
  facet normal -0.997872 -0.0652086 0
    outer loop
      vertex 93.7 8 3
      vertex 93.6855 8.22189 7
      vertex 93.6855 8.22189 3
    endloop
  endfacet
  facet normal -0.997872 -0.0652086 0
    outer loop
      vertex 93.6855 8.22189 7
      vertex 93.7 8 3
      vertex 93.7 8 7
    endloop
  endfacet
  facet normal -0.946901 0.321525 0
    outer loop
      vertex 93.5706 7.34944 3
      vertex 93.6421 7.56001 7
      vertex 93.6421 7.56001 3
    endloop
  endfacet
  facet normal -0.946901 0.321525 0
    outer loop
      vertex 93.6421 7.56001 7
      vertex 93.5706 7.34944 3
      vertex 93.5706 7.34944 7
    endloop
  endfacet
  facet normal 0.555551 0.831483 -0
    outer loop
      vertex 91.15 6.52776 3
      vertex 90.9651 6.6513 7
      vertex 91.15 6.52776 7
    endloop
  endfacet
  facet normal 0.555551 0.831483 0
    outer loop
      vertex 90.9651 6.6513 7
      vertex 91.15 6.52776 3
      vertex 90.9651 6.6513 3
    endloop
  endfacet
  facet normal 0.831552 0.555447 0
    outer loop
      vertex 90.6513 6.96511 7
      vertex 90.5278 7.15 3
      vertex 90.5278 7.15 7
    endloop
  endfacet
  facet normal 0.831552 0.555447 0
    outer loop
      vertex 90.5278 7.15 3
      vertex 90.6513 6.96511 7
      vertex 90.6513 6.96511 3
    endloop
  endfacet
  facet normal -0.555551 0.831483 0
    outer loop
      vertex 93.0349 6.6513 3
      vertex 92.85 6.52776 7
      vertex 93.0349 6.6513 7
    endloop
  endfacet
  facet normal -0.555551 0.831483 0
    outer loop
      vertex 92.85 6.52776 7
      vertex 93.0349 6.6513 3
      vertex 92.85 6.52776 3
    endloop
  endfacet
  facet normal -0.659319 -0.751863 0
    outer loop
      vertex 93.0349 9.3487 3
      vertex 93.2021 9.20208 7
      vertex 93.0349 9.3487 7
    endloop
  endfacet
  facet normal -0.659319 -0.751863 -0
    outer loop
      vertex 93.2021 9.20208 7
      vertex 93.0349 9.3487 3
      vertex 93.2021 9.20208 3
    endloop
  endfacet
  facet normal -0.751888 -0.659291 0
    outer loop
      vertex 93.3487 9.03489 3
      vertex 93.2021 9.20208 7
      vertex 93.2021 9.20208 3
    endloop
  endfacet
  facet normal -0.751888 -0.659291 0
    outer loop
      vertex 93.2021 9.20208 7
      vertex 93.3487 9.03489 3
      vertex 93.3487 9.03489 7
    endloop
  endfacet
  facet normal -0.195122 -0.980779 0
    outer loop
      vertex 92.2219 9.68546 3
      vertex 92.44 9.64207 7
      vertex 92.2219 9.68546 7
    endloop
  endfacet
  facet normal -0.195122 -0.980779 -0
    outer loop
      vertex 92.44 9.64207 7
      vertex 92.2219 9.68546 3
      vertex 92.44 9.64207 3
    endloop
  endfacet
  facet normal -0.0653848 -0.99786 0
    outer loop
      vertex 92 9.7 3
      vertex 92.2219 9.68546 7
      vertex 92 9.7 7
    endloop
  endfacet
  facet normal -0.0653848 -0.99786 -0
    outer loop
      vertex 92.2219 9.68546 7
      vertex 92 9.7 3
      vertex 92.2219 9.68546 3
    endloop
  endfacet
  facet normal -0.555551 -0.831483 0
    outer loop
      vertex 92.85 9.47224 3
      vertex 93.0349 9.3487 7
      vertex 92.85 9.47224 7
    endloop
  endfacet
  facet normal -0.555551 -0.831483 -0
    outer loop
      vertex 93.0349 9.3487 7
      vertex 92.85 9.47224 3
      vertex 93.0349 9.3487 3
    endloop
  endfacet
  facet normal 0.98077 -0.195165 0
    outer loop
      vertex 90.3145 8.22189 7
      vertex 90.3579 8.43999 3
      vertex 90.3579 8.43999 7
    endloop
  endfacet
  facet normal 0.98077 -0.195165 0
    outer loop
      vertex 90.3579 8.43999 3
      vertex 90.3145 8.22189 7
      vertex 90.3145 8.22189 3
    endloop
  endfacet
  facet normal 0.997872 -0.0652086 0
    outer loop
      vertex 90.3 8 7
      vertex 90.3145 8.22189 3
      vertex 90.3145 8.22189 7
    endloop
  endfacet
  facet normal 0.997872 -0.0652086 0
    outer loop
      vertex 90.3145 8.22189 3
      vertex 90.3 8 7
      vertex 90.3 8 3
    endloop
  endfacet
  facet normal 0.896789 -0.442459 0
    outer loop
      vertex 90.4294 8.65056 7
      vertex 90.5278 8.85 3
      vertex 90.5278 8.85 7
    endloop
  endfacet
  facet normal 0.896789 -0.442459 0
    outer loop
      vertex 90.5278 8.85 3
      vertex 90.4294 8.65056 7
      vertex 90.4294 8.65056 3
    endloop
  endfacet
  facet normal 0.321403 -0.946943 0
    outer loop
      vertex 91.3494 9.57059 3
      vertex 91.56 9.64207 7
      vertex 91.3494 9.57059 7
    endloop
  endfacet
  facet normal 0.321403 -0.946943 0
    outer loop
      vertex 91.56 9.64207 7
      vertex 91.3494 9.57059 3
      vertex 91.56 9.64207 3
    endloop
  endfacet
  facet normal 0.659319 -0.751863 0
    outer loop
      vertex 90.7979 9.20208 3
      vertex 90.9651 9.3487 7
      vertex 90.7979 9.20208 7
    endloop
  endfacet
  facet normal 0.659319 -0.751863 0
    outer loop
      vertex 90.9651 9.3487 7
      vertex 90.7979 9.20208 3
      vertex 90.9651 9.3487 3
    endloop
  endfacet
  facet normal 0.751888 -0.659291 0
    outer loop
      vertex 90.6513 9.03489 7
      vertex 90.7979 9.20208 3
      vertex 90.7979 9.20208 7
    endloop
  endfacet
  facet normal 0.751888 -0.659291 0
    outer loop
      vertex 90.7979 9.20208 3
      vertex 90.6513 9.03489 7
      vertex 90.6513 9.03489 3
    endloop
  endfacet
  facet normal -0.831552 0.555447 0
    outer loop
      vertex 93.3487 6.96511 3
      vertex 93.4722 7.15 7
      vertex 93.4722 7.15 3
    endloop
  endfacet
  facet normal -0.831552 0.555447 0
    outer loop
      vertex 93.4722 7.15 7
      vertex 93.3487 6.96511 3
      vertex 93.3487 6.96511 7
    endloop
  endfacet
  facet normal -0.0653848 0.99786 0
    outer loop
      vertex 92.2219 6.31454 3
      vertex 92 6.3 7
      vertex 92.2219 6.31454 7
    endloop
  endfacet
  facet normal -0.0653848 0.99786 0
    outer loop
      vertex 92 6.3 7
      vertex 92.2219 6.31454 3
      vertex 92 6.3 3
    endloop
  endfacet
  facet normal 0.751888 0.659291 0
    outer loop
      vertex 90.7979 6.79792 7
      vertex 90.6513 6.96511 3
      vertex 90.6513 6.96511 7
    endloop
  endfacet
  facet normal 0.751888 0.659291 0
    outer loop
      vertex 90.6513 6.96511 3
      vertex 90.7979 6.79792 7
      vertex 90.7979 6.79792 3
    endloop
  endfacet
  facet normal -0.195122 0.980779 0
    outer loop
      vertex 92.44 6.35793 3
      vertex 92.2219 6.31454 7
      vertex 92.44 6.35793 7
    endloop
  endfacet
  facet normal -0.195122 0.980779 0
    outer loop
      vertex 92.2219 6.31454 7
      vertex 92.44 6.35793 3
      vertex 92.2219 6.31454 3
    endloop
  endfacet
  facet normal -0.896789 -0.442459 0
    outer loop
      vertex 93.5706 8.65056 3
      vertex 93.4722 8.85 7
      vertex 93.4722 8.85 3
    endloop
  endfacet
  facet normal -0.896789 -0.442459 0
    outer loop
      vertex 93.4722 8.85 7
      vertex 93.5706 8.65056 3
      vertex 93.5706 8.65056 7
    endloop
  endfacet
  facet normal -0.946901 -0.321525 0
    outer loop
      vertex 93.6421 8.43999 3
      vertex 93.5706 8.65056 7
      vertex 93.5706 8.65056 3
    endloop
  endfacet
  facet normal -0.946901 -0.321525 0
    outer loop
      vertex 93.5706 8.65056 7
      vertex 93.6421 8.43999 3
      vertex 93.6421 8.43999 7
    endloop
  endfacet
  facet normal -0.98077 -0.195165 0
    outer loop
      vertex 93.6855 8.22189 3
      vertex 93.6421 8.43999 7
      vertex 93.6421 8.43999 3
    endloop
  endfacet
  facet normal -0.98077 -0.195165 0
    outer loop
      vertex 93.6421 8.43999 7
      vertex 93.6855 8.22189 3
      vertex 93.6855 8.22189 7
    endloop
  endfacet
  facet normal -0.997872 0.0652057 0
    outer loop
      vertex 93.6855 7.7781 3
      vertex 93.7 8 7
      vertex 93.7 8 3
    endloop
  endfacet
  facet normal -0.997872 0.0652057 0
    outer loop
      vertex 93.7 8 7
      vertex 93.6855 7.7781 3
      vertex 93.6855 7.7781 7
    endloop
  endfacet
  facet normal 0.195122 0.980779 -0
    outer loop
      vertex 91.7781 6.31454 3
      vertex 91.56 6.35793 7
      vertex 91.7781 6.31454 7
    endloop
  endfacet
  facet normal 0.195122 0.980779 0
    outer loop
      vertex 91.56 6.35793 7
      vertex 91.7781 6.31454 3
      vertex 91.56 6.35793 3
    endloop
  endfacet
  facet normal 0.896789 0.442459 0
    outer loop
      vertex 90.5278 7.15 7
      vertex 90.4294 7.34944 3
      vertex 90.4294 7.34944 7
    endloop
  endfacet
  facet normal 0.896789 0.442459 0
    outer loop
      vertex 90.4294 7.34944 3
      vertex 90.5278 7.15 7
      vertex 90.5278 7.15 3
    endloop
  endfacet
  facet normal 0.946901 0.321525 0
    outer loop
      vertex 90.4294 7.34944 7
      vertex 90.3579 7.56001 3
      vertex 90.3579 7.56001 7
    endloop
  endfacet
  facet normal 0.946901 0.321525 0
    outer loop
      vertex 90.3579 7.56001 3
      vertex 90.4294 7.34944 7
      vertex 90.4294 7.34944 3
    endloop
  endfacet
  facet normal 0.980769 0.195173 0
    outer loop
      vertex 90.3579 7.56001 7
      vertex 90.3145 7.7781 3
      vertex 90.3145 7.7781 7
    endloop
  endfacet
  facet normal 0.980769 0.195173 0
    outer loop
      vertex 90.3145 7.7781 3
      vertex 90.3579 7.56001 7
      vertex 90.3579 7.56001 3
    endloop
  endfacet
  facet normal 0.659319 0.751863 -0
    outer loop
      vertex 90.9651 6.6513 3
      vertex 90.7979 6.79792 7
      vertex 90.9651 6.6513 7
    endloop
  endfacet
  facet normal 0.659319 0.751863 0
    outer loop
      vertex 90.7979 6.79792 7
      vertex 90.9651 6.6513 3
      vertex 90.7979 6.79792 3
    endloop
  endfacet
  facet normal -0.442386 0.896825 0
    outer loop
      vertex 92.85 6.52776 3
      vertex 92.6506 6.4294 7
      vertex 92.85 6.52776 7
    endloop
  endfacet
  facet normal -0.442386 0.896825 0
    outer loop
      vertex 92.6506 6.4294 7
      vertex 92.85 6.52776 3
      vertex 92.6506 6.4294 3
    endloop
  endfacet
  facet normal -0.321363 0.946956 0
    outer loop
      vertex 92.6506 6.4294 3
      vertex 92.44 6.35793 7
      vertex 92.6506 6.4294 7
    endloop
  endfacet
  facet normal -0.321363 0.946956 0
    outer loop
      vertex 92.44 6.35793 7
      vertex 92.6506 6.4294 3
      vertex 92.44 6.35793 3
    endloop
  endfacet
  facet normal -0.659319 0.751863 0
    outer loop
      vertex 93.2021 6.79792 3
      vertex 93.0349 6.6513 7
      vertex 93.2021 6.79792 7
    endloop
  endfacet
  facet normal -0.659319 0.751863 0
    outer loop
      vertex 93.0349 6.6513 7
      vertex 93.2021 6.79792 3
      vertex 93.0349 6.6513 3
    endloop
  endfacet
  facet normal -0.896789 0.442459 0
    outer loop
      vertex 93.4722 7.15 3
      vertex 93.5706 7.34944 7
      vertex 93.5706 7.34944 3
    endloop
  endfacet
  facet normal -0.896789 0.442459 0
    outer loop
      vertex 93.5706 7.34944 7
      vertex 93.4722 7.15 3
      vertex 93.4722 7.15 7
    endloop
  endfacet
  facet normal 0.0653848 0.99786 -0
    outer loop
      vertex 92 6.3 3
      vertex 91.7781 6.31454 7
      vertex 92 6.3 7
    endloop
  endfacet
  facet normal 0.0653848 0.99786 0
    outer loop
      vertex 91.7781 6.31454 7
      vertex 92 6.3 3
      vertex 91.7781 6.31454 3
    endloop
  endfacet
  facet normal 0.321363 0.946956 -0
    outer loop
      vertex 91.56 6.35793 3
      vertex 91.3494 6.4294 7
      vertex 91.56 6.35793 7
    endloop
  endfacet
  facet normal 0.321363 0.946956 0
    outer loop
      vertex 91.3494 6.4294 7
      vertex 91.56 6.35793 3
      vertex 91.3494 6.4294 3
    endloop
  endfacet
  facet normal -0.751888 0.659291 0
    outer loop
      vertex 93.2021 6.79792 3
      vertex 93.3487 6.96511 7
      vertex 93.3487 6.96511 3
    endloop
  endfacet
  facet normal -0.751888 0.659291 0
    outer loop
      vertex 93.3487 6.96511 7
      vertex 93.2021 6.79792 3
      vertex 93.2021 6.79792 7
    endloop
  endfacet
  facet normal 0.442386 0.896825 -0
    outer loop
      vertex 91.3494 6.4294 3
      vertex 91.15 6.52776 7
      vertex 91.3494 6.4294 7
    endloop
  endfacet
  facet normal 0.442386 0.896825 0
    outer loop
      vertex 91.15 6.52776 7
      vertex 91.3494 6.4294 3
      vertex 91.15 6.52776 3
    endloop
  endfacet
  facet normal -0.99786 -0.0653848 0
    outer loop
      vertex 9.7 62 3
      vertex 9.68546 62.2219 7
      vertex 9.68546 62.2219 3
    endloop
  endfacet
  facet normal -0.99786 -0.0653848 0
    outer loop
      vertex 9.68546 62.2219 7
      vertex 9.7 62 3
      vertex 9.7 62 7
    endloop
  endfacet
  facet normal 0.0652057 -0.997872 0
    outer loop
      vertex 7.7781 63.6855 3
      vertex 8 63.7 7
      vertex 7.7781 63.6855 7
    endloop
  endfacet
  facet normal 0.0652057 -0.997872 0
    outer loop
      vertex 8 63.7 7
      vertex 7.7781 63.6855 3
      vertex 8 63.7 3
    endloop
  endfacet
  facet normal -0.0652086 0.997872 0
    outer loop
      vertex 8.22189 60.3145 3
      vertex 8 60.3 7
      vertex 8.22189 60.3145 7
    endloop
  endfacet
  facet normal -0.0652086 0.997872 0
    outer loop
      vertex 8 60.3 7
      vertex 8.22189 60.3145 3
      vertex 8 60.3 3
    endloop
  endfacet
  facet normal -0.751863 0.659319 0
    outer loop
      vertex 9.20208 60.7979 3
      vertex 9.3487 60.9651 7
      vertex 9.3487 60.9651 3
    endloop
  endfacet
  facet normal -0.751863 0.659319 0
    outer loop
      vertex 9.3487 60.9651 7
      vertex 9.20208 60.7979 3
      vertex 9.20208 60.7979 7
    endloop
  endfacet
  facet normal -0.659291 -0.751888 0
    outer loop
      vertex 9.03489 63.3487 3
      vertex 9.20208 63.2021 7
      vertex 9.03489 63.3487 7
    endloop
  endfacet
  facet normal -0.659291 -0.751888 -0
    outer loop
      vertex 9.20208 63.2021 7
      vertex 9.03489 63.3487 3
      vertex 9.20208 63.2021 3
    endloop
  endfacet
  facet normal 0.751863 -0.659319 0
    outer loop
      vertex 6.6513 63.0349 7
      vertex 6.79792 63.2021 3
      vertex 6.79792 63.2021 7
    endloop
  endfacet
  facet normal 0.751863 -0.659319 0
    outer loop
      vertex 6.79792 63.2021 3
      vertex 6.6513 63.0349 7
      vertex 6.6513 63.0349 3
    endloop
  endfacet
  facet normal 0.442459 -0.896789 0
    outer loop
      vertex 7.15 63.4722 3
      vertex 7.34944 63.5706 7
      vertex 7.15 63.4722 7
    endloop
  endfacet
  facet normal 0.442459 -0.896789 0
    outer loop
      vertex 7.34944 63.5706 7
      vertex 7.15 63.4722 3
      vertex 7.34944 63.5706 3
    endloop
  endfacet
  facet normal -0.896843 -0.442349 0
    outer loop
      vertex 9.57059 62.6506 3
      vertex 9.47224 62.85 7
      vertex 9.47224 62.85 3
    endloop
  endfacet
  facet normal -0.896843 -0.442349 0
    outer loop
      vertex 9.47224 62.85 7
      vertex 9.57059 62.6506 3
      vertex 9.57059 62.6506 7
    endloop
  endfacet
  facet normal -0.980779 -0.195122 0
    outer loop
      vertex 9.68546 62.2219 3
      vertex 9.64207 62.44 7
      vertex 9.64207 62.44 3
    endloop
  endfacet
  facet normal -0.980779 -0.195122 0
    outer loop
      vertex 9.64207 62.44 7
      vertex 9.68546 62.2219 3
      vertex 9.68546 62.2219 7
    endloop
  endfacet
  facet normal -0.831483 -0.555551 0
    outer loop
      vertex 9.47224 62.85 3
      vertex 9.3487 63.0349 7
      vertex 9.3487 63.0349 3
    endloop
  endfacet
  facet normal -0.831483 -0.555551 0
    outer loop
      vertex 9.3487 63.0349 7
      vertex 9.47224 62.85 3
      vertex 9.47224 62.85 7
    endloop
  endfacet
  facet normal -0.321525 -0.946901 0
    outer loop
      vertex 8.43999 63.6421 3
      vertex 8.65056 63.5706 7
      vertex 8.43999 63.6421 7
    endloop
  endfacet
  facet normal -0.321525 -0.946901 -0
    outer loop
      vertex 8.65056 63.5706 7
      vertex 8.43999 63.6421 3
      vertex 8.65056 63.5706 3
    endloop
  endfacet
  facet normal -0.442459 -0.896789 0
    outer loop
      vertex 8.65056 63.5706 3
      vertex 8.85 63.4722 7
      vertex 8.65056 63.5706 7
    endloop
  endfacet
  facet normal -0.442459 -0.896789 -0
    outer loop
      vertex 8.85 63.4722 7
      vertex 8.65056 63.5706 3
      vertex 8.85 63.4722 3
    endloop
  endfacet
  facet normal 0.946956 -0.321363 0
    outer loop
      vertex 6.35793 62.44 7
      vertex 6.4294 62.6506 3
      vertex 6.4294 62.6506 7
    endloop
  endfacet
  facet normal 0.946956 -0.321363 0
    outer loop
      vertex 6.4294 62.6506 3
      vertex 6.35793 62.44 7
      vertex 6.35793 62.44 3
    endloop
  endfacet
  facet normal 0.555447 -0.831552 0
    outer loop
      vertex 6.96511 63.3487 3
      vertex 7.15 63.4722 7
      vertex 6.96511 63.3487 7
    endloop
  endfacet
  facet normal 0.555447 -0.831552 0
    outer loop
      vertex 7.15 63.4722 7
      vertex 6.96511 63.3487 3
      vertex 7.15 63.4722 3
    endloop
  endfacet
  facet normal 0.195173 -0.980769 0
    outer loop
      vertex 7.56001 63.6421 3
      vertex 7.7781 63.6855 7
      vertex 7.56001 63.6421 7
    endloop
  endfacet
  facet normal 0.195173 -0.980769 0
    outer loop
      vertex 7.7781 63.6855 7
      vertex 7.56001 63.6421 3
      vertex 7.7781 63.6855 3
    endloop
  endfacet
  facet normal -0.442459 0.896789 0
    outer loop
      vertex 8.85 60.5278 3
      vertex 8.65056 60.4294 7
      vertex 8.85 60.5278 7
    endloop
  endfacet
  facet normal -0.442459 0.896789 0
    outer loop
      vertex 8.65056 60.4294 7
      vertex 8.85 60.5278 3
      vertex 8.65056 60.4294 3
    endloop
  endfacet
  facet normal -0.946943 -0.321403 0
    outer loop
      vertex 9.64207 62.44 3
      vertex 9.57059 62.6506 7
      vertex 9.57059 62.6506 3
    endloop
  endfacet
  facet normal -0.946943 -0.321403 0
    outer loop
      vertex 9.57059 62.6506 7
      vertex 9.64207 62.44 3
      vertex 9.64207 62.44 7
    endloop
  endfacet
  facet normal -0.751863 -0.659319 0
    outer loop
      vertex 9.3487 63.0349 3
      vertex 9.20208 63.2021 7
      vertex 9.20208 63.2021 3
    endloop
  endfacet
  facet normal -0.751863 -0.659319 0
    outer loop
      vertex 9.20208 63.2021 7
      vertex 9.3487 63.0349 3
      vertex 9.3487 63.0349 7
    endloop
  endfacet
  facet normal -0.195165 -0.98077 0
    outer loop
      vertex 8.22189 63.6855 3
      vertex 8.43999 63.6421 7
      vertex 8.22189 63.6855 7
    endloop
  endfacet
  facet normal -0.195165 -0.98077 -0
    outer loop
      vertex 8.43999 63.6421 7
      vertex 8.22189 63.6855 3
      vertex 8.43999 63.6421 3
    endloop
  endfacet
  facet normal -0.0652086 -0.997872 0
    outer loop
      vertex 8 63.7 3
      vertex 8.22189 63.6855 7
      vertex 8 63.7 7
    endloop
  endfacet
  facet normal -0.0652086 -0.997872 -0
    outer loop
      vertex 8.22189 63.6855 7
      vertex 8 63.7 3
      vertex 8.22189 63.6855 3
    endloop
  endfacet
  facet normal -0.555447 -0.831552 0
    outer loop
      vertex 8.85 63.4722 3
      vertex 9.03489 63.3487 7
      vertex 8.85 63.4722 7
    endloop
  endfacet
  facet normal -0.555447 -0.831552 -0
    outer loop
      vertex 9.03489 63.3487 7
      vertex 8.85 63.4722 3
      vertex 9.03489 63.3487 3
    endloop
  endfacet
  facet normal 0.896825 -0.442386 0
    outer loop
      vertex 6.4294 62.6506 7
      vertex 6.52776 62.85 3
      vertex 6.52776 62.85 7
    endloop
  endfacet
  facet normal 0.896825 -0.442386 0
    outer loop
      vertex 6.52776 62.85 3
      vertex 6.4294 62.6506 7
      vertex 6.4294 62.6506 3
    endloop
  endfacet
  facet normal 0.831483 -0.555551 0
    outer loop
      vertex 6.52776 62.85 7
      vertex 6.6513 63.0349 3
      vertex 6.6513 63.0349 7
    endloop
  endfacet
  facet normal 0.831483 -0.555551 0
    outer loop
      vertex 6.6513 63.0349 3
      vertex 6.52776 62.85 7
      vertex 6.52776 62.85 3
    endloop
  endfacet
  facet normal 0.980779 -0.195122 0
    outer loop
      vertex 6.31454 62.2219 7
      vertex 6.35793 62.44 3
      vertex 6.35793 62.44 7
    endloop
  endfacet
  facet normal 0.980779 -0.195122 0
    outer loop
      vertex 6.35793 62.44 3
      vertex 6.31454 62.2219 7
      vertex 6.31454 62.2219 3
    endloop
  endfacet
  facet normal 0.99786 -0.0653848 0
    outer loop
      vertex 6.3 62 7
      vertex 6.31454 62.2219 3
      vertex 6.31454 62.2219 7
    endloop
  endfacet
  facet normal 0.99786 -0.0653848 0
    outer loop
      vertex 6.31454 62.2219 3
      vertex 6.3 62 7
      vertex 6.3 62 3
    endloop
  endfacet
  facet normal 0.99786 0.0653848 0
    outer loop
      vertex 6.31454 61.7781 7
      vertex 6.3 62 3
      vertex 6.3 62 7
    endloop
  endfacet
  facet normal 0.99786 0.0653848 0
    outer loop
      vertex 6.3 62 3
      vertex 6.31454 61.7781 7
      vertex 6.31454 61.7781 3
    endloop
  endfacet
  facet normal 0.659291 -0.751888 0
    outer loop
      vertex 6.79792 63.2021 3
      vertex 6.96511 63.3487 7
      vertex 6.79792 63.2021 7
    endloop
  endfacet
  facet normal 0.659291 -0.751888 0
    outer loop
      vertex 6.96511 63.3487 7
      vertex 6.79792 63.2021 3
      vertex 6.96511 63.3487 3
    endloop
  endfacet
  facet normal 0.321525 -0.946901 0
    outer loop
      vertex 7.34944 63.5706 3
      vertex 7.56001 63.6421 7
      vertex 7.34944 63.5706 7
    endloop
  endfacet
  facet normal 0.321525 -0.946901 0
    outer loop
      vertex 7.56001 63.6421 7
      vertex 7.34944 63.5706 3
      vertex 7.56001 63.6421 3
    endloop
  endfacet
  facet normal -0.946943 0.321403 0
    outer loop
      vertex 9.57059 61.3494 3
      vertex 9.64207 61.56 7
      vertex 9.64207 61.56 3
    endloop
  endfacet
  facet normal -0.946943 0.321403 0
    outer loop
      vertex 9.64207 61.56 7
      vertex 9.57059 61.3494 3
      vertex 9.57059 61.3494 7
    endloop
  endfacet
  facet normal -0.980779 0.195122 0
    outer loop
      vertex 9.64207 61.56 3
      vertex 9.68546 61.7781 7
      vertex 9.68546 61.7781 3
    endloop
  endfacet
  facet normal -0.980779 0.195122 0
    outer loop
      vertex 9.68546 61.7781 7
      vertex 9.64207 61.56 3
      vertex 9.64207 61.56 7
    endloop
  endfacet
  facet normal 0.555447 0.831552 -0
    outer loop
      vertex 7.15 60.5278 3
      vertex 6.96511 60.6513 7
      vertex 7.15 60.5278 7
    endloop
  endfacet
  facet normal 0.555447 0.831552 0
    outer loop
      vertex 6.96511 60.6513 7
      vertex 7.15 60.5278 3
      vertex 6.96511 60.6513 3
    endloop
  endfacet
  facet normal 0.831483 0.555551 0
    outer loop
      vertex 6.6513 60.9651 7
      vertex 6.52776 61.15 3
      vertex 6.52776 61.15 7
    endloop
  endfacet
  facet normal 0.831483 0.555551 0
    outer loop
      vertex 6.52776 61.15 3
      vertex 6.6513 60.9651 7
      vertex 6.6513 60.9651 3
    endloop
  endfacet
  facet normal 0.751863 0.659319 0
    outer loop
      vertex 6.79792 60.7979 7
      vertex 6.6513 60.9651 3
      vertex 6.6513 60.9651 7
    endloop
  endfacet
  facet normal 0.751863 0.659319 0
    outer loop
      vertex 6.6513 60.9651 3
      vertex 6.79792 60.7979 7
      vertex 6.79792 60.7979 3
    endloop
  endfacet
  facet normal 0.980779 0.195122 0
    outer loop
      vertex 6.35793 61.56 7
      vertex 6.31454 61.7781 3
      vertex 6.31454 61.7781 7
    endloop
  endfacet
  facet normal 0.980779 0.195122 0
    outer loop
      vertex 6.31454 61.7781 3
      vertex 6.35793 61.56 7
      vertex 6.35793 61.56 3
    endloop
  endfacet
  facet normal -0.555447 0.831552 0
    outer loop
      vertex 9.03489 60.6513 3
      vertex 8.85 60.5278 7
      vertex 9.03489 60.6513 7
    endloop
  endfacet
  facet normal -0.555447 0.831552 0
    outer loop
      vertex 8.85 60.5278 7
      vertex 9.03489 60.6513 3
      vertex 8.85 60.5278 3
    endloop
  endfacet
  facet normal -0.831483 0.555551 0
    outer loop
      vertex 9.3487 60.9651 3
      vertex 9.47224 61.15 7
      vertex 9.47224 61.15 3
    endloop
  endfacet
  facet normal -0.831483 0.555551 0
    outer loop
      vertex 9.47224 61.15 7
      vertex 9.3487 60.9651 3
      vertex 9.3487 60.9651 7
    endloop
  endfacet
  facet normal -0.99786 0.0653848 0
    outer loop
      vertex 9.68546 61.7781 3
      vertex 9.7 62 7
      vertex 9.7 62 3
    endloop
  endfacet
  facet normal -0.99786 0.0653848 0
    outer loop
      vertex 9.7 62 7
      vertex 9.68546 61.7781 3
      vertex 9.68546 61.7781 7
    endloop
  endfacet
  facet normal 0.195173 0.980769 -0
    outer loop
      vertex 7.7781 60.3145 3
      vertex 7.56001 60.3579 7
      vertex 7.7781 60.3145 7
    endloop
  endfacet
  facet normal 0.195173 0.980769 0
    outer loop
      vertex 7.56001 60.3579 7
      vertex 7.7781 60.3145 3
      vertex 7.56001 60.3579 3
    endloop
  endfacet
  facet normal 0.659291 0.751888 -0
    outer loop
      vertex 6.96511 60.6513 3
      vertex 6.79792 60.7979 7
      vertex 6.96511 60.6513 7
    endloop
  endfacet
  facet normal 0.659291 0.751888 0
    outer loop
      vertex 6.79792 60.7979 7
      vertex 6.96511 60.6513 3
      vertex 6.79792 60.7979 3
    endloop
  endfacet
  facet normal 0.946956 0.321363 0
    outer loop
      vertex 6.4294 61.3494 7
      vertex 6.35793 61.56 3
      vertex 6.35793 61.56 7
    endloop
  endfacet
  facet normal 0.946956 0.321363 0
    outer loop
      vertex 6.35793 61.56 3
      vertex 6.4294 61.3494 7
      vertex 6.4294 61.3494 3
    endloop
  endfacet
  facet normal 0.896825 0.442386 0
    outer loop
      vertex 6.52776 61.15 7
      vertex 6.4294 61.3494 3
      vertex 6.4294 61.3494 7
    endloop
  endfacet
  facet normal 0.896825 0.442386 0
    outer loop
      vertex 6.4294 61.3494 3
      vertex 6.52776 61.15 7
      vertex 6.52776 61.15 3
    endloop
  endfacet
  facet normal -0.659291 0.751888 0
    outer loop
      vertex 9.20208 60.7979 3
      vertex 9.03489 60.6513 7
      vertex 9.20208 60.7979 7
    endloop
  endfacet
  facet normal -0.659291 0.751888 0
    outer loop
      vertex 9.03489 60.6513 7
      vertex 9.20208 60.7979 3
      vertex 9.03489 60.6513 3
    endloop
  endfacet
  facet normal -0.321525 0.946901 0
    outer loop
      vertex 8.65056 60.4294 3
      vertex 8.43999 60.3579 7
      vertex 8.65056 60.4294 7
    endloop
  endfacet
  facet normal -0.321525 0.946901 0
    outer loop
      vertex 8.43999 60.3579 7
      vertex 8.65056 60.4294 3
      vertex 8.43999 60.3579 3
    endloop
  endfacet
  facet normal -0.195165 0.98077 0
    outer loop
      vertex 8.43999 60.3579 3
      vertex 8.22189 60.3145 7
      vertex 8.43999 60.3579 7
    endloop
  endfacet
  facet normal -0.195165 0.98077 0
    outer loop
      vertex 8.22189 60.3145 7
      vertex 8.43999 60.3579 3
      vertex 8.22189 60.3145 3
    endloop
  endfacet
  facet normal -0.896843 0.442349 0
    outer loop
      vertex 9.47224 61.15 3
      vertex 9.57059 61.3494 7
      vertex 9.57059 61.3494 3
    endloop
  endfacet
  facet normal -0.896843 0.442349 0
    outer loop
      vertex 9.57059 61.3494 7
      vertex 9.47224 61.15 3
      vertex 9.47224 61.15 7
    endloop
  endfacet
  facet normal 0.0652057 0.997872 -0
    outer loop
      vertex 8 60.3 3
      vertex 7.7781 60.3145 7
      vertex 8 60.3 7
    endloop
  endfacet
  facet normal 0.0652057 0.997872 0
    outer loop
      vertex 7.7781 60.3145 7
      vertex 8 60.3 3
      vertex 7.7781 60.3145 3
    endloop
  endfacet
  facet normal 0.321525 0.946901 -0
    outer loop
      vertex 7.56001 60.3579 3
      vertex 7.34944 60.4294 7
      vertex 7.56001 60.3579 7
    endloop
  endfacet
  facet normal 0.321525 0.946901 0
    outer loop
      vertex 7.34944 60.4294 7
      vertex 7.56001 60.3579 3
      vertex 7.34944 60.4294 3
    endloop
  endfacet
  facet normal 0.442459 0.896789 -0
    outer loop
      vertex 7.34944 60.4294 3
      vertex 7.15 60.5278 7
      vertex 7.34944 60.4294 7
    endloop
  endfacet
  facet normal 0.442459 0.896789 0
    outer loop
      vertex 7.15 60.5278 7
      vertex 7.34944 60.4294 3
      vertex 7.15 60.5278 3
    endloop
  endfacet
  facet normal -0.997872 -0.0652057 0
    outer loop
      vertex 93.7 62 3
      vertex 93.6855 62.2219 7
      vertex 93.6855 62.2219 3
    endloop
  endfacet
  facet normal -0.997872 -0.0652057 0
    outer loop
      vertex 93.6855 62.2219 7
      vertex 93.7 62 3
      vertex 93.7 62 7
    endloop
  endfacet
  facet normal 0.0652057 -0.997872 0
    outer loop
      vertex 91.7781 63.6855 3
      vertex 92 63.7 7
      vertex 91.7781 63.6855 7
    endloop
  endfacet
  facet normal 0.0652057 -0.997872 0
    outer loop
      vertex 92 63.7 7
      vertex 91.7781 63.6855 3
      vertex 92 63.7 3
    endloop
  endfacet
  facet normal -0.0652057 0.997872 0
    outer loop
      vertex 92.2219 60.3145 3
      vertex 92 60.3 7
      vertex 92.2219 60.3145 7
    endloop
  endfacet
  facet normal -0.0652057 0.997872 0
    outer loop
      vertex 92 60.3 7
      vertex 92.2219 60.3145 3
      vertex 92 60.3 3
    endloop
  endfacet
  facet normal -0.751908 0.659268 0
    outer loop
      vertex 93.2021 60.7979 3
      vertex 93.3487 60.9651 7
      vertex 93.3487 60.9651 3
    endloop
  endfacet
  facet normal -0.751908 0.659268 0
    outer loop
      vertex 93.3487 60.9651 7
      vertex 93.2021 60.7979 3
      vertex 93.2021 60.7979 7
    endloop
  endfacet
  facet normal -0.659268 -0.751908 0
    outer loop
      vertex 93.0349 63.3487 3
      vertex 93.2021 63.2021 7
      vertex 93.0349 63.3487 7
    endloop
  endfacet
  facet normal -0.659268 -0.751908 -0
    outer loop
      vertex 93.2021 63.2021 7
      vertex 93.0349 63.3487 3
      vertex 93.2021 63.2021 3
    endloop
  endfacet
  facet normal 0.751908 -0.659268 0
    outer loop
      vertex 90.6513 63.0349 7
      vertex 90.7979 63.2021 3
      vertex 90.7979 63.2021 7
    endloop
  endfacet
  facet normal 0.751908 -0.659268 0
    outer loop
      vertex 90.7979 63.2021 3
      vertex 90.6513 63.0349 7
      vertex 90.6513 63.0349 3
    endloop
  endfacet
  facet normal 0.44253 -0.896754 0
    outer loop
      vertex 91.15 63.4722 3
      vertex 91.3494 63.5706 7
      vertex 91.15 63.4722 7
    endloop
  endfacet
  facet normal 0.44253 -0.896754 0
    outer loop
      vertex 91.3494 63.5706 7
      vertex 91.15 63.4722 3
      vertex 91.3494 63.5706 3
    endloop
  endfacet
  facet normal -0.896754 -0.44253 0
    outer loop
      vertex 93.5706 62.6506 3
      vertex 93.4722 62.85 7
      vertex 93.4722 62.85 3
    endloop
  endfacet
  facet normal -0.896754 -0.44253 0
    outer loop
      vertex 93.4722 62.85 7
      vertex 93.5706 62.6506 3
      vertex 93.5706 62.6506 7
    endloop
  endfacet
  facet normal -0.98077 -0.195165 0
    outer loop
      vertex 93.6855 62.2219 3
      vertex 93.6421 62.44 7
      vertex 93.6421 62.44 3
    endloop
  endfacet
  facet normal -0.98077 -0.195165 0
    outer loop
      vertex 93.6421 62.44 7
      vertex 93.6855 62.2219 3
      vertex 93.6855 62.2219 7
    endloop
  endfacet
  facet normal -0.831566 -0.555426 0
    outer loop
      vertex 93.4722 62.85 3
      vertex 93.3487 63.0349 7
      vertex 93.3487 63.0349 3
    endloop
  endfacet
  facet normal -0.831566 -0.555426 0
    outer loop
      vertex 93.3487 63.0349 7
      vertex 93.4722 62.85 3
      vertex 93.4722 62.85 7
    endloop
  endfacet
  facet normal -0.321484 -0.946915 0
    outer loop
      vertex 92.44 63.6421 3
      vertex 92.6506 63.5706 7
      vertex 92.44 63.6421 7
    endloop
  endfacet
  facet normal -0.321484 -0.946915 -0
    outer loop
      vertex 92.6506 63.5706 7
      vertex 92.44 63.6421 3
      vertex 92.6506 63.5706 3
    endloop
  endfacet
  facet normal -0.44253 -0.896754 0
    outer loop
      vertex 92.6506 63.5706 3
      vertex 92.85 63.4722 7
      vertex 92.6506 63.5706 7
    endloop
  endfacet
  facet normal -0.44253 -0.896754 -0
    outer loop
      vertex 92.85 63.4722 7
      vertex 92.6506 63.5706 3
      vertex 92.85 63.4722 3
    endloop
  endfacet
  facet normal 0.946915 -0.321484 0
    outer loop
      vertex 90.3579 62.44 7
      vertex 90.4294 62.6506 3
      vertex 90.4294 62.6506 7
    endloop
  endfacet
  facet normal 0.946915 -0.321484 0
    outer loop
      vertex 90.4294 62.6506 3
      vertex 90.3579 62.44 7
      vertex 90.3579 62.44 3
    endloop
  endfacet
  facet normal 0.896754 -0.44253 0
    outer loop
      vertex 90.4294 62.6506 7
      vertex 90.5278 62.85 3
      vertex 90.5278 62.85 7
    endloop
  endfacet
  facet normal 0.896754 -0.44253 0
    outer loop
      vertex 90.5278 62.85 3
      vertex 90.4294 62.6506 7
      vertex 90.4294 62.6506 3
    endloop
  endfacet
  facet normal 0.555426 -0.831566 0
    outer loop
      vertex 90.9651 63.3487 3
      vertex 91.15 63.4722 7
      vertex 90.9651 63.3487 7
    endloop
  endfacet
  facet normal 0.555426 -0.831566 0
    outer loop
      vertex 91.15 63.4722 7
      vertex 90.9651 63.3487 3
      vertex 91.15 63.4722 3
    endloop
  endfacet
  facet normal 0.195165 -0.98077 0
    outer loop
      vertex 91.56 63.6421 3
      vertex 91.7781 63.6855 7
      vertex 91.56 63.6421 7
    endloop
  endfacet
  facet normal 0.195165 -0.98077 0
    outer loop
      vertex 91.7781 63.6855 7
      vertex 91.56 63.6421 3
      vertex 91.7781 63.6855 3
    endloop
  endfacet
  facet normal -0.195165 0.98077 0
    outer loop
      vertex 92.44 60.3579 3
      vertex 92.2219 60.3145 7
      vertex 92.44 60.3579 7
    endloop
  endfacet
  facet normal -0.195165 0.98077 0
    outer loop
      vertex 92.2219 60.3145 7
      vertex 92.44 60.3579 3
      vertex 92.2219 60.3145 3
    endloop
  endfacet
  facet normal -0.946915 -0.321484 0
    outer loop
      vertex 93.6421 62.44 3
      vertex 93.5706 62.6506 7
      vertex 93.5706 62.6506 3
    endloop
  endfacet
  facet normal -0.946915 -0.321484 0
    outer loop
      vertex 93.5706 62.6506 7
      vertex 93.6421 62.44 3
      vertex 93.6421 62.44 7
    endloop
  endfacet
  facet normal -0.751908 -0.659268 0
    outer loop
      vertex 93.3487 63.0349 3
      vertex 93.2021 63.2021 7
      vertex 93.2021 63.2021 3
    endloop
  endfacet
  facet normal -0.751908 -0.659268 0
    outer loop
      vertex 93.2021 63.2021 7
      vertex 93.3487 63.0349 3
      vertex 93.3487 63.0349 7
    endloop
  endfacet
  facet normal -0.195165 -0.98077 0
    outer loop
      vertex 92.2219 63.6855 3
      vertex 92.44 63.6421 7
      vertex 92.2219 63.6855 7
    endloop
  endfacet
  facet normal -0.195165 -0.98077 -0
    outer loop
      vertex 92.44 63.6421 7
      vertex 92.2219 63.6855 3
      vertex 92.44 63.6421 3
    endloop
  endfacet
  facet normal -0.0652057 -0.997872 0
    outer loop
      vertex 92 63.7 3
      vertex 92.2219 63.6855 7
      vertex 92 63.7 7
    endloop
  endfacet
  facet normal -0.0652057 -0.997872 -0
    outer loop
      vertex 92.2219 63.6855 7
      vertex 92 63.7 3
      vertex 92.2219 63.6855 3
    endloop
  endfacet
  facet normal -0.555426 -0.831566 0
    outer loop
      vertex 92.85 63.4722 3
      vertex 93.0349 63.3487 7
      vertex 92.85 63.4722 7
    endloop
  endfacet
  facet normal -0.555426 -0.831566 -0
    outer loop
      vertex 93.0349 63.3487 7
      vertex 92.85 63.4722 3
      vertex 93.0349 63.3487 3
    endloop
  endfacet
  facet normal 0.997872 -0.0652057 0
    outer loop
      vertex 90.3 62 7
      vertex 90.3145 62.2219 3
      vertex 90.3145 62.2219 7
    endloop
  endfacet
  facet normal 0.997872 -0.0652057 0
    outer loop
      vertex 90.3145 62.2219 3
      vertex 90.3 62 7
      vertex 90.3 62 3
    endloop
  endfacet
  facet normal 0.997872 0.0652057 0
    outer loop
      vertex 90.3145 61.7781 7
      vertex 90.3 62 3
      vertex 90.3 62 7
    endloop
  endfacet
  facet normal 0.997872 0.0652057 0
    outer loop
      vertex 90.3 62 3
      vertex 90.3145 61.7781 7
      vertex 90.3145 61.7781 3
    endloop
  endfacet
  facet normal 0.321484 -0.946915 0
    outer loop
      vertex 91.3494 63.5706 3
      vertex 91.56 63.6421 7
      vertex 91.3494 63.5706 7
    endloop
  endfacet
  facet normal 0.321484 -0.946915 0
    outer loop
      vertex 91.56 63.6421 7
      vertex 91.3494 63.5706 3
      vertex 91.56 63.6421 3
    endloop
  endfacet
  facet normal -0.946915 0.321484 0
    outer loop
      vertex 93.5706 61.3494 3
      vertex 93.6421 61.56 7
      vertex 93.6421 61.56 3
    endloop
  endfacet
  facet normal -0.946915 0.321484 0
    outer loop
      vertex 93.6421 61.56 7
      vertex 93.5706 61.3494 3
      vertex 93.5706 61.3494 7
    endloop
  endfacet
  facet normal -0.98077 0.195165 0
    outer loop
      vertex 93.6421 61.56 3
      vertex 93.6855 61.7781 7
      vertex 93.6855 61.7781 3
    endloop
  endfacet
  facet normal -0.98077 0.195165 0
    outer loop
      vertex 93.6855 61.7781 7
      vertex 93.6421 61.56 3
      vertex 93.6421 61.56 7
    endloop
  endfacet
  facet normal 0.831566 0.555426 0
    outer loop
      vertex 90.6513 60.9651 7
      vertex 90.5278 61.15 3
      vertex 90.5278 61.15 7
    endloop
  endfacet
  facet normal 0.831566 0.555426 0
    outer loop
      vertex 90.5278 61.15 3
      vertex 90.6513 60.9651 7
      vertex 90.6513 60.9651 3
    endloop
  endfacet
  facet normal 0.98077 0.195165 0
    outer loop
      vertex 90.3579 61.56 7
      vertex 90.3145 61.7781 3
      vertex 90.3145 61.7781 7
    endloop
  endfacet
  facet normal 0.98077 0.195165 0
    outer loop
      vertex 90.3145 61.7781 3
      vertex 90.3579 61.56 7
      vertex 90.3579 61.56 3
    endloop
  endfacet
  facet normal -0.555426 0.831566 0
    outer loop
      vertex 93.0349 60.6513 3
      vertex 92.85 60.5278 7
      vertex 93.0349 60.6513 7
    endloop
  endfacet
  facet normal -0.555426 0.831566 0
    outer loop
      vertex 92.85 60.5278 7
      vertex 93.0349 60.6513 3
      vertex 92.85 60.5278 3
    endloop
  endfacet
  facet normal -0.44253 0.896754 0
    outer loop
      vertex 92.85 60.5278 3
      vertex 92.6506 60.4294 7
      vertex 92.85 60.5278 7
    endloop
  endfacet
  facet normal -0.44253 0.896754 0
    outer loop
      vertex 92.6506 60.4294 7
      vertex 92.85 60.5278 3
      vertex 92.6506 60.4294 3
    endloop
  endfacet
  facet normal 0.831566 -0.555426 0
    outer loop
      vertex 90.5278 62.85 7
      vertex 90.6513 63.0349 3
      vertex 90.6513 63.0349 7
    endloop
  endfacet
  facet normal 0.831566 -0.555426 0
    outer loop
      vertex 90.6513 63.0349 3
      vertex 90.5278 62.85 7
      vertex 90.5278 62.85 3
    endloop
  endfacet
  facet normal 0.98077 -0.195165 0
    outer loop
      vertex 90.3145 62.2219 7
      vertex 90.3579 62.44 3
      vertex 90.3579 62.44 7
    endloop
  endfacet
  facet normal 0.98077 -0.195165 0
    outer loop
      vertex 90.3579 62.44 3
      vertex 90.3145 62.2219 7
      vertex 90.3145 62.2219 3
    endloop
  endfacet
  facet normal 0.659268 -0.751908 0
    outer loop
      vertex 90.7979 63.2021 3
      vertex 90.9651 63.3487 7
      vertex 90.7979 63.2021 7
    endloop
  endfacet
  facet normal 0.659268 -0.751908 0
    outer loop
      vertex 90.9651 63.3487 7
      vertex 90.7979 63.2021 3
      vertex 90.9651 63.3487 3
    endloop
  endfacet
  facet normal -0.831566 0.555426 0
    outer loop
      vertex 93.3487 60.9651 3
      vertex 93.4722 61.15 7
      vertex 93.4722 61.15 3
    endloop
  endfacet
  facet normal -0.831566 0.555426 0
    outer loop
      vertex 93.4722 61.15 7
      vertex 93.3487 60.9651 3
      vertex 93.3487 60.9651 7
    endloop
  endfacet
  facet normal -0.997872 0.0652057 0
    outer loop
      vertex 93.6855 61.7781 3
      vertex 93.7 62 7
      vertex 93.7 62 3
    endloop
  endfacet
  facet normal -0.997872 0.0652057 0
    outer loop
      vertex 93.7 62 7
      vertex 93.6855 61.7781 3
      vertex 93.6855 61.7781 7
    endloop
  endfacet
  facet normal 0.195165 0.98077 -0
    outer loop
      vertex 91.7781 60.3145 3
      vertex 91.56 60.3579 7
      vertex 91.7781 60.3145 7
    endloop
  endfacet
  facet normal 0.195165 0.98077 0
    outer loop
      vertex 91.56 60.3579 7
      vertex 91.7781 60.3145 3
      vertex 91.56 60.3579 3
    endloop
  endfacet
  facet normal 0.44253 0.896754 -0
    outer loop
      vertex 91.3494 60.4294 3
      vertex 91.15 60.5278 7
      vertex 91.3494 60.4294 7
    endloop
  endfacet
  facet normal 0.44253 0.896754 0
    outer loop
      vertex 91.15 60.5278 7
      vertex 91.3494 60.4294 3
      vertex 91.15 60.5278 3
    endloop
  endfacet
  facet normal 0.946915 0.321484 0
    outer loop
      vertex 90.4294 61.3494 7
      vertex 90.3579 61.56 3
      vertex 90.3579 61.56 7
    endloop
  endfacet
  facet normal 0.946915 0.321484 0
    outer loop
      vertex 90.3579 61.56 3
      vertex 90.4294 61.3494 7
      vertex 90.4294 61.3494 3
    endloop
  endfacet
  facet normal 0.896754 0.44253 0
    outer loop
      vertex 90.5278 61.15 7
      vertex 90.4294 61.3494 3
      vertex 90.4294 61.3494 7
    endloop
  endfacet
  facet normal 0.896754 0.44253 0
    outer loop
      vertex 90.4294 61.3494 3
      vertex 90.5278 61.15 7
      vertex 90.5278 61.15 3
    endloop
  endfacet
  facet normal -0.659268 0.751908 0
    outer loop
      vertex 93.2021 60.7979 3
      vertex 93.0349 60.6513 7
      vertex 93.2021 60.7979 7
    endloop
  endfacet
  facet normal -0.659268 0.751908 0
    outer loop
      vertex 93.0349 60.6513 7
      vertex 93.2021 60.7979 3
      vertex 93.0349 60.6513 3
    endloop
  endfacet
  facet normal -0.321484 0.946915 0
    outer loop
      vertex 92.6506 60.4294 3
      vertex 92.44 60.3579 7
      vertex 92.6506 60.4294 7
    endloop
  endfacet
  facet normal -0.321484 0.946915 0
    outer loop
      vertex 92.44 60.3579 7
      vertex 92.6506 60.4294 3
      vertex 92.44 60.3579 3
    endloop
  endfacet
  facet normal -0.896754 0.44253 0
    outer loop
      vertex 93.4722 61.15 3
      vertex 93.5706 61.3494 7
      vertex 93.5706 61.3494 3
    endloop
  endfacet
  facet normal -0.896754 0.44253 0
    outer loop
      vertex 93.5706 61.3494 7
      vertex 93.4722 61.15 3
      vertex 93.4722 61.15 7
    endloop
  endfacet
  facet normal 0.0652057 0.997872 -0
    outer loop
      vertex 92 60.3 3
      vertex 91.7781 60.3145 7
      vertex 92 60.3 7
    endloop
  endfacet
  facet normal 0.0652057 0.997872 0
    outer loop
      vertex 91.7781 60.3145 7
      vertex 92 60.3 3
      vertex 91.7781 60.3145 3
    endloop
  endfacet
  facet normal 0.321484 0.946915 -0
    outer loop
      vertex 91.56 60.3579 3
      vertex 91.3494 60.4294 7
      vertex 91.56 60.3579 7
    endloop
  endfacet
  facet normal 0.321484 0.946915 0
    outer loop
      vertex 91.3494 60.4294 7
      vertex 91.56 60.3579 3
      vertex 91.3494 60.4294 3
    endloop
  endfacet
  facet normal 0.555426 0.831566 -0
    outer loop
      vertex 91.15 60.5278 3
      vertex 90.9651 60.6513 7
      vertex 91.15 60.5278 7
    endloop
  endfacet
  facet normal 0.555426 0.831566 0
    outer loop
      vertex 90.9651 60.6513 7
      vertex 91.15 60.5278 3
      vertex 90.9651 60.6513 3
    endloop
  endfacet
  facet normal 0.659268 0.751908 -0
    outer loop
      vertex 90.9651 60.6513 3
      vertex 90.7979 60.7979 7
      vertex 90.9651 60.6513 7
    endloop
  endfacet
  facet normal 0.659268 0.751908 0
    outer loop
      vertex 90.7979 60.7979 7
      vertex 90.9651 60.6513 3
      vertex 90.7979 60.7979 3
    endloop
  endfacet
  facet normal 0.751908 0.659268 0
    outer loop
      vertex 90.7979 60.7979 7
      vertex 90.6513 60.9651 3
      vertex 90.6513 60.9651 7
    endloop
  endfacet
  facet normal 0.751908 0.659268 0
    outer loop
      vertex 90.6513 60.9651 3
      vertex 90.7979 60.7979 7
      vertex 90.7979 60.7979 3
    endloop
  endfacet
  facet normal -0 0 1
    outer loop
      vertex 8.65056 60.4294 7
      vertex 21.2233 44.1307 7
      vertex 8.85 60.5278 7
    endloop
  endfacet
  facet normal 0 0 1
    outer loop
      vertex 20 34 7
      vertex 9.68546 8.22189 7
      vertex 9.7 8 7
    endloop
  endfacet
  facet normal 0 0 1
    outer loop
      vertex 21.2233 44.1307 7
      vertex 8.65056 60.4294 7
      vertex 20.9689 43.75 7
    endloop
  endfacet
  facet normal 0 0 1
    outer loop
      vertex 20 34 7
      vertex 9.64207 8.43999 7
      vertex 9.68546 8.22189 7
    endloop
  endfacet
  facet normal -0 0 1
    outer loop
      vertex 8.43999 60.3579 7
      vertex 20.9689 43.75 7
      vertex 8.65056 60.4294 7
    endloop
  endfacet
  facet normal 0 0 1
    outer loop
      vertex 20 34 7
      vertex 9.57059 8.65056 7
      vertex 9.64207 8.43999 7
    endloop
  endfacet
  facet normal -0 0 1
    outer loop
      vertex 8.22189 60.3145 7
      vertex 20.9689 43.75 7
      vertex 8.43999 60.3579 7
    endloop
  endfacet
  facet normal 0 0 1
    outer loop
      vertex 20 34 7
      vertex 9.47224 8.85 7
      vertex 9.57059 8.65056 7
    endloop
  endfacet
  facet normal 0 0 1
    outer loop
      vertex 20.9689 43.75 7
      vertex 8.22189 60.3145 7
      vertex 20.7664 43.3394 7
    endloop
  endfacet
  facet normal 0 0 1
    outer loop
      vertex 20 34 7
      vertex 9.3487 9.03489 7
      vertex 9.47224 8.85 7
    endloop
  endfacet
  facet normal -0 0 1
    outer loop
      vertex 8 60.3 7
      vertex 20.7664 43.3394 7
      vertex 8.22189 60.3145 7
    endloop
  endfacet
  facet normal 0 0 1
    outer loop
      vertex 20 34 7
      vertex 9.20208 9.20208 7
      vertex 9.3487 9.03489 7
    endloop
  endfacet
  facet normal 0 0 1
    outer loop
      vertex 20.7664 43.3394 7
      vertex 8 60.3 7
      vertex 20.6193 42.9059 7
    endloop
  endfacet
  facet normal 0 0 1
    outer loop
      vertex 20 34 7
      vertex 9.03489 9.3487 7
      vertex 9.20208 9.20208 7
    endloop
  endfacet
  facet normal 0 0 1
    outer loop
      vertex 7.7781 60.3145 7
      vertex 20.6193 42.9059 7
      vertex 8 60.3 7
    endloop
  endfacet
  facet normal 0 0 1
    outer loop
      vertex 20 34 7
      vertex 8.85 9.47224 7
      vertex 9.03489 9.3487 7
    endloop
  endfacet
  facet normal 0 0 1
    outer loop
      vertex 20.6193 42.9059 7
      vertex 7.7781 60.3145 7
      vertex 20.5299 42.4568 7
    endloop
  endfacet
  facet normal 0 0 1
    outer loop
      vertex 20 34 7
      vertex 8.65056 9.57059 7
      vertex 8.85 9.47224 7
    endloop
  endfacet
  facet normal 0 0 1
    outer loop
      vertex 7.56001 60.3579 7
      vertex 20.5299 42.4568 7
      vertex 7.7781 60.3145 7
    endloop
  endfacet
  facet normal 0 0 1
    outer loop
      vertex 20 34 7
      vertex 8.43999 9.64207 7
      vertex 8.65056 9.57059 7
    endloop
  endfacet
  facet normal 0 0 1
    outer loop
      vertex 20.5299 42.4568 7
      vertex 7.56001 60.3579 7
      vertex 20.5 42 7
    endloop
  endfacet
  facet normal 0 0 1
    outer loop
      vertex 20 34 7
      vertex 8.22189 9.68546 7
      vertex 8.43999 9.64207 7
    endloop
  endfacet
  facet normal 0 0 1
    outer loop
      vertex 7.34944 60.4294 7
      vertex 20.5 42 7
      vertex 7.56001 60.3579 7
    endloop
  endfacet
  facet normal 0 0 1
    outer loop
      vertex 20 34 7
      vertex 8 9.7 7
      vertex 8.22189 9.68546 7
    endloop
  endfacet
  facet normal 0 0 1
    outer loop
      vertex 20.5 42 7
      vertex 7.34944 60.4294 7
      vertex 20.0342 34.5221 7
    endloop
  endfacet
  facet normal 0 0 1
    outer loop
      vertex 20 34 7
      vertex 7.7781 9.68546 7
      vertex 8 9.7 7
    endloop
  endfacet
  facet normal 0 0 1
    outer loop
      vertex 7.15 60.5278 7
      vertex 20.0342 34.5221 7
      vertex 7.34944 60.4294 7
    endloop
  endfacet
  facet normal 0 0 1
    outer loop
      vertex 20 34 7
      vertex 7.56001 9.64207 7
      vertex 7.7781 9.68546 7
    endloop
  endfacet
  facet normal 0 0 1
    outer loop
      vertex 20.0342 34.5221 7
      vertex 7.15 60.5278 7
      vertex 20 34 7
    endloop
  endfacet
  facet normal 0 0 1
    outer loop
      vertex 20 34 7
      vertex 7.34944 9.57059 7
      vertex 7.56001 9.64207 7
    endloop
  endfacet
  facet normal 0 0 1
    outer loop
      vertex 6.96511 60.6513 7
      vertex 20 34 7
      vertex 7.15 60.5278 7
    endloop
  endfacet
  facet normal 0 0 1
    outer loop
      vertex 20 34 7
      vertex 7.15 9.47224 7
      vertex 7.34944 9.57059 7
    endloop
  endfacet
  facet normal 0 0 1
    outer loop
      vertex 6.96511 9.3487 7
      vertex 20 34 7
      vertex 6.96511 60.6513 7
    endloop
  endfacet
  facet normal 0 0 1
    outer loop
      vertex 20 34 7
      vertex 6.96511 9.3487 7
      vertex 7.15 9.47224 7
    endloop
  endfacet
  facet normal 0 0 1
    outer loop
      vertex 6.79792 60.7979 7
      vertex 6.96511 9.3487 7
      vertex 6.96511 60.6513 7
    endloop
  endfacet
  facet normal 0 0 1
    outer loop
      vertex 6.79792 60.7979 7
      vertex 6.79792 9.20208 7
      vertex 6.96511 9.3487 7
    endloop
  endfacet
  facet normal 0 0 1
    outer loop
      vertex 6.6513 60.9651 7
      vertex 6.79792 9.20208 7
      vertex 6.79792 60.7979 7
    endloop
  endfacet
  facet normal 0 0 1
    outer loop
      vertex 6.6513 60.9651 7
      vertex 6.6513 9.03489 7
      vertex 6.79792 9.20208 7
    endloop
  endfacet
  facet normal 0 0 1
    outer loop
      vertex 6.52776 61.15 7
      vertex 6.6513 9.03489 7
      vertex 6.6513 60.9651 7
    endloop
  endfacet
  facet normal 0 0 1
    outer loop
      vertex 6.52776 61.15 7
      vertex 6.52776 8.85 7
      vertex 6.6513 9.03489 7
    endloop
  endfacet
  facet normal 0 0 1
    outer loop
      vertex 0 70 7
      vertex 6.52776 61.15 7
      vertex 6.4294 61.3494 7
    endloop
  endfacet
  facet normal 0 0 1
    outer loop
      vertex 6.52776 61.15 7
      vertex 0 70 7
      vertex 6.52776 8.85 7
    endloop
  endfacet
  facet normal 0 0 1
    outer loop
      vertex 0 70 7
      vertex 6.4294 61.3494 7
      vertex 6.35793 61.56 7
    endloop
  endfacet
  facet normal 0 0 1
    outer loop
      vertex 0 0 7
      vertex 6.52776 8.85 7
      vertex 0 70 7
    endloop
  endfacet
  facet normal 0 0 1
    outer loop
      vertex 0 70 7
      vertex 6.35793 61.56 7
      vertex 6.31454 61.7781 7
    endloop
  endfacet
  facet normal 0 0 1
    outer loop
      vertex 6.52776 8.85 7
      vertex 0 0 7
      vertex 6.4294 8.65056 7
    endloop
  endfacet
  facet normal 0 0 1
    outer loop
      vertex 0 70 7
      vertex 6.31454 61.7781 7
      vertex 6.3 62 7
    endloop
  endfacet
  facet normal 0 0 1
    outer loop
      vertex 6.4294 8.65056 7
      vertex 0 0 7
      vertex 6.35793 8.43999 7
    endloop
  endfacet
  facet normal 0 0 1
    outer loop
      vertex 46.4568 31.4701 7
      vertex 46 34 7
      vertex 46 31.5 7
    endloop
  endfacet
  facet normal 0 0 1
    outer loop
      vertex 58 22.5 7
      vertex 57.5432 22.5299 7
      vertex 58 22 7
    endloop
  endfacet
  facet normal 0 0 1
    outer loop
      vertex 94 34 7
      vertex 73.9658 30.5221 7
      vertex 74 30 7
    endloop
  endfacet
  facet normal 0 0 1
    outer loop
      vertex 74.5221 42.0342 7
      vertex 73.8637 31.0353 7
      vertex 73.9658 30.5221 7
    endloop
  endfacet
  facet normal 0 0 1
    outer loop
      vertex 74.5221 42.0342 7
      vertex 73.6955 31.5307 7
      vertex 73.8637 31.0353 7
    endloop
  endfacet
  facet normal 0 0 1
    outer loop
      vertex 74.5221 42.0342 7
      vertex 73.4641 32 7
      vertex 73.6955 31.5307 7
    endloop
  endfacet
  facet normal 0 0 1
    outer loop
      vertex 74.5221 42.0342 7
      vertex 73.1734 32.435 7
      vertex 73.4641 32 7
    endloop
  endfacet
  facet normal 0 0 1
    outer loop
      vertex 74.5221 42.0342 7
      vertex 72.8284 32.8284 7
      vertex 73.1734 32.435 7
    endloop
  endfacet
  facet normal 0 0 1
    outer loop
      vertex 74.5221 42.0342 7
      vertex 72.435 33.1734 7
      vertex 72.8284 32.8284 7
    endloop
  endfacet
  facet normal 0 0 1
    outer loop
      vertex 74.5221 42.0342 7
      vertex 72 33.4641 7
      vertex 72.435 33.1734 7
    endloop
  endfacet
  facet normal 0 0 1
    outer loop
      vertex 74 42 7
      vertex 71.5307 33.6955 7
      vertex 72 33.4641 7
    endloop
  endfacet
  facet normal 0 0 1
    outer loop
      vertex 74 42 7
      vertex 71.0353 33.8637 7
      vertex 71.5307 33.6955 7
    endloop
  endfacet
  facet normal 0 0 1
    outer loop
      vertex 74 42 7
      vertex 70.5221 33.9658 7
      vertex 71.0353 33.8637 7
    endloop
  endfacet
  facet normal 0 0 1
    outer loop
      vertex 74 42 7
      vertex 70 34 7
      vertex 70.5221 33.9658 7
    endloop
  endfacet
  facet normal -0 0 1
    outer loop
      vertex 62 42 7
      vertex 70 34 7
      vertex 74 42 7
    endloop
  endfacet
  facet normal 0 0 1
    outer loop
      vertex 62 42 7
      vertex 62 34 7
      vertex 70 34 7
    endloop
  endfacet
  facet normal 0 0 1
    outer loop
      vertex 61.4779 42.0342 7
      vertex 62 34 7
      vertex 62 42 7
    endloop
  endfacet
  facet normal 0 0 1
    outer loop
      vertex 61.4779 42.0342 7
      vertex 61.4779 33.9658 7
      vertex 62 34 7
    endloop
  endfacet
  facet normal 0 0 1
    outer loop
      vertex 60.9647 42.1363 7
      vertex 61.4779 33.9658 7
      vertex 61.4779 42.0342 7
    endloop
  endfacet
  facet normal 0 0 1
    outer loop
      vertex 60.9647 42.1363 7
      vertex 60.9647 33.8637 7
      vertex 61.4779 33.9658 7
    endloop
  endfacet
  facet normal 0 0 1
    outer loop
      vertex 60.4693 42.3045 7
      vertex 60.9647 33.8637 7
      vertex 60.9647 42.1363 7
    endloop
  endfacet
  facet normal 0 0 1
    outer loop
      vertex 60.4693 42.3045 7
      vertex 60.4693 33.6955 7
      vertex 60.9647 33.8637 7
    endloop
  endfacet
  facet normal 0 0 1
    outer loop
      vertex 60 42.5359 7
      vertex 60.4693 33.6955 7
      vertex 60.4693 42.3045 7
    endloop
  endfacet
  facet normal 0 0 1
    outer loop
      vertex 60 42.5359 7
      vertex 60 33.4641 7
      vertex 60.4693 33.6955 7
    endloop
  endfacet
  facet normal 0 0 1
    outer loop
      vertex 59.5649 42.8266 7
      vertex 60 33.4641 7
      vertex 60 42.5359 7
    endloop
  endfacet
  facet normal 0 0 1
    outer loop
      vertex 59.5649 42.8266 7
      vertex 59.5649 33.1734 7
      vertex 60 33.4641 7
    endloop
  endfacet
  facet normal 0 0 1
    outer loop
      vertex 59.1716 43.1716 7
      vertex 59.5649 33.1734 7
      vertex 59.5649 42.8266 7
    endloop
  endfacet
  facet normal 0 0 1
    outer loop
      vertex 59.1716 43.1716 7
      vertex 59.1716 32.8284 7
      vertex 59.5649 33.1734 7
    endloop
  endfacet
  facet normal 0 0 1
    outer loop
      vertex 45.6955 35.5307 7
      vertex 59.1716 43.1716 7
      vertex 58.8266 43.5649 7
    endloop
  endfacet
  facet normal 0 0 1
    outer loop
      vertex 59.1716 43.1716 7
      vertex 45.6955 35.5307 7
      vertex 59.1716 32.8284 7
    endloop
  endfacet
  facet normal 0 0 1
    outer loop
      vertex 45.4641 36 7
      vertex 58.8266 43.5649 7
      vertex 58.5359 44 7
    endloop
  endfacet
  facet normal 0 0 1
    outer loop
      vertex 59.1716 32.8284 7
      vertex 45.6955 35.5307 7
      vertex 58.8266 32.435 7
    endloop
  endfacet
  facet normal 0 0 1
    outer loop
      vertex 45.1734 36.435 7
      vertex 58.5359 44 7
      vertex 58.3045 44.4693 7
    endloop
  endfacet
  facet normal -0 -0 1
    outer loop
      vertex 45.8637 35.0353 7
      vertex 58.8266 32.435 7
      vertex 45.6955 35.5307 7
    endloop
  endfacet
  facet normal 0 0 1
    outer loop
      vertex 44.8284 36.8284 7
      vertex 58.3045 44.4693 7
      vertex 58.1363 44.9647 7
    endloop
  endfacet
  facet normal 0 0 1
    outer loop
      vertex 58.8266 32.435 7
      vertex 45.8637 35.0353 7
      vertex 58.5359 32 7
    endloop
  endfacet
  facet normal 0 0 1
    outer loop
      vertex 44.435 37.1734 7
      vertex 58.1363 44.9647 7
      vertex 58.0415 45.4413 7
    endloop
  endfacet
  facet normal -0 -0 1
    outer loop
      vertex 45.9658 34.5221 7
      vertex 58.5359 32 7
      vertex 45.8637 35.0353 7
    endloop
  endfacet
  facet normal -0 -0 1
    outer loop
      vertex 46 34 7
      vertex 58.3045 31.5307 7
      vertex 45.9658 34.5221 7
    endloop
  endfacet
  facet normal 0 0 1
    outer loop
      vertex 58 30 7
      vertex 46.4568 31.4701 7
      vertex 58 29.5462 7
    endloop
  endfacet
  facet normal 0 -0 1
    outer loop
      vertex 46.4568 31.4701 7
      vertex 58.3045 31.5307 7
      vertex 46 34 7
    endloop
  endfacet
  facet normal 0 0 1
    outer loop
      vertex 58.0342 30.5221 7
      vertex 46.4568 31.4701 7
      vertex 58 30 7
    endloop
  endfacet
  facet normal 0 0 1
    outer loop
      vertex 58.1363 31.0353 7
      vertex 46.4568 31.4701 7
      vertex 58.0342 30.5221 7
    endloop
  endfacet
  facet normal 0 0 1
    outer loop
      vertex 58.3045 31.5307 7
      vertex 46.4568 31.4701 7
      vertex 58.1363 31.0353 7
    endloop
  endfacet
  facet normal 0 0 1
    outer loop
      vertex 58.5359 32 7
      vertex 45.9658 34.5221 7
      vertex 58.3045 31.5307 7
    endloop
  endfacet
  facet normal 0 0 1
    outer loop
      vertex 58.8266 43.5649 7
      vertex 45.4641 36 7
      vertex 45.6955 35.5307 7
    endloop
  endfacet
  facet normal 0 0 1
    outer loop
      vertex 58.5359 44 7
      vertex 45.1734 36.435 7
      vertex 45.4641 36 7
    endloop
  endfacet
  facet normal 0 0 1
    outer loop
      vertex 58.3045 44.4693 7
      vertex 44.8284 36.8284 7
      vertex 45.1734 36.435 7
    endloop
  endfacet
  facet normal 0 0 1
    outer loop
      vertex 58.1363 44.9647 7
      vertex 44.435 37.1734 7
      vertex 44.8284 36.8284 7
    endloop
  endfacet
  facet normal 0 0 1
    outer loop
      vertex 58.0415 45.4413 7
      vertex 44 37.4641 7
      vertex 44.435 37.1734 7
    endloop
  endfacet
  facet normal 0 0 1
    outer loop
      vertex 58.0415 45.4413 7
      vertex 43.5307 37.6955 7
      vertex 44 37.4641 7
    endloop
  endfacet
  facet normal 0 0 1
    outer loop
      vertex 58.0415 45.4413 7
      vertex 43.0353 37.8637 7
      vertex 43.5307 37.6955 7
    endloop
  endfacet
  facet normal 0 0 1
    outer loop
      vertex 58.0415 45.4413 7
      vertex 42.5221 37.9658 7
      vertex 43.0353 37.8637 7
    endloop
  endfacet
  facet normal 0 0 1
    outer loop
      vertex 58.0415 45.4413 7
      vertex 42 38 7
      vertex 42.5221 37.9658 7
    endloop
  endfacet
  facet normal -0 0 1
    outer loop
      vertex 24.9059 38.6193 7
      vertex 42 38 7
      vertex 58.0415 45.4413 7
    endloop
  endfacet
  facet normal 0 0 1
    outer loop
      vertex 24 38 7
      vertex 24.9059 38.6193 7
      vertex 24.4568 38.5299 7
    endloop
  endfacet
  facet normal 0 0 1
    outer loop
      vertex 24 38 7
      vertex 24.4568 38.5299 7
      vertex 24 38.5 7
    endloop
  endfacet
  facet normal 0 0 1
    outer loop
      vertex 24.9059 38.6193 7
      vertex 24 38 7
      vertex 42 38 7
    endloop
  endfacet
  facet normal 0 0 1
    outer loop
      vertex 23.5432 38.5299 7
      vertex 24 38 7
      vertex 24 38.5 7
    endloop
  endfacet
  facet normal 0 0 1
    outer loop
      vertex 23.5432 38.5299 7
      vertex 23.4779 37.9658 7
      vertex 24 38 7
    endloop
  endfacet
  facet normal 0 0 1
    outer loop
      vertex 23.0941 38.6193 7
      vertex 23.4779 37.9658 7
      vertex 23.5432 38.5299 7
    endloop
  endfacet
  facet normal 0 0 1
    outer loop
      vertex 23.0941 38.6193 7
      vertex 22.9647 37.8637 7
      vertex 23.4779 37.9658 7
    endloop
  endfacet
  facet normal 0 0 1
    outer loop
      vertex 22.6606 38.7664 7
      vertex 22.9647 37.8637 7
      vertex 23.0941 38.6193 7
    endloop
  endfacet
  facet normal 0 0 1
    outer loop
      vertex 22.6606 38.7664 7
      vertex 22.4693 37.6955 7
      vertex 22.9647 37.8637 7
    endloop
  endfacet
  facet normal 0 0 1
    outer loop
      vertex 22.25 38.9689 7
      vertex 22.4693 37.6955 7
      vertex 22.6606 38.7664 7
    endloop
  endfacet
  facet normal 0 0 1
    outer loop
      vertex 22.25 38.9689 7
      vertex 22 37.4641 7
      vertex 22.4693 37.6955 7
    endloop
  endfacet
  facet normal 0 0 1
    outer loop
      vertex 21.8693 39.2233 7
      vertex 22 37.4641 7
      vertex 22.25 38.9689 7
    endloop
  endfacet
  facet normal 0 0 1
    outer loop
      vertex 21.8693 39.2233 7
      vertex 21.5649 37.1734 7
      vertex 22 37.4641 7
    endloop
  endfacet
  facet normal 0 0 1
    outer loop
      vertex 21.5251 39.5251 7
      vertex 21.5649 37.1734 7
      vertex 21.8693 39.2233 7
    endloop
  endfacet
  facet normal 0 0 1
    outer loop
      vertex 21.1716 36.8284 7
      vertex 21.5251 39.5251 7
      vertex 21.2233 39.8693 7
    endloop
  endfacet
  facet normal 0 0 1
    outer loop
      vertex 21.5251 39.5251 7
      vertex 21.1716 36.8284 7
      vertex 21.5649 37.1734 7
    endloop
  endfacet
  facet normal 0 0 1
    outer loop
      vertex 20.8266 36.435 7
      vertex 21.2233 39.8693 7
      vertex 20.9689 40.25 7
    endloop
  endfacet
  facet normal 0 0 1
    outer loop
      vertex 21.2233 39.8693 7
      vertex 20.8266 36.435 7
      vertex 21.1716 36.8284 7
    endloop
  endfacet
  facet normal 0 0 1
    outer loop
      vertex 20.5359 36 7
      vertex 20.9689 40.25 7
      vertex 20.7664 40.6606 7
    endloop
  endfacet
  facet normal 0 0 1
    outer loop
      vertex 20.3045 35.5307 7
      vertex 20.7664 40.6606 7
      vertex 20.6193 41.0941 7
    endloop
  endfacet
  facet normal 0 0 1
    outer loop
      vertex 20.9689 40.25 7
      vertex 20.5359 36 7
      vertex 20.8266 36.435 7
    endloop
  endfacet
  facet normal 0 0 1
    outer loop
      vertex 20.1363 35.0353 7
      vertex 20.6193 41.0941 7
      vertex 20.5299 41.5432 7
    endloop
  endfacet
  facet normal 0 0 1
    outer loop
      vertex 20.1363 35.0353 7
      vertex 20.5299 41.5432 7
      vertex 20.5 42 7
    endloop
  endfacet
  facet normal 0 0 1
    outer loop
      vertex 20.7664 40.6606 7
      vertex 20.3045 35.5307 7
      vertex 20.5359 36 7
    endloop
  endfacet
  facet normal -0 0 1
    outer loop
      vertex 93.4722 61.15 7
      vertex 100 42 7
      vertex 93.5706 61.3494 7
    endloop
  endfacet
  facet normal 0 0 1
    outer loop
      vertex 94 34 7
      vertex 93.6855 8.22189 7
      vertex 93.7 8 7
    endloop
  endfacet
  facet normal -0 0 1
    outer loop
      vertex 93.3487 60.9651 7
      vertex 100 42 7
      vertex 93.4722 61.15 7
    endloop
  endfacet
  facet normal 0 0 1
    outer loop
      vertex 94 34 7
      vertex 93.6421 8.43999 7
      vertex 93.6855 8.22189 7
    endloop
  endfacet
  facet normal -0 0 1
    outer loop
      vertex 93.2021 60.7979 7
      vertex 100 42 7
      vertex 93.3487 60.9651 7
    endloop
  endfacet
  facet normal 0 0 1
    outer loop
      vertex 94 34 7
      vertex 93.5706 8.65056 7
      vertex 93.6421 8.43999 7
    endloop
  endfacet
  facet normal -0 0 1
    outer loop
      vertex 93.0349 60.6513 7
      vertex 100 42 7
      vertex 93.2021 60.7979 7
    endloop
  endfacet
  facet normal 0 0 1
    outer loop
      vertex 94 34 7
      vertex 93.4722 8.85 7
      vertex 93.5706 8.65056 7
    endloop
  endfacet
  facet normal -0 0 1
    outer loop
      vertex 92.85 60.5278 7
      vertex 100 42 7
      vertex 93.0349 60.6513 7
    endloop
  endfacet
  facet normal 0 0 1
    outer loop
      vertex 94 34 7
      vertex 93.3487 9.03489 7
      vertex 93.4722 8.85 7
    endloop
  endfacet
  facet normal -0 0 1
    outer loop
      vertex 92.6506 60.4294 7
      vertex 100 42 7
      vertex 92.85 60.5278 7
    endloop
  endfacet
  facet normal 0 0 1
    outer loop
      vertex 94 34 7
      vertex 93.2021 9.20208 7
      vertex 93.3487 9.03489 7
    endloop
  endfacet
  facet normal 0 0 1
    outer loop
      vertex 100 42 7
      vertex 92.6506 60.4294 7
      vertex 94 42 7
    endloop
  endfacet
  facet normal 0 0 1
    outer loop
      vertex 94 34 7
      vertex 93.0349 9.3487 7
      vertex 93.2021 9.20208 7
    endloop
  endfacet
  facet normal -0 0 1
    outer loop
      vertex 92.44 60.3579 7
      vertex 94 42 7
      vertex 92.6506 60.4294 7
    endloop
  endfacet
  facet normal 0 0 1
    outer loop
      vertex 94 34 7
      vertex 92.85 9.47224 7
      vertex 93.0349 9.3487 7
    endloop
  endfacet
  facet normal -0 0 1
    outer loop
      vertex 92.2219 60.3145 7
      vertex 94 42 7
      vertex 92.44 60.3579 7
    endloop
  endfacet
  facet normal 0 0 1
    outer loop
      vertex 94 34 7
      vertex 92.6506 9.57059 7
      vertex 92.85 9.47224 7
    endloop
  endfacet
  facet normal -0 0 1
    outer loop
      vertex 92 60.3 7
      vertex 94 42 7
      vertex 92.2219 60.3145 7
    endloop
  endfacet
  facet normal -0 0 1
    outer loop
      vertex 77.1734 43.5649 7
      vertex 94 42 7
      vertex 77.4641 44 7
    endloop
  endfacet
  facet normal 0 0 1
    outer loop
      vertex 91.7781 60.3145 7
      vertex 94 42 7
      vertex 92 60.3 7
    endloop
  endfacet
  facet normal 0 0 1
    outer loop
      vertex 94 34 7
      vertex 92.44 9.64207 7
      vertex 92.6506 9.57059 7
    endloop
  endfacet
  facet normal -0 0 1
    outer loop
      vertex 77.9658 45.4779 7
      vertex 94 42 7
      vertex 78 46 7
    endloop
  endfacet
  facet normal 0 0 1
    outer loop
      vertex 94 42 7
      vertex 77.1734 43.5649 7
      vertex 94 34 7
    endloop
  endfacet
  facet normal 0 0 1
    outer loop
      vertex 91.56 60.3579 7
      vertex 94 42 7
      vertex 91.7781 60.3145 7
    endloop
  endfacet
  facet normal 0 0 1
    outer loop
      vertex 94 34 7
      vertex 92.2219 9.68546 7
      vertex 92.44 9.64207 7
    endloop
  endfacet
  facet normal -0 0 1
    outer loop
      vertex 78 52 7
      vertex 94 42 7
      vertex 91.56 60.3579 7
    endloop
  endfacet
  facet normal 0 0 1
    outer loop
      vertex 74 22 7
      vertex 94 34 7
      vertex 74 30 7
    endloop
  endfacet
  facet normal 0 0 1
    outer loop
      vertex 78 52 7
      vertex 91.56 60.3579 7
      vertex 91.3494 60.4294 7
    endloop
  endfacet
  facet normal 0 0 1
    outer loop
      vertex 94 34 7
      vertex 92 9.7 7
      vertex 92.2219 9.68546 7
    endloop
  endfacet
  facet normal 0 0 1
    outer loop
      vertex 78 52 7
      vertex 91.3494 60.4294 7
      vertex 91.15 60.5278 7
    endloop
  endfacet
  facet normal 0 0 1
    outer loop
      vertex 94 34 7
      vertex 91.7781 9.68546 7
      vertex 92 9.7 7
    endloop
  endfacet
  facet normal 0 0 1
    outer loop
      vertex 77.9658 52.5221 7
      vertex 91.15 60.5278 7
      vertex 90.9651 60.6513 7
    endloop
  endfacet
  facet normal -0 0 1
    outer loop
      vertex 77.4641 44 7
      vertex 94 42 7
      vertex 77.6955 44.4693 7
    endloop
  endfacet
  facet normal 0 0 1
    outer loop
      vertex 77.8637 53.0353 7
      vertex 90.9651 60.6513 7
      vertex 90.7979 60.7979 7
    endloop
  endfacet
  facet normal 0 -0 1
    outer loop
      vertex 91.56 9.64207 7
      vertex 94 34 7
      vertex 74 22 7
    endloop
  endfacet
  facet normal 0 0 1
    outer loop
      vertex 77.6955 53.5307 7
      vertex 90.7979 60.7979 7
      vertex 90.6513 60.9651 7
    endloop
  endfacet
  facet normal 0 0 1
    outer loop
      vertex 94 34 7
      vertex 91.56 9.64207 7
      vertex 91.7781 9.68546 7
    endloop
  endfacet
  facet normal 0 0 1
    outer loop
      vertex 77.6955 53.5307 7
      vertex 90.6513 60.9651 7
      vertex 90.5278 61.15 7
    endloop
  endfacet
  facet normal 0 0 1
    outer loop
      vertex 91.56 9.64207 7
      vertex 74 22 7
      vertex 91.3494 9.57059 7
    endloop
  endfacet
  facet normal 0 0 1
    outer loop
      vertex 77.4641 54 7
      vertex 90.5278 61.15 7
      vertex 90.4294 61.3494 7
    endloop
  endfacet
  facet normal -0 0 1
    outer loop
      vertex 73.9658 21.4779 7
      vertex 91.3494 9.57059 7
      vertex 74 22 7
    endloop
  endfacet
  facet normal 0 0 1
    outer loop
      vertex 77.1734 54.435 7
      vertex 90.4294 61.3494 7
      vertex 90.3579 61.56 7
    endloop
  endfacet
  facet normal 0 0 1
    outer loop
      vertex 91.3494 9.57059 7
      vertex 73.9658 21.4779 7
      vertex 91.15 9.47224 7
    endloop
  endfacet
  facet normal 0 0 1
    outer loop
      vertex 76.8284 54.8284 7
      vertex 90.3579 61.56 7
      vertex 90.3145 61.7781 7
    endloop
  endfacet
  facet normal -0 0 1
    outer loop
      vertex 73.8637 20.9647 7
      vertex 91.15 9.47224 7
      vertex 73.9658 21.4779 7
    endloop
  endfacet
  facet normal 0 0 1
    outer loop
      vertex 76.435 55.1734 7
      vertex 90.3145 61.7781 7
      vertex 90.3 62 7
    endloop
  endfacet
  facet normal 0 0 1
    outer loop
      vertex 91.15 9.47224 7
      vertex 73.8637 20.9647 7
      vertex 90.9651 9.3487 7
    endloop
  endfacet
  facet normal 0 0 1
    outer loop
      vertex 93.6855 61.7781 7
      vertex 100 70 7
      vertex 93.7 62 7
    endloop
  endfacet
  facet normal 0 0 1
    outer loop
      vertex 100 70 7
      vertex 93.6421 61.56 7
      vertex 100 42 7
    endloop
  endfacet
  facet normal 0 0 1
    outer loop
      vertex 93.6421 61.56 7
      vertex 100 70 7
      vertex 93.6855 61.7781 7
    endloop
  endfacet
  facet normal 0 0 1
    outer loop
      vertex 100 70 7
      vertex 93.6855 62.2219 7
      vertex 93.7 62 7
    endloop
  endfacet
  facet normal 0 0 1
    outer loop
      vertex 100 70 7
      vertex 93.6421 62.44 7
      vertex 93.6855 62.2219 7
    endloop
  endfacet
  facet normal 0 0 1
    outer loop
      vertex 100 70 7
      vertex 93.5706 62.6506 7
      vertex 93.6421 62.44 7
    endloop
  endfacet
  facet normal 0 0 1
    outer loop
      vertex 100 70 7
      vertex 93.4722 62.85 7
      vertex 93.5706 62.6506 7
    endloop
  endfacet
  facet normal 0 0 1
    outer loop
      vertex 100 70 7
      vertex 93.3487 63.0349 7
      vertex 93.4722 62.85 7
    endloop
  endfacet
  facet normal 0 0 1
    outer loop
      vertex 100 70 7
      vertex 93.2021 63.2021 7
      vertex 93.3487 63.0349 7
    endloop
  endfacet
  facet normal 0 0 1
    outer loop
      vertex 100 70 7
      vertex 93.0349 63.3487 7
      vertex 93.2021 63.2021 7
    endloop
  endfacet
  facet normal 0 0 1
    outer loop
      vertex 100 70 7
      vertex 92.85 63.4722 7
      vertex 93.0349 63.3487 7
    endloop
  endfacet
  facet normal 0 0 1
    outer loop
      vertex 100 70 7
      vertex 92.6506 63.5706 7
      vertex 92.85 63.4722 7
    endloop
  endfacet
  facet normal 0 0 1
    outer loop
      vertex 100 70 7
      vertex 92.44 63.6421 7
      vertex 92.6506 63.5706 7
    endloop
  endfacet
  facet normal 0 0 1
    outer loop
      vertex 100 70 7
      vertex 92.2219 63.6855 7
      vertex 92.44 63.6421 7
    endloop
  endfacet
  facet normal 0 0 1
    outer loop
      vertex 100 70 7
      vertex 92 63.7 7
      vertex 92.2219 63.6855 7
    endloop
  endfacet
  facet normal 0 0 1
    outer loop
      vertex 100 70 7
      vertex 91.7781 63.6855 7
      vertex 92 63.7 7
    endloop
  endfacet
  facet normal 0 0 1
    outer loop
      vertex 100 70 7
      vertex 91.56 63.6421 7
      vertex 91.7781 63.6855 7
    endloop
  endfacet
  facet normal 0 0 1
    outer loop
      vertex 100 70 7
      vertex 91.3494 63.5706 7
      vertex 91.56 63.6421 7
    endloop
  endfacet
  facet normal 0 0 1
    outer loop
      vertex 100 70 7
      vertex 91.15 63.4722 7
      vertex 91.3494 63.5706 7
    endloop
  endfacet
  facet normal 0 0 1
    outer loop
      vertex 62 56 7
      vertex 91.15 63.4722 7
      vertex 100 70 7
    endloop
  endfacet
  facet normal 0 0 1
    outer loop
      vertex 94 42 7
      vertex 78 52 7
      vertex 78 46 7
    endloop
  endfacet
  facet normal 0 0 1
    outer loop
      vertex 76.435 55.1734 7
      vertex 90.3 62 7
      vertex 90.3145 62.2219 7
    endloop
  endfacet
  facet normal 0 0 1
    outer loop
      vertex 76 55.4641 7
      vertex 90.3145 62.2219 7
      vertex 90.3579 62.44 7
    endloop
  endfacet
  facet normal 0 0 1
    outer loop
      vertex 75.5307 55.6955 7
      vertex 90.3579 62.44 7
      vertex 90.4294 62.6506 7
    endloop
  endfacet
  facet normal 0 0 1
    outer loop
      vertex 75.0353 55.8637 7
      vertex 90.4294 62.6506 7
      vertex 90.5278 62.85 7
    endloop
  endfacet
  facet normal 0 0 1
    outer loop
      vertex 74.5221 55.9658 7
      vertex 90.5278 62.85 7
      vertex 90.6513 63.0349 7
    endloop
  endfacet
  facet normal 0 0 1
    outer loop
      vertex 74 56 7
      vertex 90.6513 63.0349 7
      vertex 90.7979 63.2021 7
    endloop
  endfacet
  facet normal 0 0 1
    outer loop
      vertex 74 56 7
      vertex 90.7979 63.2021 7
      vertex 90.9651 63.3487 7
    endloop
  endfacet
  facet normal 0 0 1
    outer loop
      vertex 91.15 60.5278 7
      vertex 77.9658 52.5221 7
      vertex 78 52 7
    endloop
  endfacet
  facet normal 0 0 1
    outer loop
      vertex 90.9651 60.6513 7
      vertex 77.8637 53.0353 7
      vertex 77.9658 52.5221 7
    endloop
  endfacet
  facet normal 0 0 1
    outer loop
      vertex 90.7979 60.7979 7
      vertex 77.6955 53.5307 7
      vertex 77.8637 53.0353 7
    endloop
  endfacet
  facet normal 0 0 1
    outer loop
      vertex 90.5278 61.15 7
      vertex 77.4641 54 7
      vertex 77.6955 53.5307 7
    endloop
  endfacet
  facet normal 0 0 1
    outer loop
      vertex 91.15 63.4722 7
      vertex 62 56 7
      vertex 90.9651 63.3487 7
    endloop
  endfacet
  facet normal 0 0 1
    outer loop
      vertex 90.4294 61.3494 7
      vertex 77.1734 54.435 7
      vertex 77.4641 54 7
    endloop
  endfacet
  facet normal 0 0 1
    outer loop
      vertex 90.3579 61.56 7
      vertex 76.8284 54.8284 7
      vertex 77.1734 54.435 7
    endloop
  endfacet
  facet normal 0 0 1
    outer loop
      vertex 90.3145 61.7781 7
      vertex 76.435 55.1734 7
      vertex 76.8284 54.8284 7
    endloop
  endfacet
  facet normal 0 0 1
    outer loop
      vertex 90.3145 62.2219 7
      vertex 76 55.4641 7
      vertex 76.435 55.1734 7
    endloop
  endfacet
  facet normal 0 0 1
    outer loop
      vertex 90.3579 62.44 7
      vertex 75.5307 55.6955 7
      vertex 76 55.4641 7
    endloop
  endfacet
  facet normal 0 0 1
    outer loop
      vertex 90.4294 62.6506 7
      vertex 75.0353 55.8637 7
      vertex 75.5307 55.6955 7
    endloop
  endfacet
  facet normal 0 0 1
    outer loop
      vertex 90.5278 62.85 7
      vertex 74.5221 55.9658 7
      vertex 75.0353 55.8637 7
    endloop
  endfacet
  facet normal 0 0 1
    outer loop
      vertex 90.6513 63.0349 7
      vertex 74 56 7
      vertex 74.5221 55.9658 7
    endloop
  endfacet
  facet normal 0 0 1
    outer loop
      vertex 90.9651 63.3487 7
      vertex 62 56 7
      vertex 74 56 7
    endloop
  endfacet
  facet normal 0 0 1
    outer loop
      vertex 100 70 7
      vertex 61.4779 55.9658 7
      vertex 62 56 7
    endloop
  endfacet
  facet normal -0 0 1
    outer loop
      vertex 0 70 7
      vertex 61.4779 55.9658 7
      vertex 100 70 7
    endloop
  endfacet
  facet normal 0 0 1
    outer loop
      vertex 61.4779 55.9658 7
      vertex 0 70 7
      vertex 60.9647 55.8637 7
    endloop
  endfacet
  facet normal 0 0 1
    outer loop
      vertex 58.0342 52.5221 7
      vertex 58 52.5 7
      vertex 58.0326 52.4979 7
    endloop
  endfacet
  facet normal 0 0 1
    outer loop
      vertex 58.1363 53.0353 7
      vertex 58 52.5 7
      vertex 58.0342 52.5221 7
    endloop
  endfacet
  facet normal 0 0 1
    outer loop
      vertex 58.1363 53.0353 7
      vertex 57.5432 52.4701 7
      vertex 58 52.5 7
    endloop
  endfacet
  facet normal 0 0 1
    outer loop
      vertex 57.0941 52.3807 7
      vertex 58.1363 53.0353 7
      vertex 58.3045 53.5307 7
    endloop
  endfacet
  facet normal 0 0 1
    outer loop
      vertex 57.0941 52.3807 7
      vertex 58.3045 53.5307 7
      vertex 58.5359 54 7
    endloop
  endfacet
  facet normal 0 0 1
    outer loop
      vertex 58.1363 53.0353 7
      vertex 57.0941 52.3807 7
      vertex 57.5432 52.4701 7
    endloop
  endfacet
  facet normal 0 0 1
    outer loop
      vertex 58.8266 54.435 7
      vertex 57.0941 52.3807 7
      vertex 58.5359 54 7
    endloop
  endfacet
  facet normal 0 0 1
    outer loop
      vertex 9.64207 62.44 7
      vertex 57.0941 52.3807 7
      vertex 58.8266 54.435 7
    endloop
  endfacet
  facet normal 0 0 1
    outer loop
      vertex 9.57059 62.6506 7
      vertex 58.8266 54.435 7
      vertex 59.1716 54.8284 7
    endloop
  endfacet
  facet normal 0 0 1
    outer loop
      vertex 9.47224 62.85 7
      vertex 59.1716 54.8284 7
      vertex 59.5649 55.1734 7
    endloop
  endfacet
  facet normal 0 0 1
    outer loop
      vertex 9.3487 63.0349 7
      vertex 59.5649 55.1734 7
      vertex 60 55.4641 7
    endloop
  endfacet
  facet normal 0 0 1
    outer loop
      vertex 9.20208 63.2021 7
      vertex 60 55.4641 7
      vertex 60.4693 55.6955 7
    endloop
  endfacet
  facet normal -0 -0 1
    outer loop
      vertex 8.85 63.4722 7
      vertex 60.9647 55.8637 7
      vertex 0 70 7
    endloop
  endfacet
  facet normal 0 0 1
    outer loop
      vertex 20.6193 41.0941 7
      vertex 20.1363 35.0353 7
      vertex 20.3045 35.5307 7
    endloop
  endfacet
  facet normal 0 0 1
    outer loop
      vertex 20.5 42 7
      vertex 20.0342 34.5221 7
      vertex 20.1363 35.0353 7
    endloop
  endfacet
  facet normal 0 0 1
    outer loop
      vertex 21.8693 44.7767 7
      vertex 9.03489 60.6513 7
      vertex 21.5251 44.4749 7
    endloop
  endfacet
  facet normal 0 0 1
    outer loop
      vertex 21.5251 44.4749 7
      vertex 8.85 60.5278 7
      vertex 21.2233 44.1307 7
    endloop
  endfacet
  facet normal -0 0 1
    outer loop
      vertex 8.85 60.5278 7
      vertex 21.5251 44.4749 7
      vertex 9.03489 60.6513 7
    endloop
  endfacet
  facet normal -0 0 1
    outer loop
      vertex 9.03489 60.6513 7
      vertex 21.8693 44.7767 7
      vertex 9.20208 60.7979 7
    endloop
  endfacet
  facet normal 0 0 1
    outer loop
      vertex 22.25 45.0311 7
      vertex 9.20208 60.7979 7
      vertex 21.8693 44.7767 7
    endloop
  endfacet
  facet normal -0 0 1
    outer loop
      vertex 9.20208 60.7979 7
      vertex 22.25 45.0311 7
      vertex 9.3487 60.9651 7
    endloop
  endfacet
  facet normal 0 0 1
    outer loop
      vertex 22.6606 45.2336 7
      vertex 9.3487 60.9651 7
      vertex 22.25 45.0311 7
    endloop
  endfacet
  facet normal -0 0 1
    outer loop
      vertex 9.3487 60.9651 7
      vertex 22.6606 45.2336 7
      vertex 9.47224 61.15 7
    endloop
  endfacet
  facet normal 0 0 1
    outer loop
      vertex 23.0941 45.3807 7
      vertex 9.47224 61.15 7
      vertex 22.6606 45.2336 7
    endloop
  endfacet
  facet normal -0 0 1
    outer loop
      vertex 9.47224 61.15 7
      vertex 23.0941 45.3807 7
      vertex 9.57059 61.3494 7
    endloop
  endfacet
  facet normal -0 0 1
    outer loop
      vertex 9.57059 61.3494 7
      vertex 23.0941 45.3807 7
      vertex 9.64207 61.56 7
    endloop
  endfacet
  facet normal -0 0 1
    outer loop
      vertex 9.64207 61.56 7
      vertex 23.0941 45.3807 7
      vertex 9.68546 61.7781 7
    endloop
  endfacet
  facet normal -0 0 1
    outer loop
      vertex 9.68546 61.7781 7
      vertex 23.0941 45.3807 7
      vertex 9.7 62 7
    endloop
  endfacet
  facet normal 0 0 1
    outer loop
      vertex 58.8266 54.435 7
      vertex 9.57059 62.6506 7
      vertex 9.64207 62.44 7
    endloop
  endfacet
  facet normal 0 0 1
    outer loop
      vertex 23.0941 45.3807 7
      vertex 9.68546 62.2219 7
      vertex 9.7 62 7
    endloop
  endfacet
  facet normal 0 0 1
    outer loop
      vertex 23.0941 45.3807 7
      vertex 9.64207 62.44 7
      vertex 9.68546 62.2219 7
    endloop
  endfacet
  facet normal 0 0 1
    outer loop
      vertex 57.0941 52.3807 7
      vertex 9.64207 62.44 7
      vertex 23.0941 45.3807 7
    endloop
  endfacet
  facet normal 0 0 1
    outer loop
      vertex 59.1716 54.8284 7
      vertex 9.47224 62.85 7
      vertex 9.57059 62.6506 7
    endloop
  endfacet
  facet normal 0 0 1
    outer loop
      vertex 59.5649 55.1734 7
      vertex 9.3487 63.0349 7
      vertex 9.47224 62.85 7
    endloop
  endfacet
  facet normal 0 0 1
    outer loop
      vertex 60 55.4641 7
      vertex 9.20208 63.2021 7
      vertex 9.3487 63.0349 7
    endloop
  endfacet
  facet normal 0 0 1
    outer loop
      vertex 60.4693 55.6955 7
      vertex 9.03489 63.3487 7
      vertex 9.20208 63.2021 7
    endloop
  endfacet
  facet normal 0 0 1
    outer loop
      vertex 60.9647 55.8637 7
      vertex 9.03489 63.3487 7
      vertex 60.4693 55.6955 7
    endloop
  endfacet
  facet normal -0 -0 1
    outer loop
      vertex 9.03489 63.3487 7
      vertex 60.9647 55.8637 7
      vertex 8.85 63.4722 7
    endloop
  endfacet
  facet normal 0 0 1
    outer loop
      vertex 8.85 63.4722 7
      vertex 0 70 7
      vertex 8.65056 63.5706 7
    endloop
  endfacet
  facet normal 0 0 1
    outer loop
      vertex 8.65056 63.5706 7
      vertex 0 70 7
      vertex 8.43999 63.6421 7
    endloop
  endfacet
  facet normal 0 0 1
    outer loop
      vertex 8.43999 63.6421 7
      vertex 0 70 7
      vertex 8.22189 63.6855 7
    endloop
  endfacet
  facet normal 0 0 1
    outer loop
      vertex 8.22189 63.6855 7
      vertex 0 70 7
      vertex 8 63.7 7
    endloop
  endfacet
  facet normal 0 0 1
    outer loop
      vertex 6.35793 8.43999 7
      vertex 0 0 7
      vertex 6.31454 8.22189 7
    endloop
  endfacet
  facet normal 0 0 1
    outer loop
      vertex 6.31454 62.2219 7
      vertex 0 70 7
      vertex 6.3 62 7
    endloop
  endfacet
  facet normal 0 0 1
    outer loop
      vertex 6.35793 62.44 7
      vertex 0 70 7
      vertex 6.31454 62.2219 7
    endloop
  endfacet
  facet normal 0 0 1
    outer loop
      vertex 6.4294 62.6506 7
      vertex 0 70 7
      vertex 6.35793 62.44 7
    endloop
  endfacet
  facet normal 0 0 1
    outer loop
      vertex 6.52776 62.85 7
      vertex 0 70 7
      vertex 6.4294 62.6506 7
    endloop
  endfacet
  facet normal 0 0 1
    outer loop
      vertex 6.6513 63.0349 7
      vertex 0 70 7
      vertex 6.52776 62.85 7
    endloop
  endfacet
  facet normal 0 0 1
    outer loop
      vertex 6.79792 63.2021 7
      vertex 0 70 7
      vertex 6.6513 63.0349 7
    endloop
  endfacet
  facet normal 0 0 1
    outer loop
      vertex 6.96511 63.3487 7
      vertex 0 70 7
      vertex 6.79792 63.2021 7
    endloop
  endfacet
  facet normal 0 0 1
    outer loop
      vertex 7.15 63.4722 7
      vertex 0 70 7
      vertex 6.96511 63.3487 7
    endloop
  endfacet
  facet normal 0 0 1
    outer loop
      vertex 7.34944 63.5706 7
      vertex 0 70 7
      vertex 7.15 63.4722 7
    endloop
  endfacet
  facet normal 0 0 1
    outer loop
      vertex 7.56001 63.6421 7
      vertex 0 70 7
      vertex 7.34944 63.5706 7
    endloop
  endfacet
  facet normal 0 0 1
    outer loop
      vertex 7.7781 63.6855 7
      vertex 0 70 7
      vertex 7.56001 63.6421 7
    endloop
  endfacet
  facet normal 0 0 1
    outer loop
      vertex 8 63.7 7
      vertex 0 70 7
      vertex 7.7781 63.6855 7
    endloop
  endfacet
  facet normal 0 0 1
    outer loop
      vertex 93.7 8 7
      vertex 100 34 7
      vertex 94 34 7
    endloop
  endfacet
  facet normal -0 0 1
    outer loop
      vertex 93.5706 61.3494 7
      vertex 100 42 7
      vertex 93.6421 61.56 7
    endloop
  endfacet
  facet normal 0 0 1
    outer loop
      vertex 100 34 7
      vertex 93.7 8 7
      vertex 100 0 7
    endloop
  endfacet
  facet normal -0 0 1
    outer loop
      vertex 93.6855 7.7781 7
      vertex 100 0 7
      vertex 93.7 8 7
    endloop
  endfacet
  facet normal -0 0 1
    outer loop
      vertex 93.6421 7.56001 7
      vertex 100 0 7
      vertex 93.6855 7.7781 7
    endloop
  endfacet
  facet normal -0 0 1
    outer loop
      vertex 93.5706 7.34944 7
      vertex 100 0 7
      vertex 93.6421 7.56001 7
    endloop
  endfacet
  facet normal -0 0 1
    outer loop
      vertex 93.4722 7.15 7
      vertex 100 0 7
      vertex 93.5706 7.34944 7
    endloop
  endfacet
  facet normal -0 0 1
    outer loop
      vertex 93.3487 6.96511 7
      vertex 100 0 7
      vertex 93.4722 7.15 7
    endloop
  endfacet
  facet normal -0 0 1
    outer loop
      vertex 93.2021 6.79792 7
      vertex 100 0 7
      vertex 93.3487 6.96511 7
    endloop
  endfacet
  facet normal -0 0 1
    outer loop
      vertex 93.0349 6.6513 7
      vertex 100 0 7
      vertex 93.2021 6.79792 7
    endloop
  endfacet
  facet normal -0 0 1
    outer loop
      vertex 92.85 6.52776 7
      vertex 100 0 7
      vertex 93.0349 6.6513 7
    endloop
  endfacet
  facet normal -0 0 1
    outer loop
      vertex 92.6506 6.4294 7
      vertex 100 0 7
      vertex 92.85 6.52776 7
    endloop
  endfacet
  facet normal -0 0 1
    outer loop
      vertex 92.44 6.35793 7
      vertex 100 0 7
      vertex 92.6506 6.4294 7
    endloop
  endfacet
  facet normal -0 0 1
    outer loop
      vertex 92.2219 6.31454 7
      vertex 100 0 7
      vertex 92.44 6.35793 7
    endloop
  endfacet
  facet normal -0 0 1
    outer loop
      vertex 92 6.3 7
      vertex 100 0 7
      vertex 92.2219 6.31454 7
    endloop
  endfacet
  facet normal 0 0 1
    outer loop
      vertex 91.7781 6.31454 7
      vertex 100 0 7
      vertex 92 6.3 7
    endloop
  endfacet
  facet normal 0 0 1
    outer loop
      vertex 91.56 6.35793 7
      vertex 100 0 7
      vertex 91.7781 6.31454 7
    endloop
  endfacet
  facet normal 0 0 1
    outer loop
      vertex 91.3494 6.4294 7
      vertex 100 0 7
      vertex 91.56 6.35793 7
    endloop
  endfacet
  facet normal 0 0 1
    outer loop
      vertex 91.15 6.52776 7
      vertex 100 0 7
      vertex 91.3494 6.4294 7
    endloop
  endfacet
  facet normal 0 0 1
    outer loop
      vertex 42.5221 18.0342 7
      vertex 91.15 6.52776 7
      vertex 90.9651 6.6513 7
    endloop
  endfacet
  facet normal -0 0 1
    outer loop
      vertex 77.8637 44.9647 7
      vertex 94 42 7
      vertex 77.9658 45.4779 7
    endloop
  endfacet
  facet normal -0 0 1
    outer loop
      vertex 77.6955 44.4693 7
      vertex 94 42 7
      vertex 77.8637 44.9647 7
    endloop
  endfacet
  facet normal 0 0 1
    outer loop
      vertex 90.9651 9.3487 7
      vertex 73.8637 20.9647 7
      vertex 90.7979 9.20208 7
    endloop
  endfacet
  facet normal -0 0 1
    outer loop
      vertex 73.6955 20.4693 7
      vertex 90.7979 9.20208 7
      vertex 73.8637 20.9647 7
    endloop
  endfacet
  facet normal 0 0 1
    outer loop
      vertex 90.7979 9.20208 7
      vertex 73.6955 20.4693 7
      vertex 90.6513 9.03489 7
    endloop
  endfacet
  facet normal -0 0 1
    outer loop
      vertex 73.4641 20 7
      vertex 90.6513 9.03489 7
      vertex 73.6955 20.4693 7
    endloop
  endfacet
  facet normal 0 0 1
    outer loop
      vertex 90.6513 9.03489 7
      vertex 73.4641 20 7
      vertex 90.5278 8.85 7
    endloop
  endfacet
  facet normal -0 0 1
    outer loop
      vertex 73.1734 19.5649 7
      vertex 90.5278 8.85 7
      vertex 73.4641 20 7
    endloop
  endfacet
  facet normal -0 0 1
    outer loop
      vertex 76.8284 43.1716 7
      vertex 94 34 7
      vertex 77.1734 43.5649 7
    endloop
  endfacet
  facet normal -0 0 1
    outer loop
      vertex 76.435 42.8266 7
      vertex 94 34 7
      vertex 76.8284 43.1716 7
    endloop
  endfacet
  facet normal 0 0 1
    outer loop
      vertex 73.9658 30.5221 7
      vertex 94 34 7
      vertex 76.435 42.8266 7
    endloop
  endfacet
  facet normal 0 0 1
    outer loop
      vertex 73.9658 30.5221 7
      vertex 76.435 42.8266 7
      vertex 76 42.5359 7
    endloop
  endfacet
  facet normal 0 0 1
    outer loop
      vertex 73.9658 30.5221 7
      vertex 76 42.5359 7
      vertex 75.5307 42.3045 7
    endloop
  endfacet
  facet normal 0 0 1
    outer loop
      vertex 73.9658 30.5221 7
      vertex 75.5307 42.3045 7
      vertex 75.0353 42.1363 7
    endloop
  endfacet
  facet normal 0 0 1
    outer loop
      vertex 73.9658 30.5221 7
      vertex 75.0353 42.1363 7
      vertex 74.5221 42.0342 7
    endloop
  endfacet
  facet normal 0 0 1
    outer loop
      vertex 72 33.4641 7
      vertex 74.5221 42.0342 7
      vertex 74 42 7
    endloop
  endfacet
  facet normal 0 0 1
    outer loop
      vertex 90.5278 8.85 7
      vertex 73.1734 19.5649 7
      vertex 90.4294 8.65056 7
    endloop
  endfacet
  facet normal -0 0 1
    outer loop
      vertex 72.8284 19.1716 7
      vertex 90.4294 8.65056 7
      vertex 73.1734 19.5649 7
    endloop
  endfacet
  facet normal 0 0 1
    outer loop
      vertex 90.4294 8.65056 7
      vertex 72.8284 19.1716 7
      vertex 90.3579 8.43999 7
    endloop
  endfacet
  facet normal -0 0 1
    outer loop
      vertex 72.435 18.8266 7
      vertex 90.3579 8.43999 7
      vertex 72.8284 19.1716 7
    endloop
  endfacet
  facet normal 0 0 1
    outer loop
      vertex 90.3579 8.43999 7
      vertex 72.435 18.8266 7
      vertex 90.3145 8.22189 7
    endloop
  endfacet
  facet normal -0 0 1
    outer loop
      vertex 72 18.5359 7
      vertex 90.3145 8.22189 7
      vertex 72.435 18.8266 7
    endloop
  endfacet
  facet normal 0 0 1
    outer loop
      vertex 90.3145 8.22189 7
      vertex 72 18.5359 7
      vertex 90.3 8 7
    endloop
  endfacet
  facet normal 0 0 1
    outer loop
      vertex 90.3 8 7
      vertex 72 18.5359 7
      vertex 90.3145 7.7781 7
    endloop
  endfacet
  facet normal -0 0 1
    outer loop
      vertex 71.5307 18.3045 7
      vertex 90.3145 7.7781 7
      vertex 72 18.5359 7
    endloop
  endfacet
  facet normal 0 0 1
    outer loop
      vertex 90.3145 7.7781 7
      vertex 71.5307 18.3045 7
      vertex 90.3579 7.56001 7
    endloop
  endfacet
  facet normal -0 0 1
    outer loop
      vertex 71.0353 18.1363 7
      vertex 90.3579 7.56001 7
      vertex 71.5307 18.3045 7
    endloop
  endfacet
  facet normal 0 0 1
    outer loop
      vertex 90.3579 7.56001 7
      vertex 71.0353 18.1363 7
      vertex 90.4294 7.34944 7
    endloop
  endfacet
  facet normal -0 0 1
    outer loop
      vertex 70.5221 18.0342 7
      vertex 90.4294 7.34944 7
      vertex 71.0353 18.1363 7
    endloop
  endfacet
  facet normal 0 0 1
    outer loop
      vertex 90.4294 7.34944 7
      vertex 70.5221 18.0342 7
      vertex 90.5278 7.15 7
    endloop
  endfacet
  facet normal -0 0 1
    outer loop
      vertex 70 18 7
      vertex 90.5278 7.15 7
      vertex 70.5221 18.0342 7
    endloop
  endfacet
  facet normal 0 0 1
    outer loop
      vertex 90.5278 7.15 7
      vertex 70 18 7
      vertex 90.6513 6.96511 7
    endloop
  endfacet
  facet normal -0 0 1
    outer loop
      vertex 62 18 7
      vertex 90.6513 6.96511 7
      vertex 70 18 7
    endloop
  endfacet
  facet normal 0 0 1
    outer loop
      vertex 90.6513 6.96511 7
      vertex 62 18 7
      vertex 90.7979 6.79792 7
    endloop
  endfacet
  facet normal 0 0 1
    outer loop
      vertex 90.7979 6.79792 7
      vertex 62 18 7
      vertex 90.9651 6.6513 7
    endloop
  endfacet
  facet normal 0 0 1
    outer loop
      vertex 61.4779 18.0342 7
      vertex 90.9651 6.6513 7
      vertex 62 18 7
    endloop
  endfacet
  facet normal -0 0 1
    outer loop
      vertex 42.5221 18.0342 7
      vertex 90.9651 6.6513 7
      vertex 61.4779 18.0342 7
    endloop
  endfacet
  facet normal 0 0 1
    outer loop
      vertex 42.5221 18.0342 7
      vertex 61.4779 18.0342 7
      vertex 60.9647 18.1363 7
    endloop
  endfacet
  facet normal 0 0 1
    outer loop
      vertex 43.0353 18.1363 7
      vertex 60.9647 18.1363 7
      vertex 60.4693 18.3045 7
    endloop
  endfacet
  facet normal 0 0 1
    outer loop
      vertex 57.5432 22.5299 7
      vertex 58.0342 21.4779 7
      vertex 58 22 7
    endloop
  endfacet
  facet normal 0 0 1
    outer loop
      vertex 57.5432 22.5299 7
      vertex 58.1363 20.9647 7
      vertex 58.0342 21.4779 7
    endloop
  endfacet
  facet normal 0 0 1
    outer loop
      vertex 45.8637 20.9647 7
      vertex 58.1363 20.9647 7
      vertex 57.5432 22.5299 7
    endloop
  endfacet
  facet normal 0 0 1
    outer loop
      vertex 46 22 7
      vertex 57.5432 22.5299 7
      vertex 46 24.4538 7
    endloop
  endfacet
  facet normal 0 0 1
    outer loop
      vertex 45.9658 21.4779 7
      vertex 57.5432 22.5299 7
      vertex 46 22 7
    endloop
  endfacet
  facet normal 0 0 1
    outer loop
      vertex 45.8637 20.9647 7
      vertex 57.5432 22.5299 7
      vertex 45.9658 21.4779 7
    endloop
  endfacet
  facet normal 0 0 1
    outer loop
      vertex 58.1363 20.9647 7
      vertex 45.8637 20.9647 7
      vertex 58.3045 20.4693 7
    endloop
  endfacet
  facet normal 0 0 1
    outer loop
      vertex 45.6955 20.4693 7
      vertex 58.3045 20.4693 7
      vertex 45.8637 20.9647 7
    endloop
  endfacet
  facet normal 0 0 1
    outer loop
      vertex 58.3045 20.4693 7
      vertex 45.6955 20.4693 7
      vertex 58.5359 20 7
    endloop
  endfacet
  facet normal 0 0 1
    outer loop
      vertex 45.4641 20 7
      vertex 58.5359 20 7
      vertex 45.6955 20.4693 7
    endloop
  endfacet
  facet normal 0 0 1
    outer loop
      vertex 58.5359 20 7
      vertex 45.4641 20 7
      vertex 58.8266 19.5649 7
    endloop
  endfacet
  facet normal 0 0 1
    outer loop
      vertex 45.1734 19.5649 7
      vertex 58.8266 19.5649 7
      vertex 45.4641 20 7
    endloop
  endfacet
  facet normal 0 0 1
    outer loop
      vertex 58.8266 19.5649 7
      vertex 45.1734 19.5649 7
      vertex 59.1716 19.1716 7
    endloop
  endfacet
  facet normal 0 0 1
    outer loop
      vertex 44.8284 19.1716 7
      vertex 59.1716 19.1716 7
      vertex 45.1734 19.5649 7
    endloop
  endfacet
  facet normal 0 0 1
    outer loop
      vertex 59.1716 19.1716 7
      vertex 44.8284 19.1716 7
      vertex 59.5649 18.8266 7
    endloop
  endfacet
  facet normal 0 0 1
    outer loop
      vertex 44.435 18.8266 7
      vertex 59.5649 18.8266 7
      vertex 44.8284 19.1716 7
    endloop
  endfacet
  facet normal 0 0 1
    outer loop
      vertex 59.5649 18.8266 7
      vertex 44.435 18.8266 7
      vertex 60 18.5359 7
    endloop
  endfacet
  facet normal 0 0 1
    outer loop
      vertex 44 18.5359 7
      vertex 60 18.5359 7
      vertex 44.435 18.8266 7
    endloop
  endfacet
  facet normal 0 0 1
    outer loop
      vertex 60 18.5359 7
      vertex 44 18.5359 7
      vertex 60.4693 18.3045 7
    endloop
  endfacet
  facet normal 0 0 1
    outer loop
      vertex 43.5307 18.3045 7
      vertex 60.4693 18.3045 7
      vertex 44 18.5359 7
    endloop
  endfacet
  facet normal 0 0 1
    outer loop
      vertex 43.0353 18.1363 7
      vertex 60.4693 18.3045 7
      vertex 43.5307 18.3045 7
    endloop
  endfacet
  facet normal 0 0 1
    outer loop
      vertex 60.9647 18.1363 7
      vertex 43.0353 18.1363 7
      vertex 42.5221 18.0342 7
    endloop
  endfacet
  facet normal 0 0 1
    outer loop
      vertex 91.15 6.52776 7
      vertex 42.5221 18.0342 7
      vertex 100 0 7
    endloop
  endfacet
  facet normal 0 0 1
    outer loop
      vertex 8.85 6.52776 7
      vertex 42.5221 18.0342 7
      vertex 42 18 7
    endloop
  endfacet
  facet normal 0 0 1
    outer loop
      vertex 9.3487 6.96511 7
      vertex 42 18 7
      vertex 24 18 7
    endloop
  endfacet
  facet normal 0 0 1
    outer loop
      vertex 9.64207 7.56001 7
      vertex 24 18 7
      vertex 23.4779 18.0342 7
    endloop
  endfacet
  facet normal 0 0 1
    outer loop
      vertex 9.68546 7.7781 7
      vertex 23.4779 18.0342 7
      vertex 22.9647 18.1363 7
    endloop
  endfacet
  facet normal 0 0 1
    outer loop
      vertex 20 34 7
      vertex 9.7 8 7
      vertex 20 22 7
    endloop
  endfacet
  facet normal 0 0 1
    outer loop
      vertex 20 22 7
      vertex 9.7 8 7
      vertex 20.0342 21.4779 7
    endloop
  endfacet
  facet normal 0 0 1
    outer loop
      vertex 20.0342 21.4779 7
      vertex 9.7 8 7
      vertex 20.1363 20.9647 7
    endloop
  endfacet
  facet normal 0 0 1
    outer loop
      vertex 9.7 8 7
      vertex 20.3045 20.4693 7
      vertex 20.1363 20.9647 7
    endloop
  endfacet
  facet normal 0 0 1
    outer loop
      vertex 9.7 8 7
      vertex 20.5359 20 7
      vertex 20.3045 20.4693 7
    endloop
  endfacet
  facet normal 0 0 1
    outer loop
      vertex 9.7 8 7
      vertex 20.8266 19.5649 7
      vertex 20.5359 20 7
    endloop
  endfacet
  facet normal 0 0 1
    outer loop
      vertex 9.7 8 7
      vertex 21.1716 19.1716 7
      vertex 20.8266 19.5649 7
    endloop
  endfacet
  facet normal 0 0 1
    outer loop
      vertex 9.7 8 7
      vertex 21.5649 18.8266 7
      vertex 21.1716 19.1716 7
    endloop
  endfacet
  facet normal 0 0 1
    outer loop
      vertex 9.7 8 7
      vertex 22 18.5359 7
      vertex 21.5649 18.8266 7
    endloop
  endfacet
  facet normal 0 0 1
    outer loop
      vertex 9.7 8 7
      vertex 22.4693 18.3045 7
      vertex 22 18.5359 7
    endloop
  endfacet
  facet normal 0 0 1
    outer loop
      vertex 9.7 8 7
      vertex 22.9647 18.1363 7
      vertex 22.4693 18.3045 7
    endloop
  endfacet
  facet normal 0 0 1
    outer loop
      vertex 9.68546 7.7781 7
      vertex 22.9647 18.1363 7
      vertex 9.7 8 7
    endloop
  endfacet
  facet normal 0 0 1
    outer loop
      vertex 23.4779 18.0342 7
      vertex 9.68546 7.7781 7
      vertex 9.64207 7.56001 7
    endloop
  endfacet
  facet normal 0 0 1
    outer loop
      vertex 24 18 7
      vertex 9.64207 7.56001 7
      vertex 9.57059 7.34944 7
    endloop
  endfacet
  facet normal 0 0 1
    outer loop
      vertex 24 18 7
      vertex 9.57059 7.34944 7
      vertex 9.47224 7.15 7
    endloop
  endfacet
  facet normal 0 0 1
    outer loop
      vertex 24 18 7
      vertex 9.47224 7.15 7
      vertex 9.3487 6.96511 7
    endloop
  endfacet
  facet normal 0 0 1
    outer loop
      vertex 42 18 7
      vertex 9.3487 6.96511 7
      vertex 9.20208 6.79792 7
    endloop
  endfacet
  facet normal 0 0 1
    outer loop
      vertex 9.03489 6.6513 7
      vertex 42 18 7
      vertex 9.20208 6.79792 7
    endloop
  endfacet
  facet normal 0 0 1
    outer loop
      vertex 8.85 6.52776 7
      vertex 42 18 7
      vertex 9.03489 6.6513 7
    endloop
  endfacet
  facet normal 0 0 1
    outer loop
      vertex 42.5221 18.0342 7
      vertex 8.85 6.52776 7
      vertex 100 0 7
    endloop
  endfacet
  facet normal 0 0 1
    outer loop
      vertex 0 0 7
      vertex 8.85 6.52776 7
      vertex 8.65056 6.4294 7
    endloop
  endfacet
  facet normal 0 0 1
    outer loop
      vertex 0 0 7
      vertex 8.65056 6.4294 7
      vertex 8.43999 6.35793 7
    endloop
  endfacet
  facet normal 0 0 1
    outer loop
      vertex 0 0 7
      vertex 8.43999 6.35793 7
      vertex 8.22189 6.31454 7
    endloop
  endfacet
  facet normal 0 0 1
    outer loop
      vertex 0 0 7
      vertex 8.22189 6.31454 7
      vertex 8 6.3 7
    endloop
  endfacet
  facet normal 0 0 1
    outer loop
      vertex 0 0 7
      vertex 8 6.3 7
      vertex 7.7781 6.31454 7
    endloop
  endfacet
  facet normal 0 0 1
    outer loop
      vertex 6.31454 8.22189 7
      vertex 0 0 7
      vertex 6.3 8 7
    endloop
  endfacet
  facet normal 0 0 1
    outer loop
      vertex 8.85 6.52776 7
      vertex 0 0 7
      vertex 100 0 7
    endloop
  endfacet
  facet normal 0 0 1
    outer loop
      vertex 7.56001 6.35793 7
      vertex 0 0 7
      vertex 7.7781 6.31454 7
    endloop
  endfacet
  facet normal 0 0 1
    outer loop
      vertex 7.34944 6.4294 7
      vertex 0 0 7
      vertex 7.56001 6.35793 7
    endloop
  endfacet
  facet normal 0 0 1
    outer loop
      vertex 7.15 6.52776 7
      vertex 0 0 7
      vertex 7.34944 6.4294 7
    endloop
  endfacet
  facet normal 0 0 1
    outer loop
      vertex 6.96511 6.6513 7
      vertex 0 0 7
      vertex 7.15 6.52776 7
    endloop
  endfacet
  facet normal 0 0 1
    outer loop
      vertex 6.79792 6.79792 7
      vertex 0 0 7
      vertex 6.96511 6.6513 7
    endloop
  endfacet
  facet normal 0 0 1
    outer loop
      vertex 6.6513 6.96511 7
      vertex 0 0 7
      vertex 6.79792 6.79792 7
    endloop
  endfacet
  facet normal 0 0 1
    outer loop
      vertex 6.52776 7.15 7
      vertex 0 0 7
      vertex 6.6513 6.96511 7
    endloop
  endfacet
  facet normal 0 0 1
    outer loop
      vertex 6.4294 7.34944 7
      vertex 0 0 7
      vertex 6.52776 7.15 7
    endloop
  endfacet
  facet normal 0 0 1
    outer loop
      vertex 6.35793 7.56001 7
      vertex 0 0 7
      vertex 6.4294 7.34944 7
    endloop
  endfacet
  facet normal 0 0 1
    outer loop
      vertex 6.31454 7.7781 7
      vertex 0 0 7
      vertex 6.35793 7.56001 7
    endloop
  endfacet
  facet normal 0 0 1
    outer loop
      vertex 6.3 8 7
      vertex 0 0 7
      vertex 6.31454 7.7781 7
    endloop
  endfacet
  facet normal 1 -0 0
    outer loop
      vertex 94 34 7
      vertex 94 42 5
      vertex 94 42 7
    endloop
  endfacet
  facet normal 1 0 0
    outer loop
      vertex 94 42 5
      vertex 94 34 7
      vertex 94 34 5
    endloop
  endfacet
  facet normal 0 -1 0
    outer loop
      vertex 94 42 5
      vertex 100 42 7
      vertex 94 42 7
    endloop
  endfacet
  facet normal 0 -1 -0
    outer loop
      vertex 100 42 7
      vertex 94 42 5
      vertex 100 42 5
    endloop
  endfacet
  facet normal -0 0 1
    outer loop
      vertex 94 42 5
      vertex 100 34 5
      vertex 100 42 5
    endloop
  endfacet
  facet normal 0 0 1
    outer loop
      vertex 100 34 5
      vertex 94 42 5
      vertex 94 34 5
    endloop
  endfacet
  facet normal 0 1 -0
    outer loop
      vertex 100 34 5
      vertex 94 34 7
      vertex 100 34 7
    endloop
  endfacet
  facet normal 0 1 0
    outer loop
      vertex 94 34 7
      vertex 100 34 5
      vertex 94 34 5
    endloop
  endfacet
endsolid OpenSCAD_Model
