solid OpenSCAD_Model
  facet normal -0.99787 0 0.0652369
    outer loop
      vertex 45.4872 68 5.80421
      vertex 45.5 70 6
      vertex 45.4872 70 5.80421
    endloop
  endfacet
  facet normal -0.99787 0 0.0652369
    outer loop
      vertex 45.5 70 6
      vertex 45.4872 68 5.80421
      vertex 45.5 68 6
    endloop
  endfacet
  facet normal 0.0653858 0 0.99786
    outer loop
      vertex 43.8042 70 4.51283
      vertex 44 68 4.5
      vertex 44 70 4.5
    endloop
  endfacet
  facet normal 0.0653858 0 0.99786
    outer loop
      vertex 44 68 4.5
      vertex 43.8042 70 4.51283
      vertex 43.8042 68 4.51283
    endloop
  endfacet
  facet normal -0.0653858 0 -0.99786
    outer loop
      vertex 44 68 7.5
      vertex 44.1958 70 7.48717
      vertex 44.1958 68 7.48717
    endloop
  endfacet
  facet normal -0.0653858 0 -0.99786
    outer loop
      vertex 44.1958 70 7.48717
      vertex 44 68 7.5
      vertex 44 70 7.5
    endloop
  endfacet
  facet normal -0.659139 0 0.752021
    outer loop
      vertex 44.9131 70 4.80997
      vertex 45.0607 68 4.93934
      vertex 45.0607 70 4.93934
    endloop
  endfacet
  facet normal -0.659139 0 0.752021
    outer loop
      vertex 45.0607 68 4.93934
      vertex 44.9131 70 4.80997
      vertex 44.9131 68 4.80997
    endloop
  endfacet
  facet normal 0.752021 -0 0.65914
    outer loop
      vertex 42.81 68 5.08686
      vertex 42.9393 70 4.93934
      vertex 42.81 70 5.08686
    endloop
  endfacet
  facet normal 0.752021 0 0.65914
    outer loop
      vertex 42.9393 70 4.93934
      vertex 42.81 68 5.08686
      vertex 42.9393 68 4.93934
    endloop
  endfacet
  facet normal 0.442233 0 0.8969
    outer loop
      vertex 43.25 70 4.70096
      vertex 43.426 68 4.61418
      vertex 43.426 70 4.61418
    endloop
  endfacet
  facet normal 0.442233 0 0.8969
    outer loop
      vertex 43.426 68 4.61418
      vertex 43.25 70 4.70096
      vertex 43.25 68 4.70096
    endloop
  endfacet
  facet normal -0.946879 0 -0.321589
    outer loop
      vertex 45.4489 68 6.38823
      vertex 45.3858 70 6.57402
      vertex 45.4489 70 6.38823
    endloop
  endfacet
  facet normal -0.946879 -0 -0.321589
    outer loop
      vertex 45.3858 70 6.57402
      vertex 45.4489 68 6.38823
      vertex 45.3858 68 6.57402
    endloop
  endfacet
  facet normal -0.89683 0 0.442376
    outer loop
      vertex 45.299 68 5.25
      vertex 45.3858 70 5.42597
      vertex 45.299 70 5.25
    endloop
  endfacet
  facet normal -0.89683 0 0.442376
    outer loop
      vertex 45.3858 70 5.42597
      vertex 45.299 68 5.25
      vertex 45.3858 68 5.42597
    endloop
  endfacet
  facet normal -0.980764 0 0.195195
    outer loop
      vertex 45.4489 68 5.61177
      vertex 45.4872 70 5.80421
      vertex 45.4489 70 5.61177
    endloop
  endfacet
  facet normal -0.980764 0 0.195195
    outer loop
      vertex 45.4872 70 5.80421
      vertex 45.4489 68 5.61177
      vertex 45.4872 68 5.80421
    endloop
  endfacet
  facet normal -0.321437 0 0.946931
    outer loop
      vertex 44.3882 70 4.55111
      vertex 44.574 68 4.61418
      vertex 44.574 70 4.61418
    endloop
  endfacet
  facet normal -0.321437 0 0.946931
    outer loop
      vertex 44.574 68 4.61418
      vertex 44.3882 70 4.55111
      vertex 44.3882 68 4.55111
    endloop
  endfacet
  facet normal -0.195136 0 0.980776
    outer loop
      vertex 44.1958 70 4.51283
      vertex 44.3882 68 4.55111
      vertex 44.3882 70 4.55111
    endloop
  endfacet
  facet normal -0.195136 0 0.980776
    outer loop
      vertex 44.3882 68 4.55111
      vertex 44.1958 70 4.51283
      vertex 44.1958 68 4.51283
    endloop
  endfacet
  facet normal -0.555676 0 0.831399
    outer loop
      vertex 44.75 70 4.70096
      vertex 44.9131 68 4.80997
      vertex 44.9131 70 4.80997
    endloop
  endfacet
  facet normal -0.555676 0 0.831399
    outer loop
      vertex 44.9131 68 4.80997
      vertex 44.75 70 4.70096
      vertex 44.75 68 4.70096
    endloop
  endfacet
  facet normal 0.946885 -0 0.321574
    outer loop
      vertex 42.5511 68 5.61177
      vertex 42.6142 70 5.42597
      vertex 42.5511 70 5.61177
    endloop
  endfacet
  facet normal 0.946885 0 0.321574
    outer loop
      vertex 42.6142 70 5.42597
      vertex 42.5511 68 5.61177
      vertex 42.6142 68 5.42597
    endloop
  endfacet
  facet normal 0.831485 -0 0.555547
    outer loop
      vertex 42.701 68 5.25
      vertex 42.81 70 5.08686
      vertex 42.701 70 5.25
    endloop
  endfacet
  facet normal 0.831485 0 0.555547
    outer loop
      vertex 42.81 70 5.08686
      vertex 42.701 68 5.25
      vertex 42.81 68 5.08686
    endloop
  endfacet
  facet normal 0.980764 -0 0.195195
    outer loop
      vertex 42.5128 68 5.80421
      vertex 42.5511 70 5.61177
      vertex 42.5128 70 5.80421
    endloop
  endfacet
  facet normal 0.980764 0 0.195195
    outer loop
      vertex 42.5511 70 5.61177
      vertex 42.5128 68 5.80421
      vertex 42.5511 68 5.61177
    endloop
  endfacet
  facet normal 0.195136 0 0.980776
    outer loop
      vertex 43.6118 70 4.55111
      vertex 43.8042 68 4.51283
      vertex 43.8042 70 4.51283
    endloop
  endfacet
  facet normal 0.195136 0 0.980776
    outer loop
      vertex 43.8042 68 4.51283
      vertex 43.6118 70 4.55111
      vertex 43.6118 68 4.55111
    endloop
  endfacet
  facet normal 0.831485 0 -0.555547
    outer loop
      vertex 42.81 68 6.91314
      vertex 42.701 70 6.75
      vertex 42.81 70 6.91314
    endloop
  endfacet
  facet normal 0.831485 0 -0.555547
    outer loop
      vertex 42.701 70 6.75
      vertex 42.81 68 6.91314
      vertex 42.701 68 6.75
    endloop
  endfacet
  facet normal -0.946885 0 0.321574
    outer loop
      vertex 45.3858 68 5.42597
      vertex 45.4489 70 5.61177
      vertex 45.3858 70 5.42597
    endloop
  endfacet
  facet normal -0.946885 0 0.321574
    outer loop
      vertex 45.4489 70 5.61177
      vertex 45.3858 68 5.42597
      vertex 45.4489 68 5.61177
    endloop
  endfacet
  facet normal -0.752021 0 0.65914
    outer loop
      vertex 45.0607 68 4.93934
      vertex 45.19 70 5.08686
      vertex 45.0607 70 4.93934
    endloop
  endfacet
  facet normal -0.752021 0 0.65914
    outer loop
      vertex 45.19 70 5.08686
      vertex 45.0607 68 4.93934
      vertex 45.19 68 5.08686
    endloop
  endfacet
  facet normal -0.831485 0 0.555547
    outer loop
      vertex 45.19 68 5.08686
      vertex 45.299 70 5.25
      vertex 45.19 70 5.08686
    endloop
  endfacet
  facet normal -0.831485 0 0.555547
    outer loop
      vertex 45.299 70 5.25
      vertex 45.19 68 5.08686
      vertex 45.299 68 5.25
    endloop
  endfacet
  facet normal -0.0653858 0 0.99786
    outer loop
      vertex 44 70 4.5
      vertex 44.1958 68 4.51283
      vertex 44.1958 70 4.51283
    endloop
  endfacet
  facet normal -0.0653858 0 0.99786
    outer loop
      vertex 44.1958 68 4.51283
      vertex 44 70 4.5
      vertex 44 68 4.5
    endloop
  endfacet
  facet normal -0.442233 0 0.8969
    outer loop
      vertex 44.574 70 4.61418
      vertex 44.75 68 4.70096
      vertex 44.75 70 4.70096
    endloop
  endfacet
  facet normal -0.442233 0 0.8969
    outer loop
      vertex 44.75 68 4.70096
      vertex 44.574 70 4.61418
      vertex 44.574 68 4.61418
    endloop
  endfacet
  facet normal 0 1 0
    outer loop
      vertex 44.1958 68 7.48717
      vertex 43.8042 68 7.48717
      vertex 44 68 7.5
    endloop
  endfacet
  facet normal 0 1 0
    outer loop
      vertex 44.3882 68 7.44889
      vertex 43.8042 68 7.48717
      vertex 44.1958 68 7.48717
    endloop
  endfacet
  facet normal 0 1 0
    outer loop
      vertex 44.3882 68 7.44889
      vertex 43.6118 68 7.44889
      vertex 43.8042 68 7.48717
    endloop
  endfacet
  facet normal 0 1 0
    outer loop
      vertex 44.574 68 7.38582
      vertex 43.6118 68 7.44889
      vertex 44.3882 68 7.44889
    endloop
  endfacet
  facet normal 0 1 0
    outer loop
      vertex 44.574 68 7.38582
      vertex 43.426 68 7.38582
      vertex 43.6118 68 7.44889
    endloop
  endfacet
  facet normal 0 1 0
    outer loop
      vertex 44.75 68 7.29904
      vertex 43.426 68 7.38582
      vertex 44.574 68 7.38582
    endloop
  endfacet
  facet normal 0 1 0
    outer loop
      vertex 44.75 68 7.29904
      vertex 43.25 68 7.29904
      vertex 43.426 68 7.38582
    endloop
  endfacet
  facet normal 0 1 0
    outer loop
      vertex 44.9131 68 7.19003
      vertex 43.25 68 7.29904
      vertex 44.75 68 7.29904
    endloop
  endfacet
  facet normal 0 1 0
    outer loop
      vertex 44.9131 68 7.19003
      vertex 43.0869 68 7.19003
      vertex 43.25 68 7.29904
    endloop
  endfacet
  facet normal 0 1 0
    outer loop
      vertex 45.0607 68 7.06066
      vertex 43.0869 68 7.19003
      vertex 44.9131 68 7.19003
    endloop
  endfacet
  facet normal 0 1 0
    outer loop
      vertex 45.0607 68 7.06066
      vertex 42.9393 68 7.06066
      vertex 43.0869 68 7.19003
    endloop
  endfacet
  facet normal 0 1 0
    outer loop
      vertex 45.19 68 6.91314
      vertex 42.9393 68 7.06066
      vertex 45.0607 68 7.06066
    endloop
  endfacet
  facet normal 0 1 0
    outer loop
      vertex 45.19 68 6.91314
      vertex 42.81 68 6.91314
      vertex 42.9393 68 7.06066
    endloop
  endfacet
  facet normal 0 1 0
    outer loop
      vertex 45.299 68 6.75
      vertex 42.81 68 6.91314
      vertex 45.19 68 6.91314
    endloop
  endfacet
  facet normal 0 1 0
    outer loop
      vertex 45.299 68 6.75
      vertex 42.701 68 6.75
      vertex 42.81 68 6.91314
    endloop
  endfacet
  facet normal 0 1 0
    outer loop
      vertex 45.3858 68 6.57402
      vertex 42.701 68 6.75
      vertex 45.299 68 6.75
    endloop
  endfacet
  facet normal 0 1 0
    outer loop
      vertex 45.3858 68 6.57402
      vertex 42.6142 68 6.57402
      vertex 42.701 68 6.75
    endloop
  endfacet
  facet normal 0 1 0
    outer loop
      vertex 45.4489 68 6.38823
      vertex 42.6142 68 6.57402
      vertex 45.3858 68 6.57402
    endloop
  endfacet
  facet normal 0 1 0
    outer loop
      vertex 45.4489 68 6.38823
      vertex 42.5511 68 6.38823
      vertex 42.6142 68 6.57402
    endloop
  endfacet
  facet normal 0 1 0
    outer loop
      vertex 45.4872 68 6.19579
      vertex 42.5511 68 6.38823
      vertex 45.4489 68 6.38823
    endloop
  endfacet
  facet normal 0 1 0
    outer loop
      vertex 45.4872 68 6.19579
      vertex 42.5128 68 6.19579
      vertex 42.5511 68 6.38823
    endloop
  endfacet
  facet normal 0 1 0
    outer loop
      vertex 45.5 68 6
      vertex 42.5128 68 6.19579
      vertex 45.4872 68 6.19579
    endloop
  endfacet
  facet normal 0 1 0
    outer loop
      vertex 45.5 68 6
      vertex 42.5 68 6
      vertex 42.5128 68 6.19579
    endloop
  endfacet
  facet normal 0 1 -0
    outer loop
      vertex 45.4872 68 5.80421
      vertex 42.5 68 6
      vertex 45.5 68 6
    endloop
  endfacet
  facet normal 0 1 0
    outer loop
      vertex 45.4872 68 5.80421
      vertex 42.5128 68 5.80421
      vertex 42.5 68 6
    endloop
  endfacet
  facet normal 0 1 -0
    outer loop
      vertex 45.4489 68 5.61177
      vertex 42.5128 68 5.80421
      vertex 45.4872 68 5.80421
    endloop
  endfacet
  facet normal 0 1 0
    outer loop
      vertex 45.4489 68 5.61177
      vertex 42.5511 68 5.61177
      vertex 42.5128 68 5.80421
    endloop
  endfacet
  facet normal 0 1 -0
    outer loop
      vertex 45.3858 68 5.42597
      vertex 42.5511 68 5.61177
      vertex 45.4489 68 5.61177
    endloop
  endfacet
  facet normal 0 1 0
    outer loop
      vertex 45.3858 68 5.42597
      vertex 42.6142 68 5.42597
      vertex 42.5511 68 5.61177
    endloop
  endfacet
  facet normal 0 1 -0
    outer loop
      vertex 45.299 68 5.25
      vertex 42.6142 68 5.42597
      vertex 45.3858 68 5.42597
    endloop
  endfacet
  facet normal 0 1 0
    outer loop
      vertex 45.299 68 5.25
      vertex 42.701 68 5.25
      vertex 42.6142 68 5.42597
    endloop
  endfacet
  facet normal 0 1 -0
    outer loop
      vertex 45.19 68 5.08686
      vertex 42.701 68 5.25
      vertex 45.299 68 5.25
    endloop
  endfacet
  facet normal 0 1 0
    outer loop
      vertex 45.19 68 5.08686
      vertex 42.81 68 5.08686
      vertex 42.701 68 5.25
    endloop
  endfacet
  facet normal 0 1 -0
    outer loop
      vertex 45.0607 68 4.93934
      vertex 42.81 68 5.08686
      vertex 45.19 68 5.08686
    endloop
  endfacet
  facet normal 0 1 0
    outer loop
      vertex 45.0607 68 4.93934
      vertex 42.9393 68 4.93934
      vertex 42.81 68 5.08686
    endloop
  endfacet
  facet normal 0 1 -0
    outer loop
      vertex 44.9131 68 4.80997
      vertex 42.9393 68 4.93934
      vertex 45.0607 68 4.93934
    endloop
  endfacet
  facet normal 0 1 0
    outer loop
      vertex 44.9131 68 4.80997
      vertex 43.0869 68 4.80997
      vertex 42.9393 68 4.93934
    endloop
  endfacet
  facet normal 0 1 -0
    outer loop
      vertex 44.75 68 4.70096
      vertex 43.0869 68 4.80997
      vertex 44.9131 68 4.80997
    endloop
  endfacet
  facet normal 0 1 0
    outer loop
      vertex 44.75 68 4.70096
      vertex 43.25 68 4.70096
      vertex 43.0869 68 4.80997
    endloop
  endfacet
  facet normal 0 1 -0
    outer loop
      vertex 44.574 68 4.61418
      vertex 43.25 68 4.70096
      vertex 44.75 68 4.70096
    endloop
  endfacet
  facet normal 0 1 0
    outer loop
      vertex 44.574 68 4.61418
      vertex 43.426 68 4.61418
      vertex 43.25 68 4.70096
    endloop
  endfacet
  facet normal 0 1 -0
    outer loop
      vertex 44.3882 68 4.55111
      vertex 43.426 68 4.61418
      vertex 44.574 68 4.61418
    endloop
  endfacet
  facet normal 0 1 0
    outer loop
      vertex 44.3882 68 4.55111
      vertex 43.6118 68 4.55111
      vertex 43.426 68 4.61418
    endloop
  endfacet
  facet normal 0 1 -0
    outer loop
      vertex 44.1958 68 4.51283
      vertex 43.6118 68 4.55111
      vertex 44.3882 68 4.55111
    endloop
  endfacet
  facet normal 0 1 0
    outer loop
      vertex 44.1958 68 4.51283
      vertex 43.8042 68 4.51283
      vertex 43.6118 68 4.55111
    endloop
  endfacet
  facet normal -0 1 0
    outer loop
      vertex 43.8042 68 4.51283
      vertex 44.1958 68 4.51283
      vertex 44 68 4.5
    endloop
  endfacet
  facet normal 0.89683 -0 0.442376
    outer loop
      vertex 42.6142 68 5.42597
      vertex 42.701 70 5.25
      vertex 42.6142 70 5.42597
    endloop
  endfacet
  facet normal 0.89683 0 0.442376
    outer loop
      vertex 42.701 70 5.25
      vertex 42.6142 68 5.42597
      vertex 42.701 68 5.25
    endloop
  endfacet
  facet normal 0.99787 -0 0.0652369
    outer loop
      vertex 42.5 68 6
      vertex 42.5128 70 5.80421
      vertex 42.5 70 6
    endloop
  endfacet
  facet normal 0.99787 0 0.0652369
    outer loop
      vertex 42.5128 70 5.80421
      vertex 42.5 68 6
      vertex 42.5128 68 5.80421
    endloop
  endfacet
  facet normal 0.555676 0 0.831399
    outer loop
      vertex 43.0869 70 4.80997
      vertex 43.25 68 4.70096
      vertex 43.25 70 4.70096
    endloop
  endfacet
  facet normal 0.555676 0 0.831399
    outer loop
      vertex 43.25 68 4.70096
      vertex 43.0869 70 4.80997
      vertex 43.0869 68 4.80997
    endloop
  endfacet
  facet normal 0.659139 0 0.752021
    outer loop
      vertex 42.9393 70 4.93934
      vertex 43.0869 68 4.80997
      vertex 43.0869 70 4.80997
    endloop
  endfacet
  facet normal 0.659139 0 0.752021
    outer loop
      vertex 43.0869 68 4.80997
      vertex 42.9393 70 4.93934
      vertex 42.9393 68 4.93934
    endloop
  endfacet
  facet normal 0.321437 0 0.946931
    outer loop
      vertex 43.426 70 4.61418
      vertex 43.6118 68 4.55111
      vertex 43.6118 70 4.55111
    endloop
  endfacet
  facet normal 0.321437 0 0.946931
    outer loop
      vertex 43.6118 68 4.55111
      vertex 43.426 70 4.61418
      vertex 43.426 68 4.61418
    endloop
  endfacet
  facet normal -0.99787 0 -0.0652369
    outer loop
      vertex 45.5 68 6
      vertex 45.4872 70 6.19579
      vertex 45.5 70 6
    endloop
  endfacet
  facet normal -0.99787 -0 -0.0652369
    outer loop
      vertex 45.4872 70 6.19579
      vertex 45.5 68 6
      vertex 45.4872 68 6.19579
    endloop
  endfacet
  facet normal -0.831485 0 -0.555547
    outer loop
      vertex 45.299 68 6.75
      vertex 45.19 70 6.91314
      vertex 45.299 70 6.75
    endloop
  endfacet
  facet normal -0.831485 -0 -0.555547
    outer loop
      vertex 45.19 70 6.91314
      vertex 45.299 68 6.75
      vertex 45.19 68 6.91314
    endloop
  endfacet
  facet normal -0.980764 0 -0.195195
    outer loop
      vertex 45.4872 68 6.19579
      vertex 45.4489 70 6.38823
      vertex 45.4872 70 6.19579
    endloop
  endfacet
  facet normal -0.980764 -0 -0.195195
    outer loop
      vertex 45.4489 70 6.38823
      vertex 45.4872 68 6.19579
      vertex 45.4489 68 6.38823
    endloop
  endfacet
  facet normal -0.555676 0 -0.831399
    outer loop
      vertex 44.75 68 7.29904
      vertex 44.9131 70 7.19003
      vertex 44.9131 68 7.19003
    endloop
  endfacet
  facet normal -0.555676 0 -0.831399
    outer loop
      vertex 44.9131 70 7.19003
      vertex 44.75 68 7.29904
      vertex 44.75 70 7.29904
    endloop
  endfacet
  facet normal 0.99787 0 -0.0652369
    outer loop
      vertex 42.5128 68 6.19579
      vertex 42.5 70 6
      vertex 42.5128 70 6.19579
    endloop
  endfacet
  facet normal 0.99787 0 -0.0652369
    outer loop
      vertex 42.5 70 6
      vertex 42.5128 68 6.19579
      vertex 42.5 68 6
    endloop
  endfacet
  facet normal -0.89684 0 -0.442355
    outer loop
      vertex 45.3858 68 6.57402
      vertex 45.299 70 6.75
      vertex 45.3858 70 6.57402
    endloop
  endfacet
  facet normal -0.89684 -0 -0.442355
    outer loop
      vertex 45.299 70 6.75
      vertex 45.3858 68 6.57402
      vertex 45.299 68 6.75
    endloop
  endfacet
  facet normal 0.659139 0 -0.752021
    outer loop
      vertex 42.9393 68 7.06066
      vertex 43.0869 70 7.19003
      vertex 43.0869 68 7.19003
    endloop
  endfacet
  facet normal 0.659139 0 -0.752021
    outer loop
      vertex 43.0869 70 7.19003
      vertex 42.9393 68 7.06066
      vertex 42.9393 70 7.06066
    endloop
  endfacet
  facet normal 0.946879 0 -0.321589
    outer loop
      vertex 42.6142 68 6.57402
      vertex 42.5511 70 6.38823
      vertex 42.6142 70 6.57402
    endloop
  endfacet
  facet normal 0.946879 0 -0.321589
    outer loop
      vertex 42.5511 70 6.38823
      vertex 42.6142 68 6.57402
      vertex 42.5511 68 6.38823
    endloop
  endfacet
  facet normal 0.980764 0 -0.195195
    outer loop
      vertex 42.5511 68 6.38823
      vertex 42.5128 70 6.19579
      vertex 42.5511 70 6.38823
    endloop
  endfacet
  facet normal 0.980764 0 -0.195195
    outer loop
      vertex 42.5128 70 6.19579
      vertex 42.5511 68 6.38823
      vertex 42.5128 68 6.19579
    endloop
  endfacet
  facet normal 0.89684 0 -0.442355
    outer loop
      vertex 42.701 68 6.75
      vertex 42.6142 70 6.57402
      vertex 42.701 70 6.75
    endloop
  endfacet
  facet normal 0.89684 0 -0.442355
    outer loop
      vertex 42.6142 70 6.57402
      vertex 42.701 68 6.75
      vertex 42.6142 68 6.57402
    endloop
  endfacet
  facet normal -0.752021 0 -0.65914
    outer loop
      vertex 45.19 68 6.91314
      vertex 45.0607 70 7.06066
      vertex 45.19 70 6.91314
    endloop
  endfacet
  facet normal -0.752021 -0 -0.65914
    outer loop
      vertex 45.0607 70 7.06066
      vertex 45.19 68 6.91314
      vertex 45.0607 68 7.06066
    endloop
  endfacet
  facet normal -0.442233 0 -0.8969
    outer loop
      vertex 44.574 68 7.38582
      vertex 44.75 70 7.29904
      vertex 44.75 68 7.29904
    endloop
  endfacet
  facet normal -0.442233 0 -0.8969
    outer loop
      vertex 44.75 70 7.29904
      vertex 44.574 68 7.38582
      vertex 44.574 70 7.38582
    endloop
  endfacet
  facet normal -0.321437 0 -0.946931
    outer loop
      vertex 44.3882 68 7.44889
      vertex 44.574 70 7.38582
      vertex 44.574 68 7.38582
    endloop
  endfacet
  facet normal -0.321437 0 -0.946931
    outer loop
      vertex 44.574 70 7.38582
      vertex 44.3882 68 7.44889
      vertex 44.3882 70 7.44889
    endloop
  endfacet
  facet normal -0.195136 0 -0.980776
    outer loop
      vertex 44.1958 68 7.48717
      vertex 44.3882 70 7.44889
      vertex 44.3882 68 7.44889
    endloop
  endfacet
  facet normal -0.195136 0 -0.980776
    outer loop
      vertex 44.3882 70 7.44889
      vertex 44.1958 68 7.48717
      vertex 44.1958 70 7.48717
    endloop
  endfacet
  facet normal 0.0653858 0 -0.99786
    outer loop
      vertex 43.8042 68 7.48717
      vertex 44 70 7.5
      vertex 44 68 7.5
    endloop
  endfacet
  facet normal 0.0653858 0 -0.99786
    outer loop
      vertex 44 70 7.5
      vertex 43.8042 68 7.48717
      vertex 43.8042 70 7.48717
    endloop
  endfacet
  facet normal 0.321437 0 -0.946931
    outer loop
      vertex 43.426 68 7.38582
      vertex 43.6118 70 7.44889
      vertex 43.6118 68 7.44889
    endloop
  endfacet
  facet normal 0.321437 0 -0.946931
    outer loop
      vertex 43.6118 70 7.44889
      vertex 43.426 68 7.38582
      vertex 43.426 70 7.38582
    endloop
  endfacet
  facet normal 0.195136 0 -0.980776
    outer loop
      vertex 43.6118 68 7.44889
      vertex 43.8042 70 7.48717
      vertex 43.8042 68 7.48717
    endloop
  endfacet
  facet normal 0.195136 0 -0.980776
    outer loop
      vertex 43.8042 70 7.48717
      vertex 43.6118 68 7.44889
      vertex 43.6118 70 7.44889
    endloop
  endfacet
  facet normal 0.752021 0 -0.65914
    outer loop
      vertex 42.9393 68 7.06066
      vertex 42.81 70 6.91314
      vertex 42.9393 70 7.06066
    endloop
  endfacet
  facet normal 0.752021 0 -0.65914
    outer loop
      vertex 42.81 70 6.91314
      vertex 42.9393 68 7.06066
      vertex 42.81 68 6.91314
    endloop
  endfacet
  facet normal -0.659139 0 -0.752021
    outer loop
      vertex 44.9131 68 7.19003
      vertex 45.0607 70 7.06066
      vertex 45.0607 68 7.06066
    endloop
  endfacet
  facet normal -0.659139 0 -0.752021
    outer loop
      vertex 45.0607 70 7.06066
      vertex 44.9131 68 7.19003
      vertex 44.9131 70 7.19003
    endloop
  endfacet
  facet normal 0.442233 0 -0.8969
    outer loop
      vertex 43.25 68 7.29904
      vertex 43.426 70 7.38582
      vertex 43.426 68 7.38582
    endloop
  endfacet
  facet normal 0.442233 0 -0.8969
    outer loop
      vertex 43.426 70 7.38582
      vertex 43.25 68 7.29904
      vertex 43.25 70 7.29904
    endloop
  endfacet
  facet normal 0.555676 0 -0.831399
    outer loop
      vertex 43.0869 68 7.19003
      vertex 43.25 70 7.29904
      vertex 43.25 68 7.29904
    endloop
  endfacet
  facet normal 0.555676 0 -0.831399
    outer loop
      vertex 43.25 70 7.29904
      vertex 43.0869 68 7.19003
      vertex 43.0869 70 7.19003
    endloop
  endfacet
  facet normal -0.99787 0 -0.0652369
    outer loop
      vertex 45.5 0 6
      vertex 45.4872 2 6.19579
      vertex 45.5 2 6
    endloop
  endfacet
  facet normal -0.99787 -0 -0.0652369
    outer loop
      vertex 45.4872 2 6.19579
      vertex 45.5 0 6
      vertex 45.4872 0 6.19579
    endloop
  endfacet
  facet normal -0.555676 0 -0.831399
    outer loop
      vertex 44.75 0 7.29904
      vertex 44.9131 2 7.19003
      vertex 44.9131 0 7.19003
    endloop
  endfacet
  facet normal -0.555676 0 -0.831399
    outer loop
      vertex 44.9131 2 7.19003
      vertex 44.75 0 7.29904
      vertex 44.75 2 7.29904
    endloop
  endfacet
  facet normal 0.442233 0 -0.8969
    outer loop
      vertex 43.25 0 7.29904
      vertex 43.426 2 7.38582
      vertex 43.426 0 7.38582
    endloop
  endfacet
  facet normal 0.442233 0 -0.8969
    outer loop
      vertex 43.426 2 7.38582
      vertex 43.25 0 7.29904
      vertex 43.25 2 7.29904
    endloop
  endfacet
  facet normal -0.89684 0 -0.442355
    outer loop
      vertex 45.3858 0 6.57402
      vertex 45.299 2 6.75
      vertex 45.3858 2 6.57402
    endloop
  endfacet
  facet normal -0.89684 -0 -0.442355
    outer loop
      vertex 45.299 2 6.75
      vertex 45.3858 0 6.57402
      vertex 45.299 0 6.75
    endloop
  endfacet
  facet normal -0.659139 0 -0.752021
    outer loop
      vertex 44.9131 0 7.19003
      vertex 45.0607 2 7.06066
      vertex 45.0607 0 7.06066
    endloop
  endfacet
  facet normal -0.659139 0 -0.752021
    outer loop
      vertex 45.0607 2 7.06066
      vertex 44.9131 0 7.19003
      vertex 44.9131 2 7.19003
    endloop
  endfacet
  facet normal -0.321437 0 -0.946931
    outer loop
      vertex 44.3882 0 7.44889
      vertex 44.574 2 7.38582
      vertex 44.574 0 7.38582
    endloop
  endfacet
  facet normal -0.321437 0 -0.946931
    outer loop
      vertex 44.574 2 7.38582
      vertex 44.3882 0 7.44889
      vertex 44.3882 2 7.44889
    endloop
  endfacet
  facet normal 0.0653858 0 -0.99786
    outer loop
      vertex 43.8042 0 7.48717
      vertex 44 2 7.5
      vertex 44 0 7.5
    endloop
  endfacet
  facet normal 0.0653858 0 -0.99786
    outer loop
      vertex 44 2 7.5
      vertex 43.8042 0 7.48717
      vertex 43.8042 2 7.48717
    endloop
  endfacet
  facet normal 0 -1 0
    outer loop
      vertex 43.8042 2 7.48717
      vertex 44.1958 2 7.48717
      vertex 44 2 7.5
    endloop
  endfacet
  facet normal 0 -1 0
    outer loop
      vertex 43.6118 2 7.44889
      vertex 44.1958 2 7.48717
      vertex 43.8042 2 7.48717
    endloop
  endfacet
  facet normal 0 -1 0
    outer loop
      vertex 43.6118 2 7.44889
      vertex 44.3882 2 7.44889
      vertex 44.1958 2 7.48717
    endloop
  endfacet
  facet normal 0 -1 0
    outer loop
      vertex 43.426 2 7.38582
      vertex 44.3882 2 7.44889
      vertex 43.6118 2 7.44889
    endloop
  endfacet
  facet normal 0 -1 0
    outer loop
      vertex 43.426 2 7.38582
      vertex 44.574 2 7.38582
      vertex 44.3882 2 7.44889
    endloop
  endfacet
  facet normal 0 -1 0
    outer loop
      vertex 43.25 2 7.29904
      vertex 44.574 2 7.38582
      vertex 43.426 2 7.38582
    endloop
  endfacet
  facet normal 0 -1 0
    outer loop
      vertex 43.25 2 7.29904
      vertex 44.75 2 7.29904
      vertex 44.574 2 7.38582
    endloop
  endfacet
  facet normal 0 -1 0
    outer loop
      vertex 43.0869 2 7.19003
      vertex 44.75 2 7.29904
      vertex 43.25 2 7.29904
    endloop
  endfacet
  facet normal 0 -1 0
    outer loop
      vertex 43.0869 2 7.19003
      vertex 44.9131 2 7.19003
      vertex 44.75 2 7.29904
    endloop
  endfacet
  facet normal 0 -1 0
    outer loop
      vertex 42.9393 2 7.06066
      vertex 44.9131 2 7.19003
      vertex 43.0869 2 7.19003
    endloop
  endfacet
  facet normal 0 -1 0
    outer loop
      vertex 42.9393 2 7.06066
      vertex 45.0607 2 7.06066
      vertex 44.9131 2 7.19003
    endloop
  endfacet
  facet normal 0 -1 0
    outer loop
      vertex 42.81 2 6.91314
      vertex 45.0607 2 7.06066
      vertex 42.9393 2 7.06066
    endloop
  endfacet
  facet normal 0 -1 0
    outer loop
      vertex 42.81 2 6.91314
      vertex 45.19 2 6.91314
      vertex 45.0607 2 7.06066
    endloop
  endfacet
  facet normal 0 -1 0
    outer loop
      vertex 42.701 2 6.75
      vertex 45.19 2 6.91314
      vertex 42.81 2 6.91314
    endloop
  endfacet
  facet normal 0 -1 0
    outer loop
      vertex 42.701 2 6.75
      vertex 45.299 2 6.75
      vertex 45.19 2 6.91314
    endloop
  endfacet
  facet normal 0 -1 0
    outer loop
      vertex 42.6142 2 6.57402
      vertex 45.299 2 6.75
      vertex 42.701 2 6.75
    endloop
  endfacet
  facet normal 0 -1 0
    outer loop
      vertex 42.6142 2 6.57402
      vertex 45.3858 2 6.57402
      vertex 45.299 2 6.75
    endloop
  endfacet
  facet normal 0 -1 0
    outer loop
      vertex 42.5511 2 6.38823
      vertex 45.3858 2 6.57402
      vertex 42.6142 2 6.57402
    endloop
  endfacet
  facet normal 0 -1 0
    outer loop
      vertex 42.5511 2 6.38823
      vertex 45.4489 2 6.38823
      vertex 45.3858 2 6.57402
    endloop
  endfacet
  facet normal 0 -1 0
    outer loop
      vertex 42.5128 2 6.19579
      vertex 45.4489 2 6.38823
      vertex 42.5511 2 6.38823
    endloop
  endfacet
  facet normal 0 -1 0
    outer loop
      vertex 42.5128 2 6.19579
      vertex 45.4872 2 6.19579
      vertex 45.4489 2 6.38823
    endloop
  endfacet
  facet normal 0 -1 0
    outer loop
      vertex 42.5 2 6
      vertex 45.4872 2 6.19579
      vertex 42.5128 2 6.19579
    endloop
  endfacet
  facet normal 0 -1 0
    outer loop
      vertex 42.5 2 6
      vertex 45.5 2 6
      vertex 45.4872 2 6.19579
    endloop
  endfacet
  facet normal 0 -1 0
    outer loop
      vertex 42.5128 2 5.80421
      vertex 45.5 2 6
      vertex 42.5 2 6
    endloop
  endfacet
  facet normal 0 -1 0
    outer loop
      vertex 42.5128 2 5.80421
      vertex 45.4872 2 5.80421
      vertex 45.5 2 6
    endloop
  endfacet
  facet normal 0 -1 0
    outer loop
      vertex 42.5511 2 5.61177
      vertex 45.4872 2 5.80421
      vertex 42.5128 2 5.80421
    endloop
  endfacet
  facet normal 0 -1 0
    outer loop
      vertex 42.5511 2 5.61177
      vertex 45.4489 2 5.61177
      vertex 45.4872 2 5.80421
    endloop
  endfacet
  facet normal 0 -1 0
    outer loop
      vertex 42.6142 2 5.42597
      vertex 45.4489 2 5.61177
      vertex 42.5511 2 5.61177
    endloop
  endfacet
  facet normal 0 -1 0
    outer loop
      vertex 42.6142 2 5.42597
      vertex 45.3858 2 5.42597
      vertex 45.4489 2 5.61177
    endloop
  endfacet
  facet normal 0 -1 0
    outer loop
      vertex 42.701 2 5.25
      vertex 45.3858 2 5.42597
      vertex 42.6142 2 5.42597
    endloop
  endfacet
  facet normal 0 -1 0
    outer loop
      vertex 42.701 2 5.25
      vertex 45.299 2 5.25
      vertex 45.3858 2 5.42597
    endloop
  endfacet
  facet normal 0 -1 0
    outer loop
      vertex 42.81 2 5.08686
      vertex 45.299 2 5.25
      vertex 42.701 2 5.25
    endloop
  endfacet
  facet normal 0 -1 0
    outer loop
      vertex 42.81 2 5.08686
      vertex 45.19 2 5.08686
      vertex 45.299 2 5.25
    endloop
  endfacet
  facet normal 0 -1 0
    outer loop
      vertex 42.9393 2 4.93934
      vertex 45.19 2 5.08686
      vertex 42.81 2 5.08686
    endloop
  endfacet
  facet normal 0 -1 0
    outer loop
      vertex 42.9393 2 4.93934
      vertex 45.0607 2 4.93934
      vertex 45.19 2 5.08686
    endloop
  endfacet
  facet normal 0 -1 0
    outer loop
      vertex 43.0869 2 4.80997
      vertex 45.0607 2 4.93934
      vertex 42.9393 2 4.93934
    endloop
  endfacet
  facet normal 0 -1 0
    outer loop
      vertex 43.0869 2 4.80997
      vertex 44.9131 2 4.80997
      vertex 45.0607 2 4.93934
    endloop
  endfacet
  facet normal 0 -1 0
    outer loop
      vertex 43.25 2 4.70096
      vertex 44.9131 2 4.80997
      vertex 43.0869 2 4.80997
    endloop
  endfacet
  facet normal 0 -1 0
    outer loop
      vertex 43.25 2 4.70096
      vertex 44.75 2 4.70096
      vertex 44.9131 2 4.80997
    endloop
  endfacet
  facet normal 0 -1 0
    outer loop
      vertex 43.426 2 4.61418
      vertex 44.75 2 4.70096
      vertex 43.25 2 4.70096
    endloop
  endfacet
  facet normal 0 -1 0
    outer loop
      vertex 43.426 2 4.61418
      vertex 44.574 2 4.61418
      vertex 44.75 2 4.70096
    endloop
  endfacet
  facet normal 0 -1 0
    outer loop
      vertex 43.6118 2 4.55111
      vertex 44.574 2 4.61418
      vertex 43.426 2 4.61418
    endloop
  endfacet
  facet normal 0 -1 0
    outer loop
      vertex 43.6118 2 4.55111
      vertex 44.3882 2 4.55111
      vertex 44.574 2 4.61418
    endloop
  endfacet
  facet normal 0 -1 0
    outer loop
      vertex 43.8042 2 4.51283
      vertex 44.3882 2 4.55111
      vertex 43.6118 2 4.55111
    endloop
  endfacet
  facet normal 0 -1 0
    outer loop
      vertex 43.8042 2 4.51283
      vertex 44.1958 2 4.51283
      vertex 44.3882 2 4.55111
    endloop
  endfacet
  facet normal -0 -1 0
    outer loop
      vertex 44.1958 2 4.51283
      vertex 43.8042 2 4.51283
      vertex 44 2 4.5
    endloop
  endfacet
  facet normal 0.831485 0 -0.555547
    outer loop
      vertex 42.81 0 6.91314
      vertex 42.701 2 6.75
      vertex 42.81 2 6.91314
    endloop
  endfacet
  facet normal 0.831485 0 -0.555547
    outer loop
      vertex 42.701 2 6.75
      vertex 42.81 0 6.91314
      vertex 42.701 0 6.75
    endloop
  endfacet
  facet normal 0.752021 0 -0.65914
    outer loop
      vertex 42.9393 0 7.06066
      vertex 42.81 2 6.91314
      vertex 42.9393 2 7.06066
    endloop
  endfacet
  facet normal 0.752021 0 -0.65914
    outer loop
      vertex 42.81 2 6.91314
      vertex 42.9393 0 7.06066
      vertex 42.81 0 6.91314
    endloop
  endfacet
  facet normal -0.831485 0 0.555547
    outer loop
      vertex 45.19 0 5.08686
      vertex 45.299 2 5.25
      vertex 45.19 2 5.08686
    endloop
  endfacet
  facet normal -0.831485 0 0.555547
    outer loop
      vertex 45.299 2 5.25
      vertex 45.19 0 5.08686
      vertex 45.299 0 5.25
    endloop
  endfacet
  facet normal 0.0653858 0 0.99786
    outer loop
      vertex 43.8042 2 4.51283
      vertex 44 0 4.5
      vertex 44 2 4.5
    endloop
  endfacet
  facet normal 0.0653858 0 0.99786
    outer loop
      vertex 44 0 4.5
      vertex 43.8042 2 4.51283
      vertex 43.8042 0 4.51283
    endloop
  endfacet
  facet normal 0.555676 0 0.831399
    outer loop
      vertex 43.0869 2 4.80997
      vertex 43.25 0 4.70096
      vertex 43.25 2 4.70096
    endloop
  endfacet
  facet normal 0.555676 0 0.831399
    outer loop
      vertex 43.25 0 4.70096
      vertex 43.0869 2 4.80997
      vertex 43.0869 0 4.80997
    endloop
  endfacet
  facet normal -0.980764 0 -0.195195
    outer loop
      vertex 45.4872 0 6.19579
      vertex 45.4489 2 6.38823
      vertex 45.4872 2 6.19579
    endloop
  endfacet
  facet normal -0.980764 -0 -0.195195
    outer loop
      vertex 45.4489 2 6.38823
      vertex 45.4872 0 6.19579
      vertex 45.4489 0 6.38823
    endloop
  endfacet
  facet normal -0.752021 0 -0.65914
    outer loop
      vertex 45.19 0 6.91314
      vertex 45.0607 2 7.06066
      vertex 45.19 2 6.91314
    endloop
  endfacet
  facet normal -0.752021 -0 -0.65914
    outer loop
      vertex 45.0607 2 7.06066
      vertex 45.19 0 6.91314
      vertex 45.0607 0 7.06066
    endloop
  endfacet
  facet normal -0.831485 0 -0.555547
    outer loop
      vertex 45.299 0 6.75
      vertex 45.19 2 6.91314
      vertex 45.299 2 6.75
    endloop
  endfacet
  facet normal -0.831485 -0 -0.555547
    outer loop
      vertex 45.19 2 6.91314
      vertex 45.299 0 6.75
      vertex 45.19 0 6.91314
    endloop
  endfacet
  facet normal -0.195136 0 -0.980776
    outer loop
      vertex 44.1958 0 7.48717
      vertex 44.3882 2 7.44889
      vertex 44.3882 0 7.44889
    endloop
  endfacet
  facet normal -0.195136 0 -0.980776
    outer loop
      vertex 44.3882 2 7.44889
      vertex 44.1958 0 7.48717
      vertex 44.1958 2 7.48717
    endloop
  endfacet
  facet normal -0.0653858 0 -0.99786
    outer loop
      vertex 44 0 7.5
      vertex 44.1958 2 7.48717
      vertex 44.1958 0 7.48717
    endloop
  endfacet
  facet normal -0.0653858 0 -0.99786
    outer loop
      vertex 44.1958 2 7.48717
      vertex 44 0 7.5
      vertex 44 2 7.5
    endloop
  endfacet
  facet normal 0.99787 -0 0.0652369
    outer loop
      vertex 42.5 0 6
      vertex 42.5128 2 5.80421
      vertex 42.5 2 6
    endloop
  endfacet
  facet normal 0.99787 0 0.0652369
    outer loop
      vertex 42.5128 2 5.80421
      vertex 42.5 0 6
      vertex 42.5128 0 5.80421
    endloop
  endfacet
  facet normal 0.980764 0 -0.195195
    outer loop
      vertex 42.5511 0 6.38823
      vertex 42.5128 2 6.19579
      vertex 42.5511 2 6.38823
    endloop
  endfacet
  facet normal 0.980764 0 -0.195195
    outer loop
      vertex 42.5128 2 6.19579
      vertex 42.5511 0 6.38823
      vertex 42.5128 0 6.19579
    endloop
  endfacet
  facet normal 0.195136 0 -0.980776
    outer loop
      vertex 43.6118 0 7.44889
      vertex 43.8042 2 7.48717
      vertex 43.8042 0 7.48717
    endloop
  endfacet
  facet normal 0.195136 0 -0.980776
    outer loop
      vertex 43.8042 2 7.48717
      vertex 43.6118 0 7.44889
      vertex 43.6118 2 7.44889
    endloop
  endfacet
  facet normal 0.659139 0 -0.752021
    outer loop
      vertex 42.9393 0 7.06066
      vertex 43.0869 2 7.19003
      vertex 43.0869 0 7.19003
    endloop
  endfacet
  facet normal 0.659139 0 -0.752021
    outer loop
      vertex 43.0869 2 7.19003
      vertex 42.9393 0 7.06066
      vertex 42.9393 2 7.06066
    endloop
  endfacet
  facet normal 0.555676 0 -0.831399
    outer loop
      vertex 43.0869 0 7.19003
      vertex 43.25 2 7.29904
      vertex 43.25 0 7.29904
    endloop
  endfacet
  facet normal 0.555676 0 -0.831399
    outer loop
      vertex 43.25 2 7.29904
      vertex 43.0869 0 7.19003
      vertex 43.0869 2 7.19003
    endloop
  endfacet
  facet normal -0.980764 0 0.195195
    outer loop
      vertex 45.4489 0 5.61177
      vertex 45.4872 2 5.80421
      vertex 45.4489 2 5.61177
    endloop
  endfacet
  facet normal -0.980764 0 0.195195
    outer loop
      vertex 45.4872 2 5.80421
      vertex 45.4489 0 5.61177
      vertex 45.4872 0 5.80421
    endloop
  endfacet
  facet normal -0.195136 0 0.980776
    outer loop
      vertex 44.1958 2 4.51283
      vertex 44.3882 0 4.55111
      vertex 44.3882 2 4.55111
    endloop
  endfacet
  facet normal -0.195136 0 0.980776
    outer loop
      vertex 44.3882 0 4.55111
      vertex 44.1958 2 4.51283
      vertex 44.1958 0 4.51283
    endloop
  endfacet
  facet normal -0.752021 0 0.65914
    outer loop
      vertex 45.0607 0 4.93934
      vertex 45.19 2 5.08686
      vertex 45.0607 2 4.93934
    endloop
  endfacet
  facet normal -0.752021 0 0.65914
    outer loop
      vertex 45.19 2 5.08686
      vertex 45.0607 0 4.93934
      vertex 45.19 0 5.08686
    endloop
  endfacet
  facet normal -0.555676 0 0.831399
    outer loop
      vertex 44.75 2 4.70096
      vertex 44.9131 0 4.80997
      vertex 44.9131 2 4.80997
    endloop
  endfacet
  facet normal -0.555676 0 0.831399
    outer loop
      vertex 44.9131 0 4.80997
      vertex 44.75 2 4.70096
      vertex 44.75 0 4.70096
    endloop
  endfacet
  facet normal -0.0653858 0 0.99786
    outer loop
      vertex 44 2 4.5
      vertex 44.1958 0 4.51283
      vertex 44.1958 2 4.51283
    endloop
  endfacet
  facet normal -0.0653858 0 0.99786
    outer loop
      vertex 44.1958 0 4.51283
      vertex 44 2 4.5
      vertex 44 0 4.5
    endloop
  endfacet
  facet normal 0.195136 0 0.980776
    outer loop
      vertex 43.6118 2 4.55111
      vertex 43.8042 0 4.51283
      vertex 43.8042 2 4.51283
    endloop
  endfacet
  facet normal 0.195136 0 0.980776
    outer loop
      vertex 43.8042 0 4.51283
      vertex 43.6118 2 4.55111
      vertex 43.6118 0 4.55111
    endloop
  endfacet
  facet normal 0.980764 -0 0.195195
    outer loop
      vertex 42.5128 0 5.80421
      vertex 42.5511 2 5.61177
      vertex 42.5128 2 5.80421
    endloop
  endfacet
  facet normal 0.980764 0 0.195195
    outer loop
      vertex 42.5511 2 5.61177
      vertex 42.5128 0 5.80421
      vertex 42.5511 0 5.61177
    endloop
  endfacet
  facet normal 0.659139 0 0.752021
    outer loop
      vertex 42.9393 2 4.93934
      vertex 43.0869 0 4.80997
      vertex 43.0869 2 4.80997
    endloop
  endfacet
  facet normal 0.659139 0 0.752021
    outer loop
      vertex 43.0869 0 4.80997
      vertex 42.9393 2 4.93934
      vertex 42.9393 0 4.93934
    endloop
  endfacet
  facet normal 0.831485 -0 0.555547
    outer loop
      vertex 42.701 0 5.25
      vertex 42.81 2 5.08686
      vertex 42.701 2 5.25
    endloop
  endfacet
  facet normal 0.831485 0 0.555547
    outer loop
      vertex 42.81 2 5.08686
      vertex 42.701 0 5.25
      vertex 42.81 0 5.08686
    endloop
  endfacet
  facet normal -0.946879 0 -0.321589
    outer loop
      vertex 45.4489 0 6.38823
      vertex 45.3858 2 6.57402
      vertex 45.4489 2 6.38823
    endloop
  endfacet
  facet normal -0.946879 -0 -0.321589
    outer loop
      vertex 45.3858 2 6.57402
      vertex 45.4489 0 6.38823
      vertex 45.3858 0 6.57402
    endloop
  endfacet
  facet normal -0.442233 0 -0.8969
    outer loop
      vertex 44.574 0 7.38582
      vertex 44.75 2 7.29904
      vertex 44.75 0 7.29904
    endloop
  endfacet
  facet normal -0.442233 0 -0.8969
    outer loop
      vertex 44.75 2 7.29904
      vertex 44.574 0 7.38582
      vertex 44.574 2 7.38582
    endloop
  endfacet
  facet normal 0.99787 0 -0.0652369
    outer loop
      vertex 42.5128 0 6.19579
      vertex 42.5 2 6
      vertex 42.5128 2 6.19579
    endloop
  endfacet
  facet normal 0.99787 0 -0.0652369
    outer loop
      vertex 42.5 2 6
      vertex 42.5128 0 6.19579
      vertex 42.5 0 6
    endloop
  endfacet
  facet normal 0.89684 0 -0.442355
    outer loop
      vertex 42.701 0 6.75
      vertex 42.6142 2 6.57402
      vertex 42.701 2 6.75
    endloop
  endfacet
  facet normal 0.89684 0 -0.442355
    outer loop
      vertex 42.6142 2 6.57402
      vertex 42.701 0 6.75
      vertex 42.6142 0 6.57402
    endloop
  endfacet
  facet normal 0.946879 0 -0.321589
    outer loop
      vertex 42.6142 0 6.57402
      vertex 42.5511 2 6.38823
      vertex 42.6142 2 6.57402
    endloop
  endfacet
  facet normal 0.946879 0 -0.321589
    outer loop
      vertex 42.5511 2 6.38823
      vertex 42.6142 0 6.57402
      vertex 42.5511 0 6.38823
    endloop
  endfacet
  facet normal 0.321437 0 -0.946931
    outer loop
      vertex 43.426 0 7.38582
      vertex 43.6118 2 7.44889
      vertex 43.6118 0 7.44889
    endloop
  endfacet
  facet normal 0.321437 0 -0.946931
    outer loop
      vertex 43.6118 2 7.44889
      vertex 43.426 0 7.38582
      vertex 43.426 2 7.38582
    endloop
  endfacet
  facet normal -0.99787 0 0.0652369
    outer loop
      vertex 45.4872 0 5.80421
      vertex 45.5 2 6
      vertex 45.4872 2 5.80421
    endloop
  endfacet
  facet normal -0.99787 0 0.0652369
    outer loop
      vertex 45.5 2 6
      vertex 45.4872 0 5.80421
      vertex 45.5 0 6
    endloop
  endfacet
  facet normal -0.321437 0 0.946931
    outer loop
      vertex 44.3882 2 4.55111
      vertex 44.574 0 4.61418
      vertex 44.574 2 4.61418
    endloop
  endfacet
  facet normal -0.321437 0 0.946931
    outer loop
      vertex 44.574 0 4.61418
      vertex 44.3882 2 4.55111
      vertex 44.3882 0 4.55111
    endloop
  endfacet
  facet normal -0.442233 0 0.8969
    outer loop
      vertex 44.574 2 4.61418
      vertex 44.75 0 4.70096
      vertex 44.75 2 4.70096
    endloop
  endfacet
  facet normal -0.442233 0 0.8969
    outer loop
      vertex 44.75 0 4.70096
      vertex 44.574 2 4.61418
      vertex 44.574 0 4.61418
    endloop
  endfacet
  facet normal -0.659139 0 0.752021
    outer loop
      vertex 44.9131 2 4.80997
      vertex 45.0607 0 4.93934
      vertex 45.0607 2 4.93934
    endloop
  endfacet
  facet normal -0.659139 0 0.752021
    outer loop
      vertex 45.0607 0 4.93934
      vertex 44.9131 2 4.80997
      vertex 44.9131 0 4.80997
    endloop
  endfacet
  facet normal -0.89683 0 0.442376
    outer loop
      vertex 45.299 0 5.25
      vertex 45.3858 2 5.42597
      vertex 45.299 2 5.25
    endloop
  endfacet
  facet normal -0.89683 0 0.442376
    outer loop
      vertex 45.3858 2 5.42597
      vertex 45.299 0 5.25
      vertex 45.3858 0 5.42597
    endloop
  endfacet
  facet normal -0.946885 0 0.321574
    outer loop
      vertex 45.3858 0 5.42597
      vertex 45.4489 2 5.61177
      vertex 45.3858 2 5.42597
    endloop
  endfacet
  facet normal -0.946885 0 0.321574
    outer loop
      vertex 45.4489 2 5.61177
      vertex 45.3858 0 5.42597
      vertex 45.4489 0 5.61177
    endloop
  endfacet
  facet normal 0.442233 0 0.8969
    outer loop
      vertex 43.25 2 4.70096
      vertex 43.426 0 4.61418
      vertex 43.426 2 4.61418
    endloop
  endfacet
  facet normal 0.442233 0 0.8969
    outer loop
      vertex 43.426 0 4.61418
      vertex 43.25 2 4.70096
      vertex 43.25 0 4.70096
    endloop
  endfacet
  facet normal 0.321437 0 0.946931
    outer loop
      vertex 43.426 2 4.61418
      vertex 43.6118 0 4.55111
      vertex 43.6118 2 4.55111
    endloop
  endfacet
  facet normal 0.321437 0 0.946931
    outer loop
      vertex 43.6118 0 4.55111
      vertex 43.426 2 4.61418
      vertex 43.426 0 4.61418
    endloop
  endfacet
  facet normal 0.946885 -0 0.321574
    outer loop
      vertex 42.5511 0 5.61177
      vertex 42.6142 2 5.42597
      vertex 42.5511 2 5.61177
    endloop
  endfacet
  facet normal 0.946885 0 0.321574
    outer loop
      vertex 42.6142 2 5.42597
      vertex 42.5511 0 5.61177
      vertex 42.6142 0 5.42597
    endloop
  endfacet
  facet normal 0.89683 -0 0.442376
    outer loop
      vertex 42.6142 0 5.42597
      vertex 42.701 2 5.25
      vertex 42.6142 2 5.42597
    endloop
  endfacet
  facet normal 0.89683 0 0.442376
    outer loop
      vertex 42.701 2 5.25
      vertex 42.6142 0 5.42597
      vertex 42.701 0 5.25
    endloop
  endfacet
  facet normal 0.752021 -0 0.65914
    outer loop
      vertex 42.81 0 5.08686
      vertex 42.9393 2 4.93934
      vertex 42.81 2 5.08686
    endloop
  endfacet
  facet normal 0.752021 0 0.65914
    outer loop
      vertex 42.9393 2 4.93934
      vertex 42.81 0 5.08686
      vertex 42.9393 0 4.93934
    endloop
  endfacet
  facet normal -0.99787 0 0.0652369
    outer loop
      vertex 57.4872 68 5.80421
      vertex 57.5 70 6
      vertex 57.4872 70 5.80421
    endloop
  endfacet
  facet normal -0.99787 0 0.0652369
    outer loop
      vertex 57.5 70 6
      vertex 57.4872 68 5.80421
      vertex 57.5 68 6
    endloop
  endfacet
  facet normal 0.0653858 0 0.99786
    outer loop
      vertex 55.8042 70 4.51283
      vertex 56 68 4.5
      vertex 56 70 4.5
    endloop
  endfacet
  facet normal 0.0653858 0 0.99786
    outer loop
      vertex 56 68 4.5
      vertex 55.8042 70 4.51283
      vertex 55.8042 68 4.51283
    endloop
  endfacet
  facet normal -0.659139 0 0.752021
    outer loop
      vertex 56.9131 70 4.80997
      vertex 57.0607 68 4.93934
      vertex 57.0607 70 4.93934
    endloop
  endfacet
  facet normal -0.659139 0 0.752021
    outer loop
      vertex 57.0607 68 4.93934
      vertex 56.9131 70 4.80997
      vertex 56.9131 68 4.80997
    endloop
  endfacet
  facet normal 0.752021 -0 0.65914
    outer loop
      vertex 54.81 68 5.08686
      vertex 54.9393 70 4.93934
      vertex 54.81 70 5.08686
    endloop
  endfacet
  facet normal 0.752021 0 0.65914
    outer loop
      vertex 54.9393 70 4.93934
      vertex 54.81 68 5.08686
      vertex 54.9393 68 4.93934
    endloop
  endfacet
  facet normal 0.442233 0 0.8969
    outer loop
      vertex 55.25 70 4.70096
      vertex 55.426 68 4.61418
      vertex 55.426 70 4.61418
    endloop
  endfacet
  facet normal 0.442233 0 0.8969
    outer loop
      vertex 55.426 68 4.61418
      vertex 55.25 70 4.70096
      vertex 55.25 68 4.70096
    endloop
  endfacet
  facet normal -0.89683 0 0.442376
    outer loop
      vertex 57.299 68 5.25
      vertex 57.3858 70 5.42597
      vertex 57.299 70 5.25
    endloop
  endfacet
  facet normal -0.89683 0 0.442376
    outer loop
      vertex 57.3858 70 5.42597
      vertex 57.299 68 5.25
      vertex 57.3858 68 5.42597
    endloop
  endfacet
  facet normal -0.980764 0 0.195195
    outer loop
      vertex 57.4489 68 5.61177
      vertex 57.4872 70 5.80421
      vertex 57.4489 70 5.61177
    endloop
  endfacet
  facet normal -0.980764 0 0.195195
    outer loop
      vertex 57.4872 70 5.80421
      vertex 57.4489 68 5.61177
      vertex 57.4872 68 5.80421
    endloop
  endfacet
  facet normal -0.321437 0 0.946931
    outer loop
      vertex 56.3882 70 4.55111
      vertex 56.574 68 4.61418
      vertex 56.574 70 4.61418
    endloop
  endfacet
  facet normal -0.321437 0 0.946931
    outer loop
      vertex 56.574 68 4.61418
      vertex 56.3882 70 4.55111
      vertex 56.3882 68 4.55111
    endloop
  endfacet
  facet normal -0.195136 0 0.980776
    outer loop
      vertex 56.1958 70 4.51283
      vertex 56.3882 68 4.55111
      vertex 56.3882 70 4.55111
    endloop
  endfacet
  facet normal -0.195136 0 0.980776
    outer loop
      vertex 56.3882 68 4.55111
      vertex 56.1958 70 4.51283
      vertex 56.1958 68 4.51283
    endloop
  endfacet
  facet normal -0.555676 0 0.831399
    outer loop
      vertex 56.75 70 4.70096
      vertex 56.9131 68 4.80997
      vertex 56.9131 70 4.80997
    endloop
  endfacet
  facet normal -0.555676 0 0.831399
    outer loop
      vertex 56.9131 68 4.80997
      vertex 56.75 70 4.70096
      vertex 56.75 68 4.70096
    endloop
  endfacet
  facet normal 0.89683 -0 0.442376
    outer loop
      vertex 54.6142 68 5.42597
      vertex 54.701 70 5.25
      vertex 54.6142 70 5.42597
    endloop
  endfacet
  facet normal 0.89683 0 0.442376
    outer loop
      vertex 54.701 70 5.25
      vertex 54.6142 68 5.42597
      vertex 54.701 68 5.25
    endloop
  endfacet
  facet normal 0.831485 -0 0.555547
    outer loop
      vertex 54.701 68 5.25
      vertex 54.81 70 5.08686
      vertex 54.701 70 5.25
    endloop
  endfacet
  facet normal 0.831485 0 0.555547
    outer loop
      vertex 54.81 70 5.08686
      vertex 54.701 68 5.25
      vertex 54.81 68 5.08686
    endloop
  endfacet
  facet normal 0.980764 -0 0.195195
    outer loop
      vertex 54.5128 68 5.80421
      vertex 54.5511 70 5.61177
      vertex 54.5128 70 5.80421
    endloop
  endfacet
  facet normal 0.980764 0 0.195195
    outer loop
      vertex 54.5511 70 5.61177
      vertex 54.5128 68 5.80421
      vertex 54.5511 68 5.61177
    endloop
  endfacet
  facet normal 0.99787 0 -0.0652369
    outer loop
      vertex 54.5128 68 6.19579
      vertex 54.5 70 6
      vertex 54.5128 70 6.19579
    endloop
  endfacet
  facet normal 0.99787 0 -0.0652369
    outer loop
      vertex 54.5 70 6
      vertex 54.5128 68 6.19579
      vertex 54.5 68 6
    endloop
  endfacet
  facet normal 0.659139 0 0.752021
    outer loop
      vertex 54.9393 70 4.93934
      vertex 55.0869 68 4.80997
      vertex 55.0869 70 4.80997
    endloop
  endfacet
  facet normal 0.659139 0 0.752021
    outer loop
      vertex 55.0869 68 4.80997
      vertex 54.9393 70 4.93934
      vertex 54.9393 68 4.93934
    endloop
  endfacet
  facet normal 0.195136 0 0.980776
    outer loop
      vertex 55.6118 70 4.55111
      vertex 55.8042 68 4.51283
      vertex 55.8042 70 4.51283
    endloop
  endfacet
  facet normal 0.195136 0 0.980776
    outer loop
      vertex 55.8042 68 4.51283
      vertex 55.6118 70 4.55111
      vertex 55.6118 68 4.55111
    endloop
  endfacet
  facet normal -0.831485 0 -0.555547
    outer loop
      vertex 57.299 68 6.75
      vertex 57.19 70 6.91314
      vertex 57.299 70 6.75
    endloop
  endfacet
  facet normal -0.831485 -0 -0.555547
    outer loop
      vertex 57.19 70 6.91314
      vertex 57.299 68 6.75
      vertex 57.19 68 6.91314
    endloop
  endfacet
  facet normal -0.99787 0 -0.0652369
    outer loop
      vertex 57.5 68 6
      vertex 57.4872 70 6.19579
      vertex 57.5 70 6
    endloop
  endfacet
  facet normal -0.99787 -0 -0.0652369
    outer loop
      vertex 57.4872 70 6.19579
      vertex 57.5 68 6
      vertex 57.4872 68 6.19579
    endloop
  endfacet
  facet normal 0.195136 0 -0.980776
    outer loop
      vertex 55.6118 68 7.44889
      vertex 55.8042 70 7.48717
      vertex 55.8042 68 7.48717
    endloop
  endfacet
  facet normal 0.195136 0 -0.980776
    outer loop
      vertex 55.8042 70 7.48717
      vertex 55.6118 68 7.44889
      vertex 55.6118 70 7.44889
    endloop
  endfacet
  facet normal -0.195136 0 -0.980776
    outer loop
      vertex 56.1958 68 7.48717
      vertex 56.3882 70 7.44889
      vertex 56.3882 68 7.44889
    endloop
  endfacet
  facet normal -0.195136 0 -0.980776
    outer loop
      vertex 56.3882 70 7.44889
      vertex 56.1958 68 7.48717
      vertex 56.1958 70 7.48717
    endloop
  endfacet
  facet normal -0.946885 0 0.321574
    outer loop
      vertex 57.3858 68 5.42597
      vertex 57.4489 70 5.61177
      vertex 57.3858 70 5.42597
    endloop
  endfacet
  facet normal -0.946885 0 0.321574
    outer loop
      vertex 57.4489 70 5.61177
      vertex 57.3858 68 5.42597
      vertex 57.4489 68 5.61177
    endloop
  endfacet
  facet normal -0.752021 0 0.65914
    outer loop
      vertex 57.0607 68 4.93934
      vertex 57.19 70 5.08686
      vertex 57.0607 70 4.93934
    endloop
  endfacet
  facet normal -0.752021 0 0.65914
    outer loop
      vertex 57.19 70 5.08686
      vertex 57.0607 68 4.93934
      vertex 57.19 68 5.08686
    endloop
  endfacet
  facet normal -0.831485 0 0.555547
    outer loop
      vertex 57.19 68 5.08686
      vertex 57.299 70 5.25
      vertex 57.19 70 5.08686
    endloop
  endfacet
  facet normal -0.831485 0 0.555547
    outer loop
      vertex 57.299 70 5.25
      vertex 57.19 68 5.08686
      vertex 57.299 68 5.25
    endloop
  endfacet
  facet normal -0.0653858 0 0.99786
    outer loop
      vertex 56 70 4.5
      vertex 56.1958 68 4.51283
      vertex 56.1958 70 4.51283
    endloop
  endfacet
  facet normal -0.0653858 0 0.99786
    outer loop
      vertex 56.1958 68 4.51283
      vertex 56 70 4.5
      vertex 56 68 4.5
    endloop
  endfacet
  facet normal 0 1 0
    outer loop
      vertex 56.1958 68 7.48717
      vertex 55.8042 68 7.48717
      vertex 56 68 7.5
    endloop
  endfacet
  facet normal 0 1 0
    outer loop
      vertex 56.3882 68 7.44889
      vertex 55.8042 68 7.48717
      vertex 56.1958 68 7.48717
    endloop
  endfacet
  facet normal 0 1 0
    outer loop
      vertex 56.3882 68 7.44889
      vertex 55.6118 68 7.44889
      vertex 55.8042 68 7.48717
    endloop
  endfacet
  facet normal 0 1 0
    outer loop
      vertex 56.574 68 7.38582
      vertex 55.6118 68 7.44889
      vertex 56.3882 68 7.44889
    endloop
  endfacet
  facet normal 0 1 0
    outer loop
      vertex 56.574 68 7.38582
      vertex 55.426 68 7.38582
      vertex 55.6118 68 7.44889
    endloop
  endfacet
  facet normal 0 1 0
    outer loop
      vertex 56.75 68 7.29904
      vertex 55.426 68 7.38582
      vertex 56.574 68 7.38582
    endloop
  endfacet
  facet normal 0 1 0
    outer loop
      vertex 56.75 68 7.29904
      vertex 55.25 68 7.29904
      vertex 55.426 68 7.38582
    endloop
  endfacet
  facet normal 0 1 0
    outer loop
      vertex 56.9131 68 7.19003
      vertex 55.25 68 7.29904
      vertex 56.75 68 7.29904
    endloop
  endfacet
  facet normal 0 1 0
    outer loop
      vertex 56.9131 68 7.19003
      vertex 55.0869 68 7.19003
      vertex 55.25 68 7.29904
    endloop
  endfacet
  facet normal 0 1 0
    outer loop
      vertex 57.0607 68 7.06066
      vertex 55.0869 68 7.19003
      vertex 56.9131 68 7.19003
    endloop
  endfacet
  facet normal 0 1 0
    outer loop
      vertex 57.0607 68 7.06066
      vertex 54.9393 68 7.06066
      vertex 55.0869 68 7.19003
    endloop
  endfacet
  facet normal 0 1 0
    outer loop
      vertex 57.19 68 6.91314
      vertex 54.9393 68 7.06066
      vertex 57.0607 68 7.06066
    endloop
  endfacet
  facet normal 0 1 0
    outer loop
      vertex 57.19 68 6.91314
      vertex 54.81 68 6.91314
      vertex 54.9393 68 7.06066
    endloop
  endfacet
  facet normal 0 1 0
    outer loop
      vertex 57.299 68 6.75
      vertex 54.81 68 6.91314
      vertex 57.19 68 6.91314
    endloop
  endfacet
  facet normal 0 1 0
    outer loop
      vertex 57.299 68 6.75
      vertex 54.701 68 6.75
      vertex 54.81 68 6.91314
    endloop
  endfacet
  facet normal 0 1 0
    outer loop
      vertex 57.3858 68 6.57402
      vertex 54.701 68 6.75
      vertex 57.299 68 6.75
    endloop
  endfacet
  facet normal 0 1 0
    outer loop
      vertex 57.3858 68 6.57402
      vertex 54.6142 68 6.57402
      vertex 54.701 68 6.75
    endloop
  endfacet
  facet normal 0 1 0
    outer loop
      vertex 57.4489 68 6.38823
      vertex 54.6142 68 6.57402
      vertex 57.3858 68 6.57402
    endloop
  endfacet
  facet normal 0 1 0
    outer loop
      vertex 57.4489 68 6.38823
      vertex 54.5511 68 6.38823
      vertex 54.6142 68 6.57402
    endloop
  endfacet
  facet normal 0 1 0
    outer loop
      vertex 57.4872 68 6.19579
      vertex 54.5511 68 6.38823
      vertex 57.4489 68 6.38823
    endloop
  endfacet
  facet normal 0 1 0
    outer loop
      vertex 57.4872 68 6.19579
      vertex 54.5128 68 6.19579
      vertex 54.5511 68 6.38823
    endloop
  endfacet
  facet normal 0 1 0
    outer loop
      vertex 57.5 68 6
      vertex 54.5128 68 6.19579
      vertex 57.4872 68 6.19579
    endloop
  endfacet
  facet normal 0 1 0
    outer loop
      vertex 57.5 68 6
      vertex 54.5 68 6
      vertex 54.5128 68 6.19579
    endloop
  endfacet
  facet normal 0 1 -0
    outer loop
      vertex 57.4872 68 5.80421
      vertex 54.5 68 6
      vertex 57.5 68 6
    endloop
  endfacet
  facet normal 0 1 0
    outer loop
      vertex 57.4872 68 5.80421
      vertex 54.5128 68 5.80421
      vertex 54.5 68 6
    endloop
  endfacet
  facet normal 0 1 -0
    outer loop
      vertex 57.4489 68 5.61177
      vertex 54.5128 68 5.80421
      vertex 57.4872 68 5.80421
    endloop
  endfacet
  facet normal 0 1 0
    outer loop
      vertex 57.4489 68 5.61177
      vertex 54.5511 68 5.61177
      vertex 54.5128 68 5.80421
    endloop
  endfacet
  facet normal 0 1 -0
    outer loop
      vertex 57.3858 68 5.42597
      vertex 54.5511 68 5.61177
      vertex 57.4489 68 5.61177
    endloop
  endfacet
  facet normal 0 1 0
    outer loop
      vertex 57.3858 68 5.42597
      vertex 54.6142 68 5.42597
      vertex 54.5511 68 5.61177
    endloop
  endfacet
  facet normal 0 1 -0
    outer loop
      vertex 57.299 68 5.25
      vertex 54.6142 68 5.42597
      vertex 57.3858 68 5.42597
    endloop
  endfacet
  facet normal 0 1 0
    outer loop
      vertex 57.299 68 5.25
      vertex 54.701 68 5.25
      vertex 54.6142 68 5.42597
    endloop
  endfacet
  facet normal 0 1 -0
    outer loop
      vertex 57.19 68 5.08686
      vertex 54.701 68 5.25
      vertex 57.299 68 5.25
    endloop
  endfacet
  facet normal 0 1 0
    outer loop
      vertex 57.19 68 5.08686
      vertex 54.81 68 5.08686
      vertex 54.701 68 5.25
    endloop
  endfacet
  facet normal 0 1 -0
    outer loop
      vertex 57.0607 68 4.93934
      vertex 54.81 68 5.08686
      vertex 57.19 68 5.08686
    endloop
  endfacet
  facet normal 0 1 0
    outer loop
      vertex 57.0607 68 4.93934
      vertex 54.9393 68 4.93934
      vertex 54.81 68 5.08686
    endloop
  endfacet
  facet normal 0 1 -0
    outer loop
      vertex 56.9131 68 4.80997
      vertex 54.9393 68 4.93934
      vertex 57.0607 68 4.93934
    endloop
  endfacet
  facet normal 0 1 0
    outer loop
      vertex 56.9131 68 4.80997
      vertex 55.0869 68 4.80997
      vertex 54.9393 68 4.93934
    endloop
  endfacet
  facet normal 0 1 -0
    outer loop
      vertex 56.75 68 4.70096
      vertex 55.0869 68 4.80997
      vertex 56.9131 68 4.80997
    endloop
  endfacet
  facet normal 0 1 0
    outer loop
      vertex 56.75 68 4.70096
      vertex 55.25 68 4.70096
      vertex 55.0869 68 4.80997
    endloop
  endfacet
  facet normal 0 1 -0
    outer loop
      vertex 56.574 68 4.61418
      vertex 55.25 68 4.70096
      vertex 56.75 68 4.70096
    endloop
  endfacet
  facet normal 0 1 0
    outer loop
      vertex 56.574 68 4.61418
      vertex 55.426 68 4.61418
      vertex 55.25 68 4.70096
    endloop
  endfacet
  facet normal 0 1 -0
    outer loop
      vertex 56.3882 68 4.55111
      vertex 55.426 68 4.61418
      vertex 56.574 68 4.61418
    endloop
  endfacet
  facet normal 0 1 0
    outer loop
      vertex 56.3882 68 4.55111
      vertex 55.6118 68 4.55111
      vertex 55.426 68 4.61418
    endloop
  endfacet
  facet normal 0 1 -0
    outer loop
      vertex 56.1958 68 4.51283
      vertex 55.6118 68 4.55111
      vertex 56.3882 68 4.55111
    endloop
  endfacet
  facet normal 0 1 0
    outer loop
      vertex 56.1958 68 4.51283
      vertex 55.8042 68 4.51283
      vertex 55.6118 68 4.55111
    endloop
  endfacet
  facet normal -0 1 0
    outer loop
      vertex 55.8042 68 4.51283
      vertex 56.1958 68 4.51283
      vertex 56 68 4.5
    endloop
  endfacet
  facet normal 0.946885 -0 0.321574
    outer loop
      vertex 54.5511 68 5.61177
      vertex 54.6142 70 5.42597
      vertex 54.5511 70 5.61177
    endloop
  endfacet
  facet normal 0.946885 0 0.321574
    outer loop
      vertex 54.6142 70 5.42597
      vertex 54.5511 68 5.61177
      vertex 54.6142 68 5.42597
    endloop
  endfacet
  facet normal 0.99787 -0 0.0652369
    outer loop
      vertex 54.5 68 6
      vertex 54.5128 70 5.80421
      vertex 54.5 70 6
    endloop
  endfacet
  facet normal 0.99787 0 0.0652369
    outer loop
      vertex 54.5128 70 5.80421
      vertex 54.5 68 6
      vertex 54.5128 68 5.80421
    endloop
  endfacet
  facet normal 0.555676 0 0.831399
    outer loop
      vertex 55.0869 70 4.80997
      vertex 55.25 68 4.70096
      vertex 55.25 70 4.70096
    endloop
  endfacet
  facet normal 0.555676 0 0.831399
    outer loop
      vertex 55.25 68 4.70096
      vertex 55.0869 70 4.80997
      vertex 55.0869 68 4.80997
    endloop
  endfacet
  facet normal 0.321437 0 0.946931
    outer loop
      vertex 55.426 70 4.61418
      vertex 55.6118 68 4.55111
      vertex 55.6118 70 4.55111
    endloop
  endfacet
  facet normal 0.321437 0 0.946931
    outer loop
      vertex 55.6118 68 4.55111
      vertex 55.426 70 4.61418
      vertex 55.426 68 4.61418
    endloop
  endfacet
  facet normal -0.980764 0 -0.195195
    outer loop
      vertex 57.4872 68 6.19579
      vertex 57.4489 70 6.38823
      vertex 57.4872 70 6.19579
    endloop
  endfacet
  facet normal -0.980764 -0 -0.195195
    outer loop
      vertex 57.4489 70 6.38823
      vertex 57.4872 68 6.19579
      vertex 57.4489 68 6.38823
    endloop
  endfacet
  facet normal 0.980764 0 -0.195195
    outer loop
      vertex 54.5511 68 6.38823
      vertex 54.5128 70 6.19579
      vertex 54.5511 70 6.38823
    endloop
  endfacet
  facet normal 0.980764 0 -0.195195
    outer loop
      vertex 54.5128 70 6.19579
      vertex 54.5511 68 6.38823
      vertex 54.5128 68 6.19579
    endloop
  endfacet
  facet normal 0.89684 0 -0.442355
    outer loop
      vertex 54.701 68 6.75
      vertex 54.6142 70 6.57402
      vertex 54.701 70 6.75
    endloop
  endfacet
  facet normal 0.89684 0 -0.442355
    outer loop
      vertex 54.6142 70 6.57402
      vertex 54.701 68 6.75
      vertex 54.6142 68 6.57402
    endloop
  endfacet
  facet normal -0.752021 0 -0.65914
    outer loop
      vertex 57.19 68 6.91314
      vertex 57.0607 70 7.06066
      vertex 57.19 70 6.91314
    endloop
  endfacet
  facet normal -0.752021 -0 -0.65914
    outer loop
      vertex 57.0607 70 7.06066
      vertex 57.19 68 6.91314
      vertex 57.0607 68 7.06066
    endloop
  endfacet
  facet normal -0.442233 0 -0.8969
    outer loop
      vertex 56.574 68 7.38582
      vertex 56.75 70 7.29904
      vertex 56.75 68 7.29904
    endloop
  endfacet
  facet normal -0.442233 0 -0.8969
    outer loop
      vertex 56.75 70 7.29904
      vertex 56.574 68 7.38582
      vertex 56.574 70 7.38582
    endloop
  endfacet
  facet normal -0.321437 0 -0.946931
    outer loop
      vertex 56.3882 68 7.44889
      vertex 56.574 70 7.38582
      vertex 56.574 68 7.38582
    endloop
  endfacet
  facet normal -0.321437 0 -0.946931
    outer loop
      vertex 56.574 70 7.38582
      vertex 56.3882 68 7.44889
      vertex 56.3882 70 7.44889
    endloop
  endfacet
  facet normal -0.442233 0 0.8969
    outer loop
      vertex 56.574 70 4.61418
      vertex 56.75 68 4.70096
      vertex 56.75 70 4.70096
    endloop
  endfacet
  facet normal -0.442233 0 0.8969
    outer loop
      vertex 56.75 68 4.70096
      vertex 56.574 70 4.61418
      vertex 56.574 68 4.61418
    endloop
  endfacet
  facet normal -0.946879 0 -0.321589
    outer loop
      vertex 57.4489 68 6.38823
      vertex 57.3858 70 6.57402
      vertex 57.4489 70 6.38823
    endloop
  endfacet
  facet normal -0.946879 -0 -0.321589
    outer loop
      vertex 57.3858 70 6.57402
      vertex 57.4489 68 6.38823
      vertex 57.3858 68 6.57402
    endloop
  endfacet
  facet normal -0.89684 0 -0.442355
    outer loop
      vertex 57.3858 68 6.57402
      vertex 57.299 70 6.75
      vertex 57.3858 70 6.57402
    endloop
  endfacet
  facet normal -0.89684 -0 -0.442355
    outer loop
      vertex 57.299 70 6.75
      vertex 57.3858 68 6.57402
      vertex 57.299 68 6.75
    endloop
  endfacet
  facet normal -0.0653858 0 -0.99786
    outer loop
      vertex 56 68 7.5
      vertex 56.1958 70 7.48717
      vertex 56.1958 68 7.48717
    endloop
  endfacet
  facet normal -0.0653858 0 -0.99786
    outer loop
      vertex 56.1958 70 7.48717
      vertex 56 68 7.5
      vertex 56 70 7.5
    endloop
  endfacet
  facet normal 0.659139 0 -0.752021
    outer loop
      vertex 54.9393 68 7.06066
      vertex 55.0869 70 7.19003
      vertex 55.0869 68 7.19003
    endloop
  endfacet
  facet normal 0.659139 0 -0.752021
    outer loop
      vertex 55.0869 70 7.19003
      vertex 54.9393 68 7.06066
      vertex 54.9393 70 7.06066
    endloop
  endfacet
  facet normal 0.831485 0 -0.555547
    outer loop
      vertex 54.81 68 6.91314
      vertex 54.701 70 6.75
      vertex 54.81 70 6.91314
    endloop
  endfacet
  facet normal 0.831485 0 -0.555547
    outer loop
      vertex 54.701 70 6.75
      vertex 54.81 68 6.91314
      vertex 54.701 68 6.75
    endloop
  endfacet
  facet normal 0.946879 0 -0.321589
    outer loop
      vertex 54.6142 68 6.57402
      vertex 54.5511 70 6.38823
      vertex 54.6142 70 6.57402
    endloop
  endfacet
  facet normal 0.946879 0 -0.321589
    outer loop
      vertex 54.5511 70 6.38823
      vertex 54.6142 68 6.57402
      vertex 54.5511 68 6.38823
    endloop
  endfacet
  facet normal -0.555676 0 -0.831399
    outer loop
      vertex 56.75 68 7.29904
      vertex 56.9131 70 7.19003
      vertex 56.9131 68 7.19003
    endloop
  endfacet
  facet normal -0.555676 0 -0.831399
    outer loop
      vertex 56.9131 70 7.19003
      vertex 56.75 68 7.29904
      vertex 56.75 70 7.29904
    endloop
  endfacet
  facet normal 0.0653858 0 -0.99786
    outer loop
      vertex 55.8042 68 7.48717
      vertex 56 70 7.5
      vertex 56 68 7.5
    endloop
  endfacet
  facet normal 0.0653858 0 -0.99786
    outer loop
      vertex 56 70 7.5
      vertex 55.8042 68 7.48717
      vertex 55.8042 70 7.48717
    endloop
  endfacet
  facet normal 0.442233 0 -0.8969
    outer loop
      vertex 55.25 68 7.29904
      vertex 55.426 70 7.38582
      vertex 55.426 68 7.38582
    endloop
  endfacet
  facet normal 0.442233 0 -0.8969
    outer loop
      vertex 55.426 70 7.38582
      vertex 55.25 68 7.29904
      vertex 55.25 70 7.29904
    endloop
  endfacet
  facet normal 0.752021 0 -0.65914
    outer loop
      vertex 54.9393 68 7.06066
      vertex 54.81 70 6.91314
      vertex 54.9393 70 7.06066
    endloop
  endfacet
  facet normal 0.752021 0 -0.65914
    outer loop
      vertex 54.81 70 6.91314
      vertex 54.9393 68 7.06066
      vertex 54.81 68 6.91314
    endloop
  endfacet
  facet normal -0.659139 0 -0.752021
    outer loop
      vertex 56.9131 68 7.19003
      vertex 57.0607 70 7.06066
      vertex 57.0607 68 7.06066
    endloop
  endfacet
  facet normal -0.659139 0 -0.752021
    outer loop
      vertex 57.0607 70 7.06066
      vertex 56.9131 68 7.19003
      vertex 56.9131 70 7.19003
    endloop
  endfacet
  facet normal 0.555676 0 -0.831399
    outer loop
      vertex 55.0869 68 7.19003
      vertex 55.25 70 7.29904
      vertex 55.25 68 7.29904
    endloop
  endfacet
  facet normal 0.555676 0 -0.831399
    outer loop
      vertex 55.25 70 7.29904
      vertex 55.0869 68 7.19003
      vertex 55.0869 70 7.19003
    endloop
  endfacet
  facet normal 0.321437 0 -0.946931
    outer loop
      vertex 55.426 68 7.38582
      vertex 55.6118 70 7.44889
      vertex 55.6118 68 7.44889
    endloop
  endfacet
  facet normal 0.321437 0 -0.946931
    outer loop
      vertex 55.6118 70 7.44889
      vertex 55.426 68 7.38582
      vertex 55.426 70 7.38582
    endloop
  endfacet
  facet normal -0.99787 0 -0.0652369
    outer loop
      vertex 57.5 0 6
      vertex 57.4872 2 6.19579
      vertex 57.5 2 6
    endloop
  endfacet
  facet normal -0.99787 -0 -0.0652369
    outer loop
      vertex 57.4872 2 6.19579
      vertex 57.5 0 6
      vertex 57.4872 0 6.19579
    endloop
  endfacet
  facet normal -0.555676 0 -0.831399
    outer loop
      vertex 56.75 0 7.29904
      vertex 56.9131 2 7.19003
      vertex 56.9131 0 7.19003
    endloop
  endfacet
  facet normal -0.555676 0 -0.831399
    outer loop
      vertex 56.9131 2 7.19003
      vertex 56.75 0 7.29904
      vertex 56.75 2 7.29904
    endloop
  endfacet
  facet normal 0.442233 0 -0.8969
    outer loop
      vertex 55.25 0 7.29904
      vertex 55.426 2 7.38582
      vertex 55.426 0 7.38582
    endloop
  endfacet
  facet normal 0.442233 0 -0.8969
    outer loop
      vertex 55.426 2 7.38582
      vertex 55.25 0 7.29904
      vertex 55.25 2 7.29904
    endloop
  endfacet
  facet normal 0.946879 0 -0.321589
    outer loop
      vertex 54.6142 0 6.57402
      vertex 54.5511 2 6.38823
      vertex 54.6142 2 6.57402
    endloop
  endfacet
  facet normal 0.946879 0 -0.321589
    outer loop
      vertex 54.5511 2 6.38823
      vertex 54.6142 0 6.57402
      vertex 54.5511 0 6.38823
    endloop
  endfacet
  facet normal -0.659139 0 -0.752021
    outer loop
      vertex 56.9131 0 7.19003
      vertex 57.0607 2 7.06066
      vertex 57.0607 0 7.06066
    endloop
  endfacet
  facet normal -0.659139 0 -0.752021
    outer loop
      vertex 57.0607 2 7.06066
      vertex 56.9131 0 7.19003
      vertex 56.9131 2 7.19003
    endloop
  endfacet
  facet normal 0.0653858 0 -0.99786
    outer loop
      vertex 55.8042 0 7.48717
      vertex 56 2 7.5
      vertex 56 0 7.5
    endloop
  endfacet
  facet normal 0.0653858 0 -0.99786
    outer loop
      vertex 56 2 7.5
      vertex 55.8042 0 7.48717
      vertex 55.8042 2 7.48717
    endloop
  endfacet
  facet normal -0.0653858 0 -0.99786
    outer loop
      vertex 56 0 7.5
      vertex 56.1958 2 7.48717
      vertex 56.1958 0 7.48717
    endloop
  endfacet
  facet normal -0.0653858 0 -0.99786
    outer loop
      vertex 56.1958 2 7.48717
      vertex 56 0 7.5
      vertex 56 2 7.5
    endloop
  endfacet
  facet normal 0 -1 0
    outer loop
      vertex 55.8042 2 7.48717
      vertex 56.1958 2 7.48717
      vertex 56 2 7.5
    endloop
  endfacet
  facet normal 0 -1 0
    outer loop
      vertex 55.6118 2 7.44889
      vertex 56.1958 2 7.48717
      vertex 55.8042 2 7.48717
    endloop
  endfacet
  facet normal 0 -1 0
    outer loop
      vertex 55.6118 2 7.44889
      vertex 56.3882 2 7.44889
      vertex 56.1958 2 7.48717
    endloop
  endfacet
  facet normal 0 -1 0
    outer loop
      vertex 55.426 2 7.38582
      vertex 56.3882 2 7.44889
      vertex 55.6118 2 7.44889
    endloop
  endfacet
  facet normal 0 -1 0
    outer loop
      vertex 55.426 2 7.38582
      vertex 56.574 2 7.38582
      vertex 56.3882 2 7.44889
    endloop
  endfacet
  facet normal 0 -1 0
    outer loop
      vertex 55.25 2 7.29904
      vertex 56.574 2 7.38582
      vertex 55.426 2 7.38582
    endloop
  endfacet
  facet normal 0 -1 0
    outer loop
      vertex 55.25 2 7.29904
      vertex 56.75 2 7.29904
      vertex 56.574 2 7.38582
    endloop
  endfacet
  facet normal 0 -1 0
    outer loop
      vertex 55.0869 2 7.19003
      vertex 56.75 2 7.29904
      vertex 55.25 2 7.29904
    endloop
  endfacet
  facet normal 0 -1 0
    outer loop
      vertex 55.0869 2 7.19003
      vertex 56.9131 2 7.19003
      vertex 56.75 2 7.29904
    endloop
  endfacet
  facet normal 0 -1 0
    outer loop
      vertex 54.9393 2 7.06066
      vertex 56.9131 2 7.19003
      vertex 55.0869 2 7.19003
    endloop
  endfacet
  facet normal 0 -1 0
    outer loop
      vertex 54.9393 2 7.06066
      vertex 57.0607 2 7.06066
      vertex 56.9131 2 7.19003
    endloop
  endfacet
  facet normal 0 -1 0
    outer loop
      vertex 54.81 2 6.91314
      vertex 57.0607 2 7.06066
      vertex 54.9393 2 7.06066
    endloop
  endfacet
  facet normal 0 -1 0
    outer loop
      vertex 54.81 2 6.91314
      vertex 57.19 2 6.91314
      vertex 57.0607 2 7.06066
    endloop
  endfacet
  facet normal 0 -1 0
    outer loop
      vertex 54.701 2 6.75
      vertex 57.19 2 6.91314
      vertex 54.81 2 6.91314
    endloop
  endfacet
  facet normal 0 -1 0
    outer loop
      vertex 54.701 2 6.75
      vertex 57.299 2 6.75
      vertex 57.19 2 6.91314
    endloop
  endfacet
  facet normal 0 -1 0
    outer loop
      vertex 54.6142 2 6.57402
      vertex 57.299 2 6.75
      vertex 54.701 2 6.75
    endloop
  endfacet
  facet normal 0 -1 0
    outer loop
      vertex 54.6142 2 6.57402
      vertex 57.3858 2 6.57402
      vertex 57.299 2 6.75
    endloop
  endfacet
  facet normal 0 -1 0
    outer loop
      vertex 54.5511 2 6.38823
      vertex 57.3858 2 6.57402
      vertex 54.6142 2 6.57402
    endloop
  endfacet
  facet normal 0 -1 0
    outer loop
      vertex 54.5511 2 6.38823
      vertex 57.4489 2 6.38823
      vertex 57.3858 2 6.57402
    endloop
  endfacet
  facet normal 0 -1 0
    outer loop
      vertex 54.5128 2 6.19579
      vertex 57.4489 2 6.38823
      vertex 54.5511 2 6.38823
    endloop
  endfacet
  facet normal 0 -1 0
    outer loop
      vertex 54.5128 2 6.19579
      vertex 57.4872 2 6.19579
      vertex 57.4489 2 6.38823
    endloop
  endfacet
  facet normal 0 -1 0
    outer loop
      vertex 54.5 2 6
      vertex 57.4872 2 6.19579
      vertex 54.5128 2 6.19579
    endloop
  endfacet
  facet normal 0 -1 0
    outer loop
      vertex 54.5 2 6
      vertex 57.5 2 6
      vertex 57.4872 2 6.19579
    endloop
  endfacet
  facet normal 0 -1 0
    outer loop
      vertex 54.5128 2 5.80421
      vertex 57.5 2 6
      vertex 54.5 2 6
    endloop
  endfacet
  facet normal 0 -1 0
    outer loop
      vertex 54.5128 2 5.80421
      vertex 57.4872 2 5.80421
      vertex 57.5 2 6
    endloop
  endfacet
  facet normal 0 -1 0
    outer loop
      vertex 54.5511 2 5.61177
      vertex 57.4872 2 5.80421
      vertex 54.5128 2 5.80421
    endloop
  endfacet
  facet normal 0 -1 0
    outer loop
      vertex 54.5511 2 5.61177
      vertex 57.4489 2 5.61177
      vertex 57.4872 2 5.80421
    endloop
  endfacet
  facet normal 0 -1 0
    outer loop
      vertex 54.6142 2 5.42597
      vertex 57.4489 2 5.61177
      vertex 54.5511 2 5.61177
    endloop
  endfacet
  facet normal 0 -1 0
    outer loop
      vertex 54.6142 2 5.42597
      vertex 57.3858 2 5.42597
      vertex 57.4489 2 5.61177
    endloop
  endfacet
  facet normal 0 -1 0
    outer loop
      vertex 54.701 2 5.25
      vertex 57.3858 2 5.42597
      vertex 54.6142 2 5.42597
    endloop
  endfacet
  facet normal 0 -1 0
    outer loop
      vertex 54.701 2 5.25
      vertex 57.299 2 5.25
      vertex 57.3858 2 5.42597
    endloop
  endfacet
  facet normal 0 -1 0
    outer loop
      vertex 54.81 2 5.08686
      vertex 57.299 2 5.25
      vertex 54.701 2 5.25
    endloop
  endfacet
  facet normal 0 -1 0
    outer loop
      vertex 54.81 2 5.08686
      vertex 57.19 2 5.08686
      vertex 57.299 2 5.25
    endloop
  endfacet
  facet normal 0 -1 0
    outer loop
      vertex 54.9393 2 4.93934
      vertex 57.19 2 5.08686
      vertex 54.81 2 5.08686
    endloop
  endfacet
  facet normal 0 -1 0
    outer loop
      vertex 54.9393 2 4.93934
      vertex 57.0607 2 4.93934
      vertex 57.19 2 5.08686
    endloop
  endfacet
  facet normal 0 -1 0
    outer loop
      vertex 55.0869 2 4.80997
      vertex 57.0607 2 4.93934
      vertex 54.9393 2 4.93934
    endloop
  endfacet
  facet normal 0 -1 0
    outer loop
      vertex 55.0869 2 4.80997
      vertex 56.9131 2 4.80997
      vertex 57.0607 2 4.93934
    endloop
  endfacet
  facet normal 0 -1 0
    outer loop
      vertex 55.25 2 4.70096
      vertex 56.9131 2 4.80997
      vertex 55.0869 2 4.80997
    endloop
  endfacet
  facet normal 0 -1 0
    outer loop
      vertex 55.25 2 4.70096
      vertex 56.75 2 4.70096
      vertex 56.9131 2 4.80997
    endloop
  endfacet
  facet normal 0 -1 0
    outer loop
      vertex 55.426 2 4.61418
      vertex 56.75 2 4.70096
      vertex 55.25 2 4.70096
    endloop
  endfacet
  facet normal 0 -1 0
    outer loop
      vertex 55.426 2 4.61418
      vertex 56.574 2 4.61418
      vertex 56.75 2 4.70096
    endloop
  endfacet
  facet normal 0 -1 0
    outer loop
      vertex 55.6118 2 4.55111
      vertex 56.574 2 4.61418
      vertex 55.426 2 4.61418
    endloop
  endfacet
  facet normal 0 -1 0
    outer loop
      vertex 55.6118 2 4.55111
      vertex 56.3882 2 4.55111
      vertex 56.574 2 4.61418
    endloop
  endfacet
  facet normal 0 -1 0
    outer loop
      vertex 55.8042 2 4.51283
      vertex 56.3882 2 4.55111
      vertex 55.6118 2 4.55111
    endloop
  endfacet
  facet normal 0 -1 0
    outer loop
      vertex 55.8042 2 4.51283
      vertex 56.1958 2 4.51283
      vertex 56.3882 2 4.55111
    endloop
  endfacet
  facet normal -0 -1 0
    outer loop
      vertex 56.1958 2 4.51283
      vertex 55.8042 2 4.51283
      vertex 56 2 4.5
    endloop
  endfacet
  facet normal 0.99787 -0 0.0652369
    outer loop
      vertex 54.5 0 6
      vertex 54.5128 2 5.80421
      vertex 54.5 2 6
    endloop
  endfacet
  facet normal 0.99787 0 0.0652369
    outer loop
      vertex 54.5128 2 5.80421
      vertex 54.5 0 6
      vertex 54.5128 0 5.80421
    endloop
  endfacet
  facet normal -0.195136 0 0.980776
    outer loop
      vertex 56.1958 2 4.51283
      vertex 56.3882 0 4.55111
      vertex 56.3882 2 4.55111
    endloop
  endfacet
  facet normal -0.195136 0 0.980776
    outer loop
      vertex 56.3882 0 4.55111
      vertex 56.1958 2 4.51283
      vertex 56.1958 0 4.51283
    endloop
  endfacet
  facet normal -0.946885 0 0.321574
    outer loop
      vertex 57.3858 0 5.42597
      vertex 57.4489 2 5.61177
      vertex 57.3858 2 5.42597
    endloop
  endfacet
  facet normal -0.946885 0 0.321574
    outer loop
      vertex 57.4489 2 5.61177
      vertex 57.3858 0 5.42597
      vertex 57.4489 0 5.61177
    endloop
  endfacet
  facet normal 0.195136 0 0.980776
    outer loop
      vertex 55.6118 2 4.55111
      vertex 55.8042 0 4.51283
      vertex 55.8042 2 4.51283
    endloop
  endfacet
  facet normal 0.195136 0 0.980776
    outer loop
      vertex 55.8042 0 4.51283
      vertex 55.6118 2 4.55111
      vertex 55.6118 0 4.55111
    endloop
  endfacet
  facet normal 0.831485 -0 0.555547
    outer loop
      vertex 54.701 0 5.25
      vertex 54.81 2 5.08686
      vertex 54.701 2 5.25
    endloop
  endfacet
  facet normal 0.831485 0 0.555547
    outer loop
      vertex 54.81 2 5.08686
      vertex 54.701 0 5.25
      vertex 54.81 0 5.08686
    endloop
  endfacet
  facet normal -0.980764 0 -0.195195
    outer loop
      vertex 57.4872 0 6.19579
      vertex 57.4489 2 6.38823
      vertex 57.4872 2 6.19579
    endloop
  endfacet
  facet normal -0.980764 -0 -0.195195
    outer loop
      vertex 57.4489 2 6.38823
      vertex 57.4872 0 6.19579
      vertex 57.4489 0 6.38823
    endloop
  endfacet
  facet normal -0.89684 0 -0.442355
    outer loop
      vertex 57.3858 0 6.57402
      vertex 57.299 2 6.75
      vertex 57.3858 2 6.57402
    endloop
  endfacet
  facet normal -0.89684 -0 -0.442355
    outer loop
      vertex 57.299 2 6.75
      vertex 57.3858 0 6.57402
      vertex 57.299 0 6.75
    endloop
  endfacet
  facet normal -0.946879 0 -0.321589
    outer loop
      vertex 57.4489 0 6.38823
      vertex 57.3858 2 6.57402
      vertex 57.4489 2 6.38823
    endloop
  endfacet
  facet normal -0.946879 -0 -0.321589
    outer loop
      vertex 57.3858 2 6.57402
      vertex 57.4489 0 6.38823
      vertex 57.3858 0 6.57402
    endloop
  endfacet
  facet normal -0.321437 0 -0.946931
    outer loop
      vertex 56.3882 0 7.44889
      vertex 56.574 2 7.38582
      vertex 56.574 0 7.38582
    endloop
  endfacet
  facet normal -0.321437 0 -0.946931
    outer loop
      vertex 56.574 2 7.38582
      vertex 56.3882 0 7.44889
      vertex 56.3882 2 7.44889
    endloop
  endfacet
  facet normal -0.442233 0 -0.8969
    outer loop
      vertex 56.574 0 7.38582
      vertex 56.75 2 7.29904
      vertex 56.75 0 7.29904
    endloop
  endfacet
  facet normal -0.442233 0 -0.8969
    outer loop
      vertex 56.75 2 7.29904
      vertex 56.574 0 7.38582
      vertex 56.574 2 7.38582
    endloop
  endfacet
  facet normal 0.980764 0 -0.195195
    outer loop
      vertex 54.5511 0 6.38823
      vertex 54.5128 2 6.19579
      vertex 54.5511 2 6.38823
    endloop
  endfacet
  facet normal 0.980764 0 -0.195195
    outer loop
      vertex 54.5128 2 6.19579
      vertex 54.5511 0 6.38823
      vertex 54.5128 0 6.19579
    endloop
  endfacet
  facet normal 0.831485 0 -0.555547
    outer loop
      vertex 54.81 0 6.91314
      vertex 54.701 2 6.75
      vertex 54.81 2 6.91314
    endloop
  endfacet
  facet normal 0.831485 0 -0.555547
    outer loop
      vertex 54.701 2 6.75
      vertex 54.81 0 6.91314
      vertex 54.701 0 6.75
    endloop
  endfacet
  facet normal 0.195136 0 -0.980776
    outer loop
      vertex 55.6118 0 7.44889
      vertex 55.8042 2 7.48717
      vertex 55.8042 0 7.48717
    endloop
  endfacet
  facet normal 0.195136 0 -0.980776
    outer loop
      vertex 55.8042 2 7.48717
      vertex 55.6118 0 7.44889
      vertex 55.6118 2 7.44889
    endloop
  endfacet
  facet normal 0.752021 0 -0.65914
    outer loop
      vertex 54.9393 0 7.06066
      vertex 54.81 2 6.91314
      vertex 54.9393 2 7.06066
    endloop
  endfacet
  facet normal 0.752021 0 -0.65914
    outer loop
      vertex 54.81 2 6.91314
      vertex 54.9393 0 7.06066
      vertex 54.81 0 6.91314
    endloop
  endfacet
  facet normal -0.99787 0 0.0652369
    outer loop
      vertex 57.4872 0 5.80421
      vertex 57.5 2 6
      vertex 57.4872 2 5.80421
    endloop
  endfacet
  facet normal -0.99787 0 0.0652369
    outer loop
      vertex 57.5 2 6
      vertex 57.4872 0 5.80421
      vertex 57.5 0 6
    endloop
  endfacet
  facet normal -0.980764 0 0.195195
    outer loop
      vertex 57.4489 0 5.61177
      vertex 57.4872 2 5.80421
      vertex 57.4489 2 5.61177
    endloop
  endfacet
  facet normal -0.980764 0 0.195195
    outer loop
      vertex 57.4872 2 5.80421
      vertex 57.4489 0 5.61177
      vertex 57.4872 0 5.80421
    endloop
  endfacet
  facet normal -0.321437 0 0.946931
    outer loop
      vertex 56.3882 2 4.55111
      vertex 56.574 0 4.61418
      vertex 56.574 2 4.61418
    endloop
  endfacet
  facet normal -0.321437 0 0.946931
    outer loop
      vertex 56.574 0 4.61418
      vertex 56.3882 2 4.55111
      vertex 56.3882 0 4.55111
    endloop
  endfacet
  facet normal -0.752021 0 0.65914
    outer loop
      vertex 57.0607 0 4.93934
      vertex 57.19 2 5.08686
      vertex 57.0607 2 4.93934
    endloop
  endfacet
  facet normal -0.752021 0 0.65914
    outer loop
      vertex 57.19 2 5.08686
      vertex 57.0607 0 4.93934
      vertex 57.19 0 5.08686
    endloop
  endfacet
  facet normal -0.831485 0 0.555547
    outer loop
      vertex 57.19 0 5.08686
      vertex 57.299 2 5.25
      vertex 57.19 2 5.08686
    endloop
  endfacet
  facet normal -0.831485 0 0.555547
    outer loop
      vertex 57.299 2 5.25
      vertex 57.19 0 5.08686
      vertex 57.299 0 5.25
    endloop
  endfacet
  facet normal -0.89683 0 0.442376
    outer loop
      vertex 57.299 0 5.25
      vertex 57.3858 2 5.42597
      vertex 57.299 2 5.25
    endloop
  endfacet
  facet normal -0.89683 0 0.442376
    outer loop
      vertex 57.3858 2 5.42597
      vertex 57.299 0 5.25
      vertex 57.3858 0 5.42597
    endloop
  endfacet
  facet normal 0.0653858 0 0.99786
    outer loop
      vertex 55.8042 2 4.51283
      vertex 56 0 4.5
      vertex 56 2 4.5
    endloop
  endfacet
  facet normal 0.0653858 0 0.99786
    outer loop
      vertex 56 0 4.5
      vertex 55.8042 2 4.51283
      vertex 55.8042 0 4.51283
    endloop
  endfacet
  facet normal -0.0653858 0 0.99786
    outer loop
      vertex 56 2 4.5
      vertex 56.1958 0 4.51283
      vertex 56.1958 2 4.51283
    endloop
  endfacet
  facet normal -0.0653858 0 0.99786
    outer loop
      vertex 56.1958 0 4.51283
      vertex 56 2 4.5
      vertex 56 0 4.5
    endloop
  endfacet
  facet normal 0.555676 0 0.831399
    outer loop
      vertex 55.0869 2 4.80997
      vertex 55.25 0 4.70096
      vertex 55.25 2 4.70096
    endloop
  endfacet
  facet normal 0.555676 0 0.831399
    outer loop
      vertex 55.25 0 4.70096
      vertex 55.0869 2 4.80997
      vertex 55.0869 0 4.80997
    endloop
  endfacet
  facet normal 0.980764 -0 0.195195
    outer loop
      vertex 54.5128 0 5.80421
      vertex 54.5511 2 5.61177
      vertex 54.5128 2 5.80421
    endloop
  endfacet
  facet normal 0.980764 0 0.195195
    outer loop
      vertex 54.5511 2 5.61177
      vertex 54.5128 0 5.80421
      vertex 54.5511 0 5.61177
    endloop
  endfacet
  facet normal 0.659139 0 0.752021
    outer loop
      vertex 54.9393 2 4.93934
      vertex 55.0869 0 4.80997
      vertex 55.0869 2 4.80997
    endloop
  endfacet
  facet normal 0.659139 0 0.752021
    outer loop
      vertex 55.0869 0 4.80997
      vertex 54.9393 2 4.93934
      vertex 54.9393 0 4.93934
    endloop
  endfacet
  facet normal -0.831485 0 -0.555547
    outer loop
      vertex 57.299 0 6.75
      vertex 57.19 2 6.91314
      vertex 57.299 2 6.75
    endloop
  endfacet
  facet normal -0.831485 -0 -0.555547
    outer loop
      vertex 57.19 2 6.91314
      vertex 57.299 0 6.75
      vertex 57.19 0 6.91314
    endloop
  endfacet
  facet normal -0.752021 0 -0.65914
    outer loop
      vertex 57.19 0 6.91314
      vertex 57.0607 2 7.06066
      vertex 57.19 2 6.91314
    endloop
  endfacet
  facet normal -0.752021 -0 -0.65914
    outer loop
      vertex 57.0607 2 7.06066
      vertex 57.19 0 6.91314
      vertex 57.0607 0 7.06066
    endloop
  endfacet
  facet normal -0.195136 0 -0.980776
    outer loop
      vertex 56.1958 0 7.48717
      vertex 56.3882 2 7.44889
      vertex 56.3882 0 7.44889
    endloop
  endfacet
  facet normal -0.195136 0 -0.980776
    outer loop
      vertex 56.3882 2 7.44889
      vertex 56.1958 0 7.48717
      vertex 56.1958 2 7.48717
    endloop
  endfacet
  facet normal 0.99787 0 -0.0652369
    outer loop
      vertex 54.5128 0 6.19579
      vertex 54.5 2 6
      vertex 54.5128 2 6.19579
    endloop
  endfacet
  facet normal 0.99787 0 -0.0652369
    outer loop
      vertex 54.5 2 6
      vertex 54.5128 0 6.19579
      vertex 54.5 0 6
    endloop
  endfacet
  facet normal 0.89684 0 -0.442355
    outer loop
      vertex 54.701 0 6.75
      vertex 54.6142 2 6.57402
      vertex 54.701 2 6.75
    endloop
  endfacet
  facet normal 0.89684 0 -0.442355
    outer loop
      vertex 54.6142 2 6.57402
      vertex 54.701 0 6.75
      vertex 54.6142 0 6.57402
    endloop
  endfacet
  facet normal 0.321437 0 -0.946931
    outer loop
      vertex 55.426 0 7.38582
      vertex 55.6118 2 7.44889
      vertex 55.6118 0 7.44889
    endloop
  endfacet
  facet normal 0.321437 0 -0.946931
    outer loop
      vertex 55.6118 2 7.44889
      vertex 55.426 0 7.38582
      vertex 55.426 2 7.38582
    endloop
  endfacet
  facet normal 0.555676 0 -0.831399
    outer loop
      vertex 55.0869 0 7.19003
      vertex 55.25 2 7.29904
      vertex 55.25 0 7.29904
    endloop
  endfacet
  facet normal 0.555676 0 -0.831399
    outer loop
      vertex 55.25 2 7.29904
      vertex 55.0869 0 7.19003
      vertex 55.0869 2 7.19003
    endloop
  endfacet
  facet normal 0.659139 0 -0.752021
    outer loop
      vertex 54.9393 0 7.06066
      vertex 55.0869 2 7.19003
      vertex 55.0869 0 7.19003
    endloop
  endfacet
  facet normal 0.659139 0 -0.752021
    outer loop
      vertex 55.0869 2 7.19003
      vertex 54.9393 0 7.06066
      vertex 54.9393 2 7.06066
    endloop
  endfacet
  facet normal -0.442233 0 0.8969
    outer loop
      vertex 56.574 2 4.61418
      vertex 56.75 0 4.70096
      vertex 56.75 2 4.70096
    endloop
  endfacet
  facet normal -0.442233 0 0.8969
    outer loop
      vertex 56.75 0 4.70096
      vertex 56.574 2 4.61418
      vertex 56.574 0 4.61418
    endloop
  endfacet
  facet normal -0.555676 0 0.831399
    outer loop
      vertex 56.75 2 4.70096
      vertex 56.9131 0 4.80997
      vertex 56.9131 2 4.80997
    endloop
  endfacet
  facet normal -0.555676 0 0.831399
    outer loop
      vertex 56.9131 0 4.80997
      vertex 56.75 2 4.70096
      vertex 56.75 0 4.70096
    endloop
  endfacet
  facet normal -0.659139 0 0.752021
    outer loop
      vertex 56.9131 2 4.80997
      vertex 57.0607 0 4.93934
      vertex 57.0607 2 4.93934
    endloop
  endfacet
  facet normal -0.659139 0 0.752021
    outer loop
      vertex 57.0607 0 4.93934
      vertex 56.9131 2 4.80997
      vertex 56.9131 0 4.80997
    endloop
  endfacet
  facet normal 0.442233 0 0.8969
    outer loop
      vertex 55.25 2 4.70096
      vertex 55.426 0 4.61418
      vertex 55.426 2 4.61418
    endloop
  endfacet
  facet normal 0.442233 0 0.8969
    outer loop
      vertex 55.426 0 4.61418
      vertex 55.25 2 4.70096
      vertex 55.25 0 4.70096
    endloop
  endfacet
  facet normal 0.321437 0 0.946931
    outer loop
      vertex 55.426 2 4.61418
      vertex 55.6118 0 4.55111
      vertex 55.6118 2 4.55111
    endloop
  endfacet
  facet normal 0.321437 0 0.946931
    outer loop
      vertex 55.6118 0 4.55111
      vertex 55.426 2 4.61418
      vertex 55.426 0 4.61418
    endloop
  endfacet
  facet normal 0.946885 -0 0.321574
    outer loop
      vertex 54.5511 0 5.61177
      vertex 54.6142 2 5.42597
      vertex 54.5511 2 5.61177
    endloop
  endfacet
  facet normal 0.946885 0 0.321574
    outer loop
      vertex 54.6142 2 5.42597
      vertex 54.5511 0 5.61177
      vertex 54.6142 0 5.42597
    endloop
  endfacet
  facet normal 0.89683 -0 0.442376
    outer loop
      vertex 54.6142 0 5.42597
      vertex 54.701 2 5.25
      vertex 54.6142 2 5.42597
    endloop
  endfacet
  facet normal 0.89683 0 0.442376
    outer loop
      vertex 54.701 2 5.25
      vertex 54.6142 0 5.42597
      vertex 54.701 0 5.25
    endloop
  endfacet
  facet normal 0.752021 -0 0.65914
    outer loop
      vertex 54.81 0 5.08686
      vertex 54.9393 2 4.93934
      vertex 54.81 2 5.08686
    endloop
  endfacet
  facet normal 0.752021 0 0.65914
    outer loop
      vertex 54.9393 2 4.93934
      vertex 54.81 0 5.08686
      vertex 54.9393 0 4.93934
    endloop
  endfacet
  facet normal -0.99786 -0.0653877 0
    outer loop
      vertex 9.7 8 0
      vertex 9.68546 8.22189 2
      vertex 9.68546 8.22189 0
    endloop
  endfacet
  facet normal -0.99786 -0.0653877 0
    outer loop
      vertex 9.68546 8.22189 2
      vertex 9.7 8 0
      vertex 9.7 8 2
    endloop
  endfacet
  facet normal 0.0653848 -0.99786 0
    outer loop
      vertex 7.7781 9.68546 0
      vertex 8 9.7 2
      vertex 7.7781 9.68546 2
    endloop
  endfacet
  facet normal 0.0653848 -0.99786 0
    outer loop
      vertex 8 9.7 2
      vertex 7.7781 9.68546 0
      vertex 8 9.7 0
    endloop
  endfacet
  facet normal -0.0653877 0.99786 0
    outer loop
      vertex 8.22189 6.31454 0
      vertex 8 6.3 2
      vertex 8.22189 6.31454 2
    endloop
  endfacet
  facet normal -0.0653877 0.99786 0
    outer loop
      vertex 8 6.3 2
      vertex 8.22189 6.31454 0
      vertex 8 6.3 0
    endloop
  endfacet
  facet normal -0.659342 -0.751844 0
    outer loop
      vertex 9.03489 9.3487 0
      vertex 9.20208 9.20208 2
      vertex 9.03489 9.3487 2
    endloop
  endfacet
  facet normal -0.659342 -0.751844 -0
    outer loop
      vertex 9.20208 9.20208 2
      vertex 9.03489 9.3487 0
      vertex 9.20208 9.20208 0
    endloop
  endfacet
  facet normal 0.751844 -0.659342 0
    outer loop
      vertex 6.6513 9.03489 2
      vertex 6.79792 9.20208 0
      vertex 6.79792 9.20208 2
    endloop
  endfacet
  facet normal 0.751844 -0.659342 0
    outer loop
      vertex 6.79792 9.20208 0
      vertex 6.6513 9.03489 2
      vertex 6.6513 9.03489 0
    endloop
  endfacet
  facet normal 0.442278 -0.896878 0
    outer loop
      vertex 7.15 9.47224 0
      vertex 7.34944 9.57059 2
      vertex 7.15 9.47224 2
    endloop
  endfacet
  facet normal 0.442278 -0.896878 0
    outer loop
      vertex 7.34944 9.57059 2
      vertex 7.15 9.47224 0
      vertex 7.34944 9.57059 0
    endloop
  endfacet
  facet normal -0.896878 -0.442278 0
    outer loop
      vertex 9.57059 8.65056 0
      vertex 9.47224 8.85 2
      vertex 9.47224 8.85 0
    endloop
  endfacet
  facet normal -0.896878 -0.442278 0
    outer loop
      vertex 9.47224 8.85 2
      vertex 9.57059 8.65056 0
      vertex 9.57059 8.65056 2
    endloop
  endfacet
  facet normal -0.980779 -0.195122 0
    outer loop
      vertex 9.68546 8.22189 0
      vertex 9.64207 8.43999 2
      vertex 9.64207 8.43999 0
    endloop
  endfacet
  facet normal -0.980779 -0.195122 0
    outer loop
      vertex 9.64207 8.43999 2
      vertex 9.68546 8.22189 0
      vertex 9.68546 8.22189 2
    endloop
  endfacet
  facet normal -0.831469 -0.555572 0
    outer loop
      vertex 9.47224 8.85 0
      vertex 9.3487 9.03489 2
      vertex 9.3487 9.03489 0
    endloop
  endfacet
  facet normal -0.831469 -0.555572 0
    outer loop
      vertex 9.3487 9.03489 2
      vertex 9.47224 8.85 0
      vertex 9.47224 8.85 2
    endloop
  endfacet
  facet normal -0.321444 -0.946929 0
    outer loop
      vertex 8.43999 9.64207 0
      vertex 8.65056 9.57059 2
      vertex 8.43999 9.64207 2
    endloop
  endfacet
  facet normal -0.321444 -0.946929 -0
    outer loop
      vertex 8.65056 9.57059 2
      vertex 8.43999 9.64207 0
      vertex 8.65056 9.57059 0
    endloop
  endfacet
  facet normal -0.442278 -0.896878 0
    outer loop
      vertex 8.65056 9.57059 0
      vertex 8.85 9.47224 2
      vertex 8.65056 9.57059 2
    endloop
  endfacet
  facet normal -0.442278 -0.896878 -0
    outer loop
      vertex 8.85 9.47224 2
      vertex 8.65056 9.57059 0
      vertex 8.85 9.47224 0
    endloop
  endfacet
  facet normal 0.946942 -0.321404 0
    outer loop
      vertex 6.35793 8.43999 2
      vertex 6.4294 8.65056 0
      vertex 6.4294 8.65056 2
    endloop
  endfacet
  facet normal 0.946942 -0.321404 0
    outer loop
      vertex 6.4294 8.65056 0
      vertex 6.35793 8.43999 2
      vertex 6.35793 8.43999 0
    endloop
  endfacet
  facet normal 0.555572 -0.831469 0
    outer loop
      vertex 6.96511 9.3487 0
      vertex 7.15 9.47224 2
      vertex 6.96511 9.3487 2
    endloop
  endfacet
  facet normal 0.555572 -0.831469 0
    outer loop
      vertex 7.15 9.47224 2
      vertex 6.96511 9.3487 0
      vertex 7.15 9.47224 0
    endloop
  endfacet
  facet normal 0.19513 -0.980777 0
    outer loop
      vertex 7.56001 9.64207 0
      vertex 7.7781 9.68546 2
      vertex 7.56001 9.64207 2
    endloop
  endfacet
  facet normal 0.19513 -0.980777 0
    outer loop
      vertex 7.7781 9.68546 2
      vertex 7.56001 9.64207 0
      vertex 7.7781 9.68546 0
    endloop
  endfacet
  facet normal -0.195122 0.980779 0
    outer loop
      vertex 8.43999 6.35793 0
      vertex 8.22189 6.31454 2
      vertex 8.43999 6.35793 2
    endloop
  endfacet
  facet normal -0.195122 0.980779 0
    outer loop
      vertex 8.22189 6.31454 2
      vertex 8.43999 6.35793 0
      vertex 8.22189 6.31454 0
    endloop
  endfacet
  facet normal -0.442314 0.89686 0
    outer loop
      vertex 8.85 6.52776 0
      vertex 8.65056 6.4294 2
      vertex 8.85 6.52776 2
    endloop
  endfacet
  facet normal -0.442314 0.89686 0
    outer loop
      vertex 8.65056 6.4294 2
      vertex 8.85 6.52776 0
      vertex 8.65056 6.4294 0
    endloop
  endfacet
  facet normal -0.946929 -0.321444 0
    outer loop
      vertex 9.64207 8.43999 0
      vertex 9.57059 8.65056 2
      vertex 9.57059 8.65056 0
    endloop
  endfacet
  facet normal -0.946929 -0.321444 0
    outer loop
      vertex 9.57059 8.65056 2
      vertex 9.64207 8.43999 0
      vertex 9.64207 8.43999 2
    endloop
  endfacet
  facet normal -0.751844 -0.659342 0
    outer loop
      vertex 9.3487 9.03489 0
      vertex 9.20208 9.20208 2
      vertex 9.20208 9.20208 0
    endloop
  endfacet
  facet normal -0.751844 -0.659342 0
    outer loop
      vertex 9.20208 9.20208 2
      vertex 9.3487 9.03489 0
      vertex 9.3487 9.03489 2
    endloop
  endfacet
  facet normal -0.195122 -0.980779 0
    outer loop
      vertex 8.22189 9.68546 0
      vertex 8.43999 9.64207 2
      vertex 8.22189 9.68546 2
    endloop
  endfacet
  facet normal -0.195122 -0.980779 -0
    outer loop
      vertex 8.43999 9.64207 2
      vertex 8.22189 9.68546 0
      vertex 8.43999 9.64207 0
    endloop
  endfacet
  facet normal -0.0653877 -0.99786 0
    outer loop
      vertex 8 9.7 0
      vertex 8.22189 9.68546 2
      vertex 8 9.7 2
    endloop
  endfacet
  facet normal -0.0653877 -0.99786 -0
    outer loop
      vertex 8.22189 9.68546 2
      vertex 8 9.7 0
      vertex 8.22189 9.68546 0
    endloop
  endfacet
  facet normal -0.555572 -0.831469 0
    outer loop
      vertex 8.85 9.47224 0
      vertex 9.03489 9.3487 2
      vertex 8.85 9.47224 2
    endloop
  endfacet
  facet normal -0.555572 -0.831469 -0
    outer loop
      vertex 9.03489 9.3487 2
      vertex 8.85 9.47224 0
      vertex 9.03489 9.3487 0
    endloop
  endfacet
  facet normal 0.89686 -0.442314 0
    outer loop
      vertex 6.4294 8.65056 2
      vertex 6.52776 8.85 0
      vertex 6.52776 8.85 2
    endloop
  endfacet
  facet normal 0.89686 -0.442314 0
    outer loop
      vertex 6.52776 8.85 0
      vertex 6.4294 8.65056 2
      vertex 6.4294 8.65056 0
    endloop
  endfacet
  facet normal 0.831469 -0.555572 0
    outer loop
      vertex 6.52776 8.85 2
      vertex 6.6513 9.03489 0
      vertex 6.6513 9.03489 2
    endloop
  endfacet
  facet normal 0.831469 -0.555572 0
    outer loop
      vertex 6.6513 9.03489 0
      vertex 6.52776 8.85 2
      vertex 6.52776 8.85 0
    endloop
  endfacet
  facet normal 0.980779 -0.195122 0
    outer loop
      vertex 6.31454 8.22189 2
      vertex 6.35793 8.43999 0
      vertex 6.35793 8.43999 2
    endloop
  endfacet
  facet normal 0.980779 -0.195122 0
    outer loop
      vertex 6.35793 8.43999 0
      vertex 6.31454 8.22189 2
      vertex 6.31454 8.22189 0
    endloop
  endfacet
  facet normal 0.99786 -0.0653877 0
    outer loop
      vertex 6.3 8 2
      vertex 6.31454 8.22189 0
      vertex 6.31454 8.22189 2
    endloop
  endfacet
  facet normal 0.99786 -0.0653877 0
    outer loop
      vertex 6.31454 8.22189 0
      vertex 6.3 8 2
      vertex 6.3 8 0
    endloop
  endfacet
  facet normal 0.99786 0.0653848 0
    outer loop
      vertex 6.31454 7.7781 2
      vertex 6.3 8 0
      vertex 6.3 8 2
    endloop
  endfacet
  facet normal 0.99786 0.0653848 0
    outer loop
      vertex 6.3 8 0
      vertex 6.31454 7.7781 2
      vertex 6.31454 7.7781 0
    endloop
  endfacet
  facet normal 0.659342 -0.751844 0
    outer loop
      vertex 6.79792 9.20208 0
      vertex 6.96511 9.3487 2
      vertex 6.79792 9.20208 2
    endloop
  endfacet
  facet normal 0.659342 -0.751844 0
    outer loop
      vertex 6.96511 9.3487 2
      vertex 6.79792 9.20208 0
      vertex 6.96511 9.3487 0
    endloop
  endfacet
  facet normal 0.321444 -0.946929 0
    outer loop
      vertex 7.34944 9.57059 0
      vertex 7.56001 9.64207 2
      vertex 7.34944 9.57059 2
    endloop
  endfacet
  facet normal 0.321444 -0.946929 0
    outer loop
      vertex 7.56001 9.64207 2
      vertex 7.34944 9.57059 0
      vertex 7.56001 9.64207 0
    endloop
  endfacet
  facet normal -0.99786 0.0653848 0
    outer loop
      vertex 9.68546 7.7781 0
      vertex 9.7 8 2
      vertex 9.7 8 0
    endloop
  endfacet
  facet normal -0.99786 0.0653848 0
    outer loop
      vertex 9.7 8 2
      vertex 9.68546 7.7781 0
      vertex 9.68546 7.7781 2
    endloop
  endfacet
  facet normal -0.946929 0.321444 0
    outer loop
      vertex 9.57059 7.34944 0
      vertex 9.64207 7.56001 2
      vertex 9.64207 7.56001 0
    endloop
  endfacet
  facet normal -0.946929 0.321444 0
    outer loop
      vertex 9.64207 7.56001 2
      vertex 9.57059 7.34944 0
      vertex 9.57059 7.34944 2
    endloop
  endfacet
  facet normal -0.980777 0.19513 0
    outer loop
      vertex 9.64207 7.56001 0
      vertex 9.68546 7.7781 2
      vertex 9.68546 7.7781 0
    endloop
  endfacet
  facet normal -0.980777 0.19513 0
    outer loop
      vertex 9.68546 7.7781 2
      vertex 9.64207 7.56001 0
      vertex 9.64207 7.56001 2
    endloop
  endfacet
  facet normal 0.555572 0.831469 -0
    outer loop
      vertex 7.15 6.52776 0
      vertex 6.96511 6.6513 2
      vertex 7.15 6.52776 2
    endloop
  endfacet
  facet normal 0.555572 0.831469 0
    outer loop
      vertex 6.96511 6.6513 2
      vertex 7.15 6.52776 0
      vertex 6.96511 6.6513 0
    endloop
  endfacet
  facet normal 0.831469 0.555572 0
    outer loop
      vertex 6.6513 6.96511 2
      vertex 6.52776 7.15 0
      vertex 6.52776 7.15 2
    endloop
  endfacet
  facet normal 0.831469 0.555572 0
    outer loop
      vertex 6.52776 7.15 0
      vertex 6.6513 6.96511 2
      vertex 6.6513 6.96511 0
    endloop
  endfacet
  facet normal 0.751844 0.659342 0
    outer loop
      vertex 6.79792 6.79792 2
      vertex 6.6513 6.96511 0
      vertex 6.6513 6.96511 2
    endloop
  endfacet
  facet normal 0.751844 0.659342 0
    outer loop
      vertex 6.6513 6.96511 0
      vertex 6.79792 6.79792 2
      vertex 6.79792 6.79792 0
    endloop
  endfacet
  facet normal -0.555572 0.831469 0
    outer loop
      vertex 9.03489 6.6513 0
      vertex 8.85 6.52776 2
      vertex 9.03489 6.6513 2
    endloop
  endfacet
  facet normal -0.555572 0.831469 0
    outer loop
      vertex 8.85 6.52776 2
      vertex 9.03489 6.6513 0
      vertex 8.85 6.52776 0
    endloop
  endfacet
  facet normal 0.19513 0.980777 -0
    outer loop
      vertex 7.7781 6.31454 0
      vertex 7.56001 6.35793 2
      vertex 7.7781 6.31454 2
    endloop
  endfacet
  facet normal 0.19513 0.980777 0
    outer loop
      vertex 7.56001 6.35793 2
      vertex 7.7781 6.31454 0
      vertex 7.56001 6.35793 0
    endloop
  endfacet
  facet normal 0.659342 0.751844 -0
    outer loop
      vertex 6.96511 6.6513 0
      vertex 6.79792 6.79792 2
      vertex 6.96511 6.6513 2
    endloop
  endfacet
  facet normal 0.659342 0.751844 0
    outer loop
      vertex 6.79792 6.79792 2
      vertex 6.96511 6.6513 0
      vertex 6.79792 6.79792 0
    endloop
  endfacet
  facet normal 0.946942 0.321404 0
    outer loop
      vertex 6.4294 7.34944 2
      vertex 6.35793 7.56001 0
      vertex 6.35793 7.56001 2
    endloop
  endfacet
  facet normal 0.946942 0.321404 0
    outer loop
      vertex 6.35793 7.56001 0
      vertex 6.4294 7.34944 2
      vertex 6.4294 7.34944 0
    endloop
  endfacet
  facet normal 0.980777 0.19513 0
    outer loop
      vertex 6.35793 7.56001 2
      vertex 6.31454 7.7781 0
      vertex 6.31454 7.7781 2
    endloop
  endfacet
  facet normal 0.980777 0.19513 0
    outer loop
      vertex 6.31454 7.7781 0
      vertex 6.35793 7.56001 2
      vertex 6.35793 7.56001 0
    endloop
  endfacet
  facet normal 0.89686 0.442314 0
    outer loop
      vertex 6.52776 7.15 2
      vertex 6.4294 7.34944 0
      vertex 6.4294 7.34944 2
    endloop
  endfacet
  facet normal 0.89686 0.442314 0
    outer loop
      vertex 6.4294 7.34944 0
      vertex 6.52776 7.15 2
      vertex 6.52776 7.15 0
    endloop
  endfacet
  facet normal -0.659342 0.751844 0
    outer loop
      vertex 9.20208 6.79792 0
      vertex 9.03489 6.6513 2
      vertex 9.20208 6.79792 2
    endloop
  endfacet
  facet normal -0.659342 0.751844 0
    outer loop
      vertex 9.03489 6.6513 2
      vertex 9.20208 6.79792 0
      vertex 9.03489 6.6513 0
    endloop
  endfacet
  facet normal -0.321404 0.946942 0
    outer loop
      vertex 8.65056 6.4294 0
      vertex 8.43999 6.35793 2
      vertex 8.65056 6.4294 2
    endloop
  endfacet
  facet normal -0.321404 0.946942 0
    outer loop
      vertex 8.43999 6.35793 2
      vertex 8.65056 6.4294 0
      vertex 8.43999 6.35793 0
    endloop
  endfacet
  facet normal -0.896878 0.442278 0
    outer loop
      vertex 9.47224 7.15 0
      vertex 9.57059 7.34944 2
      vertex 9.57059 7.34944 0
    endloop
  endfacet
  facet normal -0.896878 0.442278 0
    outer loop
      vertex 9.57059 7.34944 2
      vertex 9.47224 7.15 0
      vertex 9.47224 7.15 2
    endloop
  endfacet
  facet normal -0.831469 0.555572 0
    outer loop
      vertex 9.3487 6.96511 0
      vertex 9.47224 7.15 2
      vertex 9.47224 7.15 0
    endloop
  endfacet
  facet normal -0.831469 0.555572 0
    outer loop
      vertex 9.47224 7.15 2
      vertex 9.3487 6.96511 0
      vertex 9.3487 6.96511 2
    endloop
  endfacet
  facet normal 0.0653848 0.99786 -0
    outer loop
      vertex 8 6.3 0
      vertex 7.7781 6.31454 2
      vertex 8 6.3 2
    endloop
  endfacet
  facet normal 0.0653848 0.99786 0
    outer loop
      vertex 7.7781 6.31454 2
      vertex 8 6.3 0
      vertex 7.7781 6.31454 0
    endloop
  endfacet
  facet normal 0.442314 0.89686 -0
    outer loop
      vertex 7.34944 6.4294 0
      vertex 7.15 6.52776 2
      vertex 7.34944 6.4294 2
    endloop
  endfacet
  facet normal 0.442314 0.89686 0
    outer loop
      vertex 7.15 6.52776 2
      vertex 7.34944 6.4294 0
      vertex 7.15 6.52776 0
    endloop
  endfacet
  facet normal 0.321404 0.946942 -0
    outer loop
      vertex 7.56001 6.35793 0
      vertex 7.34944 6.4294 2
      vertex 7.56001 6.35793 2
    endloop
  endfacet
  facet normal 0.321404 0.946942 0
    outer loop
      vertex 7.34944 6.4294 2
      vertex 7.56001 6.35793 0
      vertex 7.34944 6.4294 0
    endloop
  endfacet
  facet normal -0.751844 0.659342 0
    outer loop
      vertex 9.20208 6.79792 0
      vertex 9.3487 6.96511 2
      vertex 9.3487 6.96511 0
    endloop
  endfacet
  facet normal -0.751844 0.659342 0
    outer loop
      vertex 9.3487 6.96511 2
      vertex 9.20208 6.79792 0
      vertex 9.20208 6.79792 2
    endloop
  endfacet
  facet normal -0.997872 -0.0652086 0
    outer loop
      vertex 93.7 8 0
      vertex 93.6855 8.22189 2
      vertex 93.6855 8.22189 0
    endloop
  endfacet
  facet normal -0.997872 -0.0652086 0
    outer loop
      vertex 93.6855 8.22189 2
      vertex 93.7 8 0
      vertex 93.7 8 2
    endloop
  endfacet
  facet normal 0.0653848 -0.99786 0
    outer loop
      vertex 91.7781 9.68546 0
      vertex 92 9.7 2
      vertex 91.7781 9.68546 2
    endloop
  endfacet
  facet normal 0.0653848 -0.99786 0
    outer loop
      vertex 92 9.7 2
      vertex 91.7781 9.68546 0
      vertex 92 9.7 0
    endloop
  endfacet
  facet normal -0.0653848 0.99786 0
    outer loop
      vertex 92.2219 6.31454 0
      vertex 92 6.3 2
      vertex 92.2219 6.31454 2
    endloop
  endfacet
  facet normal -0.0653848 0.99786 0
    outer loop
      vertex 92 6.3 2
      vertex 92.2219 6.31454 0
      vertex 92 6.3 0
    endloop
  endfacet
  facet normal -0.751888 0.659291 0
    outer loop
      vertex 93.2021 6.79792 0
      vertex 93.3487 6.96511 2
      vertex 93.3487 6.96511 0
    endloop
  endfacet
  facet normal -0.751888 0.659291 0
    outer loop
      vertex 93.3487 6.96511 2
      vertex 93.2021 6.79792 0
      vertex 93.2021 6.79792 2
    endloop
  endfacet
  facet normal -0.659319 -0.751863 0
    outer loop
      vertex 93.0349 9.3487 0
      vertex 93.2021 9.20208 2
      vertex 93.0349 9.3487 2
    endloop
  endfacet
  facet normal -0.659319 -0.751863 -0
    outer loop
      vertex 93.2021 9.20208 2
      vertex 93.0349 9.3487 0
      vertex 93.2021 9.20208 0
    endloop
  endfacet
  facet normal 0.751888 -0.659291 0
    outer loop
      vertex 90.6513 9.03489 2
      vertex 90.7979 9.20208 0
      vertex 90.7979 9.20208 2
    endloop
  endfacet
  facet normal 0.751888 -0.659291 0
    outer loop
      vertex 90.7979 9.20208 0
      vertex 90.6513 9.03489 2
      vertex 90.6513 9.03489 0
    endloop
  endfacet
  facet normal 0.442349 -0.896843 0
    outer loop
      vertex 91.15 9.47224 0
      vertex 91.3494 9.57059 2
      vertex 91.15 9.47224 2
    endloop
  endfacet
  facet normal 0.442349 -0.896843 0
    outer loop
      vertex 91.3494 9.57059 2
      vertex 91.15 9.47224 0
      vertex 91.3494 9.57059 0
    endloop
  endfacet
  facet normal -0.896789 -0.442459 0
    outer loop
      vertex 93.5706 8.65056 0
      vertex 93.4722 8.85 2
      vertex 93.4722 8.85 0
    endloop
  endfacet
  facet normal -0.896789 -0.442459 0
    outer loop
      vertex 93.4722 8.85 2
      vertex 93.5706 8.65056 0
      vertex 93.5706 8.65056 2
    endloop
  endfacet
  facet normal -0.98077 -0.195165 0
    outer loop
      vertex 93.6855 8.22189 0
      vertex 93.6421 8.43999 2
      vertex 93.6421 8.43999 0
    endloop
  endfacet
  facet normal -0.98077 -0.195165 0
    outer loop
      vertex 93.6421 8.43999 2
      vertex 93.6855 8.22189 0
      vertex 93.6855 8.22189 2
    endloop
  endfacet
  facet normal -0.831552 -0.555447 0
    outer loop
      vertex 93.4722 8.85 0
      vertex 93.3487 9.03489 2
      vertex 93.3487 9.03489 0
    endloop
  endfacet
  facet normal -0.831552 -0.555447 0
    outer loop
      vertex 93.3487 9.03489 2
      vertex 93.4722 8.85 0
      vertex 93.4722 8.85 2
    endloop
  endfacet
  facet normal -0.321403 -0.946943 0
    outer loop
      vertex 92.44 9.64207 0
      vertex 92.6506 9.57059 2
      vertex 92.44 9.64207 2
    endloop
  endfacet
  facet normal -0.321403 -0.946943 -0
    outer loop
      vertex 92.6506 9.57059 2
      vertex 92.44 9.64207 0
      vertex 92.6506 9.57059 0
    endloop
  endfacet
  facet normal -0.442349 -0.896843 0
    outer loop
      vertex 92.6506 9.57059 0
      vertex 92.85 9.47224 2
      vertex 92.6506 9.57059 2
    endloop
  endfacet
  facet normal -0.442349 -0.896843 -0
    outer loop
      vertex 92.85 9.47224 2
      vertex 92.6506 9.57059 0
      vertex 92.85 9.47224 0
    endloop
  endfacet
  facet normal 0.946901 -0.321525 0
    outer loop
      vertex 90.3579 8.43999 2
      vertex 90.4294 8.65056 0
      vertex 90.4294 8.65056 2
    endloop
  endfacet
  facet normal 0.946901 -0.321525 0
    outer loop
      vertex 90.4294 8.65056 0
      vertex 90.3579 8.43999 2
      vertex 90.3579 8.43999 0
    endloop
  endfacet
  facet normal 0.555551 -0.831483 0
    outer loop
      vertex 90.9651 9.3487 0
      vertex 91.15 9.47224 2
      vertex 90.9651 9.3487 2
    endloop
  endfacet
  facet normal 0.555551 -0.831483 0
    outer loop
      vertex 91.15 9.47224 2
      vertex 90.9651 9.3487 0
      vertex 91.15 9.47224 0
    endloop
  endfacet
  facet normal 0.195122 -0.980779 0
    outer loop
      vertex 91.56 9.64207 0
      vertex 91.7781 9.68546 2
      vertex 91.56 9.64207 2
    endloop
  endfacet
  facet normal 0.195122 -0.980779 0
    outer loop
      vertex 91.7781 9.68546 2
      vertex 91.56 9.64207 0
      vertex 91.7781 9.68546 0
    endloop
  endfacet
  facet normal -0.195122 0.980779 0
    outer loop
      vertex 92.44 6.35793 0
      vertex 92.2219 6.31454 2
      vertex 92.44 6.35793 2
    endloop
  endfacet
  facet normal -0.195122 0.980779 0
    outer loop
      vertex 92.2219 6.31454 2
      vertex 92.44 6.35793 0
      vertex 92.2219 6.31454 0
    endloop
  endfacet
  facet normal -0.442386 0.896825 0
    outer loop
      vertex 92.85 6.52776 0
      vertex 92.6506 6.4294 2
      vertex 92.85 6.52776 2
    endloop
  endfacet
  facet normal -0.442386 0.896825 0
    outer loop
      vertex 92.6506 6.4294 2
      vertex 92.85 6.52776 0
      vertex 92.6506 6.4294 0
    endloop
  endfacet
  facet normal -0.946901 -0.321525 0
    outer loop
      vertex 93.6421 8.43999 0
      vertex 93.5706 8.65056 2
      vertex 93.5706 8.65056 0
    endloop
  endfacet
  facet normal -0.946901 -0.321525 0
    outer loop
      vertex 93.5706 8.65056 2
      vertex 93.6421 8.43999 0
      vertex 93.6421 8.43999 2
    endloop
  endfacet
  facet normal -0.751888 -0.659291 0
    outer loop
      vertex 93.3487 9.03489 0
      vertex 93.2021 9.20208 2
      vertex 93.2021 9.20208 0
    endloop
  endfacet
  facet normal -0.751888 -0.659291 0
    outer loop
      vertex 93.2021 9.20208 2
      vertex 93.3487 9.03489 0
      vertex 93.3487 9.03489 2
    endloop
  endfacet
  facet normal -0.195122 -0.980779 0
    outer loop
      vertex 92.2219 9.68546 0
      vertex 92.44 9.64207 2
      vertex 92.2219 9.68546 2
    endloop
  endfacet
  facet normal -0.195122 -0.980779 -0
    outer loop
      vertex 92.44 9.64207 2
      vertex 92.2219 9.68546 0
      vertex 92.44 9.64207 0
    endloop
  endfacet
  facet normal -0.0653848 -0.99786 0
    outer loop
      vertex 92 9.7 0
      vertex 92.2219 9.68546 2
      vertex 92 9.7 2
    endloop
  endfacet
  facet normal -0.0653848 -0.99786 -0
    outer loop
      vertex 92.2219 9.68546 2
      vertex 92 9.7 0
      vertex 92.2219 9.68546 0
    endloop
  endfacet
  facet normal -0.555551 -0.831483 0
    outer loop
      vertex 92.85 9.47224 0
      vertex 93.0349 9.3487 2
      vertex 92.85 9.47224 2
    endloop
  endfacet
  facet normal -0.555551 -0.831483 -0
    outer loop
      vertex 93.0349 9.3487 2
      vertex 92.85 9.47224 0
      vertex 93.0349 9.3487 0
    endloop
  endfacet
  facet normal 0.896789 -0.442459 0
    outer loop
      vertex 90.4294 8.65056 2
      vertex 90.5278 8.85 0
      vertex 90.5278 8.85 2
    endloop
  endfacet
  facet normal 0.896789 -0.442459 0
    outer loop
      vertex 90.5278 8.85 0
      vertex 90.4294 8.65056 2
      vertex 90.4294 8.65056 0
    endloop
  endfacet
  facet normal 0.831552 -0.555447 0
    outer loop
      vertex 90.5278 8.85 2
      vertex 90.6513 9.03489 0
      vertex 90.6513 9.03489 2
    endloop
  endfacet
  facet normal 0.831552 -0.555447 0
    outer loop
      vertex 90.6513 9.03489 0
      vertex 90.5278 8.85 2
      vertex 90.5278 8.85 0
    endloop
  endfacet
  facet normal 0.98077 -0.195165 0
    outer loop
      vertex 90.3145 8.22189 2
      vertex 90.3579 8.43999 0
      vertex 90.3579 8.43999 2
    endloop
  endfacet
  facet normal 0.98077 -0.195165 0
    outer loop
      vertex 90.3579 8.43999 0
      vertex 90.3145 8.22189 2
      vertex 90.3145 8.22189 0
    endloop
  endfacet
  facet normal 0.997872 -0.0652086 0
    outer loop
      vertex 90.3 8 2
      vertex 90.3145 8.22189 0
      vertex 90.3145 8.22189 2
    endloop
  endfacet
  facet normal 0.997872 -0.0652086 0
    outer loop
      vertex 90.3145 8.22189 0
      vertex 90.3 8 2
      vertex 90.3 8 0
    endloop
  endfacet
  facet normal 0.997872 0.0652057 0
    outer loop
      vertex 90.3145 7.7781 2
      vertex 90.3 8 0
      vertex 90.3 8 2
    endloop
  endfacet
  facet normal 0.997872 0.0652057 0
    outer loop
      vertex 90.3 8 0
      vertex 90.3145 7.7781 2
      vertex 90.3145 7.7781 0
    endloop
  endfacet
  facet normal 0.659319 -0.751863 0
    outer loop
      vertex 90.7979 9.20208 0
      vertex 90.9651 9.3487 2
      vertex 90.7979 9.20208 2
    endloop
  endfacet
  facet normal 0.659319 -0.751863 0
    outer loop
      vertex 90.9651 9.3487 2
      vertex 90.7979 9.20208 0
      vertex 90.9651 9.3487 0
    endloop
  endfacet
  facet normal 0.321403 -0.946943 0
    outer loop
      vertex 91.3494 9.57059 0
      vertex 91.56 9.64207 2
      vertex 91.3494 9.57059 2
    endloop
  endfacet
  facet normal 0.321403 -0.946943 0
    outer loop
      vertex 91.56 9.64207 2
      vertex 91.3494 9.57059 0
      vertex 91.56 9.64207 0
    endloop
  endfacet
  facet normal -0.946901 0.321525 0
    outer loop
      vertex 93.5706 7.34944 0
      vertex 93.6421 7.56001 2
      vertex 93.6421 7.56001 0
    endloop
  endfacet
  facet normal -0.946901 0.321525 0
    outer loop
      vertex 93.6421 7.56001 2
      vertex 93.5706 7.34944 0
      vertex 93.5706 7.34944 2
    endloop
  endfacet
  facet normal -0.980769 0.195173 0
    outer loop
      vertex 93.6421 7.56001 0
      vertex 93.6855 7.7781 2
      vertex 93.6855 7.7781 0
    endloop
  endfacet
  facet normal -0.980769 0.195173 0
    outer loop
      vertex 93.6855 7.7781 2
      vertex 93.6421 7.56001 0
      vertex 93.6421 7.56001 2
    endloop
  endfacet
  facet normal 0.555551 0.831483 -0
    outer loop
      vertex 91.15 6.52776 0
      vertex 90.9651 6.6513 2
      vertex 91.15 6.52776 2
    endloop
  endfacet
  facet normal 0.555551 0.831483 0
    outer loop
      vertex 90.9651 6.6513 2
      vertex 91.15 6.52776 0
      vertex 90.9651 6.6513 0
    endloop
  endfacet
  facet normal 0.831552 0.555447 0
    outer loop
      vertex 90.6513 6.96511 2
      vertex 90.5278 7.15 0
      vertex 90.5278 7.15 2
    endloop
  endfacet
  facet normal 0.831552 0.555447 0
    outer loop
      vertex 90.5278 7.15 0
      vertex 90.6513 6.96511 2
      vertex 90.6513 6.96511 0
    endloop
  endfacet
  facet normal 0.751888 0.659291 0
    outer loop
      vertex 90.7979 6.79792 2
      vertex 90.6513 6.96511 0
      vertex 90.6513 6.96511 2
    endloop
  endfacet
  facet normal 0.751888 0.659291 0
    outer loop
      vertex 90.6513 6.96511 0
      vertex 90.7979 6.79792 2
      vertex 90.7979 6.79792 0
    endloop
  endfacet
  facet normal -0.555551 0.831483 0
    outer loop
      vertex 93.0349 6.6513 0
      vertex 92.85 6.52776 2
      vertex 93.0349 6.6513 2
    endloop
  endfacet
  facet normal -0.555551 0.831483 0
    outer loop
      vertex 92.85 6.52776 2
      vertex 93.0349 6.6513 0
      vertex 92.85 6.52776 0
    endloop
  endfacet
  facet normal -0.997872 0.0652057 0
    outer loop
      vertex 93.6855 7.7781 0
      vertex 93.7 8 2
      vertex 93.7 8 0
    endloop
  endfacet
  facet normal -0.997872 0.0652057 0
    outer loop
      vertex 93.7 8 2
      vertex 93.6855 7.7781 0
      vertex 93.6855 7.7781 2
    endloop
  endfacet
  facet normal 0.195122 0.980779 -0
    outer loop
      vertex 91.7781 6.31454 0
      vertex 91.56 6.35793 2
      vertex 91.7781 6.31454 2
    endloop
  endfacet
  facet normal 0.195122 0.980779 0
    outer loop
      vertex 91.56 6.35793 2
      vertex 91.7781 6.31454 0
      vertex 91.56 6.35793 0
    endloop
  endfacet
  facet normal 0.659319 0.751863 -0
    outer loop
      vertex 90.9651 6.6513 0
      vertex 90.7979 6.79792 2
      vertex 90.9651 6.6513 2
    endloop
  endfacet
  facet normal 0.659319 0.751863 0
    outer loop
      vertex 90.7979 6.79792 2
      vertex 90.9651 6.6513 0
      vertex 90.7979 6.79792 0
    endloop
  endfacet
  facet normal 0.946901 0.321525 0
    outer loop
      vertex 90.4294 7.34944 2
      vertex 90.3579 7.56001 0
      vertex 90.3579 7.56001 2
    endloop
  endfacet
  facet normal 0.946901 0.321525 0
    outer loop
      vertex 90.3579 7.56001 0
      vertex 90.4294 7.34944 2
      vertex 90.4294 7.34944 0
    endloop
  endfacet
  facet normal 0.980769 0.195173 0
    outer loop
      vertex 90.3579 7.56001 2
      vertex 90.3145 7.7781 0
      vertex 90.3145 7.7781 2
    endloop
  endfacet
  facet normal 0.980769 0.195173 0
    outer loop
      vertex 90.3145 7.7781 0
      vertex 90.3579 7.56001 2
      vertex 90.3579 7.56001 0
    endloop
  endfacet
  facet normal 0.896789 0.442459 0
    outer loop
      vertex 90.5278 7.15 2
      vertex 90.4294 7.34944 0
      vertex 90.4294 7.34944 2
    endloop
  endfacet
  facet normal 0.896789 0.442459 0
    outer loop
      vertex 90.4294 7.34944 0
      vertex 90.5278 7.15 2
      vertex 90.5278 7.15 0
    endloop
  endfacet
  facet normal -0.659319 0.751863 0
    outer loop
      vertex 93.2021 6.79792 0
      vertex 93.0349 6.6513 2
      vertex 93.2021 6.79792 2
    endloop
  endfacet
  facet normal -0.659319 0.751863 0
    outer loop
      vertex 93.0349 6.6513 2
      vertex 93.2021 6.79792 0
      vertex 93.0349 6.6513 0
    endloop
  endfacet
  facet normal -0.321363 0.946956 0
    outer loop
      vertex 92.6506 6.4294 0
      vertex 92.44 6.35793 2
      vertex 92.6506 6.4294 2
    endloop
  endfacet
  facet normal -0.321363 0.946956 0
    outer loop
      vertex 92.44 6.35793 2
      vertex 92.6506 6.4294 0
      vertex 92.44 6.35793 0
    endloop
  endfacet
  facet normal -0.896789 0.442459 0
    outer loop
      vertex 93.4722 7.15 0
      vertex 93.5706 7.34944 2
      vertex 93.5706 7.34944 0
    endloop
  endfacet
  facet normal -0.896789 0.442459 0
    outer loop
      vertex 93.5706 7.34944 2
      vertex 93.4722 7.15 0
      vertex 93.4722 7.15 2
    endloop
  endfacet
  facet normal -0.831552 0.555447 0
    outer loop
      vertex 93.3487 6.96511 0
      vertex 93.4722 7.15 2
      vertex 93.4722 7.15 0
    endloop
  endfacet
  facet normal -0.831552 0.555447 0
    outer loop
      vertex 93.4722 7.15 2
      vertex 93.3487 6.96511 0
      vertex 93.3487 6.96511 2
    endloop
  endfacet
  facet normal 0.0653848 0.99786 -0
    outer loop
      vertex 92 6.3 0
      vertex 91.7781 6.31454 2
      vertex 92 6.3 2
    endloop
  endfacet
  facet normal 0.0653848 0.99786 0
    outer loop
      vertex 91.7781 6.31454 2
      vertex 92 6.3 0
      vertex 91.7781 6.31454 0
    endloop
  endfacet
  facet normal 0.442386 0.896825 -0
    outer loop
      vertex 91.3494 6.4294 0
      vertex 91.15 6.52776 2
      vertex 91.3494 6.4294 2
    endloop
  endfacet
  facet normal 0.442386 0.896825 0
    outer loop
      vertex 91.15 6.52776 2
      vertex 91.3494 6.4294 0
      vertex 91.15 6.52776 0
    endloop
  endfacet
  facet normal 0.321363 0.946956 -0
    outer loop
      vertex 91.56 6.35793 0
      vertex 91.3494 6.4294 2
      vertex 91.56 6.35793 2
    endloop
  endfacet
  facet normal 0.321363 0.946956 0
    outer loop
      vertex 91.3494 6.4294 2
      vertex 91.56 6.35793 0
      vertex 91.3494 6.4294 0
    endloop
  endfacet
  facet normal -0.831483 -0.555551 0
    outer loop
      vertex 9.47224 62.85 0
      vertex 9.3487 63.0349 2
      vertex 9.3487 63.0349 0
    endloop
  endfacet
  facet normal -0.831483 -0.555551 0
    outer loop
      vertex 9.3487 63.0349 2
      vertex 9.47224 62.85 0
      vertex 9.47224 62.85 2
    endloop
  endfacet
  facet normal -0.321525 -0.946901 0
    outer loop
      vertex 8.43999 63.6421 0
      vertex 8.65056 63.5706 2
      vertex 8.43999 63.6421 2
    endloop
  endfacet
  facet normal -0.321525 -0.946901 -0
    outer loop
      vertex 8.65056 63.5706 2
      vertex 8.43999 63.6421 0
      vertex 8.65056 63.5706 0
    endloop
  endfacet
  facet normal 0.442459 -0.896789 0
    outer loop
      vertex 7.15 63.4722 0
      vertex 7.34944 63.5706 2
      vertex 7.15 63.4722 2
    endloop
  endfacet
  facet normal 0.442459 -0.896789 0
    outer loop
      vertex 7.34944 63.5706 2
      vertex 7.15 63.4722 0
      vertex 7.34944 63.5706 0
    endloop
  endfacet
  facet normal 0.946956 -0.321363 0
    outer loop
      vertex 6.35793 62.44 2
      vertex 6.4294 62.6506 0
      vertex 6.4294 62.6506 2
    endloop
  endfacet
  facet normal 0.946956 -0.321363 0
    outer loop
      vertex 6.4294 62.6506 0
      vertex 6.35793 62.44 2
      vertex 6.35793 62.44 0
    endloop
  endfacet
  facet normal -0.980779 0.195122 0
    outer loop
      vertex 9.64207 61.56 0
      vertex 9.68546 61.7781 2
      vertex 9.68546 61.7781 0
    endloop
  endfacet
  facet normal -0.980779 0.195122 0
    outer loop
      vertex 9.68546 61.7781 2
      vertex 9.64207 61.56 0
      vertex 9.64207 61.56 2
    endloop
  endfacet
  facet normal -0.980779 -0.195122 0
    outer loop
      vertex 9.68546 62.2219 0
      vertex 9.64207 62.44 2
      vertex 9.64207 62.44 0
    endloop
  endfacet
  facet normal -0.980779 -0.195122 0
    outer loop
      vertex 9.64207 62.44 2
      vertex 9.68546 62.2219 0
      vertex 9.68546 62.2219 2
    endloop
  endfacet
  facet normal 0.0652057 -0.997872 0
    outer loop
      vertex 7.7781 63.6855 0
      vertex 8 63.7 2
      vertex 7.7781 63.6855 2
    endloop
  endfacet
  facet normal 0.0652057 -0.997872 0
    outer loop
      vertex 8 63.7 2
      vertex 7.7781 63.6855 0
      vertex 8 63.7 0
    endloop
  endfacet
  facet normal -0.442459 -0.896789 0
    outer loop
      vertex 8.65056 63.5706 0
      vertex 8.85 63.4722 2
      vertex 8.65056 63.5706 2
    endloop
  endfacet
  facet normal -0.442459 -0.896789 -0
    outer loop
      vertex 8.85 63.4722 2
      vertex 8.65056 63.5706 0
      vertex 8.85 63.4722 0
    endloop
  endfacet
  facet normal 0.99786 0.0653848 0
    outer loop
      vertex 6.31454 61.7781 2
      vertex 6.3 62 0
      vertex 6.3 62 2
    endloop
  endfacet
  facet normal 0.99786 0.0653848 0
    outer loop
      vertex 6.3 62 0
      vertex 6.31454 61.7781 2
      vertex 6.31454 61.7781 0
    endloop
  endfacet
  facet normal 0.831483 -0.555551 0
    outer loop
      vertex 6.52776 62.85 2
      vertex 6.6513 63.0349 0
      vertex 6.6513 63.0349 2
    endloop
  endfacet
  facet normal 0.831483 -0.555551 0
    outer loop
      vertex 6.6513 63.0349 0
      vertex 6.52776 62.85 2
      vertex 6.52776 62.85 0
    endloop
  endfacet
  facet normal 0.555447 -0.831552 0
    outer loop
      vertex 6.96511 63.3487 0
      vertex 7.15 63.4722 2
      vertex 6.96511 63.3487 2
    endloop
  endfacet
  facet normal 0.555447 -0.831552 0
    outer loop
      vertex 7.15 63.4722 2
      vertex 6.96511 63.3487 0
      vertex 7.15 63.4722 0
    endloop
  endfacet
  facet normal 0.195173 -0.980769 0
    outer loop
      vertex 7.56001 63.6421 0
      vertex 7.7781 63.6855 2
      vertex 7.56001 63.6421 2
    endloop
  endfacet
  facet normal 0.195173 -0.980769 0
    outer loop
      vertex 7.7781 63.6855 2
      vertex 7.56001 63.6421 0
      vertex 7.7781 63.6855 0
    endloop
  endfacet
  facet normal -0.99786 -0.0653848 0
    outer loop
      vertex 9.7 62 0
      vertex 9.68546 62.2219 2
      vertex 9.68546 62.2219 0
    endloop
  endfacet
  facet normal -0.99786 -0.0653848 0
    outer loop
      vertex 9.68546 62.2219 2
      vertex 9.7 62 0
      vertex 9.7 62 2
    endloop
  endfacet
  facet normal -0.946943 0.321403 0
    outer loop
      vertex 9.57059 61.3494 0
      vertex 9.64207 61.56 2
      vertex 9.64207 61.56 0
    endloop
  endfacet
  facet normal -0.946943 0.321403 0
    outer loop
      vertex 9.64207 61.56 2
      vertex 9.57059 61.3494 0
      vertex 9.57059 61.3494 2
    endloop
  endfacet
  facet normal 0.555447 0.831552 -0
    outer loop
      vertex 7.15 60.5278 0
      vertex 6.96511 60.6513 2
      vertex 7.15 60.5278 2
    endloop
  endfacet
  facet normal 0.555447 0.831552 0
    outer loop
      vertex 6.96511 60.6513 2
      vertex 7.15 60.5278 0
      vertex 6.96511 60.6513 0
    endloop
  endfacet
  facet normal 0.831483 0.555551 0
    outer loop
      vertex 6.6513 60.9651 2
      vertex 6.52776 61.15 0
      vertex 6.52776 61.15 2
    endloop
  endfacet
  facet normal 0.831483 0.555551 0
    outer loop
      vertex 6.52776 61.15 0
      vertex 6.6513 60.9651 2
      vertex 6.6513 60.9651 0
    endloop
  endfacet
  facet normal -0.555447 0.831552 0
    outer loop
      vertex 9.03489 60.6513 0
      vertex 8.85 60.5278 2
      vertex 9.03489 60.6513 2
    endloop
  endfacet
  facet normal -0.555447 0.831552 0
    outer loop
      vertex 8.85 60.5278 2
      vertex 9.03489 60.6513 0
      vertex 8.85 60.5278 0
    endloop
  endfacet
  facet normal -0.659291 -0.751888 0
    outer loop
      vertex 9.03489 63.3487 0
      vertex 9.20208 63.2021 2
      vertex 9.03489 63.3487 2
    endloop
  endfacet
  facet normal -0.659291 -0.751888 -0
    outer loop
      vertex 9.20208 63.2021 2
      vertex 9.03489 63.3487 0
      vertex 9.20208 63.2021 0
    endloop
  endfacet
  facet normal -0.195165 -0.98077 0
    outer loop
      vertex 8.22189 63.6855 0
      vertex 8.43999 63.6421 2
      vertex 8.22189 63.6855 2
    endloop
  endfacet
  facet normal -0.195165 -0.98077 -0
    outer loop
      vertex 8.43999 63.6421 2
      vertex 8.22189 63.6855 0
      vertex 8.43999 63.6421 0
    endloop
  endfacet
  facet normal -0.0652086 -0.997872 0
    outer loop
      vertex 8 63.7 0
      vertex 8.22189 63.6855 2
      vertex 8 63.7 2
    endloop
  endfacet
  facet normal -0.0652086 -0.997872 -0
    outer loop
      vertex 8.22189 63.6855 2
      vertex 8 63.7 0
      vertex 8.22189 63.6855 0
    endloop
  endfacet
  facet normal -0.555447 -0.831552 0
    outer loop
      vertex 8.85 63.4722 0
      vertex 9.03489 63.3487 2
      vertex 8.85 63.4722 2
    endloop
  endfacet
  facet normal -0.555447 -0.831552 -0
    outer loop
      vertex 9.03489 63.3487 2
      vertex 8.85 63.4722 0
      vertex 9.03489 63.3487 0
    endloop
  endfacet
  facet normal 0.980779 -0.195122 0
    outer loop
      vertex 6.31454 62.2219 2
      vertex 6.35793 62.44 0
      vertex 6.35793 62.44 2
    endloop
  endfacet
  facet normal 0.980779 -0.195122 0
    outer loop
      vertex 6.35793 62.44 0
      vertex 6.31454 62.2219 2
      vertex 6.31454 62.2219 0
    endloop
  endfacet
  facet normal 0.99786 -0.0653848 0
    outer loop
      vertex 6.3 62 2
      vertex 6.31454 62.2219 0
      vertex 6.31454 62.2219 2
    endloop
  endfacet
  facet normal 0.99786 -0.0653848 0
    outer loop
      vertex 6.31454 62.2219 0
      vertex 6.3 62 2
      vertex 6.3 62 0
    endloop
  endfacet
  facet normal 0.896825 -0.442386 0
    outer loop
      vertex 6.4294 62.6506 2
      vertex 6.52776 62.85 0
      vertex 6.52776 62.85 2
    endloop
  endfacet
  facet normal 0.896825 -0.442386 0
    outer loop
      vertex 6.52776 62.85 0
      vertex 6.4294 62.6506 2
      vertex 6.4294 62.6506 0
    endloop
  endfacet
  facet normal 0.321525 -0.946901 0
    outer loop
      vertex 7.34944 63.5706 0
      vertex 7.56001 63.6421 2
      vertex 7.34944 63.5706 2
    endloop
  endfacet
  facet normal 0.321525 -0.946901 0
    outer loop
      vertex 7.56001 63.6421 2
      vertex 7.34944 63.5706 0
      vertex 7.56001 63.6421 0
    endloop
  endfacet
  facet normal 0.659291 -0.751888 0
    outer loop
      vertex 6.79792 63.2021 0
      vertex 6.96511 63.3487 2
      vertex 6.79792 63.2021 2
    endloop
  endfacet
  facet normal 0.659291 -0.751888 0
    outer loop
      vertex 6.96511 63.3487 2
      vertex 6.79792 63.2021 0
      vertex 6.96511 63.3487 0
    endloop
  endfacet
  facet normal 0.751863 -0.659319 0
    outer loop
      vertex 6.6513 63.0349 2
      vertex 6.79792 63.2021 0
      vertex 6.79792 63.2021 2
    endloop
  endfacet
  facet normal 0.751863 -0.659319 0
    outer loop
      vertex 6.79792 63.2021 0
      vertex 6.6513 63.0349 2
      vertex 6.6513 63.0349 0
    endloop
  endfacet
  facet normal -0.99786 0.0653848 0
    outer loop
      vertex 9.68546 61.7781 0
      vertex 9.7 62 2
      vertex 9.7 62 0
    endloop
  endfacet
  facet normal -0.99786 0.0653848 0
    outer loop
      vertex 9.7 62 2
      vertex 9.68546 61.7781 0
      vertex 9.68546 61.7781 2
    endloop
  endfacet
  facet normal -0.831483 0.555551 0
    outer loop
      vertex 9.3487 60.9651 0
      vertex 9.47224 61.15 2
      vertex 9.47224 61.15 0
    endloop
  endfacet
  facet normal -0.831483 0.555551 0
    outer loop
      vertex 9.47224 61.15 2
      vertex 9.3487 60.9651 0
      vertex 9.3487 60.9651 2
    endloop
  endfacet
  facet normal -0.0652086 0.997872 0
    outer loop
      vertex 8.22189 60.3145 0
      vertex 8 60.3 2
      vertex 8.22189 60.3145 2
    endloop
  endfacet
  facet normal -0.0652086 0.997872 0
    outer loop
      vertex 8 60.3 2
      vertex 8.22189 60.3145 0
      vertex 8 60.3 0
    endloop
  endfacet
  facet normal 0.980779 0.195122 0
    outer loop
      vertex 6.35793 61.56 2
      vertex 6.31454 61.7781 0
      vertex 6.31454 61.7781 2
    endloop
  endfacet
  facet normal 0.980779 0.195122 0
    outer loop
      vertex 6.31454 61.7781 0
      vertex 6.35793 61.56 2
      vertex 6.35793 61.56 0
    endloop
  endfacet
  facet normal 0.751863 0.659319 0
    outer loop
      vertex 6.79792 60.7979 2
      vertex 6.6513 60.9651 0
      vertex 6.6513 60.9651 2
    endloop
  endfacet
  facet normal 0.751863 0.659319 0
    outer loop
      vertex 6.6513 60.9651 0
      vertex 6.79792 60.7979 2
      vertex 6.79792 60.7979 0
    endloop
  endfacet
  facet normal -0.195165 0.98077 0
    outer loop
      vertex 8.43999 60.3579 0
      vertex 8.22189 60.3145 2
      vertex 8.43999 60.3579 2
    endloop
  endfacet
  facet normal -0.195165 0.98077 0
    outer loop
      vertex 8.22189 60.3145 2
      vertex 8.43999 60.3579 0
      vertex 8.22189 60.3145 0
    endloop
  endfacet
  facet normal -0.751863 0.659319 0
    outer loop
      vertex 9.20208 60.7979 0
      vertex 9.3487 60.9651 2
      vertex 9.3487 60.9651 0
    endloop
  endfacet
  facet normal -0.751863 0.659319 0
    outer loop
      vertex 9.3487 60.9651 2
      vertex 9.20208 60.7979 0
      vertex 9.20208 60.7979 2
    endloop
  endfacet
  facet normal -0.896843 -0.442349 0
    outer loop
      vertex 9.57059 62.6506 0
      vertex 9.47224 62.85 2
      vertex 9.47224 62.85 0
    endloop
  endfacet
  facet normal -0.896843 -0.442349 0
    outer loop
      vertex 9.47224 62.85 2
      vertex 9.57059 62.6506 0
      vertex 9.57059 62.6506 2
    endloop
  endfacet
  facet normal -0.946943 -0.321403 0
    outer loop
      vertex 9.64207 62.44 0
      vertex 9.57059 62.6506 2
      vertex 9.57059 62.6506 0
    endloop
  endfacet
  facet normal -0.946943 -0.321403 0
    outer loop
      vertex 9.57059 62.6506 2
      vertex 9.64207 62.44 0
      vertex 9.64207 62.44 2
    endloop
  endfacet
  facet normal -0.751863 -0.659319 0
    outer loop
      vertex 9.3487 63.0349 0
      vertex 9.20208 63.2021 2
      vertex 9.20208 63.2021 0
    endloop
  endfacet
  facet normal -0.751863 -0.659319 0
    outer loop
      vertex 9.20208 63.2021 2
      vertex 9.3487 63.0349 0
      vertex 9.3487 63.0349 2
    endloop
  endfacet
  facet normal 0.195173 0.980769 -0
    outer loop
      vertex 7.7781 60.3145 0
      vertex 7.56001 60.3579 2
      vertex 7.7781 60.3145 2
    endloop
  endfacet
  facet normal 0.195173 0.980769 0
    outer loop
      vertex 7.56001 60.3579 2
      vertex 7.7781 60.3145 0
      vertex 7.56001 60.3579 0
    endloop
  endfacet
  facet normal 0.896825 0.442386 0
    outer loop
      vertex 6.52776 61.15 2
      vertex 6.4294 61.3494 0
      vertex 6.4294 61.3494 2
    endloop
  endfacet
  facet normal 0.896825 0.442386 0
    outer loop
      vertex 6.4294 61.3494 0
      vertex 6.52776 61.15 2
      vertex 6.52776 61.15 0
    endloop
  endfacet
  facet normal 0.946956 0.321363 0
    outer loop
      vertex 6.4294 61.3494 2
      vertex 6.35793 61.56 0
      vertex 6.35793 61.56 2
    endloop
  endfacet
  facet normal 0.946956 0.321363 0
    outer loop
      vertex 6.35793 61.56 0
      vertex 6.4294 61.3494 2
      vertex 6.4294 61.3494 0
    endloop
  endfacet
  facet normal 0.659291 0.751888 -0
    outer loop
      vertex 6.96511 60.6513 0
      vertex 6.79792 60.7979 2
      vertex 6.96511 60.6513 2
    endloop
  endfacet
  facet normal 0.659291 0.751888 0
    outer loop
      vertex 6.79792 60.7979 2
      vertex 6.96511 60.6513 0
      vertex 6.79792 60.7979 0
    endloop
  endfacet
  facet normal -0.442459 0.896789 0
    outer loop
      vertex 8.85 60.5278 0
      vertex 8.65056 60.4294 2
      vertex 8.85 60.5278 2
    endloop
  endfacet
  facet normal -0.442459 0.896789 0
    outer loop
      vertex 8.65056 60.4294 2
      vertex 8.85 60.5278 0
      vertex 8.65056 60.4294 0
    endloop
  endfacet
  facet normal -0.321525 0.946901 0
    outer loop
      vertex 8.65056 60.4294 0
      vertex 8.43999 60.3579 2
      vertex 8.65056 60.4294 2
    endloop
  endfacet
  facet normal -0.321525 0.946901 0
    outer loop
      vertex 8.43999 60.3579 2
      vertex 8.65056 60.4294 0
      vertex 8.43999 60.3579 0
    endloop
  endfacet
  facet normal -0.659291 0.751888 0
    outer loop
      vertex 9.20208 60.7979 0
      vertex 9.03489 60.6513 2
      vertex 9.20208 60.7979 2
    endloop
  endfacet
  facet normal -0.659291 0.751888 0
    outer loop
      vertex 9.03489 60.6513 2
      vertex 9.20208 60.7979 0
      vertex 9.03489 60.6513 0
    endloop
  endfacet
  facet normal -0.896843 0.442349 0
    outer loop
      vertex 9.47224 61.15 0
      vertex 9.57059 61.3494 2
      vertex 9.57059 61.3494 0
    endloop
  endfacet
  facet normal -0.896843 0.442349 0
    outer loop
      vertex 9.57059 61.3494 2
      vertex 9.47224 61.15 0
      vertex 9.47224 61.15 2
    endloop
  endfacet
  facet normal 0.442459 0.896789 -0
    outer loop
      vertex 7.34944 60.4294 0
      vertex 7.15 60.5278 2
      vertex 7.34944 60.4294 2
    endloop
  endfacet
  facet normal 0.442459 0.896789 0
    outer loop
      vertex 7.15 60.5278 2
      vertex 7.34944 60.4294 0
      vertex 7.15 60.5278 0
    endloop
  endfacet
  facet normal 0.0652057 0.997872 -0
    outer loop
      vertex 8 60.3 0
      vertex 7.7781 60.3145 2
      vertex 8 60.3 2
    endloop
  endfacet
  facet normal 0.0652057 0.997872 0
    outer loop
      vertex 7.7781 60.3145 2
      vertex 8 60.3 0
      vertex 7.7781 60.3145 0
    endloop
  endfacet
  facet normal 0.321525 0.946901 -0
    outer loop
      vertex 7.56001 60.3579 0
      vertex 7.34944 60.4294 2
      vertex 7.56001 60.3579 2
    endloop
  endfacet
  facet normal 0.321525 0.946901 0
    outer loop
      vertex 7.34944 60.4294 2
      vertex 7.56001 60.3579 0
      vertex 7.34944 60.4294 0
    endloop
  endfacet
  facet normal -0.997872 -0.0652057 0
    outer loop
      vertex 93.7 62 0
      vertex 93.6855 62.2219 2
      vertex 93.6855 62.2219 0
    endloop
  endfacet
  facet normal -0.997872 -0.0652057 0
    outer loop
      vertex 93.6855 62.2219 2
      vertex 93.7 62 0
      vertex 93.7 62 2
    endloop
  endfacet
  facet normal 0.0652057 -0.997872 0
    outer loop
      vertex 91.7781 63.6855 0
      vertex 92 63.7 2
      vertex 91.7781 63.6855 2
    endloop
  endfacet
  facet normal 0.0652057 -0.997872 0
    outer loop
      vertex 92 63.7 2
      vertex 91.7781 63.6855 0
      vertex 92 63.7 0
    endloop
  endfacet
  facet normal -0.0652057 0.997872 0
    outer loop
      vertex 92.2219 60.3145 0
      vertex 92 60.3 2
      vertex 92.2219 60.3145 2
    endloop
  endfacet
  facet normal -0.0652057 0.997872 0
    outer loop
      vertex 92 60.3 2
      vertex 92.2219 60.3145 0
      vertex 92 60.3 0
    endloop
  endfacet
  facet normal -0.751908 0.659268 0
    outer loop
      vertex 93.2021 60.7979 0
      vertex 93.3487 60.9651 2
      vertex 93.3487 60.9651 0
    endloop
  endfacet
  facet normal -0.751908 0.659268 0
    outer loop
      vertex 93.3487 60.9651 2
      vertex 93.2021 60.7979 0
      vertex 93.2021 60.7979 2
    endloop
  endfacet
  facet normal -0.659268 -0.751908 0
    outer loop
      vertex 93.0349 63.3487 0
      vertex 93.2021 63.2021 2
      vertex 93.0349 63.3487 2
    endloop
  endfacet
  facet normal -0.659268 -0.751908 -0
    outer loop
      vertex 93.2021 63.2021 2
      vertex 93.0349 63.3487 0
      vertex 93.2021 63.2021 0
    endloop
  endfacet
  facet normal 0.751908 -0.659268 0
    outer loop
      vertex 90.6513 63.0349 2
      vertex 90.7979 63.2021 0
      vertex 90.7979 63.2021 2
    endloop
  endfacet
  facet normal 0.751908 -0.659268 0
    outer loop
      vertex 90.7979 63.2021 0
      vertex 90.6513 63.0349 2
      vertex 90.6513 63.0349 0
    endloop
  endfacet
  facet normal 0.44253 -0.896754 0
    outer loop
      vertex 91.15 63.4722 0
      vertex 91.3494 63.5706 2
      vertex 91.15 63.4722 2
    endloop
  endfacet
  facet normal 0.44253 -0.896754 0
    outer loop
      vertex 91.3494 63.5706 2
      vertex 91.15 63.4722 0
      vertex 91.3494 63.5706 0
    endloop
  endfacet
  facet normal -0.896754 -0.44253 0
    outer loop
      vertex 93.5706 62.6506 0
      vertex 93.4722 62.85 2
      vertex 93.4722 62.85 0
    endloop
  endfacet
  facet normal -0.896754 -0.44253 0
    outer loop
      vertex 93.4722 62.85 2
      vertex 93.5706 62.6506 0
      vertex 93.5706 62.6506 2
    endloop
  endfacet
  facet normal -0.98077 -0.195165 0
    outer loop
      vertex 93.6855 62.2219 0
      vertex 93.6421 62.44 2
      vertex 93.6421 62.44 0
    endloop
  endfacet
  facet normal -0.98077 -0.195165 0
    outer loop
      vertex 93.6421 62.44 2
      vertex 93.6855 62.2219 0
      vertex 93.6855 62.2219 2
    endloop
  endfacet
  facet normal -0.831566 -0.555426 0
    outer loop
      vertex 93.4722 62.85 0
      vertex 93.3487 63.0349 2
      vertex 93.3487 63.0349 0
    endloop
  endfacet
  facet normal -0.831566 -0.555426 0
    outer loop
      vertex 93.3487 63.0349 2
      vertex 93.4722 62.85 0
      vertex 93.4722 62.85 2
    endloop
  endfacet
  facet normal -0.321484 -0.946915 0
    outer loop
      vertex 92.44 63.6421 0
      vertex 92.6506 63.5706 2
      vertex 92.44 63.6421 2
    endloop
  endfacet
  facet normal -0.321484 -0.946915 -0
    outer loop
      vertex 92.6506 63.5706 2
      vertex 92.44 63.6421 0
      vertex 92.6506 63.5706 0
    endloop
  endfacet
  facet normal -0.44253 -0.896754 0
    outer loop
      vertex 92.6506 63.5706 0
      vertex 92.85 63.4722 2
      vertex 92.6506 63.5706 2
    endloop
  endfacet
  facet normal -0.44253 -0.896754 -0
    outer loop
      vertex 92.85 63.4722 2
      vertex 92.6506 63.5706 0
      vertex 92.85 63.4722 0
    endloop
  endfacet
  facet normal 0.946915 -0.321484 0
    outer loop
      vertex 90.3579 62.44 2
      vertex 90.4294 62.6506 0
      vertex 90.4294 62.6506 2
    endloop
  endfacet
  facet normal 0.946915 -0.321484 0
    outer loop
      vertex 90.4294 62.6506 0
      vertex 90.3579 62.44 2
      vertex 90.3579 62.44 0
    endloop
  endfacet
  facet normal 0.555426 -0.831566 0
    outer loop
      vertex 90.9651 63.3487 0
      vertex 91.15 63.4722 2
      vertex 90.9651 63.3487 2
    endloop
  endfacet
  facet normal 0.555426 -0.831566 0
    outer loop
      vertex 91.15 63.4722 2
      vertex 90.9651 63.3487 0
      vertex 91.15 63.4722 0
    endloop
  endfacet
  facet normal 0.195165 -0.98077 0
    outer loop
      vertex 91.56 63.6421 0
      vertex 91.7781 63.6855 2
      vertex 91.56 63.6421 2
    endloop
  endfacet
  facet normal 0.195165 -0.98077 0
    outer loop
      vertex 91.7781 63.6855 2
      vertex 91.56 63.6421 0
      vertex 91.7781 63.6855 0
    endloop
  endfacet
  facet normal -0.195165 0.98077 0
    outer loop
      vertex 92.44 60.3579 0
      vertex 92.2219 60.3145 2
      vertex 92.44 60.3579 2
    endloop
  endfacet
  facet normal -0.195165 0.98077 0
    outer loop
      vertex 92.2219 60.3145 2
      vertex 92.44 60.3579 0
      vertex 92.2219 60.3145 0
    endloop
  endfacet
  facet normal -0.946915 -0.321484 0
    outer loop
      vertex 93.6421 62.44 0
      vertex 93.5706 62.6506 2
      vertex 93.5706 62.6506 0
    endloop
  endfacet
  facet normal -0.946915 -0.321484 0
    outer loop
      vertex 93.5706 62.6506 2
      vertex 93.6421 62.44 0
      vertex 93.6421 62.44 2
    endloop
  endfacet
  facet normal -0.751908 -0.659268 0
    outer loop
      vertex 93.3487 63.0349 0
      vertex 93.2021 63.2021 2
      vertex 93.2021 63.2021 0
    endloop
  endfacet
  facet normal -0.751908 -0.659268 0
    outer loop
      vertex 93.2021 63.2021 2
      vertex 93.3487 63.0349 0
      vertex 93.3487 63.0349 2
    endloop
  endfacet
  facet normal -0.195165 -0.98077 0
    outer loop
      vertex 92.2219 63.6855 0
      vertex 92.44 63.6421 2
      vertex 92.2219 63.6855 2
    endloop
  endfacet
  facet normal -0.195165 -0.98077 -0
    outer loop
      vertex 92.44 63.6421 2
      vertex 92.2219 63.6855 0
      vertex 92.44 63.6421 0
    endloop
  endfacet
  facet normal -0.0652057 -0.997872 0
    outer loop
      vertex 92 63.7 0
      vertex 92.2219 63.6855 2
      vertex 92 63.7 2
    endloop
  endfacet
  facet normal -0.0652057 -0.997872 -0
    outer loop
      vertex 92.2219 63.6855 2
      vertex 92 63.7 0
      vertex 92.2219 63.6855 0
    endloop
  endfacet
  facet normal -0.555426 -0.831566 0
    outer loop
      vertex 92.85 63.4722 0
      vertex 93.0349 63.3487 2
      vertex 92.85 63.4722 2
    endloop
  endfacet
  facet normal -0.555426 -0.831566 -0
    outer loop
      vertex 93.0349 63.3487 2
      vertex 92.85 63.4722 0
      vertex 93.0349 63.3487 0
    endloop
  endfacet
  facet normal 0.896754 -0.44253 0
    outer loop
      vertex 90.4294 62.6506 2
      vertex 90.5278 62.85 0
      vertex 90.5278 62.85 2
    endloop
  endfacet
  facet normal 0.896754 -0.44253 0
    outer loop
      vertex 90.5278 62.85 0
      vertex 90.4294 62.6506 2
      vertex 90.4294 62.6506 0
    endloop
  endfacet
  facet normal 0.831566 -0.555426 0
    outer loop
      vertex 90.5278 62.85 2
      vertex 90.6513 63.0349 0
      vertex 90.6513 63.0349 2
    endloop
  endfacet
  facet normal 0.831566 -0.555426 0
    outer loop
      vertex 90.6513 63.0349 0
      vertex 90.5278 62.85 2
      vertex 90.5278 62.85 0
    endloop
  endfacet
  facet normal 0.98077 -0.195165 0
    outer loop
      vertex 90.3145 62.2219 2
      vertex 90.3579 62.44 0
      vertex 90.3579 62.44 2
    endloop
  endfacet
  facet normal 0.98077 -0.195165 0
    outer loop
      vertex 90.3579 62.44 0
      vertex 90.3145 62.2219 2
      vertex 90.3145 62.2219 0
    endloop
  endfacet
  facet normal 0.997872 -0.0652057 0
    outer loop
      vertex 90.3 62 2
      vertex 90.3145 62.2219 0
      vertex 90.3145 62.2219 2
    endloop
  endfacet
  facet normal 0.997872 -0.0652057 0
    outer loop
      vertex 90.3145 62.2219 0
      vertex 90.3 62 2
      vertex 90.3 62 0
    endloop
  endfacet
  facet normal 0.997872 0.0652057 0
    outer loop
      vertex 90.3145 61.7781 2
      vertex 90.3 62 0
      vertex 90.3 62 2
    endloop
  endfacet
  facet normal 0.997872 0.0652057 0
    outer loop
      vertex 90.3 62 0
      vertex 90.3145 61.7781 2
      vertex 90.3145 61.7781 0
    endloop
  endfacet
  facet normal 0.659268 -0.751908 0
    outer loop
      vertex 90.7979 63.2021 0
      vertex 90.9651 63.3487 2
      vertex 90.7979 63.2021 2
    endloop
  endfacet
  facet normal 0.659268 -0.751908 0
    outer loop
      vertex 90.9651 63.3487 2
      vertex 90.7979 63.2021 0
      vertex 90.9651 63.3487 0
    endloop
  endfacet
  facet normal 0.321484 -0.946915 0
    outer loop
      vertex 91.3494 63.5706 0
      vertex 91.56 63.6421 2
      vertex 91.3494 63.5706 2
    endloop
  endfacet
  facet normal 0.321484 -0.946915 0
    outer loop
      vertex 91.56 63.6421 2
      vertex 91.3494 63.5706 0
      vertex 91.56 63.6421 0
    endloop
  endfacet
  facet normal -0.946915 0.321484 0
    outer loop
      vertex 93.5706 61.3494 0
      vertex 93.6421 61.56 2
      vertex 93.6421 61.56 0
    endloop
  endfacet
  facet normal -0.946915 0.321484 0
    outer loop
      vertex 93.6421 61.56 2
      vertex 93.5706 61.3494 0
      vertex 93.5706 61.3494 2
    endloop
  endfacet
  facet normal -0.98077 0.195165 0
    outer loop
      vertex 93.6421 61.56 0
      vertex 93.6855 61.7781 2
      vertex 93.6855 61.7781 0
    endloop
  endfacet
  facet normal -0.98077 0.195165 0
    outer loop
      vertex 93.6855 61.7781 2
      vertex 93.6421 61.56 0
      vertex 93.6421 61.56 2
    endloop
  endfacet
  facet normal 0.555426 0.831566 -0
    outer loop
      vertex 91.15 60.5278 0
      vertex 90.9651 60.6513 2
      vertex 91.15 60.5278 2
    endloop
  endfacet
  facet normal 0.555426 0.831566 0
    outer loop
      vertex 90.9651 60.6513 2
      vertex 91.15 60.5278 0
      vertex 90.9651 60.6513 0
    endloop
  endfacet
  facet normal 0.831566 0.555426 0
    outer loop
      vertex 90.6513 60.9651 2
      vertex 90.5278 61.15 0
      vertex 90.5278 61.15 2
    endloop
  endfacet
  facet normal 0.831566 0.555426 0
    outer loop
      vertex 90.5278 61.15 0
      vertex 90.6513 60.9651 2
      vertex 90.6513 60.9651 0
    endloop
  endfacet
  facet normal 0.751908 0.659268 0
    outer loop
      vertex 90.7979 60.7979 2
      vertex 90.6513 60.9651 0
      vertex 90.6513 60.9651 2
    endloop
  endfacet
  facet normal 0.751908 0.659268 0
    outer loop
      vertex 90.6513 60.9651 0
      vertex 90.7979 60.7979 2
      vertex 90.7979 60.7979 0
    endloop
  endfacet
  facet normal 0.98077 0.195165 0
    outer loop
      vertex 90.3579 61.56 2
      vertex 90.3145 61.7781 0
      vertex 90.3145 61.7781 2
    endloop
  endfacet
  facet normal 0.98077 0.195165 0
    outer loop
      vertex 90.3145 61.7781 0
      vertex 90.3579 61.56 2
      vertex 90.3579 61.56 0
    endloop
  endfacet
  facet normal -0.555426 0.831566 0
    outer loop
      vertex 93.0349 60.6513 0
      vertex 92.85 60.5278 2
      vertex 93.0349 60.6513 2
    endloop
  endfacet
  facet normal -0.555426 0.831566 0
    outer loop
      vertex 92.85 60.5278 2
      vertex 93.0349 60.6513 0
      vertex 92.85 60.5278 0
    endloop
  endfacet
  facet normal -0.831566 0.555426 0
    outer loop
      vertex 93.3487 60.9651 0
      vertex 93.4722 61.15 2
      vertex 93.4722 61.15 0
    endloop
  endfacet
  facet normal -0.831566 0.555426 0
    outer loop
      vertex 93.4722 61.15 2
      vertex 93.3487 60.9651 0
      vertex 93.3487 60.9651 2
    endloop
  endfacet
  facet normal -0.997872 0.0652057 0
    outer loop
      vertex 93.6855 61.7781 0
      vertex 93.7 62 2
      vertex 93.7 62 0
    endloop
  endfacet
  facet normal -0.997872 0.0652057 0
    outer loop
      vertex 93.7 62 2
      vertex 93.6855 61.7781 0
      vertex 93.6855 61.7781 2
    endloop
  endfacet
  facet normal 0.195165 0.98077 -0
    outer loop
      vertex 91.7781 60.3145 0
      vertex 91.56 60.3579 2
      vertex 91.7781 60.3145 2
    endloop
  endfacet
  facet normal 0.195165 0.98077 0
    outer loop
      vertex 91.56 60.3579 2
      vertex 91.7781 60.3145 0
      vertex 91.56 60.3579 0
    endloop
  endfacet
  facet normal 0.659268 0.751908 -0
    outer loop
      vertex 90.9651 60.6513 0
      vertex 90.7979 60.7979 2
      vertex 90.9651 60.6513 2
    endloop
  endfacet
  facet normal 0.659268 0.751908 0
    outer loop
      vertex 90.7979 60.7979 2
      vertex 90.9651 60.6513 0
      vertex 90.7979 60.7979 0
    endloop
  endfacet
  facet normal 0.946915 0.321484 0
    outer loop
      vertex 90.4294 61.3494 2
      vertex 90.3579 61.56 0
      vertex 90.3579 61.56 2
    endloop
  endfacet
  facet normal 0.946915 0.321484 0
    outer loop
      vertex 90.3579 61.56 0
      vertex 90.4294 61.3494 2
      vertex 90.4294 61.3494 0
    endloop
  endfacet
  facet normal 0.896754 0.44253 0
    outer loop
      vertex 90.5278 61.15 2
      vertex 90.4294 61.3494 0
      vertex 90.4294 61.3494 2
    endloop
  endfacet
  facet normal 0.896754 0.44253 0
    outer loop
      vertex 90.4294 61.3494 0
      vertex 90.5278 61.15 2
      vertex 90.5278 61.15 0
    endloop
  endfacet
  facet normal -0.659268 0.751908 0
    outer loop
      vertex 93.2021 60.7979 0
      vertex 93.0349 60.6513 2
      vertex 93.2021 60.7979 2
    endloop
  endfacet
  facet normal -0.659268 0.751908 0
    outer loop
      vertex 93.0349 60.6513 2
      vertex 93.2021 60.7979 0
      vertex 93.0349 60.6513 0
    endloop
  endfacet
  facet normal -0.44253 0.896754 0
    outer loop
      vertex 92.85 60.5278 0
      vertex 92.6506 60.4294 2
      vertex 92.85 60.5278 2
    endloop
  endfacet
  facet normal -0.44253 0.896754 0
    outer loop
      vertex 92.6506 60.4294 2
      vertex 92.85 60.5278 0
      vertex 92.6506 60.4294 0
    endloop
  endfacet
  facet normal -0.321484 0.946915 0
    outer loop
      vertex 92.6506 60.4294 0
      vertex 92.44 60.3579 2
      vertex 92.6506 60.4294 2
    endloop
  endfacet
  facet normal -0.321484 0.946915 0
    outer loop
      vertex 92.44 60.3579 2
      vertex 92.6506 60.4294 0
      vertex 92.44 60.3579 0
    endloop
  endfacet
  facet normal -0.896754 0.44253 0
    outer loop
      vertex 93.4722 61.15 0
      vertex 93.5706 61.3494 2
      vertex 93.5706 61.3494 0
    endloop
  endfacet
  facet normal -0.896754 0.44253 0
    outer loop
      vertex 93.5706 61.3494 2
      vertex 93.4722 61.15 0
      vertex 93.4722 61.15 2
    endloop
  endfacet
  facet normal 0.44253 0.896754 -0
    outer loop
      vertex 91.3494 60.4294 0
      vertex 91.15 60.5278 2
      vertex 91.3494 60.4294 2
    endloop
  endfacet
  facet normal 0.44253 0.896754 0
    outer loop
      vertex 91.15 60.5278 2
      vertex 91.3494 60.4294 0
      vertex 91.15 60.5278 0
    endloop
  endfacet
  facet normal 0.321484 0.946915 -0
    outer loop
      vertex 91.56 60.3579 0
      vertex 91.3494 60.4294 2
      vertex 91.56 60.3579 2
    endloop
  endfacet
  facet normal 0.321484 0.946915 0
    outer loop
      vertex 91.3494 60.4294 2
      vertex 91.56 60.3579 0
      vertex 91.3494 60.4294 0
    endloop
  endfacet
  facet normal 0.0652057 0.997872 -0
    outer loop
      vertex 92 60.3 0
      vertex 91.7781 60.3145 2
      vertex 92 60.3 2
    endloop
  endfacet
  facet normal 0.0652057 0.997872 0
    outer loop
      vertex 91.7781 60.3145 2
      vertex 92 60.3 0
      vertex 91.7781 60.3145 0
    endloop
  endfacet
  facet normal -0.946932 -0.321434 0
    outer loop
      vertex 0.456711 3.70389 0
      vertex 0.204437 4.44708 12
      vertex 0.204437 4.44708 0
    endloop
  endfacet
  facet normal -0.946932 -0.321434 0
    outer loop
      vertex 0.204437 4.44708 12
      vertex 0.456711 3.70389 0
      vertex 0.456711 3.70389 12
    endloop
  endfacet
  facet normal -0.896872 -0.442291 0
    outer loop
      vertex 0.803833 3 0
      vertex 0.456711 3.70389 12
      vertex 0.456711 3.70389 0
    endloop
  endfacet
  facet normal -0.896872 -0.442291 0
    outer loop
      vertex 0.456711 3.70389 12
      vertex 0.803833 3 0
      vertex 0.803833 3 12
    endloop
  endfacet
  facet normal 0 1 -0
    outer loop
      vertex 55.8042 70 7.48717
      vertex 44 70 7.5
      vertex 56 70 7.5
    endloop
  endfacet
  facet normal 0 1 0
    outer loop
      vertex 55.8042 70 7.48717
      vertex 44.1958 70 7.48717
      vertex 44 70 7.5
    endloop
  endfacet
  facet normal 0 1 -0
    outer loop
      vertex 55.6118 70 7.44889
      vertex 44.1958 70 7.48717
      vertex 55.8042 70 7.48717
    endloop
  endfacet
  facet normal 0 1 0
    outer loop
      vertex 55.6118 70 7.44889
      vertex 44.3882 70 7.44889
      vertex 44.1958 70 7.48717
    endloop
  endfacet
  facet normal 0 1 -0
    outer loop
      vertex 55.426 70 7.38582
      vertex 44.3882 70 7.44889
      vertex 55.6118 70 7.44889
    endloop
  endfacet
  facet normal 0 1 0
    outer loop
      vertex 55.426 70 7.38582
      vertex 44.574 70 7.38582
      vertex 44.3882 70 7.44889
    endloop
  endfacet
  facet normal 0 1 -0
    outer loop
      vertex 55.25 70 7.29904
      vertex 44.574 70 7.38582
      vertex 55.426 70 7.38582
    endloop
  endfacet
  facet normal 0 1 0
    outer loop
      vertex 55.25 70 7.29904
      vertex 44.75 70 7.29904
      vertex 44.574 70 7.38582
    endloop
  endfacet
  facet normal 0 1 -0
    outer loop
      vertex 55.0869 70 7.19003
      vertex 44.75 70 7.29904
      vertex 55.25 70 7.29904
    endloop
  endfacet
  facet normal 0 1 0
    outer loop
      vertex 55.0869 70 7.19003
      vertex 44.9131 70 7.19003
      vertex 44.75 70 7.29904
    endloop
  endfacet
  facet normal 0 1 -0
    outer loop
      vertex 54.9393 70 7.06066
      vertex 44.9131 70 7.19003
      vertex 55.0869 70 7.19003
    endloop
  endfacet
  facet normal 0 1 0
    outer loop
      vertex 54.9393 70 7.06066
      vertex 45.0607 70 7.06066
      vertex 44.9131 70 7.19003
    endloop
  endfacet
  facet normal 0 1 -0
    outer loop
      vertex 54.81 70 6.91314
      vertex 45.0607 70 7.06066
      vertex 54.9393 70 7.06066
    endloop
  endfacet
  facet normal 0 1 0
    outer loop
      vertex 54.81 70 6.91314
      vertex 45.19 70 6.91314
      vertex 45.0607 70 7.06066
    endloop
  endfacet
  facet normal 0 1 -0
    outer loop
      vertex 54.701 70 6.75
      vertex 45.19 70 6.91314
      vertex 54.81 70 6.91314
    endloop
  endfacet
  facet normal 0 1 0
    outer loop
      vertex 54.701 70 6.75
      vertex 45.299 70 6.75
      vertex 45.19 70 6.91314
    endloop
  endfacet
  facet normal 0 1 -0
    outer loop
      vertex 54.6142 70 6.57402
      vertex 45.299 70 6.75
      vertex 54.701 70 6.75
    endloop
  endfacet
  facet normal 0 1 0
    outer loop
      vertex 54.6142 70 6.57402
      vertex 45.3858 70 6.57402
      vertex 45.299 70 6.75
    endloop
  endfacet
  facet normal 0 1 -0
    outer loop
      vertex 54.5511 70 6.38823
      vertex 45.3858 70 6.57402
      vertex 54.6142 70 6.57402
    endloop
  endfacet
  facet normal 0 1 0
    outer loop
      vertex 54.5511 70 6.38823
      vertex 45.4489 70 6.38823
      vertex 45.3858 70 6.57402
    endloop
  endfacet
  facet normal 0 1 -0
    outer loop
      vertex 54.5128 70 6.19579
      vertex 45.4489 70 6.38823
      vertex 54.5511 70 6.38823
    endloop
  endfacet
  facet normal 0 1 0
    outer loop
      vertex 54.5128 70 6.19579
      vertex 45.4872 70 6.19579
      vertex 45.4489 70 6.38823
    endloop
  endfacet
  facet normal 0 1 -0
    outer loop
      vertex 54.5 70 6
      vertex 45.4872 70 6.19579
      vertex 54.5128 70 6.19579
    endloop
  endfacet
  facet normal 0 1 0
    outer loop
      vertex 54.5 70 6
      vertex 45.5 70 6
      vertex 45.4872 70 6.19579
    endloop
  endfacet
  facet normal 0 1 0
    outer loop
      vertex 54.5128 70 5.80421
      vertex 45.5 70 6
      vertex 54.5 70 6
    endloop
  endfacet
  facet normal 0 1 0
    outer loop
      vertex 54.5128 70 5.80421
      vertex 45.4872 70 5.80421
      vertex 45.5 70 6
    endloop
  endfacet
  facet normal 0 1 0
    outer loop
      vertex 54.5511 70 5.61177
      vertex 45.4872 70 5.80421
      vertex 54.5128 70 5.80421
    endloop
  endfacet
  facet normal 0 1 0
    outer loop
      vertex 54.5511 70 5.61177
      vertex 45.4489 70 5.61177
      vertex 45.4872 70 5.80421
    endloop
  endfacet
  facet normal 0 1 0
    outer loop
      vertex 54.6142 70 5.42597
      vertex 45.4489 70 5.61177
      vertex 54.5511 70 5.61177
    endloop
  endfacet
  facet normal 0 1 0
    outer loop
      vertex 54.6142 70 5.42597
      vertex 45.3858 70 5.42597
      vertex 45.4489 70 5.61177
    endloop
  endfacet
  facet normal 0 1 0
    outer loop
      vertex 54.701 70 5.25
      vertex 45.3858 70 5.42597
      vertex 54.6142 70 5.42597
    endloop
  endfacet
  facet normal 0 1 0
    outer loop
      vertex 54.701 70 5.25
      vertex 45.299 70 5.25
      vertex 45.3858 70 5.42597
    endloop
  endfacet
  facet normal 0 1 0
    outer loop
      vertex 54.81 70 5.08686
      vertex 45.299 70 5.25
      vertex 54.701 70 5.25
    endloop
  endfacet
  facet normal 0 1 0
    outer loop
      vertex 54.81 70 5.08686
      vertex 45.19 70 5.08686
      vertex 45.299 70 5.25
    endloop
  endfacet
  facet normal 0 1 0
    outer loop
      vertex 54.9393 70 4.93934
      vertex 45.19 70 5.08686
      vertex 54.81 70 5.08686
    endloop
  endfacet
  facet normal 0 1 0
    outer loop
      vertex 54.9393 70 4.93934
      vertex 45.0607 70 4.93934
      vertex 45.19 70 5.08686
    endloop
  endfacet
  facet normal 0 1 0
    outer loop
      vertex 55.0869 70 4.80997
      vertex 45.0607 70 4.93934
      vertex 54.9393 70 4.93934
    endloop
  endfacet
  facet normal 0 1 0
    outer loop
      vertex 55.0869 70 4.80997
      vertex 44.9131 70 4.80997
      vertex 45.0607 70 4.93934
    endloop
  endfacet
  facet normal 0 1 0
    outer loop
      vertex 55.25 70 4.70096
      vertex 44.9131 70 4.80997
      vertex 55.0869 70 4.80997
    endloop
  endfacet
  facet normal 0 1 0
    outer loop
      vertex 55.25 70 4.70096
      vertex 44.75 70 4.70096
      vertex 44.9131 70 4.80997
    endloop
  endfacet
  facet normal 0 1 0
    outer loop
      vertex 55.426 70 4.61418
      vertex 44.75 70 4.70096
      vertex 55.25 70 4.70096
    endloop
  endfacet
  facet normal 0 1 0
    outer loop
      vertex 55.426 70 4.61418
      vertex 44.574 70 4.61418
      vertex 44.75 70 4.70096
    endloop
  endfacet
  facet normal 0 1 0
    outer loop
      vertex 55.6118 70 4.55111
      vertex 44.574 70 4.61418
      vertex 55.426 70 4.61418
    endloop
  endfacet
  facet normal 0 1 0
    outer loop
      vertex 55.6118 70 4.55111
      vertex 44.3882 70 4.55111
      vertex 44.574 70 4.61418
    endloop
  endfacet
  facet normal 0 1 0
    outer loop
      vertex 55.8042 70 4.51283
      vertex 44.3882 70 4.55111
      vertex 55.6118 70 4.55111
    endloop
  endfacet
  facet normal 0 1 0
    outer loop
      vertex 55.8042 70 4.51283
      vertex 44.1958 70 4.51283
      vertex 44.3882 70 4.55111
    endloop
  endfacet
  facet normal 0 1 0
    outer loop
      vertex 56 70 4.5
      vertex 44.1958 70 4.51283
      vertex 55.8042 70 4.51283
    endloop
  endfacet
  facet normal 0 1 0
    outer loop
      vertex 44.1958 70 4.51283
      vertex 56 70 4.5
      vertex 44 70 4.5
    endloop
  endfacet
  facet normal 0 1 0
    outer loop
      vertex 94 70 12
      vertex 56 70 7.5
      vertex 6 70 12
    endloop
  endfacet
  facet normal 0 1 0
    outer loop
      vertex 94 70 12
      vertex 56.1958 70 7.48717
      vertex 56 70 7.5
    endloop
  endfacet
  facet normal 0 1 0
    outer loop
      vertex 94 70 12
      vertex 56.3882 70 7.44889
      vertex 56.1958 70 7.48717
    endloop
  endfacet
  facet normal 0 1 0
    outer loop
      vertex 94 70 12
      vertex 56.574 70 7.38582
      vertex 56.3882 70 7.44889
    endloop
  endfacet
  facet normal 0 1 0
    outer loop
      vertex 94 70 12
      vertex 56.75 70 7.29904
      vertex 56.574 70 7.38582
    endloop
  endfacet
  facet normal 0 1 0
    outer loop
      vertex 94 70 12
      vertex 56.9131 70 7.19003
      vertex 56.75 70 7.29904
    endloop
  endfacet
  facet normal 0 1 0
    outer loop
      vertex 94 70 12
      vertex 57.0607 70 7.06066
      vertex 56.9131 70 7.19003
    endloop
  endfacet
  facet normal 0 1 0
    outer loop
      vertex 94 70 12
      vertex 57.19 70 6.91314
      vertex 57.0607 70 7.06066
    endloop
  endfacet
  facet normal 0 1 0
    outer loop
      vertex 94 70 12
      vertex 57.299 70 6.75
      vertex 57.19 70 6.91314
    endloop
  endfacet
  facet normal 0 1 0
    outer loop
      vertex 94 70 12
      vertex 57.3858 70 6.57402
      vertex 57.299 70 6.75
    endloop
  endfacet
  facet normal 0 1 0
    outer loop
      vertex 94 70 12
      vertex 57.4489 70 6.38823
      vertex 57.3858 70 6.57402
    endloop
  endfacet
  facet normal 0 1 0
    outer loop
      vertex 94 70 12
      vertex 57.4872 70 6.19579
      vertex 57.4489 70 6.38823
    endloop
  endfacet
  facet normal 0 1 0
    outer loop
      vertex 94 70 12
      vertex 57.5 70 6
      vertex 57.4872 70 6.19579
    endloop
  endfacet
  facet normal 0 1 -0
    outer loop
      vertex 94 70 0
      vertex 57.5 70 6
      vertex 94 70 12
    endloop
  endfacet
  facet normal 0 1 0
    outer loop
      vertex 57.5 70 6
      vertex 94 70 0
      vertex 57.4872 70 5.80421
    endloop
  endfacet
  facet normal 0 1 0
    outer loop
      vertex 57.4872 70 5.80421
      vertex 94 70 0
      vertex 57.4489 70 5.61177
    endloop
  endfacet
  facet normal 0 1 0
    outer loop
      vertex 57.4489 70 5.61177
      vertex 94 70 0
      vertex 57.3858 70 5.42597
    endloop
  endfacet
  facet normal 0 1 0
    outer loop
      vertex 57.3858 70 5.42597
      vertex 94 70 0
      vertex 57.299 70 5.25
    endloop
  endfacet
  facet normal 0 1 0
    outer loop
      vertex 57.299 70 5.25
      vertex 94 70 0
      vertex 57.19 70 5.08686
    endloop
  endfacet
  facet normal 0 1 0
    outer loop
      vertex 57.19 70 5.08686
      vertex 94 70 0
      vertex 57.0607 70 4.93934
    endloop
  endfacet
  facet normal 0 1 0
    outer loop
      vertex 57.0607 70 4.93934
      vertex 94 70 0
      vertex 56.9131 70 4.80997
    endloop
  endfacet
  facet normal 0 1 0
    outer loop
      vertex 56.9131 70 4.80997
      vertex 94 70 0
      vertex 56.75 70 4.70096
    endloop
  endfacet
  facet normal 0 1 0
    outer loop
      vertex 56.75 70 4.70096
      vertex 94 70 0
      vertex 56.574 70 4.61418
    endloop
  endfacet
  facet normal 0 1 0
    outer loop
      vertex 56.574 70 4.61418
      vertex 94 70 0
      vertex 56.3882 70 4.55111
    endloop
  endfacet
  facet normal 0 1 0
    outer loop
      vertex 56 70 4.5
      vertex 94 70 0
      vertex 44 70 4.5
    endloop
  endfacet
  facet normal 0 1 0
    outer loop
      vertex 56.1958 70 4.51283
      vertex 94 70 0
      vertex 56 70 4.5
    endloop
  endfacet
  facet normal 0 1 0
    outer loop
      vertex 56.3882 70 4.55111
      vertex 94 70 0
      vertex 56.1958 70 4.51283
    endloop
  endfacet
  facet normal 0 1 -0
    outer loop
      vertex 44 70 7.5
      vertex 6 70 12
      vertex 56 70 7.5
    endloop
  endfacet
  facet normal 0 1 -0
    outer loop
      vertex 43.8042 70 7.48717
      vertex 6 70 12
      vertex 44 70 7.5
    endloop
  endfacet
  facet normal 0 1 -0
    outer loop
      vertex 43.6118 70 7.44889
      vertex 6 70 12
      vertex 43.8042 70 7.48717
    endloop
  endfacet
  facet normal 0 1 -0
    outer loop
      vertex 43.426 70 7.38582
      vertex 6 70 12
      vertex 43.6118 70 7.44889
    endloop
  endfacet
  facet normal 0 1 -0
    outer loop
      vertex 43.25 70 7.29904
      vertex 6 70 12
      vertex 43.426 70 7.38582
    endloop
  endfacet
  facet normal 0 1 -0
    outer loop
      vertex 43.0869 70 7.19003
      vertex 6 70 12
      vertex 43.25 70 7.29904
    endloop
  endfacet
  facet normal 0 1 -0
    outer loop
      vertex 42.9393 70 7.06066
      vertex 6 70 12
      vertex 43.0869 70 7.19003
    endloop
  endfacet
  facet normal 0 1 -0
    outer loop
      vertex 42.81 70 6.91314
      vertex 6 70 12
      vertex 42.9393 70 7.06066
    endloop
  endfacet
  facet normal 0 1 -0
    outer loop
      vertex 42.701 70 6.75
      vertex 6 70 12
      vertex 42.81 70 6.91314
    endloop
  endfacet
  facet normal 0 1 -0
    outer loop
      vertex 42.6142 70 6.57402
      vertex 6 70 12
      vertex 42.701 70 6.75
    endloop
  endfacet
  facet normal 0 1 -0
    outer loop
      vertex 42.5511 70 6.38823
      vertex 6 70 12
      vertex 42.6142 70 6.57402
    endloop
  endfacet
  facet normal 0 1 -0
    outer loop
      vertex 42.5128 70 6.19579
      vertex 6 70 12
      vertex 42.5511 70 6.38823
    endloop
  endfacet
  facet normal 0 1 -0
    outer loop
      vertex 42.5 70 6
      vertex 6 70 12
      vertex 42.5128 70 6.19579
    endloop
  endfacet
  facet normal 0 1 0
    outer loop
      vertex 6 70 0
      vertex 42.5 70 6
      vertex 42.5128 70 5.80421
    endloop
  endfacet
  facet normal 0 1 0
    outer loop
      vertex 6 70 0
      vertex 42.5128 70 5.80421
      vertex 42.5511 70 5.61177
    endloop
  endfacet
  facet normal 0 1 0
    outer loop
      vertex 6 70 0
      vertex 42.5511 70 5.61177
      vertex 42.6142 70 5.42597
    endloop
  endfacet
  facet normal 0 1 0
    outer loop
      vertex 6 70 0
      vertex 42.6142 70 5.42597
      vertex 42.701 70 5.25
    endloop
  endfacet
  facet normal 0 1 0
    outer loop
      vertex 6 70 0
      vertex 42.701 70 5.25
      vertex 42.81 70 5.08686
    endloop
  endfacet
  facet normal 0 1 0
    outer loop
      vertex 6 70 0
      vertex 42.81 70 5.08686
      vertex 42.9393 70 4.93934
    endloop
  endfacet
  facet normal 0 1 0
    outer loop
      vertex 6 70 0
      vertex 42.9393 70 4.93934
      vertex 43.0869 70 4.80997
    endloop
  endfacet
  facet normal 0 1 0
    outer loop
      vertex 6 70 0
      vertex 43.0869 70 4.80997
      vertex 43.25 70 4.70096
    endloop
  endfacet
  facet normal 0 1 0
    outer loop
      vertex 6 70 0
      vertex 43.25 70 4.70096
      vertex 43.426 70 4.61418
    endloop
  endfacet
  facet normal 0 1 0
    outer loop
      vertex 6 70 0
      vertex 43.426 70 4.61418
      vertex 43.6118 70 4.55111
    endloop
  endfacet
  facet normal 0 1 0
    outer loop
      vertex 6 70 0
      vertex 43.6118 70 4.55111
      vertex 43.8042 70 4.51283
    endloop
  endfacet
  facet normal 0 1 0
    outer loop
      vertex 6 70 0
      vertex 44 70 4.5
      vertex 94 70 0
    endloop
  endfacet
  facet normal 0 1 0
    outer loop
      vertex 42.5 70 6
      vertex 6 70 0
      vertex 6 70 12
    endloop
  endfacet
  facet normal 0 1 0
    outer loop
      vertex 44 70 4.5
      vertex 6 70 0
      vertex 43.8042 70 4.51283
    endloop
  endfacet
  facet normal 0 -1 0
    outer loop
      vertex 44.1958 0 7.48717
      vertex 56 0 7.5
      vertex 44 0 7.5
    endloop
  endfacet
  facet normal 0 -1 0
    outer loop
      vertex 44.1958 0 7.48717
      vertex 55.8042 0 7.48717
      vertex 56 0 7.5
    endloop
  endfacet
  facet normal 0 -1 0
    outer loop
      vertex 44.3882 0 7.44889
      vertex 55.8042 0 7.48717
      vertex 44.1958 0 7.48717
    endloop
  endfacet
  facet normal 0 -1 0
    outer loop
      vertex 44.3882 0 7.44889
      vertex 55.6118 0 7.44889
      vertex 55.8042 0 7.48717
    endloop
  endfacet
  facet normal 0 -1 0
    outer loop
      vertex 44.574 0 7.38582
      vertex 55.6118 0 7.44889
      vertex 44.3882 0 7.44889
    endloop
  endfacet
  facet normal 0 -1 0
    outer loop
      vertex 44.574 0 7.38582
      vertex 55.426 0 7.38582
      vertex 55.6118 0 7.44889
    endloop
  endfacet
  facet normal 0 -1 0
    outer loop
      vertex 44.75 0 7.29904
      vertex 55.426 0 7.38582
      vertex 44.574 0 7.38582
    endloop
  endfacet
  facet normal 0 -1 0
    outer loop
      vertex 44.75 0 7.29904
      vertex 55.25 0 7.29904
      vertex 55.426 0 7.38582
    endloop
  endfacet
  facet normal 0 -1 0
    outer loop
      vertex 44.9131 0 7.19003
      vertex 55.25 0 7.29904
      vertex 44.75 0 7.29904
    endloop
  endfacet
  facet normal 0 -1 0
    outer loop
      vertex 44.9131 0 7.19003
      vertex 55.0869 0 7.19003
      vertex 55.25 0 7.29904
    endloop
  endfacet
  facet normal 0 -1 0
    outer loop
      vertex 45.0607 0 7.06066
      vertex 55.0869 0 7.19003
      vertex 44.9131 0 7.19003
    endloop
  endfacet
  facet normal 0 -1 0
    outer loop
      vertex 45.0607 0 7.06066
      vertex 54.9393 0 7.06066
      vertex 55.0869 0 7.19003
    endloop
  endfacet
  facet normal 0 -1 0
    outer loop
      vertex 45.19 0 6.91314
      vertex 54.9393 0 7.06066
      vertex 45.0607 0 7.06066
    endloop
  endfacet
  facet normal 0 -1 0
    outer loop
      vertex 45.19 0 6.91314
      vertex 54.81 0 6.91314
      vertex 54.9393 0 7.06066
    endloop
  endfacet
  facet normal 0 -1 0
    outer loop
      vertex 45.299 0 6.75
      vertex 54.81 0 6.91314
      vertex 45.19 0 6.91314
    endloop
  endfacet
  facet normal 0 -1 0
    outer loop
      vertex 45.299 0 6.75
      vertex 54.701 0 6.75
      vertex 54.81 0 6.91314
    endloop
  endfacet
  facet normal 0 -1 0
    outer loop
      vertex 45.3858 0 6.57402
      vertex 54.701 0 6.75
      vertex 45.299 0 6.75
    endloop
  endfacet
  facet normal 0 -1 0
    outer loop
      vertex 45.3858 0 6.57402
      vertex 54.6142 0 6.57402
      vertex 54.701 0 6.75
    endloop
  endfacet
  facet normal 0 -1 0
    outer loop
      vertex 45.4489 0 6.38823
      vertex 54.6142 0 6.57402
      vertex 45.3858 0 6.57402
    endloop
  endfacet
  facet normal 0 -1 0
    outer loop
      vertex 45.4489 0 6.38823
      vertex 54.5511 0 6.38823
      vertex 54.6142 0 6.57402
    endloop
  endfacet
  facet normal 0 -1 0
    outer loop
      vertex 45.4872 0 6.19579
      vertex 54.5511 0 6.38823
      vertex 45.4489 0 6.38823
    endloop
  endfacet
  facet normal 0 -1 0
    outer loop
      vertex 45.4872 0 6.19579
      vertex 54.5128 0 6.19579
      vertex 54.5511 0 6.38823
    endloop
  endfacet
  facet normal 0 -1 0
    outer loop
      vertex 45.5 0 6
      vertex 54.5128 0 6.19579
      vertex 45.4872 0 6.19579
    endloop
  endfacet
  facet normal 0 -1 0
    outer loop
      vertex 45.5 0 6
      vertex 54.5 0 6
      vertex 54.5128 0 6.19579
    endloop
  endfacet
  facet normal 0 -1 0
    outer loop
      vertex 45.4872 0 5.80421
      vertex 54.5 0 6
      vertex 45.5 0 6
    endloop
  endfacet
  facet normal 0 -1 0
    outer loop
      vertex 45.4872 0 5.80421
      vertex 54.5128 0 5.80421
      vertex 54.5 0 6
    endloop
  endfacet
  facet normal 0 -1 0
    outer loop
      vertex 45.4489 0 5.61177
      vertex 54.5128 0 5.80421
      vertex 45.4872 0 5.80421
    endloop
  endfacet
  facet normal 0 -1 0
    outer loop
      vertex 45.4489 0 5.61177
      vertex 54.5511 0 5.61177
      vertex 54.5128 0 5.80421
    endloop
  endfacet
  facet normal 0 -1 0
    outer loop
      vertex 45.3858 0 5.42597
      vertex 54.5511 0 5.61177
      vertex 45.4489 0 5.61177
    endloop
  endfacet
  facet normal 0 -1 0
    outer loop
      vertex 45.3858 0 5.42597
      vertex 54.6142 0 5.42597
      vertex 54.5511 0 5.61177
    endloop
  endfacet
  facet normal 0 -1 0
    outer loop
      vertex 45.299 0 5.25
      vertex 54.6142 0 5.42597
      vertex 45.3858 0 5.42597
    endloop
  endfacet
  facet normal 0 -1 0
    outer loop
      vertex 45.299 0 5.25
      vertex 54.701 0 5.25
      vertex 54.6142 0 5.42597
    endloop
  endfacet
  facet normal 0 -1 0
    outer loop
      vertex 45.19 0 5.08686
      vertex 54.701 0 5.25
      vertex 45.299 0 5.25
    endloop
  endfacet
  facet normal 0 -1 0
    outer loop
      vertex 45.19 0 5.08686
      vertex 54.81 0 5.08686
      vertex 54.701 0 5.25
    endloop
  endfacet
  facet normal 0 -1 0
    outer loop
      vertex 45.0607 0 4.93934
      vertex 54.81 0 5.08686
      vertex 45.19 0 5.08686
    endloop
  endfacet
  facet normal 0 -1 0
    outer loop
      vertex 45.0607 0 4.93934
      vertex 54.9393 0 4.93934
      vertex 54.81 0 5.08686
    endloop
  endfacet
  facet normal 0 -1 0
    outer loop
      vertex 44.9131 0 4.80997
      vertex 54.9393 0 4.93934
      vertex 45.0607 0 4.93934
    endloop
  endfacet
  facet normal 0 -1 0
    outer loop
      vertex 44.9131 0 4.80997
      vertex 55.0869 0 4.80997
      vertex 54.9393 0 4.93934
    endloop
  endfacet
  facet normal 0 -1 0
    outer loop
      vertex 44.75 0 4.70096
      vertex 55.0869 0 4.80997
      vertex 44.9131 0 4.80997
    endloop
  endfacet
  facet normal 0 -1 0
    outer loop
      vertex 44.75 0 4.70096
      vertex 55.25 0 4.70096
      vertex 55.0869 0 4.80997
    endloop
  endfacet
  facet normal 0 -1 0
    outer loop
      vertex 44.574 0 4.61418
      vertex 55.25 0 4.70096
      vertex 44.75 0 4.70096
    endloop
  endfacet
  facet normal 0 -1 0
    outer loop
      vertex 44.574 0 4.61418
      vertex 55.426 0 4.61418
      vertex 55.25 0 4.70096
    endloop
  endfacet
  facet normal 0 -1 0
    outer loop
      vertex 44.3882 0 4.55111
      vertex 55.426 0 4.61418
      vertex 44.574 0 4.61418
    endloop
  endfacet
  facet normal 0 -1 0
    outer loop
      vertex 44.3882 0 4.55111
      vertex 55.6118 0 4.55111
      vertex 55.426 0 4.61418
    endloop
  endfacet
  facet normal 0 -1 0
    outer loop
      vertex 44.1958 0 4.51283
      vertex 55.6118 0 4.55111
      vertex 44.3882 0 4.55111
    endloop
  endfacet
  facet normal 0 -1 0
    outer loop
      vertex 44.1958 0 4.51283
      vertex 55.8042 0 4.51283
      vertex 55.6118 0 4.55111
    endloop
  endfacet
  facet normal 0 -1 0
    outer loop
      vertex 44 0 4.5
      vertex 55.8042 0 4.51283
      vertex 44.1958 0 4.51283
    endloop
  endfacet
  facet normal 0 -1 -0
    outer loop
      vertex 55.8042 0 4.51283
      vertex 44 0 4.5
      vertex 56 0 4.5
    endloop
  endfacet
  facet normal 0 -1 0
    outer loop
      vertex 6 0 12
      vertex 44 0 7.5
      vertex 94 0 12
    endloop
  endfacet
  facet normal 0 -1 0
    outer loop
      vertex 6 0 12
      vertex 43.8042 0 7.48717
      vertex 44 0 7.5
    endloop
  endfacet
  facet normal 0 -1 0
    outer loop
      vertex 6 0 12
      vertex 43.6118 0 7.44889
      vertex 43.8042 0 7.48717
    endloop
  endfacet
  facet normal 0 -1 0
    outer loop
      vertex 6 0 12
      vertex 43.426 0 7.38582
      vertex 43.6118 0 7.44889
    endloop
  endfacet
  facet normal 0 -1 0
    outer loop
      vertex 6 0 12
      vertex 43.25 0 7.29904
      vertex 43.426 0 7.38582
    endloop
  endfacet
  facet normal 0 -1 0
    outer loop
      vertex 6 0 12
      vertex 43.0869 0 7.19003
      vertex 43.25 0 7.29904
    endloop
  endfacet
  facet normal 0 -1 0
    outer loop
      vertex 6 0 12
      vertex 42.9393 0 7.06066
      vertex 43.0869 0 7.19003
    endloop
  endfacet
  facet normal 0 -1 0
    outer loop
      vertex 6 0 12
      vertex 42.81 0 6.91314
      vertex 42.9393 0 7.06066
    endloop
  endfacet
  facet normal 0 -1 0
    outer loop
      vertex 6 0 12
      vertex 42.701 0 6.75
      vertex 42.81 0 6.91314
    endloop
  endfacet
  facet normal 0 -1 0
    outer loop
      vertex 6 0 12
      vertex 42.6142 0 6.57402
      vertex 42.701 0 6.75
    endloop
  endfacet
  facet normal 0 -1 0
    outer loop
      vertex 6 0 12
      vertex 42.5511 0 6.38823
      vertex 42.6142 0 6.57402
    endloop
  endfacet
  facet normal 0 -1 0
    outer loop
      vertex 6 0 12
      vertex 42.5128 0 6.19579
      vertex 42.5511 0 6.38823
    endloop
  endfacet
  facet normal 0 -1 0
    outer loop
      vertex 6 0 12
      vertex 42.5 0 6
      vertex 42.5128 0 6.19579
    endloop
  endfacet
  facet normal 0 -1 0
    outer loop
      vertex 6 0 0
      vertex 42.5 0 6
      vertex 6 0 12
    endloop
  endfacet
  facet normal 0 -1 -0
    outer loop
      vertex 42.5 0 6
      vertex 6 0 0
      vertex 42.5128 0 5.80421
    endloop
  endfacet
  facet normal 0 -1 -0
    outer loop
      vertex 42.5128 0 5.80421
      vertex 6 0 0
      vertex 42.5511 0 5.61177
    endloop
  endfacet
  facet normal 0 -1 -0
    outer loop
      vertex 42.5511 0 5.61177
      vertex 6 0 0
      vertex 42.6142 0 5.42597
    endloop
  endfacet
  facet normal 0 -1 -0
    outer loop
      vertex 42.6142 0 5.42597
      vertex 6 0 0
      vertex 42.701 0 5.25
    endloop
  endfacet
  facet normal 0 -1 -0
    outer loop
      vertex 42.701 0 5.25
      vertex 6 0 0
      vertex 42.81 0 5.08686
    endloop
  endfacet
  facet normal 0 -1 -0
    outer loop
      vertex 42.81 0 5.08686
      vertex 6 0 0
      vertex 42.9393 0 4.93934
    endloop
  endfacet
  facet normal 0 -1 -0
    outer loop
      vertex 42.9393 0 4.93934
      vertex 6 0 0
      vertex 43.0869 0 4.80997
    endloop
  endfacet
  facet normal 0 -1 -0
    outer loop
      vertex 43.0869 0 4.80997
      vertex 6 0 0
      vertex 43.25 0 4.70096
    endloop
  endfacet
  facet normal 0 -1 -0
    outer loop
      vertex 43.25 0 4.70096
      vertex 6 0 0
      vertex 43.426 0 4.61418
    endloop
  endfacet
  facet normal 0 -1 -0
    outer loop
      vertex 43.426 0 4.61418
      vertex 6 0 0
      vertex 43.6118 0 4.55111
    endloop
  endfacet
  facet normal 0 -1 -0
    outer loop
      vertex 44 0 4.5
      vertex 6 0 0
      vertex 56 0 4.5
    endloop
  endfacet
  facet normal 0 -1 -0
    outer loop
      vertex 43.8042 0 4.51283
      vertex 6 0 0
      vertex 44 0 4.5
    endloop
  endfacet
  facet normal 0 -1 -0
    outer loop
      vertex 43.6118 0 4.55111
      vertex 6 0 0
      vertex 43.8042 0 4.51283
    endloop
  endfacet
  facet normal 0 -1 0
    outer loop
      vertex 56 0 7.5
      vertex 94 0 12
      vertex 44 0 7.5
    endloop
  endfacet
  facet normal 0 -1 0
    outer loop
      vertex 56.1958 0 7.48717
      vertex 94 0 12
      vertex 56 0 7.5
    endloop
  endfacet
  facet normal 0 -1 0
    outer loop
      vertex 56.3882 0 7.44889
      vertex 94 0 12
      vertex 56.1958 0 7.48717
    endloop
  endfacet
  facet normal 0 -1 0
    outer loop
      vertex 56.574 0 7.38582
      vertex 94 0 12
      vertex 56.3882 0 7.44889
    endloop
  endfacet
  facet normal 0 -1 0
    outer loop
      vertex 56.75 0 7.29904
      vertex 94 0 12
      vertex 56.574 0 7.38582
    endloop
  endfacet
  facet normal 0 -1 0
    outer loop
      vertex 56.9131 0 7.19003
      vertex 94 0 12
      vertex 56.75 0 7.29904
    endloop
  endfacet
  facet normal 0 -1 0
    outer loop
      vertex 57.0607 0 7.06066
      vertex 94 0 12
      vertex 56.9131 0 7.19003
    endloop
  endfacet
  facet normal 0 -1 0
    outer loop
      vertex 57.19 0 6.91314
      vertex 94 0 12
      vertex 57.0607 0 7.06066
    endloop
  endfacet
  facet normal 0 -1 0
    outer loop
      vertex 57.299 0 6.75
      vertex 94 0 12
      vertex 57.19 0 6.91314
    endloop
  endfacet
  facet normal 0 -1 0
    outer loop
      vertex 57.3858 0 6.57402
      vertex 94 0 12
      vertex 57.299 0 6.75
    endloop
  endfacet
  facet normal 0 -1 0
    outer loop
      vertex 57.4489 0 6.38823
      vertex 94 0 12
      vertex 57.3858 0 6.57402
    endloop
  endfacet
  facet normal 0 -1 0
    outer loop
      vertex 57.4872 0 6.19579
      vertex 94 0 12
      vertex 57.4489 0 6.38823
    endloop
  endfacet
  facet normal 0 -1 0
    outer loop
      vertex 57.5 0 6
      vertex 94 0 12
      vertex 57.4872 0 6.19579
    endloop
  endfacet
  facet normal 0 -1 0
    outer loop
      vertex 94 0 0
      vertex 57.5 0 6
      vertex 57.4872 0 5.80421
    endloop
  endfacet
  facet normal 0 -1 0
    outer loop
      vertex 94 0 0
      vertex 57.4872 0 5.80421
      vertex 57.4489 0 5.61177
    endloop
  endfacet
  facet normal 0 -1 0
    outer loop
      vertex 94 0 0
      vertex 57.4489 0 5.61177
      vertex 57.3858 0 5.42597
    endloop
  endfacet
  facet normal 0 -1 0
    outer loop
      vertex 94 0 0
      vertex 57.3858 0 5.42597
      vertex 57.299 0 5.25
    endloop
  endfacet
  facet normal 0 -1 0
    outer loop
      vertex 94 0 0
      vertex 57.299 0 5.25
      vertex 57.19 0 5.08686
    endloop
  endfacet
  facet normal 0 -1 0
    outer loop
      vertex 94 0 0
      vertex 57.19 0 5.08686
      vertex 57.0607 0 4.93934
    endloop
  endfacet
  facet normal 0 -1 0
    outer loop
      vertex 94 0 0
      vertex 57.0607 0 4.93934
      vertex 56.9131 0 4.80997
    endloop
  endfacet
  facet normal 0 -1 0
    outer loop
      vertex 94 0 0
      vertex 56.9131 0 4.80997
      vertex 56.75 0 4.70096
    endloop
  endfacet
  facet normal 0 -1 0
    outer loop
      vertex 94 0 0
      vertex 56.75 0 4.70096
      vertex 56.574 0 4.61418
    endloop
  endfacet
  facet normal 0 -1 0
    outer loop
      vertex 94 0 0
      vertex 56.574 0 4.61418
      vertex 56.3882 0 4.55111
    endloop
  endfacet
  facet normal 0 -1 0
    outer loop
      vertex 94 0 0
      vertex 56.3882 0 4.55111
      vertex 56.1958 0 4.51283
    endloop
  endfacet
  facet normal 0 -1 0
    outer loop
      vertex 94 0 0
      vertex 56 0 4.5
      vertex 6 0 0
    endloop
  endfacet
  facet normal 0 -1 0
    outer loop
      vertex 57.5 0 6
      vertex 94 0 0
      vertex 94 0 12
    endloop
  endfacet
  facet normal 0 -1 0
    outer loop
      vertex 56 0 4.5
      vertex 94 0 0
      vertex 56.1958 0 4.51283
    endloop
  endfacet
  facet normal 0.555611 0.831442 -0
    outer loop
      vertex 97.6526 68.7601 0
      vertex 97 69.1962 12
      vertex 97.6526 68.7601 12
    endloop
  endfacet
  facet normal 0.555611 0.831442 0
    outer loop
      vertex 97 69.1962 12
      vertex 97.6526 68.7601 0
      vertex 97 69.1962 0
    endloop
  endfacet
  facet normal -1 0 0
    outer loop
      vertex 0 6 0
      vertex 0 64 12
      vertex 0 64 0
    endloop
  endfacet
  facet normal -1 -0 0
    outer loop
      vertex 0 64 12
      vertex 0 6 0
      vertex 0 6 12
    endloop
  endfacet
  facet normal -0.997859 -0.0654026 0
    outer loop
      vertex 0.0513306 5.21684 0
      vertex 0 6 12
      vertex 0 6 0
    endloop
  endfacet
  facet normal -0.997859 -0.0654026 0
    outer loop
      vertex 0 6 12
      vertex 0.0513306 5.21684 0
      vertex 0.0513306 5.21684 12
    endloop
  endfacet
  facet normal 0 0 -1
    outer loop
      vertex 90.4294 8.65056 0
      vertex 9.57059 8.65056 0
      vertex 90.5278 8.85 0
    endloop
  endfacet
  facet normal 0 0 -1
    outer loop
      vertex 90.5278 61.15 0
      vertex 9.68546 61.7781 0
      vertex 9.7 62 0
    endloop
  endfacet
  facet normal 0 0 -1
    outer loop
      vertex 9.47224 8.85 0
      vertex 90.5278 8.85 0
      vertex 9.57059 8.65056 0
    endloop
  endfacet
  facet normal 0 0 -1
    outer loop
      vertex 90.5278 61.15 0
      vertex 9.64207 61.56 0
      vertex 9.68546 61.7781 0
    endloop
  endfacet
  facet normal 0 0 -1
    outer loop
      vertex 90.5278 8.85 0
      vertex 9.47224 8.85 0
      vertex 90.5278 61.15 0
    endloop
  endfacet
  facet normal 0 0 -1
    outer loop
      vertex 90.5278 61.15 0
      vertex 9.57059 61.3494 0
      vertex 9.64207 61.56 0
    endloop
  endfacet
  facet normal 0 0 -1
    outer loop
      vertex 9.47224 61.15 0
      vertex 90.5278 61.15 0
      vertex 9.47224 8.85 0
    endloop
  endfacet
  facet normal 0 0 -1
    outer loop
      vertex 90.5278 61.15 0
      vertex 9.47224 61.15 0
      vertex 9.57059 61.3494 0
    endloop
  endfacet
  facet normal 0 0 -1
    outer loop
      vertex 9.3487 9.03489 0
      vertex 9.47224 61.15 0
      vertex 9.47224 8.85 0
    endloop
  endfacet
  facet normal 0 0 -1
    outer loop
      vertex 9.3487 9.03489 0
      vertex 9.3487 60.9651 0
      vertex 9.47224 61.15 0
    endloop
  endfacet
  facet normal 0 0 -1
    outer loop
      vertex 9.20208 9.20208 0
      vertex 9.3487 60.9651 0
      vertex 9.3487 9.03489 0
    endloop
  endfacet
  facet normal 0 0 -1
    outer loop
      vertex 9.20208 9.20208 0
      vertex 9.20208 60.7979 0
      vertex 9.3487 60.9651 0
    endloop
  endfacet
  facet normal 0 0 -1
    outer loop
      vertex 9.03489 9.3487 0
      vertex 9.20208 60.7979 0
      vertex 9.20208 9.20208 0
    endloop
  endfacet
  facet normal 0 0 -1
    outer loop
      vertex 9.03489 9.3487 0
      vertex 9.03489 60.6513 0
      vertex 9.20208 60.7979 0
    endloop
  endfacet
  facet normal 0 0 -1
    outer loop
      vertex 8.85 9.47224 0
      vertex 9.03489 60.6513 0
      vertex 9.03489 9.3487 0
    endloop
  endfacet
  facet normal 0 0 -1
    outer loop
      vertex 8.85 9.47224 0
      vertex 8.85 60.5278 0
      vertex 9.03489 60.6513 0
    endloop
  endfacet
  facet normal 0 0 -1
    outer loop
      vertex 8.65056 9.57059 0
      vertex 8.85 60.5278 0
      vertex 8.85 9.47224 0
    endloop
  endfacet
  facet normal 0 0 -1
    outer loop
      vertex 8.65056 9.57059 0
      vertex 8.65056 60.4294 0
      vertex 8.85 60.5278 0
    endloop
  endfacet
  facet normal 0 0 -1
    outer loop
      vertex 8.43999 9.64207 0
      vertex 8.65056 60.4294 0
      vertex 8.65056 9.57059 0
    endloop
  endfacet
  facet normal 0 0 -1
    outer loop
      vertex 8.43999 9.64207 0
      vertex 8.43999 60.3579 0
      vertex 8.65056 60.4294 0
    endloop
  endfacet
  facet normal 0 0 -1
    outer loop
      vertex 8.22189 9.68546 0
      vertex 8.43999 60.3579 0
      vertex 8.43999 9.64207 0
    endloop
  endfacet
  facet normal 0 0 -1
    outer loop
      vertex 8.22189 9.68546 0
      vertex 8.22189 60.3145 0
      vertex 8.43999 60.3579 0
    endloop
  endfacet
  facet normal 0 0 -1
    outer loop
      vertex 8 9.7 0
      vertex 8.22189 60.3145 0
      vertex 8.22189 9.68546 0
    endloop
  endfacet
  facet normal 0 0 -1
    outer loop
      vertex 8 9.7 0
      vertex 8 60.3 0
      vertex 8.22189 60.3145 0
    endloop
  endfacet
  facet normal 0 0 -1
    outer loop
      vertex 7.7781 9.68546 0
      vertex 8 60.3 0
      vertex 8 9.7 0
    endloop
  endfacet
  facet normal 0 0 -1
    outer loop
      vertex 7.7781 9.68546 0
      vertex 7.7781 60.3145 0
      vertex 8 60.3 0
    endloop
  endfacet
  facet normal 0 0 -1
    outer loop
      vertex 7.56001 9.64207 0
      vertex 7.7781 60.3145 0
      vertex 7.7781 9.68546 0
    endloop
  endfacet
  facet normal 0 0 -1
    outer loop
      vertex 7.56001 9.64207 0
      vertex 7.56001 60.3579 0
      vertex 7.7781 60.3145 0
    endloop
  endfacet
  facet normal 0 0 -1
    outer loop
      vertex 7.34944 9.57059 0
      vertex 7.56001 60.3579 0
      vertex 7.56001 9.64207 0
    endloop
  endfacet
  facet normal 0 0 -1
    outer loop
      vertex 7.34944 9.57059 0
      vertex 7.34944 60.4294 0
      vertex 7.56001 60.3579 0
    endloop
  endfacet
  facet normal 0 0 -1
    outer loop
      vertex 7.15 9.47224 0
      vertex 7.34944 60.4294 0
      vertex 7.34944 9.57059 0
    endloop
  endfacet
  facet normal 0 0 -1
    outer loop
      vertex 7.15 9.47224 0
      vertex 7.15 60.5278 0
      vertex 7.34944 60.4294 0
    endloop
  endfacet
  facet normal 0 0 -1
    outer loop
      vertex 0 6 0
      vertex 7.15 9.47224 0
      vertex 6.96511 9.3487 0
    endloop
  endfacet
  facet normal -0 0 -1
    outer loop
      vertex 7.15 9.47224 0
      vertex 0 6 0
      vertex 7.15 60.5278 0
    endloop
  endfacet
  facet normal 0 0 -1
    outer loop
      vertex 0 6 0
      vertex 6.96511 9.3487 0
      vertex 6.79792 9.20208 0
    endloop
  endfacet
  facet normal 0 0 -1
    outer loop
      vertex 0 64 0
      vertex 7.15 60.5278 0
      vertex 0 6 0
    endloop
  endfacet
  facet normal 0 0 -1
    outer loop
      vertex 0 6 0
      vertex 6.79792 9.20208 0
      vertex 6.6513 9.03489 0
    endloop
  endfacet
  facet normal 0 0 -1
    outer loop
      vertex 7.15 60.5278 0
      vertex 0 64 0
      vertex 6.96511 60.6513 0
    endloop
  endfacet
  facet normal 0 0 -1
    outer loop
      vertex 0 6 0
      vertex 6.6513 9.03489 0
      vertex 6.52776 8.85 0
    endloop
  endfacet
  facet normal 0 0 -1
    outer loop
      vertex 6.96511 60.6513 0
      vertex 0 64 0
      vertex 6.79792 60.7979 0
    endloop
  endfacet
  facet normal 0 0 -1
    outer loop
      vertex 0 6 0
      vertex 6.52776 8.85 0
      vertex 6.4294 8.65056 0
    endloop
  endfacet
  facet normal 0 0 -1
    outer loop
      vertex 6.79792 60.7979 0
      vertex 0 64 0
      vertex 6.6513 60.9651 0
    endloop
  endfacet
  facet normal 0 0 -1
    outer loop
      vertex 0 6 0
      vertex 6.4294 8.65056 0
      vertex 6.35793 8.43999 0
    endloop
  endfacet
  facet normal 0 0 -1
    outer loop
      vertex 6.6513 60.9651 0
      vertex 0 64 0
      vertex 6.52776 61.15 0
    endloop
  endfacet
  facet normal 0 0 -1
    outer loop
      vertex 0 6 0
      vertex 6.35793 8.43999 0
      vertex 6.31454 8.22189 0
    endloop
  endfacet
  facet normal 0 0 -1
    outer loop
      vertex 6.52776 61.15 0
      vertex 0 64 0
      vertex 6.4294 61.3494 0
    endloop
  endfacet
  facet normal 0 0 -1
    outer loop
      vertex 0 6 0
      vertex 6.31454 8.22189 0
      vertex 6.3 8 0
    endloop
  endfacet
  facet normal 0 0 -1
    outer loop
      vertex 6.4294 61.3494 0
      vertex 0 64 0
      vertex 6.35793 61.56 0
    endloop
  endfacet
  facet normal 0 0 -1
    outer loop
      vertex 93.5706 8.65056 0
      vertex 100 6 0
      vertex 93.6421 8.43999 0
    endloop
  endfacet
  facet normal 0 0 -1
    outer loop
      vertex 100 64 0
      vertex 93.6855 61.7781 0
      vertex 93.7 62 0
    endloop
  endfacet
  facet normal 0 0 -1
    outer loop
      vertex 93.4722 8.85 0
      vertex 100 6 0
      vertex 93.5706 8.65056 0
    endloop
  endfacet
  facet normal 0 0 -1
    outer loop
      vertex 100 64 0
      vertex 93.6421 61.56 0
      vertex 93.6855 61.7781 0
    endloop
  endfacet
  facet normal 0 0 -1
    outer loop
      vertex 93.3487 9.03489 0
      vertex 100 6 0
      vertex 93.4722 8.85 0
    endloop
  endfacet
  facet normal 0 0 -1
    outer loop
      vertex 100 64 0
      vertex 93.5706 61.3494 0
      vertex 93.6421 61.56 0
    endloop
  endfacet
  facet normal 0 0 -1
    outer loop
      vertex 93.2021 9.20208 0
      vertex 100 6 0
      vertex 93.3487 9.03489 0
    endloop
  endfacet
  facet normal 0 0 -1
    outer loop
      vertex 100 64 0
      vertex 93.4722 61.15 0
      vertex 93.5706 61.3494 0
    endloop
  endfacet
  facet normal 0 0 -1
    outer loop
      vertex 93.0349 9.3487 0
      vertex 100 6 0
      vertex 93.2021 9.20208 0
    endloop
  endfacet
  facet normal 0 0 -1
    outer loop
      vertex 100 64 0
      vertex 93.3487 60.9651 0
      vertex 93.4722 61.15 0
    endloop
  endfacet
  facet normal 0 0 -1
    outer loop
      vertex 92.85 9.47224 0
      vertex 100 6 0
      vertex 93.0349 9.3487 0
    endloop
  endfacet
  facet normal 0 0 -1
    outer loop
      vertex 100 64 0
      vertex 93.2021 60.7979 0
      vertex 93.3487 60.9651 0
    endloop
  endfacet
  facet normal 0 0 -1
    outer loop
      vertex 100 6 0
      vertex 92.85 9.47224 0
      vertex 100 64 0
    endloop
  endfacet
  facet normal 0 0 -1
    outer loop
      vertex 100 64 0
      vertex 93.0349 60.6513 0
      vertex 93.2021 60.7979 0
    endloop
  endfacet
  facet normal 0 0 -1
    outer loop
      vertex 92.85 60.5278 0
      vertex 100 64 0
      vertex 92.85 9.47224 0
    endloop
  endfacet
  facet normal 0 0 -1
    outer loop
      vertex 100 64 0
      vertex 92.85 60.5278 0
      vertex 93.0349 60.6513 0
    endloop
  endfacet
  facet normal 0 0 -1
    outer loop
      vertex 92.6506 9.57059 0
      vertex 92.85 60.5278 0
      vertex 92.85 9.47224 0
    endloop
  endfacet
  facet normal 0 0 -1
    outer loop
      vertex 92.6506 9.57059 0
      vertex 92.6506 60.4294 0
      vertex 92.85 60.5278 0
    endloop
  endfacet
  facet normal 0 0 -1
    outer loop
      vertex 92.44 9.64207 0
      vertex 92.6506 60.4294 0
      vertex 92.6506 9.57059 0
    endloop
  endfacet
  facet normal 0 0 -1
    outer loop
      vertex 92.44 9.64207 0
      vertex 92.44 60.3579 0
      vertex 92.6506 60.4294 0
    endloop
  endfacet
  facet normal 0 0 -1
    outer loop
      vertex 92.2219 9.68546 0
      vertex 92.44 60.3579 0
      vertex 92.44 9.64207 0
    endloop
  endfacet
  facet normal 0 0 -1
    outer loop
      vertex 92.2219 9.68546 0
      vertex 92.2219 60.3145 0
      vertex 92.44 60.3579 0
    endloop
  endfacet
  facet normal 0 0 -1
    outer loop
      vertex 92 9.7 0
      vertex 92.2219 60.3145 0
      vertex 92.2219 9.68546 0
    endloop
  endfacet
  facet normal 0 0 -1
    outer loop
      vertex 92 9.7 0
      vertex 92 60.3 0
      vertex 92.2219 60.3145 0
    endloop
  endfacet
  facet normal 0 0 -1
    outer loop
      vertex 91.7781 9.68546 0
      vertex 92 60.3 0
      vertex 92 9.7 0
    endloop
  endfacet
  facet normal 0 0 -1
    outer loop
      vertex 91.7781 9.68546 0
      vertex 91.7781 60.3145 0
      vertex 92 60.3 0
    endloop
  endfacet
  facet normal 0 0 -1
    outer loop
      vertex 91.56 9.64207 0
      vertex 91.7781 60.3145 0
      vertex 91.7781 9.68546 0
    endloop
  endfacet
  facet normal 0 0 -1
    outer loop
      vertex 91.56 9.64207 0
      vertex 91.56 60.3579 0
      vertex 91.7781 60.3145 0
    endloop
  endfacet
  facet normal 0 0 -1
    outer loop
      vertex 91.3494 9.57059 0
      vertex 91.56 60.3579 0
      vertex 91.56 9.64207 0
    endloop
  endfacet
  facet normal 0 0 -1
    outer loop
      vertex 91.3494 9.57059 0
      vertex 91.3494 60.4294 0
      vertex 91.56 60.3579 0
    endloop
  endfacet
  facet normal 0 0 -1
    outer loop
      vertex 91.15 9.47224 0
      vertex 91.3494 60.4294 0
      vertex 91.3494 9.57059 0
    endloop
  endfacet
  facet normal 0 0 -1
    outer loop
      vertex 91.15 9.47224 0
      vertex 91.15 60.5278 0
      vertex 91.3494 60.4294 0
    endloop
  endfacet
  facet normal 0 0 -1
    outer loop
      vertex 90.9651 9.3487 0
      vertex 91.15 60.5278 0
      vertex 91.15 9.47224 0
    endloop
  endfacet
  facet normal 0 0 -1
    outer loop
      vertex 90.9651 9.3487 0
      vertex 90.9651 60.6513 0
      vertex 91.15 60.5278 0
    endloop
  endfacet
  facet normal 0 0 -1
    outer loop
      vertex 90.7979 9.20208 0
      vertex 90.9651 60.6513 0
      vertex 90.9651 9.3487 0
    endloop
  endfacet
  facet normal 0 0 -1
    outer loop
      vertex 90.7979 9.20208 0
      vertex 90.7979 60.7979 0
      vertex 90.9651 60.6513 0
    endloop
  endfacet
  facet normal 0 0 -1
    outer loop
      vertex 90.6513 9.03489 0
      vertex 90.7979 60.7979 0
      vertex 90.7979 9.20208 0
    endloop
  endfacet
  facet normal 0 0 -1
    outer loop
      vertex 90.6513 9.03489 0
      vertex 90.6513 60.9651 0
      vertex 90.7979 60.7979 0
    endloop
  endfacet
  facet normal 0 0 -1
    outer loop
      vertex 90.5278 8.85 0
      vertex 90.6513 60.9651 0
      vertex 90.6513 9.03489 0
    endloop
  endfacet
  facet normal 0 0 -1
    outer loop
      vertex 90.5278 8.85 0
      vertex 90.5278 61.15 0
      vertex 90.6513 60.9651 0
    endloop
  endfacet
  facet normal 0 0 -1
    outer loop
      vertex 9.64207 8.43999 0
      vertex 90.3579 8.43999 0
      vertex 9.68546 8.22189 0
    endloop
  endfacet
  facet normal 0 0 -1
    outer loop
      vertex 90.3579 8.43999 0
      vertex 9.64207 8.43999 0
      vertex 90.4294 8.65056 0
    endloop
  endfacet
  facet normal 0 0 -1
    outer loop
      vertex 90.3145 8.22189 0
      vertex 9.68546 8.22189 0
      vertex 90.3579 8.43999 0
    endloop
  endfacet
  facet normal 0 0 -1
    outer loop
      vertex 9.57059 8.65056 0
      vertex 90.4294 8.65056 0
      vertex 9.64207 8.43999 0
    endloop
  endfacet
  facet normal 0 0 -1
    outer loop
      vertex 9.68546 8.22189 0
      vertex 90.3145 8.22189 0
      vertex 9.7 8 0
    endloop
  endfacet
  facet normal 0 0 -1
    outer loop
      vertex 90.5278 61.15 0
      vertex 9.7 62 0
      vertex 90.4294 61.3494 0
    endloop
  endfacet
  facet normal 0 0 -1
    outer loop
      vertex 9.7 8 0
      vertex 90.3145 8.22189 0
      vertex 90.3 8 0
    endloop
  endfacet
  facet normal 0 0 -1
    outer loop
      vertex 90.4294 61.3494 0
      vertex 9.7 62 0
      vertex 90.3579 61.56 0
    endloop
  endfacet
  facet normal 0 0 -1
    outer loop
      vertex 93.5706 7.34944 0
      vertex 100 6 0
      vertex 99.9487 5.21684 0
    endloop
  endfacet
  facet normal 0 0 -1
    outer loop
      vertex 93.6855 8.22189 0
      vertex 100 6 0
      vertex 93.7 8 0
    endloop
  endfacet
  facet normal 0 0 -1
    outer loop
      vertex 93.4722 7.15 0
      vertex 99.9487 5.21684 0
      vertex 99.7955 4.44708 0
    endloop
  endfacet
  facet normal 0 0 -1
    outer loop
      vertex 93.6421 8.43999 0
      vertex 100 6 0
      vertex 93.6855 8.22189 0
    endloop
  endfacet
  facet normal 0 0 -1
    outer loop
      vertex 93.4722 7.15 0
      vertex 99.7955 4.44708 0
      vertex 99.5433 3.70389 0
    endloop
  endfacet
  facet normal 0 0 -1
    outer loop
      vertex 93.6855 62.2219 0
      vertex 100 64 0
      vertex 93.7 62 0
    endloop
  endfacet
  facet normal 0 0 -1
    outer loop
      vertex 93.3487 6.96511 0
      vertex 99.5433 3.70389 0
      vertex 99.1962 3 0
    endloop
  endfacet
  facet normal 0 0 -1
    outer loop
      vertex 93.6421 62.44 0
      vertex 100 64 0
      vertex 93.6855 62.2219 0
    endloop
  endfacet
  facet normal 0 0 -1
    outer loop
      vertex 93.3487 6.96511 0
      vertex 99.1962 3 0
      vertex 98.7601 2.34743 0
    endloop
  endfacet
  facet normal 0 0 -1
    outer loop
      vertex 93.5706 62.6506 0
      vertex 100 64 0
      vertex 93.6421 62.44 0
    endloop
  endfacet
  facet normal 0 0 -1
    outer loop
      vertex 93.2021 6.79792 0
      vertex 98.7601 2.34743 0
      vertex 98.2426 1.75735 0
    endloop
  endfacet
  facet normal -0 0 -1
    outer loop
      vertex 100 64 0
      vertex 93.5706 62.6506 0
      vertex 99.9487 64.7831 0
    endloop
  endfacet
  facet normal 0 0 -1
    outer loop
      vertex 93.2021 6.79792 0
      vertex 98.2426 1.75735 0
      vertex 97.6526 1.23987 0
    endloop
  endfacet
  facet normal 0 0 -1
    outer loop
      vertex 93.4722 62.85 0
      vertex 99.9487 64.7831 0
      vertex 93.5706 62.6506 0
    endloop
  endfacet
  facet normal 0 0 -1
    outer loop
      vertex 93.0349 6.6513 0
      vertex 97.6526 1.23987 0
      vertex 97 0.803833 0
    endloop
  endfacet
  facet normal -0 0 -1
    outer loop
      vertex 99.9487 64.7831 0
      vertex 93.4722 62.85 0
      vertex 99.7955 65.5529 0
    endloop
  endfacet
  facet normal 0 0 -1
    outer loop
      vertex 93.0349 6.6513 0
      vertex 97 0.803833 0
      vertex 96.2961 0.456711 0
    endloop
  endfacet
  facet normal -0 0 -1
    outer loop
      vertex 99.7955 65.5529 0
      vertex 93.4722 62.85 0
      vertex 99.5433 66.2961 0
    endloop
  endfacet
  facet normal 0 0 -1
    outer loop
      vertex 92.85 6.52776 0
      vertex 96.2961 0.456711 0
      vertex 95.5529 0.204437 0
    endloop
  endfacet
  facet normal 0 0 -1
    outer loop
      vertex 93.3487 63.0349 0
      vertex 99.5433 66.2961 0
      vertex 93.4722 62.85 0
    endloop
  endfacet
  facet normal 0 0 -1
    outer loop
      vertex 92.85 6.52776 0
      vertex 95.5529 0.204437 0
      vertex 94.7831 0.0513306 0
    endloop
  endfacet
  facet normal -0 0 -1
    outer loop
      vertex 99.5433 66.2961 0
      vertex 93.3487 63.0349 0
      vertex 99.1962 67 0
    endloop
  endfacet
  facet normal 0 0 -1
    outer loop
      vertex 92.6506 6.4294 0
      vertex 94.7831 0.0513306 0
      vertex 94 0 0
    endloop
  endfacet
  facet normal -0 0 -1
    outer loop
      vertex 99.1962 67 0
      vertex 93.3487 63.0349 0
      vertex 98.7601 67.6526 0
    endloop
  endfacet
  facet normal 0 0 -1
    outer loop
      vertex 93.2021 63.2021 0
      vertex 98.7601 67.6526 0
      vertex 93.3487 63.0349 0
    endloop
  endfacet
  facet normal 0 0 -1
    outer loop
      vertex 100 6 0
      vertex 93.6855 7.7781 0
      vertex 93.7 8 0
    endloop
  endfacet
  facet normal 0 0 -1
    outer loop
      vertex 100 6 0
      vertex 93.6421 7.56001 0
      vertex 93.6855 7.7781 0
    endloop
  endfacet
  facet normal 0 0 -1
    outer loop
      vertex 100 6 0
      vertex 93.5706 7.34944 0
      vertex 93.6421 7.56001 0
    endloop
  endfacet
  facet normal 0 0 -1
    outer loop
      vertex 99.9487 5.21684 0
      vertex 93.4722 7.15 0
      vertex 93.5706 7.34944 0
    endloop
  endfacet
  facet normal 0 0 -1
    outer loop
      vertex 99.5433 3.70389 0
      vertex 93.3487 6.96511 0
      vertex 93.4722 7.15 0
    endloop
  endfacet
  facet normal 0 0 -1
    outer loop
      vertex 98.7601 2.34743 0
      vertex 93.2021 6.79792 0
      vertex 93.3487 6.96511 0
    endloop
  endfacet
  facet normal 0 0 -1
    outer loop
      vertex 97.6526 1.23987 0
      vertex 93.0349 6.6513 0
      vertex 93.2021 6.79792 0
    endloop
  endfacet
  facet normal 0 0 -1
    outer loop
      vertex 96.2961 0.456711 0
      vertex 92.85 6.52776 0
      vertex 93.0349 6.6513 0
    endloop
  endfacet
  facet normal 0 0 -1
    outer loop
      vertex 94.7831 0.0513306 0
      vertex 92.6506 6.4294 0
      vertex 92.85 6.52776 0
    endloop
  endfacet
  facet normal 0 0 -1
    outer loop
      vertex 94 0 0
      vertex 92.44 6.35793 0
      vertex 92.6506 6.4294 0
    endloop
  endfacet
  facet normal 0 0 -1
    outer loop
      vertex 94 0 0
      vertex 92.2219 6.31454 0
      vertex 92.44 6.35793 0
    endloop
  endfacet
  facet normal 0 0 -1
    outer loop
      vertex 94 0 0
      vertex 92 6.3 0
      vertex 92.2219 6.31454 0
    endloop
  endfacet
  facet normal 0 0 -1
    outer loop
      vertex 94 0 0
      vertex 91.7781 6.31454 0
      vertex 92 6.3 0
    endloop
  endfacet
  facet normal 0 0 -1
    outer loop
      vertex 94 0 0
      vertex 91.56 6.35793 0
      vertex 91.7781 6.31454 0
    endloop
  endfacet
  facet normal 0 0 -1
    outer loop
      vertex 94 0 0
      vertex 91.3494 6.4294 0
      vertex 91.56 6.35793 0
    endloop
  endfacet
  facet normal 0 0 -1
    outer loop
      vertex 94 0 0
      vertex 91.15 6.52776 0
      vertex 91.3494 6.4294 0
    endloop
  endfacet
  facet normal 0 0 -1
    outer loop
      vertex 94 0 0
      vertex 90.9651 6.6513 0
      vertex 91.15 6.52776 0
    endloop
  endfacet
  facet normal 0 0 -1
    outer loop
      vertex 94 0 0
      vertex 90.7979 6.79792 0
      vertex 90.9651 6.6513 0
    endloop
  endfacet
  facet normal 0 0 -1
    outer loop
      vertex 94 0 0
      vertex 90.6513 6.96511 0
      vertex 90.7979 6.79792 0
    endloop
  endfacet
  facet normal 0 0 -1
    outer loop
      vertex 94 0 0
      vertex 90.5278 7.15 0
      vertex 90.6513 6.96511 0
    endloop
  endfacet
  facet normal 0 0 -1
    outer loop
      vertex 9.47224 7.15 0
      vertex 90.5278 7.15 0
      vertex 94 0 0
    endloop
  endfacet
  facet normal 0 0 -1
    outer loop
      vertex 90.3579 61.56 0
      vertex 9.7 62 0
      vertex 90.3145 61.7781 0
    endloop
  endfacet
  facet normal 0 0 -1
    outer loop
      vertex 90.3145 7.7781 0
      vertex 9.7 8 0
      vertex 90.3 8 0
    endloop
  endfacet
  facet normal 0 0 -1
    outer loop
      vertex 9.68546 7.7781 0
      vertex 90.3145 7.7781 0
      vertex 90.3579 7.56001 0
    endloop
  endfacet
  facet normal 0 0 -1
    outer loop
      vertex 9.64207 7.56001 0
      vertex 90.3579 7.56001 0
      vertex 90.4294 7.34944 0
    endloop
  endfacet
  facet normal 0 0 -1
    outer loop
      vertex 90.5278 7.15 0
      vertex 9.47224 7.15 0
      vertex 90.4294 7.34944 0
    endloop
  endfacet
  facet normal 0 0 -1
    outer loop
      vertex 90.3145 7.7781 0
      vertex 9.68546 7.7781 0
      vertex 9.7 8 0
    endloop
  endfacet
  facet normal 0 0 -1
    outer loop
      vertex 90.3579 7.56001 0
      vertex 9.64207 7.56001 0
      vertex 9.68546 7.7781 0
    endloop
  endfacet
  facet normal 0 0 -1
    outer loop
      vertex 90.4294 7.34944 0
      vertex 9.57059 7.34944 0
      vertex 9.64207 7.56001 0
    endloop
  endfacet
  facet normal -0 0 -1
    outer loop
      vertex 90.4294 7.34944 0
      vertex 9.47224 7.15 0
      vertex 9.57059 7.34944 0
    endloop
  endfacet
  facet normal 0 0 -1
    outer loop
      vertex 6 0 0
      vertex 9.47224 7.15 0
      vertex 94 0 0
    endloop
  endfacet
  facet normal 0 0 -1
    outer loop
      vertex 9.47224 7.15 0
      vertex 6 0 0
      vertex 9.3487 6.96511 0
    endloop
  endfacet
  facet normal 0 0 -1
    outer loop
      vertex 9.3487 6.96511 0
      vertex 6 0 0
      vertex 9.20208 6.79792 0
    endloop
  endfacet
  facet normal 0 0 -1
    outer loop
      vertex 9.20208 6.79792 0
      vertex 6 0 0
      vertex 9.03489 6.6513 0
    endloop
  endfacet
  facet normal 0 0 -1
    outer loop
      vertex 9.03489 6.6513 0
      vertex 6 0 0
      vertex 8.85 6.52776 0
    endloop
  endfacet
  facet normal 0 0 -1
    outer loop
      vertex 8.85 6.52776 0
      vertex 6 0 0
      vertex 8.65056 6.4294 0
    endloop
  endfacet
  facet normal 0 0 -1
    outer loop
      vertex 8.65056 6.4294 0
      vertex 6 0 0
      vertex 8.43999 6.35793 0
    endloop
  endfacet
  facet normal 0 0 -1
    outer loop
      vertex 8.43999 6.35793 0
      vertex 6 0 0
      vertex 8.22189 6.31454 0
    endloop
  endfacet
  facet normal 0 0 -1
    outer loop
      vertex 8.22189 6.31454 0
      vertex 6 0 0
      vertex 8 6.3 0
    endloop
  endfacet
  facet normal 0 0 -1
    outer loop
      vertex 1.23987 2.34743 0
      vertex 6.79792 6.79792 0
      vertex 1.75735 1.75735 0
    endloop
  endfacet
  facet normal 0 0 -1
    outer loop
      vertex 1.75735 1.75735 0
      vertex 6.79792 6.79792 0
      vertex 2.34743 1.23987 0
    endloop
  endfacet
  facet normal -0 0 -1
    outer loop
      vertex 6.96511 6.6513 0
      vertex 2.34743 1.23987 0
      vertex 6.79792 6.79792 0
    endloop
  endfacet
  facet normal 0 0 -1
    outer loop
      vertex 2.34743 1.23987 0
      vertex 6.96511 6.6513 0
      vertex 3 0.803833 0
    endloop
  endfacet
  facet normal 0 0 -1
    outer loop
      vertex 3 0.803833 0
      vertex 6.96511 6.6513 0
      vertex 3.70389 0.456711 0
    endloop
  endfacet
  facet normal -0 0 -1
    outer loop
      vertex 7.15 6.52776 0
      vertex 3.70389 0.456711 0
      vertex 6.96511 6.6513 0
    endloop
  endfacet
  facet normal 0 0 -1
    outer loop
      vertex 3.70389 0.456711 0
      vertex 7.15 6.52776 0
      vertex 4.44708 0.204437 0
    endloop
  endfacet
  facet normal 0 0 -1
    outer loop
      vertex 4.44708 0.204437 0
      vertex 7.15 6.52776 0
      vertex 5.21684 0.0513306 0
    endloop
  endfacet
  facet normal -0 0 -1
    outer loop
      vertex 7.34944 6.4294 0
      vertex 5.21684 0.0513306 0
      vertex 7.15 6.52776 0
    endloop
  endfacet
  facet normal 0 0 -1
    outer loop
      vertex 5.21684 0.0513306 0
      vertex 7.34944 6.4294 0
      vertex 6 0 0
    endloop
  endfacet
  facet normal -0 0 -1
    outer loop
      vertex 7.56001 6.35793 0
      vertex 6 0 0
      vertex 7.34944 6.4294 0
    endloop
  endfacet
  facet normal -0 0 -1
    outer loop
      vertex 7.7781 6.31454 0
      vertex 6 0 0
      vertex 7.56001 6.35793 0
    endloop
  endfacet
  facet normal -0 0 -1
    outer loop
      vertex 8 6.3 0
      vertex 6 0 0
      vertex 7.7781 6.31454 0
    endloop
  endfacet
  facet normal -0 0 -1
    outer loop
      vertex 98.7601 67.6526 0
      vertex 93.2021 63.2021 0
      vertex 98.2426 68.2426 0
    endloop
  endfacet
  facet normal -0 0 -1
    outer loop
      vertex 98.2426 68.2426 0
      vertex 93.2021 63.2021 0
      vertex 97.6526 68.7601 0
    endloop
  endfacet
  facet normal 0 0 -1
    outer loop
      vertex 93.0349 63.3487 0
      vertex 97.6526 68.7601 0
      vertex 93.2021 63.2021 0
    endloop
  endfacet
  facet normal -0 0 -1
    outer loop
      vertex 97.6526 68.7601 0
      vertex 93.0349 63.3487 0
      vertex 97 69.1962 0
    endloop
  endfacet
  facet normal -0 0 -1
    outer loop
      vertex 97 69.1962 0
      vertex 93.0349 63.3487 0
      vertex 96.2961 69.5433 0
    endloop
  endfacet
  facet normal 0 0 -1
    outer loop
      vertex 92.85 63.4722 0
      vertex 96.2961 69.5433 0
      vertex 93.0349 63.3487 0
    endloop
  endfacet
  facet normal -0 0 -1
    outer loop
      vertex 96.2961 69.5433 0
      vertex 92.85 63.4722 0
      vertex 95.5529 69.7955 0
    endloop
  endfacet
  facet normal -0 0 -1
    outer loop
      vertex 95.5529 69.7955 0
      vertex 92.85 63.4722 0
      vertex 94.7831 69.9487 0
    endloop
  endfacet
  facet normal 0 0 -1
    outer loop
      vertex 92.6506 63.5706 0
      vertex 94.7831 69.9487 0
      vertex 92.85 63.4722 0
    endloop
  endfacet
  facet normal -0 0 -1
    outer loop
      vertex 94.7831 69.9487 0
      vertex 92.6506 63.5706 0
      vertex 94 70 0
    endloop
  endfacet
  facet normal 0 0 -1
    outer loop
      vertex 92.44 63.6421 0
      vertex 94 70 0
      vertex 92.6506 63.5706 0
    endloop
  endfacet
  facet normal 0 0 -1
    outer loop
      vertex 92.2219 63.6855 0
      vertex 94 70 0
      vertex 92.44 63.6421 0
    endloop
  endfacet
  facet normal 0 0 -1
    outer loop
      vertex 92 63.7 0
      vertex 94 70 0
      vertex 92.2219 63.6855 0
    endloop
  endfacet
  facet normal 0 0 -1
    outer loop
      vertex 91.7781 63.6855 0
      vertex 94 70 0
      vertex 92 63.7 0
    endloop
  endfacet
  facet normal 0 0 -1
    outer loop
      vertex 91.56 63.6421 0
      vertex 94 70 0
      vertex 91.7781 63.6855 0
    endloop
  endfacet
  facet normal 0 0 -1
    outer loop
      vertex 91.3494 63.5706 0
      vertex 94 70 0
      vertex 91.56 63.6421 0
    endloop
  endfacet
  facet normal 0 0 -1
    outer loop
      vertex 91.15 63.4722 0
      vertex 94 70 0
      vertex 91.3494 63.5706 0
    endloop
  endfacet
  facet normal 0 0 -1
    outer loop
      vertex 90.9651 63.3487 0
      vertex 94 70 0
      vertex 91.15 63.4722 0
    endloop
  endfacet
  facet normal 0 0 -1
    outer loop
      vertex 90.7979 63.2021 0
      vertex 94 70 0
      vertex 90.9651 63.3487 0
    endloop
  endfacet
  facet normal 0 0 -1
    outer loop
      vertex 90.6513 63.0349 0
      vertex 94 70 0
      vertex 90.7979 63.2021 0
    endloop
  endfacet
  facet normal 0 0 -1
    outer loop
      vertex 90.5278 62.85 0
      vertex 94 70 0
      vertex 90.6513 63.0349 0
    endloop
  endfacet
  facet normal 0 0 -1
    outer loop
      vertex 9.47224 62.85 0
      vertex 90.5278 62.85 0
      vertex 90.4294 62.6506 0
    endloop
  endfacet
  facet normal 0 0 -1
    outer loop
      vertex 90.3145 61.7781 0
      vertex 9.7 62 0
      vertex 90.3 62 0
    endloop
  endfacet
  facet normal 0 0 -1
    outer loop
      vertex 90.3 62 0
      vertex 9.7 62 0
      vertex 90.3145 62.2219 0
    endloop
  endfacet
  facet normal 0 0 -1
    outer loop
      vertex 9.68546 62.2219 0
      vertex 90.3145 62.2219 0
      vertex 9.7 62 0
    endloop
  endfacet
  facet normal 0 0 -1
    outer loop
      vertex 90.3145 62.2219 0
      vertex 9.68546 62.2219 0
      vertex 90.3579 62.44 0
    endloop
  endfacet
  facet normal 0 0 -1
    outer loop
      vertex 9.64207 62.44 0
      vertex 90.3579 62.44 0
      vertex 9.68546 62.2219 0
    endloop
  endfacet
  facet normal 0 0 -1
    outer loop
      vertex 90.3579 62.44 0
      vertex 9.64207 62.44 0
      vertex 90.4294 62.6506 0
    endloop
  endfacet
  facet normal 0 0 -1
    outer loop
      vertex 9.57059 62.6506 0
      vertex 90.4294 62.6506 0
      vertex 9.64207 62.44 0
    endloop
  endfacet
  facet normal 0 0 -1
    outer loop
      vertex 9.47224 62.85 0
      vertex 90.4294 62.6506 0
      vertex 9.57059 62.6506 0
    endloop
  endfacet
  facet normal 0 0 -1
    outer loop
      vertex 90.5278 62.85 0
      vertex 9.47224 62.85 0
      vertex 94 70 0
    endloop
  endfacet
  facet normal 0 0 -1
    outer loop
      vertex 6 70 0
      vertex 9.47224 62.85 0
      vertex 9.3487 63.0349 0
    endloop
  endfacet
  facet normal 0 0 -1
    outer loop
      vertex 6 70 0
      vertex 9.3487 63.0349 0
      vertex 9.20208 63.2021 0
    endloop
  endfacet
  facet normal 0 0 -1
    outer loop
      vertex 6 70 0
      vertex 9.20208 63.2021 0
      vertex 9.03489 63.3487 0
    endloop
  endfacet
  facet normal 0 0 -1
    outer loop
      vertex 6 70 0
      vertex 9.03489 63.3487 0
      vertex 8.85 63.4722 0
    endloop
  endfacet
  facet normal 0 0 -1
    outer loop
      vertex 6 70 0
      vertex 8.85 63.4722 0
      vertex 8.65056 63.5706 0
    endloop
  endfacet
  facet normal 0 0 -1
    outer loop
      vertex 6 70 0
      vertex 8.65056 63.5706 0
      vertex 8.43999 63.6421 0
    endloop
  endfacet
  facet normal 0 0 -1
    outer loop
      vertex 6 70 0
      vertex 8.43999 63.6421 0
      vertex 8.22189 63.6855 0
    endloop
  endfacet
  facet normal 0 0 -1
    outer loop
      vertex 6 70 0
      vertex 8.22189 63.6855 0
      vertex 8 63.7 0
    endloop
  endfacet
  facet normal 0 0 -1
    outer loop
      vertex 6 70 0
      vertex 8 63.7 0
      vertex 7.7781 63.6855 0
    endloop
  endfacet
  facet normal 0 0 -1
    outer loop
      vertex 9.47224 62.85 0
      vertex 6 70 0
      vertex 94 70 0
    endloop
  endfacet
  facet normal 0 0 -1
    outer loop
      vertex 7.56001 63.6421 0
      vertex 6 70 0
      vertex 7.7781 63.6855 0
    endloop
  endfacet
  facet normal 0 0 -1
    outer loop
      vertex 7.34944 63.5706 0
      vertex 6 70 0
      vertex 7.56001 63.6421 0
    endloop
  endfacet
  facet normal 0 0 -1
    outer loop
      vertex 5.21684 69.9487 0
      vertex 7.34944 63.5706 0
      vertex 7.15 63.4722 0
    endloop
  endfacet
  facet normal 0 0 -1
    outer loop
      vertex 3.70389 69.5433 0
      vertex 7.15 63.4722 0
      vertex 6.96511 63.3487 0
    endloop
  endfacet
  facet normal 0 0 -1
    outer loop
      vertex 2.34743 68.7601 0
      vertex 6.96511 63.3487 0
      vertex 6.79792 63.2021 0
    endloop
  endfacet
  facet normal 0 0 -1
    outer loop
      vertex 1.23987 67.6526 0
      vertex 6.79792 63.2021 0
      vertex 6.6513 63.0349 0
    endloop
  endfacet
  facet normal 0 0 -1
    outer loop
      vertex 0.456711 66.2961 0
      vertex 6.6513 63.0349 0
      vertex 6.52776 62.85 0
    endloop
  endfacet
  facet normal 0 0 -1
    outer loop
      vertex 0.0513306 64.7831 0
      vertex 6.52776 62.85 0
      vertex 6.4294 62.6506 0
    endloop
  endfacet
  facet normal 0 0 -1
    outer loop
      vertex 0 64 0
      vertex 6.4294 62.6506 0
      vertex 6.35793 62.44 0
    endloop
  endfacet
  facet normal 0 0 -1
    outer loop
      vertex 0 64 0
      vertex 6.35793 62.44 0
      vertex 6.31454 62.2219 0
    endloop
  endfacet
  facet normal 0 0 -1
    outer loop
      vertex 0 64 0
      vertex 6.31454 62.2219 0
      vertex 6.3 62 0
    endloop
  endfacet
  facet normal 0 0 -1
    outer loop
      vertex 6.35793 61.56 0
      vertex 0 64 0
      vertex 6.31454 61.7781 0
    endloop
  endfacet
  facet normal -0 0 -1
    outer loop
      vertex 6.79792 6.79792 0
      vertex 1.23987 2.34743 0
      vertex 6.6513 6.96511 0
    endloop
  endfacet
  facet normal 0 0 -1
    outer loop
      vertex 6.31454 61.7781 0
      vertex 0 64 0
      vertex 6.3 62 0
    endloop
  endfacet
  facet normal 0 0 -1
    outer loop
      vertex 0.803833 3 0
      vertex 6.6513 6.96511 0
      vertex 1.23987 2.34743 0
    endloop
  endfacet
  facet normal 0 0 -1
    outer loop
      vertex 6.4294 62.6506 0
      vertex 0 64 0
      vertex 0.0513306 64.7831 0
    endloop
  endfacet
  facet normal 0 0 -1
    outer loop
      vertex 0.456711 3.70389 0
      vertex 6.6513 6.96511 0
      vertex 0.803833 3 0
    endloop
  endfacet
  facet normal 0 0 -1
    outer loop
      vertex 7.34944 63.5706 0
      vertex 5.21684 69.9487 0
      vertex 6 70 0
    endloop
  endfacet
  facet normal -0 0 -1
    outer loop
      vertex 6.6513 6.96511 0
      vertex 0.456711 3.70389 0
      vertex 6.52776 7.15 0
    endloop
  endfacet
  facet normal 0 0 -1
    outer loop
      vertex 7.15 63.4722 0
      vertex 4.44708 69.7955 0
      vertex 5.21684 69.9487 0
    endloop
  endfacet
  facet normal 0 0 -1
    outer loop
      vertex 0.204437 4.44708 0
      vertex 6.52776 7.15 0
      vertex 0.456711 3.70389 0
    endloop
  endfacet
  facet normal 0 0 -1
    outer loop
      vertex 7.15 63.4722 0
      vertex 3.70389 69.5433 0
      vertex 4.44708 69.7955 0
    endloop
  endfacet
  facet normal 0 0 -1
    outer loop
      vertex 0.0513306 5.21684 0
      vertex 6.52776 7.15 0
      vertex 0.204437 4.44708 0
    endloop
  endfacet
  facet normal 0 0 -1
    outer loop
      vertex 6.96511 63.3487 0
      vertex 3 69.1962 0
      vertex 3.70389 69.5433 0
    endloop
  endfacet
  facet normal -0 0 -1
    outer loop
      vertex 6.52776 7.15 0
      vertex 0.0513306 5.21684 0
      vertex 6.4294 7.34944 0
    endloop
  endfacet
  facet normal 0 0 -1
    outer loop
      vertex 6.96511 63.3487 0
      vertex 2.34743 68.7601 0
      vertex 3 69.1962 0
    endloop
  endfacet
  facet normal 0 0 -1
    outer loop
      vertex 0 6 0
      vertex 6.4294 7.34944 0
      vertex 0.0513306 5.21684 0
    endloop
  endfacet
  facet normal 0 0 -1
    outer loop
      vertex 6.79792 63.2021 0
      vertex 1.75735 68.2426 0
      vertex 2.34743 68.7601 0
    endloop
  endfacet
  facet normal -0 0 -1
    outer loop
      vertex 6.4294 7.34944 0
      vertex 0 6 0
      vertex 6.35793 7.56001 0
    endloop
  endfacet
  facet normal 0 0 -1
    outer loop
      vertex 6.79792 63.2021 0
      vertex 1.23987 67.6526 0
      vertex 1.75735 68.2426 0
    endloop
  endfacet
  facet normal -0 0 -1
    outer loop
      vertex 6.35793 7.56001 0
      vertex 0 6 0
      vertex 6.31454 7.7781 0
    endloop
  endfacet
  facet normal 0 0 -1
    outer loop
      vertex 6.6513 63.0349 0
      vertex 0.803833 67 0
      vertex 1.23987 67.6526 0
    endloop
  endfacet
  facet normal -0 0 -1
    outer loop
      vertex 6.31454 7.7781 0
      vertex 0 6 0
      vertex 6.3 8 0
    endloop
  endfacet
  facet normal 0 0 -1
    outer loop
      vertex 6.6513 63.0349 0
      vertex 0.456711 66.2961 0
      vertex 0.803833 67 0
    endloop
  endfacet
  facet normal 0 0 -1
    outer loop
      vertex 6.52776 62.85 0
      vertex 0.204437 65.5529 0
      vertex 0.456711 66.2961 0
    endloop
  endfacet
  facet normal 0 0 -1
    outer loop
      vertex 6.52776 62.85 0
      vertex 0.0513306 64.7831 0
      vertex 0.204437 65.5529 0
    endloop
  endfacet
  facet normal 1 0 0
    outer loop
      vertex 100 34 12
      vertex 100 6 12
      vertex 100 34 2
    endloop
  endfacet
  facet normal 1 0 0
    outer loop
      vertex 100 42 2
      vertex 100 64 12
      vertex 100 42 12
    endloop
  endfacet
  facet normal 1 0 0
    outer loop
      vertex 100 64 12
      vertex 100 42 2
      vertex 100 64 0
    endloop
  endfacet
  facet normal 1 -0 0
    outer loop
      vertex 100 34 2
      vertex 100 64 0
      vertex 100 42 2
    endloop
  endfacet
  facet normal 1 0 0
    outer loop
      vertex 100 34 2
      vertex 100 6 0
      vertex 100 64 0
    endloop
  endfacet
  facet normal 1 0 0
    outer loop
      vertex 100 6 0
      vertex 100 34 2
      vertex 100 6 12
    endloop
  endfacet
  facet normal 0.0654076 -0.997859 0
    outer loop
      vertex 94 0 0
      vertex 94.7831 0.0513306 12
      vertex 94 0 12
    endloop
  endfacet
  facet normal 0.0654076 -0.997859 0
    outer loop
      vertex 94.7831 0.0513306 12
      vertex 94 0 0
      vertex 94.7831 0.0513306 0
    endloop
  endfacet
  facet normal -0.19508 -0.980787 0
    outer loop
      vertex 4.44708 0.204437 0
      vertex 5.21684 0.0513306 12
      vertex 4.44708 0.204437 12
    endloop
  endfacet
  facet normal -0.19508 -0.980787 -0
    outer loop
      vertex 5.21684 0.0513306 12
      vertex 4.44708 0.204437 0
      vertex 5.21684 0.0513306 0
    endloop
  endfacet
  facet normal -0.980787 -0.19508 0
    outer loop
      vertex 0.204437 4.44708 0
      vertex 0.0513306 5.21684 12
      vertex 0.0513306 5.21684 0
    endloop
  endfacet
  facet normal -0.980787 -0.19508 0
    outer loop
      vertex 0.0513306 5.21684 12
      vertex 0.204437 4.44708 0
      vertex 0.204437 4.44708 12
    endloop
  endfacet
  facet normal 0 0 1
    outer loop
      vertex 100 64 12
      vertex 96.9658 63.5221 12
      vertex 97 63 12
    endloop
  endfacet
  facet normal 0 0 1
    outer loop
      vertex 97.6526 68.7601 12
      vertex 96.8637 64.0353 12
      vertex 96.9658 63.5221 12
    endloop
  endfacet
  facet normal 0 0 1
    outer loop
      vertex 97.6526 68.7601 12
      vertex 96.6955 64.5307 12
      vertex 96.8637 64.0353 12
    endloop
  endfacet
  facet normal 0 0 1
    outer loop
      vertex 97.6526 68.7601 12
      vertex 96.4641 65 12
      vertex 96.6955 64.5307 12
    endloop
  endfacet
  facet normal 0 0 1
    outer loop
      vertex 95 66.4641 12
      vertex 97 69.1962 12
      vertex 96.2961 69.5433 12
    endloop
  endfacet
  facet normal 0 0 1
    outer loop
      vertex 97.6526 68.7601 12
      vertex 96.1734 65.435 12
      vertex 96.4641 65 12
    endloop
  endfacet
  facet normal 0 0 1
    outer loop
      vertex 97.6526 68.7601 12
      vertex 95.8284 65.8284 12
      vertex 96.1734 65.435 12
    endloop
  endfacet
  facet normal 0 0 1
    outer loop
      vertex 94.5307 66.6955 12
      vertex 96.2961 69.5433 12
      vertex 95.5529 69.7955 12
    endloop
  endfacet
  facet normal 0 0 1
    outer loop
      vertex 97.6526 68.7601 12
      vertex 95.435 66.1734 12
      vertex 95.8284 65.8284 12
    endloop
  endfacet
  facet normal 0 0 1
    outer loop
      vertex 97 69.1962 12
      vertex 95 66.4641 12
      vertex 95.435 66.1734 12
    endloop
  endfacet
  facet normal 0 0 1
    outer loop
      vertex 94.5307 66.6955 12
      vertex 95.5529 69.7955 12
      vertex 94.7831 69.9487 12
    endloop
  endfacet
  facet normal 0 0 1
    outer loop
      vertex 96.2961 69.5433 12
      vertex 94.5307 66.6955 12
      vertex 95 66.4641 12
    endloop
  endfacet
  facet normal 0 0 1
    outer loop
      vertex 94.7831 69.9487 12
      vertex 94.0353 66.8637 12
      vertex 94.5307 66.6955 12
    endloop
  endfacet
  facet normal 0 0 1
    outer loop
      vertex 94 70 12
      vertex 94.0353 66.8637 12
      vertex 94.7831 69.9487 12
    endloop
  endfacet
  facet normal 0 0 1
    outer loop
      vertex 94 70 12
      vertex 93.5221 66.9658 12
      vertex 94.0353 66.8637 12
    endloop
  endfacet
  facet normal 0 0 1
    outer loop
      vertex 94 70 12
      vertex 93 67 12
      vertex 93.5221 66.9658 12
    endloop
  endfacet
  facet normal 0 0 1
    outer loop
      vertex 94 70 12
      vertex 7 67 12
      vertex 93 67 12
    endloop
  endfacet
  facet normal -0 0 1
    outer loop
      vertex 6 70 12
      vertex 7 67 12
      vertex 94 70 12
    endloop
  endfacet
  facet normal 0 0 1
    outer loop
      vertex 6 70 12
      vertex 6.47789 66.9658 12
      vertex 7 67 12
    endloop
  endfacet
  facet normal 0 0 1
    outer loop
      vertex 6 70 12
      vertex 5.96472 66.8637 12
      vertex 6.47789 66.9658 12
    endloop
  endfacet
  facet normal -0 0 1
    outer loop
      vertex 5.21684 69.9487 12
      vertex 5.96472 66.8637 12
      vertex 6 70 12
    endloop
  endfacet
  facet normal 0 0 1
    outer loop
      vertex 5.96472 66.8637 12
      vertex 5.21684 69.9487 12
      vertex 5.46925 66.6955 12
    endloop
  endfacet
  facet normal -0 0 1
    outer loop
      vertex 4.44708 69.7955 12
      vertex 5.46925 66.6955 12
      vertex 5.21684 69.9487 12
    endloop
  endfacet
  facet normal -0 0 1
    outer loop
      vertex 3.70389 69.5433 12
      vertex 5.46925 66.6955 12
      vertex 4.44708 69.7955 12
    endloop
  endfacet
  facet normal 0 0 1
    outer loop
      vertex 5.46925 66.6955 12
      vertex 3.70389 69.5433 12
      vertex 5 66.4641 12
    endloop
  endfacet
  facet normal -0 0 1
    outer loop
      vertex 3 69.1962 12
      vertex 5 66.4641 12
      vertex 3.70389 69.5433 12
    endloop
  endfacet
  facet normal 0 0 1
    outer loop
      vertex 5 66.4641 12
      vertex 3 69.1962 12
      vertex 4.56494 66.1734 12
    endloop
  endfacet
  facet normal -0 0 1
    outer loop
      vertex 2.34743 68.7601 12
      vertex 4.56494 66.1734 12
      vertex 3 69.1962 12
    endloop
  endfacet
  facet normal 0 0 1
    outer loop
      vertex 4.56494 66.1734 12
      vertex 2.34743 68.7601 12
      vertex 4.17157 65.8284 12
    endloop
  endfacet
  facet normal -0 0 1
    outer loop
      vertex 1.75735 68.2426 12
      vertex 4.17157 65.8284 12
      vertex 2.34743 68.7601 12
    endloop
  endfacet
  facet normal -0 0 1
    outer loop
      vertex 1.23987 67.6526 12
      vertex 4.17157 65.8284 12
      vertex 1.75735 68.2426 12
    endloop
  endfacet
  facet normal 0 0 1
    outer loop
      vertex 4.17157 65.8284 12
      vertex 1.23987 67.6526 12
      vertex 3.82658 65.435 12
    endloop
  endfacet
  facet normal -0 0 1
    outer loop
      vertex 0.803833 67 12
      vertex 3.82658 65.435 12
      vertex 1.23987 67.6526 12
    endloop
  endfacet
  facet normal 0 0 1
    outer loop
      vertex 3.82658 65.435 12
      vertex 0.803833 67 12
      vertex 3.53589 65 12
    endloop
  endfacet
  facet normal -0 0 1
    outer loop
      vertex 0.456711 66.2961 12
      vertex 3.53589 65 12
      vertex 0.803833 67 12
    endloop
  endfacet
  facet normal 0 0 1
    outer loop
      vertex 3 63 12
      vertex 0 64 12
      vertex 3 7 12
    endloop
  endfacet
  facet normal 0 0 1
    outer loop
      vertex 3.53589 65 12
      vertex 0.456711 66.2961 12
      vertex 3.30447 64.5307 12
    endloop
  endfacet
  facet normal 0 0 1
    outer loop
      vertex 0 6 12
      vertex 3 7 12
      vertex 0 64 12
    endloop
  endfacet
  facet normal -0 0 1
    outer loop
      vertex 0.204437 65.5529 12
      vertex 3.30447 64.5307 12
      vertex 0.456711 66.2961 12
    endloop
  endfacet
  facet normal 0 -0 1
    outer loop
      vertex 0.0513306 5.21684 12
      vertex 3 7 12
      vertex 0 6 12
    endloop
  endfacet
  facet normal -0 0 1
    outer loop
      vertex 0.0513306 64.7831 12
      vertex 3.30447 64.5307 12
      vertex 0.204437 65.5529 12
    endloop
  endfacet
  facet normal 0 0 1
    outer loop
      vertex 3 7 12
      vertex 2.34743 1.23987 12
      vertex 3 0.803833 12
    endloop
  endfacet
  facet normal 0 0 1
    outer loop
      vertex 3.30447 64.5307 12
      vertex 0.0513306 64.7831 12
      vertex 3.13629 64.0353 12
    endloop
  endfacet
  facet normal 0 0 1
    outer loop
      vertex 3 7 12
      vertex 1.75735 1.75735 12
      vertex 2.34743 1.23987 12
    endloop
  endfacet
  facet normal 0 0 1
    outer loop
      vertex 0 64 12
      vertex 3.13629 64.0353 12
      vertex 0.0513306 64.7831 12
    endloop
  endfacet
  facet normal 0 0 1
    outer loop
      vertex 3 7 12
      vertex 1.23987 2.34743 12
      vertex 1.75735 1.75735 12
    endloop
  endfacet
  facet normal 0 0 1
    outer loop
      vertex 3.13629 64.0353 12
      vertex 0 64 12
      vertex 3.03421 63.5221 12
    endloop
  endfacet
  facet normal 0 0 1
    outer loop
      vertex 3 7 12
      vertex 0.803833 3 12
      vertex 1.23987 2.34743 12
    endloop
  endfacet
  facet normal 0 0 1
    outer loop
      vertex 3.03421 63.5221 12
      vertex 0 64 12
      vertex 3 63 12
    endloop
  endfacet
  facet normal 0 0 1
    outer loop
      vertex 3 7 12
      vertex 0.456711 3.70389 12
      vertex 0.803833 3 12
    endloop
  endfacet
  facet normal 0 0 1
    outer loop
      vertex 3 7 12
      vertex 0.204437 4.44708 12
      vertex 0.456711 3.70389 12
    endloop
  endfacet
  facet normal 0 0 1
    outer loop
      vertex 3 7 12
      vertex 0.0513306 5.21684 12
      vertex 0.204437 4.44708 12
    endloop
  endfacet
  facet normal 0 0 1
    outer loop
      vertex 96.9658 63.5221 12
      vertex 100 64 12
      vertex 99.9487 64.7831 12
    endloop
  endfacet
  facet normal 0 0 1
    outer loop
      vertex 96.9658 63.5221 12
      vertex 99.9487 64.7831 12
      vertex 99.7955 65.5529 12
    endloop
  endfacet
  facet normal 0 0 1
    outer loop
      vertex 96.9658 63.5221 12
      vertex 99.7955 65.5529 12
      vertex 99.5433 66.2961 12
    endloop
  endfacet
  facet normal 0 0 1
    outer loop
      vertex 96.9658 63.5221 12
      vertex 99.5433 66.2961 12
      vertex 99.1962 67 12
    endloop
  endfacet
  facet normal 0 0 1
    outer loop
      vertex 96.9658 63.5221 12
      vertex 99.1962 67 12
      vertex 98.7601 67.6526 12
    endloop
  endfacet
  facet normal 0 0 1
    outer loop
      vertex 96.9658 63.5221 12
      vertex 98.7601 67.6526 12
      vertex 98.2426 68.2426 12
    endloop
  endfacet
  facet normal 0 0 1
    outer loop
      vertex 96.9658 63.5221 12
      vertex 98.2426 68.2426 12
      vertex 97.6526 68.7601 12
    endloop
  endfacet
  facet normal 0 0 1
    outer loop
      vertex 95.435 66.1734 12
      vertex 97.6526 68.7601 12
      vertex 97 69.1962 12
    endloop
  endfacet
  facet normal 0 0 1
    outer loop
      vertex 100 64 12
      vertex 97 63 12
      vertex 100 42 12
    endloop
  endfacet
  facet normal 0 0 1
    outer loop
      vertex 100 42 12
      vertex 97 63 12
      vertex 97 42 12
    endloop
  endfacet
  facet normal -0 0 1
    outer loop
      vertex 97 7 12
      vertex 100 6 12
      vertex 100 34 12
    endloop
  endfacet
  facet normal -0 0 1
    outer loop
      vertex 96.9658 6.47789 12
      vertex 100 6 12
      vertex 97 7 12
    endloop
  endfacet
  facet normal 0 0 1
    outer loop
      vertex 96.8637 5.96472 12
      vertex 100 6 12
      vertex 96.9658 6.47789 12
    endloop
  endfacet
  facet normal 0 0 1
    outer loop
      vertex 100 6 12
      vertex 96.8637 5.96472 12
      vertex 99.9487 5.21684 12
    endloop
  endfacet
  facet normal -0 0 1
    outer loop
      vertex 96.6955 5.46925 12
      vertex 99.9487 5.21684 12
      vertex 96.8637 5.96472 12
    endloop
  endfacet
  facet normal 0 0 1
    outer loop
      vertex 99.9487 5.21684 12
      vertex 96.6955 5.46925 12
      vertex 99.7955 4.44708 12
    endloop
  endfacet
  facet normal 0 0 1
    outer loop
      vertex 99.7955 4.44708 12
      vertex 96.6955 5.46925 12
      vertex 99.5433 3.70389 12
    endloop
  endfacet
  facet normal 0 0 1
    outer loop
      vertex 97 7 12
      vertex 100 34 12
      vertex 97 34 12
    endloop
  endfacet
  facet normal -0 0 1
    outer loop
      vertex 96.4641 5 12
      vertex 99.5433 3.70389 12
      vertex 96.6955 5.46925 12
    endloop
  endfacet
  facet normal 0 0 1
    outer loop
      vertex 99.5433 3.70389 12
      vertex 96.4641 5 12
      vertex 99.1962 3 12
    endloop
  endfacet
  facet normal -0 0 1
    outer loop
      vertex 96.1734 4.56494 12
      vertex 99.1962 3 12
      vertex 96.4641 5 12
    endloop
  endfacet
  facet normal 0 0 1
    outer loop
      vertex 99.1962 3 12
      vertex 96.1734 4.56494 12
      vertex 98.7601 2.34743 12
    endloop
  endfacet
  facet normal -0 0 1
    outer loop
      vertex 95.8284 4.17157 12
      vertex 98.7601 2.34743 12
      vertex 96.1734 4.56494 12
    endloop
  endfacet
  facet normal 0 0 1
    outer loop
      vertex 98.7601 2.34743 12
      vertex 95.8284 4.17157 12
      vertex 98.2426 1.75735 12
    endloop
  endfacet
  facet normal 0 0 1
    outer loop
      vertex 98.2426 1.75735 12
      vertex 95.8284 4.17157 12
      vertex 97.6526 1.23987 12
    endloop
  endfacet
  facet normal -0 0 1
    outer loop
      vertex 95.435 3.82658 12
      vertex 97.6526 1.23987 12
      vertex 95.8284 4.17157 12
    endloop
  endfacet
  facet normal 0 0 1
    outer loop
      vertex 97.6526 1.23987 12
      vertex 95.435 3.82658 12
      vertex 97 0.803833 12
    endloop
  endfacet
  facet normal -0 0 1
    outer loop
      vertex 95 3.53589 12
      vertex 97 0.803833 12
      vertex 95.435 3.82658 12
    endloop
  endfacet
  facet normal 0 0 1
    outer loop
      vertex 97 0.803833 12
      vertex 95 3.53589 12
      vertex 96.2961 0.456711 12
    endloop
  endfacet
  facet normal -0 0 1
    outer loop
      vertex 94.5307 3.30447 12
      vertex 96.2961 0.456711 12
      vertex 95 3.53589 12
    endloop
  endfacet
  facet normal 0 0 1
    outer loop
      vertex 96.2961 0.456711 12
      vertex 94.5307 3.30447 12
      vertex 95.5529 0.204437 12
    endloop
  endfacet
  facet normal 0 0 1
    outer loop
      vertex 95.5529 0.204437 12
      vertex 94.5307 3.30447 12
      vertex 94.7831 0.0513306 12
    endloop
  endfacet
  facet normal -0 0 1
    outer loop
      vertex 94.0353 3.13629 12
      vertex 94.7831 0.0513306 12
      vertex 94.5307 3.30447 12
    endloop
  endfacet
  facet normal 0 0 1
    outer loop
      vertex 94.0353 3.13629 12
      vertex 94 0 12
      vertex 94.7831 0.0513306 12
    endloop
  endfacet
  facet normal -0 0 1
    outer loop
      vertex 93.5221 3.03421 12
      vertex 94 0 12
      vertex 94.0353 3.13629 12
    endloop
  endfacet
  facet normal -0 0 1
    outer loop
      vertex 93 3 12
      vertex 94 0 12
      vertex 93.5221 3.03421 12
    endloop
  endfacet
  facet normal -0 0 1
    outer loop
      vertex 7 3 12
      vertex 94 0 12
      vertex 93 3 12
    endloop
  endfacet
  facet normal 0 0 1
    outer loop
      vertex 7 3 12
      vertex 6 0 12
      vertex 94 0 12
    endloop
  endfacet
  facet normal 0 0 1
    outer loop
      vertex 6.47789 3.03421 12
      vertex 6 0 12
      vertex 7 3 12
    endloop
  endfacet
  facet normal 0 0 1
    outer loop
      vertex 5.96472 3.13629 12
      vertex 6 0 12
      vertex 6.47789 3.03421 12
    endloop
  endfacet
  facet normal 0 0 1
    outer loop
      vertex 5.21684 0.0513306 12
      vertex 5.96472 3.13629 12
      vertex 5.46925 3.30447 12
    endloop
  endfacet
  facet normal 0 0 1
    outer loop
      vertex 5.96472 3.13629 12
      vertex 5.21684 0.0513306 12
      vertex 6 0 12
    endloop
  endfacet
  facet normal 0 0 1
    outer loop
      vertex 3.70389 0.456711 12
      vertex 5.46925 3.30447 12
      vertex 5 3.53589 12
    endloop
  endfacet
  facet normal 0 0 1
    outer loop
      vertex 3 0.803833 12
      vertex 5 3.53589 12
      vertex 4.56494 3.82658 12
    endloop
  endfacet
  facet normal 0 0 1
    outer loop
      vertex 5.46925 3.30447 12
      vertex 4.44708 0.204437 12
      vertex 5.21684 0.0513306 12
    endloop
  endfacet
  facet normal 0 0 1
    outer loop
      vertex 3 0.803833 12
      vertex 4.56494 3.82658 12
      vertex 4.17157 4.17157 12
    endloop
  endfacet
  facet normal 0 0 1
    outer loop
      vertex 3 0.803833 12
      vertex 4.17157 4.17157 12
      vertex 3.82658 4.56494 12
    endloop
  endfacet
  facet normal 0 0 1
    outer loop
      vertex 5.46925 3.30447 12
      vertex 3.70389 0.456711 12
      vertex 4.44708 0.204437 12
    endloop
  endfacet
  facet normal 0 0 1
    outer loop
      vertex 3 0.803833 12
      vertex 3.82658 4.56494 12
      vertex 3.53589 5 12
    endloop
  endfacet
  facet normal 0 0 1
    outer loop
      vertex 3 0.803833 12
      vertex 3.53589 5 12
      vertex 3.30447 5.46925 12
    endloop
  endfacet
  facet normal 0 0 1
    outer loop
      vertex 3 0.803833 12
      vertex 3.30447 5.46925 12
      vertex 3.13629 5.96472 12
    endloop
  endfacet
  facet normal 0 0 1
    outer loop
      vertex 3 0.803833 12
      vertex 3.13629 5.96472 12
      vertex 3.03421 6.47789 12
    endloop
  endfacet
  facet normal 0 0 1
    outer loop
      vertex 5 3.53589 12
      vertex 3 0.803833 12
      vertex 3.70389 0.456711 12
    endloop
  endfacet
  facet normal 0 0 1
    outer loop
      vertex 3 0.803833 12
      vertex 3.03421 6.47789 12
      vertex 3 7 12
    endloop
  endfacet
  facet normal -0.659356 0.751831 0
    outer loop
      vertex 2.34743 68.7601 0
      vertex 1.75735 68.2426 12
      vertex 2.34743 68.7601 12
    endloop
  endfacet
  facet normal -0.659356 0.751831 0
    outer loop
      vertex 1.75735 68.2426 12
      vertex 2.34743 68.7601 0
      vertex 1.75735 68.2426 0
    endloop
  endfacet
  facet normal -0.751799 0.659392 0
    outer loop
      vertex 1.23987 67.6526 0
      vertex 1.75735 68.2426 12
      vertex 1.75735 68.2426 0
    endloop
  endfacet
  facet normal -0.751799 0.659392 0
    outer loop
      vertex 1.75735 68.2426 12
      vertex 1.23987 67.6526 0
      vertex 1.23987 67.6526 12
    endloop
  endfacet
  facet normal 0.946962 0.321345 0
    outer loop
      vertex 99.7955 65.5529 12
      vertex 99.5433 66.2961 0
      vertex 99.5433 66.2961 12
    endloop
  endfacet
  facet normal 0.946962 0.321345 0
    outer loop
      vertex 99.5433 66.2961 0
      vertex 99.7955 65.5529 12
      vertex 99.7955 65.5529 0
    endloop
  endfacet
  facet normal 0.980764 -0.195195 0
    outer loop
      vertex 99.7955 4.44708 12
      vertex 99.9487 5.21684 0
      vertex 99.9487 5.21684 12
    endloop
  endfacet
  facet normal 0.980764 -0.195195 0
    outer loop
      vertex 99.9487 5.21684 0
      vertex 99.7955 4.44708 12
      vertex 99.7955 4.44708 0
    endloop
  endfacet
  facet normal -0.555573 -0.831467 0
    outer loop
      vertex 2.34743 1.23987 0
      vertex 3 0.803833 12
      vertex 2.34743 1.23987 12
    endloop
  endfacet
  facet normal -0.555573 -0.831467 -0
    outer loop
      vertex 3 0.803833 12
      vertex 2.34743 1.23987 0
      vertex 3 0.803833 0
    endloop
  endfacet
  facet normal 0.321345 0.946962 -0
    outer loop
      vertex 96.2961 69.5433 0
      vertex 95.5529 69.7955 12
      vertex 96.2961 69.5433 12
    endloop
  endfacet
  facet normal 0.321345 0.946962 0
    outer loop
      vertex 95.5529 69.7955 12
      vertex 96.2961 69.5433 0
      vertex 95.5529 69.7955 0
    endloop
  endfacet
  facet normal -0.442268 0.896883 0
    outer loop
      vertex 3.70389 69.5433 0
      vertex 3 69.1962 12
      vertex 3.70389 69.5433 12
    endloop
  endfacet
  facet normal -0.442268 0.896883 0
    outer loop
      vertex 3 69.1962 12
      vertex 3.70389 69.5433 0
      vertex 3 69.1962 0
    endloop
  endfacet
  facet normal -0.195195 0.980764 0
    outer loop
      vertex 5.21684 69.9487 0
      vertex 4.44708 69.7955 12
      vertex 5.21684 69.9487 12
    endloop
  endfacet
  facet normal -0.195195 0.980764 0
    outer loop
      vertex 4.44708 69.7955 12
      vertex 5.21684 69.9487 0
      vertex 4.44708 69.7955 0
    endloop
  endfacet
  facet normal -0.321349 0.946961 0
    outer loop
      vertex 4.44708 69.7955 0
      vertex 3.70389 69.5433 12
      vertex 4.44708 69.7955 12
    endloop
  endfacet
  facet normal -0.321349 0.946961 0
    outer loop
      vertex 3.70389 69.5433 12
      vertex 4.44708 69.7955 0
      vertex 3.70389 69.5433 0
    endloop
  endfacet
  facet normal -0.555629 0.83143 0
    outer loop
      vertex 3 69.1962 0
      vertex 2.34743 68.7601 12
      vertex 3 69.1962 12
    endloop
  endfacet
  facet normal -0.555629 0.83143 0
    outer loop
      vertex 2.34743 68.7601 12
      vertex 3 69.1962 0
      vertex 2.34743 68.7601 0
    endloop
  endfacet
  facet normal -0.997859 0.0654076 0
    outer loop
      vertex 0 64 0
      vertex 0.0513306 64.7831 12
      vertex 0.0513306 64.7831 0
    endloop
  endfacet
  facet normal -0.997859 0.0654076 0
    outer loop
      vertex 0.0513306 64.7831 12
      vertex 0 64 0
      vertex 0 64 12
    endloop
  endfacet
  facet normal -0.896874 0.442286 0
    outer loop
      vertex 0.456711 66.2961 0
      vertex 0.803833 67 12
      vertex 0.803833 67 0
    endloop
  endfacet
  facet normal -0.896874 0.442286 0
    outer loop
      vertex 0.803833 67 12
      vertex 0.456711 66.2961 0
      vertex 0.456711 66.2961 12
    endloop
  endfacet
  facet normal -0.946933 0.32143 0
    outer loop
      vertex 0.204437 65.5529 0
      vertex 0.456711 66.2961 12
      vertex 0.456711 66.2961 0
    endloop
  endfacet
  facet normal -0.946933 0.32143 0
    outer loop
      vertex 0.456711 66.2961 12
      vertex 0.204437 65.5529 0
      vertex 0.204437 65.5529 12
    endloop
  endfacet
  facet normal -0.831479 0.555556 0
    outer loop
      vertex 0.803833 67 0
      vertex 1.23987 67.6526 12
      vertex 1.23987 67.6526 0
    endloop
  endfacet
  facet normal -0.831479 0.555556 0
    outer loop
      vertex 1.23987 67.6526 12
      vertex 0.803833 67 0
      vertex 0.803833 67 12
    endloop
  endfacet
  facet normal 0.555556 -0.831479 0
    outer loop
      vertex 97 0.803833 0
      vertex 97.6526 1.23987 12
      vertex 97 0.803833 12
    endloop
  endfacet
  facet normal 0.555556 -0.831479 0
    outer loop
      vertex 97.6526 1.23987 12
      vertex 97 0.803833 0
      vertex 97.6526 1.23987 0
    endloop
  endfacet
  facet normal 0.751831 -0.659356 0
    outer loop
      vertex 98.2426 1.75735 12
      vertex 98.7601 2.34743 0
      vertex 98.7601 2.34743 12
    endloop
  endfacet
  facet normal 0.751831 -0.659356 0
    outer loop
      vertex 98.7601 2.34743 0
      vertex 98.2426 1.75735 12
      vertex 98.2426 1.75735 0
    endloop
  endfacet
  facet normal 0.896883 -0.442268 0
    outer loop
      vertex 99.1962 3 12
      vertex 99.5433 3.70389 0
      vertex 99.5433 3.70389 12
    endloop
  endfacet
  facet normal 0.896883 -0.442268 0
    outer loop
      vertex 99.5433 3.70389 0
      vertex 99.1962 3 12
      vertex 99.1962 3 0
    endloop
  endfacet
  facet normal 0.946961 -0.321349 0
    outer loop
      vertex 99.5433 3.70389 12
      vertex 99.7955 4.44708 0
      vertex 99.7955 4.44708 12
    endloop
  endfacet
  facet normal 0.946961 -0.321349 0
    outer loop
      vertex 99.7955 4.44708 0
      vertex 99.5433 3.70389 12
      vertex 99.5433 3.70389 0
    endloop
  endfacet
  facet normal 0.980766 0.195185 0
    outer loop
      vertex 99.9487 64.7831 12
      vertex 99.7955 65.5529 0
      vertex 99.7955 65.5529 12
    endloop
  endfacet
  facet normal 0.980766 0.195185 0
    outer loop
      vertex 99.7955 65.5529 0
      vertex 99.9487 64.7831 12
      vertex 99.9487 64.7831 0
    endloop
  endfacet
  facet normal 0.32143 -0.946933 0
    outer loop
      vertex 95.5529 0.204437 0
      vertex 96.2961 0.456711 12
      vertex 95.5529 0.204437 12
    endloop
  endfacet
  facet normal 0.32143 -0.946933 0
    outer loop
      vertex 96.2961 0.456711 12
      vertex 95.5529 0.204437 0
      vertex 96.2961 0.456711 0
    endloop
  endfacet
  facet normal -0.831467 -0.555573 0
    outer loop
      vertex 1.23987 2.34743 0
      vertex 0.803833 3 12
      vertex 0.803833 3 0
    endloop
  endfacet
  facet normal -0.831467 -0.555573 0
    outer loop
      vertex 0.803833 3 12
      vertex 1.23987 2.34743 0
      vertex 1.23987 2.34743 12
    endloop
  endfacet
  facet normal -0.442291 -0.896872 0
    outer loop
      vertex 3 0.803833 0
      vertex 3.70389 0.456711 12
      vertex 3 0.803833 12
    endloop
  endfacet
  facet normal -0.442291 -0.896872 -0
    outer loop
      vertex 3.70389 0.456711 12
      vertex 3 0.803833 0
      vertex 3.70389 0.456711 0
    endloop
  endfacet
  facet normal 0.831442 0.555611 0
    outer loop
      vertex 99.1962 67 12
      vertex 98.7601 67.6526 0
      vertex 98.7601 67.6526 12
    endloop
  endfacet
  facet normal 0.831442 0.555611 0
    outer loop
      vertex 98.7601 67.6526 0
      vertex 99.1962 67 12
      vertex 99.1962 67 0
    endloop
  endfacet
  facet normal 0.659406 0.751787 -0
    outer loop
      vertex 98.2426 68.2426 0
      vertex 97.6526 68.7601 12
      vertex 98.2426 68.2426 12
    endloop
  endfacet
  facet normal 0.659406 0.751787 0
    outer loop
      vertex 97.6526 68.7601 12
      vertex 98.2426 68.2426 0
      vertex 97.6526 68.7601 0
    endloop
  endfacet
  facet normal 0.442263 0.896885 -0
    outer loop
      vertex 97 69.1962 0
      vertex 96.2961 69.5433 12
      vertex 97 69.1962 12
    endloop
  endfacet
  facet normal 0.442263 0.896885 0
    outer loop
      vertex 96.2961 69.5433 12
      vertex 97 69.1962 0
      vertex 96.2961 69.5433 0
    endloop
  endfacet
  facet normal 0.0653688 0.997861 -0
    outer loop
      vertex 94.7831 69.9487 0
      vertex 94 70 12
      vertex 94.7831 69.9487 12
    endloop
  endfacet
  facet normal 0.0653688 0.997861 0
    outer loop
      vertex 94 70 12
      vertex 94.7831 69.9487 0
      vertex 94 70 0
    endloop
  endfacet
  facet normal 0.195185 0.980766 -0
    outer loop
      vertex 95.5529 69.7955 0
      vertex 94.7831 69.9487 12
      vertex 95.5529 69.7955 12
    endloop
  endfacet
  facet normal 0.195185 0.980766 0
    outer loop
      vertex 94.7831 69.9487 12
      vertex 95.5529 69.7955 0
      vertex 94.7831 69.9487 0
    endloop
  endfacet
  facet normal -0.0653638 0.997862 0
    outer loop
      vertex 6 70 0
      vertex 5.21684 69.9487 12
      vertex 6 70 12
    endloop
  endfacet
  facet normal -0.0653638 0.997862 0
    outer loop
      vertex 5.21684 69.9487 12
      vertex 6 70 0
      vertex 5.21684 69.9487 0
    endloop
  endfacet
  facet normal -0.980789 0.19507 0
    outer loop
      vertex 0.0513306 64.7831 0
      vertex 0.204437 65.5529 12
      vertex 0.204437 65.5529 0
    endloop
  endfacet
  facet normal -0.980789 0.19507 0
    outer loop
      vertex 0.204437 65.5529 12
      vertex 0.0513306 64.7831 0
      vertex 0.0513306 64.7831 12
    endloop
  endfacet
  facet normal 0.659392 -0.751799 0
    outer loop
      vertex 97.6526 1.23987 0
      vertex 98.2426 1.75735 12
      vertex 97.6526 1.23987 12
    endloop
  endfacet
  facet normal 0.659392 -0.751799 0
    outer loop
      vertex 98.2426 1.75735 12
      vertex 97.6526 1.23987 0
      vertex 98.2426 1.75735 0
    endloop
  endfacet
  facet normal 0.83143 -0.555629 0
    outer loop
      vertex 98.7601 2.34743 12
      vertex 99.1962 3 0
      vertex 99.1962 3 12
    endloop
  endfacet
  facet normal 0.83143 -0.555629 0
    outer loop
      vertex 99.1962 3 0
      vertex 98.7601 2.34743 12
      vertex 98.7601 2.34743 0
    endloop
  endfacet
  facet normal 0.997862 -0.0653638 0
    outer loop
      vertex 99.9487 5.21684 12
      vertex 100 6 0
      vertex 100 6 12
    endloop
  endfacet
  facet normal 0.997862 -0.0653638 0
    outer loop
      vertex 100 6 0
      vertex 99.9487 5.21684 12
      vertex 99.9487 5.21684 0
    endloop
  endfacet
  facet normal 0.997861 0.0653688 0
    outer loop
      vertex 100 64 12
      vertex 99.9487 64.7831 0
      vertex 99.9487 64.7831 12
    endloop
  endfacet
  facet normal 0.997861 0.0653688 0
    outer loop
      vertex 99.9487 64.7831 0
      vertex 100 64 12
      vertex 100 64 0
    endloop
  endfacet
  facet normal 0.19507 -0.980789 0
    outer loop
      vertex 94.7831 0.0513306 0
      vertex 95.5529 0.204437 12
      vertex 94.7831 0.0513306 12
    endloop
  endfacet
  facet normal 0.19507 -0.980789 0
    outer loop
      vertex 95.5529 0.204437 12
      vertex 94.7831 0.0513306 0
      vertex 95.5529 0.204437 0
    endloop
  endfacet
  facet normal 0.442286 -0.896874 0
    outer loop
      vertex 96.2961 0.456711 0
      vertex 97 0.803833 12
      vertex 96.2961 0.456711 12
    endloop
  endfacet
  facet normal 0.442286 -0.896874 0
    outer loop
      vertex 97 0.803833 12
      vertex 96.2961 0.456711 0
      vertex 97 0.803833 0
    endloop
  endfacet
  facet normal -0.0654026 -0.997859 0
    outer loop
      vertex 5.21684 0.0513306 0
      vertex 6 0 12
      vertex 5.21684 0.0513306 12
    endloop
  endfacet
  facet normal -0.0654026 -0.997859 -0
    outer loop
      vertex 6 0 12
      vertex 5.21684 0.0513306 0
      vertex 6 0 0
    endloop
  endfacet
  facet normal -0.321434 -0.946932 0
    outer loop
      vertex 3.70389 0.456711 0
      vertex 4.44708 0.204437 12
      vertex 3.70389 0.456711 12
    endloop
  endfacet
  facet normal -0.321434 -0.946932 -0
    outer loop
      vertex 4.44708 0.204437 12
      vertex 3.70389 0.456711 0
      vertex 4.44708 0.204437 0
    endloop
  endfacet
  facet normal 0.751787 0.659406 0
    outer loop
      vertex 98.7601 67.6526 12
      vertex 98.2426 68.2426 0
      vertex 98.2426 68.2426 12
    endloop
  endfacet
  facet normal 0.751787 0.659406 0
    outer loop
      vertex 98.2426 68.2426 0
      vertex 98.7601 67.6526 12
      vertex 98.7601 67.6526 0
    endloop
  endfacet
  facet normal -0.659341 -0.751844 0
    outer loop
      vertex 1.75735 1.75735 0
      vertex 2.34743 1.23987 12
      vertex 1.75735 1.75735 12
    endloop
  endfacet
  facet normal -0.659341 -0.751844 -0
    outer loop
      vertex 2.34743 1.23987 12
      vertex 1.75735 1.75735 0
      vertex 2.34743 1.23987 0
    endloop
  endfacet
  facet normal -0.751844 -0.659341 0
    outer loop
      vertex 1.75735 1.75735 0
      vertex 1.23987 2.34743 12
      vertex 1.23987 2.34743 0
    endloop
  endfacet
  facet normal -0.751844 -0.659341 0
    outer loop
      vertex 1.23987 2.34743 12
      vertex 1.75735 1.75735 0
      vertex 1.75735 1.75735 12
    endloop
  endfacet
  facet normal 0.896885 0.442263 0
    outer loop
      vertex 99.5433 66.2961 12
      vertex 99.1962 67 0
      vertex 99.1962 67 12
    endloop
  endfacet
  facet normal 0.896885 0.442263 0
    outer loop
      vertex 99.1962 67 0
      vertex 99.5433 66.2961 12
      vertex 99.5433 66.2961 0
    endloop
  endfacet
  facet normal 0 0 1
    outer loop
      vertex 90.4294 61.3494 2
      vertex 9.57059 61.3494 2
      vertex 90.5278 61.15 2
    endloop
  endfacet
  facet normal 0 0 1
    outer loop
      vertex 97 34 2
      vertex 9.68546 8.22189 2
      vertex 9.7 8 2
    endloop
  endfacet
  facet normal 0 0 1
    outer loop
      vertex 9.47224 61.15 2
      vertex 90.5278 61.15 2
      vertex 9.57059 61.3494 2
    endloop
  endfacet
  facet normal 0 0 1
    outer loop
      vertex 97 34 2
      vertex 9.64207 8.43999 2
      vertex 9.68546 8.22189 2
    endloop
  endfacet
  facet normal 0 0 1
    outer loop
      vertex 90.5278 61.15 2
      vertex 9.47224 61.15 2
      vertex 97 34 2
    endloop
  endfacet
  facet normal 0 0 1
    outer loop
      vertex 97 34 2
      vertex 9.57059 8.65056 2
      vertex 9.64207 8.43999 2
    endloop
  endfacet
  facet normal 0 0 1
    outer loop
      vertex 9.47224 8.85 2
      vertex 97 34 2
      vertex 9.47224 61.15 2
    endloop
  endfacet
  facet normal 0 0 1
    outer loop
      vertex 97 34 2
      vertex 9.47224 8.85 2
      vertex 9.57059 8.65056 2
    endloop
  endfacet
  facet normal -0 0 1
    outer loop
      vertex 9.3487 60.9651 2
      vertex 9.47224 8.85 2
      vertex 9.47224 61.15 2
    endloop
  endfacet
  facet normal 0 0 1
    outer loop
      vertex 9.3487 60.9651 2
      vertex 9.3487 9.03489 2
      vertex 9.47224 8.85 2
    endloop
  endfacet
  facet normal -0 0 1
    outer loop
      vertex 9.20208 60.7979 2
      vertex 9.3487 9.03489 2
      vertex 9.3487 60.9651 2
    endloop
  endfacet
  facet normal 0 0 1
    outer loop
      vertex 9.20208 60.7979 2
      vertex 9.20208 9.20208 2
      vertex 9.3487 9.03489 2
    endloop
  endfacet
  facet normal -0 0 1
    outer loop
      vertex 9.03489 60.6513 2
      vertex 9.20208 9.20208 2
      vertex 9.20208 60.7979 2
    endloop
  endfacet
  facet normal 0 0 1
    outer loop
      vertex 9.03489 60.6513 2
      vertex 9.03489 9.3487 2
      vertex 9.20208 9.20208 2
    endloop
  endfacet
  facet normal -0 0 1
    outer loop
      vertex 8.85 60.5278 2
      vertex 9.03489 9.3487 2
      vertex 9.03489 60.6513 2
    endloop
  endfacet
  facet normal 0 0 1
    outer loop
      vertex 8.85 60.5278 2
      vertex 8.85 9.47224 2
      vertex 9.03489 9.3487 2
    endloop
  endfacet
  facet normal -0 0 1
    outer loop
      vertex 8.65056 60.4294 2
      vertex 8.85 9.47224 2
      vertex 8.85 60.5278 2
    endloop
  endfacet
  facet normal 0 0 1
    outer loop
      vertex 8.65056 60.4294 2
      vertex 8.65056 9.57059 2
      vertex 8.85 9.47224 2
    endloop
  endfacet
  facet normal -0 0 1
    outer loop
      vertex 8.43999 60.3579 2
      vertex 8.65056 9.57059 2
      vertex 8.65056 60.4294 2
    endloop
  endfacet
  facet normal 0 0 1
    outer loop
      vertex 8.43999 60.3579 2
      vertex 8.43999 9.64207 2
      vertex 8.65056 9.57059 2
    endloop
  endfacet
  facet normal -0 0 1
    outer loop
      vertex 8.22189 60.3145 2
      vertex 8.43999 9.64207 2
      vertex 8.43999 60.3579 2
    endloop
  endfacet
  facet normal 0 0 1
    outer loop
      vertex 8.22189 60.3145 2
      vertex 8.22189 9.68546 2
      vertex 8.43999 9.64207 2
    endloop
  endfacet
  facet normal -0 0 1
    outer loop
      vertex 8 60.3 2
      vertex 8.22189 9.68546 2
      vertex 8.22189 60.3145 2
    endloop
  endfacet
  facet normal 0 0 1
    outer loop
      vertex 8 60.3 2
      vertex 8 9.7 2
      vertex 8.22189 9.68546 2
    endloop
  endfacet
  facet normal 0 0 1
    outer loop
      vertex 7.7781 60.3145 2
      vertex 8 9.7 2
      vertex 8 60.3 2
    endloop
  endfacet
  facet normal 0 0 1
    outer loop
      vertex 7.7781 60.3145 2
      vertex 7.7781 9.68546 2
      vertex 8 9.7 2
    endloop
  endfacet
  facet normal 0 0 1
    outer loop
      vertex 7.56001 60.3579 2
      vertex 7.7781 9.68546 2
      vertex 7.7781 60.3145 2
    endloop
  endfacet
  facet normal 0 0 1
    outer loop
      vertex 7.56001 60.3579 2
      vertex 7.56001 9.64207 2
      vertex 7.7781 9.68546 2
    endloop
  endfacet
  facet normal 0 0 1
    outer loop
      vertex 7.34944 60.4294 2
      vertex 7.56001 9.64207 2
      vertex 7.56001 60.3579 2
    endloop
  endfacet
  facet normal 0 0 1
    outer loop
      vertex 7.34944 60.4294 2
      vertex 7.34944 9.57059 2
      vertex 7.56001 9.64207 2
    endloop
  endfacet
  facet normal 0 0 1
    outer loop
      vertex 7.15 60.5278 2
      vertex 7.34944 9.57059 2
      vertex 7.34944 60.4294 2
    endloop
  endfacet
  facet normal 0 0 1
    outer loop
      vertex 7.15 60.5278 2
      vertex 7.15 9.47224 2
      vertex 7.34944 9.57059 2
    endloop
  endfacet
  facet normal 0 0 1
    outer loop
      vertex 6.96511 60.6513 2
      vertex 7.15 9.47224 2
      vertex 7.15 60.5278 2
    endloop
  endfacet
  facet normal 0 0 1
    outer loop
      vertex 6.96511 60.6513 2
      vertex 6.96511 9.3487 2
      vertex 7.15 9.47224 2
    endloop
  endfacet
  facet normal 0 0 1
    outer loop
      vertex 3 63 2
      vertex 6.96511 60.6513 2
      vertex 6.79792 60.7979 2
    endloop
  endfacet
  facet normal 0 0 1
    outer loop
      vertex 6.96511 60.6513 2
      vertex 3 63 2
      vertex 6.96511 9.3487 2
    endloop
  endfacet
  facet normal 0 0 1
    outer loop
      vertex 3 63 2
      vertex 6.79792 60.7979 2
      vertex 6.6513 60.9651 2
    endloop
  endfacet
  facet normal 0 0 1
    outer loop
      vertex 3 7 2
      vertex 6.96511 9.3487 2
      vertex 3 63 2
    endloop
  endfacet
  facet normal 0 0 1
    outer loop
      vertex 3 63 2
      vertex 6.6513 60.9651 2
      vertex 6.52776 61.15 2
    endloop
  endfacet
  facet normal 0 0 1
    outer loop
      vertex 6.96511 9.3487 2
      vertex 3 7 2
      vertex 6.79792 9.20208 2
    endloop
  endfacet
  facet normal 0 0 1
    outer loop
      vertex 3 63 2
      vertex 6.52776 61.15 2
      vertex 6.4294 61.3494 2
    endloop
  endfacet
  facet normal 0 0 1
    outer loop
      vertex 6.79792 9.20208 2
      vertex 3 7 2
      vertex 6.6513 9.03489 2
    endloop
  endfacet
  facet normal 0 0 1
    outer loop
      vertex 3 63 2
      vertex 6.4294 61.3494 2
      vertex 6.35793 61.56 2
    endloop
  endfacet
  facet normal 0 0 1
    outer loop
      vertex 6.6513 9.03489 2
      vertex 3 7 2
      vertex 6.52776 8.85 2
    endloop
  endfacet
  facet normal 0 0 1
    outer loop
      vertex 3 63 2
      vertex 6.35793 61.56 2
      vertex 6.31454 61.7781 2
    endloop
  endfacet
  facet normal 0 0 1
    outer loop
      vertex 6.52776 8.85 2
      vertex 3 7 2
      vertex 6.4294 8.65056 2
    endloop
  endfacet
  facet normal 0 0 1
    outer loop
      vertex 3 63 2
      vertex 6.31454 61.7781 2
      vertex 6.3 62 2
    endloop
  endfacet
  facet normal 0 0 1
    outer loop
      vertex 6.4294 8.65056 2
      vertex 3 7 2
      vertex 6.35793 8.43999 2
    endloop
  endfacet
  facet normal 0 0 1
    outer loop
      vertex 93.4722 61.15 2
      vertex 97 63 2
      vertex 93.5706 61.3494 2
    endloop
  endfacet
  facet normal 0 0 1
    outer loop
      vertex 97 34 2
      vertex 93.6855 8.22189 2
      vertex 93.7 8 2
    endloop
  endfacet
  facet normal 0 0 1
    outer loop
      vertex 93.3487 60.9651 2
      vertex 97 63 2
      vertex 93.4722 61.15 2
    endloop
  endfacet
  facet normal 0 0 1
    outer loop
      vertex 97 34 2
      vertex 93.6421 8.43999 2
      vertex 93.6855 8.22189 2
    endloop
  endfacet
  facet normal 0 0 1
    outer loop
      vertex 93.2021 60.7979 2
      vertex 97 63 2
      vertex 93.3487 60.9651 2
    endloop
  endfacet
  facet normal 0 0 1
    outer loop
      vertex 97 34 2
      vertex 93.5706 8.65056 2
      vertex 93.6421 8.43999 2
    endloop
  endfacet
  facet normal 0 0 1
    outer loop
      vertex 97 63 2
      vertex 93.2021 60.7979 2
      vertex 97 42 2
    endloop
  endfacet
  facet normal 0 0 1
    outer loop
      vertex 97 34 2
      vertex 93.4722 8.85 2
      vertex 93.5706 8.65056 2
    endloop
  endfacet
  facet normal -0 0 1
    outer loop
      vertex 93.0349 60.6513 2
      vertex 97 42 2
      vertex 93.2021 60.7979 2
    endloop
  endfacet
  facet normal 0 0 1
    outer loop
      vertex 97 34 2
      vertex 93.3487 9.03489 2
      vertex 93.4722 8.85 2
    endloop
  endfacet
  facet normal -0 0 1
    outer loop
      vertex 92.85 60.5278 2
      vertex 97 42 2
      vertex 93.0349 60.6513 2
    endloop
  endfacet
  facet normal 0 0 1
    outer loop
      vertex 97 34 2
      vertex 93.2021 9.20208 2
      vertex 93.3487 9.03489 2
    endloop
  endfacet
  facet normal -0 0 1
    outer loop
      vertex 92.6506 60.4294 2
      vertex 97 42 2
      vertex 92.85 60.5278 2
    endloop
  endfacet
  facet normal 0 0 1
    outer loop
      vertex 97 34 2
      vertex 93.0349 9.3487 2
      vertex 93.2021 9.20208 2
    endloop
  endfacet
  facet normal -0 0 1
    outer loop
      vertex 92.44 60.3579 2
      vertex 97 42 2
      vertex 92.6506 60.4294 2
    endloop
  endfacet
  facet normal 0 0 1
    outer loop
      vertex 97 34 2
      vertex 92.85 9.47224 2
      vertex 93.0349 9.3487 2
    endloop
  endfacet
  facet normal -0 0 1
    outer loop
      vertex 92.2219 60.3145 2
      vertex 97 42 2
      vertex 92.44 60.3579 2
    endloop
  endfacet
  facet normal 0 0 1
    outer loop
      vertex 97 34 2
      vertex 92.6506 9.57059 2
      vertex 92.85 9.47224 2
    endloop
  endfacet
  facet normal -0 0 1
    outer loop
      vertex 92 60.3 2
      vertex 97 42 2
      vertex 92.2219 60.3145 2
    endloop
  endfacet
  facet normal 0 0 1
    outer loop
      vertex 97 34 2
      vertex 92.44 9.64207 2
      vertex 92.6506 9.57059 2
    endloop
  endfacet
  facet normal 0 0 1
    outer loop
      vertex 91.7781 60.3145 2
      vertex 97 42 2
      vertex 92 60.3 2
    endloop
  endfacet
  facet normal 0 0 1
    outer loop
      vertex 97 34 2
      vertex 92.2219 9.68546 2
      vertex 92.44 9.64207 2
    endloop
  endfacet
  facet normal 0 0 1
    outer loop
      vertex 91.56 60.3579 2
      vertex 97 42 2
      vertex 91.7781 60.3145 2
    endloop
  endfacet
  facet normal 0 0 1
    outer loop
      vertex 97 34 2
      vertex 92 9.7 2
      vertex 92.2219 9.68546 2
    endloop
  endfacet
  facet normal 0 0 1
    outer loop
      vertex 91.3494 60.4294 2
      vertex 97 42 2
      vertex 91.56 60.3579 2
    endloop
  endfacet
  facet normal 0 0 1
    outer loop
      vertex 97 34 2
      vertex 91.7781 9.68546 2
      vertex 92 9.7 2
    endloop
  endfacet
  facet normal 0 0 1
    outer loop
      vertex 91.15 60.5278 2
      vertex 97 42 2
      vertex 91.3494 60.4294 2
    endloop
  endfacet
  facet normal 0 0 1
    outer loop
      vertex 97 34 2
      vertex 91.56 9.64207 2
      vertex 91.7781 9.68546 2
    endloop
  endfacet
  facet normal 0 0 1
    outer loop
      vertex 90.9651 60.6513 2
      vertex 97 42 2
      vertex 91.15 60.5278 2
    endloop
  endfacet
  facet normal 0 0 1
    outer loop
      vertex 97 34 2
      vertex 91.3494 9.57059 2
      vertex 91.56 9.64207 2
    endloop
  endfacet
  facet normal 0 0 1
    outer loop
      vertex 90.7979 60.7979 2
      vertex 97 42 2
      vertex 90.9651 60.6513 2
    endloop
  endfacet
  facet normal 0 0 1
    outer loop
      vertex 97 34 2
      vertex 91.15 9.47224 2
      vertex 91.3494 9.57059 2
    endloop
  endfacet
  facet normal 0 0 1
    outer loop
      vertex 90.6513 60.9651 2
      vertex 97 42 2
      vertex 90.7979 60.7979 2
    endloop
  endfacet
  facet normal 0 0 1
    outer loop
      vertex 97 34 2
      vertex 90.9651 9.3487 2
      vertex 91.15 9.47224 2
    endloop
  endfacet
  facet normal 0 0 1
    outer loop
      vertex 90.5278 61.15 2
      vertex 97 42 2
      vertex 90.6513 60.9651 2
    endloop
  endfacet
  facet normal 0 0 1
    outer loop
      vertex 97 34 2
      vertex 90.7979 9.20208 2
      vertex 90.9651 9.3487 2
    endloop
  endfacet
  facet normal 0 0 1
    outer loop
      vertex 97 42 2
      vertex 90.5278 61.15 2
      vertex 97 34 2
    endloop
  endfacet
  facet normal 0 0 1
    outer loop
      vertex 97 34 2
      vertex 90.6513 9.03489 2
      vertex 90.7979 9.20208 2
    endloop
  endfacet
  facet normal 0 0 1
    outer loop
      vertex 90.3579 61.56 2
      vertex 9.64207 61.56 2
      vertex 90.4294 61.3494 2
    endloop
  endfacet
  facet normal 0 0 1
    outer loop
      vertex 97 34 2
      vertex 90.5278 8.85 2
      vertex 90.6513 9.03489 2
    endloop
  endfacet
  facet normal 0 0 1
    outer loop
      vertex 9.64207 61.56 2
      vertex 90.3579 61.56 2
      vertex 9.68546 61.7781 2
    endloop
  endfacet
  facet normal 0 0 1
    outer loop
      vertex 9.57059 61.3494 2
      vertex 90.4294 61.3494 2
      vertex 9.64207 61.56 2
    endloop
  endfacet
  facet normal 0 0 1
    outer loop
      vertex 90.3145 61.7781 2
      vertex 9.68546 61.7781 2
      vertex 90.3579 61.56 2
    endloop
  endfacet
  facet normal 0 0 1
    outer loop
      vertex 97 34 2
      vertex 9.7 8 2
      vertex 90.5278 8.85 2
    endloop
  endfacet
  facet normal 0 0 1
    outer loop
      vertex 9.68546 61.7781 2
      vertex 90.3145 61.7781 2
      vertex 9.7 62 2
    endloop
  endfacet
  facet normal 0 0 1
    outer loop
      vertex 90.5278 8.85 2
      vertex 9.7 8 2
      vertex 90.4294 8.65056 2
    endloop
  endfacet
  facet normal -0 0 1
    outer loop
      vertex 9.7 62 2
      vertex 90.3145 61.7781 2
      vertex 90.3 62 2
    endloop
  endfacet
  facet normal 0 0 1
    outer loop
      vertex 90.4294 8.65056 2
      vertex 9.7 8 2
      vertex 90.3579 8.43999 2
    endloop
  endfacet
  facet normal 0 0 1
    outer loop
      vertex 93.6855 61.7781 2
      vertex 97 63 2
      vertex 93.7 62 2
    endloop
  endfacet
  facet normal 0 0 1
    outer loop
      vertex 93.6421 61.56 2
      vertex 97 63 2
      vertex 93.6855 61.7781 2
    endloop
  endfacet
  facet normal 0 0 1
    outer loop
      vertex 93.5706 62.6506 2
      vertex 97 63 2
      vertex 96.9658 63.5221 2
    endloop
  endfacet
  facet normal 0 0 1
    outer loop
      vertex 93.5706 61.3494 2
      vertex 97 63 2
      vertex 93.6421 61.56 2
    endloop
  endfacet
  facet normal 0 0 1
    outer loop
      vertex 93.5706 62.6506 2
      vertex 96.9658 63.5221 2
      vertex 96.8637 64.0353 2
    endloop
  endfacet
  facet normal 0 0 1
    outer loop
      vertex 97 34 2
      vertex 93.7 8 2
      vertex 97 7 2
    endloop
  endfacet
  facet normal 0 0 1
    outer loop
      vertex 93.4722 62.85 2
      vertex 96.8637 64.0353 2
      vertex 96.6955 64.5307 2
    endloop
  endfacet
  facet normal -0 0 1
    outer loop
      vertex 93.6855 7.7781 2
      vertex 97 7 2
      vertex 93.7 8 2
    endloop
  endfacet
  facet normal 0 0 1
    outer loop
      vertex 93.4722 62.85 2
      vertex 96.6955 64.5307 2
      vertex 96.4641 65 2
    endloop
  endfacet
  facet normal -0 0 1
    outer loop
      vertex 93.6421 7.56001 2
      vertex 97 7 2
      vertex 93.6855 7.7781 2
    endloop
  endfacet
  facet normal 0 0 1
    outer loop
      vertex 93.3487 63.0349 2
      vertex 96.4641 65 2
      vertex 96.1734 65.435 2
    endloop
  endfacet
  facet normal -0 0 1
    outer loop
      vertex 93.5706 7.34944 2
      vertex 97 7 2
      vertex 93.6421 7.56001 2
    endloop
  endfacet
  facet normal 0 0 1
    outer loop
      vertex 93.2021 63.2021 2
      vertex 96.1734 65.435 2
      vertex 95.8284 65.8284 2
    endloop
  endfacet
  facet normal 0 0 1
    outer loop
      vertex 97 7 2
      vertex 93.5706 7.34944 2
      vertex 96.9658 6.47789 2
    endloop
  endfacet
  facet normal 0 0 1
    outer loop
      vertex 93.2021 63.2021 2
      vertex 95.8284 65.8284 2
      vertex 95.435 66.1734 2
    endloop
  endfacet
  facet normal 0 0 1
    outer loop
      vertex 96.9658 6.47789 2
      vertex 93.5706 7.34944 2
      vertex 96.8637 5.96472 2
    endloop
  endfacet
  facet normal 0 0 1
    outer loop
      vertex 93.0349 63.3487 2
      vertex 95.435 66.1734 2
      vertex 95 66.4641 2
    endloop
  endfacet
  facet normal -0 0 1
    outer loop
      vertex 93.4722 7.15 2
      vertex 96.8637 5.96472 2
      vertex 93.5706 7.34944 2
    endloop
  endfacet
  facet normal 0 0 1
    outer loop
      vertex 93.0349 63.3487 2
      vertex 95 66.4641 2
      vertex 94.5307 66.6955 2
    endloop
  endfacet
  facet normal 0 0 1
    outer loop
      vertex 96.8637 5.96472 2
      vertex 93.4722 7.15 2
      vertex 96.6955 5.46925 2
    endloop
  endfacet
  facet normal 0 0 1
    outer loop
      vertex 92.85 63.4722 2
      vertex 94.5307 66.6955 2
      vertex 94.0353 66.8637 2
    endloop
  endfacet
  facet normal 0 0 1
    outer loop
      vertex 96.6955 5.46925 2
      vertex 93.4722 7.15 2
      vertex 96.4641 5 2
    endloop
  endfacet
  facet normal -0 0 1
    outer loop
      vertex 93.3487 6.96511 2
      vertex 96.4641 5 2
      vertex 93.4722 7.15 2
    endloop
  endfacet
  facet normal 0 0 1
    outer loop
      vertex 97 63 2
      vertex 93.6855 62.2219 2
      vertex 93.7 62 2
    endloop
  endfacet
  facet normal 0 0 1
    outer loop
      vertex 97 63 2
      vertex 93.6421 62.44 2
      vertex 93.6855 62.2219 2
    endloop
  endfacet
  facet normal 0 0 1
    outer loop
      vertex 97 63 2
      vertex 93.5706 62.6506 2
      vertex 93.6421 62.44 2
    endloop
  endfacet
  facet normal 0 0 1
    outer loop
      vertex 92.6506 63.5706 2
      vertex 94.0353 66.8637 2
      vertex 93.5221 66.9658 2
    endloop
  endfacet
  facet normal 0 0 1
    outer loop
      vertex 96.8637 64.0353 2
      vertex 93.4722 62.85 2
      vertex 93.5706 62.6506 2
    endloop
  endfacet
  facet normal 0 0 1
    outer loop
      vertex 96.4641 65 2
      vertex 93.3487 63.0349 2
      vertex 93.4722 62.85 2
    endloop
  endfacet
  facet normal 0 0 1
    outer loop
      vertex 96.1734 65.435 2
      vertex 93.2021 63.2021 2
      vertex 93.3487 63.0349 2
    endloop
  endfacet
  facet normal 0 0 1
    outer loop
      vertex 95.435 66.1734 2
      vertex 93.0349 63.3487 2
      vertex 93.2021 63.2021 2
    endloop
  endfacet
  facet normal 0 0 1
    outer loop
      vertex 92.6506 63.5706 2
      vertex 93.5221 66.9658 2
      vertex 93 67 2
    endloop
  endfacet
  facet normal 0 0 1
    outer loop
      vertex 94.5307 66.6955 2
      vertex 92.85 63.4722 2
      vertex 93.0349 63.3487 2
    endloop
  endfacet
  facet normal 0 0 1
    outer loop
      vertex 94.0353 66.8637 2
      vertex 92.6506 63.5706 2
      vertex 92.85 63.4722 2
    endloop
  endfacet
  facet normal 0 0 1
    outer loop
      vertex 93 67 2
      vertex 92.44 63.6421 2
      vertex 92.6506 63.5706 2
    endloop
  endfacet
  facet normal 0 0 1
    outer loop
      vertex 93 67 2
      vertex 92.2219 63.6855 2
      vertex 92.44 63.6421 2
    endloop
  endfacet
  facet normal 0 0 1
    outer loop
      vertex 93 67 2
      vertex 92 63.7 2
      vertex 92.2219 63.6855 2
    endloop
  endfacet
  facet normal 0 0 1
    outer loop
      vertex 93 67 2
      vertex 91.7781 63.6855 2
      vertex 92 63.7 2
    endloop
  endfacet
  facet normal 0 0 1
    outer loop
      vertex 93 67 2
      vertex 91.56 63.6421 2
      vertex 91.7781 63.6855 2
    endloop
  endfacet
  facet normal 0 0 1
    outer loop
      vertex 93 67 2
      vertex 91.3494 63.5706 2
      vertex 91.56 63.6421 2
    endloop
  endfacet
  facet normal 0 0 1
    outer loop
      vertex 93 67 2
      vertex 91.15 63.4722 2
      vertex 91.3494 63.5706 2
    endloop
  endfacet
  facet normal 0 0 1
    outer loop
      vertex 93 67 2
      vertex 90.9651 63.3487 2
      vertex 91.15 63.4722 2
    endloop
  endfacet
  facet normal 0 0 1
    outer loop
      vertex 93 67 2
      vertex 90.7979 63.2021 2
      vertex 90.9651 63.3487 2
    endloop
  endfacet
  facet normal 0 0 1
    outer loop
      vertex 93 67 2
      vertex 90.6513 63.0349 2
      vertex 90.7979 63.2021 2
    endloop
  endfacet
  facet normal 0 0 1
    outer loop
      vertex 93 67 2
      vertex 90.5278 62.85 2
      vertex 90.6513 63.0349 2
    endloop
  endfacet
  facet normal 0 0 1
    outer loop
      vertex 90.3579 8.43999 2
      vertex 9.7 8 2
      vertex 90.3145 8.22189 2
    endloop
  endfacet
  facet normal 0 0 1
    outer loop
      vertex 90.3145 62.2219 2
      vertex 9.7 62 2
      vertex 90.3 62 2
    endloop
  endfacet
  facet normal 0 0 1
    outer loop
      vertex 9.68546 62.2219 2
      vertex 90.3145 62.2219 2
      vertex 90.3579 62.44 2
    endloop
  endfacet
  facet normal 0 0 1
    outer loop
      vertex 9.64207 62.44 2
      vertex 90.3579 62.44 2
      vertex 90.4294 62.6506 2
    endloop
  endfacet
  facet normal 0 0 1
    outer loop
      vertex 9.57059 62.6506 2
      vertex 90.4294 62.6506 2
      vertex 90.5278 62.85 2
    endloop
  endfacet
  facet normal 0 0 1
    outer loop
      vertex 9.47224 62.85 2
      vertex 90.5278 62.85 2
      vertex 93 67 2
    endloop
  endfacet
  facet normal 0 0 1
    outer loop
      vertex 90.3145 62.2219 2
      vertex 9.68546 62.2219 2
      vertex 9.7 62 2
    endloop
  endfacet
  facet normal 0 0 1
    outer loop
      vertex 90.3579 62.44 2
      vertex 9.64207 62.44 2
      vertex 9.68546 62.2219 2
    endloop
  endfacet
  facet normal 0 0 1
    outer loop
      vertex 90.4294 62.6506 2
      vertex 9.57059 62.6506 2
      vertex 9.64207 62.44 2
    endloop
  endfacet
  facet normal 0 0 1
    outer loop
      vertex 90.5278 62.85 2
      vertex 9.47224 62.85 2
      vertex 9.57059 62.6506 2
    endloop
  endfacet
  facet normal 0 0 1
    outer loop
      vertex 93 67 2
      vertex 9.3487 63.0349 2
      vertex 9.47224 62.85 2
    endloop
  endfacet
  facet normal -0 0 1
    outer loop
      vertex 7 67 2
      vertex 9.3487 63.0349 2
      vertex 93 67 2
    endloop
  endfacet
  facet normal 0 0 1
    outer loop
      vertex 9.3487 63.0349 2
      vertex 7 67 2
      vertex 9.20208 63.2021 2
    endloop
  endfacet
  facet normal 0 0 1
    outer loop
      vertex 9.20208 63.2021 2
      vertex 7 67 2
      vertex 9.03489 63.3487 2
    endloop
  endfacet
  facet normal 0 0 1
    outer loop
      vertex 9.03489 63.3487 2
      vertex 7 67 2
      vertex 8.85 63.4722 2
    endloop
  endfacet
  facet normal 0 0 1
    outer loop
      vertex 8.85 63.4722 2
      vertex 7 67 2
      vertex 8.65056 63.5706 2
    endloop
  endfacet
  facet normal 0 0 1
    outer loop
      vertex 8.65056 63.5706 2
      vertex 7 67 2
      vertex 8.43999 63.6421 2
    endloop
  endfacet
  facet normal 0 0 1
    outer loop
      vertex 8.43999 63.6421 2
      vertex 7 67 2
      vertex 8.22189 63.6855 2
    endloop
  endfacet
  facet normal 0 0 1
    outer loop
      vertex 8.22189 63.6855 2
      vertex 7 67 2
      vertex 8 63.7 2
    endloop
  endfacet
  facet normal 0 0 1
    outer loop
      vertex 7 67 2
      vertex 7.7781 63.6855 2
      vertex 8 63.7 2
    endloop
  endfacet
  facet normal 0 0 1
    outer loop
      vertex 7 67 2
      vertex 7.56001 63.6421 2
      vertex 7.7781 63.6855 2
    endloop
  endfacet
  facet normal 0 0 1
    outer loop
      vertex 7 67 2
      vertex 7.34944 63.5706 2
      vertex 7.56001 63.6421 2
    endloop
  endfacet
  facet normal -0 0 1
    outer loop
      vertex 6.47789 66.9658 2
      vertex 7.34944 63.5706 2
      vertex 7 67 2
    endloop
  endfacet
  facet normal -0 0 1
    outer loop
      vertex 5.96472 66.8637 2
      vertex 7.34944 63.5706 2
      vertex 6.47789 66.9658 2
    endloop
  endfacet
  facet normal 0 0 1
    outer loop
      vertex 7.34944 63.5706 2
      vertex 5.96472 66.8637 2
      vertex 7.15 63.4722 2
    endloop
  endfacet
  facet normal -0 0 1
    outer loop
      vertex 5.46925 66.6955 2
      vertex 7.15 63.4722 2
      vertex 5.96472 66.8637 2
    endloop
  endfacet
  facet normal 0 0 1
    outer loop
      vertex 7.15 63.4722 2
      vertex 5.46925 66.6955 2
      vertex 6.96511 63.3487 2
    endloop
  endfacet
  facet normal -0 0 1
    outer loop
      vertex 5 66.4641 2
      vertex 6.96511 63.3487 2
      vertex 5.46925 66.6955 2
    endloop
  endfacet
  facet normal -0 0 1
    outer loop
      vertex 4.56494 66.1734 2
      vertex 6.96511 63.3487 2
      vertex 5 66.4641 2
    endloop
  endfacet
  facet normal 0 0 1
    outer loop
      vertex 6.96511 63.3487 2
      vertex 4.56494 66.1734 2
      vertex 6.79792 63.2021 2
    endloop
  endfacet
  facet normal -0 0 1
    outer loop
      vertex 4.17157 65.8284 2
      vertex 6.79792 63.2021 2
      vertex 4.56494 66.1734 2
    endloop
  endfacet
  facet normal -0 0 1
    outer loop
      vertex 3.82658 65.435 2
      vertex 6.79792 63.2021 2
      vertex 4.17157 65.8284 2
    endloop
  endfacet
  facet normal -0 0 1
    outer loop
      vertex 3.53589 65 2
      vertex 6.6513 63.0349 2
      vertex 3.82658 65.435 2
    endloop
  endfacet
  facet normal 0 0 1
    outer loop
      vertex 6.79792 63.2021 2
      vertex 3.82658 65.435 2
      vertex 6.6513 63.0349 2
    endloop
  endfacet
  facet normal -0 0 1
    outer loop
      vertex 97 42 2
      vertex 100 34 2
      vertex 100 42 2
    endloop
  endfacet
  facet normal 0 0 1
    outer loop
      vertex 100 34 2
      vertex 97 42 2
      vertex 97 34 2
    endloop
  endfacet
  facet normal 0 0 1
    outer loop
      vertex 96.4641 5 2
      vertex 93.3487 6.96511 2
      vertex 96.1734 4.56494 2
    endloop
  endfacet
  facet normal -0 0 1
    outer loop
      vertex 93.2021 6.79792 2
      vertex 96.1734 4.56494 2
      vertex 93.3487 6.96511 2
    endloop
  endfacet
  facet normal 0 0 1
    outer loop
      vertex 96.1734 4.56494 2
      vertex 93.2021 6.79792 2
      vertex 95.8284 4.17157 2
    endloop
  endfacet
  facet normal 0 0 1
    outer loop
      vertex 95.8284 4.17157 2
      vertex 93.2021 6.79792 2
      vertex 95.435 3.82658 2
    endloop
  endfacet
  facet normal -0 0 1
    outer loop
      vertex 93.0349 6.6513 2
      vertex 95.435 3.82658 2
      vertex 93.2021 6.79792 2
    endloop
  endfacet
  facet normal 0 0 1
    outer loop
      vertex 95.435 3.82658 2
      vertex 93.0349 6.6513 2
      vertex 95 3.53589 2
    endloop
  endfacet
  facet normal 0 0 1
    outer loop
      vertex 95 3.53589 2
      vertex 93.0349 6.6513 2
      vertex 94.5307 3.30447 2
    endloop
  endfacet
  facet normal -0 0 1
    outer loop
      vertex 92.85 6.52776 2
      vertex 94.5307 3.30447 2
      vertex 93.0349 6.6513 2
    endloop
  endfacet
  facet normal 0 0 1
    outer loop
      vertex 94.5307 3.30447 2
      vertex 92.85 6.52776 2
      vertex 94.0353 3.13629 2
    endloop
  endfacet
  facet normal -0 0 1
    outer loop
      vertex 92.6506 6.4294 2
      vertex 94.0353 3.13629 2
      vertex 92.85 6.52776 2
    endloop
  endfacet
  facet normal 0 0 1
    outer loop
      vertex 94.0353 3.13629 2
      vertex 92.6506 6.4294 2
      vertex 93.5221 3.03421 2
    endloop
  endfacet
  facet normal 0 0 1
    outer loop
      vertex 93.5221 3.03421 2
      vertex 92.6506 6.4294 2
      vertex 93 3 2
    endloop
  endfacet
  facet normal -0 0 1
    outer loop
      vertex 92.44 6.35793 2
      vertex 93 3 2
      vertex 92.6506 6.4294 2
    endloop
  endfacet
  facet normal -0 0 1
    outer loop
      vertex 92.2219 6.31454 2
      vertex 93 3 2
      vertex 92.44 6.35793 2
    endloop
  endfacet
  facet normal -0 0 1
    outer loop
      vertex 92 6.3 2
      vertex 93 3 2
      vertex 92.2219 6.31454 2
    endloop
  endfacet
  facet normal 0 0 1
    outer loop
      vertex 91.7781 6.31454 2
      vertex 93 3 2
      vertex 92 6.3 2
    endloop
  endfacet
  facet normal 0 0 1
    outer loop
      vertex 91.56 6.35793 2
      vertex 93 3 2
      vertex 91.7781 6.31454 2
    endloop
  endfacet
  facet normal 0 0 1
    outer loop
      vertex 91.3494 6.4294 2
      vertex 93 3 2
      vertex 91.56 6.35793 2
    endloop
  endfacet
  facet normal 0 0 1
    outer loop
      vertex 91.15 6.52776 2
      vertex 93 3 2
      vertex 91.3494 6.4294 2
    endloop
  endfacet
  facet normal 0 0 1
    outer loop
      vertex 90.9651 6.6513 2
      vertex 93 3 2
      vertex 91.15 6.52776 2
    endloop
  endfacet
  facet normal 0 0 1
    outer loop
      vertex 90.7979 6.79792 2
      vertex 93 3 2
      vertex 90.9651 6.6513 2
    endloop
  endfacet
  facet normal 0 0 1
    outer loop
      vertex 90.6513 6.96511 2
      vertex 93 3 2
      vertex 90.7979 6.79792 2
    endloop
  endfacet
  facet normal 0 0 1
    outer loop
      vertex 90.5278 7.15 2
      vertex 93 3 2
      vertex 90.6513 6.96511 2
    endloop
  endfacet
  facet normal 0 0 1
    outer loop
      vertex 90.3145 8.22189 2
      vertex 9.7 8 2
      vertex 90.3 8 2
    endloop
  endfacet
  facet normal 0 0 1
    outer loop
      vertex 90.3 8 2
      vertex 9.7 8 2
      vertex 90.3145 7.7781 2
    endloop
  endfacet
  facet normal 0 0 1
    outer loop
      vertex 9.68546 7.7781 2
      vertex 90.3145 7.7781 2
      vertex 9.7 8 2
    endloop
  endfacet
  facet normal 0 0 1
    outer loop
      vertex 90.3145 7.7781 2
      vertex 9.68546 7.7781 2
      vertex 90.3579 7.56001 2
    endloop
  endfacet
  facet normal 0 0 1
    outer loop
      vertex 9.64207 7.56001 2
      vertex 90.3579 7.56001 2
      vertex 9.68546 7.7781 2
    endloop
  endfacet
  facet normal 0 0 1
    outer loop
      vertex 90.3579 7.56001 2
      vertex 9.64207 7.56001 2
      vertex 90.4294 7.34944 2
    endloop
  endfacet
  facet normal 0 0 1
    outer loop
      vertex 9.57059 7.34944 2
      vertex 90.4294 7.34944 2
      vertex 9.64207 7.56001 2
    endloop
  endfacet
  facet normal 0 0 1
    outer loop
      vertex 90.4294 7.34944 2
      vertex 9.57059 7.34944 2
      vertex 90.5278 7.15 2
    endloop
  endfacet
  facet normal 0 0 1
    outer loop
      vertex 9.47224 7.15 2
      vertex 90.5278 7.15 2
      vertex 9.57059 7.34944 2
    endloop
  endfacet
  facet normal 0 0 1
    outer loop
      vertex 90.5278 7.15 2
      vertex 9.47224 7.15 2
      vertex 93 3 2
    endloop
  endfacet
  facet normal -0 0 1
    outer loop
      vertex 9.3487 6.96511 2
      vertex 93 3 2
      vertex 9.47224 7.15 2
    endloop
  endfacet
  facet normal 0 0 1
    outer loop
      vertex 7 3 2
      vertex 9.3487 6.96511 2
      vertex 9.20208 6.79792 2
    endloop
  endfacet
  facet normal 0 0 1
    outer loop
      vertex 7 3 2
      vertex 9.20208 6.79792 2
      vertex 9.03489 6.6513 2
    endloop
  endfacet
  facet normal 0 0 1
    outer loop
      vertex 7 3 2
      vertex 9.03489 6.6513 2
      vertex 8.85 6.52776 2
    endloop
  endfacet
  facet normal 0 0 1
    outer loop
      vertex 7 3 2
      vertex 8.85 6.52776 2
      vertex 8.65056 6.4294 2
    endloop
  endfacet
  facet normal 0 0 1
    outer loop
      vertex 7 3 2
      vertex 8.65056 6.4294 2
      vertex 8.43999 6.35793 2
    endloop
  endfacet
  facet normal 0 0 1
    outer loop
      vertex 7 3 2
      vertex 8.43999 6.35793 2
      vertex 8.22189 6.31454 2
    endloop
  endfacet
  facet normal 0 0 1
    outer loop
      vertex 7 3 2
      vertex 8.22189 6.31454 2
      vertex 8 6.3 2
    endloop
  endfacet
  facet normal 0 0 1
    outer loop
      vertex 9.3487 6.96511 2
      vertex 7 3 2
      vertex 93 3 2
    endloop
  endfacet
  facet normal 0 0 1
    outer loop
      vertex 7.7781 6.31454 2
      vertex 7 3 2
      vertex 8 6.3 2
    endloop
  endfacet
  facet normal 0 0 1
    outer loop
      vertex 7.56001 6.35793 2
      vertex 7 3 2
      vertex 7.7781 6.31454 2
    endloop
  endfacet
  facet normal 0 0 1
    outer loop
      vertex 7.34944 6.4294 2
      vertex 7 3 2
      vertex 7.56001 6.35793 2
    endloop
  endfacet
  facet normal 0 0 1
    outer loop
      vertex 5.96472 3.13629 2
      vertex 7.34944 6.4294 2
      vertex 7.15 6.52776 2
    endloop
  endfacet
  facet normal 0 0 1
    outer loop
      vertex 5.46925 3.30447 2
      vertex 7.15 6.52776 2
      vertex 6.96511 6.6513 2
    endloop
  endfacet
  facet normal 0 0 1
    outer loop
      vertex 4.56494 3.82658 2
      vertex 6.96511 6.6513 2
      vertex 6.79792 6.79792 2
    endloop
  endfacet
  facet normal 0 0 1
    outer loop
      vertex 3.82658 4.56494 2
      vertex 6.79792 6.79792 2
      vertex 6.6513 6.96511 2
    endloop
  endfacet
  facet normal 0 0 1
    outer loop
      vertex 3.53589 5 2
      vertex 6.6513 6.96511 2
      vertex 6.52776 7.15 2
    endloop
  endfacet
  facet normal 0 0 1
    outer loop
      vertex 7.34944 6.4294 2
      vertex 6.47789 3.03421 2
      vertex 7 3 2
    endloop
  endfacet
  facet normal 0 0 1
    outer loop
      vertex 3.13629 5.96472 2
      vertex 6.52776 7.15 2
      vertex 6.4294 7.34944 2
    endloop
  endfacet
  facet normal 0 0 1
    outer loop
      vertex 3 7 2
      vertex 6.4294 7.34944 2
      vertex 6.35793 7.56001 2
    endloop
  endfacet
  facet normal 0 0 1
    outer loop
      vertex 3 7 2
      vertex 6.35793 7.56001 2
      vertex 6.31454 7.7781 2
    endloop
  endfacet
  facet normal 0 0 1
    outer loop
      vertex 3 7 2
      vertex 6.31454 7.7781 2
      vertex 6.3 8 2
    endloop
  endfacet
  facet normal 0 0 1
    outer loop
      vertex 7.34944 6.4294 2
      vertex 5.96472 3.13629 2
      vertex 6.47789 3.03421 2
    endloop
  endfacet
  facet normal 0 0 1
    outer loop
      vertex 6.35793 8.43999 2
      vertex 3 7 2
      vertex 6.31454 8.22189 2
    endloop
  endfacet
  facet normal 0 0 1
    outer loop
      vertex 6.6513 63.0349 2
      vertex 3.53589 65 2
      vertex 6.52776 62.85 2
    endloop
  endfacet
  facet normal 0 0 1
    outer loop
      vertex 6.31454 8.22189 2
      vertex 3 7 2
      vertex 6.3 8 2
    endloop
  endfacet
  facet normal -0 0 1
    outer loop
      vertex 3.30447 64.5307 2
      vertex 6.52776 62.85 2
      vertex 3.53589 65 2
    endloop
  endfacet
  facet normal 0 0 1
    outer loop
      vertex 6.4294 7.34944 2
      vertex 3 7 2
      vertex 3.03421 6.47789 2
    endloop
  endfacet
  facet normal -0 0 1
    outer loop
      vertex 3.13629 64.0353 2
      vertex 6.52776 62.85 2
      vertex 3.30447 64.5307 2
    endloop
  endfacet
  facet normal 0 0 1
    outer loop
      vertex 7.15 6.52776 2
      vertex 5.46925 3.30447 2
      vertex 5.96472 3.13629 2
    endloop
  endfacet
  facet normal 0 0 1
    outer loop
      vertex 6.52776 62.85 2
      vertex 3.13629 64.0353 2
      vertex 6.4294 62.6506 2
    endloop
  endfacet
  facet normal 0 0 1
    outer loop
      vertex 6.96511 6.6513 2
      vertex 5 3.53589 2
      vertex 5.46925 3.30447 2
    endloop
  endfacet
  facet normal -0 0 1
    outer loop
      vertex 3.03421 63.5221 2
      vertex 6.4294 62.6506 2
      vertex 3.13629 64.0353 2
    endloop
  endfacet
  facet normal 0 0 1
    outer loop
      vertex 6.96511 6.6513 2
      vertex 4.56494 3.82658 2
      vertex 5 3.53589 2
    endloop
  endfacet
  facet normal -0 0 1
    outer loop
      vertex 3 63 2
      vertex 6.4294 62.6506 2
      vertex 3.03421 63.5221 2
    endloop
  endfacet
  facet normal 0 0 1
    outer loop
      vertex 6.79792 6.79792 2
      vertex 4.17157 4.17157 2
      vertex 4.56494 3.82658 2
    endloop
  endfacet
  facet normal 0 0 1
    outer loop
      vertex 6.4294 62.6506 2
      vertex 3 63 2
      vertex 6.35793 62.44 2
    endloop
  endfacet
  facet normal 0 0 1
    outer loop
      vertex 6.79792 6.79792 2
      vertex 3.82658 4.56494 2
      vertex 4.17157 4.17157 2
    endloop
  endfacet
  facet normal 0 0 1
    outer loop
      vertex 6.35793 62.44 2
      vertex 3 63 2
      vertex 6.31454 62.2219 2
    endloop
  endfacet
  facet normal 0 0 1
    outer loop
      vertex 6.6513 6.96511 2
      vertex 3.53589 5 2
      vertex 3.82658 4.56494 2
    endloop
  endfacet
  facet normal 0 0 1
    outer loop
      vertex 6.31454 62.2219 2
      vertex 3 63 2
      vertex 6.3 62 2
    endloop
  endfacet
  facet normal 0 0 1
    outer loop
      vertex 6.52776 7.15 2
      vertex 3.30447 5.46925 2
      vertex 3.53589 5 2
    endloop
  endfacet
  facet normal 0 0 1
    outer loop
      vertex 6.52776 7.15 2
      vertex 3.13629 5.96472 2
      vertex 3.30447 5.46925 2
    endloop
  endfacet
  facet normal 0 0 1
    outer loop
      vertex 6.4294 7.34944 2
      vertex 3.03421 6.47789 2
      vertex 3.13629 5.96472 2
    endloop
  endfacet
  facet normal 0.980784 0.195098 0
    outer loop
      vertex 3.13629 5.96472 12
      vertex 3.03421 6.47789 2
      vertex 3.03421 6.47789 12
    endloop
  endfacet
  facet normal 0.980784 0.195098 0
    outer loop
      vertex 3.03421 6.47789 2
      vertex 3.13629 5.96472 12
      vertex 3.13629 5.96472 2
    endloop
  endfacet
  facet normal 1 -0 0
    outer loop
      vertex 3 7 12
      vertex 3 63 2
      vertex 3 63 12
    endloop
  endfacet
  facet normal 1 0 0
    outer loop
      vertex 3 63 2
      vertex 3 7 12
      vertex 3 7 2
    endloop
  endfacet
  facet normal -0.997861 -0.0653646 0
    outer loop
      vertex 97 63 2
      vertex 96.9658 63.5221 12
      vertex 96.9658 63.5221 2
    endloop
  endfacet
  facet normal -0.997861 -0.0653646 0
    outer loop
      vertex 96.9658 63.5221 12
      vertex 97 63 2
      vertex 97 63 12
    endloop
  endfacet
  facet normal 0.99786 0.0653824 0
    outer loop
      vertex 3.03421 6.47789 12
      vertex 3 7 2
      vertex 3 7 12
    endloop
  endfacet
  facet normal 0.99786 0.0653824 0
    outer loop
      vertex 3 7 2
      vertex 3.03421 6.47789 12
      vertex 3.03421 6.47789 2
    endloop
  endfacet
  facet normal 0 -1 0
    outer loop
      vertex 7 67 2
      vertex 93 67 12
      vertex 7 67 12
    endloop
  endfacet
  facet normal 0 -1 -0
    outer loop
      vertex 93 67 12
      vertex 7 67 2
      vertex 93 67 2
    endloop
  endfacet
  facet normal -0.555613 0.831441 0
    outer loop
      vertex 95.435 3.82658 2
      vertex 95 3.53589 12
      vertex 95.435 3.82658 12
    endloop
  endfacet
  facet normal -0.555613 0.831441 0
    outer loop
      vertex 95 3.53589 12
      vertex 95.435 3.82658 2
      vertex 95 3.53589 2
    endloop
  endfacet
  facet normal -1 0 0
    outer loop
      vertex 97 42 2
      vertex 97 63 12
      vertex 97 63 2
    endloop
  endfacet
  facet normal -1 -0 0
    outer loop
      vertex 97 63 12
      vertex 97 42 2
      vertex 97 42 12
    endloop
  endfacet
  facet normal -1 0 0
    outer loop
      vertex 97 7 2
      vertex 97 34 12
      vertex 97 34 2
    endloop
  endfacet
  facet normal -1 -0 0
    outer loop
      vertex 97 34 12
      vertex 97 7 2
      vertex 97 7 12
    endloop
  endfacet
  facet normal 0 1 -0
    outer loop
      vertex 93 3 2
      vertex 7 3 12
      vertex 93 3 12
    endloop
  endfacet
  facet normal 0 1 0
    outer loop
      vertex 7 3 12
      vertex 93 3 2
      vertex 7 3 2
    endloop
  endfacet
  facet normal -0.555626 -0.831432 0
    outer loop
      vertex 95 66.4641 2
      vertex 95.435 66.1734 12
      vertex 95 66.4641 12
    endloop
  endfacet
  facet normal -0.555626 -0.831432 -0
    outer loop
      vertex 95.435 66.1734 12
      vertex 95 66.4641 2
      vertex 95.435 66.1734 2
    endloop
  endfacet
  facet normal 0.946922 -0.321464 0
    outer loop
      vertex 3.13629 64.0353 12
      vertex 3.30447 64.5307 2
      vertex 3.30447 64.5307 12
    endloop
  endfacet
  facet normal 0.946922 -0.321464 0
    outer loop
      vertex 3.30447 64.5307 2
      vertex 3.13629 64.0353 12
      vertex 3.13629 64.0353 2
    endloop
  endfacet
  facet normal 0.831441 -0.555613 0
    outer loop
      vertex 3.53589 65 12
      vertex 3.82658 65.435 2
      vertex 3.82658 65.435 12
    endloop
  endfacet
  facet normal 0.831441 -0.555613 0
    outer loop
      vertex 3.82658 65.435 2
      vertex 3.53589 65 12
      vertex 3.53589 65 2
    endloop
  endfacet
  facet normal 0.442276 -0.896879 0
    outer loop
      vertex 5 66.4641 2
      vertex 5.46925 66.6955 12
      vertex 5 66.4641 12
    endloop
  endfacet
  facet normal 0.442276 -0.896879 0
    outer loop
      vertex 5.46925 66.6955 12
      vertex 5 66.4641 2
      vertex 5.46925 66.6955 2
    endloop
  endfacet
  facet normal 0.0653634 -0.997862 0
    outer loop
      vertex 6.47789 66.9658 2
      vertex 7 67 12
      vertex 6.47789 66.9658 12
    endloop
  endfacet
  facet normal 0.0653634 -0.997862 0
    outer loop
      vertex 7 67 12
      vertex 6.47789 66.9658 2
      vertex 7 67 2
    endloop
  endfacet
  facet normal 0.195135 -0.980776 0
    outer loop
      vertex 5.96472 66.8637 2
      vertex 6.47789 66.9658 12
      vertex 5.96472 66.8637 12
    endloop
  endfacet
  facet normal 0.195135 -0.980776 0
    outer loop
      vertex 6.47789 66.9658 12
      vertex 5.96472 66.8637 2
      vertex 6.47789 66.9658 2
    endloop
  endfacet
  facet normal 0.555573 -0.831468 0
    outer loop
      vertex 4.56494 66.1734 2
      vertex 5 66.4641 12
      vertex 4.56494 66.1734 12
    endloop
  endfacet
  facet normal 0.555573 -0.831468 0
    outer loop
      vertex 5 66.4641 12
      vertex 4.56494 66.1734 2
      vertex 5 66.4641 2
    endloop
  endfacet
  facet normal 0.99786 -0.0653836 0
    outer loop
      vertex 3 63 12
      vertex 3.03421 63.5221 2
      vertex 3.03421 63.5221 12
    endloop
  endfacet
  facet normal 0.99786 -0.0653836 0
    outer loop
      vertex 3.03421 63.5221 2
      vertex 3 63 12
      vertex 3 63 2
    endloop
  endfacet
  facet normal 0.896883 -0.442268 0
    outer loop
      vertex 3.30447 64.5307 12
      vertex 3.53589 65 2
      vertex 3.53589 65 12
    endloop
  endfacet
  facet normal 0.896883 -0.442268 0
    outer loop
      vertex 3.53589 65 2
      vertex 3.30447 64.5307 12
      vertex 3.30447 64.5307 2
    endloop
  endfacet
  facet normal 0.980786 -0.195087 0
    outer loop
      vertex 3.03421 63.5221 12
      vertex 3.13629 64.0353 2
      vertex 3.13629 64.0353 12
    endloop
  endfacet
  facet normal 0.980786 -0.195087 0
    outer loop
      vertex 3.13629 64.0353 2
      vertex 3.03421 63.5221 12
      vertex 3.03421 63.5221 2
    endloop
  endfacet
  facet normal 0.659371 -0.751817 0
    outer loop
      vertex 4.17157 65.8284 2
      vertex 4.56494 66.1734 12
      vertex 4.17157 65.8284 12
    endloop
  endfacet
  facet normal 0.659371 -0.751817 0
    outer loop
      vertex 4.56494 66.1734 12
      vertex 4.17157 65.8284 2
      vertex 4.56494 66.1734 2
    endloop
  endfacet
  facet normal 0.751852 -0.659332 0
    outer loop
      vertex 3.82658 65.435 12
      vertex 4.17157 65.8284 2
      vertex 4.17157 65.8284 12
    endloop
  endfacet
  facet normal 0.751852 -0.659332 0
    outer loop
      vertex 4.17157 65.8284 2
      vertex 3.82658 65.435 12
      vertex 3.82658 65.435 2
    endloop
  endfacet
  facet normal -0.751817 0.659371 0
    outer loop
      vertex 95.8284 4.17157 2
      vertex 96.1734 4.56494 12
      vertex 96.1734 4.56494 2
    endloop
  endfacet
  facet normal -0.751817 0.659371 0
    outer loop
      vertex 96.1734 4.56494 12
      vertex 95.8284 4.17157 2
      vertex 95.8284 4.17157 12
    endloop
  endfacet
  facet normal -0.980776 0.195135 0
    outer loop
      vertex 96.8637 5.96472 2
      vertex 96.9658 6.47789 12
      vertex 96.9658 6.47789 2
    endloop
  endfacet
  facet normal -0.980776 0.195135 0
    outer loop
      vertex 96.9658 6.47789 12
      vertex 96.8637 5.96472 2
      vertex 96.8637 5.96472 12
    endloop
  endfacet
  facet normal -0.896879 0.442276 0
    outer loop
      vertex 96.4641 5 2
      vertex 96.6955 5.46925 12
      vertex 96.6955 5.46925 2
    endloop
  endfacet
  facet normal -0.896879 0.442276 0
    outer loop
      vertex 96.6955 5.46925 12
      vertex 96.4641 5 2
      vertex 96.4641 5 12
    endloop
  endfacet
  facet normal 0.55556 0.831476 -0
    outer loop
      vertex 5 3.53589 2
      vertex 4.56494 3.82658 12
      vertex 5 3.53589 12
    endloop
  endfacet
  facet normal 0.55556 0.831476 0
    outer loop
      vertex 4.56494 3.82658 12
      vertex 5 3.53589 2
      vertex 4.56494 3.82658 2
    endloop
  endfacet
  facet normal 0.751827 0.659361 0
    outer loop
      vertex 4.17157 4.17157 12
      vertex 3.82658 4.56494 2
      vertex 3.82658 4.56494 12
    endloop
  endfacet
  facet normal 0.751827 0.659361 0
    outer loop
      vertex 3.82658 4.56494 2
      vertex 4.17157 4.17157 12
      vertex 4.17157 4.17157 2
    endloop
  endfacet
  facet normal 0.946936 0.321423 0
    outer loop
      vertex 3.30447 5.46925 12
      vertex 3.13629 5.96472 2
      vertex 3.13629 5.96472 12
    endloop
  endfacet
  facet normal 0.946936 0.321423 0
    outer loop
      vertex 3.13629 5.96472 2
      vertex 3.30447 5.46925 12
      vertex 3.30447 5.46925 2
    endloop
  endfacet
  facet normal -0.321464 0.946922 0
    outer loop
      vertex 94.5307 3.30447 2
      vertex 94.0353 3.13629 12
      vertex 94.5307 3.30447 12
    endloop
  endfacet
  facet normal -0.321464 0.946922 0
    outer loop
      vertex 94.0353 3.13629 12
      vertex 94.5307 3.30447 2
      vertex 94.0353 3.13629 2
    endloop
  endfacet
  facet normal -0.0653836 0.99786 0
    outer loop
      vertex 93.5221 3.03421 2
      vertex 93 3 12
      vertex 93.5221 3.03421 12
    endloop
  endfacet
  facet normal -0.0653836 0.99786 0
    outer loop
      vertex 93 3 12
      vertex 93.5221 3.03421 2
      vertex 93 3 2
    endloop
  endfacet
  facet normal -0.442268 0.896883 0
    outer loop
      vertex 95 3.53589 2
      vertex 94.5307 3.30447 12
      vertex 95 3.53589 12
    endloop
  endfacet
  facet normal -0.442268 0.896883 0
    outer loop
      vertex 94.5307 3.30447 12
      vertex 95 3.53589 2
      vertex 94.5307 3.30447 2
    endloop
  endfacet
  facet normal -0.442238 -0.896898 0
    outer loop
      vertex 94.5307 66.6955 2
      vertex 95 66.4641 12
      vertex 94.5307 66.6955 12
    endloop
  endfacet
  facet normal -0.442238 -0.896898 -0
    outer loop
      vertex 95 66.4641 12
      vertex 94.5307 66.6955 2
      vertex 95 66.4641 2
    endloop
  endfacet
  facet normal -0.0653646 -0.997861 0
    outer loop
      vertex 93 67 2
      vertex 93.5221 66.9658 12
      vertex 93 67 12
    endloop
  endfacet
  facet normal -0.0653646 -0.997861 -0
    outer loop
      vertex 93.5221 66.9658 12
      vertex 93 67 2
      vertex 93.5221 66.9658 2
    endloop
  endfacet
  facet normal -0.94691 -0.321498 0
    outer loop
      vertex 96.8637 64.0353 2
      vertex 96.6955 64.5307 12
      vertex 96.6955 64.5307 2
    endloop
  endfacet
  facet normal -0.94691 -0.321498 0
    outer loop
      vertex 96.6955 64.5307 12
      vertex 96.8637 64.0353 2
      vertex 96.8637 64.0353 12
    endloop
  endfacet
  facet normal -0.831432 -0.555626 0
    outer loop
      vertex 96.4641 65 2
      vertex 96.1734 65.435 12
      vertex 96.1734 65.435 2
    endloop
  endfacet
  facet normal -0.831432 -0.555626 0
    outer loop
      vertex 96.1734 65.435 12
      vertex 96.4641 65 2
      vertex 96.4641 65 12
    endloop
  endfacet
  facet normal 0.321458 -0.946924 0
    outer loop
      vertex 5.46925 66.6955 2
      vertex 5.96472 66.8637 12
      vertex 5.46925 66.6955 12
    endloop
  endfacet
  facet normal 0.321458 -0.946924 0
    outer loop
      vertex 5.96472 66.8637 12
      vertex 5.46925 66.6955 2
      vertex 5.96472 66.8637 2
    endloop
  endfacet
  facet normal -0.659332 0.751852 0
    outer loop
      vertex 95.8284 4.17157 2
      vertex 95.435 3.82658 12
      vertex 95.8284 4.17157 12
    endloop
  endfacet
  facet normal -0.659332 0.751852 0
    outer loop
      vertex 95.435 3.82658 12
      vertex 95.8284 4.17157 2
      vertex 95.435 3.82658 2
    endloop
  endfacet
  facet normal -0.831468 0.555573 0
    outer loop
      vertex 96.1734 4.56494 2
      vertex 96.4641 5 12
      vertex 96.4641 5 2
    endloop
  endfacet
  facet normal -0.831468 0.555573 0
    outer loop
      vertex 96.4641 5 12
      vertex 96.1734 4.56494 2
      vertex 96.1734 4.56494 12
    endloop
  endfacet
  facet normal -0.997862 0.0653634 0
    outer loop
      vertex 96.9658 6.47789 2
      vertex 97 7 12
      vertex 97 7 2
    endloop
  endfacet
  facet normal -0.997862 0.0653634 0
    outer loop
      vertex 97 7 12
      vertex 96.9658 6.47789 2
      vertex 96.9658 6.47789 12
    endloop
  endfacet
  facet normal -0.946924 0.321458 0
    outer loop
      vertex 96.6955 5.46925 2
      vertex 96.8637 5.96472 12
      vertex 96.8637 5.96472 2
    endloop
  endfacet
  facet normal -0.946924 0.321458 0
    outer loop
      vertex 96.8637 5.96472 12
      vertex 96.6955 5.46925 2
      vertex 96.6955 5.46925 12
    endloop
  endfacet
  facet normal 0.442306 0.896864 -0
    outer loop
      vertex 5.46925 3.30447 2
      vertex 5 3.53589 12
      vertex 5.46925 3.30447 12
    endloop
  endfacet
  facet normal 0.442306 0.896864 0
    outer loop
      vertex 5 3.53589 12
      vertex 5.46925 3.30447 2
      vertex 5 3.53589 2
    endloop
  endfacet
  facet normal 0.321423 0.946936 -0
    outer loop
      vertex 5.96472 3.13629 2
      vertex 5.46925 3.30447 12
      vertex 5.96472 3.13629 12
    endloop
  endfacet
  facet normal 0.321423 0.946936 0
    outer loop
      vertex 5.46925 3.30447 12
      vertex 5.96472 3.13629 2
      vertex 5.46925 3.30447 2
    endloop
  endfacet
  facet normal 0.0653824 0.99786 -0
    outer loop
      vertex 7 3 2
      vertex 6.47789 3.03421 12
      vertex 7 3 12
    endloop
  endfacet
  facet normal 0.0653824 0.99786 0
    outer loop
      vertex 6.47789 3.03421 12
      vertex 7 3 2
      vertex 6.47789 3.03421 2
    endloop
  endfacet
  facet normal 0.659361 0.751827 -0
    outer loop
      vertex 4.56494 3.82658 2
      vertex 4.17157 4.17157 12
      vertex 4.56494 3.82658 12
    endloop
  endfacet
  facet normal 0.659361 0.751827 0
    outer loop
      vertex 4.17157 4.17157 12
      vertex 4.56494 3.82658 2
      vertex 4.17157 4.17157 2
    endloop
  endfacet
  facet normal 0.896864 0.442306 0
    outer loop
      vertex 3.53589 5 12
      vertex 3.30447 5.46925 2
      vertex 3.30447 5.46925 12
    endloop
  endfacet
  facet normal 0.896864 0.442306 0
    outer loop
      vertex 3.30447 5.46925 2
      vertex 3.53589 5 12
      vertex 3.53589 5 2
    endloop
  endfacet
  facet normal -0.195087 0.980786 0
    outer loop
      vertex 94.0353 3.13629 2
      vertex 93.5221 3.03421 12
      vertex 94.0353 3.13629 12
    endloop
  endfacet
  facet normal -0.195087 0.980786 0
    outer loop
      vertex 93.5221 3.03421 12
      vertex 94.0353 3.13629 2
      vertex 93.5221 3.03421 2
    endloop
  endfacet
  facet normal -0.195124 -0.980779 0
    outer loop
      vertex 93.5221 66.9658 2
      vertex 94.0353 66.8637 12
      vertex 93.5221 66.9658 12
    endloop
  endfacet
  facet normal -0.195124 -0.980779 -0
    outer loop
      vertex 94.0353 66.8637 12
      vertex 93.5221 66.9658 2
      vertex 94.0353 66.8637 2
    endloop
  endfacet
  facet normal -0.321498 -0.94691 0
    outer loop
      vertex 94.0353 66.8637 2
      vertex 94.5307 66.6955 12
      vertex 94.0353 66.8637 12
    endloop
  endfacet
  facet normal -0.321498 -0.94691 -0
    outer loop
      vertex 94.5307 66.6955 12
      vertex 94.0353 66.8637 2
      vertex 94.5307 66.6955 2
    endloop
  endfacet
  facet normal -0.659343 -0.751842 0
    outer loop
      vertex 95.435 66.1734 2
      vertex 95.8284 65.8284 12
      vertex 95.435 66.1734 12
    endloop
  endfacet
  facet normal -0.659343 -0.751842 -0
    outer loop
      vertex 95.8284 65.8284 12
      vertex 95.435 66.1734 2
      vertex 95.8284 65.8284 2
    endloop
  endfacet
  facet normal -0.896898 -0.442238 0
    outer loop
      vertex 96.6955 64.5307 2
      vertex 96.4641 65 12
      vertex 96.4641 65 2
    endloop
  endfacet
  facet normal -0.896898 -0.442238 0
    outer loop
      vertex 96.4641 65 12
      vertex 96.6955 64.5307 2
      vertex 96.6955 64.5307 12
    endloop
  endfacet
  facet normal -0.980779 -0.195124 0
    outer loop
      vertex 96.9658 63.5221 2
      vertex 96.8637 64.0353 12
      vertex 96.8637 64.0353 2
    endloop
  endfacet
  facet normal -0.980779 -0.195124 0
    outer loop
      vertex 96.8637 64.0353 12
      vertex 96.9658 63.5221 2
      vertex 96.9658 63.5221 12
    endloop
  endfacet
  facet normal 0.195098 0.980784 -0
    outer loop
      vertex 6.47789 3.03421 2
      vertex 5.96472 3.13629 12
      vertex 6.47789 3.03421 12
    endloop
  endfacet
  facet normal 0.195098 0.980784 0
    outer loop
      vertex 5.96472 3.13629 12
      vertex 6.47789 3.03421 2
      vertex 5.96472 3.13629 2
    endloop
  endfacet
  facet normal 0.831476 0.55556 0
    outer loop
      vertex 3.82658 4.56494 12
      vertex 3.53589 5 2
      vertex 3.53589 5 12
    endloop
  endfacet
  facet normal 0.831476 0.55556 0
    outer loop
      vertex 3.53589 5 2
      vertex 3.82658 4.56494 12
      vertex 3.82658 4.56494 2
    endloop
  endfacet
  facet normal -0.751842 -0.659343 0
    outer loop
      vertex 96.1734 65.435 2
      vertex 95.8284 65.8284 12
      vertex 95.8284 65.8284 2
    endloop
  endfacet
  facet normal -0.751842 -0.659343 0
    outer loop
      vertex 95.8284 65.8284 12
      vertex 96.1734 65.435 2
      vertex 96.1734 65.435 12
    endloop
  endfacet
  facet normal 0 1 -0
    outer loop
      vertex 100 34 2
      vertex 97 34 12
      vertex 100 34 12
    endloop
  endfacet
  facet normal 0 1 0
    outer loop
      vertex 97 34 12
      vertex 100 34 2
      vertex 97 34 2
    endloop
  endfacet
  facet normal 0 -1 0
    outer loop
      vertex 97 42 2
      vertex 100 42 12
      vertex 97 42 12
    endloop
  endfacet
  facet normal 0 -1 -0
    outer loop
      vertex 100 42 12
      vertex 97 42 2
      vertex 100 42 2
    endloop
  endfacet
  facet normal 0 0 -1
    outer loop
      vertex 95.5 7.5 12
      vertex 97 34 12
      vertex 97 7 12
    endloop
  endfacet
  facet normal 0 0 -1
    outer loop
      vertex 95.5 62.5 12
      vertex 97 34 12
      vertex 95.5 7.5 12
    endloop
  endfacet
  facet normal 0 0 -1
    outer loop
      vertex 95.4743 7.10841 12
      vertex 97 7 12
      vertex 96.9658 6.47789 12
    endloop
  endfacet
  facet normal 0 0 -1
    outer loop
      vertex 97 34 12
      vertex 95.5 62.5 12
      vertex 97 42 12
    endloop
  endfacet
  facet normal 0 0 -1
    outer loop
      vertex 95.3978 6.72354 12
      vertex 96.9658 6.47789 12
      vertex 96.8637 5.96472 12
    endloop
  endfacet
  facet normal 0 0 -1
    outer loop
      vertex 97 42 12
      vertex 95.5 62.5 12
      vertex 97 63 12
    endloop
  endfacet
  facet normal 0 0 -1
    outer loop
      vertex 95.2716 6.35194 12
      vertex 96.8637 5.96472 12
      vertex 96.6955 5.46925 12
    endloop
  endfacet
  facet normal 0 0 -1
    outer loop
      vertex 95.4743 62.8916 12
      vertex 97 63 12
      vertex 95.5 62.5 12
    endloop
  endfacet
  facet normal 0 0 -1
    outer loop
      vertex 95.0981 6 12
      vertex 96.6955 5.46925 12
      vertex 96.4641 5 12
    endloop
  endfacet
  facet normal -0 0 -1
    outer loop
      vertex 97 63 12
      vertex 95.4743 62.8916 12
      vertex 96.9658 63.5221 12
    endloop
  endfacet
  facet normal 0 0 -1
    outer loop
      vertex 94.8801 5.67371 12
      vertex 96.4641 5 12
      vertex 96.1734 4.56494 12
    endloop
  endfacet
  facet normal 0 0 -1
    outer loop
      vertex 95.3978 63.2764 12
      vertex 96.9658 63.5221 12
      vertex 95.4743 62.8916 12
    endloop
  endfacet
  facet normal 0 0 -1
    outer loop
      vertex 94.6213 5.37868 12
      vertex 96.1734 4.56494 12
      vertex 95.8284 4.17157 12
    endloop
  endfacet
  facet normal -0 0 -1
    outer loop
      vertex 96.9658 63.5221 12
      vertex 95.3978 63.2764 12
      vertex 96.8637 64.0353 12
    endloop
  endfacet
  facet normal 0 0 -1
    outer loop
      vertex 95.2716 63.648 12
      vertex 96.8637 64.0353 12
      vertex 95.3978 63.2764 12
    endloop
  endfacet
  facet normal 0 0 -1
    outer loop
      vertex 97 7 12
      vertex 95.4743 7.10841 12
      vertex 95.5 7.5 12
    endloop
  endfacet
  facet normal 0 0 -1
    outer loop
      vertex 94.6213 5.37868 12
      vertex 95.8284 4.17157 12
      vertex 95.435 3.82658 12
    endloop
  endfacet
  facet normal 0 0 -1
    outer loop
      vertex 96.9658 6.47789 12
      vertex 95.3978 6.72354 12
      vertex 95.4743 7.10841 12
    endloop
  endfacet
  facet normal 0 0 -1
    outer loop
      vertex 96.8637 5.96472 12
      vertex 95.2716 6.35194 12
      vertex 95.3978 6.72354 12
    endloop
  endfacet
  facet normal 0 0 -1
    outer loop
      vertex 96.6955 5.46925 12
      vertex 95.0981 6 12
      vertex 95.2716 6.35194 12
    endloop
  endfacet
  facet normal 0 0 -1
    outer loop
      vertex 94.3263 5.11993 12
      vertex 95.435 3.82658 12
      vertex 95 3.53589 12
    endloop
  endfacet
  facet normal 0 0 -1
    outer loop
      vertex 96.4641 5 12
      vertex 94.8801 5.67371 12
      vertex 95.0981 6 12
    endloop
  endfacet
  facet normal 0 0 -1
    outer loop
      vertex 96.1734 4.56494 12
      vertex 94.6213 5.37868 12
      vertex 94.8801 5.67371 12
    endloop
  endfacet
  facet normal 0 0 -1
    outer loop
      vertex 94 4.90192 12
      vertex 95 3.53589 12
      vertex 94.5307 3.30447 12
    endloop
  endfacet
  facet normal 0 0 -1
    outer loop
      vertex 95.435 3.82658 12
      vertex 94.3263 5.11993 12
      vertex 94.6213 5.37868 12
    endloop
  endfacet
  facet normal 0 0 -1
    outer loop
      vertex 93.648 4.72835 12
      vertex 94.5307 3.30447 12
      vertex 94.0353 3.13629 12
    endloop
  endfacet
  facet normal 0 0 -1
    outer loop
      vertex 95 3.53589 12
      vertex 94 4.90192 12
      vertex 94.3263 5.11993 12
    endloop
  endfacet
  facet normal 0 0 -1
    outer loop
      vertex 94.5307 3.30447 12
      vertex 93.648 4.72835 12
      vertex 94 4.90192 12
    endloop
  endfacet
  facet normal 0 0 -1
    outer loop
      vertex 93.2764 4.60222 12
      vertex 94.0353 3.13629 12
      vertex 93.5221 3.03421 12
    endloop
  endfacet
  facet normal 0 0 -1
    outer loop
      vertex 94.0353 3.13629 12
      vertex 93.2764 4.60222 12
      vertex 93.648 4.72835 12
    endloop
  endfacet
  facet normal 0 0 -1
    outer loop
      vertex 92.8916 4.52567 12
      vertex 93.5221 3.03421 12
      vertex 93 3 12
    endloop
  endfacet
  facet normal 0 0 -1
    outer loop
      vertex 93.5221 3.03421 12
      vertex 92.8916 4.52567 12
      vertex 93.2764 4.60222 12
    endloop
  endfacet
  facet normal 0 0 -1
    outer loop
      vertex 93 3 12
      vertex 92.5 4.5 12
      vertex 92.8916 4.52567 12
    endloop
  endfacet
  facet normal 0 0 -1
    outer loop
      vertex 93 3 12
      vertex 7.5 4.5 12
      vertex 92.5 4.5 12
    endloop
  endfacet
  facet normal 0 0 -1
    outer loop
      vertex 7 3 12
      vertex 7.5 4.5 12
      vertex 93 3 12
    endloop
  endfacet
  facet normal 0 0 -1
    outer loop
      vertex 7 3 12
      vertex 7.10841 4.52567 12
      vertex 7.5 4.5 12
    endloop
  endfacet
  facet normal 0 0 -1
    outer loop
      vertex 6.47789 3.03421 12
      vertex 7.10841 4.52567 12
      vertex 7 3 12
    endloop
  endfacet
  facet normal -0 0 -1
    outer loop
      vertex 7.10841 4.52567 12
      vertex 6.47789 3.03421 12
      vertex 6.72354 4.60222 12
    endloop
  endfacet
  facet normal 0 0 -1
    outer loop
      vertex 5.96472 3.13629 12
      vertex 6.72354 4.60222 12
      vertex 6.47789 3.03421 12
    endloop
  endfacet
  facet normal -0 0 -1
    outer loop
      vertex 6.72354 4.60222 12
      vertex 5.96472 3.13629 12
      vertex 6.35194 4.72835 12
    endloop
  endfacet
  facet normal 0 0 -1
    outer loop
      vertex 5.46925 3.30447 12
      vertex 6.35194 4.72835 12
      vertex 5.96472 3.13629 12
    endloop
  endfacet
  facet normal -0 0 -1
    outer loop
      vertex 6.35194 4.72835 12
      vertex 5.46925 3.30447 12
      vertex 6 4.90192 12
    endloop
  endfacet
  facet normal 0 0 -1
    outer loop
      vertex 5 3.53589 12
      vertex 6 4.90192 12
      vertex 5.46925 3.30447 12
    endloop
  endfacet
  facet normal -0 0 -1
    outer loop
      vertex 6 4.90192 12
      vertex 5 3.53589 12
      vertex 5.67371 5.11993 12
    endloop
  endfacet
  facet normal 0 0 -1
    outer loop
      vertex 4.56494 3.82658 12
      vertex 5.67371 5.11993 12
      vertex 5 3.53589 12
    endloop
  endfacet
  facet normal -0 0 -1
    outer loop
      vertex 5.67371 5.11993 12
      vertex 4.56494 3.82658 12
      vertex 5.37868 5.37868 12
    endloop
  endfacet
  facet normal 0 0 -1
    outer loop
      vertex 4.17157 4.17157 12
      vertex 5.37868 5.37868 12
      vertex 4.56494 3.82658 12
    endloop
  endfacet
  facet normal 0 0 -1
    outer loop
      vertex 3.82658 4.56494 12
      vertex 5.37868 5.37868 12
      vertex 4.17157 4.17157 12
    endloop
  endfacet
  facet normal -0 0 -1
    outer loop
      vertex 5.37868 5.37868 12
      vertex 3.82658 4.56494 12
      vertex 5.11993 5.67371 12
    endloop
  endfacet
  facet normal 0 0 -1
    outer loop
      vertex 3.53589 5 12
      vertex 5.11993 5.67371 12
      vertex 3.82658 4.56494 12
    endloop
  endfacet
  facet normal -0 0 -1
    outer loop
      vertex 5.11993 5.67371 12
      vertex 3.53589 5 12
      vertex 4.90192 6 12
    endloop
  endfacet
  facet normal 0 0 -1
    outer loop
      vertex 3.30447 5.46925 12
      vertex 4.90192 6 12
      vertex 3.53589 5 12
    endloop
  endfacet
  facet normal 0 0 -1
    outer loop
      vertex 3.13629 5.96472 12
      vertex 4.72835 6.35194 12
      vertex 3.30447 5.46925 12
    endloop
  endfacet
  facet normal -0 0 -1
    outer loop
      vertex 4.90192 6 12
      vertex 3.30447 5.46925 12
      vertex 4.72835 6.35194 12
    endloop
  endfacet
  facet normal -0 0 -1
    outer loop
      vertex 96.8637 64.0353 12
      vertex 95.2716 63.648 12
      vertex 96.6955 64.5307 12
    endloop
  endfacet
  facet normal 0 0 -1
    outer loop
      vertex 95.0981 64 12
      vertex 96.6955 64.5307 12
      vertex 95.2716 63.648 12
    endloop
  endfacet
  facet normal -0 0 -1
    outer loop
      vertex 96.6955 64.5307 12
      vertex 95.0981 64 12
      vertex 96.4641 65 12
    endloop
  endfacet
  facet normal 0 0 -1
    outer loop
      vertex 94.8801 64.3263 12
      vertex 96.4641 65 12
      vertex 95.0981 64 12
    endloop
  endfacet
  facet normal -0 0 -1
    outer loop
      vertex 96.4641 65 12
      vertex 94.8801 64.3263 12
      vertex 96.1734 65.435 12
    endloop
  endfacet
  facet normal 0 0 -1
    outer loop
      vertex 94.6213 64.6213 12
      vertex 96.1734 65.435 12
      vertex 94.8801 64.3263 12
    endloop
  endfacet
  facet normal -0 0 -1
    outer loop
      vertex 96.1734 65.435 12
      vertex 94.6213 64.6213 12
      vertex 95.8284 65.8284 12
    endloop
  endfacet
  facet normal -0 0 -1
    outer loop
      vertex 95.8284 65.8284 12
      vertex 94.6213 64.6213 12
      vertex 95.435 66.1734 12
    endloop
  endfacet
  facet normal 0 0 -1
    outer loop
      vertex 94.3263 64.8801 12
      vertex 95.435 66.1734 12
      vertex 94.6213 64.6213 12
    endloop
  endfacet
  facet normal -0 0 -1
    outer loop
      vertex 95.435 66.1734 12
      vertex 94.3263 64.8801 12
      vertex 95 66.4641 12
    endloop
  endfacet
  facet normal 0 0 -1
    outer loop
      vertex 94 65.0981 12
      vertex 95 66.4641 12
      vertex 94.3263 64.8801 12
    endloop
  endfacet
  facet normal -0 0 -1
    outer loop
      vertex 95 66.4641 12
      vertex 94 65.0981 12
      vertex 94.5307 66.6955 12
    endloop
  endfacet
  facet normal 0 0 -1
    outer loop
      vertex 93.648 65.2716 12
      vertex 94.5307 66.6955 12
      vertex 94 65.0981 12
    endloop
  endfacet
  facet normal -0 0 -1
    outer loop
      vertex 94.5307 66.6955 12
      vertex 93.648 65.2716 12
      vertex 94.0353 66.8637 12
    endloop
  endfacet
  facet normal 0 0 -1
    outer loop
      vertex 93.2764 65.3978 12
      vertex 94.0353 66.8637 12
      vertex 93.648 65.2716 12
    endloop
  endfacet
  facet normal -0 0 -1
    outer loop
      vertex 94.0353 66.8637 12
      vertex 93.2764 65.3978 12
      vertex 93.5221 66.9658 12
    endloop
  endfacet
  facet normal 0 0 -1
    outer loop
      vertex 92.8916 65.4743 12
      vertex 93.5221 66.9658 12
      vertex 93.2764 65.3978 12
    endloop
  endfacet
  facet normal -0 0 -1
    outer loop
      vertex 93.5221 66.9658 12
      vertex 92.8916 65.4743 12
      vertex 93 67 12
    endloop
  endfacet
  facet normal 0 0 -1
    outer loop
      vertex 92.5 65.5 12
      vertex 93 67 12
      vertex 92.8916 65.4743 12
    endloop
  endfacet
  facet normal 0 0 -1
    outer loop
      vertex 7.5 65.5 12
      vertex 93 67 12
      vertex 92.5 65.5 12
    endloop
  endfacet
  facet normal 0 0 -1
    outer loop
      vertex 7.5 65.5 12
      vertex 7 67 12
      vertex 93 67 12
    endloop
  endfacet
  facet normal 0 0 -1
    outer loop
      vertex 7.10841 65.4743 12
      vertex 7 67 12
      vertex 7.5 65.5 12
    endloop
  endfacet
  facet normal 0 0 -1
    outer loop
      vertex 6.47789 66.9658 12
      vertex 7.10841 65.4743 12
      vertex 6.72354 65.3978 12
    endloop
  endfacet
  facet normal 0 0 -1
    outer loop
      vertex 7.10841 65.4743 12
      vertex 6.47789 66.9658 12
      vertex 7 67 12
    endloop
  endfacet
  facet normal 0 0 -1
    outer loop
      vertex 5.96472 66.8637 12
      vertex 6.72354 65.3978 12
      vertex 6.35194 65.2716 12
    endloop
  endfacet
  facet normal 0 0 -1
    outer loop
      vertex 5.46925 66.6955 12
      vertex 6.35194 65.2716 12
      vertex 6 65.0981 12
    endloop
  endfacet
  facet normal 0 0 -1
    outer loop
      vertex 6.72354 65.3978 12
      vertex 5.96472 66.8637 12
      vertex 6.47789 66.9658 12
    endloop
  endfacet
  facet normal 0 0 -1
    outer loop
      vertex 5 66.4641 12
      vertex 6 65.0981 12
      vertex 5.67371 64.8801 12
    endloop
  endfacet
  facet normal 0 0 -1
    outer loop
      vertex 6.35194 65.2716 12
      vertex 5.46925 66.6955 12
      vertex 5.96472 66.8637 12
    endloop
  endfacet
  facet normal 0 0 -1
    outer loop
      vertex 4.56494 66.1734 12
      vertex 5.67371 64.8801 12
      vertex 5.37868 64.6213 12
    endloop
  endfacet
  facet normal 0 0 -1
    outer loop
      vertex 3.82658 65.435 12
      vertex 5.37868 64.6213 12
      vertex 5.11993 64.3263 12
    endloop
  endfacet
  facet normal 0 0 -1
    outer loop
      vertex 6 65.0981 12
      vertex 5 66.4641 12
      vertex 5.46925 66.6955 12
    endloop
  endfacet
  facet normal 0 0 -1
    outer loop
      vertex 3.53589 65 12
      vertex 5.11993 64.3263 12
      vertex 4.90192 64 12
    endloop
  endfacet
  facet normal 0 0 -1
    outer loop
      vertex 3.30447 64.5307 12
      vertex 4.90192 64 12
      vertex 4.72835 63.648 12
    endloop
  endfacet
  facet normal 0 0 -1
    outer loop
      vertex 3.13629 64.0353 12
      vertex 4.72835 63.648 12
      vertex 4.60222 63.2764 12
    endloop
  endfacet
  facet normal 0 0 -1
    outer loop
      vertex 5.67371 64.8801 12
      vertex 4.56494 66.1734 12
      vertex 5 66.4641 12
    endloop
  endfacet
  facet normal 0 0 -1
    outer loop
      vertex 3.03421 63.5221 12
      vertex 4.60222 63.2764 12
      vertex 4.52567 62.8916 12
    endloop
  endfacet
  facet normal 0 0 -1
    outer loop
      vertex 3 63 12
      vertex 4.52567 62.8916 12
      vertex 4.5 62.5 12
    endloop
  endfacet
  facet normal 0 0 -1
    outer loop
      vertex 5.37868 64.6213 12
      vertex 4.17157 65.8284 12
      vertex 4.56494 66.1734 12
    endloop
  endfacet
  facet normal -0 0 -1
    outer loop
      vertex 4.5 7.5 12
      vertex 3 7 12
      vertex 4.5 62.5 12
    endloop
  endfacet
  facet normal -0 0 -1
    outer loop
      vertex 4.72835 6.35194 12
      vertex 3.13629 5.96472 12
      vertex 4.60222 6.72354 12
    endloop
  endfacet
  facet normal 0 0 -1
    outer loop
      vertex 3 63 12
      vertex 4.5 62.5 12
      vertex 3 7 12
    endloop
  endfacet
  facet normal 0 0 -1
    outer loop
      vertex 3.03421 6.47789 12
      vertex 4.60222 6.72354 12
      vertex 3.13629 5.96472 12
    endloop
  endfacet
  facet normal 0 0 -1
    outer loop
      vertex 4.52567 62.8916 12
      vertex 3 63 12
      vertex 3.03421 63.5221 12
    endloop
  endfacet
  facet normal -0 0 -1
    outer loop
      vertex 4.60222 6.72354 12
      vertex 3.03421 6.47789 12
      vertex 4.52567 7.10841 12
    endloop
  endfacet
  facet normal 0 0 -1
    outer loop
      vertex 5.37868 64.6213 12
      vertex 3.82658 65.435 12
      vertex 4.17157 65.8284 12
    endloop
  endfacet
  facet normal 0 0 -1
    outer loop
      vertex 3 7 12
      vertex 4.52567 7.10841 12
      vertex 3.03421 6.47789 12
    endloop
  endfacet
  facet normal 0 0 -1
    outer loop
      vertex 5.11993 64.3263 12
      vertex 3.53589 65 12
      vertex 3.82658 65.435 12
    endloop
  endfacet
  facet normal -0 0 -1
    outer loop
      vertex 4.52567 7.10841 12
      vertex 3 7 12
      vertex 4.5 7.5 12
    endloop
  endfacet
  facet normal 0 0 -1
    outer loop
      vertex 4.90192 64 12
      vertex 3.30447 64.5307 12
      vertex 3.53589 65 12
    endloop
  endfacet
  facet normal 0 0 -1
    outer loop
      vertex 4.72835 63.648 12
      vertex 3.13629 64.0353 12
      vertex 3.30447 64.5307 12
    endloop
  endfacet
  facet normal 0 0 -1
    outer loop
      vertex 4.60222 63.2764 12
      vertex 3.03421 63.5221 12
      vertex 3.13629 64.0353 12
    endloop
  endfacet
  facet normal -0.980784 -0.195098 0
    outer loop
      vertex 3.13629 5.96472 12
      vertex 3.03421 6.47789 14
      vertex 3.03421 6.47789 12
    endloop
  endfacet
  facet normal -0.980784 -0.195098 0
    outer loop
      vertex 3.03421 6.47789 14
      vertex 3.13629 5.96472 12
      vertex 3.13629 5.96472 14
    endloop
  endfacet
  facet normal -1 0 0
    outer loop
      vertex 3 7 12
      vertex 3 63 14
      vertex 3 63 12
    endloop
  endfacet
  facet normal -1 -0 0
    outer loop
      vertex 3 63 14
      vertex 3 7 12
      vertex 3 7 14
    endloop
  endfacet
  facet normal 0.997861 0.0653646 0
    outer loop
      vertex 97 63 14
      vertex 96.9658 63.5221 12
      vertex 96.9658 63.5221 14
    endloop
  endfacet
  facet normal 0.997861 0.0653646 0
    outer loop
      vertex 96.9658 63.5221 12
      vertex 97 63 14
      vertex 97 63 12
    endloop
  endfacet
  facet normal -0.99786 -0.0653824 0
    outer loop
      vertex 3.03421 6.47789 12
      vertex 3 7 14
      vertex 3 7 12
    endloop
  endfacet
  facet normal -0.99786 -0.0653824 0
    outer loop
      vertex 3 7 14
      vertex 3.03421 6.47789 12
      vertex 3.03421 6.47789 14
    endloop
  endfacet
  facet normal 0 1 -0
    outer loop
      vertex 93 67 12
      vertex 7 67 14
      vertex 93 67 14
    endloop
  endfacet
  facet normal 0 1 0
    outer loop
      vertex 7 67 14
      vertex 93 67 12
      vertex 7 67 12
    endloop
  endfacet
  facet normal 0.555613 -0.831441 0
    outer loop
      vertex 95 3.53589 12
      vertex 95.435 3.82658 14
      vertex 95 3.53589 14
    endloop
  endfacet
  facet normal 0.555613 -0.831441 0
    outer loop
      vertex 95.435 3.82658 14
      vertex 95 3.53589 12
      vertex 95.435 3.82658 12
    endloop
  endfacet
  facet normal 0 0 1
    outer loop
      vertex 95.4743 62.8916 14
      vertex 97 63 14
      vertex 96.9658 63.5221 14
    endloop
  endfacet
  facet normal 0 0 1
    outer loop
      vertex 97 63 14
      vertex 95.5 62.5 14
      vertex 97 7 14
    endloop
  endfacet
  facet normal 0 0 1
    outer loop
      vertex 95.3978 63.2764 14
      vertex 96.9658 63.5221 14
      vertex 96.8637 64.0353 14
    endloop
  endfacet
  facet normal -0 0 1
    outer loop
      vertex 95.5 7.5 14
      vertex 97 7 14
      vertex 95.5 62.5 14
    endloop
  endfacet
  facet normal 0 0 1
    outer loop
      vertex 95.2716 63.648 14
      vertex 96.8637 64.0353 14
      vertex 96.6955 64.5307 14
    endloop
  endfacet
  facet normal -0 0 1
    outer loop
      vertex 95.4743 7.10841 14
      vertex 97 7 14
      vertex 95.5 7.5 14
    endloop
  endfacet
  facet normal 0 0 1
    outer loop
      vertex 95.0981 64 14
      vertex 96.6955 64.5307 14
      vertex 96.4641 65 14
    endloop
  endfacet
  facet normal 0 0 1
    outer loop
      vertex 97 7 14
      vertex 95.4743 7.10841 14
      vertex 96.9658 6.47789 14
    endloop
  endfacet
  facet normal 0 0 1
    outer loop
      vertex 94.8801 64.3263 14
      vertex 96.4641 65 14
      vertex 96.1734 65.435 14
    endloop
  endfacet
  facet normal -0 0 1
    outer loop
      vertex 95.3978 6.72354 14
      vertex 96.9658 6.47789 14
      vertex 95.4743 7.10841 14
    endloop
  endfacet
  facet normal 0 0 1
    outer loop
      vertex 94.6213 64.6213 14
      vertex 96.1734 65.435 14
      vertex 95.8284 65.8284 14
    endloop
  endfacet
  facet normal 0 0 1
    outer loop
      vertex 96.9658 6.47789 14
      vertex 95.3978 6.72354 14
      vertex 96.8637 5.96472 14
    endloop
  endfacet
  facet normal -0 0 1
    outer loop
      vertex 95.2716 6.35194 14
      vertex 96.8637 5.96472 14
      vertex 95.3978 6.72354 14
    endloop
  endfacet
  facet normal 0 0 1
    outer loop
      vertex 97 63 14
      vertex 95.4743 62.8916 14
      vertex 95.5 62.5 14
    endloop
  endfacet
  facet normal 0 0 1
    outer loop
      vertex 94.6213 64.6213 14
      vertex 95.8284 65.8284 14
      vertex 95.435 66.1734 14
    endloop
  endfacet
  facet normal 0 0 1
    outer loop
      vertex 96.9658 63.5221 14
      vertex 95.3978 63.2764 14
      vertex 95.4743 62.8916 14
    endloop
  endfacet
  facet normal 0 0 1
    outer loop
      vertex 96.8637 64.0353 14
      vertex 95.2716 63.648 14
      vertex 95.3978 63.2764 14
    endloop
  endfacet
  facet normal 0 0 1
    outer loop
      vertex 96.6955 64.5307 14
      vertex 95.0981 64 14
      vertex 95.2716 63.648 14
    endloop
  endfacet
  facet normal 0 0 1
    outer loop
      vertex 94.3263 64.8801 14
      vertex 95.435 66.1734 14
      vertex 95 66.4641 14
    endloop
  endfacet
  facet normal 0 0 1
    outer loop
      vertex 96.4641 65 14
      vertex 94.8801 64.3263 14
      vertex 95.0981 64 14
    endloop
  endfacet
  facet normal 0 0 1
    outer loop
      vertex 96.1734 65.435 14
      vertex 94.6213 64.6213 14
      vertex 94.8801 64.3263 14
    endloop
  endfacet
  facet normal 0 0 1
    outer loop
      vertex 94 65.0981 14
      vertex 95 66.4641 14
      vertex 94.5307 66.6955 14
    endloop
  endfacet
  facet normal 0 0 1
    outer loop
      vertex 95.435 66.1734 14
      vertex 94.3263 64.8801 14
      vertex 94.6213 64.6213 14
    endloop
  endfacet
  facet normal 0 0 1
    outer loop
      vertex 93.648 65.2716 14
      vertex 94.5307 66.6955 14
      vertex 94.0353 66.8637 14
    endloop
  endfacet
  facet normal 0 0 1
    outer loop
      vertex 95 66.4641 14
      vertex 94 65.0981 14
      vertex 94.3263 64.8801 14
    endloop
  endfacet
  facet normal 0 0 1
    outer loop
      vertex 94.5307 66.6955 14
      vertex 93.648 65.2716 14
      vertex 94 65.0981 14
    endloop
  endfacet
  facet normal 0 0 1
    outer loop
      vertex 93.2764 65.3978 14
      vertex 94.0353 66.8637 14
      vertex 93.5221 66.9658 14
    endloop
  endfacet
  facet normal 0 0 1
    outer loop
      vertex 94.0353 66.8637 14
      vertex 93.2764 65.3978 14
      vertex 93.648 65.2716 14
    endloop
  endfacet
  facet normal 0 0 1
    outer loop
      vertex 92.8916 65.4743 14
      vertex 93.5221 66.9658 14
      vertex 93 67 14
    endloop
  endfacet
  facet normal 0 0 1
    outer loop
      vertex 93.5221 66.9658 14
      vertex 92.8916 65.4743 14
      vertex 93.2764 65.3978 14
    endloop
  endfacet
  facet normal 0 0 1
    outer loop
      vertex 93 67 14
      vertex 92.5 65.5 14
      vertex 92.8916 65.4743 14
    endloop
  endfacet
  facet normal 0 0 1
    outer loop
      vertex 93 67 14
      vertex 7.5 65.5 14
      vertex 92.5 65.5 14
    endloop
  endfacet
  facet normal -0 0 1
    outer loop
      vertex 7 67 14
      vertex 7.5 65.5 14
      vertex 93 67 14
    endloop
  endfacet
  facet normal 0 0 1
    outer loop
      vertex 7 67 14
      vertex 7.10841 65.4743 14
      vertex 7.5 65.5 14
    endloop
  endfacet
  facet normal -0 0 1
    outer loop
      vertex 6.47789 66.9658 14
      vertex 7.10841 65.4743 14
      vertex 7 67 14
    endloop
  endfacet
  facet normal 0 0 1
    outer loop
      vertex 7.10841 65.4743 14
      vertex 6.47789 66.9658 14
      vertex 6.72354 65.3978 14
    endloop
  endfacet
  facet normal -0 0 1
    outer loop
      vertex 5.96472 66.8637 14
      vertex 6.72354 65.3978 14
      vertex 6.47789 66.9658 14
    endloop
  endfacet
  facet normal 0 0 1
    outer loop
      vertex 6.72354 65.3978 14
      vertex 5.96472 66.8637 14
      vertex 6.35194 65.2716 14
    endloop
  endfacet
  facet normal -0 0 1
    outer loop
      vertex 5.46925 66.6955 14
      vertex 6.35194 65.2716 14
      vertex 5.96472 66.8637 14
    endloop
  endfacet
  facet normal 0 0 1
    outer loop
      vertex 6.35194 65.2716 14
      vertex 5.46925 66.6955 14
      vertex 6 65.0981 14
    endloop
  endfacet
  facet normal -0 0 1
    outer loop
      vertex 5 66.4641 14
      vertex 6 65.0981 14
      vertex 5.46925 66.6955 14
    endloop
  endfacet
  facet normal 0 0 1
    outer loop
      vertex 6 65.0981 14
      vertex 5 66.4641 14
      vertex 5.67371 64.8801 14
    endloop
  endfacet
  facet normal -0 0 1
    outer loop
      vertex 4.56494 66.1734 14
      vertex 5.67371 64.8801 14
      vertex 5 66.4641 14
    endloop
  endfacet
  facet normal 0 0 1
    outer loop
      vertex 5.67371 64.8801 14
      vertex 4.56494 66.1734 14
      vertex 5.37868 64.6213 14
    endloop
  endfacet
  facet normal -0 0 1
    outer loop
      vertex 4.17157 65.8284 14
      vertex 5.37868 64.6213 14
      vertex 4.56494 66.1734 14
    endloop
  endfacet
  facet normal -0 0 1
    outer loop
      vertex 3.82658 65.435 14
      vertex 5.37868 64.6213 14
      vertex 4.17157 65.8284 14
    endloop
  endfacet
  facet normal 0 0 1
    outer loop
      vertex 5.37868 64.6213 14
      vertex 3.82658 65.435 14
      vertex 5.11993 64.3263 14
    endloop
  endfacet
  facet normal -0 0 1
    outer loop
      vertex 3.53589 65 14
      vertex 5.11993 64.3263 14
      vertex 3.82658 65.435 14
    endloop
  endfacet
  facet normal 0 0 1
    outer loop
      vertex 5.11993 64.3263 14
      vertex 3.53589 65 14
      vertex 4.90192 64 14
    endloop
  endfacet
  facet normal -0 0 1
    outer loop
      vertex 3.30447 64.5307 14
      vertex 4.90192 64 14
      vertex 3.53589 65 14
    endloop
  endfacet
  facet normal -0 0 1
    outer loop
      vertex 3.13629 64.0353 14
      vertex 4.72835 63.648 14
      vertex 3.30447 64.5307 14
    endloop
  endfacet
  facet normal 0 0 1
    outer loop
      vertex 4.90192 64 14
      vertex 3.30447 64.5307 14
      vertex 4.72835 63.648 14
    endloop
  endfacet
  facet normal 0 0 1
    outer loop
      vertex 96.8637 5.96472 14
      vertex 95.2716 6.35194 14
      vertex 96.6955 5.46925 14
    endloop
  endfacet
  facet normal -0 0 1
    outer loop
      vertex 95.0981 6 14
      vertex 96.6955 5.46925 14
      vertex 95.2716 6.35194 14
    endloop
  endfacet
  facet normal 0 0 1
    outer loop
      vertex 96.6955 5.46925 14
      vertex 95.0981 6 14
      vertex 96.4641 5 14
    endloop
  endfacet
  facet normal -0 0 1
    outer loop
      vertex 94.8801 5.67371 14
      vertex 96.4641 5 14
      vertex 95.0981 6 14
    endloop
  endfacet
  facet normal 0 0 1
    outer loop
      vertex 96.4641 5 14
      vertex 94.8801 5.67371 14
      vertex 96.1734 4.56494 14
    endloop
  endfacet
  facet normal -0 0 1
    outer loop
      vertex 94.6213 5.37868 14
      vertex 96.1734 4.56494 14
      vertex 94.8801 5.67371 14
    endloop
  endfacet
  facet normal 0 0 1
    outer loop
      vertex 96.1734 4.56494 14
      vertex 94.6213 5.37868 14
      vertex 95.8284 4.17157 14
    endloop
  endfacet
  facet normal 0 0 1
    outer loop
      vertex 95.8284 4.17157 14
      vertex 94.6213 5.37868 14
      vertex 95.435 3.82658 14
    endloop
  endfacet
  facet normal -0 0 1
    outer loop
      vertex 94.3263 5.11993 14
      vertex 95.435 3.82658 14
      vertex 94.6213 5.37868 14
    endloop
  endfacet
  facet normal 0 0 1
    outer loop
      vertex 95.435 3.82658 14
      vertex 94.3263 5.11993 14
      vertex 95 3.53589 14
    endloop
  endfacet
  facet normal -0 0 1
    outer loop
      vertex 94 4.90192 14
      vertex 95 3.53589 14
      vertex 94.3263 5.11993 14
    endloop
  endfacet
  facet normal 0 0 1
    outer loop
      vertex 95 3.53589 14
      vertex 94 4.90192 14
      vertex 94.5307 3.30447 14
    endloop
  endfacet
  facet normal -0 0 1
    outer loop
      vertex 93.648 4.72835 14
      vertex 94.5307 3.30447 14
      vertex 94 4.90192 14
    endloop
  endfacet
  facet normal 0 0 1
    outer loop
      vertex 94.5307 3.30447 14
      vertex 93.648 4.72835 14
      vertex 94.0353 3.13629 14
    endloop
  endfacet
  facet normal -0 0 1
    outer loop
      vertex 93.2764 4.60222 14
      vertex 94.0353 3.13629 14
      vertex 93.648 4.72835 14
    endloop
  endfacet
  facet normal 0 0 1
    outer loop
      vertex 94.0353 3.13629 14
      vertex 93.2764 4.60222 14
      vertex 93.5221 3.03421 14
    endloop
  endfacet
  facet normal -0 0 1
    outer loop
      vertex 92.8916 4.52567 14
      vertex 93.5221 3.03421 14
      vertex 93.2764 4.60222 14
    endloop
  endfacet
  facet normal 0 0 1
    outer loop
      vertex 93.5221 3.03421 14
      vertex 92.8916 4.52567 14
      vertex 93 3 14
    endloop
  endfacet
  facet normal -0 0 1
    outer loop
      vertex 92.5 4.5 14
      vertex 93 3 14
      vertex 92.8916 4.52567 14
    endloop
  endfacet
  facet normal -0 0 1
    outer loop
      vertex 7.5 4.5 14
      vertex 93 3 14
      vertex 92.5 4.5 14
    endloop
  endfacet
  facet normal 0 0 1
    outer loop
      vertex 7.5 4.5 14
      vertex 7 3 14
      vertex 93 3 14
    endloop
  endfacet
  facet normal 0 0 1
    outer loop
      vertex 7.10841 4.52567 14
      vertex 7 3 14
      vertex 7.5 4.5 14
    endloop
  endfacet
  facet normal 0 0 1
    outer loop
      vertex 6.47789 3.03421 14
      vertex 7.10841 4.52567 14
      vertex 6.72354 4.60222 14
    endloop
  endfacet
  facet normal 0 0 1
    outer loop
      vertex 7.10841 4.52567 14
      vertex 6.47789 3.03421 14
      vertex 7 3 14
    endloop
  endfacet
  facet normal 0 0 1
    outer loop
      vertex 5.96472 3.13629 14
      vertex 6.72354 4.60222 14
      vertex 6.35194 4.72835 14
    endloop
  endfacet
  facet normal 0 0 1
    outer loop
      vertex 5.46925 3.30447 14
      vertex 6.35194 4.72835 14
      vertex 6 4.90192 14
    endloop
  endfacet
  facet normal 0 0 1
    outer loop
      vertex 6.72354 4.60222 14
      vertex 5.96472 3.13629 14
      vertex 6.47789 3.03421 14
    endloop
  endfacet
  facet normal 0 0 1
    outer loop
      vertex 5 3.53589 14
      vertex 6 4.90192 14
      vertex 5.67371 5.11993 14
    endloop
  endfacet
  facet normal 0 0 1
    outer loop
      vertex 6.35194 4.72835 14
      vertex 5.46925 3.30447 14
      vertex 5.96472 3.13629 14
    endloop
  endfacet
  facet normal 0 0 1
    outer loop
      vertex 4.56494 3.82658 14
      vertex 5.67371 5.11993 14
      vertex 5.37868 5.37868 14
    endloop
  endfacet
  facet normal 0 0 1
    outer loop
      vertex 3.82658 4.56494 14
      vertex 5.37868 5.37868 14
      vertex 5.11993 5.67371 14
    endloop
  endfacet
  facet normal 0 0 1
    outer loop
      vertex 6 4.90192 14
      vertex 5 3.53589 14
      vertex 5.46925 3.30447 14
    endloop
  endfacet
  facet normal 0 0 1
    outer loop
      vertex 3.53589 5 14
      vertex 5.11993 5.67371 14
      vertex 4.90192 6 14
    endloop
  endfacet
  facet normal 0 0 1
    outer loop
      vertex 3.30447 5.46925 14
      vertex 4.90192 6 14
      vertex 4.72835 6.35194 14
    endloop
  endfacet
  facet normal 0 0 1
    outer loop
      vertex 3.13629 5.96472 14
      vertex 4.72835 6.35194 14
      vertex 4.60222 6.72354 14
    endloop
  endfacet
  facet normal 0 0 1
    outer loop
      vertex 5.67371 5.11993 14
      vertex 4.56494 3.82658 14
      vertex 5 3.53589 14
    endloop
  endfacet
  facet normal 0 0 1
    outer loop
      vertex 3.03421 6.47789 14
      vertex 4.60222 6.72354 14
      vertex 4.52567 7.10841 14
    endloop
  endfacet
  facet normal 0 0 1
    outer loop
      vertex 3 7 14
      vertex 4.52567 7.10841 14
      vertex 4.5 7.5 14
    endloop
  endfacet
  facet normal 0 0 1
    outer loop
      vertex 5.37868 5.37868 14
      vertex 4.17157 4.17157 14
      vertex 4.56494 3.82658 14
    endloop
  endfacet
  facet normal 0 0 1
    outer loop
      vertex 4.5 62.5 14
      vertex 3 63 14
      vertex 4.5 7.5 14
    endloop
  endfacet
  facet normal 0 0 1
    outer loop
      vertex 4.72835 63.648 14
      vertex 3.13629 64.0353 14
      vertex 4.60222 63.2764 14
    endloop
  endfacet
  facet normal 0 0 1
    outer loop
      vertex 3 7 14
      vertex 4.5 7.5 14
      vertex 3 63 14
    endloop
  endfacet
  facet normal -0 0 1
    outer loop
      vertex 3.03421 63.5221 14
      vertex 4.60222 63.2764 14
      vertex 3.13629 64.0353 14
    endloop
  endfacet
  facet normal 0 0 1
    outer loop
      vertex 4.52567 7.10841 14
      vertex 3 7 14
      vertex 3.03421 6.47789 14
    endloop
  endfacet
  facet normal 0 0 1
    outer loop
      vertex 4.60222 63.2764 14
      vertex 3.03421 63.5221 14
      vertex 4.52567 62.8916 14
    endloop
  endfacet
  facet normal 0 0 1
    outer loop
      vertex 5.37868 5.37868 14
      vertex 3.82658 4.56494 14
      vertex 4.17157 4.17157 14
    endloop
  endfacet
  facet normal -0 0 1
    outer loop
      vertex 3 63 14
      vertex 4.52567 62.8916 14
      vertex 3.03421 63.5221 14
    endloop
  endfacet
  facet normal 0 0 1
    outer loop
      vertex 5.11993 5.67371 14
      vertex 3.53589 5 14
      vertex 3.82658 4.56494 14
    endloop
  endfacet
  facet normal 0 0 1
    outer loop
      vertex 4.52567 62.8916 14
      vertex 3 63 14
      vertex 4.5 62.5 14
    endloop
  endfacet
  facet normal 0 0 1
    outer loop
      vertex 4.90192 6 14
      vertex 3.30447 5.46925 14
      vertex 3.53589 5 14
    endloop
  endfacet
  facet normal 0 0 1
    outer loop
      vertex 4.72835 6.35194 14
      vertex 3.13629 5.96472 14
      vertex 3.30447 5.46925 14
    endloop
  endfacet
  facet normal 0 0 1
    outer loop
      vertex 4.60222 6.72354 14
      vertex 3.03421 6.47789 14
      vertex 3.13629 5.96472 14
    endloop
  endfacet
  facet normal 1 0 0
    outer loop
      vertex 97 63 14
      vertex 97 42 12
      vertex 97 63 12
    endloop
  endfacet
  facet normal 1 0 0
    outer loop
      vertex 97 63 14
      vertex 97 34 12
      vertex 97 42 12
    endloop
  endfacet
  facet normal 1 -0 0
    outer loop
      vertex 97 7 14
      vertex 97 34 12
      vertex 97 63 14
    endloop
  endfacet
  facet normal 1 0 0
    outer loop
      vertex 97 34 12
      vertex 97 7 14
      vertex 97 7 12
    endloop
  endfacet
  facet normal 0 -1 0
    outer loop
      vertex 7 3 12
      vertex 93 3 14
      vertex 7 3 14
    endloop
  endfacet
  facet normal 0 -1 -0
    outer loop
      vertex 93 3 14
      vertex 7 3 12
      vertex 93 3 12
    endloop
  endfacet
  facet normal -0.659371 0.751817 0
    outer loop
      vertex 4.56494 66.1734 12
      vertex 4.17157 65.8284 14
      vertex 4.56494 66.1734 14
    endloop
  endfacet
  facet normal -0.659371 0.751817 0
    outer loop
      vertex 4.17157 65.8284 14
      vertex 4.56494 66.1734 12
      vertex 4.17157 65.8284 12
    endloop
  endfacet
  facet normal -0.751852 0.659332 0
    outer loop
      vertex 3.82658 65.435 12
      vertex 4.17157 65.8284 14
      vertex 4.17157 65.8284 12
    endloop
  endfacet
  facet normal -0.751852 0.659332 0
    outer loop
      vertex 4.17157 65.8284 14
      vertex 3.82658 65.435 12
      vertex 3.82658 65.435 14
    endloop
  endfacet
  facet normal 0.751817 -0.659371 0
    outer loop
      vertex 95.8284 4.17157 14
      vertex 96.1734 4.56494 12
      vertex 96.1734 4.56494 14
    endloop
  endfacet
  facet normal 0.751817 -0.659371 0
    outer loop
      vertex 96.1734 4.56494 12
      vertex 95.8284 4.17157 14
      vertex 95.8284 4.17157 12
    endloop
  endfacet
  facet normal 0.997862 -0.0653634 0
    outer loop
      vertex 96.9658 6.47789 14
      vertex 97 7 12
      vertex 97 7 14
    endloop
  endfacet
  facet normal 0.997862 -0.0653634 0
    outer loop
      vertex 97 7 12
      vertex 96.9658 6.47789 14
      vertex 96.9658 6.47789 12
    endloop
  endfacet
  facet normal -0.659361 -0.751827 0
    outer loop
      vertex 4.17157 4.17157 12
      vertex 4.56494 3.82658 14
      vertex 4.17157 4.17157 14
    endloop
  endfacet
  facet normal -0.659361 -0.751827 -0
    outer loop
      vertex 4.56494 3.82658 14
      vertex 4.17157 4.17157 12
      vertex 4.56494 3.82658 12
    endloop
  endfacet
  facet normal -0.0653824 -0.99786 0
    outer loop
      vertex 6.47789 3.03421 12
      vertex 7 3 14
      vertex 6.47789 3.03421 14
    endloop
  endfacet
  facet normal -0.0653824 -0.99786 -0
    outer loop
      vertex 7 3 14
      vertex 6.47789 3.03421 12
      vertex 7 3 12
    endloop
  endfacet
  facet normal 0.321464 -0.946922 0
    outer loop
      vertex 94.0353 3.13629 12
      vertex 94.5307 3.30447 14
      vertex 94.0353 3.13629 14
    endloop
  endfacet
  facet normal 0.321464 -0.946922 0
    outer loop
      vertex 94.5307 3.30447 14
      vertex 94.0353 3.13629 12
      vertex 94.5307 3.30447 12
    endloop
  endfacet
  facet normal 0.94691 0.321498 0
    outer loop
      vertex 96.8637 64.0353 14
      vertex 96.6955 64.5307 12
      vertex 96.6955 64.5307 14
    endloop
  endfacet
  facet normal 0.94691 0.321498 0
    outer loop
      vertex 96.6955 64.5307 12
      vertex 96.8637 64.0353 14
      vertex 96.8637 64.0353 12
    endloop
  endfacet
  facet normal 0.442238 0.896898 -0
    outer loop
      vertex 95 66.4641 12
      vertex 94.5307 66.6955 14
      vertex 95 66.4641 14
    endloop
  endfacet
  facet normal 0.442238 0.896898 0
    outer loop
      vertex 94.5307 66.6955 14
      vertex 95 66.4641 12
      vertex 94.5307 66.6955 12
    endloop
  endfacet
  facet normal 0.831432 0.555626 0
    outer loop
      vertex 96.4641 65 14
      vertex 96.1734 65.435 12
      vertex 96.1734 65.435 14
    endloop
  endfacet
  facet normal 0.831432 0.555626 0
    outer loop
      vertex 96.1734 65.435 12
      vertex 96.4641 65 14
      vertex 96.4641 65 12
    endloop
  endfacet
  facet normal -0.442276 0.896879 0
    outer loop
      vertex 5.46925 66.6955 12
      vertex 5 66.4641 14
      vertex 5.46925 66.6955 14
    endloop
  endfacet
  facet normal -0.442276 0.896879 0
    outer loop
      vertex 5 66.4641 14
      vertex 5.46925 66.6955 12
      vertex 5 66.4641 12
    endloop
  endfacet
  facet normal -0.195135 0.980776 0
    outer loop
      vertex 6.47789 66.9658 12
      vertex 5.96472 66.8637 14
      vertex 6.47789 66.9658 14
    endloop
  endfacet
  facet normal -0.195135 0.980776 0
    outer loop
      vertex 5.96472 66.8637 14
      vertex 6.47789 66.9658 12
      vertex 5.96472 66.8637 12
    endloop
  endfacet
  facet normal -0.99786 0.0653836 0
    outer loop
      vertex 3 63 12
      vertex 3.03421 63.5221 14
      vertex 3.03421 63.5221 12
    endloop
  endfacet
  facet normal -0.99786 0.0653836 0
    outer loop
      vertex 3.03421 63.5221 14
      vertex 3 63 12
      vertex 3 63 14
    endloop
  endfacet
  facet normal -0.946922 0.321464 0
    outer loop
      vertex 3.13629 64.0353 12
      vertex 3.30447 64.5307 14
      vertex 3.30447 64.5307 12
    endloop
  endfacet
  facet normal -0.946922 0.321464 0
    outer loop
      vertex 3.30447 64.5307 14
      vertex 3.13629 64.0353 12
      vertex 3.13629 64.0353 14
    endloop
  endfacet
  facet normal -0.831441 0.555613 0
    outer loop
      vertex 3.53589 65 12
      vertex 3.82658 65.435 14
      vertex 3.82658 65.435 12
    endloop
  endfacet
  facet normal -0.831441 0.555613 0
    outer loop
      vertex 3.82658 65.435 14
      vertex 3.53589 65 12
      vertex 3.53589 65 14
    endloop
  endfacet
  facet normal 0.659332 -0.751852 0
    outer loop
      vertex 95.435 3.82658 12
      vertex 95.8284 4.17157 14
      vertex 95.435 3.82658 14
    endloop
  endfacet
  facet normal 0.659332 -0.751852 0
    outer loop
      vertex 95.8284 4.17157 14
      vertex 95.435 3.82658 12
      vertex 95.8284 4.17157 12
    endloop
  endfacet
  facet normal 0.896879 -0.442276 0
    outer loop
      vertex 96.4641 5 14
      vertex 96.6955 5.46925 12
      vertex 96.6955 5.46925 14
    endloop
  endfacet
  facet normal 0.896879 -0.442276 0
    outer loop
      vertex 96.6955 5.46925 12
      vertex 96.4641 5 14
      vertex 96.4641 5 12
    endloop
  endfacet
  facet normal 0.980776 -0.195135 0
    outer loop
      vertex 96.8637 5.96472 14
      vertex 96.9658 6.47789 12
      vertex 96.9658 6.47789 14
    endloop
  endfacet
  facet normal 0.980776 -0.195135 0
    outer loop
      vertex 96.9658 6.47789 12
      vertex 96.8637 5.96472 14
      vertex 96.8637 5.96472 12
    endloop
  endfacet
  facet normal 0.946924 -0.321458 0
    outer loop
      vertex 96.6955 5.46925 14
      vertex 96.8637 5.96472 12
      vertex 96.8637 5.96472 14
    endloop
  endfacet
  facet normal 0.946924 -0.321458 0
    outer loop
      vertex 96.8637 5.96472 12
      vertex 96.6955 5.46925 14
      vertex 96.6955 5.46925 12
    endloop
  endfacet
  facet normal -0.442306 -0.896864 0
    outer loop
      vertex 5 3.53589 12
      vertex 5.46925 3.30447 14
      vertex 5 3.53589 14
    endloop
  endfacet
  facet normal -0.442306 -0.896864 -0
    outer loop
      vertex 5.46925 3.30447 14
      vertex 5 3.53589 12
      vertex 5.46925 3.30447 12
    endloop
  endfacet
  facet normal -0.55556 -0.831476 0
    outer loop
      vertex 4.56494 3.82658 12
      vertex 5 3.53589 14
      vertex 4.56494 3.82658 14
    endloop
  endfacet
  facet normal -0.55556 -0.831476 -0
    outer loop
      vertex 5 3.53589 14
      vertex 4.56494 3.82658 12
      vertex 5 3.53589 12
    endloop
  endfacet
  facet normal -0.946936 -0.321423 0
    outer loop
      vertex 3.30447 5.46925 12
      vertex 3.13629 5.96472 14
      vertex 3.13629 5.96472 12
    endloop
  endfacet
  facet normal -0.946936 -0.321423 0
    outer loop
      vertex 3.13629 5.96472 14
      vertex 3.30447 5.46925 12
      vertex 3.30447 5.46925 14
    endloop
  endfacet
  facet normal -0.751827 -0.659361 0
    outer loop
      vertex 4.17157 4.17157 12
      vertex 3.82658 4.56494 14
      vertex 3.82658 4.56494 12
    endloop
  endfacet
  facet normal -0.751827 -0.659361 0
    outer loop
      vertex 3.82658 4.56494 14
      vertex 4.17157 4.17157 12
      vertex 4.17157 4.17157 14
    endloop
  endfacet
  facet normal 0.0653836 -0.99786 0
    outer loop
      vertex 93 3 12
      vertex 93.5221 3.03421 14
      vertex 93 3 14
    endloop
  endfacet
  facet normal 0.0653836 -0.99786 0
    outer loop
      vertex 93.5221 3.03421 14
      vertex 93 3 12
      vertex 93.5221 3.03421 12
    endloop
  endfacet
  facet normal 0.0653646 0.997861 -0
    outer loop
      vertex 93.5221 66.9658 12
      vertex 93 67 14
      vertex 93.5221 66.9658 14
    endloop
  endfacet
  facet normal 0.0653646 0.997861 0
    outer loop
      vertex 93 67 14
      vertex 93.5221 66.9658 12
      vertex 93 67 12
    endloop
  endfacet
  facet normal 0.896898 0.442238 0
    outer loop
      vertex 96.6955 64.5307 14
      vertex 96.4641 65 12
      vertex 96.4641 65 14
    endloop
  endfacet
  facet normal 0.896898 0.442238 0
    outer loop
      vertex 96.4641 65 12
      vertex 96.6955 64.5307 14
      vertex 96.6955 64.5307 12
    endloop
  endfacet
  facet normal -0.321458 0.946924 0
    outer loop
      vertex 5.96472 66.8637 12
      vertex 5.46925 66.6955 14
      vertex 5.96472 66.8637 14
    endloop
  endfacet
  facet normal -0.321458 0.946924 0
    outer loop
      vertex 5.46925 66.6955 14
      vertex 5.96472 66.8637 12
      vertex 5.46925 66.6955 12
    endloop
  endfacet
  facet normal -0.0653634 0.997862 0
    outer loop
      vertex 7 67 12
      vertex 6.47789 66.9658 14
      vertex 7 67 14
    endloop
  endfacet
  facet normal -0.0653634 0.997862 0
    outer loop
      vertex 6.47789 66.9658 14
      vertex 7 67 12
      vertex 6.47789 66.9658 12
    endloop
  endfacet
  facet normal -0.980786 0.195087 0
    outer loop
      vertex 3.03421 63.5221 12
      vertex 3.13629 64.0353 14
      vertex 3.13629 64.0353 12
    endloop
  endfacet
  facet normal -0.980786 0.195087 0
    outer loop
      vertex 3.13629 64.0353 14
      vertex 3.03421 63.5221 12
      vertex 3.03421 63.5221 14
    endloop
  endfacet
  facet normal -0.896883 0.442268 0
    outer loop
      vertex 3.30447 64.5307 12
      vertex 3.53589 65 14
      vertex 3.53589 65 12
    endloop
  endfacet
  facet normal -0.896883 0.442268 0
    outer loop
      vertex 3.53589 65 14
      vertex 3.30447 64.5307 12
      vertex 3.30447 64.5307 14
    endloop
  endfacet
  facet normal -0.555573 0.831468 0
    outer loop
      vertex 5 66.4641 12
      vertex 4.56494 66.1734 14
      vertex 5 66.4641 14
    endloop
  endfacet
  facet normal -0.555573 0.831468 0
    outer loop
      vertex 4.56494 66.1734 14
      vertex 5 66.4641 12
      vertex 4.56494 66.1734 12
    endloop
  endfacet
  facet normal 0.831468 -0.555573 0
    outer loop
      vertex 96.1734 4.56494 14
      vertex 96.4641 5 12
      vertex 96.4641 5 14
    endloop
  endfacet
  facet normal 0.831468 -0.555573 0
    outer loop
      vertex 96.4641 5 12
      vertex 96.1734 4.56494 14
      vertex 96.1734 4.56494 12
    endloop
  endfacet
  facet normal -0.321423 -0.946936 0
    outer loop
      vertex 5.46925 3.30447 12
      vertex 5.96472 3.13629 14
      vertex 5.46925 3.30447 14
    endloop
  endfacet
  facet normal -0.321423 -0.946936 -0
    outer loop
      vertex 5.96472 3.13629 14
      vertex 5.46925 3.30447 12
      vertex 5.96472 3.13629 12
    endloop
  endfacet
  facet normal -0.896864 -0.442306 0
    outer loop
      vertex 3.53589 5 12
      vertex 3.30447 5.46925 14
      vertex 3.30447 5.46925 12
    endloop
  endfacet
  facet normal -0.896864 -0.442306 0
    outer loop
      vertex 3.30447 5.46925 14
      vertex 3.53589 5 12
      vertex 3.53589 5 14
    endloop
  endfacet
  facet normal -0.831476 -0.55556 0
    outer loop
      vertex 3.82658 4.56494 12
      vertex 3.53589 5 14
      vertex 3.53589 5 12
    endloop
  endfacet
  facet normal -0.831476 -0.55556 0
    outer loop
      vertex 3.53589 5 14
      vertex 3.82658 4.56494 12
      vertex 3.82658 4.56494 14
    endloop
  endfacet
  facet normal 0.195087 -0.980786 0
    outer loop
      vertex 93.5221 3.03421 12
      vertex 94.0353 3.13629 14
      vertex 93.5221 3.03421 14
    endloop
  endfacet
  facet normal 0.195087 -0.980786 0
    outer loop
      vertex 94.0353 3.13629 14
      vertex 93.5221 3.03421 12
      vertex 94.0353 3.13629 12
    endloop
  endfacet
  facet normal 0.442268 -0.896883 0
    outer loop
      vertex 94.5307 3.30447 12
      vertex 95 3.53589 14
      vertex 94.5307 3.30447 14
    endloop
  endfacet
  facet normal 0.442268 -0.896883 0
    outer loop
      vertex 95 3.53589 14
      vertex 94.5307 3.30447 12
      vertex 95 3.53589 12
    endloop
  endfacet
  facet normal 0.195124 0.980779 -0
    outer loop
      vertex 94.0353 66.8637 12
      vertex 93.5221 66.9658 14
      vertex 94.0353 66.8637 14
    endloop
  endfacet
  facet normal 0.195124 0.980779 0
    outer loop
      vertex 93.5221 66.9658 14
      vertex 94.0353 66.8637 12
      vertex 93.5221 66.9658 12
    endloop
  endfacet
  facet normal 0.321498 0.94691 -0
    outer loop
      vertex 94.5307 66.6955 12
      vertex 94.0353 66.8637 14
      vertex 94.5307 66.6955 14
    endloop
  endfacet
  facet normal 0.321498 0.94691 0
    outer loop
      vertex 94.0353 66.8637 14
      vertex 94.5307 66.6955 12
      vertex 94.0353 66.8637 12
    endloop
  endfacet
  facet normal 0.555626 0.831432 -0
    outer loop
      vertex 95.435 66.1734 12
      vertex 95 66.4641 14
      vertex 95.435 66.1734 14
    endloop
  endfacet
  facet normal 0.555626 0.831432 0
    outer loop
      vertex 95 66.4641 14
      vertex 95.435 66.1734 12
      vertex 95 66.4641 12
    endloop
  endfacet
  facet normal 0.980779 0.195124 0
    outer loop
      vertex 96.9658 63.5221 14
      vertex 96.8637 64.0353 12
      vertex 96.8637 64.0353 14
    endloop
  endfacet
  facet normal 0.980779 0.195124 0
    outer loop
      vertex 96.8637 64.0353 12
      vertex 96.9658 63.5221 14
      vertex 96.9658 63.5221 12
    endloop
  endfacet
  facet normal -0.195098 -0.980784 0
    outer loop
      vertex 5.96472 3.13629 12
      vertex 6.47789 3.03421 14
      vertex 5.96472 3.13629 14
    endloop
  endfacet
  facet normal -0.195098 -0.980784 -0
    outer loop
      vertex 6.47789 3.03421 14
      vertex 5.96472 3.13629 12
      vertex 6.47789 3.03421 12
    endloop
  endfacet
  facet normal 0.659343 0.751842 -0
    outer loop
      vertex 95.8284 65.8284 12
      vertex 95.435 66.1734 14
      vertex 95.8284 65.8284 14
    endloop
  endfacet
  facet normal 0.659343 0.751842 0
    outer loop
      vertex 95.435 66.1734 14
      vertex 95.8284 65.8284 12
      vertex 95.435 66.1734 12
    endloop
  endfacet
  facet normal 0.751842 0.659343 0
    outer loop
      vertex 96.1734 65.435 14
      vertex 95.8284 65.8284 12
      vertex 95.8284 65.8284 14
    endloop
  endfacet
  facet normal 0.751842 0.659343 0
    outer loop
      vertex 95.8284 65.8284 12
      vertex 96.1734 65.435 14
      vertex 96.1734 65.435 12
    endloop
  endfacet
  facet normal 0.946939 0.321414 0
    outer loop
      vertex 4.72835 6.35194 14
      vertex 4.60222 6.72354 12
      vertex 4.60222 6.72354 14
    endloop
  endfacet
  facet normal 0.946939 0.321414 0
    outer loop
      vertex 4.60222 6.72354 12
      vertex 4.72835 6.35194 14
      vertex 4.72835 6.35194 12
    endloop
  endfacet
  facet normal 0.89686 0.442314 0
    outer loop
      vertex 4.90192 6 14
      vertex 4.72835 6.35194 12
      vertex 4.72835 6.35194 14
    endloop
  endfacet
  facet normal 0.89686 0.442314 0
    outer loop
      vertex 4.72835 6.35194 12
      vertex 4.90192 6 14
      vertex 4.90192 6 12
    endloop
  endfacet
  facet normal 1 -0 0
    outer loop
      vertex 4.5 7.5 14
      vertex 4.5 62.5 12
      vertex 4.5 62.5 14
    endloop
  endfacet
  facet normal 1 0 0
    outer loop
      vertex 4.5 62.5 12
      vertex 4.5 7.5 14
      vertex 4.5 7.5 12
    endloop
  endfacet
  facet normal 0.997858 -0.0654112 0
    outer loop
      vertex 4.5 62.5 14
      vertex 4.52567 62.8916 12
      vertex 4.52567 62.8916 14
    endloop
  endfacet
  facet normal 0.997858 -0.0654112 0
    outer loop
      vertex 4.52567 62.8916 12
      vertex 4.5 62.5 14
      vertex 4.5 62.5 12
    endloop
  endfacet
  facet normal -1 0 0
    outer loop
      vertex 95.5 7.5 12
      vertex 95.5 62.5 14
      vertex 95.5 62.5 12
    endloop
  endfacet
  facet normal -1 -0 0
    outer loop
      vertex 95.5 62.5 14
      vertex 95.5 7.5 12
      vertex 95.5 7.5 14
    endloop
  endfacet
  facet normal 0.980788 0.195077 0
    outer loop
      vertex 4.60222 6.72354 14
      vertex 4.52567 7.10841 12
      vertex 4.52567 7.10841 14
    endloop
  endfacet
  facet normal 0.980788 0.195077 0
    outer loop
      vertex 4.52567 7.10841 12
      vertex 4.60222 6.72354 14
      vertex 4.60222 6.72354 12
    endloop
  endfacet
  facet normal 0.997858 0.0654129 0
    outer loop
      vertex 4.52567 7.10841 14
      vertex 4.5 7.5 12
      vertex 4.5 7.5 14
    endloop
  endfacet
  facet normal 0.997858 0.0654129 0
    outer loop
      vertex 4.5 7.5 12
      vertex 4.52567 7.10841 14
      vertex 4.52567 7.10841 12
    endloop
  endfacet
  facet normal -0.831501 -0.555523 0
    outer loop
      vertex 95.0981 64 12
      vertex 94.8801 64.3263 14
      vertex 94.8801 64.3263 12
    endloop
  endfacet
  facet normal -0.831501 -0.555523 0
    outer loop
      vertex 94.8801 64.3263 14
      vertex 95.0981 64 12
      vertex 95.0981 64 14
    endloop
  endfacet
  facet normal 0 -1 0
    outer loop
      vertex 7.5 65.5 12
      vertex 92.5 65.5 14
      vertex 7.5 65.5 14
    endloop
  endfacet
  facet normal 0 -1 -0
    outer loop
      vertex 92.5 65.5 14
      vertex 7.5 65.5 12
      vertex 92.5 65.5 12
    endloop
  endfacet
  facet normal -0.946885 -0.321574 0
    outer loop
      vertex 95.3978 63.2764 12
      vertex 95.2716 63.648 14
      vertex 95.2716 63.648 12
    endloop
  endfacet
  facet normal -0.946885 -0.321574 0
    outer loop
      vertex 95.2716 63.648 14
      vertex 95.3978 63.2764 12
      vertex 95.3978 63.2764 14
    endloop
  endfacet
  facet normal 0 1 -0
    outer loop
      vertex 92.5 4.5 12
      vertex 7.5 4.5 14
      vertex 92.5 4.5 14
    endloop
  endfacet
  facet normal 0 1 0
    outer loop
      vertex 7.5 4.5 14
      vertex 92.5 4.5 12
      vertex 7.5 4.5 12
    endloop
  endfacet
  facet normal -0.659406 0.751787 0
    outer loop
      vertex 94.6213 5.37868 12
      vertex 94.3263 5.11993 14
      vertex 94.6213 5.37868 14
    endloop
  endfacet
  facet normal -0.659406 0.751787 0
    outer loop
      vertex 94.3263 5.11993 14
      vertex 94.6213 5.37868 12
      vertex 94.3263 5.11993 12
    endloop
  endfacet
  facet normal 0.555535 -0.831493 0
    outer loop
      vertex 5.67371 64.8801 12
      vertex 6 65.0981 14
      vertex 5.67371 64.8801 14
    endloop
  endfacet
  facet normal 0.555535 -0.831493 0
    outer loop
      vertex 6 65.0981 14
      vertex 5.67371 64.8801 12
      vertex 6 65.0981 12
    endloop
  endfacet
  facet normal 0.831489 -0.555541 0
    outer loop
      vertex 4.90192 64 14
      vertex 5.11993 64.3263 12
      vertex 5.11993 64.3263 14
    endloop
  endfacet
  facet normal 0.831489 -0.555541 0
    outer loop
      vertex 5.11993 64.3263 12
      vertex 4.90192 64 14
      vertex 4.90192 64 12
    endloop
  endfacet
  facet normal -0.896961 -0.44211 0
    outer loop
      vertex 95.2716 63.648 12
      vertex 95.0981 64 14
      vertex 95.0981 64 12
    endloop
  endfacet
  facet normal -0.896961 -0.44211 0
    outer loop
      vertex 95.0981 64 14
      vertex 95.2716 63.648 12
      vertex 95.2716 63.648 14
    endloop
  endfacet
  facet normal -0.555523 -0.831501 0
    outer loop
      vertex 94 65.0981 12
      vertex 94.3263 64.8801 14
      vertex 94 65.0981 14
    endloop
  endfacet
  facet normal -0.555523 -0.831501 -0
    outer loop
      vertex 94.3263 64.8801 14
      vertex 94 65.0981 12
      vertex 94.3263 64.8801 12
    endloop
  endfacet
  facet normal -0.0654873 -0.997853 0
    outer loop
      vertex 92.5 65.5 12
      vertex 92.8916 65.4743 14
      vertex 92.5 65.5 14
    endloop
  endfacet
  facet normal -0.0654873 -0.997853 -0
    outer loop
      vertex 92.8916 65.4743 14
      vertex 92.5 65.5 12
      vertex 92.8916 65.4743 12
    endloop
  endfacet
  facet normal -0.751757 0.65944 0
    outer loop
      vertex 94.6213 5.37868 12
      vertex 94.8801 5.67371 14
      vertex 94.8801 5.67371 12
    endloop
  endfacet
  facet normal -0.751757 0.65944 0
    outer loop
      vertex 94.8801 5.67371 14
      vertex 94.6213 5.37868 12
      vertex 94.6213 5.37868 14
    endloop
  endfacet
  facet normal -0.442253 0.89689 0
    outer loop
      vertex 94 4.90192 12
      vertex 93.648 4.72835 14
      vertex 94 4.90192 14
    endloop
  endfacet
  facet normal -0.442253 0.89689 0
    outer loop
      vertex 93.648 4.72835 14
      vertex 94 4.90192 12
      vertex 93.648 4.72835 12
    endloop
  endfacet
  facet normal 0.831481 0.555553 0
    outer loop
      vertex 5.11993 5.67371 14
      vertex 4.90192 6 12
      vertex 4.90192 6 14
    endloop
  endfacet
  facet normal 0.831481 0.555553 0
    outer loop
      vertex 4.90192 6 12
      vertex 5.11993 5.67371 14
      vertex 5.11993 5.67371 12
    endloop
  endfacet
  facet normal 0.980781 -0.195111 0
    outer loop
      vertex 4.52567 62.8916 14
      vertex 4.60222 63.2764 12
      vertex 4.60222 63.2764 14
    endloop
  endfacet
  facet normal 0.980781 -0.195111 0
    outer loop
      vertex 4.60222 63.2764 12
      vertex 4.52567 62.8916 14
      vertex 4.52567 62.8916 12
    endloop
  endfacet
  facet normal 0.946939 -0.321414 0
    outer loop
      vertex 4.60222 63.2764 14
      vertex 4.72835 63.648 12
      vertex 4.72835 63.648 14
    endloop
  endfacet
  facet normal 0.946939 -0.321414 0
    outer loop
      vertex 4.72835 63.648 12
      vertex 4.60222 63.2764 14
      vertex 4.60222 63.2764 12
    endloop
  endfacet
  facet normal 0.89689 -0.442253 0
    outer loop
      vertex 4.72835 63.648 14
      vertex 4.90192 64 12
      vertex 4.90192 64 14
    endloop
  endfacet
  facet normal 0.89689 -0.442253 0
    outer loop
      vertex 4.90192 64 12
      vertex 4.72835 63.648 14
      vertex 4.72835 63.648 12
    endloop
  endfacet
  facet normal 0.65944 -0.751757 0
    outer loop
      vertex 5.37868 64.6213 12
      vertex 5.67371 64.8801 14
      vertex 5.37868 64.6213 14
    endloop
  endfacet
  facet normal 0.65944 -0.751757 0
    outer loop
      vertex 5.67371 64.8801 14
      vertex 5.37868 64.6213 12
      vertex 5.67371 64.8801 12
    endloop
  endfacet
  facet normal 0.751787 -0.659406 0
    outer loop
      vertex 5.11993 64.3263 14
      vertex 5.37868 64.6213 12
      vertex 5.37868 64.6213 14
    endloop
  endfacet
  facet normal 0.751787 -0.659406 0
    outer loop
      vertex 5.37868 64.6213 12
      vertex 5.11993 64.3263 14
      vertex 5.11993 64.3263 12
    endloop
  endfacet
  facet normal -0.321574 -0.946885 0
    outer loop
      vertex 93.2764 65.3978 12
      vertex 93.648 65.2716 14
      vertex 93.2764 65.3978 14
    endloop
  endfacet
  facet normal -0.321574 -0.946885 -0
    outer loop
      vertex 93.648 65.2716 14
      vertex 93.2764 65.3978 12
      vertex 93.648 65.2716 12
    endloop
  endfacet
  facet normal -0.44211 -0.896961 0
    outer loop
      vertex 93.648 65.2716 12
      vertex 94 65.0981 14
      vertex 93.648 65.2716 14
    endloop
  endfacet
  facet normal -0.44211 -0.896961 -0
    outer loop
      vertex 94 65.0981 14
      vertex 93.648 65.2716 12
      vertex 94 65.0981 12
    endloop
  endfacet
  facet normal -0.194989 -0.980806 0
    outer loop
      vertex 92.8916 65.4743 12
      vertex 93.2764 65.3978 14
      vertex 92.8916 65.4743 14
    endloop
  endfacet
  facet normal -0.194989 -0.980806 -0
    outer loop
      vertex 93.2764 65.3978 14
      vertex 92.8916 65.4743 12
      vertex 93.2764 65.3978 12
    endloop
  endfacet
  facet normal 0.194955 -0.980812 0
    outer loop
      vertex 6.72354 65.3978 12
      vertex 7.10841 65.4743 14
      vertex 6.72354 65.3978 14
    endloop
  endfacet
  facet normal 0.194955 -0.980812 0
    outer loop
      vertex 7.10841 65.4743 14
      vertex 6.72354 65.3978 12
      vertex 7.10841 65.4743 12
    endloop
  endfacet
  facet normal 0.065489 -0.997853 0
    outer loop
      vertex 7.10841 65.4743 12
      vertex 7.5 65.5 14
      vertex 7.10841 65.4743 14
    endloop
  endfacet
  facet normal 0.065489 -0.997853 0
    outer loop
      vertex 7.5 65.5 14
      vertex 7.10841 65.4743 12
      vertex 7.5 65.5 12
    endloop
  endfacet
  facet normal 0.442171 -0.896931 0
    outer loop
      vertex 6 65.0981 12
      vertex 6.35194 65.2716 14
      vertex 6 65.0981 14
    endloop
  endfacet
  facet normal 0.442171 -0.896931 0
    outer loop
      vertex 6.35194 65.2716 14
      vertex 6 65.0981 12
      vertex 6.35194 65.2716 12
    endloop
  endfacet
  facet normal 0.321574 -0.946885 0
    outer loop
      vertex 6.35194 65.2716 12
      vertex 6.72354 65.3978 14
      vertex 6.35194 65.2716 14
    endloop
  endfacet
  facet normal 0.321574 -0.946885 0
    outer loop
      vertex 6.72354 65.3978 14
      vertex 6.35194 65.2716 12
      vertex 6.72354 65.3978 12
    endloop
  endfacet
  facet normal -0.997853 -0.0654873 0
    outer loop
      vertex 95.5 62.5 12
      vertex 95.4743 62.8916 14
      vertex 95.4743 62.8916 12
    endloop
  endfacet
  facet normal -0.997853 -0.0654873 0
    outer loop
      vertex 95.4743 62.8916 14
      vertex 95.5 62.5 12
      vertex 95.5 62.5 14
    endloop
  endfacet
  facet normal -0.980806 -0.194989 0
    outer loop
      vertex 95.4743 62.8916 12
      vertex 95.3978 63.2764 14
      vertex 95.3978 63.2764 12
    endloop
  endfacet
  facet normal -0.980806 -0.194989 0
    outer loop
      vertex 95.3978 63.2764 14
      vertex 95.4743 62.8916 12
      vertex 95.4743 62.8916 14
    endloop
  endfacet
  facet normal 0.555553 0.831481 -0
    outer loop
      vertex 6 4.90192 12
      vertex 5.67371 5.11993 14
      vertex 6 4.90192 14
    endloop
  endfacet
  facet normal 0.555553 0.831481 0
    outer loop
      vertex 5.67371 5.11993 14
      vertex 6 4.90192 12
      vertex 5.67371 5.11993 12
    endloop
  endfacet
  facet normal 0.442314 0.89686 -0
    outer loop
      vertex 6.35194 4.72835 12
      vertex 6 4.90192 14
      vertex 6.35194 4.72835 14
    endloop
  endfacet
  facet normal 0.442314 0.89686 0
    outer loop
      vertex 6 4.90192 14
      vertex 6.35194 4.72835 12
      vertex 6 4.90192 12
    endloop
  endfacet
  facet normal 0.0654129 0.997858 -0
    outer loop
      vertex 7.5 4.5 12
      vertex 7.10841 4.52567 14
      vertex 7.5 4.5 14
    endloop
  endfacet
  facet normal 0.0654129 0.997858 0
    outer loop
      vertex 7.10841 4.52567 14
      vertex 7.5 4.5 12
      vertex 7.10841 4.52567 12
    endloop
  endfacet
  facet normal -0.980812 0.194955 0
    outer loop
      vertex 95.3978 6.72354 12
      vertex 95.4743 7.10841 14
      vertex 95.4743 7.10841 12
    endloop
  endfacet
  facet normal -0.980812 0.194955 0
    outer loop
      vertex 95.4743 7.10841 14
      vertex 95.3978 6.72354 12
      vertex 95.3978 6.72354 14
    endloop
  endfacet
  facet normal -0.946885 0.321574 0
    outer loop
      vertex 95.2716 6.35194 12
      vertex 95.3978 6.72354 14
      vertex 95.3978 6.72354 12
    endloop
  endfacet
  facet normal -0.946885 0.321574 0
    outer loop
      vertex 95.3978 6.72354 14
      vertex 95.2716 6.35194 12
      vertex 95.2716 6.35194 14
    endloop
  endfacet
  facet normal -0.555541 0.831489 0
    outer loop
      vertex 94.3263 5.11993 12
      vertex 94 4.90192 14
      vertex 94.3263 5.11993 14
    endloop
  endfacet
  facet normal -0.555541 0.831489 0
    outer loop
      vertex 94 4.90192 14
      vertex 94.3263 5.11993 12
      vertex 94 4.90192 12
    endloop
  endfacet
  facet normal -0.321414 0.946939 0
    outer loop
      vertex 93.648 4.72835 12
      vertex 93.2764 4.60222 14
      vertex 93.648 4.72835 14
    endloop
  endfacet
  facet normal -0.321414 0.946939 0
    outer loop
      vertex 93.2764 4.60222 14
      vertex 93.648 4.72835 12
      vertex 93.2764 4.60222 12
    endloop
  endfacet
  facet normal -0.659478 -0.751724 0
    outer loop
      vertex 94.3263 64.8801 12
      vertex 94.6213 64.6213 14
      vertex 94.3263 64.8801 14
    endloop
  endfacet
  facet normal -0.659478 -0.751724 -0
    outer loop
      vertex 94.6213 64.6213 14
      vertex 94.3263 64.8801 12
      vertex 94.6213 64.6213 12
    endloop
  endfacet
  facet normal -0.751724 -0.659478 0
    outer loop
      vertex 94.8801 64.3263 12
      vertex 94.6213 64.6213 14
      vertex 94.6213 64.6213 12
    endloop
  endfacet
  facet normal -0.751724 -0.659478 0
    outer loop
      vertex 94.6213 64.6213 14
      vertex 94.8801 64.3263 12
      vertex 94.8801 64.3263 14
    endloop
  endfacet
  facet normal 0.659368 0.75182 -0
    outer loop
      vertex 5.67371 5.11993 12
      vertex 5.37868 5.37868 14
      vertex 5.67371 5.11993 14
    endloop
  endfacet
  facet normal 0.659368 0.75182 0
    outer loop
      vertex 5.37868 5.37868 14
      vertex 5.67371 5.11993 12
      vertex 5.37868 5.37868 12
    endloop
  endfacet
  facet normal 0.321414 0.946939 -0
    outer loop
      vertex 6.72354 4.60222 12
      vertex 6.35194 4.72835 14
      vertex 6.72354 4.60222 14
    endloop
  endfacet
  facet normal 0.321414 0.946939 0
    outer loop
      vertex 6.35194 4.72835 14
      vertex 6.72354 4.60222 12
      vertex 6.35194 4.72835 12
    endloop
  endfacet
  facet normal -0.831493 0.555535 0
    outer loop
      vertex 94.8801 5.67371 12
      vertex 95.0981 6 14
      vertex 95.0981 6 12
    endloop
  endfacet
  facet normal -0.831493 0.555535 0
    outer loop
      vertex 95.0981 6 14
      vertex 94.8801 5.67371 12
      vertex 94.8801 5.67371 14
    endloop
  endfacet
  facet normal -0.896931 0.442171 0
    outer loop
      vertex 95.0981 6 12
      vertex 95.2716 6.35194 14
      vertex 95.2716 6.35194 12
    endloop
  endfacet
  facet normal -0.896931 0.442171 0
    outer loop
      vertex 95.2716 6.35194 14
      vertex 95.0981 6 12
      vertex 95.0981 6 14
    endloop
  endfacet
  facet normal -0.997853 0.065489 0
    outer loop
      vertex 95.4743 7.10841 12
      vertex 95.5 7.5 14
      vertex 95.5 7.5 12
    endloop
  endfacet
  facet normal -0.997853 0.065489 0
    outer loop
      vertex 95.5 7.5 14
      vertex 95.4743 7.10841 12
      vertex 95.4743 7.10841 14
    endloop
  endfacet
  facet normal -0.0654112 0.997858 0
    outer loop
      vertex 92.8916 4.52567 12
      vertex 92.5 4.5 14
      vertex 92.8916 4.52567 14
    endloop
  endfacet
  facet normal -0.0654112 0.997858 0
    outer loop
      vertex 92.5 4.5 14
      vertex 92.8916 4.52567 12
      vertex 92.5 4.5 12
    endloop
  endfacet
  facet normal 0.75182 0.659368 0
    outer loop
      vertex 5.37868 5.37868 14
      vertex 5.11993 5.67371 12
      vertex 5.11993 5.67371 14
    endloop
  endfacet
  facet normal 0.75182 0.659368 0
    outer loop
      vertex 5.11993 5.67371 12
      vertex 5.37868 5.37868 14
      vertex 5.37868 5.37868 12
    endloop
  endfacet
  facet normal 0.195077 0.980788 -0
    outer loop
      vertex 7.10841 4.52567 12
      vertex 6.72354 4.60222 14
      vertex 7.10841 4.52567 14
    endloop
  endfacet
  facet normal 0.195077 0.980788 0
    outer loop
      vertex 6.72354 4.60222 14
      vertex 7.10841 4.52567 12
      vertex 6.72354 4.60222 12
    endloop
  endfacet
  facet normal -0.195111 0.980781 0
    outer loop
      vertex 93.2764 4.60222 12
      vertex 92.8916 4.52567 14
      vertex 93.2764 4.60222 14
    endloop
  endfacet
  facet normal -0.195111 0.980781 0
    outer loop
      vertex 92.8916 4.52567 14
      vertex 93.2764 4.60222 12
      vertex 92.8916 4.52567 12
    endloop
  endfacet
endsolid OpenSCAD_Model
