solid OpenSCAD_Model
  facet normal 0 0 -1
    outer loop
      vertex 7.47821 6.61229 0
      vertex 72.5218 6.61229 0
      vertex 7.5311 6.46445 0
    endloop
  endfacet
  facet normal 0 0 -1
    outer loop
      vertex 72.5889 43.2458 0
      vertex 7.59229 43.8432 0
      vertex 7.6 44 0
    endloop
  endfacet
  facet normal 0 0 -1
    outer loop
      vertex 72.5218 6.61229 0
      vertex 7.47821 6.61229 0
      vertex 72.5889 6.75423 0
    endloop
  endfacet
  facet normal 0 0 -1
    outer loop
      vertex 72.5889 43.2458 0
      vertex 7.56926 43.6879 0
      vertex 7.59229 43.8432 0
    endloop
  endfacet
  facet normal 0 0 -1
    outer loop
      vertex 7.41107 6.75423 0
      vertex 72.5889 6.75423 0
      vertex 7.47821 6.61229 0
    endloop
  endfacet
  facet normal 0 0 -1
    outer loop
      vertex 72.5889 43.2458 0
      vertex 7.5311 43.5355 0
      vertex 7.56926 43.6879 0
    endloop
  endfacet
  facet normal 0 0 -1
    outer loop
      vertex 72.5889 6.75423 0
      vertex 7.41107 6.75423 0
      vertex 72.5889 43.2458 0
    endloop
  endfacet
  facet normal 0 0 -1
    outer loop
      vertex 72.5889 43.2458 0
      vertex 7.47821 43.3877 0
      vertex 7.5311 43.5355 0
    endloop
  endfacet
  facet normal 0 0 -1
    outer loop
      vertex 7.41107 43.2458 0
      vertex 72.5889 43.2458 0
      vertex 7.41107 6.75423 0
    endloop
  endfacet
  facet normal 0 0 -1
    outer loop
      vertex 72.5889 43.2458 0
      vertex 7.41107 43.2458 0
      vertex 7.47821 43.3877 0
    endloop
  endfacet
  facet normal 0 0 -1
    outer loop
      vertex 7.33035 6.88891 0
      vertex 7.41107 43.2458 0
      vertex 7.41107 6.75423 0
    endloop
  endfacet
  facet normal 0 0 -1
    outer loop
      vertex 7.33035 6.88891 0
      vertex 7.33035 43.1111 0
      vertex 7.41107 43.2458 0
    endloop
  endfacet
  facet normal 0 0 -1
    outer loop
      vertex 7.23682 7.01503 0
      vertex 7.33035 43.1111 0
      vertex 7.33035 6.88891 0
    endloop
  endfacet
  facet normal 0 0 -1
    outer loop
      vertex 7.23682 7.01503 0
      vertex 7.23682 42.985 0
      vertex 7.33035 43.1111 0
    endloop
  endfacet
  facet normal 0 0 -1
    outer loop
      vertex 7.13137 7.13137 0
      vertex 7.23682 42.985 0
      vertex 7.23682 7.01503 0
    endloop
  endfacet
  facet normal 0 0 -1
    outer loop
      vertex 7.13137 7.13137 0
      vertex 7.13137 42.8686 0
      vertex 7.23682 42.985 0
    endloop
  endfacet
  facet normal 0 0 -1
    outer loop
      vertex 7.01503 7.23682 0
      vertex 7.13137 42.8686 0
      vertex 7.13137 7.13137 0
    endloop
  endfacet
  facet normal 0 0 -1
    outer loop
      vertex 7.01503 7.23682 0
      vertex 7.01503 42.7632 0
      vertex 7.13137 42.8686 0
    endloop
  endfacet
  facet normal 0 0 -1
    outer loop
      vertex 6.88891 7.33035 0
      vertex 7.01503 42.7632 0
      vertex 7.01503 7.23682 0
    endloop
  endfacet
  facet normal 0 0 -1
    outer loop
      vertex 6.88891 7.33035 0
      vertex 6.88891 42.6696 0
      vertex 7.01503 42.7632 0
    endloop
  endfacet
  facet normal 0 0 -1
    outer loop
      vertex 6.75423 7.41107 0
      vertex 6.88891 42.6696 0
      vertex 6.88891 7.33035 0
    endloop
  endfacet
  facet normal 0 0 -1
    outer loop
      vertex 6.75423 7.41107 0
      vertex 6.75423 42.5889 0
      vertex 6.88891 42.6696 0
    endloop
  endfacet
  facet normal 0 0 -1
    outer loop
      vertex 6.61229 7.47821 0
      vertex 6.75423 42.5889 0
      vertex 6.75423 7.41107 0
    endloop
  endfacet
  facet normal 0 0 -1
    outer loop
      vertex 6.61229 7.47821 0
      vertex 6.61229 42.5218 0
      vertex 6.75423 42.5889 0
    endloop
  endfacet
  facet normal 0 0 -1
    outer loop
      vertex 6.46445 7.5311 0
      vertex 6.61229 42.5218 0
      vertex 6.61229 7.47821 0
    endloop
  endfacet
  facet normal 0 0 -1
    outer loop
      vertex 6.46445 7.5311 0
      vertex 6.46445 42.4689 0
      vertex 6.61229 42.5218 0
    endloop
  endfacet
  facet normal 0 0 -1
    outer loop
      vertex 6.31214 7.56926 0
      vertex 6.46445 42.4689 0
      vertex 6.46445 7.5311 0
    endloop
  endfacet
  facet normal 0 0 -1
    outer loop
      vertex 6.31214 7.56926 0
      vertex 6.31214 42.4307 0
      vertex 6.46445 42.4689 0
    endloop
  endfacet
  facet normal 0 0 -1
    outer loop
      vertex 0 10 0
      vertex 6.31214 7.56926 0
      vertex 6.15683 7.59229 0
    endloop
  endfacet
  facet normal 0 0 -1
    outer loop
      vertex 6.31214 7.56926 0
      vertex 0 10 0
      vertex 6.31214 42.4307 0
    endloop
  endfacet
  facet normal 0 0 -1
    outer loop
      vertex 0 10 0
      vertex 6.15683 7.59229 0
      vertex 6 7.6 0
    endloop
  endfacet
  facet normal 0 0 -1
    outer loop
      vertex 0 40 0
      vertex 6.31214 42.4307 0
      vertex 0 10 0
    endloop
  endfacet
  facet normal 0 0 -1
    outer loop
      vertex 0 10 0
      vertex 6 7.6 0
      vertex 5.84317 7.59229 0
    endloop
  endfacet
  facet normal 0 0 -1
    outer loop
      vertex 6.31214 42.4307 0
      vertex 0 40 0
      vertex 6.15683 42.4077 0
    endloop
  endfacet
  facet normal 0 0 -1
    outer loop
      vertex 0 10 0
      vertex 5.84317 7.59229 0
      vertex 5.68785 7.56926 0
    endloop
  endfacet
  facet normal 0 0 -1
    outer loop
      vertex 6.15683 42.4077 0
      vertex 0 40 0
      vertex 6 42.4 0
    endloop
  endfacet
  facet normal 0 0 -1
    outer loop
      vertex 0 10 0
      vertex 5.68785 7.56926 0
      vertex 5.53554 7.5311 0
    endloop
  endfacet
  facet normal -0 0 -1
    outer loop
      vertex 6 42.4 0
      vertex 0 40 0
      vertex 5.84317 42.4077 0
    endloop
  endfacet
  facet normal 0 0 -1
    outer loop
      vertex 0 10 0
      vertex 5.53554 7.5311 0
      vertex 5.38771 7.47821 0
    endloop
  endfacet
  facet normal -0 0 -1
    outer loop
      vertex 5.84317 42.4077 0
      vertex 0 40 0
      vertex 5.68785 42.4307 0
    endloop
  endfacet
  facet normal 0 0 -1
    outer loop
      vertex 0 10 0
      vertex 5.38771 7.47821 0
      vertex 5.24576 7.41107 0
    endloop
  endfacet
  facet normal -0 0 -1
    outer loop
      vertex 5.68785 42.4307 0
      vertex 0 40 0
      vertex 5.53554 42.4689 0
    endloop
  endfacet
  facet normal 0 0 -1
    outer loop
      vertex 0 10 0
      vertex 5.24576 7.41107 0
      vertex 5.11109 7.33035 0
    endloop
  endfacet
  facet normal -0 0 -1
    outer loop
      vertex 5.53554 42.4689 0
      vertex 0 40 0
      vertex 5.38771 42.5218 0
    endloop
  endfacet
  facet normal 0 0 -1
    outer loop
      vertex 0 10 0
      vertex 5.11109 7.33035 0
      vertex 4.98497 7.23682 0
    endloop
  endfacet
  facet normal -0 0 -1
    outer loop
      vertex 5.38771 42.5218 0
      vertex 0 40 0
      vertex 5.24576 42.5889 0
    endloop
  endfacet
  facet normal 0 0 -1
    outer loop
      vertex 0 10 0
      vertex 4.98497 7.23682 0
      vertex 4.86863 7.13137 0
    endloop
  endfacet
  facet normal -0 0 -1
    outer loop
      vertex 5.24576 42.5889 0
      vertex 0 40 0
      vertex 5.11109 42.6696 0
    endloop
  endfacet
  facet normal 0 0 -1
    outer loop
      vertex 0 10 0
      vertex 4.86863 7.13137 0
      vertex 4.76318 7.01503 0
    endloop
  endfacet
  facet normal -0 0 -1
    outer loop
      vertex 5.11109 42.6696 0
      vertex 0 40 0
      vertex 4.98497 42.7632 0
    endloop
  endfacet
  facet normal 0 0 -1
    outer loop
      vertex 0 10 0
      vertex 4.76318 7.01503 0
      vertex 4.66965 6.88891 0
    endloop
  endfacet
  facet normal 0 -0 -1
    outer loop
      vertex 0.0481415 40.9802 0
      vertex 4.98497 42.7632 0
      vertex 0 40 0
    endloop
  endfacet
  facet normal 0 0 -1
    outer loop
      vertex 0 10 0
      vertex 4.66965 6.88891 0
      vertex 4.58893 6.75423 0
    endloop
  endfacet
  facet normal -0 0 -1
    outer loop
      vertex 4.98497 42.7632 0
      vertex 0.0481415 40.9802 0
      vertex 4.86863 42.8686 0
    endloop
  endfacet
  facet normal 0 0 -1
    outer loop
      vertex 0 10 0
      vertex 4.58893 6.75423 0
      vertex 4.52179 6.61229 0
    endloop
  endfacet
  facet normal -0 0 -1
    outer loop
      vertex 4.86863 42.8686 0
      vertex 0.0481415 40.9802 0
      vertex 4.76318 42.985 0
    endloop
  endfacet
  facet normal 0 0 -1
    outer loop
      vertex 0 10 0
      vertex 4.52179 6.61229 0
      vertex 4.46889 6.46445 0
    endloop
  endfacet
  facet normal 0 -0 -1
    outer loop
      vertex 0.192139 41.9509 0
      vertex 4.76318 42.985 0
      vertex 0.0481415 40.9802 0
    endloop
  endfacet
  facet normal 0 0 -1
    outer loop
      vertex 0 10 0
      vertex 4.46889 6.46445 0
      vertex 4.43074 6.31214 0
    endloop
  endfacet
  facet normal -0 0 -1
    outer loop
      vertex 4.76318 42.985 0
      vertex 0.192139 41.9509 0
      vertex 4.66965 43.1111 0
    endloop
  endfacet
  facet normal 0 0 -1
    outer loop
      vertex 0 10 0
      vertex 4.43074 6.31214 0
      vertex 4.4077 6.15683 0
    endloop
  endfacet
  facet normal 0 -0 -1
    outer loop
      vertex 0.430588 42.9028 0
      vertex 4.66965 43.1111 0
      vertex 0.192139 41.9509 0
    endloop
  endfacet
  facet normal 0 0 -1
    outer loop
      vertex 0 10 0
      vertex 4.4077 6.15683 0
      vertex 4.4 6 0
    endloop
  endfacet
  facet normal -0 0 -1
    outer loop
      vertex 4.66965 43.1111 0
      vertex 0.430588 42.9028 0
      vertex 4.58893 43.2458 0
    endloop
  endfacet
  facet normal 0 0 -1
    outer loop
      vertex 7.56926 44.3121 0
      vertex 10 50 0
      vertex 7.59229 44.1568 0
    endloop
  endfacet
  facet normal 0 0 -1
    outer loop
      vertex 7.5311 44.4645 0
      vertex 10 50 0
      vertex 7.56926 44.3121 0
    endloop
  endfacet
  facet normal 0 0 -1
    outer loop
      vertex 7.47821 44.6123 0
      vertex 10 50 0
      vertex 7.5311 44.4645 0
    endloop
  endfacet
  facet normal 0 0 -1
    outer loop
      vertex 7.41107 44.7542 0
      vertex 10 50 0
      vertex 7.47821 44.6123 0
    endloop
  endfacet
  facet normal 0 0 -1
    outer loop
      vertex 7.33035 44.8889 0
      vertex 10 50 0
      vertex 7.41107 44.7542 0
    endloop
  endfacet
  facet normal 0 0 -1
    outer loop
      vertex 7.23682 45.015 0
      vertex 10 50 0
      vertex 7.33035 44.8889 0
    endloop
  endfacet
  facet normal 0 0 -1
    outer loop
      vertex 10 50 0
      vertex 7.23682 45.015 0
      vertex 9.01982 49.9518 0
    endloop
  endfacet
  facet normal 0 0 -1
    outer loop
      vertex 7.13137 45.1314 0
      vertex 9.01982 49.9518 0
      vertex 7.23682 45.015 0
    endloop
  endfacet
  facet normal 0 0 -1
    outer loop
      vertex 9.01982 49.9518 0
      vertex 7.13137 45.1314 0
      vertex 8.04909 49.8078 0
    endloop
  endfacet
  facet normal 0 0 -1
    outer loop
      vertex 7.01503 45.2368 0
      vertex 8.04909 49.8078 0
      vertex 7.13137 45.1314 0
    endloop
  endfacet
  facet normal 0 0 -1
    outer loop
      vertex 6.88891 45.3304 0
      vertex 8.04909 49.8078 0
      vertex 7.01503 45.2368 0
    endloop
  endfacet
  facet normal 0 0 -1
    outer loop
      vertex 8.04909 49.8078 0
      vertex 6.88891 45.3304 0
      vertex 7.09715 49.5694 0
    endloop
  endfacet
  facet normal 0 0 -1
    outer loop
      vertex 6.75423 45.4111 0
      vertex 7.09715 49.5694 0
      vertex 6.88891 45.3304 0
    endloop
  endfacet
  facet normal 0 0 -1
    outer loop
      vertex 6.61229 45.4782 0
      vertex 7.09715 49.5694 0
      vertex 6.75423 45.4111 0
    endloop
  endfacet
  facet normal 0 0 -1
    outer loop
      vertex 6.17316 49.2388 0
      vertex 6.61229 45.4782 0
      vertex 6.46445 45.5311 0
    endloop
  endfacet
  facet normal 0 0 -1
    outer loop
      vertex 6.17316 49.2388 0
      vertex 6.46445 45.5311 0
      vertex 6.31214 45.5693 0
    endloop
  endfacet
  facet normal 0 0 -1
    outer loop
      vertex 6.61229 45.4782 0
      vertex 6.17316 49.2388 0
      vertex 7.09715 49.5694 0
    endloop
  endfacet
  facet normal 0 0 -1
    outer loop
      vertex 6.15683 45.5923 0
      vertex 6.17316 49.2388 0
      vertex 6.31214 45.5693 0
    endloop
  endfacet
  facet normal 0 0 -1
    outer loop
      vertex 5.28603 48.8192 0
      vertex 6.15683 45.5923 0
      vertex 6 45.6 0
    endloop
  endfacet
  facet normal 0 0 -1
    outer loop
      vertex 5.28603 48.8192 0
      vertex 6 45.6 0
      vertex 5.84317 45.5923 0
    endloop
  endfacet
  facet normal 0 0 -1
    outer loop
      vertex 4.44429 48.3147 0
      vertex 5.84317 45.5923 0
      vertex 5.68785 45.5693 0
    endloop
  endfacet
  facet normal 0 0 -1
    outer loop
      vertex 4.44429 48.3147 0
      vertex 5.68785 45.5693 0
      vertex 5.53554 45.5311 0
    endloop
  endfacet
  facet normal 0 0 -1
    outer loop
      vertex 4.44429 48.3147 0
      vertex 5.53554 45.5311 0
      vertex 5.38771 45.4782 0
    endloop
  endfacet
  facet normal 0 0 -1
    outer loop
      vertex 6.15683 45.5923 0
      vertex 5.28603 48.8192 0
      vertex 6.17316 49.2388 0
    endloop
  endfacet
  facet normal 0 0 -1
    outer loop
      vertex 3.65607 47.7301 0
      vertex 5.38771 45.4782 0
      vertex 5.24576 45.4111 0
    endloop
  endfacet
  facet normal 0 0 -1
    outer loop
      vertex 3.65607 47.7301 0
      vertex 5.24576 45.4111 0
      vertex 5.11109 45.3304 0
    endloop
  endfacet
  facet normal 0 0 -1
    outer loop
      vertex 3.65607 47.7301 0
      vertex 5.11109 45.3304 0
      vertex 4.98497 45.2368 0
    endloop
  endfacet
  facet normal 0 0 -1
    outer loop
      vertex 2.92892 47.0711 0
      vertex 4.98497 45.2368 0
      vertex 4.86863 45.1314 0
    endloop
  endfacet
  facet normal 0 0 -1
    outer loop
      vertex 2.92892 47.0711 0
      vertex 4.86863 45.1314 0
      vertex 4.76318 45.015 0
    endloop
  endfacet
  facet normal 0 0 -1
    outer loop
      vertex 2.26988 46.3439 0
      vertex 4.76318 45.015 0
      vertex 4.66965 44.8889 0
    endloop
  endfacet
  facet normal 0 0 -1
    outer loop
      vertex 2.26988 46.3439 0
      vertex 4.66965 44.8889 0
      vertex 4.58893 44.7542 0
    endloop
  endfacet
  facet normal 0 0 -1
    outer loop
      vertex 2.26988 46.3439 0
      vertex 4.58893 44.7542 0
      vertex 4.52179 44.6123 0
    endloop
  endfacet
  facet normal 0 0 -1
    outer loop
      vertex 1.6853 45.5557 0
      vertex 4.52179 44.6123 0
      vertex 4.46889 44.4645 0
    endloop
  endfacet
  facet normal 0 0 -1
    outer loop
      vertex 5.84317 45.5923 0
      vertex 4.44429 48.3147 0
      vertex 5.28603 48.8192 0
    endloop
  endfacet
  facet normal 0 0 -1
    outer loop
      vertex 1.6853 45.5557 0
      vertex 4.46889 44.4645 0
      vertex 4.43074 44.3121 0
    endloop
  endfacet
  facet normal 0 0 -1
    outer loop
      vertex 1.6853 45.5557 0
      vertex 4.43074 44.3121 0
      vertex 4.4077 44.1568 0
    endloop
  endfacet
  facet normal 0 0 -1
    outer loop
      vertex 1.18079 44.714 0
      vertex 4.4077 44.1568 0
      vertex 4.4 44 0
    endloop
  endfacet
  facet normal -0 0 -1
    outer loop
      vertex 4.58893 43.2458 0
      vertex 0.430588 42.9028 0
      vertex 4.52179 43.3877 0
    endloop
  endfacet
  facet normal 0 -0 -1
    outer loop
      vertex 0.7612 43.8268 0
      vertex 4.52179 43.3877 0
      vertex 0.430588 42.9028 0
    endloop
  endfacet
  facet normal 0 0 -1
    outer loop
      vertex 0 10 0
      vertex 3.65607 2.26988 0
      vertex 2.92892 2.92892 0
    endloop
  endfacet
  facet normal 0 0 -1
    outer loop
      vertex 4.52179 43.3877 0
      vertex 0.7612 43.8268 0
      vertex 4.46889 43.5355 0
    endloop
  endfacet
  facet normal 0 0 -1
    outer loop
      vertex 0 10 0
      vertex 2.92892 2.92892 0
      vertex 2.26988 3.65607 0
    endloop
  endfacet
  facet normal 0 0 -1
    outer loop
      vertex 5.38771 45.4782 0
      vertex 3.65607 47.7301 0
      vertex 4.44429 48.3147 0
    endloop
  endfacet
  facet normal 0 0 -1
    outer loop
      vertex 0 10 0
      vertex 2.26988 3.65607 0
      vertex 1.6853 4.44429 0
    endloop
  endfacet
  facet normal 0 0 -1
    outer loop
      vertex 4.98497 45.2368 0
      vertex 2.92892 47.0711 0
      vertex 3.65607 47.7301 0
    endloop
  endfacet
  facet normal 0 0 -1
    outer loop
      vertex 0 10 0
      vertex 1.6853 4.44429 0
      vertex 1.18079 5.28603 0
    endloop
  endfacet
  facet normal 0 0 -1
    outer loop
      vertex 4.76318 45.015 0
      vertex 2.26988 46.3439 0
      vertex 2.92892 47.0711 0
    endloop
  endfacet
  facet normal 0 0 -1
    outer loop
      vertex 0 10 0
      vertex 1.18079 5.28603 0
      vertex 0.7612 6.17316 0
    endloop
  endfacet
  facet normal 0 0 -1
    outer loop
      vertex 4.52179 44.6123 0
      vertex 1.6853 45.5557 0
      vertex 2.26988 46.3439 0
    endloop
  endfacet
  facet normal 0 0 -1
    outer loop
      vertex 0 10 0
      vertex 0.7612 6.17316 0
      vertex 0.430588 7.09715 0
    endloop
  endfacet
  facet normal 0 0 -1
    outer loop
      vertex 4.4077 44.1568 0
      vertex 1.18079 44.714 0
      vertex 1.6853 45.5557 0
    endloop
  endfacet
  facet normal 0 0 -1
    outer loop
      vertex 0 10 0
      vertex 0.430588 7.09715 0
      vertex 0.192139 8.04909 0
    endloop
  endfacet
  facet normal 0 0 -1
    outer loop
      vertex 4.4077 43.8432 0
      vertex 1.18079 44.714 0
      vertex 4.4 44 0
    endloop
  endfacet
  facet normal 0 0 -1
    outer loop
      vertex 0 10 0
      vertex 0.192139 8.04909 0
      vertex 0.0481415 9.01982 0
    endloop
  endfacet
  facet normal 0 -0 -1
    outer loop
      vertex 1.18079 44.714 0
      vertex 4.4077 43.8432 0
      vertex 0.7612 43.8268 0
    endloop
  endfacet
  facet normal 0 0 -1
    outer loop
      vertex 4.43074 43.6879 0
      vertex 0.7612 43.8268 0
      vertex 4.4077 43.8432 0
    endloop
  endfacet
  facet normal 0 0 -1
    outer loop
      vertex 4.46889 43.5355 0
      vertex 0.7612 43.8268 0
      vertex 4.43074 43.6879 0
    endloop
  endfacet
  facet normal 0 0 -1
    outer loop
      vertex 75.3304 6.88891 0
      vertex 79.5694 7.09715 0
      vertex 75.4111 6.75423 0
    endloop
  endfacet
  facet normal 0 0 -1
    outer loop
      vertex 80 40 0
      vertex 75.5923 43.8432 0
      vertex 75.6 44 0
    endloop
  endfacet
  facet normal -0 0 -1
    outer loop
      vertex 79.5694 7.09715 0
      vertex 75.3304 6.88891 0
      vertex 79.8078 8.04909 0
    endloop
  endfacet
  facet normal 0 0 -1
    outer loop
      vertex 80 40 0
      vertex 75.5693 43.6879 0
      vertex 75.5923 43.8432 0
    endloop
  endfacet
  facet normal 0 0 -1
    outer loop
      vertex 75.2368 7.01503 0
      vertex 79.8078 8.04909 0
      vertex 75.3304 6.88891 0
    endloop
  endfacet
  facet normal 0 0 -1
    outer loop
      vertex 80 40 0
      vertex 75.5311 43.5355 0
      vertex 75.5693 43.6879 0
    endloop
  endfacet
  facet normal -0 0 -1
    outer loop
      vertex 79.8078 8.04909 0
      vertex 75.2368 7.01503 0
      vertex 79.9518 9.01982 0
    endloop
  endfacet
  facet normal 0 0 -1
    outer loop
      vertex 80 40 0
      vertex 75.4782 43.3877 0
      vertex 75.5311 43.5355 0
    endloop
  endfacet
  facet normal 0 0 -1
    outer loop
      vertex 75.1314 7.13137 0
      vertex 79.9518 9.01982 0
      vertex 75.2368 7.01503 0
    endloop
  endfacet
  facet normal 0 0 -1
    outer loop
      vertex 80 40 0
      vertex 75.4111 43.2458 0
      vertex 75.4782 43.3877 0
    endloop
  endfacet
  facet normal 0 0 -1
    outer loop
      vertex 75.015 7.23682 0
      vertex 79.9518 9.01982 0
      vertex 75.1314 7.13137 0
    endloop
  endfacet
  facet normal 0 0 -1
    outer loop
      vertex 80 40 0
      vertex 75.3304 43.1111 0
      vertex 75.4111 43.2458 0
    endloop
  endfacet
  facet normal -0 0 -1
    outer loop
      vertex 79.9518 9.01982 0
      vertex 75.015 7.23682 0
      vertex 80 10 0
    endloop
  endfacet
  facet normal 0 0 -1
    outer loop
      vertex 80 40 0
      vertex 75.2368 42.985 0
      vertex 75.3304 43.1111 0
    endloop
  endfacet
  facet normal 0 0 -1
    outer loop
      vertex 74.8889 7.33035 0
      vertex 80 10 0
      vertex 75.015 7.23682 0
    endloop
  endfacet
  facet normal 0 0 -1
    outer loop
      vertex 80 40 0
      vertex 75.1314 42.8686 0
      vertex 75.2368 42.985 0
    endloop
  endfacet
  facet normal 0 0 -1
    outer loop
      vertex 74.7542 7.41107 0
      vertex 80 10 0
      vertex 74.8889 7.33035 0
    endloop
  endfacet
  facet normal 0 0 -1
    outer loop
      vertex 80 40 0
      vertex 75.015 42.7632 0
      vertex 75.1314 42.8686 0
    endloop
  endfacet
  facet normal 0 0 -1
    outer loop
      vertex 74.6123 7.47821 0
      vertex 80 10 0
      vertex 74.7542 7.41107 0
    endloop
  endfacet
  facet normal 0 0 -1
    outer loop
      vertex 80 40 0
      vertex 74.8889 42.6696 0
      vertex 75.015 42.7632 0
    endloop
  endfacet
  facet normal 0 0 -1
    outer loop
      vertex 74.4645 7.5311 0
      vertex 80 10 0
      vertex 74.6123 7.47821 0
    endloop
  endfacet
  facet normal 0 0 -1
    outer loop
      vertex 80 40 0
      vertex 74.7542 42.5889 0
      vertex 74.8889 42.6696 0
    endloop
  endfacet
  facet normal 0 0 -1
    outer loop
      vertex 74.3121 7.56926 0
      vertex 80 10 0
      vertex 74.4645 7.5311 0
    endloop
  endfacet
  facet normal 0 0 -1
    outer loop
      vertex 80 40 0
      vertex 74.6123 42.5218 0
      vertex 74.7542 42.5889 0
    endloop
  endfacet
  facet normal 0 0 -1
    outer loop
      vertex 74.1568 7.59229 0
      vertex 80 10 0
      vertex 74.3121 7.56926 0
    endloop
  endfacet
  facet normal 0 0 -1
    outer loop
      vertex 80 40 0
      vertex 74.4645 42.4689 0
      vertex 74.6123 42.5218 0
    endloop
  endfacet
  facet normal 0 0 -1
    outer loop
      vertex 74 7.6 0
      vertex 80 10 0
      vertex 74.1568 7.59229 0
    endloop
  endfacet
  facet normal 0 0 -1
    outer loop
      vertex 80 40 0
      vertex 74.3121 42.4307 0
      vertex 74.4645 42.4689 0
    endloop
  endfacet
  facet normal 0 0 -1
    outer loop
      vertex 73.8432 7.59229 0
      vertex 80 10 0
      vertex 74 7.6 0
    endloop
  endfacet
  facet normal 0 0 -1
    outer loop
      vertex 80 40 0
      vertex 74.1568 42.4077 0
      vertex 74.3121 42.4307 0
    endloop
  endfacet
  facet normal 0 0 -1
    outer loop
      vertex 73.6879 7.56926 0
      vertex 80 10 0
      vertex 73.8432 7.59229 0
    endloop
  endfacet
  facet normal 0 0 -1
    outer loop
      vertex 80 40 0
      vertex 74 42.4 0
      vertex 74.1568 42.4077 0
    endloop
  endfacet
  facet normal -0 0 -1
    outer loop
      vertex 80 10 0
      vertex 73.6879 7.56926 0
      vertex 80 40 0
    endloop
  endfacet
  facet normal 0 0 -1
    outer loop
      vertex 80 40 0
      vertex 73.8432 42.4077 0
      vertex 74 42.4 0
    endloop
  endfacet
  facet normal 0 0 -1
    outer loop
      vertex 73.6879 42.4307 0
      vertex 80 40 0
      vertex 73.6879 7.56926 0
    endloop
  endfacet
  facet normal 0 0 -1
    outer loop
      vertex 80 40 0
      vertex 73.6879 42.4307 0
      vertex 73.8432 42.4077 0
    endloop
  endfacet
  facet normal 0 0 -1
    outer loop
      vertex 73.5355 7.5311 0
      vertex 73.6879 42.4307 0
      vertex 73.6879 7.56926 0
    endloop
  endfacet
  facet normal 0 0 -1
    outer loop
      vertex 73.5355 7.5311 0
      vertex 73.5355 42.4689 0
      vertex 73.6879 42.4307 0
    endloop
  endfacet
  facet normal 0 0 -1
    outer loop
      vertex 73.3877 7.47821 0
      vertex 73.5355 42.4689 0
      vertex 73.5355 7.5311 0
    endloop
  endfacet
  facet normal 0 0 -1
    outer loop
      vertex 73.3877 7.47821 0
      vertex 73.3877 42.5218 0
      vertex 73.5355 42.4689 0
    endloop
  endfacet
  facet normal 0 0 -1
    outer loop
      vertex 73.2458 7.41107 0
      vertex 73.3877 42.5218 0
      vertex 73.3877 7.47821 0
    endloop
  endfacet
  facet normal 0 0 -1
    outer loop
      vertex 73.2458 7.41107 0
      vertex 73.2458 42.5889 0
      vertex 73.3877 42.5218 0
    endloop
  endfacet
  facet normal 0 0 -1
    outer loop
      vertex 73.1111 7.33035 0
      vertex 73.2458 42.5889 0
      vertex 73.2458 7.41107 0
    endloop
  endfacet
  facet normal 0 0 -1
    outer loop
      vertex 73.1111 7.33035 0
      vertex 73.1111 42.6696 0
      vertex 73.2458 42.5889 0
    endloop
  endfacet
  facet normal 0 0 -1
    outer loop
      vertex 72.985 7.23682 0
      vertex 73.1111 42.6696 0
      vertex 73.1111 7.33035 0
    endloop
  endfacet
  facet normal 0 0 -1
    outer loop
      vertex 72.985 7.23682 0
      vertex 72.985 42.7632 0
      vertex 73.1111 42.6696 0
    endloop
  endfacet
  facet normal 0 0 -1
    outer loop
      vertex 72.8686 7.13137 0
      vertex 72.985 42.7632 0
      vertex 72.985 7.23682 0
    endloop
  endfacet
  facet normal 0 0 -1
    outer loop
      vertex 72.8686 7.13137 0
      vertex 72.8686 42.8686 0
      vertex 72.985 42.7632 0
    endloop
  endfacet
  facet normal 0 0 -1
    outer loop
      vertex 72.7632 7.01503 0
      vertex 72.8686 42.8686 0
      vertex 72.8686 7.13137 0
    endloop
  endfacet
  facet normal 0 0 -1
    outer loop
      vertex 72.7632 7.01503 0
      vertex 72.7632 42.985 0
      vertex 72.8686 42.8686 0
    endloop
  endfacet
  facet normal 0 0 -1
    outer loop
      vertex 72.6696 6.88891 0
      vertex 72.7632 42.985 0
      vertex 72.7632 7.01503 0
    endloop
  endfacet
  facet normal 0 0 -1
    outer loop
      vertex 72.6696 6.88891 0
      vertex 72.6696 43.1111 0
      vertex 72.7632 42.985 0
    endloop
  endfacet
  facet normal 0 0 -1
    outer loop
      vertex 72.5889 6.75423 0
      vertex 72.6696 43.1111 0
      vertex 72.6696 6.88891 0
    endloop
  endfacet
  facet normal 0 0 -1
    outer loop
      vertex 72.5889 6.75423 0
      vertex 72.5889 43.2458 0
      vertex 72.6696 43.1111 0
    endloop
  endfacet
  facet normal 0 0 -1
    outer loop
      vertex 10 0 0
      vertex 7.5311 6.46445 0
      vertex 70 0 0
    endloop
  endfacet
  facet normal 0 0 -1
    outer loop
      vertex 70 0 0
      vertex 7.5311 6.46445 0
      vertex 72.4689 6.46445 0
    endloop
  endfacet
  facet normal 0 0 -1
    outer loop
      vertex 7.5311 6.46445 0
      vertex 10 0 0
      vertex 7.56926 6.31214 0
    endloop
  endfacet
  facet normal 0 0 -1
    outer loop
      vertex 72.4689 6.46445 0
      vertex 7.5311 6.46445 0
      vertex 72.5218 6.61229 0
    endloop
  endfacet
  facet normal 0 0 -1
    outer loop
      vertex 70 0 0
      vertex 72.4689 6.46445 0
      vertex 72.4307 6.31214 0
    endloop
  endfacet
  facet normal 0 0 -1
    outer loop
      vertex 7.6 44 0
      vertex 72.5218 43.3877 0
      vertex 72.5889 43.2458 0
    endloop
  endfacet
  facet normal 0 0 -1
    outer loop
      vertex 70 0 0
      vertex 72.4307 6.31214 0
      vertex 72.4077 6.15683 0
    endloop
  endfacet
  facet normal 0 0 -1
    outer loop
      vertex 7.6 44 0
      vertex 72.4689 43.5355 0
      vertex 72.5218 43.3877 0
    endloop
  endfacet
  facet normal 0 0 -1
    outer loop
      vertex 70 0 0
      vertex 72.4077 6.15683 0
      vertex 72.4 6 0
    endloop
  endfacet
  facet normal -0 -0 -1
    outer loop
      vertex 70 50 0
      vertex 72.4689 43.5355 0
      vertex 10 50 0
    endloop
  endfacet
  facet normal 0 0 -1
    outer loop
      vertex 75.4782 6.61229 0
      vertex 79.2388 6.17316 0
      vertex 75.5311 6.46445 0
    endloop
  endfacet
  facet normal 0 0 -1
    outer loop
      vertex 79.2388 6.17316 0
      vertex 75.4782 6.61229 0
      vertex 79.5694 7.09715 0
    endloop
  endfacet
  facet normal 0 0 -1
    outer loop
      vertex 75.5311 6.46445 0
      vertex 79.2388 6.17316 0
      vertex 75.5693 6.31214 0
    endloop
  endfacet
  facet normal 0 0 -1
    outer loop
      vertex 75.4111 6.75423 0
      vertex 79.5694 7.09715 0
      vertex 75.4782 6.61229 0
    endloop
  endfacet
  facet normal 0 0 -1
    outer loop
      vertex 75.5693 6.31214 0
      vertex 79.2388 6.17316 0
      vertex 75.5923 6.15683 0
    endloop
  endfacet
  facet normal 0 0 -1
    outer loop
      vertex 80 40 0
      vertex 75.6 44 0
      vertex 79.9518 40.9802 0
    endloop
  endfacet
  facet normal 0 0 -1
    outer loop
      vertex 78.8192 5.28603 0
      vertex 75.5923 6.15683 0
      vertex 79.2388 6.17316 0
    endloop
  endfacet
  facet normal 0 0 -1
    outer loop
      vertex 79.9518 40.9802 0
      vertex 75.6 44 0
      vertex 79.8078 41.9509 0
    endloop
  endfacet
  facet normal 0 0 -1
    outer loop
      vertex 75.5923 6.15683 0
      vertex 78.8192 5.28603 0
      vertex 75.6 6 0
    endloop
  endfacet
  facet normal 0 0 -1
    outer loop
      vertex 79.8078 41.9509 0
      vertex 75.6 44 0
      vertex 79.5694 42.9028 0
    endloop
  endfacet
  facet normal 0 0 -1
    outer loop
      vertex 75.5923 5.84317 0
      vertex 78.8192 5.28603 0
      vertex 78.3147 4.44429 0
    endloop
  endfacet
  facet normal 0 0 -1
    outer loop
      vertex 79.5694 42.9028 0
      vertex 75.6 44 0
      vertex 79.2388 43.8268 0
    endloop
  endfacet
  facet normal 0 0 -1
    outer loop
      vertex 75.4782 5.38771 0
      vertex 78.3147 4.44429 0
      vertex 77.7301 3.65607 0
    endloop
  endfacet
  facet normal 0 0 -1
    outer loop
      vertex 79.2388 43.8268 0
      vertex 75.6 44 0
      vertex 78.8192 44.714 0
    endloop
  endfacet
  facet normal 0 0 -1
    outer loop
      vertex 75.2368 4.98497 0
      vertex 77.7301 3.65607 0
      vertex 77.0711 2.92892 0
    endloop
  endfacet
  facet normal 0 0 -1
    outer loop
      vertex 75.5923 44.1568 0
      vertex 78.8192 44.714 0
      vertex 75.6 44 0
    endloop
  endfacet
  facet normal 0 0 -1
    outer loop
      vertex 75.015 4.76318 0
      vertex 77.0711 2.92892 0
      vertex 76.3439 2.26988 0
    endloop
  endfacet
  facet normal -0 0 -1
    outer loop
      vertex 78.8192 44.714 0
      vertex 75.5923 44.1568 0
      vertex 78.3147 45.5557 0
    endloop
  endfacet
  facet normal 0 0 -1
    outer loop
      vertex 75.5693 44.3121 0
      vertex 78.3147 45.5557 0
      vertex 75.5923 44.1568 0
    endloop
  endfacet
  facet normal 0 0 -1
    outer loop
      vertex 78.8192 5.28603 0
      vertex 75.5923 5.84317 0
      vertex 75.6 6 0
    endloop
  endfacet
  facet normal 0 0 -1
    outer loop
      vertex 78.3147 4.44429 0
      vertex 75.5693 5.68785 0
      vertex 75.5923 5.84317 0
    endloop
  endfacet
  facet normal 0 0 -1
    outer loop
      vertex 74.6123 4.52179 0
      vertex 76.3439 2.26988 0
      vertex 75.5557 1.6853 0
    endloop
  endfacet
  facet normal 0 0 -1
    outer loop
      vertex 78.3147 4.44429 0
      vertex 75.5311 5.53554 0
      vertex 75.5693 5.68785 0
    endloop
  endfacet
  facet normal 0 0 -1
    outer loop
      vertex 78.3147 4.44429 0
      vertex 75.4782 5.38771 0
      vertex 75.5311 5.53554 0
    endloop
  endfacet
  facet normal 0 0 -1
    outer loop
      vertex 77.7301 3.65607 0
      vertex 75.4111 5.24576 0
      vertex 75.4782 5.38771 0
    endloop
  endfacet
  facet normal 0 0 -1
    outer loop
      vertex 77.7301 3.65607 0
      vertex 75.3304 5.11109 0
      vertex 75.4111 5.24576 0
    endloop
  endfacet
  facet normal 0 0 -1
    outer loop
      vertex 77.7301 3.65607 0
      vertex 75.2368 4.98497 0
      vertex 75.3304 5.11109 0
    endloop
  endfacet
  facet normal 0 0 -1
    outer loop
      vertex 77.0711 2.92892 0
      vertex 75.1314 4.86863 0
      vertex 75.2368 4.98497 0
    endloop
  endfacet
  facet normal 0 0 -1
    outer loop
      vertex 77.0711 2.92892 0
      vertex 75.015 4.76318 0
      vertex 75.1314 4.86863 0
    endloop
  endfacet
  facet normal 0 0 -1
    outer loop
      vertex 76.3439 2.26988 0
      vertex 74.8889 4.66965 0
      vertex 75.015 4.76318 0
    endloop
  endfacet
  facet normal 0 0 -1
    outer loop
      vertex 76.3439 2.26988 0
      vertex 74.7542 4.58893 0
      vertex 74.8889 4.66965 0
    endloop
  endfacet
  facet normal 0 0 -1
    outer loop
      vertex 74.1568 4.4077 0
      vertex 75.5557 1.6853 0
      vertex 74.714 1.18079 0
    endloop
  endfacet
  facet normal 0 0 -1
    outer loop
      vertex 76.3439 2.26988 0
      vertex 74.6123 4.52179 0
      vertex 74.7542 4.58893 0
    endloop
  endfacet
  facet normal 0 0 -1
    outer loop
      vertex 75.5557 1.6853 0
      vertex 74.4645 4.46889 0
      vertex 74.6123 4.52179 0
    endloop
  endfacet
  facet normal 0 0 -1
    outer loop
      vertex 75.5557 1.6853 0
      vertex 74.3121 4.43074 0
      vertex 74.4645 4.46889 0
    endloop
  endfacet
  facet normal 0 0 -1
    outer loop
      vertex 75.5557 1.6853 0
      vertex 74.1568 4.4077 0
      vertex 74.3121 4.43074 0
    endloop
  endfacet
  facet normal 0 0 -1
    outer loop
      vertex 74.714 1.18079 0
      vertex 74 4.4 0
      vertex 74.1568 4.4077 0
    endloop
  endfacet
  facet normal 0 0 -1
    outer loop
      vertex 74.714 1.18079 0
      vertex 73.8432 4.4077 0
      vertex 74 4.4 0
    endloop
  endfacet
  facet normal 0 0 -1
    outer loop
      vertex 73.8268 0.7612 0
      vertex 73.8432 4.4077 0
      vertex 74.714 1.18079 0
    endloop
  endfacet
  facet normal 0 0 -1
    outer loop
      vertex 73.8268 0.7612 0
      vertex 73.6879 4.43074 0
      vertex 73.8432 4.4077 0
    endloop
  endfacet
  facet normal 0 0 -1
    outer loop
      vertex 73.8268 0.7612 0
      vertex 73.5355 4.46889 0
      vertex 73.6879 4.43074 0
    endloop
  endfacet
  facet normal 0 0 -1
    outer loop
      vertex 73.8268 0.7612 0
      vertex 73.3877 4.52179 0
      vertex 73.5355 4.46889 0
    endloop
  endfacet
  facet normal 0 0 -1
    outer loop
      vertex 72.9028 0.430588 0
      vertex 73.3877 4.52179 0
      vertex 73.8268 0.7612 0
    endloop
  endfacet
  facet normal -0 0 -1
    outer loop
      vertex 73.3877 4.52179 0
      vertex 72.9028 0.430588 0
      vertex 73.2458 4.58893 0
    endloop
  endfacet
  facet normal -0 0 -1
    outer loop
      vertex 73.2458 4.58893 0
      vertex 72.9028 0.430588 0
      vertex 73.1111 4.66965 0
    endloop
  endfacet
  facet normal 0 0 -1
    outer loop
      vertex 71.9509 0.192139 0
      vertex 73.1111 4.66965 0
      vertex 72.9028 0.430588 0
    endloop
  endfacet
  facet normal -0 0 -1
    outer loop
      vertex 73.1111 4.66965 0
      vertex 71.9509 0.192139 0
      vertex 72.985 4.76318 0
    endloop
  endfacet
  facet normal -0 0 -1
    outer loop
      vertex 72.985 4.76318 0
      vertex 71.9509 0.192139 0
      vertex 72.8686 4.86863 0
    endloop
  endfacet
  facet normal 0 0 -1
    outer loop
      vertex 70.9802 0.0481415 0
      vertex 72.8686 4.86863 0
      vertex 71.9509 0.192139 0
    endloop
  endfacet
  facet normal -0 0 -1
    outer loop
      vertex 72.8686 4.86863 0
      vertex 70.9802 0.0481415 0
      vertex 72.7632 4.98497 0
    endloop
  endfacet
  facet normal 0 0 -1
    outer loop
      vertex 70 0 0
      vertex 72.7632 4.98497 0
      vertex 70.9802 0.0481415 0
    endloop
  endfacet
  facet normal -0 0 -1
    outer loop
      vertex 72.7632 4.98497 0
      vertex 70 0 0
      vertex 72.6696 5.11109 0
    endloop
  endfacet
  facet normal -0 0 -1
    outer loop
      vertex 72.6696 5.11109 0
      vertex 70 0 0
      vertex 72.5889 5.24576 0
    endloop
  endfacet
  facet normal -0 0 -1
    outer loop
      vertex 72.5889 5.24576 0
      vertex 70 0 0
      vertex 72.5218 5.38771 0
    endloop
  endfacet
  facet normal -0 0 -1
    outer loop
      vertex 72.4307 5.68785 0
      vertex 70 0 0
      vertex 72.4077 5.84317 0
    endloop
  endfacet
  facet normal -0 0 -1
    outer loop
      vertex 72.4689 5.53554 0
      vertex 70 0 0
      vertex 72.4307 5.68785 0
    endloop
  endfacet
  facet normal -0 0 -1
    outer loop
      vertex 72.5218 5.38771 0
      vertex 70 0 0
      vertex 72.4689 5.53554 0
    endloop
  endfacet
  facet normal 0 0 -1
    outer loop
      vertex 75.5311 44.4645 0
      vertex 78.3147 45.5557 0
      vertex 75.5693 44.3121 0
    endloop
  endfacet
  facet normal 0 0 -1
    outer loop
      vertex 75.4782 44.6123 0
      vertex 78.3147 45.5557 0
      vertex 75.5311 44.4645 0
    endloop
  endfacet
  facet normal -0 0 -1
    outer loop
      vertex 78.3147 45.5557 0
      vertex 75.4782 44.6123 0
      vertex 77.7301 46.3439 0
    endloop
  endfacet
  facet normal 0 0 -1
    outer loop
      vertex 75.4111 44.7542 0
      vertex 77.7301 46.3439 0
      vertex 75.4782 44.6123 0
    endloop
  endfacet
  facet normal 0 0 -1
    outer loop
      vertex 75.3304 44.8889 0
      vertex 77.7301 46.3439 0
      vertex 75.4111 44.7542 0
    endloop
  endfacet
  facet normal 0 0 -1
    outer loop
      vertex 75.2368 45.015 0
      vertex 77.7301 46.3439 0
      vertex 75.3304 44.8889 0
    endloop
  endfacet
  facet normal -0 0 -1
    outer loop
      vertex 77.7301 46.3439 0
      vertex 75.2368 45.015 0
      vertex 77.0711 47.0711 0
    endloop
  endfacet
  facet normal 0 0 -1
    outer loop
      vertex 75.1314 45.1314 0
      vertex 77.0711 47.0711 0
      vertex 75.2368 45.015 0
    endloop
  endfacet
  facet normal 0 0 -1
    outer loop
      vertex 75.015 45.2368 0
      vertex 77.0711 47.0711 0
      vertex 75.1314 45.1314 0
    endloop
  endfacet
  facet normal -0 0 -1
    outer loop
      vertex 77.0711 47.0711 0
      vertex 75.015 45.2368 0
      vertex 76.3439 47.7301 0
    endloop
  endfacet
  facet normal 0 0 -1
    outer loop
      vertex 74.8889 45.3304 0
      vertex 76.3439 47.7301 0
      vertex 75.015 45.2368 0
    endloop
  endfacet
  facet normal 0 0 -1
    outer loop
      vertex 74.7542 45.4111 0
      vertex 76.3439 47.7301 0
      vertex 74.8889 45.3304 0
    endloop
  endfacet
  facet normal 0 0 -1
    outer loop
      vertex 74.6123 45.4782 0
      vertex 76.3439 47.7301 0
      vertex 74.7542 45.4111 0
    endloop
  endfacet
  facet normal -0 0 -1
    outer loop
      vertex 76.3439 47.7301 0
      vertex 74.6123 45.4782 0
      vertex 75.5557 48.3147 0
    endloop
  endfacet
  facet normal 0 0 -1
    outer loop
      vertex 74.4645 45.5311 0
      vertex 75.5557 48.3147 0
      vertex 74.6123 45.4782 0
    endloop
  endfacet
  facet normal 0 0 -1
    outer loop
      vertex 74.3121 45.5693 0
      vertex 75.5557 48.3147 0
      vertex 74.4645 45.5311 0
    endloop
  endfacet
  facet normal 0 0 -1
    outer loop
      vertex 74.1568 45.5923 0
      vertex 75.5557 48.3147 0
      vertex 74.3121 45.5693 0
    endloop
  endfacet
  facet normal -0 0 -1
    outer loop
      vertex 75.5557 48.3147 0
      vertex 74.1568 45.5923 0
      vertex 74.714 48.8192 0
    endloop
  endfacet
  facet normal 0 0 -1
    outer loop
      vertex 74 45.6 0
      vertex 74.714 48.8192 0
      vertex 74.1568 45.5923 0
    endloop
  endfacet
  facet normal 0 0 -1
    outer loop
      vertex 73.8432 45.5923 0
      vertex 74.714 48.8192 0
      vertex 74 45.6 0
    endloop
  endfacet
  facet normal 0 0 -1
    outer loop
      vertex 73.8432 45.5923 0
      vertex 73.8268 49.2388 0
      vertex 74.714 48.8192 0
    endloop
  endfacet
  facet normal 0 0 -1
    outer loop
      vertex 73.6879 45.5693 0
      vertex 73.8268 49.2388 0
      vertex 73.8432 45.5923 0
    endloop
  endfacet
  facet normal 0 0 -1
    outer loop
      vertex 73.5355 45.5311 0
      vertex 73.8268 49.2388 0
      vertex 73.6879 45.5693 0
    endloop
  endfacet
  facet normal 0 0 -1
    outer loop
      vertex 73.3877 45.4782 0
      vertex 73.8268 49.2388 0
      vertex 73.5355 45.5311 0
    endloop
  endfacet
  facet normal 0 0 -1
    outer loop
      vertex 72.9028 49.5694 0
      vertex 73.3877 45.4782 0
      vertex 73.2458 45.4111 0
    endloop
  endfacet
  facet normal 0 0 -1
    outer loop
      vertex 72.9028 49.5694 0
      vertex 73.2458 45.4111 0
      vertex 73.1111 45.3304 0
    endloop
  endfacet
  facet normal 0 0 -1
    outer loop
      vertex 71.9509 49.8078 0
      vertex 73.1111 45.3304 0
      vertex 72.985 45.2368 0
    endloop
  endfacet
  facet normal 0 0 -1
    outer loop
      vertex 73.3877 45.4782 0
      vertex 72.9028 49.5694 0
      vertex 73.8268 49.2388 0
    endloop
  endfacet
  facet normal 0 0 -1
    outer loop
      vertex 71.9509 49.8078 0
      vertex 72.985 45.2368 0
      vertex 72.8686 45.1314 0
    endloop
  endfacet
  facet normal 0 0 -1
    outer loop
      vertex 70.9802 49.9518 0
      vertex 72.8686 45.1314 0
      vertex 72.7632 45.015 0
    endloop
  endfacet
  facet normal 0 0 -1
    outer loop
      vertex 70 50 0
      vertex 72.7632 45.015 0
      vertex 72.6696 44.8889 0
    endloop
  endfacet
  facet normal 0 0 -1
    outer loop
      vertex 70 50 0
      vertex 72.6696 44.8889 0
      vertex 72.5889 44.7542 0
    endloop
  endfacet
  facet normal 0 0 -1
    outer loop
      vertex 70 50 0
      vertex 72.5889 44.7542 0
      vertex 72.5218 44.6123 0
    endloop
  endfacet
  facet normal 0 0 -1
    outer loop
      vertex 70 50 0
      vertex 72.5218 44.6123 0
      vertex 72.4689 44.4645 0
    endloop
  endfacet
  facet normal 0 0 -1
    outer loop
      vertex 70 50 0
      vertex 72.4689 44.4645 0
      vertex 72.4307 44.3121 0
    endloop
  endfacet
  facet normal 0 0 -1
    outer loop
      vertex 70 50 0
      vertex 72.4307 44.3121 0
      vertex 72.4077 44.1568 0
    endloop
  endfacet
  facet normal 0 0 -1
    outer loop
      vertex 73.1111 45.3304 0
      vertex 71.9509 49.8078 0
      vertex 72.9028 49.5694 0
    endloop
  endfacet
  facet normal 0 0 -1
    outer loop
      vertex 70 50 0
      vertex 72.4077 44.1568 0
      vertex 72.4 44 0
    endloop
  endfacet
  facet normal 0 0 -1
    outer loop
      vertex 7.56926 6.31214 0
      vertex 10 0 0
      vertex 7.59229 6.15683 0
    endloop
  endfacet
  facet normal -0 0 -1
    outer loop
      vertex 72.4077 5.84317 0
      vertex 70 0 0
      vertex 72.4 6 0
    endloop
  endfacet
  facet normal 0 0 -1
    outer loop
      vertex 72.4689 43.5355 0
      vertex 70 50 0
      vertex 72.4307 43.6879 0
    endloop
  endfacet
  facet normal 0 0 -1
    outer loop
      vertex 72.7632 45.015 0
      vertex 70 50 0
      vertex 70.9802 49.9518 0
    endloop
  endfacet
  facet normal 0 0 -1
    outer loop
      vertex 72.8686 45.1314 0
      vertex 70.9802 49.9518 0
      vertex 71.9509 49.8078 0
    endloop
  endfacet
  facet normal 0 0 -1
    outer loop
      vertex 7.59229 6.15683 0
      vertex 10 0 0
      vertex 7.6 6 0
    endloop
  endfacet
  facet normal 0 0 -1
    outer loop
      vertex 72.4307 43.6879 0
      vertex 70 50 0
      vertex 72.4077 43.8432 0
    endloop
  endfacet
  facet normal 0 0 -1
    outer loop
      vertex 7.23682 4.98497 0
      vertex 10 0 0
      vertex 9.01982 0.0481415 0
    endloop
  endfacet
  facet normal 0 0 -1
    outer loop
      vertex 72.4077 43.8432 0
      vertex 70 50 0
      vertex 72.4 44 0
    endloop
  endfacet
  facet normal 0 0 -1
    outer loop
      vertex 7.13137 4.86863 0
      vertex 9.01982 0.0481415 0
      vertex 8.04909 0.192139 0
    endloop
  endfacet
  facet normal 0 0 -1
    outer loop
      vertex 72.4689 43.5355 0
      vertex 7.6 44 0
      vertex 10 50 0
    endloop
  endfacet
  facet normal 0 0 -1
    outer loop
      vertex 7.59229 44.1568 0
      vertex 10 50 0
      vertex 7.6 44 0
    endloop
  endfacet
  facet normal 0 0 -1
    outer loop
      vertex 10 0 0
      vertex 7.59229 5.84317 0
      vertex 7.6 6 0
    endloop
  endfacet
  facet normal 0 0 -1
    outer loop
      vertex 10 0 0
      vertex 7.56926 5.68785 0
      vertex 7.59229 5.84317 0
    endloop
  endfacet
  facet normal 0 0 -1
    outer loop
      vertex 10 0 0
      vertex 7.5311 5.53554 0
      vertex 7.56926 5.68785 0
    endloop
  endfacet
  facet normal 0 0 -1
    outer loop
      vertex 10 0 0
      vertex 7.47821 5.38771 0
      vertex 7.5311 5.53554 0
    endloop
  endfacet
  facet normal 0 0 -1
    outer loop
      vertex 10 0 0
      vertex 7.41107 5.24576 0
      vertex 7.47821 5.38771 0
    endloop
  endfacet
  facet normal 0 0 -1
    outer loop
      vertex 10 0 0
      vertex 7.33035 5.11109 0
      vertex 7.41107 5.24576 0
    endloop
  endfacet
  facet normal 0 0 -1
    outer loop
      vertex 10 0 0
      vertex 7.23682 4.98497 0
      vertex 7.33035 5.11109 0
    endloop
  endfacet
  facet normal 0 0 -1
    outer loop
      vertex 9.01982 0.0481415 0
      vertex 7.13137 4.86863 0
      vertex 7.23682 4.98497 0
    endloop
  endfacet
  facet normal 0 0 -1
    outer loop
      vertex 6.88891 4.66965 0
      vertex 8.04909 0.192139 0
      vertex 7.09715 0.430588 0
    endloop
  endfacet
  facet normal 0 0 -1
    outer loop
      vertex 8.04909 0.192139 0
      vertex 7.01503 4.76318 0
      vertex 7.13137 4.86863 0
    endloop
  endfacet
  facet normal 0 0 -1
    outer loop
      vertex 8.04909 0.192139 0
      vertex 6.88891 4.66965 0
      vertex 7.01503 4.76318 0
    endloop
  endfacet
  facet normal 0 0 -1
    outer loop
      vertex 7.09715 0.430588 0
      vertex 6.75423 4.58893 0
      vertex 6.88891 4.66965 0
    endloop
  endfacet
  facet normal 0 0 -1
    outer loop
      vertex 7.09715 0.430588 0
      vertex 6.61229 4.52179 0
      vertex 6.75423 4.58893 0
    endloop
  endfacet
  facet normal 0 0 -1
    outer loop
      vertex 6.17316 0.7612 0
      vertex 6.61229 4.52179 0
      vertex 7.09715 0.430588 0
    endloop
  endfacet
  facet normal 0 0 -1
    outer loop
      vertex 6.61229 4.52179 0
      vertex 6.17316 0.7612 0
      vertex 6.46445 4.46889 0
    endloop
  endfacet
  facet normal 0 0 -1
    outer loop
      vertex 6.46445 4.46889 0
      vertex 6.17316 0.7612 0
      vertex 6.31214 4.43074 0
    endloop
  endfacet
  facet normal 0 0 -1
    outer loop
      vertex 6.17316 0.7612 0
      vertex 6.15683 4.4077 0
      vertex 6.31214 4.43074 0
    endloop
  endfacet
  facet normal 0 0 -1
    outer loop
      vertex 5.28603 1.18079 0
      vertex 6.15683 4.4077 0
      vertex 6.17316 0.7612 0
    endloop
  endfacet
  facet normal 0 0 -1
    outer loop
      vertex 6.15683 4.4077 0
      vertex 5.28603 1.18079 0
      vertex 6 4.4 0
    endloop
  endfacet
  facet normal -0 0 -1
    outer loop
      vertex 6 4.4 0
      vertex 5.28603 1.18079 0
      vertex 5.84317 4.4077 0
    endloop
  endfacet
  facet normal 0 0 -1
    outer loop
      vertex 4.44429 1.6853 0
      vertex 5.84317 4.4077 0
      vertex 5.28603 1.18079 0
    endloop
  endfacet
  facet normal -0 0 -1
    outer loop
      vertex 5.84317 4.4077 0
      vertex 4.44429 1.6853 0
      vertex 5.68785 4.43074 0
    endloop
  endfacet
  facet normal -0 0 -1
    outer loop
      vertex 5.68785 4.43074 0
      vertex 4.44429 1.6853 0
      vertex 5.53554 4.46889 0
    endloop
  endfacet
  facet normal -0 0 -1
    outer loop
      vertex 5.53554 4.46889 0
      vertex 4.44429 1.6853 0
      vertex 5.38771 4.52179 0
    endloop
  endfacet
  facet normal 0 0 -1
    outer loop
      vertex 3.65607 2.26988 0
      vertex 5.38771 4.52179 0
      vertex 4.44429 1.6853 0
    endloop
  endfacet
  facet normal -0 0 -1
    outer loop
      vertex 5.38771 4.52179 0
      vertex 3.65607 2.26988 0
      vertex 5.24576 4.58893 0
    endloop
  endfacet
  facet normal -0 0 -1
    outer loop
      vertex 5.24576 4.58893 0
      vertex 3.65607 2.26988 0
      vertex 5.11109 4.66965 0
    endloop
  endfacet
  facet normal -0 0 -1
    outer loop
      vertex 5.11109 4.66965 0
      vertex 3.65607 2.26988 0
      vertex 4.98497 4.76318 0
    endloop
  endfacet
  facet normal -0 0 -1
    outer loop
      vertex 4.98497 4.76318 0
      vertex 3.65607 2.26988 0
      vertex 4.86863 4.86863 0
    endloop
  endfacet
  facet normal -0 0 -1
    outer loop
      vertex 4.86863 4.86863 0
      vertex 3.65607 2.26988 0
      vertex 4.76318 4.98497 0
    endloop
  endfacet
  facet normal -0 0 -1
    outer loop
      vertex 4.76318 4.98497 0
      vertex 3.65607 2.26988 0
      vertex 4.66965 5.11109 0
    endloop
  endfacet
  facet normal -0 0 -1
    outer loop
      vertex 4.66965 5.11109 0
      vertex 3.65607 2.26988 0
      vertex 4.58893 5.24576 0
    endloop
  endfacet
  facet normal -0 0 -1
    outer loop
      vertex 4.58893 5.24576 0
      vertex 3.65607 2.26988 0
      vertex 4.52179 5.38771 0
    endloop
  endfacet
  facet normal -0 0 -1
    outer loop
      vertex 4.52179 5.38771 0
      vertex 3.65607 2.26988 0
      vertex 4.46889 5.53554 0
    endloop
  endfacet
  facet normal -0 0 -1
    outer loop
      vertex 4.46889 5.53554 0
      vertex 3.65607 2.26988 0
      vertex 4.43074 5.68785 0
    endloop
  endfacet
  facet normal -0 0 -1
    outer loop
      vertex 4.43074 5.68785 0
      vertex 3.65607 2.26988 0
      vertex 4.4077 5.84317 0
    endloop
  endfacet
  facet normal 0 0 -1
    outer loop
      vertex 4.4077 5.84317 0
      vertex 0 10 0
      vertex 4.4 6 0
    endloop
  endfacet
  facet normal 0 0 -1
    outer loop
      vertex 0 10 0
      vertex 4.4077 5.84317 0
      vertex 3.65607 2.26988 0
    endloop
  endfacet
  facet normal -0.989176 -0.146734 0
    outer loop
      vertex 0.192139 8.04909 0
      vertex 0.0481415 9.01982 14
      vertex 0.0481415 9.01982 0
    endloop
  endfacet
  facet normal -0.989176 -0.146734 0
    outer loop
      vertex 0.0481415 9.01982 14
      vertex 0.192139 8.04909 0
      vertex 0.192139 8.04909 14
    endloop
  endfacet
  facet normal -1 0 0
    outer loop
      vertex 0 40 0
      vertex 0 30 7
      vertex 0 40 14
    endloop
  endfacet
  facet normal -1 0 0
    outer loop
      vertex 0 40 0
      vertex 0 20 7
      vertex 0 30 7
    endloop
  endfacet
  facet normal -1 0 0
    outer loop
      vertex 0 10 14
      vertex 0 20 7
      vertex 0 10 0
    endloop
  endfacet
  facet normal -1 0 0
    outer loop
      vertex 0 10 0
      vertex 0 20 7
      vertex 0 40 0
    endloop
  endfacet
  facet normal -1 0 0
    outer loop
      vertex 0 30 13
      vertex 0 40 14
      vertex 0 30 7
    endloop
  endfacet
  facet normal -1 0 0
    outer loop
      vertex 0 20 13
      vertex 0 40 14
      vertex 0 30 13
    endloop
  endfacet
  facet normal -1 0 0
    outer loop
      vertex 0 20 13
      vertex 0 10 14
      vertex 0 40 14
    endloop
  endfacet
  facet normal -1 0 0
    outer loop
      vertex 0 20 7
      vertex 0 10 14
      vertex 0 20 13
    endloop
  endfacet
  facet normal -0.998796 -0.0490558 0
    outer loop
      vertex 0.0481415 9.01982 0
      vertex 0 10 14
      vertex 0 10 0
    endloop
  endfacet
  facet normal -0.998796 -0.0490558 0
    outer loop
      vertex 0 10 14
      vertex 0.0481415 9.01982 0
      vertex 0.0481415 9.01982 14
    endloop
  endfacet
  facet normal 0.0491143 0.998793 -0
    outer loop
      vertex 70.9802 49.9518 0
      vertex 70 50 14
      vertex 70.9802 49.9518 14
    endloop
  endfacet
  facet normal 0.0491143 0.998793 0
    outer loop
      vertex 70 50 14
      vertex 70.9802 49.9518 0
      vertex 70 50 0
    endloop
  endfacet
  facet normal 0.427535 -0.903999 0
    outer loop
      vertex 73.8268 0.7612 0
      vertex 74.714 1.18079 14
      vertex 73.8268 0.7612 14
    endloop
  endfacet
  facet normal 0.427535 -0.903999 0
    outer loop
      vertex 74.714 1.18079 14
      vertex 73.8268 0.7612 0
      vertex 74.714 1.18079 0
    endloop
  endfacet
  facet normal -0.998796 0.0490548 0
    outer loop
      vertex 0 40 0
      vertex 0.0481415 40.9802 14
      vertex 0.0481415 40.9802 0
    endloop
  endfacet
  facet normal -0.998796 0.0490548 0
    outer loop
      vertex 0.0481415 40.9802 14
      vertex 0 40 0
      vertex 0 40 14
    endloop
  endfacet
  facet normal 1 -0 0
    outer loop
      vertex 80 10 14
      vertex 80 40 0
      vertex 80 40 14
    endloop
  endfacet
  facet normal 1 0 0
    outer loop
      vertex 80 40 0
      vertex 80 10 14
      vertex 80 10 0
    endloop
  endfacet
  facet normal -0.336893 -0.941543 0
    outer loop
      vertex 6.17316 0.7612 0
      vertex 7.09715 0.430588 14
      vertex 6.17316 0.7612 14
    endloop
  endfacet
  facet normal -0.336893 -0.941543 -0
    outer loop
      vertex 7.09715 0.430588 14
      vertex 6.17316 0.7612 0
      vertex 7.09715 0.430588 0
    endloop
  endfacet
  facet normal 0.0490548 -0.998796 0
    outer loop
      vertex 70 0 0
      vertex 70.9802 0.0481415 14
      vertex 70 0 14
    endloop
  endfacet
  facet normal 0.0490548 -0.998796 0
    outer loop
      vertex 70.9802 0.0481415 14
      vertex 70 0 0
      vertex 70.9802 0.0481415 0
    endloop
  endfacet
  facet normal 0 1 0
    outer loop
      vertex 10 50 14
      vertex 58 50 19
      vertex 58 50 14
    endloop
  endfacet
  facet normal 0 1 0
    outer loop
      vertex 58 50 19
      vertex 10 50 14
      vertex 6 50 19
    endloop
  endfacet
  facet normal 0 1 0
    outer loop
      vertex 6 50 19
      vertex 10 50 14
      vertex 6 50 14
    endloop
  endfacet
  facet normal 0 1 -0
    outer loop
      vertex 70 50 0
      vertex 58 50 14
      vertex 70 50 14
    endloop
  endfacet
  facet normal 0 1 0
    outer loop
      vertex 10 50 0
      vertex 58 50 14
      vertex 70 50 0
    endloop
  endfacet
  facet normal 0 1 0
    outer loop
      vertex 58 50 14
      vertex 10 50 0
      vertex 10 50 14
    endloop
  endfacet
  facet normal 0 0 1
    outer loop
      vertex 61.0241 8.49009 14
      vertex 59 11 14
      vertex 61 8 14
    endloop
  endfacet
  facet normal 0 0 1
    outer loop
      vertex 61.0961 8.97545 14
      vertex 59 11 14
      vertex 61.0241 8.49009 14
    endloop
  endfacet
  facet normal 0 0 1
    outer loop
      vertex 61.2153 9.45142 14
      vertex 59 11 14
      vertex 61.0961 8.97545 14
    endloop
  endfacet
  facet normal 0 0 1
    outer loop
      vertex 61.3806 9.91342 14
      vertex 59 11 14
      vertex 61.2153 9.45142 14
    endloop
  endfacet
  facet normal 0 0 1
    outer loop
      vertex 61.5904 10.357 14
      vertex 59 11 14
      vertex 61.3806 9.91342 14
    endloop
  endfacet
  facet normal 0 0 1
    outer loop
      vertex 61.8427 10.7779 14
      vertex 59 11 14
      vertex 61.5904 10.357 14
    endloop
  endfacet
  facet normal -0 0 1
    outer loop
      vertex 59 11 14
      vertex 61.8427 10.7779 14
      vertex 62.0074 11 14
    endloop
  endfacet
  facet normal 0 0 1
    outer loop
      vertex 79.5694 7.09715 14
      vertex 70.9759 8.49009 14
      vertex 71 8 14
    endloop
  endfacet
  facet normal 0 0 1
    outer loop
      vertex 72.778 13.3594 14
      vertex 70.9039 8.97545 14
      vertex 70.9759 8.49009 14
    endloop
  endfacet
  facet normal 0 0 1
    outer loop
      vertex 72.778 13.3594 14
      vertex 70.7847 9.45142 14
      vertex 70.9039 8.97545 14
    endloop
  endfacet
  facet normal 0 0 1
    outer loop
      vertex 71.5995 12.6531 14
      vertex 70.6194 9.91342 14
      vertex 70.7847 9.45142 14
    endloop
  endfacet
  facet normal 0 0 1
    outer loop
      vertex 71.5995 12.6531 14
      vertex 70.4096 10.357 14
      vertex 70.6194 9.91342 14
    endloop
  endfacet
  facet normal -0 0 1
    outer loop
      vertex 70.3576 12.0657 14
      vertex 70.4096 10.357 14
      vertex 71.5995 12.6531 14
    endloop
  endfacet
  facet normal 0 0 1
    outer loop
      vertex 70.3576 12.0657 14
      vertex 70.1573 10.7779 14
      vertex 70.4096 10.357 14
    endloop
  endfacet
  facet normal 0 0 1
    outer loop
      vertex 70.3576 12.0657 14
      vertex 69.8651 11.172 14
      vertex 70.1573 10.7779 14
    endloop
  endfacet
  facet normal 0 0 1
    outer loop
      vertex 70.3576 12.0657 14
      vertex 69.5355 11.5355 14
      vertex 69.8651 11.172 14
    endloop
  endfacet
  facet normal 0 -0 1
    outer loop
      vertex 69.5355 11.5355 14
      vertex 70.3576 12.0657 14
      vertex 69.3488 11.7048 14
    endloop
  endfacet
  facet normal 0 0 1
    outer loop
      vertex 72.778 36.6406 14
      vertex 80 40 14
      vertex 79.9518 40.9802 14
    endloop
  endfacet
  facet normal 0 0 1
    outer loop
      vertex 80 40 14
      vertex 79 25 14
      vertex 80 10 14
    endloop
  endfacet
  facet normal 0 0 1
    outer loop
      vertex 72.778 36.6406 14
      vertex 79.9518 40.9802 14
      vertex 79.8078 41.9509 14
    endloop
  endfacet
  facet normal -0 0 1
    outer loop
      vertex 78.9326 23.6277 14
      vertex 80 10 14
      vertex 79 25 14
    endloop
  endfacet
  facet normal 0 0 1
    outer loop
      vertex 72.778 36.6406 14
      vertex 79.8078 41.9509 14
      vertex 79.5694 42.9028 14
    endloop
  endfacet
  facet normal -0 0 1
    outer loop
      vertex 78.731 22.2687 14
      vertex 80 10 14
      vertex 78.9326 23.6277 14
    endloop
  endfacet
  facet normal 0 0 1
    outer loop
      vertex 71.5995 37.3469 14
      vertex 79.5694 42.9028 14
      vertex 79.2388 43.8268 14
    endloop
  endfacet
  facet normal -0 0 1
    outer loop
      vertex 78.3972 20.936 14
      vertex 80 10 14
      vertex 78.731 22.2687 14
    endloop
  endfacet
  facet normal -0 0 1
    outer loop
      vertex 77.9343 19.6424 14
      vertex 80 10 14
      vertex 78.3972 20.936 14
    endloop
  endfacet
  facet normal 0 0 1
    outer loop
      vertex 80 40 14
      vertex 78.9326 26.3722 14
      vertex 79 25 14
    endloop
  endfacet
  facet normal 0 0 1
    outer loop
      vertex 71.5995 37.3469 14
      vertex 79.2388 43.8268 14
      vertex 78.8192 44.714 14
    endloop
  endfacet
  facet normal 0 0 1
    outer loop
      vertex 80 40 14
      vertex 78.731 27.7313 14
      vertex 78.9326 26.3722 14
    endloop
  endfacet
  facet normal 0 0 1
    outer loop
      vertex 80 40 14
      vertex 78.3972 29.064 14
      vertex 78.731 27.7313 14
    endloop
  endfacet
  facet normal 0 0 1
    outer loop
      vertex 71.5995 37.3469 14
      vertex 78.8192 44.714 14
      vertex 78.3147 45.5557 14
    endloop
  endfacet
  facet normal 0 0 1
    outer loop
      vertex 80 40 14
      vertex 77.9343 30.3576 14
      vertex 78.3972 29.064 14
    endloop
  endfacet
  facet normal 0 0 1
    outer loop
      vertex 71.5995 37.3469 14
      vertex 78.3147 45.5557 14
      vertex 77.7301 46.3439 14
    endloop
  endfacet
  facet normal 0 0 1
    outer loop
      vertex 80 40 14
      vertex 77.3469 31.5995 14
      vertex 77.9343 30.3576 14
    endloop
  endfacet
  facet normal 0 0 1
    outer loop
      vertex 70.3576 37.9343 14
      vertex 77.7301 46.3439 14
      vertex 77.0711 47.0711 14
    endloop
  endfacet
  facet normal 0 0 1
    outer loop
      vertex 80 40 14
      vertex 76.6406 32.778 14
      vertex 77.3469 31.5995 14
    endloop
  endfacet
  facet normal 0 0 1
    outer loop
      vertex 70.3576 37.9343 14
      vertex 77.0711 47.0711 14
      vertex 76.3439 47.7301 14
    endloop
  endfacet
  facet normal 0 0 1
    outer loop
      vertex 80 40 14
      vertex 75.8221 33.8815 14
      vertex 76.6406 32.778 14
    endloop
  endfacet
  facet normal 0 0 1
    outer loop
      vertex 70.3576 37.9343 14
      vertex 76.3439 47.7301 14
      vertex 75.5557 48.3147 14
    endloop
  endfacet
  facet normal 0 0 1
    outer loop
      vertex 80 40 14
      vertex 74.8995 34.8995 14
      vertex 75.8221 33.8815 14
    endloop
  endfacet
  facet normal 0 0 1
    outer loop
      vertex 70.3576 37.9343 14
      vertex 75.5557 48.3147 14
      vertex 74.714 48.8192 14
    endloop
  endfacet
  facet normal 0 0 1
    outer loop
      vertex 80 40 14
      vertex 73.8815 35.8221 14
      vertex 74.8995 34.8995 14
    endloop
  endfacet
  facet normal 0 0 1
    outer loop
      vertex 70.3576 37.9343 14
      vertex 74.714 48.8192 14
      vertex 73.8268 49.2388 14
    endloop
  endfacet
  facet normal 0 0 1
    outer loop
      vertex 69.064 38.3972 14
      vertex 73.8268 49.2388 14
      vertex 72.9028 49.5694 14
    endloop
  endfacet
  facet normal 0 0 1
    outer loop
      vertex 80 40 14
      vertex 72.778 36.6406 14
      vertex 73.8815 35.8221 14
    endloop
  endfacet
  facet normal 0 0 1
    outer loop
      vertex 69.064 38.3972 14
      vertex 72.9028 49.5694 14
      vertex 71.9509 49.8078 14
    endloop
  endfacet
  facet normal 0 0 1
    outer loop
      vertex 79.5694 42.9028 14
      vertex 71.5995 37.3469 14
      vertex 72.778 36.6406 14
    endloop
  endfacet
  facet normal 0 0 1
    outer loop
      vertex 69.064 38.3972 14
      vertex 71.9509 49.8078 14
      vertex 70.9802 49.9518 14
    endloop
  endfacet
  facet normal 0 0 1
    outer loop
      vertex 77.7301 46.3439 14
      vertex 70.3576 37.9343 14
      vertex 71.5995 37.3469 14
    endloop
  endfacet
  facet normal 0 0 1
    outer loop
      vertex 69.064 38.3972 14
      vertex 70.9802 49.9518 14
      vertex 70 50 14
    endloop
  endfacet
  facet normal 0 0 1
    outer loop
      vertex 73.8268 49.2388 14
      vertex 69.064 38.3972 14
      vertex 70.3576 37.9343 14
    endloop
  endfacet
  facet normal 0 0 1
    outer loop
      vertex 70 50 14
      vertex 67.7313 38.731 14
      vertex 69.064 38.3972 14
    endloop
  endfacet
  facet normal -0 0 1
    outer loop
      vertex 64 44 14
      vertex 67.7313 38.731 14
      vertex 70 50 14
    endloop
  endfacet
  facet normal 0 0 1
    outer loop
      vertex 67.7313 38.731 14
      vertex 64 44 14
      vertex 66.3722 38.9326 14
    endloop
  endfacet
  facet normal -0 0 1
    outer loop
      vertex 64 40 14
      vertex 66.3722 38.9326 14
      vertex 64 44 14
    endloop
  endfacet
  facet normal 0 0 1
    outer loop
      vertex 70 50 14
      vertex 63.9711 44.5881 14
      vertex 64 44 14
    endloop
  endfacet
  facet normal 0 0 1
    outer loop
      vertex 70 50 14
      vertex 63.8847 45.1705 14
      vertex 63.9711 44.5881 14
    endloop
  endfacet
  facet normal 0 0 1
    outer loop
      vertex 70 50 14
      vertex 63.7416 45.7417 14
      vertex 63.8847 45.1705 14
    endloop
  endfacet
  facet normal 0 0 1
    outer loop
      vertex 70 50 14
      vertex 63.5433 46.2961 14
      vertex 63.7416 45.7417 14
    endloop
  endfacet
  facet normal 0 0 1
    outer loop
      vertex 70 50 14
      vertex 63.2915 46.8284 14
      vertex 63.5433 46.2961 14
    endloop
  endfacet
  facet normal 0 0 1
    outer loop
      vertex 70 50 14
      vertex 62.9888 47.3334 14
      vertex 63.2915 46.8284 14
    endloop
  endfacet
  facet normal 0 0 1
    outer loop
      vertex 70 50 14
      vertex 62.6381 47.8064 14
      vertex 62.9888 47.3334 14
    endloop
  endfacet
  facet normal 0 0 1
    outer loop
      vertex 70 50 14
      vertex 62.2426 48.2426 14
      vertex 62.6381 47.8064 14
    endloop
  endfacet
  facet normal 0 0 1
    outer loop
      vertex 70 50 14
      vertex 61.8064 48.6381 14
      vertex 62.2426 48.2426 14
    endloop
  endfacet
  facet normal 0 0 1
    outer loop
      vertex 70 50 14
      vertex 61.3334 48.9888 14
      vertex 61.8064 48.6381 14
    endloop
  endfacet
  facet normal 0 0 1
    outer loop
      vertex 70 50 14
      vertex 60.8284 49.2915 14
      vertex 61.3334 48.9888 14
    endloop
  endfacet
  facet normal 0 0 1
    outer loop
      vertex 70 50 14
      vertex 60.2961 49.5433 14
      vertex 60.8284 49.2915 14
    endloop
  endfacet
  facet normal 0 0 1
    outer loop
      vertex 70 50 14
      vertex 59.7417 49.7416 14
      vertex 60.2961 49.5433 14
    endloop
  endfacet
  facet normal 0 0 1
    outer loop
      vertex 70 50 14
      vertex 59.1705 49.8847 14
      vertex 59.7417 49.7416 14
    endloop
  endfacet
  facet normal 0 0 1
    outer loop
      vertex 70 50 14
      vertex 58.5881 49.9711 14
      vertex 59.1705 49.8847 14
    endloop
  endfacet
  facet normal 0 -0 1
    outer loop
      vertex 58.5881 49.9711 14
      vertex 70 50 14
      vertex 58 50 14
    endloop
  endfacet
  facet normal -0 0 1
    outer loop
      vertex 77.3469 18.4004 14
      vertex 80 10 14
      vertex 77.9343 19.6424 14
    endloop
  endfacet
  facet normal -0 0 1
    outer loop
      vertex 76.6406 17.222 14
      vertex 80 10 14
      vertex 77.3469 18.4004 14
    endloop
  endfacet
  facet normal -0 0 1
    outer loop
      vertex 75.8221 16.1185 14
      vertex 80 10 14
      vertex 76.6406 17.222 14
    endloop
  endfacet
  facet normal -0 0 1
    outer loop
      vertex 74.8995 15.1005 14
      vertex 80 10 14
      vertex 75.8221 16.1185 14
    endloop
  endfacet
  facet normal -0 0 1
    outer loop
      vertex 73.8815 14.1778 14
      vertex 80 10 14
      vertex 74.8995 15.1005 14
    endloop
  endfacet
  facet normal -0 0 1
    outer loop
      vertex 72.778 13.3594 14
      vertex 80 10 14
      vertex 73.8815 14.1778 14
    endloop
  endfacet
  facet normal 0 0 1
    outer loop
      vertex 80 10 14
      vertex 72.778 13.3594 14
      vertex 79.9518 9.01982 14
    endloop
  endfacet
  facet normal 0 0 1
    outer loop
      vertex 70.9759 8.49009 14
      vertex 79.9518 9.01982 14
      vertex 72.778 13.3594 14
    endloop
  endfacet
  facet normal -0 0 1
    outer loop
      vertex 70.9759 8.49009 14
      vertex 79.8078 8.04909 14
      vertex 79.9518 9.01982 14
    endloop
  endfacet
  facet normal 0 0 1
    outer loop
      vertex 70.9759 8.49009 14
      vertex 79.5694 7.09715 14
      vertex 79.8078 8.04909 14
    endloop
  endfacet
  facet normal 0 0 1
    outer loop
      vertex 79.5694 7.09715 14
      vertex 71 8 14
      vertex 79.2388 6.17316 14
    endloop
  endfacet
  facet normal 0 0 1
    outer loop
      vertex 79.2388 6.17316 14
      vertex 71 8 14
      vertex 78.8192 5.28603 14
    endloop
  endfacet
  facet normal -0 0 1
    outer loop
      vertex 70.9759 7.50991 14
      vertex 78.8192 5.28603 14
      vertex 71 8 14
    endloop
  endfacet
  facet normal -0 0 1
    outer loop
      vertex 70.9039 7.02455 14
      vertex 78.3147 4.44429 14
      vertex 70.9759 7.50991 14
    endloop
  endfacet
  facet normal 0 0 1
    outer loop
      vertex 78.3147 4.44429 14
      vertex 70.9039 7.02455 14
      vertex 77.7301 3.65607 14
    endloop
  endfacet
  facet normal 0 0 1
    outer loop
      vertex 77.7301 3.65607 14
      vertex 70.9039 7.02455 14
      vertex 77.0711 2.92892 14
    endloop
  endfacet
  facet normal -0 0 1
    outer loop
      vertex 70.7847 6.54858 14
      vertex 77.0711 2.92892 14
      vertex 70.9039 7.02455 14
    endloop
  endfacet
  facet normal 0 0 1
    outer loop
      vertex 77.0711 2.92892 14
      vertex 70.7847 6.54858 14
      vertex 76.3439 2.26988 14
    endloop
  endfacet
  facet normal 0 0 1
    outer loop
      vertex 78.8192 5.28603 14
      vertex 70.9759 7.50991 14
      vertex 78.3147 4.44429 14
    endloop
  endfacet
  facet normal 0 0 1
    outer loop
      vertex 76.3439 2.26988 14
      vertex 70.6194 6.08658 14
      vertex 75.5557 1.6853 14
    endloop
  endfacet
  facet normal 0 0 1
    outer loop
      vertex 70.7847 9.45142 14
      vertex 72.778 13.3594 14
      vertex 71.5995 12.6531 14
    endloop
  endfacet
  facet normal -0 0 1
    outer loop
      vertex 70.6194 6.08658 14
      vertex 76.3439 2.26988 14
      vertex 70.7847 6.54858 14
    endloop
  endfacet
  facet normal -0 0 1
    outer loop
      vertex 70.4096 5.64302 14
      vertex 75.5557 1.6853 14
      vertex 70.6194 6.08658 14
    endloop
  endfacet
  facet normal 0 0 1
    outer loop
      vertex 75.5557 1.6853 14
      vertex 70.4096 5.64302 14
      vertex 74.714 1.18079 14
    endloop
  endfacet
  facet normal -0 0 1
    outer loop
      vertex 70.1573 5.22215 14
      vertex 74.714 1.18079 14
      vertex 70.4096 5.64302 14
    endloop
  endfacet
  facet normal 0 0 1
    outer loop
      vertex 74.714 1.18079 14
      vertex 70.1573 5.22215 14
      vertex 73.8268 0.7612 14
    endloop
  endfacet
  facet normal 0 0 1
    outer loop
      vertex 73.8268 0.7612 14
      vertex 70.1573 5.22215 14
      vertex 72.9028 0.430588 14
    endloop
  endfacet
  facet normal -0 0 1
    outer loop
      vertex 69.8651 4.82803 14
      vertex 72.9028 0.430588 14
      vertex 70.1573 5.22215 14
    endloop
  endfacet
  facet normal 0 0 1
    outer loop
      vertex 72.9028 0.430588 14
      vertex 69.8651 4.82803 14
      vertex 71.9509 0.192139 14
    endloop
  endfacet
  facet normal -0 0 1
    outer loop
      vertex 69.5355 4.46447 14
      vertex 71.9509 0.192139 14
      vertex 69.8651 4.82803 14
    endloop
  endfacet
  facet normal 0 0 1
    outer loop
      vertex 71.9509 0.192139 14
      vertex 69.5355 4.46447 14
      vertex 70.9802 0.0481415 14
    endloop
  endfacet
  facet normal -0 0 1
    outer loop
      vertex 69.172 4.13495 14
      vertex 70.9802 0.0481415 14
      vertex 69.5355 4.46447 14
    endloop
  endfacet
  facet normal 0 0 1
    outer loop
      vertex 70.9802 0.0481415 14
      vertex 69.172 4.13495 14
      vertex 70 0 14
    endloop
  endfacet
  facet normal -0 0 1
    outer loop
      vertex 68.7778 3.84265 14
      vertex 70 0 14
      vertex 69.172 4.13495 14
    endloop
  endfacet
  facet normal -0 0 1
    outer loop
      vertex 68.357 3.59039 14
      vertex 70 0 14
      vertex 68.7778 3.84265 14
    endloop
  endfacet
  facet normal -0 0 1
    outer loop
      vertex 67.9134 3.3806 14
      vertex 70 0 14
      vertex 68.357 3.59039 14
    endloop
  endfacet
  facet normal -0 0 1
    outer loop
      vertex 67.4514 3.2153 14
      vertex 70 0 14
      vertex 67.9134 3.3806 14
    endloop
  endfacet
  facet normal -0 0 1
    outer loop
      vertex 66.9754 3.09607 14
      vertex 70 0 14
      vertex 67.4514 3.2153 14
    endloop
  endfacet
  facet normal -0 0 1
    outer loop
      vertex 66.4901 3.02408 14
      vertex 70 0 14
      vertex 66.9754 3.09607 14
    endloop
  endfacet
  facet normal -0 0 1
    outer loop
      vertex 66 3 14
      vertex 70 0 14
      vertex 66.4901 3.02408 14
    endloop
  endfacet
  facet normal 0 0 1
    outer loop
      vertex 65.5099 3.02408 14
      vertex 70 0 14
      vertex 66 3 14
    endloop
  endfacet
  facet normal 0 0 1
    outer loop
      vertex 65.0246 3.09607 14
      vertex 70 0 14
      vertex 65.5099 3.02408 14
    endloop
  endfacet
  facet normal 0 0 1
    outer loop
      vertex 64.5486 3.2153 14
      vertex 70 0 14
      vertex 65.0246 3.09607 14
    endloop
  endfacet
  facet normal 0 0 1
    outer loop
      vertex 64.0866 3.3806 14
      vertex 70 0 14
      vertex 64.5486 3.2153 14
    endloop
  endfacet
  facet normal 0 0 1
    outer loop
      vertex 63.643 3.59039 14
      vertex 70 0 14
      vertex 64.0866 3.3806 14
    endloop
  endfacet
  facet normal 0 0 1
    outer loop
      vertex 57.6277 11.0674 14
      vertex 61 8 14
      vertex 59 11 14
    endloop
  endfacet
  facet normal 0 0 1
    outer loop
      vertex 61 8 14
      vertex 57.6277 11.0674 14
      vertex 61.0241 7.50991 14
    endloop
  endfacet
  facet normal 0 0 1
    outer loop
      vertex 61.0241 7.50991 14
      vertex 57.6277 11.0674 14
      vertex 61.0961 7.02455 14
    endloop
  endfacet
  facet normal 0 0 1
    outer loop
      vertex 56.2687 11.269 14
      vertex 61.0961 7.02455 14
      vertex 57.6277 11.0674 14
    endloop
  endfacet
  facet normal 0 0 1
    outer loop
      vertex 61.0961 7.02455 14
      vertex 56.2687 11.269 14
      vertex 61.2153 6.54858 14
    endloop
  endfacet
  facet normal 0 0 1
    outer loop
      vertex 61.2153 6.54858 14
      vertex 56.2687 11.269 14
      vertex 61.3806 6.08658 14
    endloop
  endfacet
  facet normal 0 0 1
    outer loop
      vertex 54.936 11.6028 14
      vertex 61.3806 6.08658 14
      vertex 56.2687 11.269 14
    endloop
  endfacet
  facet normal 0 0 1
    outer loop
      vertex 61.3806 6.08658 14
      vertex 54.936 11.6028 14
      vertex 61.5904 5.64302 14
    endloop
  endfacet
  facet normal 0 0 1
    outer loop
      vertex 53.6424 12.0657 14
      vertex 61.5904 5.64302 14
      vertex 54.936 11.6028 14
    endloop
  endfacet
  facet normal 0 0 1
    outer loop
      vertex 61.5904 5.64302 14
      vertex 53.6424 12.0657 14
      vertex 61.8427 5.22215 14
    endloop
  endfacet
  facet normal -0 0 1
    outer loop
      vertex 38.3576 12.0657 14
      vertex 61.8427 5.22215 14
      vertex 53.6424 12.0657 14
    endloop
  endfacet
  facet normal 0 0 1
    outer loop
      vertex 61.8427 5.22215 14
      vertex 38.3576 12.0657 14
      vertex 62.1349 4.82803 14
    endloop
  endfacet
  facet normal -0 0 1
    outer loop
      vertex 37.064 11.6028 14
      vertex 62.1349 4.82803 14
      vertex 38.3576 12.0657 14
    endloop
  endfacet
  facet normal 0 0 1
    outer loop
      vertex 38.3576 12.0657 14
      vertex 53.6424 12.0657 14
      vertex 52.4004 12.6531 14
    endloop
  endfacet
  facet normal 0 0 1
    outer loop
      vertex 39.5995 12.6531 14
      vertex 52.4004 12.6531 14
      vertex 51.222 13.3594 14
    endloop
  endfacet
  facet normal 0 0 1
    outer loop
      vertex 40.778 13.3594 14
      vertex 51.222 13.3594 14
      vertex 50.1185 14.1778 14
    endloop
  endfacet
  facet normal 0 0 1
    outer loop
      vertex 45.9343 19.6424 14
      vertex 46.0657 19.6424 14
      vertex 46 19.826 14
    endloop
  endfacet
  facet normal -0 0 1
    outer loop
      vertex 45.9343 19.6424 14
      vertex 46.6531 18.4004 14
      vertex 46.0657 19.6424 14
    endloop
  endfacet
  facet normal 0 0 1
    outer loop
      vertex 45.3469 18.4004 14
      vertex 46.6531 18.4004 14
      vertex 45.9343 19.6424 14
    endloop
  endfacet
  facet normal -0 0 1
    outer loop
      vertex 45.3469 18.4004 14
      vertex 47.3594 17.222 14
      vertex 46.6531 18.4004 14
    endloop
  endfacet
  facet normal 0 0 1
    outer loop
      vertex 44.6406 17.222 14
      vertex 47.3594 17.222 14
      vertex 45.3469 18.4004 14
    endloop
  endfacet
  facet normal 0 0 1
    outer loop
      vertex 47.3594 17.222 14
      vertex 44.6406 17.222 14
      vertex 48.1779 16.1185 14
    endloop
  endfacet
  facet normal 0 0 1
    outer loop
      vertex 43.8221 16.1185 14
      vertex 48.1779 16.1185 14
      vertex 44.6406 17.222 14
    endloop
  endfacet
  facet normal 0 0 1
    outer loop
      vertex 48.1779 16.1185 14
      vertex 43.8221 16.1185 14
      vertex 49.1005 15.1005 14
    endloop
  endfacet
  facet normal 0 0 1
    outer loop
      vertex 42.8995 15.1005 14
      vertex 49.1005 15.1005 14
      vertex 43.8221 16.1185 14
    endloop
  endfacet
  facet normal 0 0 1
    outer loop
      vertex 49.1005 15.1005 14
      vertex 42.8995 15.1005 14
      vertex 50.1185 14.1778 14
    endloop
  endfacet
  facet normal 0 0 1
    outer loop
      vertex 41.8815 14.1778 14
      vertex 50.1185 14.1778 14
      vertex 42.8995 15.1005 14
    endloop
  endfacet
  facet normal 0 0 1
    outer loop
      vertex 40.778 13.3594 14
      vertex 50.1185 14.1778 14
      vertex 41.8815 14.1778 14
    endloop
  endfacet
  facet normal 0 0 1
    outer loop
      vertex 51.222 13.3594 14
      vertex 40.778 13.3594 14
      vertex 39.5995 12.6531 14
    endloop
  endfacet
  facet normal 0 0 1
    outer loop
      vertex 52.4004 12.6531 14
      vertex 39.5995 12.6531 14
      vertex 38.3576 12.0657 14
    endloop
  endfacet
  facet normal 0 0 1
    outer loop
      vertex 62.1349 4.82803 14
      vertex 37.064 11.6028 14
      vertex 62.4645 4.46447 14
    endloop
  endfacet
  facet normal -0 0 1
    outer loop
      vertex 35.7313 11.269 14
      vertex 62.4645 4.46447 14
      vertex 37.064 11.6028 14
    endloop
  endfacet
  facet normal 0 0 1
    outer loop
      vertex 62.4645 4.46447 14
      vertex 35.7313 11.269 14
      vertex 62.828 4.13495 14
    endloop
  endfacet
  facet normal -0 0 1
    outer loop
      vertex 34.3722 11.0674 14
      vertex 62.828 4.13495 14
      vertex 35.7313 11.269 14
    endloop
  endfacet
  facet normal 0 0 1
    outer loop
      vertex 62.828 4.13495 14
      vertex 34.3722 11.0674 14
      vertex 63.2221 3.84265 14
    endloop
  endfacet
  facet normal 0 0 1
    outer loop
      vertex 10 0 14
      vertex 63.2221 3.84265 14
      vertex 34.3722 11.0674 14
    endloop
  endfacet
  facet normal 0 0 1
    outer loop
      vertex 63.2221 3.84265 14
      vertex 10 0 14
      vertex 63.643 3.59039 14
    endloop
  endfacet
  facet normal 0 0 1
    outer loop
      vertex 10 0 14
      vertex 34.3722 11.0674 14
      vertex 33 11 14
    endloop
  endfacet
  facet normal 0 0 1
    outer loop
      vertex 10 0 14
      vertex 33 11 14
      vertex 31.6277 11.0674 14
    endloop
  endfacet
  facet normal 0 0 1
    outer loop
      vertex 10 0 14
      vertex 31.6277 11.0674 14
      vertex 30.2687 11.269 14
    endloop
  endfacet
  facet normal 0 0 1
    outer loop
      vertex 10 0 14
      vertex 30.2687 11.269 14
      vertex 28.936 11.6028 14
    endloop
  endfacet
  facet normal 0 0 1
    outer loop
      vertex 63.643 3.59039 14
      vertex 10 0 14
      vertex 70 0 14
    endloop
  endfacet
  facet normal 0 0 1
    outer loop
      vertex 27.6424 12.0657 14
      vertex 10 0 14
      vertex 28.936 11.6028 14
    endloop
  endfacet
  facet normal 0 0 1
    outer loop
      vertex 26.4004 12.6531 14
      vertex 10 0 14
      vertex 27.6424 12.0657 14
    endloop
  endfacet
  facet normal 0 0 1
    outer loop
      vertex 25.222 13.3594 14
      vertex 10 0 14
      vertex 26.4004 12.6531 14
    endloop
  endfacet
  facet normal 0 0 1
    outer loop
      vertex 24.1185 14.1778 14
      vertex 10 0 14
      vertex 25.222 13.3594 14
    endloop
  endfacet
  facet normal 0 0 1
    outer loop
      vertex 23.1005 15.1005 14
      vertex 10 0 14
      vertex 24.1185 14.1778 14
    endloop
  endfacet
  facet normal 0 0 1
    outer loop
      vertex 22.1778 16.1185 14
      vertex 10 0 14
      vertex 23.1005 15.1005 14
    endloop
  endfacet
  facet normal 0 0 1
    outer loop
      vertex 21.3594 17.222 14
      vertex 10 0 14
      vertex 22.1778 16.1185 14
    endloop
  endfacet
  facet normal 0 0 1
    outer loop
      vertex 0 10 14
      vertex 21.3594 17.222 14
      vertex 20.6531 18.4004 14
    endloop
  endfacet
  facet normal 0 0 1
    outer loop
      vertex 0 10 14
      vertex 20.6531 18.4004 14
      vertex 20.0657 19.6424 14
    endloop
  endfacet
  facet normal 0 0 1
    outer loop
      vertex 0 10 14
      vertex 20.0657 19.6424 14
      vertex 19.6028 20.936 14
    endloop
  endfacet
  facet normal 0 0 1
    outer loop
      vertex 0 10 14
      vertex 19.6028 20.936 14
      vertex 19.269 22.2687 14
    endloop
  endfacet
  facet normal 0 0 1
    outer loop
      vertex 0 10 14
      vertex 19.269 22.2687 14
      vertex 19.0674 23.6277 14
    endloop
  endfacet
  facet normal 0 0 1
    outer loop
      vertex 6 34 14
      vertex 19.0674 23.6277 14
      vertex 19 25 14
    endloop
  endfacet
  facet normal 0 0 1
    outer loop
      vertex 66.3722 38.9326 14
      vertex 64 40 14
      vertex 65 39 14
    endloop
  endfacet
  facet normal -0 0 1
    outer loop
      vertex 63.9711 39.4119 14
      vertex 65 39 14
      vertex 64 40 14
    endloop
  endfacet
  facet normal 0 0 1
    outer loop
      vertex 65 39 14
      vertex 63.9711 39.4119 14
      vertex 63.91 39 14
    endloop
  endfacet
  facet normal 0 0 1
    outer loop
      vertex 6 34 14
      vertex 19 25 14
      vertex 19.0674 26.3722 14
    endloop
  endfacet
  facet normal 0 0 1
    outer loop
      vertex 6 34 14
      vertex 19.0674 26.3722 14
      vertex 19.269 27.7313 14
    endloop
  endfacet
  facet normal 0 0 1
    outer loop
      vertex 6 34 14
      vertex 19.269 27.7313 14
      vertex 19.6028 29.064 14
    endloop
  endfacet
  facet normal 0 0 1
    outer loop
      vertex 21.3594 17.222 14
      vertex 0 10 14
      vertex 10 0 14
    endloop
  endfacet
  facet normal 0 0 1
    outer loop
      vertex 6 34 14
      vertex 19.6028 29.064 14
      vertex 20.0657 30.3576 14
    endloop
  endfacet
  facet normal 0 0 1
    outer loop
      vertex 10 0 14
      vertex 0 10 14
      vertex 9.01982 0.0481415 14
    endloop
  endfacet
  facet normal 0 0 1
    outer loop
      vertex 9.01982 0.0481415 14
      vertex 0 10 14
      vertex 8.04909 0.192139 14
    endloop
  endfacet
  facet normal 0 0 1
    outer loop
      vertex 8.04909 0.192139 14
      vertex 0 10 14
      vertex 7.09715 0.430588 14
    endloop
  endfacet
  facet normal -0 0 1
    outer loop
      vertex 6 34 14
      vertex 22.1778 33.8815 14
      vertex 22.2852 34 14
    endloop
  endfacet
  facet normal 0 0 1
    outer loop
      vertex 6 34 14
      vertex 21.3594 32.778 14
      vertex 22.1778 33.8815 14
    endloop
  endfacet
  facet normal 0 0 1
    outer loop
      vertex 6 34 14
      vertex 20.6531 31.5995 14
      vertex 21.3594 32.778 14
    endloop
  endfacet
  facet normal 0 0 1
    outer loop
      vertex 6 34 14
      vertex 20.0657 30.3576 14
      vertex 20.6531 31.5995 14
    endloop
  endfacet
  facet normal 0 0 1
    outer loop
      vertex 19.0674 23.6277 14
      vertex 6 34 14
      vertex 0 10 14
    endloop
  endfacet
  facet normal 0 0 1
    outer loop
      vertex 0 10 14
      vertex 6 34 14
      vertex 5.4119 34.0289 14
    endloop
  endfacet
  facet normal 0 0 1
    outer loop
      vertex 7.09715 0.430588 14
      vertex 0 10 14
      vertex 6.17316 0.7612 14
    endloop
  endfacet
  facet normal 0 0 1
    outer loop
      vertex 0 10 14
      vertex 5.4119 34.0289 14
      vertex 4.82945 34.1153 14
    endloop
  endfacet
  facet normal 0 0 1
    outer loop
      vertex 6.17316 0.7612 14
      vertex 0 10 14
      vertex 5.28603 1.18079 14
    endloop
  endfacet
  facet normal 0 0 1
    outer loop
      vertex 0 10 14
      vertex 4.82945 34.1153 14
      vertex 4.25829 34.2583 14
    endloop
  endfacet
  facet normal 0 0 1
    outer loop
      vertex 0 10 14
      vertex 4.25829 34.2583 14
      vertex 3.70389 34.4567 14
    endloop
  endfacet
  facet normal 0 0 1
    outer loop
      vertex 5.28603 1.18079 14
      vertex 0 10 14
      vertex 4.44429 1.6853 14
    endloop
  endfacet
  facet normal 0 0 1
    outer loop
      vertex 0 10 14
      vertex 3.70389 34.4567 14
      vertex 3.17162 34.7085 14
    endloop
  endfacet
  facet normal 0 0 1
    outer loop
      vertex 4.44429 1.6853 14
      vertex 0 10 14
      vertex 3.65607 2.26988 14
    endloop
  endfacet
  facet normal 0 0 1
    outer loop
      vertex 0 10 14
      vertex 3.17162 34.7085 14
      vertex 2.66656 35.0112 14
    endloop
  endfacet
  facet normal 0 0 1
    outer loop
      vertex 3.65607 2.26988 14
      vertex 0 10 14
      vertex 2.92892 2.92892 14
    endloop
  endfacet
  facet normal 0 0 1
    outer loop
      vertex 0 10 14
      vertex 2.66656 35.0112 14
      vertex 2.19363 35.3619 14
    endloop
  endfacet
  facet normal 0 0 1
    outer loop
      vertex 0 10 14
      vertex 2.19363 35.3619 14
      vertex 1.75735 35.7574 14
    endloop
  endfacet
  facet normal 0 0 1
    outer loop
      vertex 2.92892 2.92892 14
      vertex 0 10 14
      vertex 2.26988 3.65607 14
    endloop
  endfacet
  facet normal 0 0 1
    outer loop
      vertex 0 10 14
      vertex 1.75735 35.7574 14
      vertex 1.36192 36.1936 14
    endloop
  endfacet
  facet normal 0 0 1
    outer loop
      vertex 2.26988 3.65607 14
      vertex 0 10 14
      vertex 1.6853 4.44429 14
    endloop
  endfacet
  facet normal 0 0 1
    outer loop
      vertex 0 10 14
      vertex 1.36192 36.1936 14
      vertex 1.01117 36.6666 14
    endloop
  endfacet
  facet normal 0 0 1
    outer loop
      vertex 1.6853 4.44429 14
      vertex 0 10 14
      vertex 1.18079 5.28603 14
    endloop
  endfacet
  facet normal 0 0 1
    outer loop
      vertex 0 10 14
      vertex 1.01117 36.6666 14
      vertex 0.708466 37.1716 14
    endloop
  endfacet
  facet normal 0 0 1
    outer loop
      vertex 0 10 14
      vertex 0.708466 37.1716 14
      vertex 0.456711 37.7039 14
    endloop
  endfacet
  facet normal 0 0 1
    outer loop
      vertex 1.18079 5.28603 14
      vertex 0 10 14
      vertex 0.7612 6.17316 14
    endloop
  endfacet
  facet normal 0 0 1
    outer loop
      vertex 0 10 14
      vertex 0.456711 37.7039 14
      vertex 0.258347 38.2583 14
    endloop
  endfacet
  facet normal 0 0 1
    outer loop
      vertex 0.7612 6.17316 14
      vertex 0 10 14
      vertex 0.430588 7.09715 14
    endloop
  endfacet
  facet normal 0 0 1
    outer loop
      vertex 0 10 14
      vertex 0.258347 38.2583 14
      vertex 0.11528 38.8295 14
    endloop
  endfacet
  facet normal 0 0 1
    outer loop
      vertex 0.430588 7.09715 14
      vertex 0 10 14
      vertex 0.192139 8.04909 14
    endloop
  endfacet
  facet normal 0 0 1
    outer loop
      vertex 0 10 14
      vertex 0.11528 38.8295 14
      vertex 0.0288849 39.4119 14
    endloop
  endfacet
  facet normal 0 0 1
    outer loop
      vertex 0 10 14
      vertex 0.0288849 39.4119 14
      vertex 0 40 14
    endloop
  endfacet
  facet normal 0 0 1
    outer loop
      vertex 0.192139 8.04909 14
      vertex 0 10 14
      vertex 0.0481415 9.01982 14
    endloop
  endfacet
  facet normal 0 0 -1
    outer loop
      vertex 9.01982 49.9518 14
      vertex 6 50 14
      vertex 10 50 14
    endloop
  endfacet
  facet normal 0 0 -1
    outer loop
      vertex 8.04909 49.8078 14
      vertex 6 50 14
      vertex 9.01982 49.9518 14
    endloop
  endfacet
  facet normal 0 0 -1
    outer loop
      vertex 7.09715 49.5694 14
      vertex 6 50 14
      vertex 8.04909 49.8078 14
    endloop
  endfacet
  facet normal 0 0 -1
    outer loop
      vertex 6.17316 49.2388 14
      vertex 6 50 14
      vertex 7.09715 49.5694 14
    endloop
  endfacet
  facet normal 0 0 -1
    outer loop
      vertex 6.17316 49.2388 14
      vertex 5.4119 49.9711 14
      vertex 6 50 14
    endloop
  endfacet
  facet normal 0 0 -1
    outer loop
      vertex 5.28603 48.8192 14
      vertex 5.4119 49.9711 14
      vertex 6.17316 49.2388 14
    endloop
  endfacet
  facet normal 0 0 -1
    outer loop
      vertex 5.28603 48.8192 14
      vertex 4.82945 49.8847 14
      vertex 5.4119 49.9711 14
    endloop
  endfacet
  facet normal 0 0 -1
    outer loop
      vertex 4.25829 49.7416 14
      vertex 5.28603 48.8192 14
      vertex 4.44429 48.3147 14
    endloop
  endfacet
  facet normal 0 0 -1
    outer loop
      vertex 5.28603 48.8192 14
      vertex 4.25829 49.7416 14
      vertex 4.82945 49.8847 14
    endloop
  endfacet
  facet normal 0 0 -1
    outer loop
      vertex 4.44429 48.3147 14
      vertex 3.70389 49.5433 14
      vertex 4.25829 49.7416 14
    endloop
  endfacet
  facet normal 0 0 -1
    outer loop
      vertex 3.17162 49.2915 14
      vertex 4.44429 48.3147 14
      vertex 3.65607 47.7301 14
    endloop
  endfacet
  facet normal 0 0 -1
    outer loop
      vertex 4.44429 48.3147 14
      vertex 3.17162 49.2915 14
      vertex 3.70389 49.5433 14
    endloop
  endfacet
  facet normal 0 0 -1
    outer loop
      vertex 2.19363 48.6381 14
      vertex 3.65607 47.7301 14
      vertex 2.92892 47.0711 14
    endloop
  endfacet
  facet normal 0 0 -1
    outer loop
      vertex 3.65607 47.7301 14
      vertex 2.66656 48.9888 14
      vertex 3.17162 49.2915 14
    endloop
  endfacet
  facet normal 0 0 -1
    outer loop
      vertex 1.36192 47.8064 14
      vertex 2.92892 47.0711 14
      vertex 2.26988 46.3439 14
    endloop
  endfacet
  facet normal 0 0 -1
    outer loop
      vertex 3.65607 47.7301 14
      vertex 2.19363 48.6381 14
      vertex 2.66656 48.9888 14
    endloop
  endfacet
  facet normal 0 0 -1
    outer loop
      vertex 2.92892 47.0711 14
      vertex 1.75735 48.2426 14
      vertex 2.19363 48.6381 14
    endloop
  endfacet
  facet normal 0 0 -1
    outer loop
      vertex 0.708466 46.8284 14
      vertex 2.26988 46.3439 14
      vertex 1.6853 45.5557 14
    endloop
  endfacet
  facet normal 0 0 -1
    outer loop
      vertex 2.92892 47.0711 14
      vertex 1.36192 47.8064 14
      vertex 1.75735 48.2426 14
    endloop
  endfacet
  facet normal 0 0 -1
    outer loop
      vertex 0.258347 45.7417 14
      vertex 1.6853 45.5557 14
      vertex 1.18079 44.714 14
    endloop
  endfacet
  facet normal 0 0 -1
    outer loop
      vertex 2.26988 46.3439 14
      vertex 1.01117 47.3334 14
      vertex 1.36192 47.8064 14
    endloop
  endfacet
  facet normal 0 0 -1
    outer loop
      vertex 0.0288849 44.5881 14
      vertex 1.18079 44.714 14
      vertex 0.7612 43.8268 14
    endloop
  endfacet
  facet normal 0 0 -1
    outer loop
      vertex 2.26988 46.3439 14
      vertex 0.708466 46.8284 14
      vertex 1.01117 47.3334 14
    endloop
  endfacet
  facet normal 0 0 -1
    outer loop
      vertex 1.6853 45.5557 14
      vertex 0.456711 46.2961 14
      vertex 0.708466 46.8284 14
    endloop
  endfacet
  facet normal 0 0 -1
    outer loop
      vertex 0 44 14
      vertex 0.7612 43.8268 14
      vertex 0.430588 42.9028 14
    endloop
  endfacet
  facet normal 0 0 -1
    outer loop
      vertex 1.6853 45.5557 14
      vertex 0.258347 45.7417 14
      vertex 0.456711 46.2961 14
    endloop
  endfacet
  facet normal 0 0 -1
    outer loop
      vertex 0 44 14
      vertex 0.430588 42.9028 14
      vertex 0.192139 41.9509 14
    endloop
  endfacet
  facet normal 0 0 -1
    outer loop
      vertex 0.7612 43.8268 14
      vertex 0 44 14
      vertex 0.0288849 44.5881 14
    endloop
  endfacet
  facet normal 0 0 -1
    outer loop
      vertex 0 44 14
      vertex 0.192139 41.9509 14
      vertex 0.0481415 40.9802 14
    endloop
  endfacet
  facet normal 0 0 -1
    outer loop
      vertex 1.18079 44.714 14
      vertex 0.11528 45.1705 14
      vertex 0.258347 45.7417 14
    endloop
  endfacet
  facet normal 0 0 -1
    outer loop
      vertex 0 44 14
      vertex 0.0481415 40.9802 14
      vertex 0 40 14
    endloop
  endfacet
  facet normal -0 0 -1
    outer loop
      vertex 1.18079 44.714 14
      vertex 0.0288849 44.5881 14
      vertex 0.11528 45.1705 14
    endloop
  endfacet
  facet normal 0 0 1
    outer loop
      vertex 46.0657 30.3576 14
      vertex 45.9343 30.3576 14
      vertex 46 30.174 14
    endloop
  endfacet
  facet normal 0 0 1
    outer loop
      vertex 46.6531 31.5995 14
      vertex 45.9343 30.3576 14
      vertex 46.0657 30.3576 14
    endloop
  endfacet
  facet normal 0 0 1
    outer loop
      vertex 46.6531 31.5995 14
      vertex 45.3469 31.5995 14
      vertex 45.9343 30.3576 14
    endloop
  endfacet
  facet normal 0 0 1
    outer loop
      vertex 47.3594 32.778 14
      vertex 45.3469 31.5995 14
      vertex 46.6531 31.5995 14
    endloop
  endfacet
  facet normal 0 0 1
    outer loop
      vertex 44.6406 32.778 14
      vertex 47.3594 32.778 14
      vertex 48.1779 33.8815 14
    endloop
  endfacet
  facet normal 0 0 1
    outer loop
      vertex 43.8221 33.8815 14
      vertex 48.1779 33.8815 14
      vertex 48.2853 34 14
    endloop
  endfacet
  facet normal 0 0 1
    outer loop
      vertex 47.3594 32.778 14
      vertex 44.6406 32.778 14
      vertex 45.3469 31.5995 14
    endloop
  endfacet
  facet normal 0 0 1
    outer loop
      vertex 48.1779 33.8815 14
      vertex 43.8221 33.8815 14
      vertex 44.6406 32.778 14
    endloop
  endfacet
  facet normal 0 -0 1
    outer loop
      vertex 43.8221 33.8815 14
      vertex 48.2853 34 14
      vertex 43.7147 34 14
    endloop
  endfacet
  facet normal -0.671531 0.740977 0
    outer loop
      vertex 3.65607 47.7301 0
      vertex 2.92892 47.0711 14
      vertex 3.65607 47.7301 14
    endloop
  endfacet
  facet normal -0.671531 0.740977 0
    outer loop
      vertex 2.92892 47.0711 14
      vertex 3.65607 47.7301 0
      vertex 2.92892 47.0711 0
    endloop
  endfacet
  facet normal -0.989175 0.146738 0
    outer loop
      vertex 0.0481415 40.9802 0
      vertex 0.192139 41.9509 14
      vertex 0.192139 41.9509 0
    endloop
  endfacet
  facet normal -0.989175 0.146738 0
    outer loop
      vertex 0.192139 41.9509 14
      vertex 0.0481415 40.9802 0
      vertex 0.0481415 40.9802 14
    endloop
  endfacet
  facet normal 0.998793 0.0491143 0
    outer loop
      vertex 80 40 14
      vertex 79.9518 40.9802 0
      vertex 79.9518 40.9802 14
    endloop
  endfacet
  facet normal 0.998793 0.0491143 0
    outer loop
      vertex 79.9518 40.9802 0
      vertex 80 40 14
      vertex 80 40 0
    endloop
  endfacet
  facet normal 0.671528 -0.740979 0
    outer loop
      vertex 76.3439 2.26988 0
      vertex 77.0711 2.92892 14
      vertex 76.3439 2.26988 14
    endloop
  endfacet
  facet normal 0.671528 -0.740979 0
    outer loop
      vertex 77.0711 2.92892 14
      vertex 76.3439 2.26988 0
      vertex 77.0711 2.92892 0
    endloop
  endfacet
  facet normal 0.970043 -0.242934 0
    outer loop
      vertex 79.5694 7.09715 14
      vertex 79.8078 8.04909 0
      vertex 79.8078 8.04909 14
    endloop
  endfacet
  facet normal 0.970043 -0.242934 0
    outer loop
      vertex 79.8078 8.04909 0
      vertex 79.5694 7.09715 14
      vertex 79.5694 7.09715 0
    endloop
  endfacet
  facet normal 0.989176 -0.146736 0
    outer loop
      vertex 79.8078 8.04909 14
      vertex 79.9518 9.01982 0
      vertex 79.9518 9.01982 14
    endloop
  endfacet
  facet normal 0.989176 -0.146736 0
    outer loop
      vertex 79.9518 9.01982 0
      vertex 79.8078 8.04909 14
      vertex 79.8078 8.04909 0
    endloop
  endfacet
  facet normal -0.0490558 -0.998796 0
    outer loop
      vertex 9.01982 0.0481415 0
      vertex 10 0 14
      vertex 9.01982 0.0481415 14
    endloop
  endfacet
  facet normal -0.0490558 -0.998796 -0
    outer loop
      vertex 10 0 14
      vertex 9.01982 0.0481415 0
      vertex 10 0 0
    endloop
  endfacet
  facet normal 0.427543 0.903995 -0
    outer loop
      vertex 74.714 48.8192 0
      vertex 73.8268 49.2388 14
      vertex 74.714 48.8192 14
    endloop
  endfacet
  facet normal 0.427543 0.903995 0
    outer loop
      vertex 73.8268 49.2388 14
      vertex 74.714 48.8192 0
      vertex 73.8268 49.2388 0
    endloop
  endfacet
  facet normal -0.336882 0.941547 0
    outer loop
      vertex 7.09715 49.5694 0
      vertex 6.17316 49.2388 14
      vertex 7.09715 49.5694 14
    endloop
  endfacet
  facet normal -0.336882 0.941547 0
    outer loop
      vertex 6.17316 49.2388 14
      vertex 7.09715 49.5694 0
      vertex 6.17316 49.2388 0
    endloop
  endfacet
  facet normal -0.146736 0.989176 0
    outer loop
      vertex 9.01982 49.9518 0
      vertex 8.04909 49.8078 14
      vertex 9.01982 49.9518 14
    endloop
  endfacet
  facet normal -0.146736 0.989176 0
    outer loop
      vertex 8.04909 49.8078 14
      vertex 9.01982 49.9518 0
      vertex 8.04909 49.8078 0
    endloop
  endfacet
  facet normal -0.242934 0.970043 0
    outer loop
      vertex 8.04909 49.8078 0
      vertex 7.09715 49.5694 14
      vertex 8.04909 49.8078 14
    endloop
  endfacet
  facet normal -0.242934 0.970043 0
    outer loop
      vertex 7.09715 49.5694 14
      vertex 8.04909 49.8078 0
      vertex 7.09715 49.5694 0
    endloop
  endfacet
  facet normal -0.427571 0.903982 0
    outer loop
      vertex 6.17316 49.2388 0
      vertex 5.28603 48.8192 14
      vertex 6.17316 49.2388 14
    endloop
  endfacet
  facet normal -0.427571 0.903982 0
    outer loop
      vertex 5.28603 48.8192 14
      vertex 6.17316 49.2388 0
      vertex 5.28603 48.8192 0
    endloop
  endfacet
  facet normal -0.740979 0.671528 0
    outer loop
      vertex 2.26988 46.3439 0
      vertex 2.92892 47.0711 14
      vertex 2.92892 47.0711 0
    endloop
  endfacet
  facet normal -0.740979 0.671528 0
    outer loop
      vertex 2.92892 47.0711 14
      vertex 2.26988 46.3439 0
      vertex 2.26988 46.3439 14
    endloop
  endfacet
  facet normal -0.970029 0.24299 0
    outer loop
      vertex 0.192139 41.9509 0
      vertex 0.430588 42.9028 14
      vertex 0.430588 42.9028 0
    endloop
  endfacet
  facet normal -0.970029 0.24299 0
    outer loop
      vertex 0.430588 42.9028 14
      vertex 0.192139 41.9509 0
      vertex 0.192139 41.9509 14
    endloop
  endfacet
  facet normal -0.857722 0.514114 0
    outer loop
      vertex 1.18079 44.714 0
      vertex 1.6853 45.5557 14
      vertex 1.6853 45.5557 0
    endloop
  endfacet
  facet normal -0.857722 0.514114 0
    outer loop
      vertex 1.6853 45.5557 14
      vertex 1.18079 44.714 0
      vertex 1.18079 44.714 14
    endloop
  endfacet
  facet normal -0.941544 0.336889 0
    outer loop
      vertex 0.430588 42.9028 0
      vertex 0.7612 43.8268 14
      vertex 0.7612 43.8268 0
    endloop
  endfacet
  facet normal -0.941544 0.336889 0
    outer loop
      vertex 0.7612 43.8268 14
      vertex 0.430588 42.9028 0
      vertex 0.430588 42.9028 14
    endloop
  endfacet
  facet normal -0.903999 0.427535 0
    outer loop
      vertex 0.7612 43.8268 0
      vertex 1.18079 44.714 14
      vertex 1.18079 44.714 0
    endloop
  endfacet
  facet normal -0.903999 0.427535 0
    outer loop
      vertex 1.18079 44.714 14
      vertex 0.7612 43.8268 0
      vertex 0.7612 43.8268 14
    endloop
  endfacet
  facet normal 0.514114 -0.857722 0
    outer loop
      vertex 74.714 1.18079 0
      vertex 75.5557 1.6853 14
      vertex 74.714 1.18079 14
    endloop
  endfacet
  facet normal 0.514114 -0.857722 0
    outer loop
      vertex 75.5557 1.6853 14
      vertex 74.714 1.18079 0
      vertex 75.5557 1.6853 0
    endloop
  endfacet
  facet normal 0.941547 -0.336882 0
    outer loop
      vertex 79.2388 6.17316 14
      vertex 79.5694 7.09715 0
      vertex 79.5694 7.09715 14
    endloop
  endfacet
  facet normal 0.941547 -0.336882 0
    outer loop
      vertex 79.5694 7.09715 0
      vertex 79.2388 6.17316 14
      vertex 79.2388 6.17316 0
    endloop
  endfacet
  facet normal 0.903982 -0.427571 0
    outer loop
      vertex 78.8192 5.28603 14
      vertex 79.2388 6.17316 0
      vertex 79.2388 6.17316 14
    endloop
  endfacet
  facet normal 0.903982 -0.427571 0
    outer loop
      vertex 79.2388 6.17316 0
      vertex 78.8192 5.28603 14
      vertex 78.8192 5.28603 0
    endloop
  endfacet
  facet normal 0.998793 -0.0491153 0
    outer loop
      vertex 79.9518 9.01982 14
      vertex 80 10 0
      vertex 80 10 14
    endloop
  endfacet
  facet normal 0.998793 -0.0491153 0
    outer loop
      vertex 80 10 0
      vertex 79.9518 9.01982 14
      vertex 79.9518 9.01982 0
    endloop
  endfacet
  facet normal -0.242981 -0.970031 0
    outer loop
      vertex 7.09715 0.430588 0
      vertex 8.04909 0.192139 14
      vertex 7.09715 0.430588 14
    endloop
  endfacet
  facet normal -0.242981 -0.970031 -0
    outer loop
      vertex 8.04909 0.192139 14
      vertex 7.09715 0.430588 0
      vertex 8.04909 0.192139 0
    endloop
  endfacet
  facet normal -0.671553 -0.740956 0
    outer loop
      vertex 2.92892 2.92892 0
      vertex 3.65607 2.26988 14
      vertex 2.92892 2.92892 14
    endloop
  endfacet
  facet normal -0.671553 -0.740956 -0
    outer loop
      vertex 3.65607 2.26988 14
      vertex 2.92892 2.92892 0
      vertex 3.65607 2.26988 0
    endloop
  endfacet
  facet normal 0 -1 0
    outer loop
      vertex 10 0 0
      vertex 70 0 14
      vertex 10 0 14
    endloop
  endfacet
  facet normal 0 -1 -0
    outer loop
      vertex 70 0 14
      vertex 10 0 0
      vertex 70 0 0
    endloop
  endfacet
  facet normal 0.24299 -0.970029 0
    outer loop
      vertex 71.9509 0.192139 0
      vertex 72.9028 0.430588 14
      vertex 71.9509 0.192139 14
    endloop
  endfacet
  facet normal 0.24299 -0.970029 0
    outer loop
      vertex 72.9028 0.430588 14
      vertex 71.9509 0.192139 0
      vertex 72.9028 0.430588 0
    endloop
  endfacet
  facet normal 0.336889 -0.941544 0
    outer loop
      vertex 72.9028 0.430588 0
      vertex 73.8268 0.7612 14
      vertex 72.9028 0.430588 14
    endloop
  endfacet
  facet normal 0.336889 -0.941544 0
    outer loop
      vertex 73.8268 0.7612 14
      vertex 72.9028 0.430588 0
      vertex 73.8268 0.7612 0
    endloop
  endfacet
  facet normal 0.989175 0.146741 0
    outer loop
      vertex 79.9518 40.9802 14
      vertex 79.8078 41.9509 0
      vertex 79.8078 41.9509 14
    endloop
  endfacet
  facet normal 0.989175 0.146741 0
    outer loop
      vertex 79.8078 41.9509 0
      vertex 79.9518 40.9802 14
      vertex 79.9518 40.9802 0
    endloop
  endfacet
  facet normal 0.59572 0.803192 -0
    outer loop
      vertex 76.3439 47.7301 0
      vertex 75.5557 48.3147 14
      vertex 76.3439 47.7301 14
    endloop
  endfacet
  facet normal 0.59572 0.803192 0
    outer loop
      vertex 75.5557 48.3147 14
      vertex 76.3439 47.7301 0
      vertex 75.5557 48.3147 0
    endloop
  endfacet
  facet normal 0.336879 0.941548 -0
    outer loop
      vertex 73.8268 49.2388 0
      vertex 72.9028 49.5694 14
      vertex 73.8268 49.2388 14
    endloop
  endfacet
  facet normal 0.336879 0.941548 0
    outer loop
      vertex 72.9028 49.5694 14
      vertex 73.8268 49.2388 0
      vertex 72.9028 49.5694 0
    endloop
  endfacet
  facet normal -0.0491153 0.998793 0
    outer loop
      vertex 10 50 0
      vertex 9.01982 49.9518 14
      vertex 10 50 14
    endloop
  endfacet
  facet normal -0.0491153 0.998793 0
    outer loop
      vertex 9.01982 49.9518 14
      vertex 10 50 0
      vertex 9.01982 49.9518 0
    endloop
  endfacet
  facet normal -0.803202 0.595707 0
    outer loop
      vertex 1.6853 45.5557 0
      vertex 2.26988 46.3439 14
      vertex 2.26988 46.3439 0
    endloop
  endfacet
  facet normal -0.803202 0.595707 0
    outer loop
      vertex 2.26988 46.3439 14
      vertex 1.6853 45.5557 0
      vertex 1.6853 45.5557 14
    endloop
  endfacet
  facet normal 0.595707 -0.803202 0
    outer loop
      vertex 75.5557 1.6853 0
      vertex 76.3439 2.26988 14
      vertex 75.5557 1.6853 14
    endloop
  endfacet
  facet normal 0.595707 -0.803202 0
    outer loop
      vertex 76.3439 2.26988 14
      vertex 75.5557 1.6853 0
      vertex 76.3439 2.26988 0
    endloop
  endfacet
  facet normal 0.740977 -0.671531 0
    outer loop
      vertex 77.0711 2.92892 14
      vertex 77.7301 3.65607 0
      vertex 77.7301 3.65607 14
    endloop
  endfacet
  facet normal 0.740977 -0.671531 0
    outer loop
      vertex 77.7301 3.65607 0
      vertex 77.0711 2.92892 14
      vertex 77.0711 2.92892 0
    endloop
  endfacet
  facet normal 0.8032 -0.59571 0
    outer loop
      vertex 77.7301 3.65607 14
      vertex 78.3147 4.44429 0
      vertex 78.3147 4.44429 14
    endloop
  endfacet
  facet normal 0.8032 -0.59571 0
    outer loop
      vertex 78.3147 4.44429 0
      vertex 77.7301 3.65607 14
      vertex 77.7301 3.65607 0
    endloop
  endfacet
  facet normal -0.146734 -0.989176 0
    outer loop
      vertex 8.04909 0.192139 0
      vertex 9.01982 0.0481415 14
      vertex 8.04909 0.192139 14
    endloop
  endfacet
  facet normal -0.146734 -0.989176 -0
    outer loop
      vertex 9.01982 0.0481415 14
      vertex 8.04909 0.192139 0
      vertex 9.01982 0.0481415 0
    endloop
  endfacet
  facet normal -0.514096 -0.857733 0
    outer loop
      vertex 4.44429 1.6853 0
      vertex 5.28603 1.18079 14
      vertex 4.44429 1.6853 14
    endloop
  endfacet
  facet normal -0.514096 -0.857733 -0
    outer loop
      vertex 5.28603 1.18079 14
      vertex 4.44429 1.6853 0
      vertex 5.28603 1.18079 0
    endloop
  endfacet
  facet normal -0.903986 -0.427562 0
    outer loop
      vertex 1.18079 5.28603 0
      vertex 0.7612 6.17316 14
      vertex 0.7612 6.17316 0
    endloop
  endfacet
  facet normal -0.903986 -0.427562 0
    outer loop
      vertex 0.7612 6.17316 14
      vertex 1.18079 5.28603 0
      vertex 1.18079 5.28603 14
    endloop
  endfacet
  facet normal -0.970031 -0.242981 0
    outer loop
      vertex 0.430588 7.09715 0
      vertex 0.192139 8.04909 14
      vertex 0.192139 8.04909 0
    endloop
  endfacet
  facet normal -0.970031 -0.242981 0
    outer loop
      vertex 0.192139 8.04909 14
      vertex 0.430588 7.09715 0
      vertex 0.430588 7.09715 14
    endloop
  endfacet
  facet normal -0.740956 -0.671553 0
    outer loop
      vertex 2.92892 2.92892 0
      vertex 2.26988 3.65607 14
      vertex 2.26988 3.65607 0
    endloop
  endfacet
  facet normal -0.740956 -0.671553 0
    outer loop
      vertex 2.26988 3.65607 14
      vertex 2.92892 2.92892 0
      vertex 2.92892 2.92892 14
    endloop
  endfacet
  facet normal -0.857733 -0.514096 0
    outer loop
      vertex 1.6853 4.44429 0
      vertex 1.18079 5.28603 14
      vertex 1.18079 5.28603 0
    endloop
  endfacet
  facet normal -0.857733 -0.514096 0
    outer loop
      vertex 1.18079 5.28603 14
      vertex 1.6853 4.44429 0
      vertex 1.6853 4.44429 14
    endloop
  endfacet
  facet normal 0.146738 -0.989175 0
    outer loop
      vertex 70.9802 0.0481415 0
      vertex 71.9509 0.192139 14
      vertex 70.9802 0.0481415 14
    endloop
  endfacet
  facet normal 0.146738 -0.989175 0
    outer loop
      vertex 71.9509 0.192139 14
      vertex 70.9802 0.0481415 0
      vertex 71.9509 0.192139 0
    endloop
  endfacet
  facet normal 0.741 0.671505 0
    outer loop
      vertex 77.7301 46.3439 14
      vertex 77.0711 47.0711 0
      vertex 77.0711 47.0711 14
    endloop
  endfacet
  facet normal 0.741 0.671505 0
    outer loop
      vertex 77.0711 47.0711 0
      vertex 77.7301 46.3439 14
      vertex 77.7301 46.3439 0
    endloop
  endfacet
  facet normal 0.803192 0.59572 0
    outer loop
      vertex 78.3147 45.5557 14
      vertex 77.7301 46.3439 0
      vertex 77.7301 46.3439 14
    endloop
  endfacet
  facet normal 0.803192 0.59572 0
    outer loop
      vertex 77.7301 46.3439 0
      vertex 78.3147 45.5557 14
      vertex 78.3147 45.5557 0
    endloop
  endfacet
  facet normal 0.941548 0.336879 0
    outer loop
      vertex 79.5694 42.9028 14
      vertex 79.2388 43.8268 0
      vertex 79.2388 43.8268 14
    endloop
  endfacet
  facet normal 0.941548 0.336879 0
    outer loop
      vertex 79.2388 43.8268 0
      vertex 79.5694 42.9028 14
      vertex 79.5694 42.9028 0
    endloop
  endfacet
  facet normal 0.514106 0.857727 -0
    outer loop
      vertex 75.5557 48.3147 0
      vertex 74.714 48.8192 14
      vertex 75.5557 48.3147 14
    endloop
  endfacet
  facet normal 0.514106 0.857727 0
    outer loop
      vertex 74.714 48.8192 14
      vertex 75.5557 48.3147 0
      vertex 74.714 48.8192 0
    endloop
  endfacet
  facet normal 0.146741 0.989175 -0
    outer loop
      vertex 71.9509 49.8078 0
      vertex 70.9802 49.9518 14
      vertex 71.9509 49.8078 14
    endloop
  endfacet
  facet normal 0.146741 0.989175 0
    outer loop
      vertex 70.9802 49.9518 14
      vertex 71.9509 49.8078 0
      vertex 70.9802 49.9518 0
    endloop
  endfacet
  facet normal 0.242943 0.970041 -0
    outer loop
      vertex 72.9028 49.5694 0
      vertex 71.9509 49.8078 14
      vertex 72.9028 49.5694 14
    endloop
  endfacet
  facet normal 0.242943 0.970041 0
    outer loop
      vertex 71.9509 49.8078 14
      vertex 72.9028 49.5694 0
      vertex 71.9509 49.8078 0
    endloop
  endfacet
  facet normal -0.59571 0.8032 0
    outer loop
      vertex 4.44429 48.3147 0
      vertex 3.65607 47.7301 14
      vertex 4.44429 48.3147 14
    endloop
  endfacet
  facet normal -0.59571 0.8032 0
    outer loop
      vertex 3.65607 47.7301 14
      vertex 4.44429 48.3147 0
      vertex 3.65607 47.7301 0
    endloop
  endfacet
  facet normal -0.514088 0.857737 0
    outer loop
      vertex 5.28603 48.8192 0
      vertex 4.44429 48.3147 14
      vertex 5.28603 48.8192 14
    endloop
  endfacet
  facet normal -0.514088 0.857737 0
    outer loop
      vertex 4.44429 48.3147 14
      vertex 5.28603 48.8192 0
      vertex 4.44429 48.3147 0
    endloop
  endfacet
  facet normal 0.857737 -0.514088 0
    outer loop
      vertex 78.3147 4.44429 14
      vertex 78.8192 5.28603 0
      vertex 78.8192 5.28603 14
    endloop
  endfacet
  facet normal 0.857737 -0.514088 0
    outer loop
      vertex 78.8192 5.28603 0
      vertex 78.3147 4.44429 14
      vertex 78.3147 4.44429 0
    endloop
  endfacet
  facet normal -0.427562 -0.903986 0
    outer loop
      vertex 5.28603 1.18079 0
      vertex 6.17316 0.7612 14
      vertex 5.28603 1.18079 14
    endloop
  endfacet
  facet normal -0.427562 -0.903986 -0
    outer loop
      vertex 6.17316 0.7612 14
      vertex 5.28603 1.18079 0
      vertex 6.17316 0.7612 0
    endloop
  endfacet
  facet normal -0.595697 -0.803209 0
    outer loop
      vertex 3.65607 2.26988 0
      vertex 4.44429 1.6853 14
      vertex 3.65607 2.26988 14
    endloop
  endfacet
  facet normal -0.595697 -0.803209 -0
    outer loop
      vertex 4.44429 1.6853 14
      vertex 3.65607 2.26988 0
      vertex 4.44429 1.6853 0
    endloop
  endfacet
  facet normal -0.941543 -0.336893 0
    outer loop
      vertex 0.7612 6.17316 0
      vertex 0.430588 7.09715 14
      vertex 0.430588 7.09715 0
    endloop
  endfacet
  facet normal -0.941543 -0.336893 0
    outer loop
      vertex 0.430588 7.09715 14
      vertex 0.7612 6.17316 0
      vertex 0.7612 6.17316 14
    endloop
  endfacet
  facet normal -0.803209 -0.595697 0
    outer loop
      vertex 2.26988 3.65607 0
      vertex 1.6853 4.44429 14
      vertex 1.6853 4.44429 0
    endloop
  endfacet
  facet normal -0.803209 -0.595697 0
    outer loop
      vertex 1.6853 4.44429 14
      vertex 2.26988 3.65607 0
      vertex 2.26988 3.65607 14
    endloop
  endfacet
  facet normal 0.857727 0.514106 0
    outer loop
      vertex 78.8192 44.714 14
      vertex 78.3147 45.5557 0
      vertex 78.3147 45.5557 14
    endloop
  endfacet
  facet normal 0.857727 0.514106 0
    outer loop
      vertex 78.3147 45.5557 0
      vertex 78.8192 44.714 14
      vertex 78.8192 44.714 0
    endloop
  endfacet
  facet normal 0.970041 0.242943 0
    outer loop
      vertex 79.8078 41.9509 14
      vertex 79.5694 42.9028 0
      vertex 79.5694 42.9028 14
    endloop
  endfacet
  facet normal 0.970041 0.242943 0
    outer loop
      vertex 79.5694 42.9028 0
      vertex 79.8078 41.9509 14
      vertex 79.8078 41.9509 0
    endloop
  endfacet
  facet normal 0.671505 0.741 -0
    outer loop
      vertex 77.0711 47.0711 0
      vertex 76.3439 47.7301 14
      vertex 77.0711 47.0711 14
    endloop
  endfacet
  facet normal 0.671505 0.741 0
    outer loop
      vertex 76.3439 47.7301 14
      vertex 77.0711 47.0711 0
      vertex 76.3439 47.7301 0
    endloop
  endfacet
  facet normal 0.903995 0.427543 0
    outer loop
      vertex 79.2388 43.8268 14
      vertex 78.8192 44.714 0
      vertex 78.8192 44.714 14
    endloop
  endfacet
  facet normal 0.903995 0.427543 0
    outer loop
      vertex 78.8192 44.714 0
      vertex 79.2388 43.8268 14
      vertex 79.2388 43.8268 0
    endloop
  endfacet
  facet normal -0.989175 -0.146737 0
    outer loop
      vertex 0.11528 38.8295 14
      vertex 0.0288849 39.4119 19
      vertex 0.0288849 39.4119 14
    endloop
  endfacet
  facet normal -0.989175 -0.146737 0
    outer loop
      vertex 0.0288849 39.4119 19
      vertex 0.11528 38.8295 14
      vertex 0.11528 38.8295 19
    endloop
  endfacet
  facet normal -0.998796 -0.0490565 0
    outer loop
      vertex 0.0288849 39.4119 14
      vertex 0 40 19
      vertex 0 40 14
    endloop
  endfacet
  facet normal -0.998796 -0.0490565 0
    outer loop
      vertex 0 40 19
      vertex 0.0288849 39.4119 14
      vertex 0.0288849 39.4119 19
    endloop
  endfacet
  facet normal 0.0490821 0.998795 -0
    outer loop
      vertex 58.5881 49.9711 14
      vertex 58 50 19
      vertex 58.5881 49.9711 19
    endloop
  endfacet
  facet normal 0.0490821 0.998795 0
    outer loop
      vertex 58 50 19
      vertex 58.5881 49.9711 14
      vertex 58 50 14
    endloop
  endfacet
  facet normal -0.998796 0.0490565 0
    outer loop
      vertex 0 44 14
      vertex 0.0288849 44.5881 19
      vertex 0.0288849 44.5881 14
    endloop
  endfacet
  facet normal -0.998796 0.0490565 0
    outer loop
      vertex 0.0288849 44.5881 19
      vertex 0 44 14
      vertex 0 44 19
    endloop
  endfacet
  facet normal 0.146746 -0.989174 0
    outer loop
      vertex 58.5881 34.0289 17
      vertex 59.1705 34.1153 19
      vertex 58.5881 34.0289 19
    endloop
  endfacet
  facet normal 0.146746 -0.989174 0
    outer loop
      vertex 59.1705 34.1153 19
      vertex 58.5881 34.0289 17
      vertex 59.1705 34.1153 17
    endloop
  endfacet
  facet normal -0.740882 0.671635 0
    outer loop
      vertex 1.36192 47.8064 14
      vertex 1.75735 48.2426 19
      vertex 1.75735 48.2426 14
    endloop
  endfacet
  facet normal -0.740882 0.671635 0
    outer loop
      vertex 1.75735 48.2426 19
      vertex 1.36192 47.8064 14
      vertex 1.36192 47.8064 19
    endloop
  endfacet
  facet normal -0.989175 0.146737 0
    outer loop
      vertex 0.0288849 44.5881 14
      vertex 0.11528 45.1705 19
      vertex 0.11528 45.1705 14
    endloop
  endfacet
  facet normal -0.989175 0.146737 0
    outer loop
      vertex 0.11528 45.1705 19
      vertex 0.0288849 44.5881 14
      vertex 0.0288849 44.5881 19
    endloop
  endfacet
  facet normal 1 -0 0
    outer loop
      vertex 64 40 19
      vertex 64 44 14
      vertex 64 44 19
    endloop
  endfacet
  facet normal 1 0 0
    outer loop
      vertex 64 44 14
      vertex 64 40 19
      vertex 64 40 14
    endloop
  endfacet
  facet normal 0.998795 -0.0490821 0
    outer loop
      vertex 63.9711 39.4119 19
      vertex 64 40 14
      vertex 64 40 19
    endloop
  endfacet
  facet normal 0.998795 -0.0490821 0
    outer loop
      vertex 64 40 14
      vertex 63.9711 39.4119 19
      vertex 63.9711 39.4119 14
    endloop
  endfacet
  facet normal -0.0490821 -0.998795 0
    outer loop
      vertex 5.4119 34.0289 14
      vertex 6 34 19
      vertex 5.4119 34.0289 19
    endloop
  endfacet
  facet normal -0.0490821 -0.998795 -0
    outer loop
      vertex 6 34 19
      vertex 5.4119 34.0289 14
      vertex 6 34 14
    endloop
  endfacet
  facet normal -1 0 0
    outer loop
      vertex 0 40 14
      vertex 0 44 19
      vertex 0 44 14
    endloop
  endfacet
  facet normal -1 -0 0
    outer loop
      vertex 0 44 19
      vertex 0 40 14
      vertex 0 40 19
    endloop
  endfacet
  facet normal -0.0490821 0.998795 0
    outer loop
      vertex 6 50 14
      vertex 5.4119 49.9711 19
      vertex 6 50 19
    endloop
  endfacet
  facet normal -0.0490821 0.998795 0
    outer loop
      vertex 5.4119 49.9711 19
      vertex 6 50 14
      vertex 5.4119 49.9711 14
    endloop
  endfacet
  facet normal -0.514076 0.857745 0
    outer loop
      vertex 3.17162 49.2915 14
      vertex 2.66656 48.9888 19
      vertex 3.17162 49.2915 19
    endloop
  endfacet
  facet normal -0.514076 0.857745 0
    outer loop
      vertex 2.66656 48.9888 19
      vertex 3.17162 49.2915 14
      vertex 2.66656 48.9888 14
    endloop
  endfacet
  facet normal -0.903992 0.427549 0
    outer loop
      vertex 0.456711 46.2961 14
      vertex 0.708466 46.8284 19
      vertex 0.708466 46.8284 14
    endloop
  endfacet
  facet normal -0.903992 0.427549 0
    outer loop
      vertex 0.708466 46.8284 19
      vertex 0.456711 46.2961 14
      vertex 0.456711 46.2961 19
    endloop
  endfacet
  facet normal 0.903962 -0.427612 0
    outer loop
      vertex 63.2915 37.1716 19
      vertex 63.5433 37.7039 17
      vertex 63.5433 37.7039 19
    endloop
  endfacet
  facet normal 0.903962 -0.427612 0
    outer loop
      vertex 63.5433 37.7039 17
      vertex 63.2915 37.1716 19
      vertex 63.2915 37.1716 17
    endloop
  endfacet
  facet normal 0 -1 0
    outer loop
      vertex 43.7147 34 14
      vertex 48.2853 34 17
      vertex 43.7147 34 17
    endloop
  endfacet
  facet normal 0 -1 -0
    outer loop
      vertex 48.2853 34 17
      vertex 43.7147 34 14
      vertex 48.2853 34 14
    endloop
  endfacet
  facet normal 0 -1 0
    outer loop
      vertex 6 34 19
      vertex 22.2852 34 17
      vertex 58 34 19
    endloop
  endfacet
  facet normal 0 -1 0
    outer loop
      vertex 6 34 14
      vertex 22.2852 34 17
      vertex 6 34 19
    endloop
  endfacet
  facet normal 0 -1 -0
    outer loop
      vertex 22.2852 34 17
      vertex 6 34 14
      vertex 22.2852 34 14
    endloop
  endfacet
  facet normal 0 -1 0
    outer loop
      vertex 43.7147 34 17
      vertex 58 34 19
      vertex 22.2852 34 17
    endloop
  endfacet
  facet normal 0 -1 0
    outer loop
      vertex 48.2853 34 17
      vertex 58 34 19
      vertex 43.7147 34 17
    endloop
  endfacet
  facet normal 0 -1 -0
    outer loop
      vertex 58 34 19
      vertex 48.2853 34 17
      vertex 58 34 17
    endloop
  endfacet
  facet normal 0 0 1
    outer loop
      vertex 58 50 19
      vertex 64 44 19
      vertex 63.9711 44.5881 19
    endloop
  endfacet
  facet normal 0 0 1
    outer loop
      vertex 64 44 19
      vertex 58 50 19
      vertex 64 40 19
    endloop
  endfacet
  facet normal 0 0 1
    outer loop
      vertex 58 50 19
      vertex 63.9711 44.5881 19
      vertex 63.8847 45.1705 19
    endloop
  endfacet
  facet normal 0 0 1
    outer loop
      vertex 58 34 19
      vertex 64 40 19
      vertex 58 50 19
    endloop
  endfacet
  facet normal 0 0 1
    outer loop
      vertex 58 50 19
      vertex 63.8847 45.1705 19
      vertex 63.7416 45.7417 19
    endloop
  endfacet
  facet normal 0 0 1
    outer loop
      vertex 64 40 19
      vertex 58 34 19
      vertex 63.9711 39.4119 19
    endloop
  endfacet
  facet normal 0 0 1
    outer loop
      vertex 58 50 19
      vertex 63.7416 45.7417 19
      vertex 63.5433 46.2961 19
    endloop
  endfacet
  facet normal 0 0 1
    outer loop
      vertex 63.9711 39.4119 19
      vertex 58 34 19
      vertex 63.8847 38.8295 19
    endloop
  endfacet
  facet normal 0 0 1
    outer loop
      vertex 58 50 19
      vertex 63.5433 46.2961 19
      vertex 63.2915 46.8284 19
    endloop
  endfacet
  facet normal 0 0 1
    outer loop
      vertex 63.8847 38.8295 19
      vertex 58 34 19
      vertex 63.7416 38.2583 19
    endloop
  endfacet
  facet normal 0 0 1
    outer loop
      vertex 58 50 19
      vertex 63.2915 46.8284 19
      vertex 62.9888 47.3334 19
    endloop
  endfacet
  facet normal 0 0 1
    outer loop
      vertex 63.7416 38.2583 19
      vertex 58 34 19
      vertex 63.5433 37.7039 19
    endloop
  endfacet
  facet normal 0 0 1
    outer loop
      vertex 58 50 19
      vertex 62.9888 47.3334 19
      vertex 62.6381 47.8064 19
    endloop
  endfacet
  facet normal 0 0 1
    outer loop
      vertex 63.5433 37.7039 19
      vertex 58 34 19
      vertex 63.2915 37.1716 19
    endloop
  endfacet
  facet normal 0 0 1
    outer loop
      vertex 58 50 19
      vertex 62.6381 47.8064 19
      vertex 62.2426 48.2426 19
    endloop
  endfacet
  facet normal 0 0 1
    outer loop
      vertex 63.2915 37.1716 19
      vertex 58 34 19
      vertex 62.9888 36.6666 19
    endloop
  endfacet
  facet normal 0 0 1
    outer loop
      vertex 58 50 19
      vertex 62.2426 48.2426 19
      vertex 61.8064 48.6381 19
    endloop
  endfacet
  facet normal 0 0 1
    outer loop
      vertex 62.9888 36.6666 19
      vertex 58 34 19
      vertex 62.6381 36.1936 19
    endloop
  endfacet
  facet normal 0 0 1
    outer loop
      vertex 58 50 19
      vertex 61.8064 48.6381 19
      vertex 61.3334 48.9888 19
    endloop
  endfacet
  facet normal 0 0 1
    outer loop
      vertex 62.6381 36.1936 19
      vertex 58 34 19
      vertex 62.2426 35.7574 19
    endloop
  endfacet
  facet normal 0 0 1
    outer loop
      vertex 58 50 19
      vertex 61.3334 48.9888 19
      vertex 60.8284 49.2915 19
    endloop
  endfacet
  facet normal 0 0 1
    outer loop
      vertex 62.2426 35.7574 19
      vertex 58 34 19
      vertex 61.8064 35.3619 19
    endloop
  endfacet
  facet normal 0 0 1
    outer loop
      vertex 58 50 19
      vertex 60.8284 49.2915 19
      vertex 60.2961 49.5433 19
    endloop
  endfacet
  facet normal 0 0 1
    outer loop
      vertex 61.8064 35.3619 19
      vertex 58 34 19
      vertex 61.3334 35.0112 19
    endloop
  endfacet
  facet normal 0 0 1
    outer loop
      vertex 58 50 19
      vertex 60.2961 49.5433 19
      vertex 59.7417 49.7416 19
    endloop
  endfacet
  facet normal 0 0 1
    outer loop
      vertex 61.3334 35.0112 19
      vertex 58 34 19
      vertex 60.8284 34.7085 19
    endloop
  endfacet
  facet normal 0 0 1
    outer loop
      vertex 58 50 19
      vertex 59.7417 49.7416 19
      vertex 59.1705 49.8847 19
    endloop
  endfacet
  facet normal 0 0 1
    outer loop
      vertex 60.8284 34.7085 19
      vertex 58 34 19
      vertex 60.2961 34.4567 19
    endloop
  endfacet
  facet normal 0 0 1
    outer loop
      vertex 58 50 19
      vertex 59.1705 49.8847 19
      vertex 58.5881 49.9711 19
    endloop
  endfacet
  facet normal 0 0 1
    outer loop
      vertex 60.2961 34.4567 19
      vertex 58 34 19
      vertex 59.7417 34.2583 19
    endloop
  endfacet
  facet normal 0 0 1
    outer loop
      vertex 59.7417 34.2583 19
      vertex 58 34 19
      vertex 59.1705 34.1153 19
    endloop
  endfacet
  facet normal 0 0 1
    outer loop
      vertex 59.1705 34.1153 19
      vertex 58 34 19
      vertex 58.5881 34.0289 19
    endloop
  endfacet
  facet normal -0 0 1
    outer loop
      vertex 6 50 19
      vertex 58 34 19
      vertex 58 50 19
    endloop
  endfacet
  facet normal 0 0 1
    outer loop
      vertex 6 50 19
      vertex 6 34 19
      vertex 58 34 19
    endloop
  endfacet
  facet normal 0 0 1
    outer loop
      vertex 0 44 19
      vertex 6 50 19
      vertex 5.4119 49.9711 19
    endloop
  endfacet
  facet normal 0 0 1
    outer loop
      vertex 6 50 19
      vertex 0 44 19
      vertex 6 34 19
    endloop
  endfacet
  facet normal 0 0 1
    outer loop
      vertex 0 44 19
      vertex 5.4119 49.9711 19
      vertex 4.82945 49.8847 19
    endloop
  endfacet
  facet normal -0 0 1
    outer loop
      vertex 0 40 19
      vertex 6 34 19
      vertex 0 44 19
    endloop
  endfacet
  facet normal 0 0 1
    outer loop
      vertex 0 44 19
      vertex 4.82945 49.8847 19
      vertex 4.25829 49.7416 19
    endloop
  endfacet
  facet normal 0 0 1
    outer loop
      vertex 6 34 19
      vertex 0 40 19
      vertex 5.4119 34.0289 19
    endloop
  endfacet
  facet normal 0 0 1
    outer loop
      vertex 0 44 19
      vertex 4.25829 49.7416 19
      vertex 3.70389 49.5433 19
    endloop
  endfacet
  facet normal 0 0 1
    outer loop
      vertex 5.4119 34.0289 19
      vertex 0 40 19
      vertex 4.82945 34.1153 19
    endloop
  endfacet
  facet normal 0 0 1
    outer loop
      vertex 0 44 19
      vertex 3.70389 49.5433 19
      vertex 3.17162 49.2915 19
    endloop
  endfacet
  facet normal 0 0 1
    outer loop
      vertex 4.82945 34.1153 19
      vertex 0 40 19
      vertex 4.25829 34.2583 19
    endloop
  endfacet
  facet normal 0 0 1
    outer loop
      vertex 0 44 19
      vertex 3.17162 49.2915 19
      vertex 2.66656 48.9888 19
    endloop
  endfacet
  facet normal 0 0 1
    outer loop
      vertex 4.25829 34.2583 19
      vertex 0 40 19
      vertex 3.70389 34.4567 19
    endloop
  endfacet
  facet normal 0 0 1
    outer loop
      vertex 0 44 19
      vertex 2.66656 48.9888 19
      vertex 2.19363 48.6381 19
    endloop
  endfacet
  facet normal 0 0 1
    outer loop
      vertex 3.70389 34.4567 19
      vertex 0 40 19
      vertex 3.17162 34.7085 19
    endloop
  endfacet
  facet normal 0 0 1
    outer loop
      vertex 0 44 19
      vertex 2.19363 48.6381 19
      vertex 1.75735 48.2426 19
    endloop
  endfacet
  facet normal 0 0 1
    outer loop
      vertex 3.17162 34.7085 19
      vertex 0 40 19
      vertex 2.66656 35.0112 19
    endloop
  endfacet
  facet normal 0 0 1
    outer loop
      vertex 0 44 19
      vertex 1.75735 48.2426 19
      vertex 1.36192 47.8064 19
    endloop
  endfacet
  facet normal 0 0 1
    outer loop
      vertex 2.66656 35.0112 19
      vertex 0 40 19
      vertex 2.19363 35.3619 19
    endloop
  endfacet
  facet normal 0 0 1
    outer loop
      vertex 0 44 19
      vertex 1.36192 47.8064 19
      vertex 1.01117 47.3334 19
    endloop
  endfacet
  facet normal 0 0 1
    outer loop
      vertex 2.19363 35.3619 19
      vertex 0 40 19
      vertex 1.75735 35.7574 19
    endloop
  endfacet
  facet normal 0 0 1
    outer loop
      vertex 0 44 19
      vertex 1.01117 47.3334 19
      vertex 0.708466 46.8284 19
    endloop
  endfacet
  facet normal 0 0 1
    outer loop
      vertex 1.75735 35.7574 19
      vertex 0 40 19
      vertex 1.36192 36.1936 19
    endloop
  endfacet
  facet normal 0 0 1
    outer loop
      vertex 0 44 19
      vertex 0.708466 46.8284 19
      vertex 0.456711 46.2961 19
    endloop
  endfacet
  facet normal 0 0 1
    outer loop
      vertex 1.36192 36.1936 19
      vertex 0 40 19
      vertex 1.01117 36.6666 19
    endloop
  endfacet
  facet normal 0 0 1
    outer loop
      vertex 0 44 19
      vertex 0.456711 46.2961 19
      vertex 0.258347 45.7417 19
    endloop
  endfacet
  facet normal 0 0 1
    outer loop
      vertex 1.01117 36.6666 19
      vertex 0 40 19
      vertex 0.708466 37.1716 19
    endloop
  endfacet
  facet normal 0 0 1
    outer loop
      vertex 0 44 19
      vertex 0.258347 45.7417 19
      vertex 0.11528 45.1705 19
    endloop
  endfacet
  facet normal 0 0 1
    outer loop
      vertex 0.708466 37.1716 19
      vertex 0 40 19
      vertex 0.456711 37.7039 19
    endloop
  endfacet
  facet normal 0 0 1
    outer loop
      vertex 0 44 19
      vertex 0.11528 45.1705 19
      vertex 0.0288849 44.5881 19
    endloop
  endfacet
  facet normal 0 0 1
    outer loop
      vertex 0.456711 37.7039 19
      vertex 0 40 19
      vertex 0.258347 38.2583 19
    endloop
  endfacet
  facet normal 0 0 1
    outer loop
      vertex 0.258347 38.2583 19
      vertex 0 40 19
      vertex 0.11528 38.8295 19
    endloop
  endfacet
  facet normal 0 0 1
    outer loop
      vertex 0.11528 38.8295 19
      vertex 0 40 19
      vertex 0.0288849 39.4119 19
    endloop
  endfacet
  facet normal -0.336788 0.94158 0
    outer loop
      vertex 4.25829 49.7416 14
      vertex 3.70389 49.5433 19
      vertex 4.25829 49.7416 19
    endloop
  endfacet
  facet normal -0.336788 0.94158 0
    outer loop
      vertex 3.70389 49.5433 19
      vertex 4.25829 49.7416 14
      vertex 3.70389 49.5433 14
    endloop
  endfacet
  facet normal -0.427631 0.903953 0
    outer loop
      vertex 3.70389 49.5433 14
      vertex 3.17162 49.2915 19
      vertex 3.70389 49.5433 19
    endloop
  endfacet
  facet normal -0.427631 0.903953 0
    outer loop
      vertex 3.17162 49.2915 19
      vertex 3.70389 49.5433 14
      vertex 3.17162 49.2915 14
    endloop
  endfacet
  facet normal -0.857715 0.514126 0
    outer loop
      vertex 0.708466 46.8284 14
      vertex 1.01117 47.3334 19
      vertex 1.01117 47.3334 14
    endloop
  endfacet
  facet normal -0.857715 0.514126 0
    outer loop
      vertex 1.01117 47.3334 19
      vertex 0.708466 46.8284 14
      vertex 0.708466 46.8284 19
    endloop
  endfacet
  facet normal -0.803249 0.595644 0
    outer loop
      vertex 1.01117 47.3334 14
      vertex 1.36192 47.8064 19
      vertex 1.36192 47.8064 14
    endloop
  endfacet
  facet normal -0.803249 0.595644 0
    outer loop
      vertex 1.36192 47.8064 19
      vertex 1.01117 47.3334 14
      vertex 1.01117 47.3334 19
    endloop
  endfacet
  facet normal -0.595646 0.803247 0
    outer loop
      vertex 2.66656 48.9888 14
      vertex 2.19363 48.6381 19
      vertex 2.66656 48.9888 19
    endloop
  endfacet
  facet normal -0.595646 0.803247 0
    outer loop
      vertex 2.19363 48.6381 19
      vertex 2.66656 48.9888 14
      vertex 2.19363 48.6381 14
    endloop
  endfacet
  facet normal -0.970036 0.242962 0
    outer loop
      vertex 0.11528 45.1705 14
      vertex 0.258347 45.7417 19
      vertex 0.258347 45.7417 14
    endloop
  endfacet
  facet normal -0.970036 0.242962 0
    outer loop
      vertex 0.258347 45.7417 19
      vertex 0.11528 45.1705 14
      vertex 0.11528 45.1705 19
    endloop
  endfacet
  facet normal -0.941546 0.336885 0
    outer loop
      vertex 0.258347 45.7417 14
      vertex 0.456711 46.2961 19
      vertex 0.456711 46.2961 14
    endloop
  endfacet
  facet normal -0.941546 0.336885 0
    outer loop
      vertex 0.456711 46.2961 19
      vertex 0.258347 45.7417 14
      vertex 0.258347 45.7417 19
    endloop
  endfacet
  facet normal 0.998795 0.0490821 0
    outer loop
      vertex 64 44 19
      vertex 63.9711 44.5881 14
      vertex 63.9711 44.5881 19
    endloop
  endfacet
  facet normal 0.998795 0.0490821 0
    outer loop
      vertex 63.9711 44.5881 14
      vertex 64 44 19
      vertex 64 44 14
    endloop
  endfacet
  facet normal 0.427612 -0.903962 0
    outer loop
      vertex 60.2961 34.4567 17
      vertex 60.8284 34.7085 19
      vertex 60.2961 34.4567 19
    endloop
  endfacet
  facet normal 0.427612 -0.903962 0
    outer loop
      vertex 60.8284 34.7085 19
      vertex 60.2961 34.4567 17
      vertex 60.8284 34.7085 17
    endloop
  endfacet
  facet normal 0.803289 -0.595589 0
    outer loop
      vertex 62.6381 36.1936 19
      vertex 62.9888 36.6666 17
      vertex 62.9888 36.6666 19
    endloop
  endfacet
  facet normal 0.803289 -0.595589 0
    outer loop
      vertex 62.9888 36.6666 17
      vertex 62.6381 36.1936 19
      vertex 62.6381 36.1936 17
    endloop
  endfacet
  facet normal 0.740823 -0.6717 0
    outer loop
      vertex 62.2426 35.7574 19
      vertex 62.6381 36.1936 17
      vertex 62.6381 36.1936 19
    endloop
  endfacet
  facet normal 0.740823 -0.6717 0
    outer loop
      vertex 62.6381 36.1936 17
      vertex 62.2426 35.7574 19
      vertex 62.2426 35.7574 17
    endloop
  endfacet
  facet normal 0.595589 -0.803289 0
    outer loop
      vertex 61.3334 35.0112 17
      vertex 61.8064 35.3619 19
      vertex 61.3334 35.0112 19
    endloop
  endfacet
  facet normal 0.595589 -0.803289 0
    outer loop
      vertex 61.8064 35.3619 19
      vertex 61.3334 35.0112 17
      vertex 61.8064 35.3619 17
    endloop
  endfacet
  facet normal 0.970023 -0.243015 0
    outer loop
      vertex 63.7416 38.2583 19
      vertex 63.8847 38.8295 17
      vertex 63.8847 38.8295 19
    endloop
  endfacet
  facet normal 0.970023 -0.243015 0
    outer loop
      vertex 63.8847 38.8295 17
      vertex 63.7416 38.2583 19
      vertex 63.7416 38.2583 17
    endloop
  endfacet
  facet normal -0.514076 -0.857745 0
    outer loop
      vertex 2.66656 35.0112 14
      vertex 3.17162 34.7085 19
      vertex 2.66656 35.0112 19
    endloop
  endfacet
  facet normal -0.514076 -0.857745 -0
    outer loop
      vertex 3.17162 34.7085 19
      vertex 2.66656 35.0112 14
      vertex 3.17162 34.7085 14
    endloop
  endfacet
  facet normal -0.595646 -0.803247 0
    outer loop
      vertex 2.19363 35.3619 14
      vertex 2.66656 35.0112 19
      vertex 2.19363 35.3619 19
    endloop
  endfacet
  facet normal -0.595646 -0.803247 -0
    outer loop
      vertex 2.66656 35.0112 19
      vertex 2.19363 35.3619 14
      vertex 2.66656 35.0112 14
    endloop
  endfacet
  facet normal -0.336939 -0.941527 0
    outer loop
      vertex 3.70389 34.4567 14
      vertex 4.25829 34.2583 19
      vertex 3.70389 34.4567 19
    endloop
  endfacet
  facet normal -0.336939 -0.941527 -0
    outer loop
      vertex 4.25829 34.2583 19
      vertex 3.70389 34.4567 14
      vertex 4.25829 34.2583 14
    endloop
  endfacet
  facet normal -0.146733 -0.989176 0
    outer loop
      vertex 4.82945 34.1153 14
      vertex 5.4119 34.0289 19
      vertex 4.82945 34.1153 19
    endloop
  endfacet
  facet normal -0.146733 -0.989176 -0
    outer loop
      vertex 5.4119 34.0289 19
      vertex 4.82945 34.1153 14
      vertex 5.4119 34.0289 14
    endloop
  endfacet
  facet normal -0.857715 -0.514126 0
    outer loop
      vertex 1.01117 36.6666 14
      vertex 0.708466 37.1716 19
      vertex 0.708466 37.1716 14
    endloop
  endfacet
  facet normal -0.857715 -0.514126 0
    outer loop
      vertex 0.708466 37.1716 19
      vertex 1.01117 36.6666 14
      vertex 1.01117 36.6666 19
    endloop
  endfacet
  facet normal -0.803249 -0.595644 0
    outer loop
      vertex 1.36192 36.1936 14
      vertex 1.01117 36.6666 19
      vertex 1.01117 36.6666 14
    endloop
  endfacet
  facet normal -0.803249 -0.595644 0
    outer loop
      vertex 1.01117 36.6666 19
      vertex 1.36192 36.1936 14
      vertex 1.36192 36.1936 19
    endloop
  endfacet
  facet normal -0.671632 -0.740884 0
    outer loop
      vertex 1.75735 35.7574 14
      vertex 2.19363 35.3619 19
      vertex 1.75735 35.7574 19
    endloop
  endfacet
  facet normal -0.671632 -0.740884 -0
    outer loop
      vertex 2.19363 35.3619 19
      vertex 1.75735 35.7574 14
      vertex 2.19363 35.3619 14
    endloop
  endfacet
  facet normal 0.0490821 -0.998795 0
    outer loop
      vertex 58 34 17
      vertex 58.5881 34.0289 19
      vertex 58 34 19
    endloop
  endfacet
  facet normal 0.0490821 -0.998795 0
    outer loop
      vertex 58.5881 34.0289 19
      vertex 58 34 17
      vertex 58.5881 34.0289 17
    endloop
  endfacet
  facet normal 0.903962 0.427612 0
    outer loop
      vertex 63.5433 46.2961 19
      vertex 63.2915 46.8284 14
      vertex 63.2915 46.8284 19
    endloop
  endfacet
  facet normal 0.903962 0.427612 0
    outer loop
      vertex 63.2915 46.8284 14
      vertex 63.5433 46.2961 19
      vertex 63.5433 46.2961 14
    endloop
  endfacet
  facet normal 0.740823 0.6717 0
    outer loop
      vertex 62.6381 47.8064 19
      vertex 62.2426 48.2426 14
      vertex 62.2426 48.2426 19
    endloop
  endfacet
  facet normal 0.740823 0.6717 0
    outer loop
      vertex 62.2426 48.2426 14
      vertex 62.6381 47.8064 19
      vertex 62.6381 47.8064 14
    endloop
  endfacet
  facet normal 0.989174 0.146746 0
    outer loop
      vertex 63.9711 44.5881 19
      vertex 63.8847 45.1705 14
      vertex 63.8847 45.1705 19
    endloop
  endfacet
  facet normal 0.989174 0.146746 0
    outer loop
      vertex 63.8847 45.1705 14
      vertex 63.9711 44.5881 19
      vertex 63.9711 44.5881 14
    endloop
  endfacet
  facet normal 0.336788 0.94158 -0
    outer loop
      vertex 60.2961 49.5433 14
      vertex 59.7417 49.7416 19
      vertex 60.2961 49.5433 19
    endloop
  endfacet
  facet normal 0.336788 0.94158 0
    outer loop
      vertex 59.7417 49.7416 19
      vertex 60.2961 49.5433 14
      vertex 59.7417 49.7416 14
    endloop
  endfacet
  facet normal -0.146733 0.989176 0
    outer loop
      vertex 5.4119 49.9711 14
      vertex 4.82945 49.8847 19
      vertex 5.4119 49.9711 19
    endloop
  endfacet
  facet normal -0.146733 0.989176 0
    outer loop
      vertex 4.82945 49.8847 19
      vertex 5.4119 49.9711 14
      vertex 4.82945 49.8847 14
    endloop
  endfacet
  facet normal -0.243031 0.970018 0
    outer loop
      vertex 4.82945 49.8847 14
      vertex 4.25829 49.7416 19
      vertex 4.82945 49.8847 19
    endloop
  endfacet
  facet normal -0.243031 0.970018 0
    outer loop
      vertex 4.25829 49.7416 19
      vertex 4.82945 49.8847 14
      vertex 4.25829 49.7416 14
    endloop
  endfacet
  facet normal -0.671632 0.740884 0
    outer loop
      vertex 2.19363 48.6381 14
      vertex 1.75735 48.2426 19
      vertex 2.19363 48.6381 19
    endloop
  endfacet
  facet normal -0.671632 0.740884 0
    outer loop
      vertex 1.75735 48.2426 19
      vertex 2.19363 48.6381 14
      vertex 1.75735 48.2426 14
    endloop
  endfacet
  facet normal 0.336939 -0.941527 0
    outer loop
      vertex 59.7417 34.2583 17
      vertex 60.2961 34.4567 19
      vertex 59.7417 34.2583 19
    endloop
  endfacet
  facet normal 0.336939 -0.941527 0
    outer loop
      vertex 60.2961 34.4567 19
      vertex 59.7417 34.2583 17
      vertex 60.2961 34.4567 17
    endloop
  endfacet
  facet normal 0.242855 -0.970063 0
    outer loop
      vertex 59.1705 34.1153 17
      vertex 59.7417 34.2583 19
      vertex 59.1705 34.1153 19
    endloop
  endfacet
  facet normal 0.242855 -0.970063 0
    outer loop
      vertex 59.7417 34.2583 19
      vertex 59.1705 34.1153 17
      vertex 59.7417 34.2583 17
    endloop
  endfacet
  facet normal 0.514121 -0.857718 0
    outer loop
      vertex 60.8284 34.7085 17
      vertex 61.3334 35.0112 19
      vertex 60.8284 34.7085 19
    endloop
  endfacet
  facet normal 0.514121 -0.857718 0
    outer loop
      vertex 61.3334 35.0112 19
      vertex 60.8284 34.7085 17
      vertex 61.3334 35.0112 17
    endloop
  endfacet
  facet normal 0.857718 -0.514121 0
    outer loop
      vertex 62.9888 36.6666 19
      vertex 63.2915 37.1716 17
      vertex 63.2915 37.1716 19
    endloop
  endfacet
  facet normal 0.857718 -0.514121 0
    outer loop
      vertex 63.2915 37.1716 17
      vertex 62.9888 36.6666 19
      vertex 62.9888 36.6666 17
    endloop
  endfacet
  facet normal 0.6717 -0.740823 0
    outer loop
      vertex 61.8064 35.3619 17
      vertex 62.2426 35.7574 19
      vertex 61.8064 35.3619 19
    endloop
  endfacet
  facet normal 0.6717 -0.740823 0
    outer loop
      vertex 62.2426 35.7574 19
      vertex 61.8064 35.3619 17
      vertex 62.2426 35.7574 17
    endloop
  endfacet
  facet normal 0.94158 -0.336788 0
    outer loop
      vertex 63.5433 37.7039 19
      vertex 63.7416 38.2583 17
      vertex 63.7416 38.2583 19
    endloop
  endfacet
  facet normal 0.94158 -0.336788 0
    outer loop
      vertex 63.7416 38.2583 17
      vertex 63.5433 37.7039 19
      vertex 63.5433 37.7039 17
    endloop
  endfacet
  facet normal 0.989176 -0.146731 0
    outer loop
      vertex 63.9711 39.4119 19
      vertex 63.91 39 17
      vertex 63.9711 39.4119 14
    endloop
  endfacet
  facet normal 0.989174 -0.146746 2.98926e-06
    outer loop
      vertex 63.8847 38.8295 19
      vertex 63.91 39 17
      vertex 63.9711 39.4119 19
    endloop
  endfacet
  facet normal 0.989169 -0.14678 0
    outer loop
      vertex 63.91 39 17
      vertex 63.8847 38.8295 19
      vertex 63.8847 38.8295 17
    endloop
  endfacet
  facet normal 0.989176 -0.146731 0
    outer loop
      vertex 63.9711 39.4119 14
      vertex 63.91 39 17
      vertex 63.91 39 14
    endloop
  endfacet
  facet normal -0.242871 -0.970059 0
    outer loop
      vertex 4.25829 34.2583 14
      vertex 4.82945 34.1153 19
      vertex 4.25829 34.2583 19
    endloop
  endfacet
  facet normal -0.242871 -0.970059 -0
    outer loop
      vertex 4.82945 34.1153 19
      vertex 4.25829 34.2583 14
      vertex 4.82945 34.1153 14
    endloop
  endfacet
  facet normal -0.740882 -0.671635 0
    outer loop
      vertex 1.75735 35.7574 14
      vertex 1.36192 36.1936 19
      vertex 1.36192 36.1936 14
    endloop
  endfacet
  facet normal -0.740882 -0.671635 0
    outer loop
      vertex 1.36192 36.1936 19
      vertex 1.75735 35.7574 14
      vertex 1.75735 35.7574 19
    endloop
  endfacet
  facet normal -0.970036 -0.242962 0
    outer loop
      vertex 0.258347 38.2583 14
      vertex 0.11528 38.8295 19
      vertex 0.11528 38.8295 14
    endloop
  endfacet
  facet normal -0.970036 -0.242962 0
    outer loop
      vertex 0.11528 38.8295 19
      vertex 0.258347 38.2583 14
      vertex 0.258347 38.2583 19
    endloop
  endfacet
  facet normal -0.903992 -0.427549 0
    outer loop
      vertex 0.708466 37.1716 14
      vertex 0.456711 37.7039 19
      vertex 0.456711 37.7039 14
    endloop
  endfacet
  facet normal -0.903992 -0.427549 0
    outer loop
      vertex 0.456711 37.7039 19
      vertex 0.708466 37.1716 14
      vertex 0.708466 37.1716 19
    endloop
  endfacet
  facet normal -0.941546 -0.336885 0
    outer loop
      vertex 0.456711 37.7039 14
      vertex 0.258347 38.2583 19
      vertex 0.258347 38.2583 14
    endloop
  endfacet
  facet normal -0.941546 -0.336885 0
    outer loop
      vertex 0.258347 38.2583 19
      vertex 0.456711 37.7039 14
      vertex 0.456711 37.7039 19
    endloop
  endfacet
  facet normal 0.94158 0.336788 0
    outer loop
      vertex 63.7416 45.7417 19
      vertex 63.5433 46.2961 14
      vertex 63.5433 46.2961 19
    endloop
  endfacet
  facet normal 0.94158 0.336788 0
    outer loop
      vertex 63.5433 46.2961 14
      vertex 63.7416 45.7417 19
      vertex 63.7416 45.7417 14
    endloop
  endfacet
  facet normal 0.803289 0.595589 0
    outer loop
      vertex 62.9888 47.3334 19
      vertex 62.6381 47.8064 14
      vertex 62.6381 47.8064 19
    endloop
  endfacet
  facet normal 0.803289 0.595589 0
    outer loop
      vertex 62.6381 47.8064 14
      vertex 62.9888 47.3334 19
      vertex 62.9888 47.3334 14
    endloop
  endfacet
  facet normal 0.427612 0.903962 -0
    outer loop
      vertex 60.8284 49.2915 14
      vertex 60.2961 49.5433 19
      vertex 60.8284 49.2915 19
    endloop
  endfacet
  facet normal 0.427612 0.903962 0
    outer loop
      vertex 60.2961 49.5433 19
      vertex 60.8284 49.2915 14
      vertex 60.2961 49.5433 14
    endloop
  endfacet
  facet normal 0.514121 0.857718 -0
    outer loop
      vertex 61.3334 48.9888 14
      vertex 60.8284 49.2915 19
      vertex 61.3334 48.9888 19
    endloop
  endfacet
  facet normal 0.514121 0.857718 0
    outer loop
      vertex 60.8284 49.2915 19
      vertex 61.3334 48.9888 14
      vertex 60.8284 49.2915 14
    endloop
  endfacet
  facet normal 0.146746 0.989174 -0
    outer loop
      vertex 59.1705 49.8847 14
      vertex 58.5881 49.9711 19
      vertex 59.1705 49.8847 19
    endloop
  endfacet
  facet normal 0.146746 0.989174 0
    outer loop
      vertex 58.5881 49.9711 19
      vertex 59.1705 49.8847 14
      vertex 58.5881 49.9711 14
    endloop
  endfacet
  facet normal 0.243015 0.970023 -0
    outer loop
      vertex 59.7417 49.7416 14
      vertex 59.1705 49.8847 19
      vertex 59.7417 49.7416 19
    endloop
  endfacet
  facet normal 0.243015 0.970023 0
    outer loop
      vertex 59.1705 49.8847 19
      vertex 59.7417 49.7416 14
      vertex 59.1705 49.8847 14
    endloop
  endfacet
  facet normal -0.427631 -0.903953 0
    outer loop
      vertex 3.17162 34.7085 14
      vertex 3.70389 34.4567 19
      vertex 3.17162 34.7085 19
    endloop
  endfacet
  facet normal -0.427631 -0.903953 -0
    outer loop
      vertex 3.70389 34.4567 19
      vertex 3.17162 34.7085 14
      vertex 3.70389 34.4567 14
    endloop
  endfacet
  facet normal 0.970023 0.243015 0
    outer loop
      vertex 63.8847 45.1705 19
      vertex 63.7416 45.7417 14
      vertex 63.7416 45.7417 19
    endloop
  endfacet
  facet normal 0.970023 0.243015 0
    outer loop
      vertex 63.7416 45.7417 14
      vertex 63.8847 45.1705 19
      vertex 63.8847 45.1705 14
    endloop
  endfacet
  facet normal 0.6717 0.740823 -0
    outer loop
      vertex 62.2426 48.2426 14
      vertex 61.8064 48.6381 19
      vertex 62.2426 48.2426 19
    endloop
  endfacet
  facet normal 0.6717 0.740823 0
    outer loop
      vertex 61.8064 48.6381 19
      vertex 62.2426 48.2426 14
      vertex 61.8064 48.6381 14
    endloop
  endfacet
  facet normal 0.857718 0.514121 0
    outer loop
      vertex 63.2915 46.8284 19
      vertex 62.9888 47.3334 14
      vertex 62.9888 47.3334 19
    endloop
  endfacet
  facet normal 0.857718 0.514121 0
    outer loop
      vertex 62.9888 47.3334 14
      vertex 63.2915 46.8284 19
      vertex 63.2915 46.8284 14
    endloop
  endfacet
  facet normal 0.595589 0.803289 -0
    outer loop
      vertex 61.8064 48.6381 14
      vertex 61.3334 48.9888 19
      vertex 61.8064 48.6381 19
    endloop
  endfacet
  facet normal 0.595589 0.803289 0
    outer loop
      vertex 61.3334 48.9888 19
      vertex 61.8064 48.6381 14
      vertex 61.3334 48.9888 14
    endloop
  endfacet
  facet normal -0.85774 -0.514084 0
    outer loop
      vertex 7.41107 6.75423 0
      vertex 7.33035 6.88891 4.9
      vertex 7.33035 6.88891 0
    endloop
  endfacet
  facet normal -0.85774 -0.514084 0
    outer loop
      vertex 7.33035 6.88891 4.9
      vertex 7.41107 6.75423 0
      vertex 7.41107 6.75423 4.9
    endloop
  endfacet
  facet normal -0.336845 -0.94156 0
    outer loop
      vertex 6.46445 7.5311 0
      vertex 6.61229 7.47821 4.9
      vertex 6.46445 7.5311 4.9
    endloop
  endfacet
  facet normal -0.336845 -0.94156 -0
    outer loop
      vertex 6.61229 7.47821 4.9
      vertex 6.46445 7.5311 0
      vertex 6.61229 7.47821 0
    endloop
  endfacet
  facet normal 0.427569 -0.903983 0
    outer loop
      vertex 5.24576 7.41107 0
      vertex 5.38771 7.47821 4.9
      vertex 5.24576 7.41107 4.9
    endloop
  endfacet
  facet normal 0.427569 -0.903983 0
    outer loop
      vertex 5.38771 7.47821 4.9
      vertex 5.24576 7.41107 0
      vertex 5.38771 7.47821 0
    endloop
  endfacet
  facet normal 0.94154 -0.336901 0
    outer loop
      vertex 4.46889 6.46445 4.9
      vertex 4.52179 6.61229 0
      vertex 4.52179 6.61229 4.9
    endloop
  endfacet
  facet normal 0.94154 -0.336901 0
    outer loop
      vertex 4.52179 6.61229 0
      vertex 4.46889 6.46445 4.9
      vertex 4.46889 6.46445 0
    endloop
  endfacet
  facet normal -0.998794 0.0491022 0
    outer loop
      vertex 7.59229 5.84317 0
      vertex 7.6 6 4.9
      vertex 7.6 6 0
    endloop
  endfacet
  facet normal -0.998794 0.0491022 0
    outer loop
      vertex 7.6 6 4.9
      vertex 7.59229 5.84317 0
      vertex 7.59229 5.84317 4.9
    endloop
  endfacet
  facet normal 0.998797 0.0490387 0
    outer loop
      vertex 4.4077 5.84317 4.9
      vertex 4.4 6 0
      vertex 4.4 6 4.9
    endloop
  endfacet
  facet normal 0.998797 0.0490387 0
    outer loop
      vertex 4.4 6 0
      vertex 4.4077 5.84317 4.9
      vertex 4.4077 5.84317 0
    endloop
  endfacet
  facet normal 0.671578 -0.740933 0
    outer loop
      vertex 4.86863 7.13137 0
      vertex 4.98497 7.23682 4.9
      vertex 4.86863 7.13137 4.9
    endloop
  endfacet
  facet normal 0.671578 -0.740933 0
    outer loop
      vertex 4.98497 7.23682 4.9
      vertex 4.86863 7.13137 0
      vertex 4.98497 7.23682 0
    endloop
  endfacet
  facet normal 0.0490387 0.998797 -0
    outer loop
      vertex 6 4.4 0
      vertex 5.84317 4.4077 4.9
      vertex 6 4.4 4.9
    endloop
  endfacet
  facet normal 0.0490387 0.998797 0
    outer loop
      vertex 5.84317 4.4077 4.9
      vertex 6 4.4 0
      vertex 5.84317 4.4077 0
    endloop
  endfacet
  facet normal -0.24297 0.970034 0
    outer loop
      vertex 6.46445 4.46889 0
      vertex 6.31214 4.43074 4.9
      vertex 6.46445 4.46889 4.9
    endloop
  endfacet
  facet normal -0.24297 0.970034 0
    outer loop
      vertex 6.31214 4.43074 4.9
      vertex 6.46445 4.46889 0
      vertex 6.31214 4.43074 0
    endloop
  endfacet
  facet normal -0.989184 -0.14668 0
    outer loop
      vertex 7.59229 6.15683 0
      vertex 7.56926 6.31214 4.9
      vertex 7.56926 6.31214 0
    endloop
  endfacet
  facet normal -0.989184 -0.14668 0
    outer loop
      vertex 7.56926 6.31214 4.9
      vertex 7.59229 6.15683 0
      vertex 7.59229 6.15683 4.9
    endloop
  endfacet
  facet normal -0.803229 -0.595671 0
    outer loop
      vertex 7.33035 6.88891 0
      vertex 7.23682 7.01503 4.9
      vertex 7.23682 7.01503 0
    endloop
  endfacet
  facet normal -0.803229 -0.595671 0
    outer loop
      vertex 7.23682 7.01503 4.9
      vertex 7.33035 6.88891 0
      vertex 7.33035 6.88891 4.9
    endloop
  endfacet
  facet normal -0.671578 -0.740933 0
    outer loop
      vertex 7.01503 7.23682 0
      vertex 7.13137 7.13137 4.9
      vertex 7.01503 7.23682 4.9
    endloop
  endfacet
  facet normal -0.671578 -0.740933 -0
    outer loop
      vertex 7.13137 7.13137 4.9
      vertex 7.01503 7.23682 0
      vertex 7.13137 7.13137 0
    endloop
  endfacet
  facet normal -0.740933 -0.671578 0
    outer loop
      vertex 7.23682 7.01503 0
      vertex 7.13137 7.13137 4.9
      vertex 7.13137 7.13137 0
    endloop
  endfacet
  facet normal -0.740933 -0.671578 0
    outer loop
      vertex 7.13137 7.13137 4.9
      vertex 7.23682 7.01503 0
      vertex 7.23682 7.01503 4.9
    endloop
  endfacet
  facet normal 0.0491022 -0.998794 0
    outer loop
      vertex 5.84317 7.59229 0
      vertex 6 7.6 4.9
      vertex 5.84317 7.59229 4.9
    endloop
  endfacet
  facet normal 0.0491022 -0.998794 0
    outer loop
      vertex 6 7.6 4.9
      vertex 5.84317 7.59229 0
      vertex 6 7.6 0
    endloop
  endfacet
  facet normal -0.24303 -0.970019 0
    outer loop
      vertex 6.31214 7.56926 0
      vertex 6.46445 7.5311 4.9
      vertex 6.31214 7.56926 4.9
    endloop
  endfacet
  facet normal -0.24303 -0.970019 -0
    outer loop
      vertex 6.46445 7.5311 4.9
      vertex 6.31214 7.56926 0
      vertex 6.46445 7.5311 0
    endloop
  endfacet
  facet normal -0.14668 -0.989184 0
    outer loop
      vertex 6.15683 7.59229 0
      vertex 6.31214 7.56926 4.9
      vertex 6.15683 7.59229 4.9
    endloop
  endfacet
  facet normal -0.14668 -0.989184 -0
    outer loop
      vertex 6.31214 7.56926 4.9
      vertex 6.15683 7.59229 0
      vertex 6.31214 7.56926 0
    endloop
  endfacet
  facet normal -0.0491022 -0.998794 0
    outer loop
      vertex 6 7.6 0
      vertex 6.15683 7.59229 4.9
      vertex 6 7.6 4.9
    endloop
  endfacet
  facet normal -0.0491022 -0.998794 -0
    outer loop
      vertex 6.15683 7.59229 4.9
      vertex 6 7.6 0
      vertex 6.15683 7.59229 0
    endloop
  endfacet
  facet normal -0.595671 -0.803229 0
    outer loop
      vertex 6.88891 7.33035 0
      vertex 7.01503 7.23682 4.9
      vertex 6.88891 7.33035 4.9
    endloop
  endfacet
  facet normal -0.595671 -0.803229 -0
    outer loop
      vertex 7.01503 7.23682 4.9
      vertex 6.88891 7.33035 0
      vertex 7.01503 7.23682 0
    endloop
  endfacet
  facet normal -0.514084 -0.85774 0
    outer loop
      vertex 6.75423 7.41107 0
      vertex 6.88891 7.33035 4.9
      vertex 6.75423 7.41107 4.9
    endloop
  endfacet
  facet normal -0.514084 -0.85774 -0
    outer loop
      vertex 6.88891 7.33035 4.9
      vertex 6.75423 7.41107 0
      vertex 6.88891 7.33035 0
    endloop
  endfacet
  facet normal 0.989175 -0.146743 0
    outer loop
      vertex 4.4077 6.15683 4.9
      vertex 4.43074 6.31214 0
      vertex 4.43074 6.31214 4.9
    endloop
  endfacet
  facet normal 0.989175 -0.146743 0
    outer loop
      vertex 4.43074 6.31214 0
      vertex 4.4077 6.15683 4.9
      vertex 4.4077 6.15683 0
    endloop
  endfacet
  facet normal 0.998797 -0.0490387 0
    outer loop
      vertex 4.4 6 4.9
      vertex 4.4077 6.15683 0
      vertex 4.4077 6.15683 4.9
    endloop
  endfacet
  facet normal 0.998797 -0.0490387 0
    outer loop
      vertex 4.4077 6.15683 0
      vertex 4.4 6 4.9
      vertex 4.4 6 0
    endloop
  endfacet
  facet normal 0.803229 -0.595671 0
    outer loop
      vertex 4.66965 6.88891 4.9
      vertex 4.76318 7.01503 0
      vertex 4.76318 7.01503 4.9
    endloop
  endfacet
  facet normal 0.803229 -0.595671 0
    outer loop
      vertex 4.76318 7.01503 0
      vertex 4.66965 6.88891 4.9
      vertex 4.66965 6.88891 0
    endloop
  endfacet
  facet normal 0.85774 -0.514084 0
    outer loop
      vertex 4.58893 6.75423 4.9
      vertex 4.66965 6.88891 0
      vertex 4.66965 6.88891 4.9
    endloop
  endfacet
  facet normal 0.85774 -0.514084 0
    outer loop
      vertex 4.66965 6.88891 0
      vertex 4.58893 6.75423 4.9
      vertex 4.58893 6.75423 0
    endloop
  endfacet
  facet normal 0.146671 -0.989185 0
    outer loop
      vertex 5.68785 7.56926 0
      vertex 5.84317 7.59229 4.9
      vertex 5.68785 7.56926 4.9
    endloop
  endfacet
  facet normal 0.146671 -0.989185 0
    outer loop
      vertex 5.84317 7.59229 4.9
      vertex 5.68785 7.56926 0
      vertex 5.84317 7.59229 0
    endloop
  endfacet
  facet normal 0.336865 -0.941553 0
    outer loop
      vertex 5.38771 7.47821 0
      vertex 5.53554 7.5311 4.9
      vertex 5.38771 7.47821 4.9
    endloop
  endfacet
  facet normal 0.336865 -0.941553 0
    outer loop
      vertex 5.53554 7.5311 4.9
      vertex 5.38771 7.47821 0
      vertex 5.53554 7.5311 0
    endloop
  endfacet
  facet normal 0.24303 -0.970019 0
    outer loop
      vertex 5.53554 7.5311 0
      vertex 5.68785 7.56926 4.9
      vertex 5.53554 7.5311 4.9
    endloop
  endfacet
  facet normal 0.24303 -0.970019 0
    outer loop
      vertex 5.68785 7.56926 4.9
      vertex 5.53554 7.5311 0
      vertex 5.68785 7.56926 0
    endloop
  endfacet
  facet normal 0.514112 -0.857723 0
    outer loop
      vertex 5.11109 7.33035 0
      vertex 5.24576 7.41107 4.9
      vertex 5.11109 7.33035 4.9
    endloop
  endfacet
  facet normal 0.514112 -0.857723 0
    outer loop
      vertex 5.24576 7.41107 4.9
      vertex 5.11109 7.33035 0
      vertex 5.24576 7.41107 0
    endloop
  endfacet
  facet normal 0.595671 -0.803229 0
    outer loop
      vertex 4.98497 7.23682 0
      vertex 5.11109 7.33035 4.9
      vertex 4.98497 7.23682 4.9
    endloop
  endfacet
  facet normal 0.595671 -0.803229 0
    outer loop
      vertex 5.11109 7.33035 4.9
      vertex 4.98497 7.23682 0
      vertex 5.11109 7.33035 0
    endloop
  endfacet
  facet normal 0.740933 -0.671578 0
    outer loop
      vertex 4.76318 7.01503 4.9
      vertex 4.86863 7.13137 0
      vertex 4.86863 7.13137 4.9
    endloop
  endfacet
  facet normal 0.740933 -0.671578 0
    outer loop
      vertex 4.86863 7.13137 0
      vertex 4.76318 7.01503 4.9
      vertex 4.76318 7.01503 0
    endloop
  endfacet
  facet normal -0.998794 -0.0491022 0
    outer loop
      vertex 7.6 6 0
      vertex 7.59229 6.15683 4.9
      vertex 7.59229 6.15683 0
    endloop
  endfacet
  facet normal -0.998794 -0.0491022 0
    outer loop
      vertex 7.59229 6.15683 4.9
      vertex 7.6 6 0
      vertex 7.6 6 4.9
    endloop
  endfacet
  facet normal -0.803229 0.595671 0
    outer loop
      vertex 7.23682 4.98497 0
      vertex 7.33035 5.11109 4.9
      vertex 7.33035 5.11109 0
    endloop
  endfacet
  facet normal -0.803229 0.595671 0
    outer loop
      vertex 7.33035 5.11109 4.9
      vertex 7.23682 4.98497 0
      vertex 7.23682 4.98497 4.9
    endloop
  endfacet
  facet normal -0.146743 0.989175 0
    outer loop
      vertex 6.31214 4.43074 0
      vertex 6.15683 4.4077 4.9
      vertex 6.31214 4.43074 4.9
    endloop
  endfacet
  facet normal -0.146743 0.989175 0
    outer loop
      vertex 6.15683 4.4077 4.9
      vertex 6.31214 4.43074 0
      vertex 6.15683 4.4077 0
    endloop
  endfacet
  facet normal -0.336901 0.94154 0
    outer loop
      vertex 6.61229 4.52179 0
      vertex 6.46445 4.46889 4.9
      vertex 6.61229 4.52179 4.9
    endloop
  endfacet
  facet normal -0.336901 0.94154 0
    outer loop
      vertex 6.46445 4.46889 4.9
      vertex 6.61229 4.52179 0
      vertex 6.46445 4.46889 0
    endloop
  endfacet
  facet normal -0.903971 -0.427594 0
    outer loop
      vertex 7.47821 6.61229 0
      vertex 7.41107 6.75423 4.9
      vertex 7.41107 6.75423 0
    endloop
  endfacet
  facet normal -0.903971 -0.427594 0
    outer loop
      vertex 7.41107 6.75423 4.9
      vertex 7.47821 6.61229 0
      vertex 7.47821 6.61229 4.9
    endloop
  endfacet
  facet normal -0.94156 -0.336845 0
    outer loop
      vertex 7.5311 6.46445 0
      vertex 7.47821 6.61229 4.9
      vertex 7.47821 6.61229 0
    endloop
  endfacet
  facet normal -0.94156 -0.336845 0
    outer loop
      vertex 7.47821 6.61229 4.9
      vertex 7.5311 6.46445 0
      vertex 7.5311 6.46445 4.9
    endloop
  endfacet
  facet normal -0.970019 -0.24303 0
    outer loop
      vertex 7.56926 6.31214 0
      vertex 7.5311 6.46445 4.9
      vertex 7.5311 6.46445 0
    endloop
  endfacet
  facet normal -0.970019 -0.24303 0
    outer loop
      vertex 7.5311 6.46445 4.9
      vertex 7.56926 6.31214 0
      vertex 7.56926 6.31214 4.9
    endloop
  endfacet
  facet normal -0.427594 -0.903971 0
    outer loop
      vertex 6.61229 7.47821 0
      vertex 6.75423 7.41107 4.9
      vertex 6.61229 7.47821 4.9
    endloop
  endfacet
  facet normal -0.427594 -0.903971 -0
    outer loop
      vertex 6.75423 7.41107 4.9
      vertex 6.61229 7.47821 0
      vertex 6.75423 7.41107 0
    endloop
  endfacet
  facet normal 0 0 -1
    outer loop
      vertex 7.59229 5.84317 4.9
      vertex 7.59229 6.15683 4.9
      vertex 7.6 6 4.9
    endloop
  endfacet
  facet normal 0 0 -1
    outer loop
      vertex 7.56926 5.68785 4.9
      vertex 7.59229 6.15683 4.9
      vertex 7.59229 5.84317 4.9
    endloop
  endfacet
  facet normal 0 0 -1
    outer loop
      vertex 7.56926 5.68785 4.9
      vertex 7.56926 6.31214 4.9
      vertex 7.59229 6.15683 4.9
    endloop
  endfacet
  facet normal 0 0 -1
    outer loop
      vertex 7.5311 5.53554 4.9
      vertex 7.56926 6.31214 4.9
      vertex 7.56926 5.68785 4.9
    endloop
  endfacet
  facet normal 0 0 -1
    outer loop
      vertex 7.5311 5.53554 4.9
      vertex 7.5311 6.46445 4.9
      vertex 7.56926 6.31214 4.9
    endloop
  endfacet
  facet normal 0 0 -1
    outer loop
      vertex 7.47821 5.38771 4.9
      vertex 7.5311 6.46445 4.9
      vertex 7.5311 5.53554 4.9
    endloop
  endfacet
  facet normal 0 0 -1
    outer loop
      vertex 7.47821 5.38771 4.9
      vertex 7.47821 6.61229 4.9
      vertex 7.5311 6.46445 4.9
    endloop
  endfacet
  facet normal 0 0 -1
    outer loop
      vertex 7.41107 5.24576 4.9
      vertex 7.47821 6.61229 4.9
      vertex 7.47821 5.38771 4.9
    endloop
  endfacet
  facet normal 0 0 -1
    outer loop
      vertex 7.41107 5.24576 4.9
      vertex 7.41107 6.75423 4.9
      vertex 7.47821 6.61229 4.9
    endloop
  endfacet
  facet normal 0 0 -1
    outer loop
      vertex 7.33035 5.11109 4.9
      vertex 7.41107 6.75423 4.9
      vertex 7.41107 5.24576 4.9
    endloop
  endfacet
  facet normal 0 0 -1
    outer loop
      vertex 7.33035 5.11109 4.9
      vertex 7.33035 6.88891 4.9
      vertex 7.41107 6.75423 4.9
    endloop
  endfacet
  facet normal 0 0 -1
    outer loop
      vertex 7.23682 4.98497 4.9
      vertex 7.33035 6.88891 4.9
      vertex 7.33035 5.11109 4.9
    endloop
  endfacet
  facet normal 0 0 -1
    outer loop
      vertex 7.23682 4.98497 4.9
      vertex 7.23682 7.01503 4.9
      vertex 7.33035 6.88891 4.9
    endloop
  endfacet
  facet normal 0 0 -1
    outer loop
      vertex 7.13137 4.86863 4.9
      vertex 7.23682 7.01503 4.9
      vertex 7.23682 4.98497 4.9
    endloop
  endfacet
  facet normal 0 0 -1
    outer loop
      vertex 7.13137 4.86863 4.9
      vertex 7.13137 7.13137 4.9
      vertex 7.23682 7.01503 4.9
    endloop
  endfacet
  facet normal 0 0 -1
    outer loop
      vertex 7.01503 4.76318 4.9
      vertex 7.13137 7.13137 4.9
      vertex 7.13137 4.86863 4.9
    endloop
  endfacet
  facet normal 0 0 -1
    outer loop
      vertex 7.01503 4.76318 4.9
      vertex 7.01503 7.23682 4.9
      vertex 7.13137 7.13137 4.9
    endloop
  endfacet
  facet normal 0 0 -1
    outer loop
      vertex 6.88891 4.66965 4.9
      vertex 7.01503 7.23682 4.9
      vertex 7.01503 4.76318 4.9
    endloop
  endfacet
  facet normal 0 0 -1
    outer loop
      vertex 6.88891 4.66965 4.9
      vertex 6.88891 7.33035 4.9
      vertex 7.01503 7.23682 4.9
    endloop
  endfacet
  facet normal 0 0 -1
    outer loop
      vertex 6.75423 4.58893 4.9
      vertex 6.88891 7.33035 4.9
      vertex 6.88891 4.66965 4.9
    endloop
  endfacet
  facet normal 0 0 -1
    outer loop
      vertex 6.75423 4.58893 4.9
      vertex 6.75423 7.41107 4.9
      vertex 6.88891 7.33035 4.9
    endloop
  endfacet
  facet normal 0 0 -1
    outer loop
      vertex 6.61229 4.52179 4.9
      vertex 6.75423 7.41107 4.9
      vertex 6.75423 4.58893 4.9
    endloop
  endfacet
  facet normal 0 0 -1
    outer loop
      vertex 6.61229 4.52179 4.9
      vertex 6.61229 7.47821 4.9
      vertex 6.75423 7.41107 4.9
    endloop
  endfacet
  facet normal 0 0 -1
    outer loop
      vertex 6.46445 4.46889 4.9
      vertex 6.61229 7.47821 4.9
      vertex 6.61229 4.52179 4.9
    endloop
  endfacet
  facet normal 0 0 -1
    outer loop
      vertex 6.46445 4.46889 4.9
      vertex 6.46445 7.5311 4.9
      vertex 6.61229 7.47821 4.9
    endloop
  endfacet
  facet normal 0 0 -1
    outer loop
      vertex 6.31214 4.43074 4.9
      vertex 6.46445 7.5311 4.9
      vertex 6.46445 4.46889 4.9
    endloop
  endfacet
  facet normal 0 0 -1
    outer loop
      vertex 6.31214 4.43074 4.9
      vertex 6.31214 7.56926 4.9
      vertex 6.46445 7.5311 4.9
    endloop
  endfacet
  facet normal 0 0 -1
    outer loop
      vertex 6.15683 4.4077 4.9
      vertex 6.31214 7.56926 4.9
      vertex 6.31214 4.43074 4.9
    endloop
  endfacet
  facet normal 0 0 -1
    outer loop
      vertex 6.15683 4.4077 4.9
      vertex 6.15683 7.59229 4.9
      vertex 6.31214 7.56926 4.9
    endloop
  endfacet
  facet normal 0 0 -1
    outer loop
      vertex 6 4.4 4.9
      vertex 6.15683 7.59229 4.9
      vertex 6.15683 4.4077 4.9
    endloop
  endfacet
  facet normal 0 0 -1
    outer loop
      vertex 6 4.4 4.9
      vertex 6 7.6 4.9
      vertex 6.15683 7.59229 4.9
    endloop
  endfacet
  facet normal 0 0 -1
    outer loop
      vertex 5.84317 4.4077 4.9
      vertex 6 7.6 4.9
      vertex 6 4.4 4.9
    endloop
  endfacet
  facet normal 0 0 -1
    outer loop
      vertex 5.84317 4.4077 4.9
      vertex 5.84317 7.59229 4.9
      vertex 6 7.6 4.9
    endloop
  endfacet
  facet normal 0 0 -1
    outer loop
      vertex 5.68785 4.43074 4.9
      vertex 5.84317 7.59229 4.9
      vertex 5.84317 4.4077 4.9
    endloop
  endfacet
  facet normal 0 0 -1
    outer loop
      vertex 5.68785 4.43074 4.9
      vertex 5.68785 7.56926 4.9
      vertex 5.84317 7.59229 4.9
    endloop
  endfacet
  facet normal 0 0 -1
    outer loop
      vertex 5.53554 4.46889 4.9
      vertex 5.68785 7.56926 4.9
      vertex 5.68785 4.43074 4.9
    endloop
  endfacet
  facet normal 0 0 -1
    outer loop
      vertex 5.53554 4.46889 4.9
      vertex 5.53554 7.5311 4.9
      vertex 5.68785 7.56926 4.9
    endloop
  endfacet
  facet normal 0 0 -1
    outer loop
      vertex 5.38771 4.52179 4.9
      vertex 5.53554 7.5311 4.9
      vertex 5.53554 4.46889 4.9
    endloop
  endfacet
  facet normal 0 0 -1
    outer loop
      vertex 5.38771 4.52179 4.9
      vertex 5.38771 7.47821 4.9
      vertex 5.53554 7.5311 4.9
    endloop
  endfacet
  facet normal 0 0 -1
    outer loop
      vertex 5.24576 4.58893 4.9
      vertex 5.38771 7.47821 4.9
      vertex 5.38771 4.52179 4.9
    endloop
  endfacet
  facet normal 0 0 -1
    outer loop
      vertex 5.24576 4.58893 4.9
      vertex 5.24576 7.41107 4.9
      vertex 5.38771 7.47821 4.9
    endloop
  endfacet
  facet normal 0 0 -1
    outer loop
      vertex 5.11109 4.66965 4.9
      vertex 5.24576 7.41107 4.9
      vertex 5.24576 4.58893 4.9
    endloop
  endfacet
  facet normal 0 0 -1
    outer loop
      vertex 5.11109 4.66965 4.9
      vertex 5.11109 7.33035 4.9
      vertex 5.24576 7.41107 4.9
    endloop
  endfacet
  facet normal 0 0 -1
    outer loop
      vertex 4.98497 4.76318 4.9
      vertex 5.11109 7.33035 4.9
      vertex 5.11109 4.66965 4.9
    endloop
  endfacet
  facet normal 0 0 -1
    outer loop
      vertex 4.98497 4.76318 4.9
      vertex 4.98497 7.23682 4.9
      vertex 5.11109 7.33035 4.9
    endloop
  endfacet
  facet normal 0 0 -1
    outer loop
      vertex 4.86863 4.86863 4.9
      vertex 4.98497 7.23682 4.9
      vertex 4.98497 4.76318 4.9
    endloop
  endfacet
  facet normal 0 0 -1
    outer loop
      vertex 4.86863 4.86863 4.9
      vertex 4.86863 7.13137 4.9
      vertex 4.98497 7.23682 4.9
    endloop
  endfacet
  facet normal 0 0 -1
    outer loop
      vertex 4.76318 4.98497 4.9
      vertex 4.86863 7.13137 4.9
      vertex 4.86863 4.86863 4.9
    endloop
  endfacet
  facet normal 0 0 -1
    outer loop
      vertex 4.76318 4.98497 4.9
      vertex 4.76318 7.01503 4.9
      vertex 4.86863 7.13137 4.9
    endloop
  endfacet
  facet normal 0 0 -1
    outer loop
      vertex 4.66965 5.11109 4.9
      vertex 4.76318 7.01503 4.9
      vertex 4.76318 4.98497 4.9
    endloop
  endfacet
  facet normal 0 0 -1
    outer loop
      vertex 4.66965 5.11109 4.9
      vertex 4.66965 6.88891 4.9
      vertex 4.76318 7.01503 4.9
    endloop
  endfacet
  facet normal 0 0 -1
    outer loop
      vertex 4.58893 5.24576 4.9
      vertex 4.66965 6.88891 4.9
      vertex 4.66965 5.11109 4.9
    endloop
  endfacet
  facet normal 0 0 -1
    outer loop
      vertex 4.58893 5.24576 4.9
      vertex 4.58893 6.75423 4.9
      vertex 4.66965 6.88891 4.9
    endloop
  endfacet
  facet normal 0 0 -1
    outer loop
      vertex 4.52179 5.38771 4.9
      vertex 4.58893 6.75423 4.9
      vertex 4.58893 5.24576 4.9
    endloop
  endfacet
  facet normal 0 0 -1
    outer loop
      vertex 4.52179 5.38771 4.9
      vertex 4.52179 6.61229 4.9
      vertex 4.58893 6.75423 4.9
    endloop
  endfacet
  facet normal 0 0 -1
    outer loop
      vertex 4.46889 5.53554 4.9
      vertex 4.52179 6.61229 4.9
      vertex 4.52179 5.38771 4.9
    endloop
  endfacet
  facet normal 0 0 -1
    outer loop
      vertex 4.46889 5.53554 4.9
      vertex 4.46889 6.46445 4.9
      vertex 4.52179 6.61229 4.9
    endloop
  endfacet
  facet normal 0 0 -1
    outer loop
      vertex 4.43074 5.68785 4.9
      vertex 4.46889 6.46445 4.9
      vertex 4.46889 5.53554 4.9
    endloop
  endfacet
  facet normal 0 0 -1
    outer loop
      vertex 4.43074 5.68785 4.9
      vertex 4.43074 6.31214 4.9
      vertex 4.46889 6.46445 4.9
    endloop
  endfacet
  facet normal 0 0 -1
    outer loop
      vertex 4.4077 5.84317 4.9
      vertex 4.43074 6.31214 4.9
      vertex 4.43074 5.68785 4.9
    endloop
  endfacet
  facet normal 0 0 -1
    outer loop
      vertex 4.4077 5.84317 4.9
      vertex 4.4077 6.15683 4.9
      vertex 4.43074 6.31214 4.9
    endloop
  endfacet
  facet normal 0 -0 -1
    outer loop
      vertex 4.4077 6.15683 4.9
      vertex 4.4077 5.84317 4.9
      vertex 4.4 6 4.9
    endloop
  endfacet
  facet normal 0.970034 -0.24297 0
    outer loop
      vertex 4.43074 6.31214 4.9
      vertex 4.46889 6.46445 0
      vertex 4.46889 6.46445 4.9
    endloop
  endfacet
  facet normal 0.970034 -0.24297 0
    outer loop
      vertex 4.46889 6.46445 0
      vertex 4.43074 6.31214 4.9
      vertex 4.43074 6.31214 0
    endloop
  endfacet
  facet normal 0.903971 -0.427594 0
    outer loop
      vertex 4.52179 6.61229 4.9
      vertex 4.58893 6.75423 0
      vertex 4.58893 6.75423 4.9
    endloop
  endfacet
  facet normal 0.903971 -0.427594 0
    outer loop
      vertex 4.58893 6.75423 0
      vertex 4.52179 6.61229 4.9
      vertex 4.52179 6.61229 0
    endloop
  endfacet
  facet normal -0.970019 0.24303 0
    outer loop
      vertex 7.5311 5.53554 0
      vertex 7.56926 5.68785 4.9
      vertex 7.56926 5.68785 0
    endloop
  endfacet
  facet normal -0.970019 0.24303 0
    outer loop
      vertex 7.56926 5.68785 4.9
      vertex 7.5311 5.53554 0
      vertex 7.5311 5.53554 4.9
    endloop
  endfacet
  facet normal -0.941553 0.336865 0
    outer loop
      vertex 7.47821 5.38771 0
      vertex 7.5311 5.53554 4.9
      vertex 7.5311 5.53554 0
    endloop
  endfacet
  facet normal -0.941553 0.336865 0
    outer loop
      vertex 7.5311 5.53554 4.9
      vertex 7.47821 5.38771 0
      vertex 7.47821 5.38771 4.9
    endloop
  endfacet
  facet normal -0.903983 0.427569 0
    outer loop
      vertex 7.41107 5.24576 0
      vertex 7.47821 5.38771 4.9
      vertex 7.47821 5.38771 0
    endloop
  endfacet
  facet normal -0.903983 0.427569 0
    outer loop
      vertex 7.47821 5.38771 4.9
      vertex 7.41107 5.24576 0
      vertex 7.41107 5.24576 4.9
    endloop
  endfacet
  facet normal 0.427569 0.903983 -0
    outer loop
      vertex 5.38771 4.52179 0
      vertex 5.24576 4.58893 4.9
      vertex 5.38771 4.52179 4.9
    endloop
  endfacet
  facet normal 0.427569 0.903983 0
    outer loop
      vertex 5.24576 4.58893 4.9
      vertex 5.38771 4.52179 0
      vertex 5.24576 4.58893 0
    endloop
  endfacet
  facet normal 0.989176 0.146733 0
    outer loop
      vertex 4.43074 5.68785 4.9
      vertex 4.4077 5.84317 0
      vertex 4.4077 5.84317 4.9
    endloop
  endfacet
  facet normal 0.989176 0.146733 0
    outer loop
      vertex 4.4077 5.84317 0
      vertex 4.43074 5.68785 4.9
      vertex 4.43074 5.68785 0
    endloop
  endfacet
  facet normal 0.941533 0.336921 0
    outer loop
      vertex 4.52179 5.38771 4.9
      vertex 4.46889 5.53554 0
      vertex 4.46889 5.53554 4.9
    endloop
  endfacet
  facet normal 0.941533 0.336921 0
    outer loop
      vertex 4.46889 5.53554 0
      vertex 4.52179 5.38771 4.9
      vertex 4.52179 5.38771 0
    endloop
  endfacet
  facet normal 0.740933 0.671578 0
    outer loop
      vertex 4.86863 4.86863 4.9
      vertex 4.76318 4.98497 0
      vertex 4.76318 4.98497 4.9
    endloop
  endfacet
  facet normal 0.740933 0.671578 0
    outer loop
      vertex 4.76318 4.98497 0
      vertex 4.86863 4.86863 4.9
      vertex 4.86863 4.86863 0
    endloop
  endfacet
  facet normal 0.857723 0.514112 0
    outer loop
      vertex 4.66965 5.11109 4.9
      vertex 4.58893 5.24576 0
      vertex 4.58893 5.24576 4.9
    endloop
  endfacet
  facet normal 0.857723 0.514112 0
    outer loop
      vertex 4.58893 5.24576 0
      vertex 4.66965 5.11109 4.9
      vertex 4.66965 5.11109 0
    endloop
  endfacet
  facet normal 0.803229 0.595671 0
    outer loop
      vertex 4.76318 4.98497 4.9
      vertex 4.66965 5.11109 0
      vertex 4.66965 5.11109 4.9
    endloop
  endfacet
  facet normal 0.803229 0.595671 0
    outer loop
      vertex 4.66965 5.11109 0
      vertex 4.76318 4.98497 4.9
      vertex 4.76318 4.98497 0
    endloop
  endfacet
  facet normal -0.989185 0.146671 0
    outer loop
      vertex 7.56926 5.68785 0
      vertex 7.59229 5.84317 4.9
      vertex 7.59229 5.84317 0
    endloop
  endfacet
  facet normal -0.989185 0.146671 0
    outer loop
      vertex 7.59229 5.84317 4.9
      vertex 7.56926 5.68785 0
      vertex 7.56926 5.68785 4.9
    endloop
  endfacet
  facet normal -0.514084 0.85774 0
    outer loop
      vertex 6.88891 4.66965 0
      vertex 6.75423 4.58893 4.9
      vertex 6.88891 4.66965 4.9
    endloop
  endfacet
  facet normal -0.514084 0.85774 0
    outer loop
      vertex 6.75423 4.58893 4.9
      vertex 6.88891 4.66965 0
      vertex 6.75423 4.58893 0
    endloop
  endfacet
  facet normal -0.857723 0.514112 0
    outer loop
      vertex 7.33035 5.11109 0
      vertex 7.41107 5.24576 4.9
      vertex 7.41107 5.24576 0
    endloop
  endfacet
  facet normal -0.857723 0.514112 0
    outer loop
      vertex 7.41107 5.24576 4.9
      vertex 7.33035 5.11109 0
      vertex 7.33035 5.11109 4.9
    endloop
  endfacet
  facet normal 0.595671 0.803229 -0
    outer loop
      vertex 5.11109 4.66965 0
      vertex 4.98497 4.76318 4.9
      vertex 5.11109 4.66965 4.9
    endloop
  endfacet
  facet normal 0.595671 0.803229 0
    outer loop
      vertex 4.98497 4.76318 4.9
      vertex 5.11109 4.66965 0
      vertex 4.98497 4.76318 0
    endloop
  endfacet
  facet normal -0.0490387 0.998797 0
    outer loop
      vertex 6.15683 4.4077 0
      vertex 6 4.4 4.9
      vertex 6.15683 4.4077 4.9
    endloop
  endfacet
  facet normal -0.0490387 0.998797 0
    outer loop
      vertex 6 4.4 4.9
      vertex 6.15683 4.4077 0
      vertex 6 4.4 0
    endloop
  endfacet
  facet normal 0.336921 0.941533 -0
    outer loop
      vertex 5.53554 4.46889 0
      vertex 5.38771 4.52179 4.9
      vertex 5.53554 4.46889 4.9
    endloop
  endfacet
  facet normal 0.336921 0.941533 0
    outer loop
      vertex 5.38771 4.52179 4.9
      vertex 5.53554 4.46889 0
      vertex 5.38771 4.52179 0
    endloop
  endfacet
  facet normal 0.24297 0.970034 -0
    outer loop
      vertex 5.68785 4.43074 0
      vertex 5.53554 4.46889 4.9
      vertex 5.68785 4.43074 4.9
    endloop
  endfacet
  facet normal 0.24297 0.970034 0
    outer loop
      vertex 5.53554 4.46889 4.9
      vertex 5.68785 4.43074 0
      vertex 5.53554 4.46889 0
    endloop
  endfacet
  facet normal 0.146733 0.989176 -0
    outer loop
      vertex 5.84317 4.4077 0
      vertex 5.68785 4.43074 4.9
      vertex 5.84317 4.4077 4.9
    endloop
  endfacet
  facet normal 0.146733 0.989176 0
    outer loop
      vertex 5.68785 4.43074 4.9
      vertex 5.84317 4.4077 0
      vertex 5.68785 4.43074 0
    endloop
  endfacet
  facet normal 0.514112 0.857723 -0
    outer loop
      vertex 5.24576 4.58893 0
      vertex 5.11109 4.66965 4.9
      vertex 5.24576 4.58893 4.9
    endloop
  endfacet
  facet normal 0.514112 0.857723 0
    outer loop
      vertex 5.11109 4.66965 4.9
      vertex 5.24576 4.58893 0
      vertex 5.11109 4.66965 0
    endloop
  endfacet
  facet normal 0.970034 0.24297 0
    outer loop
      vertex 4.46889 5.53554 4.9
      vertex 4.43074 5.68785 0
      vertex 4.43074 5.68785 4.9
    endloop
  endfacet
  facet normal 0.970034 0.24297 0
    outer loop
      vertex 4.43074 5.68785 0
      vertex 4.46889 5.53554 4.9
      vertex 4.46889 5.53554 0
    endloop
  endfacet
  facet normal 0.903983 0.427569 0
    outer loop
      vertex 4.58893 5.24576 4.9
      vertex 4.52179 5.38771 0
      vertex 4.52179 5.38771 4.9
    endloop
  endfacet
  facet normal 0.903983 0.427569 0
    outer loop
      vertex 4.52179 5.38771 0
      vertex 4.58893 5.24576 4.9
      vertex 4.58893 5.24576 0
    endloop
  endfacet
  facet normal 0.671578 0.740933 -0
    outer loop
      vertex 4.98497 4.76318 0
      vertex 4.86863 4.86863 4.9
      vertex 4.98497 4.76318 4.9
    endloop
  endfacet
  facet normal 0.671578 0.740933 0
    outer loop
      vertex 4.86863 4.86863 4.9
      vertex 4.98497 4.76318 0
      vertex 4.86863 4.86863 0
    endloop
  endfacet
  facet normal -0.427594 0.903971 0
    outer loop
      vertex 6.75423 4.58893 0
      vertex 6.61229 4.52179 4.9
      vertex 6.75423 4.58893 4.9
    endloop
  endfacet
  facet normal -0.427594 0.903971 0
    outer loop
      vertex 6.61229 4.52179 4.9
      vertex 6.75423 4.58893 0
      vertex 6.61229 4.52179 0
    endloop
  endfacet
  facet normal -0.595671 0.803229 0
    outer loop
      vertex 7.01503 4.76318 0
      vertex 6.88891 4.66965 4.9
      vertex 7.01503 4.76318 4.9
    endloop
  endfacet
  facet normal -0.595671 0.803229 0
    outer loop
      vertex 6.88891 4.66965 4.9
      vertex 7.01503 4.76318 0
      vertex 6.88891 4.66965 0
    endloop
  endfacet
  facet normal -0.740933 0.671578 0
    outer loop
      vertex 7.13137 4.86863 0
      vertex 7.23682 4.98497 4.9
      vertex 7.23682 4.98497 0
    endloop
  endfacet
  facet normal -0.740933 0.671578 0
    outer loop
      vertex 7.23682 4.98497 4.9
      vertex 7.13137 4.86863 0
      vertex 7.13137 4.86863 4.9
    endloop
  endfacet
  facet normal -0.671578 0.740933 0
    outer loop
      vertex 7.13137 4.86863 0
      vertex 7.01503 4.76318 4.9
      vertex 7.13137 4.86863 4.9
    endloop
  endfacet
  facet normal -0.671578 0.740933 0
    outer loop
      vertex 7.01503 4.76318 4.9
      vertex 7.13137 4.86863 0
      vertex 7.01503 4.76318 0
    endloop
  endfacet
  facet normal -0.998797 -0.0490387 0
    outer loop
      vertex 75.6 6 0
      vertex 75.5923 6.15683 4.9
      vertex 75.5923 6.15683 0
    endloop
  endfacet
  facet normal -0.998797 -0.0490387 0
    outer loop
      vertex 75.5923 6.15683 4.9
      vertex 75.6 6 0
      vertex 75.6 6 4.9
    endloop
  endfacet
  facet normal 0.0491116 -0.998793 0
    outer loop
      vertex 73.8432 7.59229 0
      vertex 74 7.6 4.9
      vertex 73.8432 7.59229 4.9
    endloop
  endfacet
  facet normal 0.0491116 -0.998793 0
    outer loop
      vertex 74 7.6 4.9
      vertex 73.8432 7.59229 0
      vertex 74 7.6 0
    endloop
  endfacet
  facet normal -0.049048 0.998796 0
    outer loop
      vertex 74.1568 4.4077 0
      vertex 74 4.4 4.9
      vertex 74.1568 4.4077 4.9
    endloop
  endfacet
  facet normal -0.049048 0.998796 0
    outer loop
      vertex 74 4.4 4.9
      vertex 74.1568 4.4077 0
      vertex 74 4.4 0
    endloop
  endfacet
  facet normal -0.671388 -0.741106 0
    outer loop
      vertex 75.015 7.23682 0
      vertex 75.1314 7.13137 4.9
      vertex 75.015 7.23682 4.9
    endloop
  endfacet
  facet normal -0.671388 -0.741106 -0
    outer loop
      vertex 75.1314 7.13137 4.9
      vertex 75.015 7.23682 0
      vertex 75.1314 7.13137 0
    endloop
  endfacet
  facet normal 0.741092 -0.671404 0
    outer loop
      vertex 72.7632 7.01503 4.9
      vertex 72.8686 7.13137 0
      vertex 72.8686 7.13137 4.9
    endloop
  endfacet
  facet normal 0.741092 -0.671404 0
    outer loop
      vertex 72.8686 7.13137 0
      vertex 72.7632 7.01503 4.9
      vertex 72.7632 7.01503 0
    endloop
  endfacet
  facet normal 0.427692 -0.903925 0
    outer loop
      vertex 73.2458 7.41107 0
      vertex 73.3877 7.47821 4.9
      vertex 73.2458 7.41107 4.9
    endloop
  endfacet
  facet normal 0.427692 -0.903925 0
    outer loop
      vertex 73.3877 7.47821 4.9
      vertex 73.2458 7.41107 0
      vertex 73.3877 7.47821 0
    endloop
  endfacet
  facet normal -0.857779 0.514018 0
    outer loop
      vertex 75.3304 5.11109 0
      vertex 75.4111 5.24576 4.9
      vertex 75.4111 5.24576 0
    endloop
  endfacet
  facet normal -0.857779 0.514018 0
    outer loop
      vertex 75.4111 5.24576 4.9
      vertex 75.3304 5.11109 0
      vertex 75.3304 5.11109 4.9
    endloop
  endfacet
  facet normal -0.90407 -0.427385 0
    outer loop
      vertex 75.4782 6.61229 0
      vertex 75.4111 6.75423 4.9
      vertex 75.4111 6.75423 0
    endloop
  endfacet
  facet normal -0.90407 -0.427385 0
    outer loop
      vertex 75.4111 6.75423 4.9
      vertex 75.4782 6.61229 0
      vertex 75.4782 6.61229 4.9
    endloop
  endfacet
  facet normal -0.336926 -0.941531 0
    outer loop
      vertex 74.4645 7.5311 0
      vertex 74.6123 7.47821 4.9
      vertex 74.4645 7.5311 4.9
    endloop
  endfacet
  facet normal -0.336926 -0.941531 -0
    outer loop
      vertex 74.6123 7.47821 4.9
      vertex 74.4645 7.5311 0
      vertex 74.6123 7.47821 0
    endloop
  endfacet
  facet normal -0.514027 -0.857774 0
    outer loop
      vertex 74.7542 7.41107 0
      vertex 74.8889 7.33035 4.9
      vertex 74.7542 7.41107 4.9
    endloop
  endfacet
  facet normal -0.514027 -0.857774 -0
    outer loop
      vertex 74.8889 7.33035 4.9
      vertex 74.7542 7.41107 0
      vertex 74.8889 7.33035 0
    endloop
  endfacet
  facet normal 0.94154 -0.336901 0
    outer loop
      vertex 72.4689 6.46445 4.9
      vertex 72.5218 6.61229 0
      vertex 72.5218 6.61229 4.9
    endloop
  endfacet
  facet normal 0.94154 -0.336901 0
    outer loop
      vertex 72.5218 6.61229 0
      vertex 72.4689 6.46445 4.9
      vertex 72.4689 6.46445 0
    endloop
  endfacet
  facet normal 0.242895 -0.970053 0
    outer loop
      vertex 73.5355 7.5311 0
      vertex 73.6879 7.56926 4.9
      vertex 73.5355 7.5311 4.9
    endloop
  endfacet
  facet normal 0.242895 -0.970053 0
    outer loop
      vertex 73.6879 7.56926 4.9
      vertex 73.5355 7.5311 0
      vertex 73.6879 7.56926 0
    endloop
  endfacet
  facet normal -0.146752 0.989173 0
    outer loop
      vertex 74.3121 4.43074 0
      vertex 74.1568 4.4077 4.9
      vertex 74.3121 4.43074 4.9
    endloop
  endfacet
  facet normal -0.146752 0.989173 0
    outer loop
      vertex 74.1568 4.4077 4.9
      vertex 74.3121 4.43074 0
      vertex 74.1568 4.4077 0
    endloop
  endfacet
  facet normal -0.969959 -0.24327 0
    outer loop
      vertex 75.5693 6.31214 0
      vertex 75.5311 6.46445 4.9
      vertex 75.5311 6.46445 0
    endloop
  endfacet
  facet normal -0.969959 -0.24327 0
    outer loop
      vertex 75.5311 6.46445 4.9
      vertex 75.5693 6.31214 0
      vertex 75.5693 6.31214 4.9
    endloop
  endfacet
  facet normal -0.989212 -0.146493 0
    outer loop
      vertex 75.5923 6.15683 0
      vertex 75.5693 6.31214 4.9
      vertex 75.5693 6.31214 0
    endloop
  endfacet
  facet normal -0.989212 -0.146493 0
    outer loop
      vertex 75.5693 6.31214 4.9
      vertex 75.5923 6.15683 0
      vertex 75.5923 6.15683 4.9
    endloop
  endfacet
  facet normal -0.94154 -0.336901 0
    outer loop
      vertex 75.5311 6.46445 0
      vertex 75.4782 6.61229 4.9
      vertex 75.4782 6.61229 0
    endloop
  endfacet
  facet normal -0.94154 -0.336901 0
    outer loop
      vertex 75.4782 6.61229 4.9
      vertex 75.5311 6.46445 0
      vertex 75.5311 6.46445 4.9
    endloop
  endfacet
  facet normal -0.803015 -0.595958 0
    outer loop
      vertex 75.3304 6.88891 0
      vertex 75.2368 7.01503 4.9
      vertex 75.2368 7.01503 0
    endloop
  endfacet
  facet normal -0.803015 -0.595958 0
    outer loop
      vertex 75.2368 7.01503 4.9
      vertex 75.3304 6.88891 0
      vertex 75.3304 6.88891 4.9
    endloop
  endfacet
  facet normal -0.741092 -0.671404 0
    outer loop
      vertex 75.2368 7.01503 0
      vertex 75.1314 7.13137 4.9
      vertex 75.1314 7.13137 0
    endloop
  endfacet
  facet normal -0.741092 -0.671404 0
    outer loop
      vertex 75.1314 7.13137 4.9
      vertex 75.2368 7.01503 0
      vertex 75.2368 7.01503 4.9
    endloop
  endfacet
  facet normal -0.857796 -0.51399 0
    outer loop
      vertex 75.4111 6.75423 0
      vertex 75.3304 6.88891 4.9
      vertex 75.3304 6.88891 0
    endloop
  endfacet
  facet normal -0.857796 -0.51399 0
    outer loop
      vertex 75.3304 6.88891 4.9
      vertex 75.4111 6.75423 0
      vertex 75.4111 6.75423 4.9
    endloop
  endfacet
  facet normal -0.146689 -0.989183 0
    outer loop
      vertex 74.1568 7.59229 0
      vertex 74.3121 7.56926 4.9
      vertex 74.1568 7.59229 4.9
    endloop
  endfacet
  facet normal -0.146689 -0.989183 -0
    outer loop
      vertex 74.3121 7.56926 4.9
      vertex 74.1568 7.59229 0
      vertex 74.3121 7.56926 0
    endloop
  endfacet
  facet normal -0.242895 -0.970053 0
    outer loop
      vertex 74.3121 7.56926 0
      vertex 74.4645 7.5311 4.9
      vertex 74.3121 7.56926 4.9
    endloop
  endfacet
  facet normal -0.242895 -0.970053 -0
    outer loop
      vertex 74.4645 7.5311 4.9
      vertex 74.3121 7.56926 0
      vertex 74.4645 7.5311 0
    endloop
  endfacet
  facet normal -0.0491116 -0.998793 0
    outer loop
      vertex 74 7.6 0
      vertex 74.1568 7.59229 4.9
      vertex 74 7.6 4.9
    endloop
  endfacet
  facet normal -0.0491116 -0.998793 -0
    outer loop
      vertex 74.1568 7.59229 4.9
      vertex 74 7.6 0
      vertex 74.1568 7.59229 0
    endloop
  endfacet
  facet normal -0.427692 -0.903925 0
    outer loop
      vertex 74.6123 7.47821 0
      vertex 74.7542 7.41107 4.9
      vertex 74.6123 7.47821 4.9
    endloop
  endfacet
  facet normal -0.427692 -0.903925 -0
    outer loop
      vertex 74.7542 7.41107 4.9
      vertex 74.6123 7.47821 0
      vertex 74.7542 7.41107 0
    endloop
  endfacet
  facet normal -0.595732 -0.803184 0
    outer loop
      vertex 74.8889 7.33035 0
      vertex 75.015 7.23682 4.9
      vertex 74.8889 7.33035 4.9
    endloop
  endfacet
  facet normal -0.595732 -0.803184 -0
    outer loop
      vertex 75.015 7.23682 4.9
      vertex 74.8889 7.33035 0
      vertex 75.015 7.23682 0
    endloop
  endfacet
  facet normal 0.989212 -0.146493 0
    outer loop
      vertex 72.4077 6.15683 4.9
      vertex 72.4307 6.31214 0
      vertex 72.4307 6.31214 4.9
    endloop
  endfacet
  facet normal 0.989212 -0.146493 0
    outer loop
      vertex 72.4307 6.31214 0
      vertex 72.4077 6.15683 4.9
      vertex 72.4077 6.15683 0
    endloop
  endfacet
  facet normal 0.857796 -0.51399 0
    outer loop
      vertex 72.5889 6.75423 4.9
      vertex 72.6696 6.88891 0
      vertex 72.6696 6.88891 4.9
    endloop
  endfacet
  facet normal 0.857796 -0.51399 0
    outer loop
      vertex 72.6696 6.88891 0
      vertex 72.5889 6.75423 4.9
      vertex 72.5889 6.75423 0
    endloop
  endfacet
  facet normal 0.803015 -0.595958 0
    outer loop
      vertex 72.6696 6.88891 4.9
      vertex 72.7632 7.01503 0
      vertex 72.7632 7.01503 4.9
    endloop
  endfacet
  facet normal 0.803015 -0.595958 0
    outer loop
      vertex 72.7632 7.01503 0
      vertex 72.6696 6.88891 4.9
      vertex 72.6696 6.88891 0
    endloop
  endfacet
  facet normal 0.90407 -0.427385 0
    outer loop
      vertex 72.5218 6.61229 4.9
      vertex 72.5889 6.75423 0
      vertex 72.5889 6.75423 4.9
    endloop
  endfacet
  facet normal 0.90407 -0.427385 0
    outer loop
      vertex 72.5889 6.75423 0
      vertex 72.5218 6.61229 4.9
      vertex 72.5218 6.61229 0
    endloop
  endfacet
  facet normal 0.969959 -0.24327 0
    outer loop
      vertex 72.4307 6.31214 4.9
      vertex 72.4689 6.46445 0
      vertex 72.4689 6.46445 4.9
    endloop
  endfacet
  facet normal 0.969959 -0.24327 0
    outer loop
      vertex 72.4689 6.46445 0
      vertex 72.4307 6.31214 4.9
      vertex 72.4307 6.31214 0
    endloop
  endfacet
  facet normal 0.998797 -0.0490387 0
    outer loop
      vertex 72.4 6 4.9
      vertex 72.4077 6.15683 0
      vertex 72.4077 6.15683 4.9
    endloop
  endfacet
  facet normal 0.998797 -0.0490387 0
    outer loop
      vertex 72.4077 6.15683 0
      vertex 72.4 6 4.9
      vertex 72.4 6 0
    endloop
  endfacet
  facet normal 0 0 -1
    outer loop
      vertex 75.5923 5.84317 4.9
      vertex 75.5923 6.15683 4.9
      vertex 75.6 6 4.9
    endloop
  endfacet
  facet normal 0 0 -1
    outer loop
      vertex 75.5693 5.68785 4.9
      vertex 75.5923 6.15683 4.9
      vertex 75.5923 5.84317 4.9
    endloop
  endfacet
  facet normal 0 0 -1
    outer loop
      vertex 75.5693 5.68785 4.9
      vertex 75.5693 6.31214 4.9
      vertex 75.5923 6.15683 4.9
    endloop
  endfacet
  facet normal 0 0 -1
    outer loop
      vertex 75.5311 5.53554 4.9
      vertex 75.5693 6.31214 4.9
      vertex 75.5693 5.68785 4.9
    endloop
  endfacet
  facet normal 0 0 -1
    outer loop
      vertex 75.5311 5.53554 4.9
      vertex 75.5311 6.46445 4.9
      vertex 75.5693 6.31214 4.9
    endloop
  endfacet
  facet normal 0 0 -1
    outer loop
      vertex 75.4782 5.38771 4.9
      vertex 75.5311 6.46445 4.9
      vertex 75.5311 5.53554 4.9
    endloop
  endfacet
  facet normal 0 0 -1
    outer loop
      vertex 75.4782 5.38771 4.9
      vertex 75.4782 6.61229 4.9
      vertex 75.5311 6.46445 4.9
    endloop
  endfacet
  facet normal 0 0 -1
    outer loop
      vertex 75.4111 5.24576 4.9
      vertex 75.4782 6.61229 4.9
      vertex 75.4782 5.38771 4.9
    endloop
  endfacet
  facet normal 0 0 -1
    outer loop
      vertex 75.4111 5.24576 4.9
      vertex 75.4111 6.75423 4.9
      vertex 75.4782 6.61229 4.9
    endloop
  endfacet
  facet normal 0 0 -1
    outer loop
      vertex 75.3304 5.11109 4.9
      vertex 75.4111 6.75423 4.9
      vertex 75.4111 5.24576 4.9
    endloop
  endfacet
  facet normal 0 0 -1
    outer loop
      vertex 75.3304 5.11109 4.9
      vertex 75.3304 6.88891 4.9
      vertex 75.4111 6.75423 4.9
    endloop
  endfacet
  facet normal 0 0 -1
    outer loop
      vertex 75.2368 4.98497 4.9
      vertex 75.3304 6.88891 4.9
      vertex 75.3304 5.11109 4.9
    endloop
  endfacet
  facet normal 0 0 -1
    outer loop
      vertex 75.2368 4.98497 4.9
      vertex 75.2368 7.01503 4.9
      vertex 75.3304 6.88891 4.9
    endloop
  endfacet
  facet normal 0 0 -1
    outer loop
      vertex 75.1314 4.86863 4.9
      vertex 75.2368 7.01503 4.9
      vertex 75.2368 4.98497 4.9
    endloop
  endfacet
  facet normal 0 0 -1
    outer loop
      vertex 75.1314 4.86863 4.9
      vertex 75.1314 7.13137 4.9
      vertex 75.2368 7.01503 4.9
    endloop
  endfacet
  facet normal 0 0 -1
    outer loop
      vertex 75.015 4.76318 4.9
      vertex 75.1314 7.13137 4.9
      vertex 75.1314 4.86863 4.9
    endloop
  endfacet
  facet normal 0 0 -1
    outer loop
      vertex 75.015 4.76318 4.9
      vertex 75.015 7.23682 4.9
      vertex 75.1314 7.13137 4.9
    endloop
  endfacet
  facet normal 0 0 -1
    outer loop
      vertex 74.8889 4.66965 4.9
      vertex 75.015 7.23682 4.9
      vertex 75.015 4.76318 4.9
    endloop
  endfacet
  facet normal 0 0 -1
    outer loop
      vertex 74.8889 4.66965 4.9
      vertex 74.8889 7.33035 4.9
      vertex 75.015 7.23682 4.9
    endloop
  endfacet
  facet normal 0 0 -1
    outer loop
      vertex 74.7542 4.58893 4.9
      vertex 74.8889 7.33035 4.9
      vertex 74.8889 4.66965 4.9
    endloop
  endfacet
  facet normal 0 0 -1
    outer loop
      vertex 74.7542 4.58893 4.9
      vertex 74.7542 7.41107 4.9
      vertex 74.8889 7.33035 4.9
    endloop
  endfacet
  facet normal 0 0 -1
    outer loop
      vertex 74.6123 4.52179 4.9
      vertex 74.7542 7.41107 4.9
      vertex 74.7542 4.58893 4.9
    endloop
  endfacet
  facet normal 0 0 -1
    outer loop
      vertex 74.6123 4.52179 4.9
      vertex 74.6123 7.47821 4.9
      vertex 74.7542 7.41107 4.9
    endloop
  endfacet
  facet normal 0 0 -1
    outer loop
      vertex 74.4645 4.46889 4.9
      vertex 74.6123 7.47821 4.9
      vertex 74.6123 4.52179 4.9
    endloop
  endfacet
  facet normal 0 0 -1
    outer loop
      vertex 74.4645 4.46889 4.9
      vertex 74.4645 7.5311 4.9
      vertex 74.6123 7.47821 4.9
    endloop
  endfacet
  facet normal 0 0 -1
    outer loop
      vertex 74.3121 4.43074 4.9
      vertex 74.4645 7.5311 4.9
      vertex 74.4645 4.46889 4.9
    endloop
  endfacet
  facet normal 0 0 -1
    outer loop
      vertex 74.3121 4.43074 4.9
      vertex 74.3121 7.56926 4.9
      vertex 74.4645 7.5311 4.9
    endloop
  endfacet
  facet normal 0 0 -1
    outer loop
      vertex 74.1568 4.4077 4.9
      vertex 74.3121 7.56926 4.9
      vertex 74.3121 4.43074 4.9
    endloop
  endfacet
  facet normal 0 0 -1
    outer loop
      vertex 74.1568 4.4077 4.9
      vertex 74.1568 7.59229 4.9
      vertex 74.3121 7.56926 4.9
    endloop
  endfacet
  facet normal 0 0 -1
    outer loop
      vertex 74 4.4 4.9
      vertex 74.1568 7.59229 4.9
      vertex 74.1568 4.4077 4.9
    endloop
  endfacet
  facet normal 0 0 -1
    outer loop
      vertex 74 4.4 4.9
      vertex 74 7.6 4.9
      vertex 74.1568 7.59229 4.9
    endloop
  endfacet
  facet normal 0 0 -1
    outer loop
      vertex 73.8432 4.4077 4.9
      vertex 74 7.6 4.9
      vertex 74 4.4 4.9
    endloop
  endfacet
  facet normal 0 0 -1
    outer loop
      vertex 73.8432 4.4077 4.9
      vertex 73.8432 7.59229 4.9
      vertex 74 7.6 4.9
    endloop
  endfacet
  facet normal 0 0 -1
    outer loop
      vertex 73.6879 4.43074 4.9
      vertex 73.8432 7.59229 4.9
      vertex 73.8432 4.4077 4.9
    endloop
  endfacet
  facet normal 0 0 -1
    outer loop
      vertex 73.6879 4.43074 4.9
      vertex 73.6879 7.56926 4.9
      vertex 73.8432 7.59229 4.9
    endloop
  endfacet
  facet normal 0 0 -1
    outer loop
      vertex 73.5355 4.46889 4.9
      vertex 73.6879 7.56926 4.9
      vertex 73.6879 4.43074 4.9
    endloop
  endfacet
  facet normal 0 0 -1
    outer loop
      vertex 73.5355 4.46889 4.9
      vertex 73.5355 7.5311 4.9
      vertex 73.6879 7.56926 4.9
    endloop
  endfacet
  facet normal 0 0 -1
    outer loop
      vertex 73.3877 4.52179 4.9
      vertex 73.5355 7.5311 4.9
      vertex 73.5355 4.46889 4.9
    endloop
  endfacet
  facet normal 0 0 -1
    outer loop
      vertex 73.3877 4.52179 4.9
      vertex 73.3877 7.47821 4.9
      vertex 73.5355 7.5311 4.9
    endloop
  endfacet
  facet normal 0 0 -1
    outer loop
      vertex 73.2458 4.58893 4.9
      vertex 73.3877 7.47821 4.9
      vertex 73.3877 4.52179 4.9
    endloop
  endfacet
  facet normal 0 0 -1
    outer loop
      vertex 73.2458 4.58893 4.9
      vertex 73.2458 7.41107 4.9
      vertex 73.3877 7.47821 4.9
    endloop
  endfacet
  facet normal 0 0 -1
    outer loop
      vertex 73.1111 4.66965 4.9
      vertex 73.2458 7.41107 4.9
      vertex 73.2458 4.58893 4.9
    endloop
  endfacet
  facet normal 0 0 -1
    outer loop
      vertex 73.1111 4.66965 4.9
      vertex 73.1111 7.33035 4.9
      vertex 73.2458 7.41107 4.9
    endloop
  endfacet
  facet normal 0 0 -1
    outer loop
      vertex 72.985 4.76318 4.9
      vertex 73.1111 7.33035 4.9
      vertex 73.1111 4.66965 4.9
    endloop
  endfacet
  facet normal 0 0 -1
    outer loop
      vertex 72.985 4.76318 4.9
      vertex 72.985 7.23682 4.9
      vertex 73.1111 7.33035 4.9
    endloop
  endfacet
  facet normal 0 0 -1
    outer loop
      vertex 72.8686 4.86863 4.9
      vertex 72.985 7.23682 4.9
      vertex 72.985 4.76318 4.9
    endloop
  endfacet
  facet normal 0 0 -1
    outer loop
      vertex 72.8686 4.86863 4.9
      vertex 72.8686 7.13137 4.9
      vertex 72.985 7.23682 4.9
    endloop
  endfacet
  facet normal 0 0 -1
    outer loop
      vertex 72.7632 4.98497 4.9
      vertex 72.8686 7.13137 4.9
      vertex 72.8686 4.86863 4.9
    endloop
  endfacet
  facet normal 0 0 -1
    outer loop
      vertex 72.7632 4.98497 4.9
      vertex 72.7632 7.01503 4.9
      vertex 72.8686 7.13137 4.9
    endloop
  endfacet
  facet normal 0 0 -1
    outer loop
      vertex 72.6696 5.11109 4.9
      vertex 72.7632 7.01503 4.9
      vertex 72.7632 4.98497 4.9
    endloop
  endfacet
  facet normal 0 0 -1
    outer loop
      vertex 72.6696 5.11109 4.9
      vertex 72.6696 6.88891 4.9
      vertex 72.7632 7.01503 4.9
    endloop
  endfacet
  facet normal 0 0 -1
    outer loop
      vertex 72.5889 5.24576 4.9
      vertex 72.6696 6.88891 4.9
      vertex 72.6696 5.11109 4.9
    endloop
  endfacet
  facet normal 0 0 -1
    outer loop
      vertex 72.5889 5.24576 4.9
      vertex 72.5889 6.75423 4.9
      vertex 72.6696 6.88891 4.9
    endloop
  endfacet
  facet normal 0 0 -1
    outer loop
      vertex 72.5218 5.38771 4.9
      vertex 72.5889 6.75423 4.9
      vertex 72.5889 5.24576 4.9
    endloop
  endfacet
  facet normal 0 0 -1
    outer loop
      vertex 72.5218 5.38771 4.9
      vertex 72.5218 6.61229 4.9
      vertex 72.5889 6.75423 4.9
    endloop
  endfacet
  facet normal 0 0 -1
    outer loop
      vertex 72.4689 5.53554 4.9
      vertex 72.5218 6.61229 4.9
      vertex 72.5218 5.38771 4.9
    endloop
  endfacet
  facet normal 0 0 -1
    outer loop
      vertex 72.4689 5.53554 4.9
      vertex 72.4689 6.46445 4.9
      vertex 72.5218 6.61229 4.9
    endloop
  endfacet
  facet normal 0 0 -1
    outer loop
      vertex 72.4307 5.68785 4.9
      vertex 72.4689 6.46445 4.9
      vertex 72.4689 5.53554 4.9
    endloop
  endfacet
  facet normal 0 0 -1
    outer loop
      vertex 72.4307 5.68785 4.9
      vertex 72.4307 6.31214 4.9
      vertex 72.4689 6.46445 4.9
    endloop
  endfacet
  facet normal 0 0 -1
    outer loop
      vertex 72.4077 5.84317 4.9
      vertex 72.4307 6.31214 4.9
      vertex 72.4307 5.68785 4.9
    endloop
  endfacet
  facet normal 0 0 -1
    outer loop
      vertex 72.4077 5.84317 4.9
      vertex 72.4077 6.15683 4.9
      vertex 72.4307 6.31214 4.9
    endloop
  endfacet
  facet normal 0 -0 -1
    outer loop
      vertex 72.4077 6.15683 4.9
      vertex 72.4077 5.84317 4.9
      vertex 72.4 6 4.9
    endloop
  endfacet
  facet normal 0.595732 -0.803184 0
    outer loop
      vertex 72.985 7.23682 0
      vertex 73.1111 7.33035 4.9
      vertex 72.985 7.23682 4.9
    endloop
  endfacet
  facet normal 0.595732 -0.803184 0
    outer loop
      vertex 73.1111 7.33035 4.9
      vertex 72.985 7.23682 0
      vertex 73.1111 7.33035 0
    endloop
  endfacet
  facet normal 0.514027 -0.857774 0
    outer loop
      vertex 73.1111 7.33035 0
      vertex 73.2458 7.41107 4.9
      vertex 73.1111 7.33035 4.9
    endloop
  endfacet
  facet normal 0.514027 -0.857774 0
    outer loop
      vertex 73.2458 7.41107 4.9
      vertex 73.1111 7.33035 0
      vertex 73.2458 7.41107 0
    endloop
  endfacet
  facet normal 0.671388 -0.741106 0
    outer loop
      vertex 72.8686 7.13137 0
      vertex 72.985 7.23682 4.9
      vertex 72.8686 7.13137 4.9
    endloop
  endfacet
  facet normal 0.671388 -0.741106 0
    outer loop
      vertex 72.985 7.23682 4.9
      vertex 72.8686 7.13137 0
      vertex 72.985 7.23682 0
    endloop
  endfacet
  facet normal 0.336926 -0.941531 0
    outer loop
      vertex 73.3877 7.47821 0
      vertex 73.5355 7.5311 4.9
      vertex 73.3877 7.47821 4.9
    endloop
  endfacet
  facet normal 0.336926 -0.941531 0
    outer loop
      vertex 73.5355 7.5311 4.9
      vertex 73.3877 7.47821 0
      vertex 73.5355 7.5311 0
    endloop
  endfacet
  facet normal 0.146689 -0.989183 0
    outer loop
      vertex 73.6879 7.56926 0
      vertex 73.8432 7.59229 4.9
      vertex 73.6879 7.56926 4.9
    endloop
  endfacet
  facet normal 0.146689 -0.989183 0
    outer loop
      vertex 73.8432 7.59229 4.9
      vertex 73.6879 7.56926 0
      vertex 73.8432 7.59229 0
    endloop
  endfacet
  facet normal -0.998797 0.0490387 0
    outer loop
      vertex 75.5923 5.84317 0
      vertex 75.6 6 4.9
      vertex 75.6 6 0
    endloop
  endfacet
  facet normal -0.998797 0.0490387 0
    outer loop
      vertex 75.6 6 4.9
      vertex 75.5923 5.84317 0
      vertex 75.5923 5.84317 4.9
    endloop
  endfacet
  facet normal -0.741092 0.671404 0
    outer loop
      vertex 75.1314 4.86863 0
      vertex 75.2368 4.98497 4.9
      vertex 75.2368 4.98497 0
    endloop
  endfacet
  facet normal -0.741092 0.671404 0
    outer loop
      vertex 75.2368 4.98497 4.9
      vertex 75.1314 4.86863 0
      vertex 75.1314 4.86863 4.9
    endloop
  endfacet
  facet normal 0.595732 0.803184 -0
    outer loop
      vertex 73.1111 4.66965 0
      vertex 72.985 4.76318 4.9
      vertex 73.1111 4.66965 4.9
    endloop
  endfacet
  facet normal 0.595732 0.803184 0
    outer loop
      vertex 72.985 4.76318 4.9
      vertex 73.1111 4.66965 0
      vertex 72.985 4.76318 0
    endloop
  endfacet
  facet normal 0.857779 0.514018 0
    outer loop
      vertex 72.6696 5.11109 4.9
      vertex 72.5889 5.24576 0
      vertex 72.5889 5.24576 4.9
    endloop
  endfacet
  facet normal 0.857779 0.514018 0
    outer loop
      vertex 72.5889 5.24576 0
      vertex 72.6696 5.11109 4.9
      vertex 72.6696 5.11109 0
    endloop
  endfacet
  facet normal 0.741092 0.671404 0
    outer loop
      vertex 72.8686 4.86863 4.9
      vertex 72.7632 4.98497 0
      vertex 72.7632 4.98497 4.9
    endloop
  endfacet
  facet normal 0.741092 0.671404 0
    outer loop
      vertex 72.7632 4.98497 0
      vertex 72.8686 4.86863 4.9
      vertex 72.8686 4.86863 0
    endloop
  endfacet
  facet normal 0.998797 0.0490387 0
    outer loop
      vertex 72.4077 5.84317 4.9
      vertex 72.4 6 0
      vertex 72.4 6 4.9
    endloop
  endfacet
  facet normal 0.998797 0.0490387 0
    outer loop
      vertex 72.4 6 0
      vertex 72.4077 5.84317 4.9
      vertex 72.4077 5.84317 0
    endloop
  endfacet
  facet normal -0.969959 0.24327 0
    outer loop
      vertex 75.5311 5.53554 0
      vertex 75.5693 5.68785 4.9
      vertex 75.5693 5.68785 0
    endloop
  endfacet
  facet normal -0.969959 0.24327 0
    outer loop
      vertex 75.5693 5.68785 4.9
      vertex 75.5311 5.53554 0
      vertex 75.5311 5.53554 4.9
    endloop
  endfacet
  facet normal -0.514027 0.857774 0
    outer loop
      vertex 74.8889 4.66965 0
      vertex 74.7542 4.58893 4.9
      vertex 74.8889 4.66965 4.9
    endloop
  endfacet
  facet normal -0.514027 0.857774 0
    outer loop
      vertex 74.7542 4.58893 4.9
      vertex 74.8889 4.66965 0
      vertex 74.7542 4.58893 0
    endloop
  endfacet
  facet normal -0.671388 0.741106 0
    outer loop
      vertex 75.1314 4.86863 0
      vertex 75.015 4.76318 4.9
      vertex 75.1314 4.86863 4.9
    endloop
  endfacet
  facet normal -0.671388 0.741106 0
    outer loop
      vertex 75.015 4.76318 4.9
      vertex 75.1314 4.86863 0
      vertex 75.015 4.76318 0
    endloop
  endfacet
  facet normal -0.904081 0.427361 0
    outer loop
      vertex 75.4111 5.24576 0
      vertex 75.4782 5.38771 4.9
      vertex 75.4782 5.38771 0
    endloop
  endfacet
  facet normal -0.904081 0.427361 0
    outer loop
      vertex 75.4782 5.38771 4.9
      vertex 75.4111 5.24576 0
      vertex 75.4111 5.24576 4.9
    endloop
  endfacet
  facet normal -0.803015 0.595958 0
    outer loop
      vertex 75.2368 4.98497 0
      vertex 75.3304 5.11109 4.9
      vertex 75.3304 5.11109 0
    endloop
  endfacet
  facet normal -0.803015 0.595958 0
    outer loop
      vertex 75.3304 5.11109 4.9
      vertex 75.2368 4.98497 0
      vertex 75.2368 4.98497 4.9
    endloop
  endfacet
  facet normal 0.671388 0.741106 -0
    outer loop
      vertex 72.985 4.76318 0
      vertex 72.8686 4.86863 4.9
      vertex 72.985 4.76318 4.9
    endloop
  endfacet
  facet normal 0.671388 0.741106 0
    outer loop
      vertex 72.8686 4.86863 4.9
      vertex 72.985 4.76318 0
      vertex 72.8686 4.86863 0
    endloop
  endfacet
  facet normal 0.941533 0.336921 0
    outer loop
      vertex 72.5218 5.38771 4.9
      vertex 72.4689 5.53554 0
      vertex 72.4689 5.53554 4.9
    endloop
  endfacet
  facet normal 0.941533 0.336921 0
    outer loop
      vertex 72.4689 5.53554 0
      vertex 72.5218 5.38771 4.9
      vertex 72.5218 5.38771 0
    endloop
  endfacet
  facet normal 0.904081 0.427361 0
    outer loop
      vertex 72.5889 5.24576 4.9
      vertex 72.5218 5.38771 0
      vertex 72.5218 5.38771 4.9
    endloop
  endfacet
  facet normal 0.904081 0.427361 0
    outer loop
      vertex 72.5218 5.38771 0
      vertex 72.5889 5.24576 4.9
      vertex 72.5889 5.24576 0
    endloop
  endfacet
  facet normal 0.989213 0.146484 0
    outer loop
      vertex 72.4307 5.68785 4.9
      vertex 72.4077 5.84317 0
      vertex 72.4077 5.84317 4.9
    endloop
  endfacet
  facet normal 0.989213 0.146484 0
    outer loop
      vertex 72.4077 5.84317 0
      vertex 72.4307 5.68785 4.9
      vertex 72.4307 5.68785 0
    endloop
  endfacet
  facet normal -0.427692 0.903925 0
    outer loop
      vertex 74.7542 4.58893 0
      vertex 74.6123 4.52179 4.9
      vertex 74.7542 4.58893 4.9
    endloop
  endfacet
  facet normal -0.427692 0.903925 0
    outer loop
      vertex 74.6123 4.52179 4.9
      vertex 74.7542 4.58893 0
      vertex 74.6123 4.52179 0
    endloop
  endfacet
  facet normal -0.336982 0.941511 0
    outer loop
      vertex 74.6123 4.52179 0
      vertex 74.4645 4.46889 4.9
      vertex 74.6123 4.52179 4.9
    endloop
  endfacet
  facet normal -0.336982 0.941511 0
    outer loop
      vertex 74.4645 4.46889 4.9
      vertex 74.6123 4.52179 0
      vertex 74.4645 4.46889 0
    endloop
  endfacet
  facet normal -0.242835 0.970068 0
    outer loop
      vertex 74.4645 4.46889 0
      vertex 74.3121 4.43074 4.9
      vertex 74.4645 4.46889 4.9
    endloop
  endfacet
  facet normal -0.242835 0.970068 0
    outer loop
      vertex 74.3121 4.43074 4.9
      vertex 74.4645 4.46889 0
      vertex 74.3121 4.43074 0
    endloop
  endfacet
  facet normal -0.989213 0.146484 0
    outer loop
      vertex 75.5693 5.68785 0
      vertex 75.5923 5.84317 4.9
      vertex 75.5923 5.84317 0
    endloop
  endfacet
  facet normal -0.989213 0.146484 0
    outer loop
      vertex 75.5923 5.84317 4.9
      vertex 75.5693 5.68785 0
      vertex 75.5693 5.68785 4.9
    endloop
  endfacet
  facet normal -0.941533 0.336921 0
    outer loop
      vertex 75.4782 5.38771 0
      vertex 75.5311 5.53554 4.9
      vertex 75.5311 5.53554 0
    endloop
  endfacet
  facet normal -0.941533 0.336921 0
    outer loop
      vertex 75.5311 5.53554 4.9
      vertex 75.4782 5.38771 0
      vertex 75.4782 5.38771 4.9
    endloop
  endfacet
  facet normal 0.427692 0.903925 -0
    outer loop
      vertex 73.3877 4.52179 0
      vertex 73.2458 4.58893 4.9
      vertex 73.3877 4.52179 4.9
    endloop
  endfacet
  facet normal 0.427692 0.903925 0
    outer loop
      vertex 73.2458 4.58893 4.9
      vertex 73.3877 4.52179 0
      vertex 73.2458 4.58893 0
    endloop
  endfacet
  facet normal 0.803015 0.595958 0
    outer loop
      vertex 72.7632 4.98497 4.9
      vertex 72.6696 5.11109 0
      vertex 72.6696 5.11109 4.9
    endloop
  endfacet
  facet normal 0.803015 0.595958 0
    outer loop
      vertex 72.6696 5.11109 0
      vertex 72.7632 4.98497 4.9
      vertex 72.7632 4.98497 0
    endloop
  endfacet
  facet normal 0.969959 0.24327 0
    outer loop
      vertex 72.4689 5.53554 4.9
      vertex 72.4307 5.68785 0
      vertex 72.4307 5.68785 4.9
    endloop
  endfacet
  facet normal 0.969959 0.24327 0
    outer loop
      vertex 72.4307 5.68785 0
      vertex 72.4689 5.53554 4.9
      vertex 72.4689 5.53554 0
    endloop
  endfacet
  facet normal -0.595732 0.803184 0
    outer loop
      vertex 75.015 4.76318 0
      vertex 74.8889 4.66965 4.9
      vertex 75.015 4.76318 4.9
    endloop
  endfacet
  facet normal -0.595732 0.803184 0
    outer loop
      vertex 74.8889 4.66965 4.9
      vertex 75.015 4.76318 0
      vertex 74.8889 4.66965 0
    endloop
  endfacet
  facet normal 0.146752 0.989173 -0
    outer loop
      vertex 73.8432 4.4077 0
      vertex 73.6879 4.43074 4.9
      vertex 73.8432 4.4077 4.9
    endloop
  endfacet
  facet normal 0.146752 0.989173 0
    outer loop
      vertex 73.6879 4.43074 4.9
      vertex 73.8432 4.4077 0
      vertex 73.6879 4.43074 0
    endloop
  endfacet
  facet normal 0.242835 0.970068 -0
    outer loop
      vertex 73.6879 4.43074 0
      vertex 73.5355 4.46889 4.9
      vertex 73.6879 4.43074 4.9
    endloop
  endfacet
  facet normal 0.242835 0.970068 0
    outer loop
      vertex 73.5355 4.46889 4.9
      vertex 73.6879 4.43074 0
      vertex 73.5355 4.46889 0
    endloop
  endfacet
  facet normal 0.049048 0.998796 -0
    outer loop
      vertex 74 4.4 0
      vertex 73.8432 4.4077 4.9
      vertex 74 4.4 4.9
    endloop
  endfacet
  facet normal 0.049048 0.998796 0
    outer loop
      vertex 73.8432 4.4077 4.9
      vertex 74 4.4 0
      vertex 73.8432 4.4077 0
    endloop
  endfacet
  facet normal 0.514027 0.857774 -0
    outer loop
      vertex 73.2458 4.58893 0
      vertex 73.1111 4.66965 4.9
      vertex 73.2458 4.58893 4.9
    endloop
  endfacet
  facet normal 0.514027 0.857774 0
    outer loop
      vertex 73.1111 4.66965 4.9
      vertex 73.2458 4.58893 0
      vertex 73.1111 4.66965 0
    endloop
  endfacet
  facet normal 0.336982 0.941511 -0
    outer loop
      vertex 73.5355 4.46889 0
      vertex 73.3877 4.52179 4.9
      vertex 73.5355 4.46889 4.9
    endloop
  endfacet
  facet normal 0.336982 0.941511 0
    outer loop
      vertex 73.3877 4.52179 4.9
      vertex 73.5355 4.46889 0
      vertex 73.3877 4.52179 0
    endloop
  endfacet
  facet normal -0.998793 -0.0491116 0
    outer loop
      vertex 7.6 44 0
      vertex 7.59229 44.1568 4.9
      vertex 7.59229 44.1568 0
    endloop
  endfacet
  facet normal -0.998793 -0.0491116 0
    outer loop
      vertex 7.59229 44.1568 4.9
      vertex 7.6 44 0
      vertex 7.6 44 4.9
    endloop
  endfacet
  facet normal 0.0490387 -0.998797 0
    outer loop
      vertex 5.84317 45.5923 0
      vertex 6 45.6 4.9
      vertex 5.84317 45.5923 4.9
    endloop
  endfacet
  facet normal 0.0490387 -0.998797 0
    outer loop
      vertex 6 45.6 4.9
      vertex 5.84317 45.5923 0
      vertex 6 45.6 0
    endloop
  endfacet
  facet normal -0.671404 -0.741092 0
    outer loop
      vertex 7.01503 45.2368 0
      vertex 7.13137 45.1314 4.9
      vertex 7.01503 45.2368 4.9
    endloop
  endfacet
  facet normal -0.671404 -0.741092 -0
    outer loop
      vertex 7.13137 45.1314 4.9
      vertex 7.01503 45.2368 0
      vertex 7.13137 45.1314 0
    endloop
  endfacet
  facet normal 0.741106 -0.671388 0
    outer loop
      vertex 4.76318 45.015 4.9
      vertex 4.86863 45.1314 0
      vertex 4.86863 45.1314 4.9
    endloop
  endfacet
  facet normal 0.741106 -0.671388 0
    outer loop
      vertex 4.86863 45.1314 0
      vertex 4.76318 45.015 4.9
      vertex 4.76318 45.015 0
    endloop
  endfacet
  facet normal 0.427361 -0.904081 0
    outer loop
      vertex 5.24576 45.4111 0
      vertex 5.38771 45.4782 4.9
      vertex 5.24576 45.4111 4.9
    endloop
  endfacet
  facet normal 0.427361 -0.904081 0
    outer loop
      vertex 5.38771 45.4782 4.9
      vertex 5.24576 45.4111 0
      vertex 5.38771 45.4782 0
    endloop
  endfacet
  facet normal -0.903925 -0.427692 0
    outer loop
      vertex 7.47821 44.6123 0
      vertex 7.41107 44.7542 4.9
      vertex 7.41107 44.7542 0
    endloop
  endfacet
  facet normal -0.903925 -0.427692 0
    outer loop
      vertex 7.41107 44.7542 4.9
      vertex 7.47821 44.6123 0
      vertex 7.47821 44.6123 4.9
    endloop
  endfacet
  facet normal -0.336901 -0.94154 0
    outer loop
      vertex 6.46445 45.5311 0
      vertex 6.61229 45.4782 4.9
      vertex 6.46445 45.5311 4.9
    endloop
  endfacet
  facet normal -0.336901 -0.94154 -0
    outer loop
      vertex 6.61229 45.4782 4.9
      vertex 6.46445 45.5311 0
      vertex 6.61229 45.4782 0
    endloop
  endfacet
  facet normal -0.51399 -0.857796 0
    outer loop
      vertex 6.75423 45.4111 0
      vertex 6.88891 45.3304 4.9
      vertex 6.75423 45.4111 4.9
    endloop
  endfacet
  facet normal -0.51399 -0.857796 -0
    outer loop
      vertex 6.88891 45.3304 4.9
      vertex 6.75423 45.4111 0
      vertex 6.88891 45.3304 0
    endloop
  endfacet
  facet normal 0.941511 -0.336982 0
    outer loop
      vertex 4.46889 44.4645 4.9
      vertex 4.52179 44.6123 0
      vertex 4.52179 44.6123 4.9
    endloop
  endfacet
  facet normal 0.941511 -0.336982 0
    outer loop
      vertex 4.52179 44.6123 0
      vertex 4.46889 44.4645 4.9
      vertex 4.46889 44.4645 0
    endloop
  endfacet
  facet normal 0.24327 -0.969959 0
    outer loop
      vertex 5.53554 45.5311 0
      vertex 5.68785 45.5693 4.9
      vertex 5.53554 45.5311 4.9
    endloop
  endfacet
  facet normal 0.24327 -0.969959 0
    outer loop
      vertex 5.68785 45.5693 4.9
      vertex 5.53554 45.5311 0
      vertex 5.68785 45.5693 0
    endloop
  endfacet
  facet normal 0.0490387 0.998797 -0
    outer loop
      vertex 6 42.4 0
      vertex 5.84317 42.4077 4.9
      vertex 6 42.4 4.9
    endloop
  endfacet
  facet normal 0.0490387 0.998797 0
    outer loop
      vertex 5.84317 42.4077 4.9
      vertex 6 42.4 0
      vertex 5.84317 42.4077 0
    endloop
  endfacet
  facet normal -0.146493 0.989212 0
    outer loop
      vertex 6.31214 42.4307 0
      vertex 6.15683 42.4077 4.9
      vertex 6.31214 42.4307 4.9
    endloop
  endfacet
  facet normal -0.146493 0.989212 0
    outer loop
      vertex 6.15683 42.4077 4.9
      vertex 6.31214 42.4307 0
      vertex 6.15683 42.4077 0
    endloop
  endfacet
  facet normal -0.970053 -0.242895 0
    outer loop
      vertex 7.56926 44.3121 0
      vertex 7.5311 44.4645 4.9
      vertex 7.5311 44.4645 0
    endloop
  endfacet
  facet normal -0.970053 -0.242895 0
    outer loop
      vertex 7.5311 44.4645 4.9
      vertex 7.56926 44.3121 0
      vertex 7.56926 44.3121 4.9
    endloop
  endfacet
  facet normal -0.989183 -0.146689 0
    outer loop
      vertex 7.59229 44.1568 0
      vertex 7.56926 44.3121 4.9
      vertex 7.56926 44.3121 0
    endloop
  endfacet
  facet normal -0.989183 -0.146689 0
    outer loop
      vertex 7.56926 44.3121 4.9
      vertex 7.59229 44.1568 0
      vertex 7.59229 44.1568 4.9
    endloop
  endfacet
  facet normal -0.941531 -0.336926 0
    outer loop
      vertex 7.5311 44.4645 0
      vertex 7.47821 44.6123 4.9
      vertex 7.47821 44.6123 0
    endloop
  endfacet
  facet normal -0.941531 -0.336926 0
    outer loop
      vertex 7.47821 44.6123 4.9
      vertex 7.5311 44.4645 0
      vertex 7.5311 44.4645 4.9
    endloop
  endfacet
  facet normal -0.803184 -0.595732 0
    outer loop
      vertex 7.33035 44.8889 0
      vertex 7.23682 45.015 4.9
      vertex 7.23682 45.015 0
    endloop
  endfacet
  facet normal -0.803184 -0.595732 0
    outer loop
      vertex 7.23682 45.015 4.9
      vertex 7.33035 44.8889 0
      vertex 7.33035 44.8889 4.9
    endloop
  endfacet
  facet normal -0.741106 -0.671388 0
    outer loop
      vertex 7.23682 45.015 0
      vertex 7.13137 45.1314 4.9
      vertex 7.13137 45.1314 0
    endloop
  endfacet
  facet normal -0.741106 -0.671388 0
    outer loop
      vertex 7.13137 45.1314 4.9
      vertex 7.23682 45.015 0
      vertex 7.23682 45.015 4.9
    endloop
  endfacet
  facet normal -0.857774 -0.514027 0
    outer loop
      vertex 7.41107 44.7542 0
      vertex 7.33035 44.8889 4.9
      vertex 7.33035 44.8889 0
    endloop
  endfacet
  facet normal -0.857774 -0.514027 0
    outer loop
      vertex 7.33035 44.8889 4.9
      vertex 7.41107 44.7542 0
      vertex 7.41107 44.7542 4.9
    endloop
  endfacet
  facet normal -0.146493 -0.989212 0
    outer loop
      vertex 6.15683 45.5923 0
      vertex 6.31214 45.5693 4.9
      vertex 6.15683 45.5923 4.9
    endloop
  endfacet
  facet normal -0.146493 -0.989212 -0
    outer loop
      vertex 6.31214 45.5693 4.9
      vertex 6.15683 45.5923 0
      vertex 6.31214 45.5693 0
    endloop
  endfacet
  facet normal -0.24327 -0.969959 0
    outer loop
      vertex 6.31214 45.5693 0
      vertex 6.46445 45.5311 4.9
      vertex 6.31214 45.5693 4.9
    endloop
  endfacet
  facet normal -0.24327 -0.969959 -0
    outer loop
      vertex 6.46445 45.5311 4.9
      vertex 6.31214 45.5693 0
      vertex 6.46445 45.5311 0
    endloop
  endfacet
  facet normal -0.0490387 -0.998797 0
    outer loop
      vertex 6 45.6 0
      vertex 6.15683 45.5923 4.9
      vertex 6 45.6 4.9
    endloop
  endfacet
  facet normal -0.0490387 -0.998797 -0
    outer loop
      vertex 6.15683 45.5923 4.9
      vertex 6 45.6 0
      vertex 6.15683 45.5923 0
    endloop
  endfacet
  facet normal -0.427385 -0.90407 0
    outer loop
      vertex 6.61229 45.4782 0
      vertex 6.75423 45.4111 4.9
      vertex 6.61229 45.4782 4.9
    endloop
  endfacet
  facet normal -0.427385 -0.90407 -0
    outer loop
      vertex 6.75423 45.4111 4.9
      vertex 6.61229 45.4782 0
      vertex 6.75423 45.4111 0
    endloop
  endfacet
  facet normal -0.595958 -0.803015 0
    outer loop
      vertex 6.88891 45.3304 0
      vertex 7.01503 45.2368 4.9
      vertex 6.88891 45.3304 4.9
    endloop
  endfacet
  facet normal -0.595958 -0.803015 -0
    outer loop
      vertex 7.01503 45.2368 4.9
      vertex 6.88891 45.3304 0
      vertex 7.01503 45.2368 0
    endloop
  endfacet
  facet normal 0.989173 -0.146752 0
    outer loop
      vertex 4.4077 44.1568 4.9
      vertex 4.43074 44.3121 0
      vertex 4.43074 44.3121 4.9
    endloop
  endfacet
  facet normal 0.989173 -0.146752 0
    outer loop
      vertex 4.43074 44.3121 0
      vertex 4.4077 44.1568 4.9
      vertex 4.4077 44.1568 0
    endloop
  endfacet
  facet normal 0.857774 -0.514027 0
    outer loop
      vertex 4.58893 44.7542 4.9
      vertex 4.66965 44.8889 0
      vertex 4.66965 44.8889 4.9
    endloop
  endfacet
  facet normal 0.857774 -0.514027 0
    outer loop
      vertex 4.66965 44.8889 0
      vertex 4.58893 44.7542 4.9
      vertex 4.58893 44.7542 0
    endloop
  endfacet
  facet normal 0.803184 -0.595732 0
    outer loop
      vertex 4.66965 44.8889 4.9
      vertex 4.76318 45.015 0
      vertex 4.76318 45.015 4.9
    endloop
  endfacet
  facet normal 0.803184 -0.595732 0
    outer loop
      vertex 4.76318 45.015 0
      vertex 4.66965 44.8889 4.9
      vertex 4.66965 44.8889 0
    endloop
  endfacet
  facet normal 0.903925 -0.427692 0
    outer loop
      vertex 4.52179 44.6123 4.9
      vertex 4.58893 44.7542 0
      vertex 4.58893 44.7542 4.9
    endloop
  endfacet
  facet normal 0.903925 -0.427692 0
    outer loop
      vertex 4.58893 44.7542 0
      vertex 4.52179 44.6123 4.9
      vertex 4.52179 44.6123 0
    endloop
  endfacet
  facet normal 0.970068 -0.242835 0
    outer loop
      vertex 4.43074 44.3121 4.9
      vertex 4.46889 44.4645 0
      vertex 4.46889 44.4645 4.9
    endloop
  endfacet
  facet normal 0.970068 -0.242835 0
    outer loop
      vertex 4.46889 44.4645 0
      vertex 4.43074 44.3121 4.9
      vertex 4.43074 44.3121 0
    endloop
  endfacet
  facet normal 0.998796 -0.049048 0
    outer loop
      vertex 4.4 44 4.9
      vertex 4.4077 44.1568 0
      vertex 4.4077 44.1568 4.9
    endloop
  endfacet
  facet normal 0.998796 -0.049048 0
    outer loop
      vertex 4.4077 44.1568 0
      vertex 4.4 44 4.9
      vertex 4.4 44 0
    endloop
  endfacet
  facet normal 0 0 -1
    outer loop
      vertex 7.59229 43.8432 4.9
      vertex 7.59229 44.1568 4.9
      vertex 7.6 44 4.9
    endloop
  endfacet
  facet normal 0 0 -1
    outer loop
      vertex 7.56926 43.6879 4.9
      vertex 7.59229 44.1568 4.9
      vertex 7.59229 43.8432 4.9
    endloop
  endfacet
  facet normal 0 0 -1
    outer loop
      vertex 7.56926 43.6879 4.9
      vertex 7.56926 44.3121 4.9
      vertex 7.59229 44.1568 4.9
    endloop
  endfacet
  facet normal 0 0 -1
    outer loop
      vertex 7.5311 43.5355 4.9
      vertex 7.56926 44.3121 4.9
      vertex 7.56926 43.6879 4.9
    endloop
  endfacet
  facet normal 0 0 -1
    outer loop
      vertex 7.5311 43.5355 4.9
      vertex 7.5311 44.4645 4.9
      vertex 7.56926 44.3121 4.9
    endloop
  endfacet
  facet normal 0 0 -1
    outer loop
      vertex 7.47821 43.3877 4.9
      vertex 7.5311 44.4645 4.9
      vertex 7.5311 43.5355 4.9
    endloop
  endfacet
  facet normal 0 0 -1
    outer loop
      vertex 7.47821 43.3877 4.9
      vertex 7.47821 44.6123 4.9
      vertex 7.5311 44.4645 4.9
    endloop
  endfacet
  facet normal 0 0 -1
    outer loop
      vertex 7.41107 43.2458 4.9
      vertex 7.47821 44.6123 4.9
      vertex 7.47821 43.3877 4.9
    endloop
  endfacet
  facet normal 0 0 -1
    outer loop
      vertex 7.41107 43.2458 4.9
      vertex 7.41107 44.7542 4.9
      vertex 7.47821 44.6123 4.9
    endloop
  endfacet
  facet normal 0 0 -1
    outer loop
      vertex 7.33035 43.1111 4.9
      vertex 7.41107 44.7542 4.9
      vertex 7.41107 43.2458 4.9
    endloop
  endfacet
  facet normal 0 0 -1
    outer loop
      vertex 7.33035 43.1111 4.9
      vertex 7.33035 44.8889 4.9
      vertex 7.41107 44.7542 4.9
    endloop
  endfacet
  facet normal 0 0 -1
    outer loop
      vertex 7.23682 42.985 4.9
      vertex 7.33035 44.8889 4.9
      vertex 7.33035 43.1111 4.9
    endloop
  endfacet
  facet normal 0 0 -1
    outer loop
      vertex 7.23682 42.985 4.9
      vertex 7.23682 45.015 4.9
      vertex 7.33035 44.8889 4.9
    endloop
  endfacet
  facet normal 0 0 -1
    outer loop
      vertex 7.13137 42.8686 4.9
      vertex 7.23682 45.015 4.9
      vertex 7.23682 42.985 4.9
    endloop
  endfacet
  facet normal 0 0 -1
    outer loop
      vertex 7.13137 42.8686 4.9
      vertex 7.13137 45.1314 4.9
      vertex 7.23682 45.015 4.9
    endloop
  endfacet
  facet normal 0 0 -1
    outer loop
      vertex 7.01503 42.7632 4.9
      vertex 7.13137 45.1314 4.9
      vertex 7.13137 42.8686 4.9
    endloop
  endfacet
  facet normal 0 0 -1
    outer loop
      vertex 7.01503 42.7632 4.9
      vertex 7.01503 45.2368 4.9
      vertex 7.13137 45.1314 4.9
    endloop
  endfacet
  facet normal 0 0 -1
    outer loop
      vertex 6.88891 42.6696 4.9
      vertex 7.01503 45.2368 4.9
      vertex 7.01503 42.7632 4.9
    endloop
  endfacet
  facet normal 0 0 -1
    outer loop
      vertex 6.88891 42.6696 4.9
      vertex 6.88891 45.3304 4.9
      vertex 7.01503 45.2368 4.9
    endloop
  endfacet
  facet normal 0 0 -1
    outer loop
      vertex 6.75423 42.5889 4.9
      vertex 6.88891 45.3304 4.9
      vertex 6.88891 42.6696 4.9
    endloop
  endfacet
  facet normal 0 0 -1
    outer loop
      vertex 6.75423 42.5889 4.9
      vertex 6.75423 45.4111 4.9
      vertex 6.88891 45.3304 4.9
    endloop
  endfacet
  facet normal 0 0 -1
    outer loop
      vertex 6.61229 42.5218 4.9
      vertex 6.75423 45.4111 4.9
      vertex 6.75423 42.5889 4.9
    endloop
  endfacet
  facet normal 0 0 -1
    outer loop
      vertex 6.61229 42.5218 4.9
      vertex 6.61229 45.4782 4.9
      vertex 6.75423 45.4111 4.9
    endloop
  endfacet
  facet normal 0 0 -1
    outer loop
      vertex 6.46445 42.4689 4.9
      vertex 6.61229 45.4782 4.9
      vertex 6.61229 42.5218 4.9
    endloop
  endfacet
  facet normal 0 0 -1
    outer loop
      vertex 6.46445 42.4689 4.9
      vertex 6.46445 45.5311 4.9
      vertex 6.61229 45.4782 4.9
    endloop
  endfacet
  facet normal 0 0 -1
    outer loop
      vertex 6.31214 42.4307 4.9
      vertex 6.46445 45.5311 4.9
      vertex 6.46445 42.4689 4.9
    endloop
  endfacet
  facet normal 0 0 -1
    outer loop
      vertex 6.31214 42.4307 4.9
      vertex 6.31214 45.5693 4.9
      vertex 6.46445 45.5311 4.9
    endloop
  endfacet
  facet normal 0 0 -1
    outer loop
      vertex 6.15683 42.4077 4.9
      vertex 6.31214 45.5693 4.9
      vertex 6.31214 42.4307 4.9
    endloop
  endfacet
  facet normal 0 0 -1
    outer loop
      vertex 6.15683 42.4077 4.9
      vertex 6.15683 45.5923 4.9
      vertex 6.31214 45.5693 4.9
    endloop
  endfacet
  facet normal 0 0 -1
    outer loop
      vertex 6 42.4 4.9
      vertex 6.15683 45.5923 4.9
      vertex 6.15683 42.4077 4.9
    endloop
  endfacet
  facet normal 0 0 -1
    outer loop
      vertex 6 42.4 4.9
      vertex 6 45.6 4.9
      vertex 6.15683 45.5923 4.9
    endloop
  endfacet
  facet normal 0 0 -1
    outer loop
      vertex 5.84317 42.4077 4.9
      vertex 6 45.6 4.9
      vertex 6 42.4 4.9
    endloop
  endfacet
  facet normal 0 0 -1
    outer loop
      vertex 5.84317 42.4077 4.9
      vertex 5.84317 45.5923 4.9
      vertex 6 45.6 4.9
    endloop
  endfacet
  facet normal 0 0 -1
    outer loop
      vertex 5.68785 42.4307 4.9
      vertex 5.84317 45.5923 4.9
      vertex 5.84317 42.4077 4.9
    endloop
  endfacet
  facet normal 0 0 -1
    outer loop
      vertex 5.68785 42.4307 4.9
      vertex 5.68785 45.5693 4.9
      vertex 5.84317 45.5923 4.9
    endloop
  endfacet
  facet normal 0 0 -1
    outer loop
      vertex 5.53554 42.4689 4.9
      vertex 5.68785 45.5693 4.9
      vertex 5.68785 42.4307 4.9
    endloop
  endfacet
  facet normal 0 0 -1
    outer loop
      vertex 5.53554 42.4689 4.9
      vertex 5.53554 45.5311 4.9
      vertex 5.68785 45.5693 4.9
    endloop
  endfacet
  facet normal 0 0 -1
    outer loop
      vertex 5.38771 42.5218 4.9
      vertex 5.53554 45.5311 4.9
      vertex 5.53554 42.4689 4.9
    endloop
  endfacet
  facet normal 0 0 -1
    outer loop
      vertex 5.38771 42.5218 4.9
      vertex 5.38771 45.4782 4.9
      vertex 5.53554 45.5311 4.9
    endloop
  endfacet
  facet normal 0 0 -1
    outer loop
      vertex 5.24576 42.5889 4.9
      vertex 5.38771 45.4782 4.9
      vertex 5.38771 42.5218 4.9
    endloop
  endfacet
  facet normal 0 0 -1
    outer loop
      vertex 5.24576 42.5889 4.9
      vertex 5.24576 45.4111 4.9
      vertex 5.38771 45.4782 4.9
    endloop
  endfacet
  facet normal 0 0 -1
    outer loop
      vertex 5.11109 42.6696 4.9
      vertex 5.24576 45.4111 4.9
      vertex 5.24576 42.5889 4.9
    endloop
  endfacet
  facet normal 0 0 -1
    outer loop
      vertex 5.11109 42.6696 4.9
      vertex 5.11109 45.3304 4.9
      vertex 5.24576 45.4111 4.9
    endloop
  endfacet
  facet normal 0 0 -1
    outer loop
      vertex 4.98497 42.7632 4.9
      vertex 5.11109 45.3304 4.9
      vertex 5.11109 42.6696 4.9
    endloop
  endfacet
  facet normal 0 0 -1
    outer loop
      vertex 4.98497 42.7632 4.9
      vertex 4.98497 45.2368 4.9
      vertex 5.11109 45.3304 4.9
    endloop
  endfacet
  facet normal 0 0 -1
    outer loop
      vertex 4.86863 42.8686 4.9
      vertex 4.98497 45.2368 4.9
      vertex 4.98497 42.7632 4.9
    endloop
  endfacet
  facet normal 0 0 -1
    outer loop
      vertex 4.86863 42.8686 4.9
      vertex 4.86863 45.1314 4.9
      vertex 4.98497 45.2368 4.9
    endloop
  endfacet
  facet normal 0 0 -1
    outer loop
      vertex 4.76318 42.985 4.9
      vertex 4.86863 45.1314 4.9
      vertex 4.86863 42.8686 4.9
    endloop
  endfacet
  facet normal 0 0 -1
    outer loop
      vertex 4.76318 42.985 4.9
      vertex 4.76318 45.015 4.9
      vertex 4.86863 45.1314 4.9
    endloop
  endfacet
  facet normal 0 0 -1
    outer loop
      vertex 4.66965 43.1111 4.9
      vertex 4.76318 45.015 4.9
      vertex 4.76318 42.985 4.9
    endloop
  endfacet
  facet normal 0 0 -1
    outer loop
      vertex 4.66965 43.1111 4.9
      vertex 4.66965 44.8889 4.9
      vertex 4.76318 45.015 4.9
    endloop
  endfacet
  facet normal 0 0 -1
    outer loop
      vertex 4.58893 43.2458 4.9
      vertex 4.66965 44.8889 4.9
      vertex 4.66965 43.1111 4.9
    endloop
  endfacet
  facet normal 0 0 -1
    outer loop
      vertex 4.58893 43.2458 4.9
      vertex 4.58893 44.7542 4.9
      vertex 4.66965 44.8889 4.9
    endloop
  endfacet
  facet normal 0 0 -1
    outer loop
      vertex 4.52179 43.3877 4.9
      vertex 4.58893 44.7542 4.9
      vertex 4.58893 43.2458 4.9
    endloop
  endfacet
  facet normal 0 0 -1
    outer loop
      vertex 4.52179 43.3877 4.9
      vertex 4.52179 44.6123 4.9
      vertex 4.58893 44.7542 4.9
    endloop
  endfacet
  facet normal 0 0 -1
    outer loop
      vertex 4.46889 43.5355 4.9
      vertex 4.52179 44.6123 4.9
      vertex 4.52179 43.3877 4.9
    endloop
  endfacet
  facet normal 0 0 -1
    outer loop
      vertex 4.46889 43.5355 4.9
      vertex 4.46889 44.4645 4.9
      vertex 4.52179 44.6123 4.9
    endloop
  endfacet
  facet normal 0 0 -1
    outer loop
      vertex 4.43074 43.6879 4.9
      vertex 4.46889 44.4645 4.9
      vertex 4.46889 43.5355 4.9
    endloop
  endfacet
  facet normal 0 0 -1
    outer loop
      vertex 4.43074 43.6879 4.9
      vertex 4.43074 44.3121 4.9
      vertex 4.46889 44.4645 4.9
    endloop
  endfacet
  facet normal 0 0 -1
    outer loop
      vertex 4.4077 43.8432 4.9
      vertex 4.43074 44.3121 4.9
      vertex 4.43074 43.6879 4.9
    endloop
  endfacet
  facet normal 0 0 -1
    outer loop
      vertex 4.4077 43.8432 4.9
      vertex 4.4077 44.1568 4.9
      vertex 4.43074 44.3121 4.9
    endloop
  endfacet
  facet normal 0 -0 -1
    outer loop
      vertex 4.4077 44.1568 4.9
      vertex 4.4077 43.8432 4.9
      vertex 4.4 44 4.9
    endloop
  endfacet
  facet normal 0.595958 -0.803015 0
    outer loop
      vertex 4.98497 45.2368 0
      vertex 5.11109 45.3304 4.9
      vertex 4.98497 45.2368 4.9
    endloop
  endfacet
  facet normal 0.595958 -0.803015 0
    outer loop
      vertex 5.11109 45.3304 4.9
      vertex 4.98497 45.2368 0
      vertex 5.11109 45.3304 0
    endloop
  endfacet
  facet normal 0.514018 -0.857779 0
    outer loop
      vertex 5.11109 45.3304 0
      vertex 5.24576 45.4111 4.9
      vertex 5.11109 45.3304 4.9
    endloop
  endfacet
  facet normal 0.514018 -0.857779 0
    outer loop
      vertex 5.24576 45.4111 4.9
      vertex 5.11109 45.3304 0
      vertex 5.24576 45.4111 0
    endloop
  endfacet
  facet normal 0.671404 -0.741092 0
    outer loop
      vertex 4.86863 45.1314 0
      vertex 4.98497 45.2368 4.9
      vertex 4.86863 45.1314 4.9
    endloop
  endfacet
  facet normal 0.671404 -0.741092 0
    outer loop
      vertex 4.98497 45.2368 4.9
      vertex 4.86863 45.1314 0
      vertex 4.98497 45.2368 0
    endloop
  endfacet
  facet normal 0.336921 -0.941533 0
    outer loop
      vertex 5.38771 45.4782 0
      vertex 5.53554 45.5311 4.9
      vertex 5.38771 45.4782 4.9
    endloop
  endfacet
  facet normal 0.336921 -0.941533 0
    outer loop
      vertex 5.53554 45.5311 4.9
      vertex 5.38771 45.4782 0
      vertex 5.53554 45.5311 0
    endloop
  endfacet
  facet normal 0.146484 -0.989213 0
    outer loop
      vertex 5.68785 45.5693 0
      vertex 5.84317 45.5923 4.9
      vertex 5.68785 45.5693 4.9
    endloop
  endfacet
  facet normal 0.146484 -0.989213 0
    outer loop
      vertex 5.84317 45.5923 4.9
      vertex 5.68785 45.5693 0
      vertex 5.84317 45.5923 0
    endloop
  endfacet
  facet normal -0.998793 0.0491116 0
    outer loop
      vertex 7.59229 43.8432 0
      vertex 7.6 44 4.9
      vertex 7.6 44 0
    endloop
  endfacet
  facet normal -0.998793 0.0491116 0
    outer loop
      vertex 7.6 44 4.9
      vertex 7.59229 43.8432 0
      vertex 7.59229 43.8432 4.9
    endloop
  endfacet
  facet normal -0.51399 0.857796 0
    outer loop
      vertex 6.88891 42.6696 0
      vertex 6.75423 42.5889 4.9
      vertex 6.88891 42.6696 4.9
    endloop
  endfacet
  facet normal -0.51399 0.857796 0
    outer loop
      vertex 6.75423 42.5889 4.9
      vertex 6.88891 42.6696 0
      vertex 6.75423 42.5889 0
    endloop
  endfacet
  facet normal -0.803184 0.595732 0
    outer loop
      vertex 7.23682 42.985 0
      vertex 7.33035 43.1111 4.9
      vertex 7.33035 43.1111 0
    endloop
  endfacet
  facet normal -0.803184 0.595732 0
    outer loop
      vertex 7.33035 43.1111 4.9
      vertex 7.23682 42.985 0
      vertex 7.23682 42.985 4.9
    endloop
  endfacet
  facet normal 0.857774 0.514027 0
    outer loop
      vertex 4.66965 43.1111 4.9
      vertex 4.58893 43.2458 0
      vertex 4.58893 43.2458 4.9
    endloop
  endfacet
  facet normal 0.857774 0.514027 0
    outer loop
      vertex 4.58893 43.2458 0
      vertex 4.66965 43.1111 4.9
      vertex 4.66965 43.1111 0
    endloop
  endfacet
  facet normal -0.427385 0.90407 0
    outer loop
      vertex 6.75423 42.5889 0
      vertex 6.61229 42.5218 4.9
      vertex 6.75423 42.5889 4.9
    endloop
  endfacet
  facet normal -0.427385 0.90407 0
    outer loop
      vertex 6.61229 42.5218 4.9
      vertex 6.75423 42.5889 0
      vertex 6.61229 42.5218 0
    endloop
  endfacet
  facet normal 0.998796 0.049048 0
    outer loop
      vertex 4.4077 43.8432 4.9
      vertex 4.4 44 0
      vertex 4.4 44 4.9
    endloop
  endfacet
  facet normal 0.998796 0.049048 0
    outer loop
      vertex 4.4 44 0
      vertex 4.4077 43.8432 4.9
      vertex 4.4077 43.8432 0
    endloop
  endfacet
  facet normal -0.941531 0.336926 0
    outer loop
      vertex 7.47821 43.3877 0
      vertex 7.5311 43.5355 4.9
      vertex 7.5311 43.5355 0
    endloop
  endfacet
  facet normal -0.941531 0.336926 0
    outer loop
      vertex 7.5311 43.5355 4.9
      vertex 7.47821 43.3877 0
      vertex 7.47821 43.3877 4.9
    endloop
  endfacet
  facet normal -0.989183 0.146689 0
    outer loop
      vertex 7.56926 43.6879 0
      vertex 7.59229 43.8432 4.9
      vertex 7.59229 43.8432 0
    endloop
  endfacet
  facet normal -0.989183 0.146689 0
    outer loop
      vertex 7.59229 43.8432 4.9
      vertex 7.56926 43.6879 0
      vertex 7.56926 43.6879 4.9
    endloop
  endfacet
  facet normal -0.970053 0.242895 0
    outer loop
      vertex 7.5311 43.5355 0
      vertex 7.56926 43.6879 4.9
      vertex 7.56926 43.6879 0
    endloop
  endfacet
  facet normal -0.970053 0.242895 0
    outer loop
      vertex 7.56926 43.6879 4.9
      vertex 7.5311 43.5355 0
      vertex 7.5311 43.5355 4.9
    endloop
  endfacet
  facet normal -0.903925 0.427692 0
    outer loop
      vertex 7.41107 43.2458 0
      vertex 7.47821 43.3877 4.9
      vertex 7.47821 43.3877 0
    endloop
  endfacet
  facet normal -0.903925 0.427692 0
    outer loop
      vertex 7.47821 43.3877 4.9
      vertex 7.41107 43.2458 0
      vertex 7.41107 43.2458 4.9
    endloop
  endfacet
  facet normal 0.941511 0.336982 0
    outer loop
      vertex 4.52179 43.3877 4.9
      vertex 4.46889 43.5355 0
      vertex 4.46889 43.5355 4.9
    endloop
  endfacet
  facet normal 0.941511 0.336982 0
    outer loop
      vertex 4.46889 43.5355 0
      vertex 4.52179 43.3877 4.9
      vertex 4.52179 43.3877 0
    endloop
  endfacet
  facet normal 0.989173 0.146752 0
    outer loop
      vertex 4.43074 43.6879 4.9
      vertex 4.4077 43.8432 0
      vertex 4.4077 43.8432 4.9
    endloop
  endfacet
  facet normal 0.989173 0.146752 0
    outer loop
      vertex 4.4077 43.8432 0
      vertex 4.43074 43.6879 4.9
      vertex 4.43074 43.6879 0
    endloop
  endfacet
  facet normal 0.970068 0.242835 0
    outer loop
      vertex 4.46889 43.5355 4.9
      vertex 4.43074 43.6879 0
      vertex 4.43074 43.6879 4.9
    endloop
  endfacet
  facet normal 0.970068 0.242835 0
    outer loop
      vertex 4.43074 43.6879 0
      vertex 4.46889 43.5355 4.9
      vertex 4.46889 43.5355 0
    endloop
  endfacet
  facet normal -0.336901 0.94154 0
    outer loop
      vertex 6.61229 42.5218 0
      vertex 6.46445 42.4689 4.9
      vertex 6.61229 42.5218 4.9
    endloop
  endfacet
  facet normal -0.336901 0.94154 0
    outer loop
      vertex 6.46445 42.4689 4.9
      vertex 6.61229 42.5218 0
      vertex 6.46445 42.4689 0
    endloop
  endfacet
  facet normal -0.24327 0.969959 0
    outer loop
      vertex 6.46445 42.4689 0
      vertex 6.31214 42.4307 4.9
      vertex 6.46445 42.4689 4.9
    endloop
  endfacet
  facet normal -0.24327 0.969959 0
    outer loop
      vertex 6.31214 42.4307 4.9
      vertex 6.46445 42.4689 0
      vertex 6.31214 42.4307 0
    endloop
  endfacet
  facet normal -0.671404 0.741092 0
    outer loop
      vertex 7.13137 42.8686 0
      vertex 7.01503 42.7632 4.9
      vertex 7.13137 42.8686 4.9
    endloop
  endfacet
  facet normal -0.671404 0.741092 0
    outer loop
      vertex 7.01503 42.7632 4.9
      vertex 7.13137 42.8686 0
      vertex 7.01503 42.7632 0
    endloop
  endfacet
  facet normal -0.595958 0.803015 0
    outer loop
      vertex 7.01503 42.7632 0
      vertex 6.88891 42.6696 4.9
      vertex 7.01503 42.7632 4.9
    endloop
  endfacet
  facet normal -0.595958 0.803015 0
    outer loop
      vertex 6.88891 42.6696 4.9
      vertex 7.01503 42.7632 0
      vertex 6.88891 42.6696 0
    endloop
  endfacet
  facet normal -0.857774 0.514027 0
    outer loop
      vertex 7.33035 43.1111 0
      vertex 7.41107 43.2458 4.9
      vertex 7.41107 43.2458 0
    endloop
  endfacet
  facet normal -0.857774 0.514027 0
    outer loop
      vertex 7.41107 43.2458 4.9
      vertex 7.33035 43.1111 0
      vertex 7.33035 43.1111 4.9
    endloop
  endfacet
  facet normal -0.0490387 0.998797 0
    outer loop
      vertex 6.15683 42.4077 0
      vertex 6 42.4 4.9
      vertex 6.15683 42.4077 4.9
    endloop
  endfacet
  facet normal -0.0490387 0.998797 0
    outer loop
      vertex 6 42.4 4.9
      vertex 6.15683 42.4077 0
      vertex 6 42.4 0
    endloop
  endfacet
  facet normal 0.24327 0.969959 -0
    outer loop
      vertex 5.68785 42.4307 0
      vertex 5.53554 42.4689 4.9
      vertex 5.68785 42.4307 4.9
    endloop
  endfacet
  facet normal 0.24327 0.969959 0
    outer loop
      vertex 5.53554 42.4689 4.9
      vertex 5.68785 42.4307 0
      vertex 5.53554 42.4689 0
    endloop
  endfacet
  facet normal 0.146484 0.989213 -0
    outer loop
      vertex 5.84317 42.4077 0
      vertex 5.68785 42.4307 4.9
      vertex 5.84317 42.4077 4.9
    endloop
  endfacet
  facet normal 0.146484 0.989213 0
    outer loop
      vertex 5.68785 42.4307 4.9
      vertex 5.84317 42.4077 0
      vertex 5.68785 42.4307 0
    endloop
  endfacet
  facet normal 0.427361 0.904081 -0
    outer loop
      vertex 5.38771 42.5218 0
      vertex 5.24576 42.5889 4.9
      vertex 5.38771 42.5218 4.9
    endloop
  endfacet
  facet normal 0.427361 0.904081 0
    outer loop
      vertex 5.24576 42.5889 4.9
      vertex 5.38771 42.5218 0
      vertex 5.24576 42.5889 0
    endloop
  endfacet
  facet normal 0.595958 0.803015 -0
    outer loop
      vertex 5.11109 42.6696 0
      vertex 4.98497 42.7632 4.9
      vertex 5.11109 42.6696 4.9
    endloop
  endfacet
  facet normal 0.595958 0.803015 0
    outer loop
      vertex 4.98497 42.7632 4.9
      vertex 5.11109 42.6696 0
      vertex 4.98497 42.7632 0
    endloop
  endfacet
  facet normal 0.336921 0.941533 -0
    outer loop
      vertex 5.53554 42.4689 0
      vertex 5.38771 42.5218 4.9
      vertex 5.53554 42.4689 4.9
    endloop
  endfacet
  facet normal 0.336921 0.941533 0
    outer loop
      vertex 5.38771 42.5218 4.9
      vertex 5.53554 42.4689 0
      vertex 5.38771 42.5218 0
    endloop
  endfacet
  facet normal 0.803184 0.595732 0
    outer loop
      vertex 4.76318 42.985 4.9
      vertex 4.66965 43.1111 0
      vertex 4.66965 43.1111 4.9
    endloop
  endfacet
  facet normal 0.803184 0.595732 0
    outer loop
      vertex 4.66965 43.1111 0
      vertex 4.76318 42.985 4.9
      vertex 4.76318 42.985 0
    endloop
  endfacet
  facet normal 0.671404 0.741092 -0
    outer loop
      vertex 4.98497 42.7632 0
      vertex 4.86863 42.8686 4.9
      vertex 4.98497 42.7632 4.9
    endloop
  endfacet
  facet normal 0.671404 0.741092 0
    outer loop
      vertex 4.86863 42.8686 4.9
      vertex 4.98497 42.7632 0
      vertex 4.86863 42.8686 0
    endloop
  endfacet
  facet normal 0.741106 0.671388 0
    outer loop
      vertex 4.86863 42.8686 4.9
      vertex 4.76318 42.985 0
      vertex 4.76318 42.985 4.9
    endloop
  endfacet
  facet normal 0.741106 0.671388 0
    outer loop
      vertex 4.76318 42.985 0
      vertex 4.86863 42.8686 4.9
      vertex 4.86863 42.8686 0
    endloop
  endfacet
  facet normal 0.903925 0.427692 0
    outer loop
      vertex 4.58893 43.2458 4.9
      vertex 4.52179 43.3877 0
      vertex 4.52179 43.3877 4.9
    endloop
  endfacet
  facet normal 0.903925 0.427692 0
    outer loop
      vertex 4.52179 43.3877 0
      vertex 4.58893 43.2458 4.9
      vertex 4.58893 43.2458 0
    endloop
  endfacet
  facet normal -0.741106 0.671388 0
    outer loop
      vertex 7.13137 42.8686 0
      vertex 7.23682 42.985 4.9
      vertex 7.23682 42.985 0
    endloop
  endfacet
  facet normal -0.741106 0.671388 0
    outer loop
      vertex 7.23682 42.985 4.9
      vertex 7.13137 42.8686 0
      vertex 7.13137 42.8686 4.9
    endloop
  endfacet
  facet normal 0.514018 0.857779 -0
    outer loop
      vertex 5.24576 42.5889 0
      vertex 5.11109 42.6696 4.9
      vertex 5.24576 42.5889 4.9
    endloop
  endfacet
  facet normal 0.514018 0.857779 0
    outer loop
      vertex 5.11109 42.6696 4.9
      vertex 5.24576 42.5889 0
      vertex 5.11109 42.6696 0
    endloop
  endfacet
  facet normal -0.998796 -0.049048 0
    outer loop
      vertex 75.6 44 0
      vertex 75.5923 44.1568 4.9
      vertex 75.5923 44.1568 0
    endloop
  endfacet
  facet normal -0.998796 -0.049048 0
    outer loop
      vertex 75.5923 44.1568 4.9
      vertex 75.6 44 0
      vertex 75.6 44 4.9
    endloop
  endfacet
  facet normal 0.049048 -0.998796 0
    outer loop
      vertex 73.8432 45.5923 0
      vertex 74 45.6 4.9
      vertex 73.8432 45.5923 4.9
    endloop
  endfacet
  facet normal 0.049048 -0.998796 0
    outer loop
      vertex 74 45.6 4.9
      vertex 73.8432 45.5923 0
      vertex 74 45.6 0
    endloop
  endfacet
  facet normal -0.671213 -0.741264 0
    outer loop
      vertex 75.015 45.2368 0
      vertex 75.1314 45.1314 4.9
      vertex 75.015 45.2368 4.9
    endloop
  endfacet
  facet normal -0.671213 -0.741264 -0
    outer loop
      vertex 75.1314 45.1314 4.9
      vertex 75.015 45.2368 0
      vertex 75.1314 45.1314 0
    endloop
  endfacet
  facet normal 0.741264 -0.671213 0
    outer loop
      vertex 72.7632 45.015 4.9
      vertex 72.8686 45.1314 0
      vertex 72.8686 45.1314 4.9
    endloop
  endfacet
  facet normal 0.741264 -0.671213 0
    outer loop
      vertex 72.8686 45.1314 0
      vertex 72.7632 45.015 4.9
      vertex 72.7632 45.015 0
    endloop
  endfacet
  facet normal 0.427484 -0.904023 0
    outer loop
      vertex 73.2458 45.4111 0
      vertex 73.3877 45.4782 4.9
      vertex 73.2458 45.4111 4.9
    endloop
  endfacet
  facet normal 0.427484 -0.904023 0
    outer loop
      vertex 73.3877 45.4782 4.9
      vertex 73.2458 45.4111 0
      vertex 73.3877 45.4782 0
    endloop
  endfacet
  facet normal -0.904023 -0.427484 0
    outer loop
      vertex 75.4782 44.6123 0
      vertex 75.4111 44.7542 4.9
      vertex 75.4111 44.7542 0
    endloop
  endfacet
  facet normal -0.904023 -0.427484 0
    outer loop
      vertex 75.4111 44.7542 4.9
      vertex 75.4782 44.6123 0
      vertex 75.4782 44.6123 4.9
    endloop
  endfacet
  facet normal -0.336982 -0.941511 0
    outer loop
      vertex 74.4645 45.5311 0
      vertex 74.6123 45.4782 4.9
      vertex 74.4645 45.5311 4.9
    endloop
  endfacet
  facet normal -0.336982 -0.941511 -0
    outer loop
      vertex 74.6123 45.4782 4.9
      vertex 74.4645 45.5311 0
      vertex 74.6123 45.4782 0
    endloop
  endfacet
  facet normal -0.513934 -0.85783 0
    outer loop
      vertex 74.7542 45.4111 0
      vertex 74.8889 45.3304 4.9
      vertex 74.7542 45.4111 4.9
    endloop
  endfacet
  facet normal -0.513934 -0.85783 -0
    outer loop
      vertex 74.8889 45.3304 4.9
      vertex 74.7542 45.4111 0
      vertex 74.8889 45.3304 0
    endloop
  endfacet
  facet normal 0.904023 -0.427484 0
    outer loop
      vertex 72.5218 44.6123 4.9
      vertex 72.5889 44.7542 0
      vertex 72.5889 44.7542 4.9
    endloop
  endfacet
  facet normal 0.904023 -0.427484 0
    outer loop
      vertex 72.5889 44.7542 0
      vertex 72.5218 44.6123 4.9
      vertex 72.5218 44.6123 0
    endloop
  endfacet
  facet normal 0.85783 -0.513934 0
    outer loop
      vertex 72.5889 44.7542 4.9
      vertex 72.6696 44.8889 0
      vertex 72.6696 44.8889 4.9
    endloop
  endfacet
  facet normal 0.85783 -0.513934 0
    outer loop
      vertex 72.6696 44.8889 0
      vertex 72.5889 44.7542 4.9
      vertex 72.5889 44.7542 0
    endloop
  endfacet
  facet normal 0.243135 -0.969993 0
    outer loop
      vertex 73.5355 45.5311 0
      vertex 73.6879 45.5693 4.9
      vertex 73.5355 45.5311 4.9
    endloop
  endfacet
  facet normal 0.243135 -0.969993 0
    outer loop
      vertex 73.6879 45.5693 4.9
      vertex 73.5355 45.5311 0
      vertex 73.6879 45.5693 0
    endloop
  endfacet
  facet normal 0.049048 0.998796 -0
    outer loop
      vertex 74 42.4 0
      vertex 73.8432 42.4077 4.9
      vertex 74 42.4 4.9
    endloop
  endfacet
  facet normal 0.049048 0.998796 0
    outer loop
      vertex 73.8432 42.4077 4.9
      vertex 74 42.4 0
      vertex 73.8432 42.4077 0
    endloop
  endfacet
  facet normal -0.146502 0.98921 0
    outer loop
      vertex 74.3121 42.4307 0
      vertex 74.1568 42.4077 4.9
      vertex 74.3121 42.4307 4.9
    endloop
  endfacet
  facet normal -0.146502 0.98921 0
    outer loop
      vertex 74.1568 42.4077 4.9
      vertex 74.3121 42.4307 0
      vertex 74.1568 42.4077 0
    endloop
  endfacet
  facet normal -0.969993 -0.243135 0
    outer loop
      vertex 75.5693 44.3121 0
      vertex 75.5311 44.4645 4.9
      vertex 75.5311 44.4645 0
    endloop
  endfacet
  facet normal -0.969993 -0.243135 0
    outer loop
      vertex 75.5311 44.4645 4.9
      vertex 75.5693 44.3121 0
      vertex 75.5693 44.3121 4.9
    endloop
  endfacet
  facet normal -0.98921 -0.146502 0
    outer loop
      vertex 75.5923 44.1568 0
      vertex 75.5693 44.3121 4.9
      vertex 75.5693 44.3121 0
    endloop
  endfacet
  facet normal -0.98921 -0.146502 0
    outer loop
      vertex 75.5693 44.3121 4.9
      vertex 75.5923 44.1568 0
      vertex 75.5923 44.1568 4.9
    endloop
  endfacet
  facet normal -0.941511 -0.336982 0
    outer loop
      vertex 75.5311 44.4645 0
      vertex 75.4782 44.6123 4.9
      vertex 75.4782 44.6123 0
    endloop
  endfacet
  facet normal -0.941511 -0.336982 0
    outer loop
      vertex 75.4782 44.6123 4.9
      vertex 75.5311 44.4645 0
      vertex 75.5311 44.4645 4.9
    endloop
  endfacet
  facet normal -0.80297 -0.596019 0
    outer loop
      vertex 75.3304 44.8889 0
      vertex 75.2368 45.015 4.9
      vertex 75.2368 45.015 0
    endloop
  endfacet
  facet normal -0.80297 -0.596019 0
    outer loop
      vertex 75.2368 45.015 4.9
      vertex 75.3304 44.8889 0
      vertex 75.3304 44.8889 4.9
    endloop
  endfacet
  facet normal -0.741264 -0.671213 0
    outer loop
      vertex 75.2368 45.015 0
      vertex 75.1314 45.1314 4.9
      vertex 75.1314 45.1314 0
    endloop
  endfacet
  facet normal -0.741264 -0.671213 0
    outer loop
      vertex 75.1314 45.1314 4.9
      vertex 75.2368 45.015 0
      vertex 75.2368 45.015 4.9
    endloop
  endfacet
  facet normal -0.85783 -0.513934 0
    outer loop
      vertex 75.4111 44.7542 0
      vertex 75.3304 44.8889 4.9
      vertex 75.3304 44.8889 0
    endloop
  endfacet
  facet normal -0.85783 -0.513934 0
    outer loop
      vertex 75.3304 44.8889 4.9
      vertex 75.4111 44.7542 0
      vertex 75.4111 44.7542 4.9
    endloop
  endfacet
  facet normal -0.146502 -0.98921 0
    outer loop
      vertex 74.1568 45.5923 0
      vertex 74.3121 45.5693 4.9
      vertex 74.1568 45.5923 4.9
    endloop
  endfacet
  facet normal -0.146502 -0.98921 -0
    outer loop
      vertex 74.3121 45.5693 4.9
      vertex 74.1568 45.5923 0
      vertex 74.3121 45.5693 0
    endloop
  endfacet
  facet normal -0.049048 -0.998796 0
    outer loop
      vertex 74 45.6 0
      vertex 74.1568 45.5923 4.9
      vertex 74 45.6 4.9
    endloop
  endfacet
  facet normal -0.049048 -0.998796 -0
    outer loop
      vertex 74.1568 45.5923 4.9
      vertex 74 45.6 0
      vertex 74.1568 45.5923 0
    endloop
  endfacet
  facet normal -0.596019 -0.80297 0
    outer loop
      vertex 74.8889 45.3304 0
      vertex 75.015 45.2368 4.9
      vertex 74.8889 45.3304 4.9
    endloop
  endfacet
  facet normal -0.596019 -0.80297 -0
    outer loop
      vertex 75.015 45.2368 4.9
      vertex 74.8889 45.3304 0
      vertex 75.015 45.2368 0
    endloop
  endfacet
  facet normal 0.98921 -0.146502 0
    outer loop
      vertex 72.4077 44.1568 4.9
      vertex 72.4307 44.3121 0
      vertex 72.4307 44.3121 4.9
    endloop
  endfacet
  facet normal 0.98921 -0.146502 0
    outer loop
      vertex 72.4307 44.3121 0
      vertex 72.4077 44.1568 4.9
      vertex 72.4077 44.1568 0
    endloop
  endfacet
  facet normal 0.941511 -0.336982 0
    outer loop
      vertex 72.4689 44.4645 4.9
      vertex 72.5218 44.6123 0
      vertex 72.5218 44.6123 4.9
    endloop
  endfacet
  facet normal 0.941511 -0.336982 0
    outer loop
      vertex 72.5218 44.6123 0
      vertex 72.4689 44.4645 4.9
      vertex 72.4689 44.4645 0
    endloop
  endfacet
  facet normal 0.998796 -0.049048 0
    outer loop
      vertex 72.4 44 4.9
      vertex 72.4077 44.1568 0
      vertex 72.4077 44.1568 4.9
    endloop
  endfacet
  facet normal 0.998796 -0.049048 0
    outer loop
      vertex 72.4077 44.1568 0
      vertex 72.4 44 4.9
      vertex 72.4 44 0
    endloop
  endfacet
  facet normal 0 0 -1
    outer loop
      vertex 75.5923 43.8432 4.9
      vertex 75.5923 44.1568 4.9
      vertex 75.6 44 4.9
    endloop
  endfacet
  facet normal 0 0 -1
    outer loop
      vertex 75.5693 43.6879 4.9
      vertex 75.5923 44.1568 4.9
      vertex 75.5923 43.8432 4.9
    endloop
  endfacet
  facet normal 0 0 -1
    outer loop
      vertex 75.5693 43.6879 4.9
      vertex 75.5693 44.3121 4.9
      vertex 75.5923 44.1568 4.9
    endloop
  endfacet
  facet normal 0 0 -1
    outer loop
      vertex 75.5311 43.5355 4.9
      vertex 75.5693 44.3121 4.9
      vertex 75.5693 43.6879 4.9
    endloop
  endfacet
  facet normal 0 0 -1
    outer loop
      vertex 75.5311 43.5355 4.9
      vertex 75.5311 44.4645 4.9
      vertex 75.5693 44.3121 4.9
    endloop
  endfacet
  facet normal 0 0 -1
    outer loop
      vertex 75.4782 43.3877 4.9
      vertex 75.5311 44.4645 4.9
      vertex 75.5311 43.5355 4.9
    endloop
  endfacet
  facet normal 0 0 -1
    outer loop
      vertex 75.4782 43.3877 4.9
      vertex 75.4782 44.6123 4.9
      vertex 75.5311 44.4645 4.9
    endloop
  endfacet
  facet normal 0 0 -1
    outer loop
      vertex 75.4111 43.2458 4.9
      vertex 75.4782 44.6123 4.9
      vertex 75.4782 43.3877 4.9
    endloop
  endfacet
  facet normal 0 0 -1
    outer loop
      vertex 75.4111 43.2458 4.9
      vertex 75.4111 44.7542 4.9
      vertex 75.4782 44.6123 4.9
    endloop
  endfacet
  facet normal 0 0 -1
    outer loop
      vertex 75.3304 43.1111 4.9
      vertex 75.4111 44.7542 4.9
      vertex 75.4111 43.2458 4.9
    endloop
  endfacet
  facet normal 0 0 -1
    outer loop
      vertex 75.3304 43.1111 4.9
      vertex 75.3304 44.8889 4.9
      vertex 75.4111 44.7542 4.9
    endloop
  endfacet
  facet normal 0 0 -1
    outer loop
      vertex 75.2368 42.985 4.9
      vertex 75.3304 44.8889 4.9
      vertex 75.3304 43.1111 4.9
    endloop
  endfacet
  facet normal 0 0 -1
    outer loop
      vertex 75.2368 42.985 4.9
      vertex 75.2368 45.015 4.9
      vertex 75.3304 44.8889 4.9
    endloop
  endfacet
  facet normal 0 0 -1
    outer loop
      vertex 75.1314 42.8686 4.9
      vertex 75.2368 45.015 4.9
      vertex 75.2368 42.985 4.9
    endloop
  endfacet
  facet normal 0 0 -1
    outer loop
      vertex 75.1314 42.8686 4.9
      vertex 75.1314 45.1314 4.9
      vertex 75.2368 45.015 4.9
    endloop
  endfacet
  facet normal 0 0 -1
    outer loop
      vertex 75.015 42.7632 4.9
      vertex 75.1314 45.1314 4.9
      vertex 75.1314 42.8686 4.9
    endloop
  endfacet
  facet normal 0 0 -1
    outer loop
      vertex 75.015 42.7632 4.9
      vertex 75.015 45.2368 4.9
      vertex 75.1314 45.1314 4.9
    endloop
  endfacet
  facet normal 0 0 -1
    outer loop
      vertex 74.8889 42.6696 4.9
      vertex 75.015 45.2368 4.9
      vertex 75.015 42.7632 4.9
    endloop
  endfacet
  facet normal 0 0 -1
    outer loop
      vertex 74.8889 42.6696 4.9
      vertex 74.8889 45.3304 4.9
      vertex 75.015 45.2368 4.9
    endloop
  endfacet
  facet normal 0 0 -1
    outer loop
      vertex 74.7542 42.5889 4.9
      vertex 74.8889 45.3304 4.9
      vertex 74.8889 42.6696 4.9
    endloop
  endfacet
  facet normal 0 0 -1
    outer loop
      vertex 74.7542 42.5889 4.9
      vertex 74.7542 45.4111 4.9
      vertex 74.8889 45.3304 4.9
    endloop
  endfacet
  facet normal 0 0 -1
    outer loop
      vertex 74.6123 42.5218 4.9
      vertex 74.7542 45.4111 4.9
      vertex 74.7542 42.5889 4.9
    endloop
  endfacet
  facet normal 0 0 -1
    outer loop
      vertex 74.6123 42.5218 4.9
      vertex 74.6123 45.4782 4.9
      vertex 74.7542 45.4111 4.9
    endloop
  endfacet
  facet normal 0 0 -1
    outer loop
      vertex 74.4645 42.4689 4.9
      vertex 74.6123 45.4782 4.9
      vertex 74.6123 42.5218 4.9
    endloop
  endfacet
  facet normal 0 0 -1
    outer loop
      vertex 74.4645 42.4689 4.9
      vertex 74.4645 45.5311 4.9
      vertex 74.6123 45.4782 4.9
    endloop
  endfacet
  facet normal 0 0 -1
    outer loop
      vertex 74.3121 42.4307 4.9
      vertex 74.4645 45.5311 4.9
      vertex 74.4645 42.4689 4.9
    endloop
  endfacet
  facet normal 0 0 -1
    outer loop
      vertex 74.3121 42.4307 4.9
      vertex 74.3121 45.5693 4.9
      vertex 74.4645 45.5311 4.9
    endloop
  endfacet
  facet normal 0 0 -1
    outer loop
      vertex 74.1568 42.4077 4.9
      vertex 74.3121 45.5693 4.9
      vertex 74.3121 42.4307 4.9
    endloop
  endfacet
  facet normal 0 0 -1
    outer loop
      vertex 74.1568 42.4077 4.9
      vertex 74.1568 45.5923 4.9
      vertex 74.3121 45.5693 4.9
    endloop
  endfacet
  facet normal 0 0 -1
    outer loop
      vertex 74 42.4 4.9
      vertex 74.1568 45.5923 4.9
      vertex 74.1568 42.4077 4.9
    endloop
  endfacet
  facet normal 0 0 -1
    outer loop
      vertex 74 42.4 4.9
      vertex 74 45.6 4.9
      vertex 74.1568 45.5923 4.9
    endloop
  endfacet
  facet normal 0 0 -1
    outer loop
      vertex 73.8432 42.4077 4.9
      vertex 74 45.6 4.9
      vertex 74 42.4 4.9
    endloop
  endfacet
  facet normal 0 0 -1
    outer loop
      vertex 73.8432 42.4077 4.9
      vertex 73.8432 45.5923 4.9
      vertex 74 45.6 4.9
    endloop
  endfacet
  facet normal 0 0 -1
    outer loop
      vertex 73.6879 42.4307 4.9
      vertex 73.8432 45.5923 4.9
      vertex 73.8432 42.4077 4.9
    endloop
  endfacet
  facet normal 0 0 -1
    outer loop
      vertex 73.6879 42.4307 4.9
      vertex 73.6879 45.5693 4.9
      vertex 73.8432 45.5923 4.9
    endloop
  endfacet
  facet normal 0 0 -1
    outer loop
      vertex 73.5355 42.4689 4.9
      vertex 73.6879 45.5693 4.9
      vertex 73.6879 42.4307 4.9
    endloop
  endfacet
  facet normal 0 0 -1
    outer loop
      vertex 73.5355 42.4689 4.9
      vertex 73.5355 45.5311 4.9
      vertex 73.6879 45.5693 4.9
    endloop
  endfacet
  facet normal 0 0 -1
    outer loop
      vertex 73.3877 42.5218 4.9
      vertex 73.5355 45.5311 4.9
      vertex 73.5355 42.4689 4.9
    endloop
  endfacet
  facet normal 0 0 -1
    outer loop
      vertex 73.3877 42.5218 4.9
      vertex 73.3877 45.4782 4.9
      vertex 73.5355 45.5311 4.9
    endloop
  endfacet
  facet normal 0 0 -1
    outer loop
      vertex 73.2458 42.5889 4.9
      vertex 73.3877 45.4782 4.9
      vertex 73.3877 42.5218 4.9
    endloop
  endfacet
  facet normal 0 0 -1
    outer loop
      vertex 73.2458 42.5889 4.9
      vertex 73.2458 45.4111 4.9
      vertex 73.3877 45.4782 4.9
    endloop
  endfacet
  facet normal 0 0 -1
    outer loop
      vertex 73.1111 42.6696 4.9
      vertex 73.2458 45.4111 4.9
      vertex 73.2458 42.5889 4.9
    endloop
  endfacet
  facet normal 0 0 -1
    outer loop
      vertex 73.1111 42.6696 4.9
      vertex 73.1111 45.3304 4.9
      vertex 73.2458 45.4111 4.9
    endloop
  endfacet
  facet normal 0 0 -1
    outer loop
      vertex 72.985 42.7632 4.9
      vertex 73.1111 45.3304 4.9
      vertex 73.1111 42.6696 4.9
    endloop
  endfacet
  facet normal 0 0 -1
    outer loop
      vertex 72.985 42.7632 4.9
      vertex 72.985 45.2368 4.9
      vertex 73.1111 45.3304 4.9
    endloop
  endfacet
  facet normal 0 0 -1
    outer loop
      vertex 72.8686 42.8686 4.9
      vertex 72.985 45.2368 4.9
      vertex 72.985 42.7632 4.9
    endloop
  endfacet
  facet normal 0 0 -1
    outer loop
      vertex 72.8686 42.8686 4.9
      vertex 72.8686 45.1314 4.9
      vertex 72.985 45.2368 4.9
    endloop
  endfacet
  facet normal 0 0 -1
    outer loop
      vertex 72.7632 42.985 4.9
      vertex 72.8686 45.1314 4.9
      vertex 72.8686 42.8686 4.9
    endloop
  endfacet
  facet normal 0 0 -1
    outer loop
      vertex 72.7632 42.985 4.9
      vertex 72.7632 45.015 4.9
      vertex 72.8686 45.1314 4.9
    endloop
  endfacet
  facet normal 0 0 -1
    outer loop
      vertex 72.6696 43.1111 4.9
      vertex 72.7632 45.015 4.9
      vertex 72.7632 42.985 4.9
    endloop
  endfacet
  facet normal 0 0 -1
    outer loop
      vertex 72.6696 43.1111 4.9
      vertex 72.6696 44.8889 4.9
      vertex 72.7632 45.015 4.9
    endloop
  endfacet
  facet normal 0 0 -1
    outer loop
      vertex 72.5889 43.2458 4.9
      vertex 72.6696 44.8889 4.9
      vertex 72.6696 43.1111 4.9
    endloop
  endfacet
  facet normal 0 0 -1
    outer loop
      vertex 72.5889 43.2458 4.9
      vertex 72.5889 44.7542 4.9
      vertex 72.6696 44.8889 4.9
    endloop
  endfacet
  facet normal 0 0 -1
    outer loop
      vertex 72.5218 43.3877 4.9
      vertex 72.5889 44.7542 4.9
      vertex 72.5889 43.2458 4.9
    endloop
  endfacet
  facet normal 0 0 -1
    outer loop
      vertex 72.5218 43.3877 4.9
      vertex 72.5218 44.6123 4.9
      vertex 72.5889 44.7542 4.9
    endloop
  endfacet
  facet normal 0 0 -1
    outer loop
      vertex 72.4689 43.5355 4.9
      vertex 72.5218 44.6123 4.9
      vertex 72.5218 43.3877 4.9
    endloop
  endfacet
  facet normal 0 0 -1
    outer loop
      vertex 72.4689 43.5355 4.9
      vertex 72.4689 44.4645 4.9
      vertex 72.5218 44.6123 4.9
    endloop
  endfacet
  facet normal 0 0 -1
    outer loop
      vertex 72.4307 43.6879 4.9
      vertex 72.4689 44.4645 4.9
      vertex 72.4689 43.5355 4.9
    endloop
  endfacet
  facet normal 0 0 -1
    outer loop
      vertex 72.4307 43.6879 4.9
      vertex 72.4307 44.3121 4.9
      vertex 72.4689 44.4645 4.9
    endloop
  endfacet
  facet normal 0 0 -1
    outer loop
      vertex 72.4077 43.8432 4.9
      vertex 72.4307 44.3121 4.9
      vertex 72.4307 43.6879 4.9
    endloop
  endfacet
  facet normal 0 0 -1
    outer loop
      vertex 72.4077 43.8432 4.9
      vertex 72.4077 44.1568 4.9
      vertex 72.4307 44.3121 4.9
    endloop
  endfacet
  facet normal 0 -0 -1
    outer loop
      vertex 72.4077 44.1568 4.9
      vertex 72.4077 43.8432 4.9
      vertex 72.4 44 4.9
    endloop
  endfacet
  facet normal 0.513934 -0.85783 0
    outer loop
      vertex 73.1111 45.3304 0
      vertex 73.2458 45.4111 4.9
      vertex 73.1111 45.3304 4.9
    endloop
  endfacet
  facet normal 0.513934 -0.85783 0
    outer loop
      vertex 73.2458 45.4111 4.9
      vertex 73.1111 45.3304 0
      vertex 73.2458 45.4111 0
    endloop
  endfacet
  facet normal 0.596019 -0.80297 0
    outer loop
      vertex 72.985 45.2368 0
      vertex 73.1111 45.3304 4.9
      vertex 72.985 45.2368 4.9
    endloop
  endfacet
  facet normal 0.596019 -0.80297 0
    outer loop
      vertex 73.1111 45.3304 4.9
      vertex 72.985 45.2368 0
      vertex 73.1111 45.3304 0
    endloop
  endfacet
  facet normal 0.146502 -0.98921 0
    outer loop
      vertex 73.6879 45.5693 0
      vertex 73.8432 45.5923 4.9
      vertex 73.6879 45.5693 4.9
    endloop
  endfacet
  facet normal 0.146502 -0.98921 0
    outer loop
      vertex 73.8432 45.5923 4.9
      vertex 73.6879 45.5693 0
      vertex 73.8432 45.5923 0
    endloop
  endfacet
  facet normal -0.998796 0.049048 0
    outer loop
      vertex 75.5923 43.8432 0
      vertex 75.6 44 4.9
      vertex 75.6 44 0
    endloop
  endfacet
  facet normal -0.998796 0.049048 0
    outer loop
      vertex 75.6 44 4.9
      vertex 75.5923 43.8432 0
      vertex 75.5923 43.8432 4.9
    endloop
  endfacet
  facet normal -0.98921 0.146502 0
    outer loop
      vertex 75.5693 43.6879 0
      vertex 75.5923 43.8432 4.9
      vertex 75.5923 43.8432 0
    endloop
  endfacet
  facet normal -0.98921 0.146502 0
    outer loop
      vertex 75.5923 43.8432 4.9
      vertex 75.5693 43.6879 0
      vertex 75.5693 43.6879 4.9
    endloop
  endfacet
  facet normal -0.513934 0.85783 0
    outer loop
      vertex 74.8889 42.6696 0
      vertex 74.7542 42.5889 4.9
      vertex 74.8889 42.6696 4.9
    endloop
  endfacet
  facet normal -0.513934 0.85783 0
    outer loop
      vertex 74.7542 42.5889 4.9
      vertex 74.8889 42.6696 0
      vertex 74.7542 42.5889 0
    endloop
  endfacet
  facet normal -0.80297 0.596019 0
    outer loop
      vertex 75.2368 42.985 0
      vertex 75.3304 43.1111 4.9
      vertex 75.3304 43.1111 0
    endloop
  endfacet
  facet normal -0.80297 0.596019 0
    outer loop
      vertex 75.3304 43.1111 4.9
      vertex 75.2368 42.985 0
      vertex 75.2368 42.985 4.9
    endloop
  endfacet
  facet normal -0.427484 0.904023 0
    outer loop
      vertex 74.7542 42.5889 0
      vertex 74.6123 42.5218 4.9
      vertex 74.7542 42.5889 4.9
    endloop
  endfacet
  facet normal -0.427484 0.904023 0
    outer loop
      vertex 74.6123 42.5218 4.9
      vertex 74.7542 42.5889 0
      vertex 74.6123 42.5218 0
    endloop
  endfacet
  facet normal -0.243135 -0.969993 0
    outer loop
      vertex 74.3121 45.5693 0
      vertex 74.4645 45.5311 4.9
      vertex 74.3121 45.5693 4.9
    endloop
  endfacet
  facet normal -0.243135 -0.969993 -0
    outer loop
      vertex 74.4645 45.5311 4.9
      vertex 74.3121 45.5693 0
      vertex 74.4645 45.5311 0
    endloop
  endfacet
  facet normal -0.427484 -0.904023 0
    outer loop
      vertex 74.6123 45.4782 0
      vertex 74.7542 45.4111 4.9
      vertex 74.6123 45.4782 4.9
    endloop
  endfacet
  facet normal -0.427484 -0.904023 -0
    outer loop
      vertex 74.7542 45.4111 4.9
      vertex 74.6123 45.4782 0
      vertex 74.7542 45.4111 0
    endloop
  endfacet
  facet normal 0.80297 -0.596019 0
    outer loop
      vertex 72.6696 44.8889 4.9
      vertex 72.7632 45.015 0
      vertex 72.7632 45.015 4.9
    endloop
  endfacet
  facet normal 0.80297 -0.596019 0
    outer loop
      vertex 72.7632 45.015 0
      vertex 72.6696 44.8889 4.9
      vertex 72.6696 44.8889 0
    endloop
  endfacet
  facet normal 0.969993 -0.243135 0
    outer loop
      vertex 72.4307 44.3121 4.9
      vertex 72.4689 44.4645 0
      vertex 72.4689 44.4645 4.9
    endloop
  endfacet
  facet normal 0.969993 -0.243135 0
    outer loop
      vertex 72.4689 44.4645 0
      vertex 72.4307 44.3121 4.9
      vertex 72.4307 44.3121 0
    endloop
  endfacet
  facet normal 0.998796 0.049048 0
    outer loop
      vertex 72.4077 43.8432 4.9
      vertex 72.4 44 0
      vertex 72.4 44 4.9
    endloop
  endfacet
  facet normal 0.998796 0.049048 0
    outer loop
      vertex 72.4 44 0
      vertex 72.4077 43.8432 4.9
      vertex 72.4077 43.8432 0
    endloop
  endfacet
  facet normal 0.671213 -0.741264 0
    outer loop
      vertex 72.8686 45.1314 0
      vertex 72.985 45.2368 4.9
      vertex 72.8686 45.1314 4.9
    endloop
  endfacet
  facet normal 0.671213 -0.741264 0
    outer loop
      vertex 72.985 45.2368 4.9
      vertex 72.8686 45.1314 0
      vertex 72.985 45.2368 0
    endloop
  endfacet
  facet normal 0.336982 -0.941511 0
    outer loop
      vertex 73.3877 45.4782 0
      vertex 73.5355 45.5311 4.9
      vertex 73.3877 45.4782 4.9
    endloop
  endfacet
  facet normal 0.336982 -0.941511 0
    outer loop
      vertex 73.5355 45.5311 4.9
      vertex 73.3877 45.4782 0
      vertex 73.5355 45.5311 0
    endloop
  endfacet
  facet normal -0.969993 0.243135 0
    outer loop
      vertex 75.5311 43.5355 0
      vertex 75.5693 43.6879 4.9
      vertex 75.5693 43.6879 0
    endloop
  endfacet
  facet normal -0.969993 0.243135 0
    outer loop
      vertex 75.5693 43.6879 4.9
      vertex 75.5311 43.5355 0
      vertex 75.5311 43.5355 4.9
    endloop
  endfacet
  facet normal -0.941511 0.336982 0
    outer loop
      vertex 75.4782 43.3877 0
      vertex 75.5311 43.5355 4.9
      vertex 75.5311 43.5355 0
    endloop
  endfacet
  facet normal -0.941511 0.336982 0
    outer loop
      vertex 75.5311 43.5355 4.9
      vertex 75.4782 43.3877 0
      vertex 75.4782 43.3877 4.9
    endloop
  endfacet
  facet normal -0.904023 0.427484 0
    outer loop
      vertex 75.4111 43.2458 0
      vertex 75.4782 43.3877 4.9
      vertex 75.4782 43.3877 0
    endloop
  endfacet
  facet normal -0.904023 0.427484 0
    outer loop
      vertex 75.4782 43.3877 4.9
      vertex 75.4111 43.2458 0
      vertex 75.4111 43.2458 4.9
    endloop
  endfacet
  facet normal 0.741264 0.671213 0
    outer loop
      vertex 72.8686 42.8686 4.9
      vertex 72.7632 42.985 0
      vertex 72.7632 42.985 4.9
    endloop
  endfacet
  facet normal 0.741264 0.671213 0
    outer loop
      vertex 72.7632 42.985 0
      vertex 72.8686 42.8686 4.9
      vertex 72.8686 42.8686 0
    endloop
  endfacet
  facet normal 0.85783 0.513934 0
    outer loop
      vertex 72.6696 43.1111 4.9
      vertex 72.5889 43.2458 0
      vertex 72.5889 43.2458 4.9
    endloop
  endfacet
  facet normal 0.85783 0.513934 0
    outer loop
      vertex 72.5889 43.2458 0
      vertex 72.6696 43.1111 4.9
      vertex 72.6696 43.1111 0
    endloop
  endfacet
  facet normal 0.80297 0.596019 0
    outer loop
      vertex 72.7632 42.985 4.9
      vertex 72.6696 43.1111 0
      vertex 72.6696 43.1111 4.9
    endloop
  endfacet
  facet normal 0.80297 0.596019 0
    outer loop
      vertex 72.6696 43.1111 0
      vertex 72.7632 42.985 4.9
      vertex 72.7632 42.985 0
    endloop
  endfacet
  facet normal 0.941511 0.336982 0
    outer loop
      vertex 72.5218 43.3877 4.9
      vertex 72.4689 43.5355 0
      vertex 72.4689 43.5355 4.9
    endloop
  endfacet
  facet normal 0.941511 0.336982 0
    outer loop
      vertex 72.4689 43.5355 0
      vertex 72.5218 43.3877 4.9
      vertex 72.5218 43.3877 0
    endloop
  endfacet
  facet normal 0.98921 0.146502 0
    outer loop
      vertex 72.4307 43.6879 4.9
      vertex 72.4077 43.8432 0
      vertex 72.4077 43.8432 4.9
    endloop
  endfacet
  facet normal 0.98921 0.146502 0
    outer loop
      vertex 72.4077 43.8432 0
      vertex 72.4307 43.6879 4.9
      vertex 72.4307 43.6879 0
    endloop
  endfacet
  facet normal 0.969993 0.243135 0
    outer loop
      vertex 72.4689 43.5355 4.9
      vertex 72.4307 43.6879 0
      vertex 72.4307 43.6879 4.9
    endloop
  endfacet
  facet normal 0.969993 0.243135 0
    outer loop
      vertex 72.4307 43.6879 0
      vertex 72.4689 43.5355 4.9
      vertex 72.4689 43.5355 0
    endloop
  endfacet
  facet normal -0.336982 0.941511 0
    outer loop
      vertex 74.6123 42.5218 0
      vertex 74.4645 42.4689 4.9
      vertex 74.6123 42.5218 4.9
    endloop
  endfacet
  facet normal -0.336982 0.941511 0
    outer loop
      vertex 74.4645 42.4689 4.9
      vertex 74.6123 42.5218 0
      vertex 74.4645 42.4689 0
    endloop
  endfacet
  facet normal -0.243135 0.969993 0
    outer loop
      vertex 74.4645 42.4689 0
      vertex 74.3121 42.4307 4.9
      vertex 74.4645 42.4689 4.9
    endloop
  endfacet
  facet normal -0.243135 0.969993 0
    outer loop
      vertex 74.3121 42.4307 4.9
      vertex 74.4645 42.4689 0
      vertex 74.3121 42.4307 0
    endloop
  endfacet
  facet normal -0.671213 0.741264 0
    outer loop
      vertex 75.1314 42.8686 0
      vertex 75.015 42.7632 4.9
      vertex 75.1314 42.8686 4.9
    endloop
  endfacet
  facet normal -0.671213 0.741264 0
    outer loop
      vertex 75.015 42.7632 4.9
      vertex 75.1314 42.8686 0
      vertex 75.015 42.7632 0
    endloop
  endfacet
  facet normal -0.596019 0.80297 0
    outer loop
      vertex 75.015 42.7632 0
      vertex 74.8889 42.6696 4.9
      vertex 75.015 42.7632 4.9
    endloop
  endfacet
  facet normal -0.596019 0.80297 0
    outer loop
      vertex 74.8889 42.6696 4.9
      vertex 75.015 42.7632 0
      vertex 74.8889 42.6696 0
    endloop
  endfacet
  facet normal -0.85783 0.513934 0
    outer loop
      vertex 75.3304 43.1111 0
      vertex 75.4111 43.2458 4.9
      vertex 75.4111 43.2458 0
    endloop
  endfacet
  facet normal -0.85783 0.513934 0
    outer loop
      vertex 75.4111 43.2458 4.9
      vertex 75.3304 43.1111 0
      vertex 75.3304 43.1111 4.9
    endloop
  endfacet
  facet normal -0.049048 0.998796 0
    outer loop
      vertex 74.1568 42.4077 0
      vertex 74 42.4 4.9
      vertex 74.1568 42.4077 4.9
    endloop
  endfacet
  facet normal -0.049048 0.998796 0
    outer loop
      vertex 74 42.4 4.9
      vertex 74.1568 42.4077 0
      vertex 74 42.4 0
    endloop
  endfacet
  facet normal 0.243135 0.969993 -0
    outer loop
      vertex 73.6879 42.4307 0
      vertex 73.5355 42.4689 4.9
      vertex 73.6879 42.4307 4.9
    endloop
  endfacet
  facet normal 0.243135 0.969993 0
    outer loop
      vertex 73.5355 42.4689 4.9
      vertex 73.6879 42.4307 0
      vertex 73.5355 42.4689 0
    endloop
  endfacet
  facet normal 0.146502 0.98921 -0
    outer loop
      vertex 73.8432 42.4077 0
      vertex 73.6879 42.4307 4.9
      vertex 73.8432 42.4077 4.9
    endloop
  endfacet
  facet normal 0.146502 0.98921 0
    outer loop
      vertex 73.6879 42.4307 4.9
      vertex 73.8432 42.4077 0
      vertex 73.6879 42.4307 0
    endloop
  endfacet
  facet normal 0.427484 0.904023 -0
    outer loop
      vertex 73.3877 42.5218 0
      vertex 73.2458 42.5889 4.9
      vertex 73.3877 42.5218 4.9
    endloop
  endfacet
  facet normal 0.427484 0.904023 0
    outer loop
      vertex 73.2458 42.5889 4.9
      vertex 73.3877 42.5218 0
      vertex 73.2458 42.5889 0
    endloop
  endfacet
  facet normal 0.596019 0.80297 -0
    outer loop
      vertex 73.1111 42.6696 0
      vertex 72.985 42.7632 4.9
      vertex 73.1111 42.6696 4.9
    endloop
  endfacet
  facet normal 0.596019 0.80297 0
    outer loop
      vertex 72.985 42.7632 4.9
      vertex 73.1111 42.6696 0
      vertex 72.985 42.7632 0
    endloop
  endfacet
  facet normal 0.336982 0.941511 -0
    outer loop
      vertex 73.5355 42.4689 0
      vertex 73.3877 42.5218 4.9
      vertex 73.5355 42.4689 4.9
    endloop
  endfacet
  facet normal 0.336982 0.941511 0
    outer loop
      vertex 73.3877 42.5218 4.9
      vertex 73.5355 42.4689 0
      vertex 73.3877 42.5218 0
    endloop
  endfacet
  facet normal 0.671213 0.741264 -0
    outer loop
      vertex 72.985 42.7632 0
      vertex 72.8686 42.8686 4.9
      vertex 72.985 42.7632 4.9
    endloop
  endfacet
  facet normal 0.671213 0.741264 0
    outer loop
      vertex 72.8686 42.8686 4.9
      vertex 72.985 42.7632 0
      vertex 72.8686 42.8686 0
    endloop
  endfacet
  facet normal 0.904023 0.427484 0
    outer loop
      vertex 72.5889 43.2458 4.9
      vertex 72.5218 43.3877 0
      vertex 72.5218 43.3877 4.9
    endloop
  endfacet
  facet normal 0.904023 0.427484 0
    outer loop
      vertex 72.5218 43.3877 0
      vertex 72.5889 43.2458 4.9
      vertex 72.5889 43.2458 0
    endloop
  endfacet
  facet normal -0.741264 0.671213 0
    outer loop
      vertex 75.1314 42.8686 0
      vertex 75.2368 42.985 4.9
      vertex 75.2368 42.985 0
    endloop
  endfacet
  facet normal -0.741264 0.671213 0
    outer loop
      vertex 75.2368 42.985 4.9
      vertex 75.1314 42.8686 0
      vertex 75.1314 42.8686 4.9
    endloop
  endfacet
  facet normal 0.513934 0.85783 -0
    outer loop
      vertex 73.2458 42.5889 0
      vertex 73.1111 42.6696 4.9
      vertex 73.2458 42.5889 4.9
    endloop
  endfacet
  facet normal 0.513934 0.85783 0
    outer loop
      vertex 73.1111 42.6696 4.9
      vertex 73.2458 42.5889 0
      vertex 73.1111 42.6696 0
    endloop
  endfacet
  facet normal 0.970035 0.242964 0
    outer loop
      vertex 19.6028 20.936 14
      vertex 19.269 22.2687 3
      vertex 19.269 22.2687 14
    endloop
  endfacet
  facet normal 0.970035 0.242964 0
    outer loop
      vertex 19.269 22.2687 3
      vertex 19.6028 20.936 14
      vertex 19.6028 20.936 3
    endloop
  endfacet
  facet normal 0.941534 0.336917 0
    outer loop
      vertex 20.0657 19.6424 14
      vertex 19.6028 20.936 3
      vertex 19.6028 20.936 14
    endloop
  endfacet
  facet normal 0.941534 0.336917 0
    outer loop
      vertex 19.6028 20.936 3
      vertex 20.0657 19.6424 14
      vertex 20.0657 19.6424 3
    endloop
  endfacet
  facet normal 0.903996 0.427542 0
    outer loop
      vertex 20.6531 18.4004 14
      vertex 20.0657 19.6424 3
      vertex 20.0657 19.6424 14
    endloop
  endfacet
  facet normal 0.903996 0.427542 0
    outer loop
      vertex 20.0657 19.6424 3
      vertex 20.6531 18.4004 14
      vertex 20.6531 18.4004 3
    endloop
  endfacet
  facet normal 0.85773 0.5141 0
    outer loop
      vertex 21.3594 17.222 14
      vertex 20.6531 18.4004 3
      vertex 20.6531 18.4004 14
    endloop
  endfacet
  facet normal 0.85773 0.5141 0
    outer loop
      vertex 20.6531 18.4004 3
      vertex 21.3594 17.222 14
      vertex 21.3594 17.222 3
    endloop
  endfacet
  facet normal -0.903982 -0.42757 0
    outer loop
      vertex 45.9343 30.3576 3
      vertex 45.3469 31.5995 14
      vertex 45.3469 31.5995 3
    endloop
  endfacet
  facet normal -0.903982 -0.42757 0
    outer loop
      vertex 45.3469 31.5995 14
      vertex 45.9343 30.3576 3
      vertex 45.9343 30.3576 14
    endloop
  endfacet
  facet normal 0.970035 -0.242964 0
    outer loop
      vertex 19.269 27.7313 14
      vertex 19.6028 29.064 3
      vertex 19.6028 29.064 14
    endloop
  endfacet
  facet normal 0.970035 -0.242964 0
    outer loop
      vertex 19.6028 29.064 3
      vertex 19.269 27.7313 14
      vertex 19.269 27.7313 3
    endloop
  endfacet
  facet normal -0.42757 0.903982 0
    outer loop
      vertex 39.5995 12.6531 3
      vertex 38.3576 12.0657 14
      vertex 39.5995 12.6531 14
    endloop
  endfacet
  facet normal -0.42757 0.903982 0
    outer loop
      vertex 38.3576 12.0657 14
      vertex 39.5995 12.6531 3
      vertex 38.3576 12.0657 3
    endloop
  endfacet
  facet normal -0.595741 -0.803177 0
    outer loop
      vertex 40.778 36.6406 3
      vertex 41.8815 35.8221 17
      vertex 40.778 36.6406 17
    endloop
  endfacet
  facet normal -0.595741 -0.803177 -0
    outer loop
      vertex 41.8815 35.8221 17
      vertex 40.778 36.6406 3
      vertex 41.8815 35.8221 3
    endloop
  endfacet
  facet normal 0.998796 0.0490555 0
    outer loop
      vertex 19.0674 23.6277 14
      vertex 19 25 3
      vertex 19 25 14
    endloop
  endfacet
  facet normal 0.998796 0.0490555 0
    outer loop
      vertex 19 25 3
      vertex 19.0674 23.6277 14
      vertex 19.0674 23.6277 3
    endloop
  endfacet
  facet normal 0.336917 -0.941534 0
    outer loop
      vertex 27.6424 37.9343 3
      vertex 28.936 38.3972 17
      vertex 27.6424 37.9343 17
    endloop
  endfacet
  facet normal 0.336917 -0.941534 0
    outer loop
      vertex 28.936 38.3972 17
      vertex 27.6424 37.9343 3
      vertex 28.936 38.3972 3
    endloop
  endfacet
  facet normal 0 0 1
    outer loop
      vertex 78.9326 26.3722 3
      vertex 78.9326 23.6277 3
      vertex 79 25 3
    endloop
  endfacet
  facet normal 0 0 1
    outer loop
      vertex 78.731 27.7313 3
      vertex 78.9326 23.6277 3
      vertex 78.9326 26.3722 3
    endloop
  endfacet
  facet normal 0 0 1
    outer loop
      vertex 78.731 27.7313 3
      vertex 78.731 22.2687 3
      vertex 78.9326 23.6277 3
    endloop
  endfacet
  facet normal 0 0 1
    outer loop
      vertex 78.3972 29.064 3
      vertex 78.731 22.2687 3
      vertex 78.731 27.7313 3
    endloop
  endfacet
  facet normal 0 0 1
    outer loop
      vertex 78.3972 29.064 3
      vertex 78.3972 20.936 3
      vertex 78.731 22.2687 3
    endloop
  endfacet
  facet normal 0 0 1
    outer loop
      vertex 77.9343 30.3576 3
      vertex 78.3972 20.936 3
      vertex 78.3972 29.064 3
    endloop
  endfacet
  facet normal 0 0 1
    outer loop
      vertex 77.9343 30.3576 3
      vertex 77.9343 19.6424 3
      vertex 78.3972 20.936 3
    endloop
  endfacet
  facet normal 0 0 1
    outer loop
      vertex 77.3469 31.5995 3
      vertex 77.9343 19.6424 3
      vertex 77.9343 30.3576 3
    endloop
  endfacet
  facet normal 0 0 1
    outer loop
      vertex 77.3469 31.5995 3
      vertex 77.3469 18.4004 3
      vertex 77.9343 19.6424 3
    endloop
  endfacet
  facet normal 0 0 1
    outer loop
      vertex 76.6406 32.778 3
      vertex 77.3469 18.4004 3
      vertex 77.3469 31.5995 3
    endloop
  endfacet
  facet normal 0 0 1
    outer loop
      vertex 76.6406 32.778 3
      vertex 76.6406 17.222 3
      vertex 77.3469 18.4004 3
    endloop
  endfacet
  facet normal 0 0 1
    outer loop
      vertex 75.8221 33.8815 3
      vertex 76.6406 17.222 3
      vertex 76.6406 32.778 3
    endloop
  endfacet
  facet normal 0 0 1
    outer loop
      vertex 75.8221 33.8815 3
      vertex 75.8221 16.1185 3
      vertex 76.6406 17.222 3
    endloop
  endfacet
  facet normal 0 0 1
    outer loop
      vertex 74.8995 34.8995 3
      vertex 75.8221 16.1185 3
      vertex 75.8221 33.8815 3
    endloop
  endfacet
  facet normal 0 0 1
    outer loop
      vertex 74.8995 34.8995 3
      vertex 74.8995 15.1005 3
      vertex 75.8221 16.1185 3
    endloop
  endfacet
  facet normal 0 0 1
    outer loop
      vertex 73.8815 35.8221 3
      vertex 74.8995 15.1005 3
      vertex 74.8995 34.8995 3
    endloop
  endfacet
  facet normal 0 0 1
    outer loop
      vertex 73.8815 35.8221 3
      vertex 73.8815 14.1778 3
      vertex 74.8995 15.1005 3
    endloop
  endfacet
  facet normal 0 0 1
    outer loop
      vertex 72.778 36.6406 3
      vertex 73.8815 14.1778 3
      vertex 73.8815 35.8221 3
    endloop
  endfacet
  facet normal 0 0 1
    outer loop
      vertex 72.778 36.6406 3
      vertex 72.778 13.3594 3
      vertex 73.8815 14.1778 3
    endloop
  endfacet
  facet normal 0 0 1
    outer loop
      vertex 71.5995 37.3469 3
      vertex 72.778 13.3594 3
      vertex 72.778 36.6406 3
    endloop
  endfacet
  facet normal 0 0 1
    outer loop
      vertex 71.5995 37.3469 3
      vertex 71.5995 12.6531 3
      vertex 72.778 13.3594 3
    endloop
  endfacet
  facet normal 0 0 1
    outer loop
      vertex 70.3576 37.9343 3
      vertex 71.5995 12.6531 3
      vertex 71.5995 37.3469 3
    endloop
  endfacet
  facet normal 0 0 1
    outer loop
      vertex 69.3488 11.7048 3
      vertex 71.5995 12.6531 3
      vertex 70.3576 37.9343 3
    endloop
  endfacet
  facet normal 0 0 1
    outer loop
      vertex 71.5995 12.6531 3
      vertex 69.3488 11.7048 3
      vertex 70.3576 12.0657 3
    endloop
  endfacet
  facet normal 0 0 1
    outer loop
      vertex 69.064 38.3972 3
      vertex 69.3488 11.7048 3
      vertex 70.3576 37.9343 3
    endloop
  endfacet
  facet normal 0 0 1
    outer loop
      vertex 67.7313 38.731 3
      vertex 69.3488 11.7048 3
      vertex 69.064 38.3972 3
    endloop
  endfacet
  facet normal 0 0 1
    outer loop
      vertex 69.3488 11.7048 3
      vertex 62.0074 11 3
      vertex 69.172 4.13495 3
    endloop
  endfacet
  facet normal 0 0 1
    outer loop
      vertex 69.172 4.13495 3
      vertex 62.0074 11 3
      vertex 68.7778 3.84265 3
    endloop
  endfacet
  facet normal 0 0 1
    outer loop
      vertex 68.7778 3.84265 3
      vertex 62.0074 11 3
      vertex 68.357 3.59039 3
    endloop
  endfacet
  facet normal 0 0 1
    outer loop
      vertex 66.3722 38.9326 3
      vertex 69.3488 11.7048 3
      vertex 67.7313 38.731 3
    endloop
  endfacet
  facet normal 0 0 1
    outer loop
      vertex 68.357 3.59039 3
      vertex 62.0074 11 3
      vertex 67.9134 3.3806 3
    endloop
  endfacet
  facet normal 0 0 1
    outer loop
      vertex 67.9134 3.3806 3
      vertex 62.0074 11 3
      vertex 67.4514 3.2153 3
    endloop
  endfacet
  facet normal 0 0 1
    outer loop
      vertex 67.4514 3.2153 3
      vertex 62.0074 11 3
      vertex 66.9754 3.09607 3
    endloop
  endfacet
  facet normal 0 0 1
    outer loop
      vertex 65 39 3
      vertex 69.3488 11.7048 3
      vertex 66.3722 38.9326 3
    endloop
  endfacet
  facet normal 0 0 1
    outer loop
      vertex 66.9754 3.09607 3
      vertex 62.0074 11 3
      vertex 66.4901 3.02408 3
    endloop
  endfacet
  facet normal 0 0 1
    outer loop
      vertex 66.4901 3.02408 3
      vertex 62.0074 11 3
      vertex 66 3 3
    endloop
  endfacet
  facet normal 0 0 1
    outer loop
      vertex 66 3 3
      vertex 62.0074 11 3
      vertex 65.5099 3.02408 3
    endloop
  endfacet
  facet normal 0 0 1
    outer loop
      vertex 69.3488 11.7048 3
      vertex 65 39 3
      vertex 62.0074 11 3
    endloop
  endfacet
  facet normal 0 0 1
    outer loop
      vertex 65.5099 3.02408 3
      vertex 62.0074 11 3
      vertex 65.0246 3.09607 3
    endloop
  endfacet
  facet normal 0 0 1
    outer loop
      vertex 65.0246 3.09607 3
      vertex 62.0074 11 3
      vertex 64.5486 3.2153 3
    endloop
  endfacet
  facet normal 0 0 1
    outer loop
      vertex 64.5486 3.2153 3
      vertex 62.0074 11 3
      vertex 64.0866 3.3806 3
    endloop
  endfacet
  facet normal 0 0 1
    outer loop
      vertex 64.0866 3.3806 3
      vertex 62.0074 11 3
      vertex 63.643 3.59039 3
    endloop
  endfacet
  facet normal 0 0 1
    outer loop
      vertex 63.643 3.59039 3
      vertex 62.0074 11 3
      vertex 63.2221 3.84265 3
    endloop
  endfacet
  facet normal 0 0 1
    outer loop
      vertex 63.2221 3.84265 3
      vertex 62.0074 11 3
      vertex 62.828 4.13495 3
    endloop
  endfacet
  facet normal 0 0 1
    outer loop
      vertex 62.828 4.13495 3
      vertex 62.0074 11 3
      vertex 62.4645 4.46447 3
    endloop
  endfacet
  facet normal 0 0 1
    outer loop
      vertex 62.4645 4.46447 3
      vertex 62.0074 11 3
      vertex 62.1349 4.82803 3
    endloop
  endfacet
  facet normal -0 0 1
    outer loop
      vertex 59 39 3
      vertex 62.0074 11 3
      vertex 65 39 3
    endloop
  endfacet
  facet normal 0 0 1
    outer loop
      vertex 59 39 3
      vertex 59 11 3
      vertex 62.0074 11 3
    endloop
  endfacet
  facet normal -0 0 1
    outer loop
      vertex 57.6277 38.9326 3
      vertex 59 11 3
      vertex 59 39 3
    endloop
  endfacet
  facet normal 0 0 1
    outer loop
      vertex 57.6277 38.9326 3
      vertex 57.6277 11.0674 3
      vertex 59 11 3
    endloop
  endfacet
  facet normal -0 0 1
    outer loop
      vertex 56.2687 38.731 3
      vertex 57.6277 11.0674 3
      vertex 57.6277 38.9326 3
    endloop
  endfacet
  facet normal 0 0 1
    outer loop
      vertex 56.2687 38.731 3
      vertex 56.2687 11.269 3
      vertex 57.6277 11.0674 3
    endloop
  endfacet
  facet normal -0 0 1
    outer loop
      vertex 54.936 38.3972 3
      vertex 56.2687 11.269 3
      vertex 56.2687 38.731 3
    endloop
  endfacet
  facet normal 0 0 1
    outer loop
      vertex 54.936 38.3972 3
      vertex 54.936 11.6028 3
      vertex 56.2687 11.269 3
    endloop
  endfacet
  facet normal -0 0 1
    outer loop
      vertex 53.6424 37.9343 3
      vertex 54.936 11.6028 3
      vertex 54.936 38.3972 3
    endloop
  endfacet
  facet normal 0 0 1
    outer loop
      vertex 53.6424 37.9343 3
      vertex 53.6424 12.0657 3
      vertex 54.936 11.6028 3
    endloop
  endfacet
  facet normal -0 0 1
    outer loop
      vertex 52.4004 37.3469 3
      vertex 53.6424 12.0657 3
      vertex 53.6424 37.9343 3
    endloop
  endfacet
  facet normal 0 0 1
    outer loop
      vertex 52.4004 37.3469 3
      vertex 52.4004 12.6531 3
      vertex 53.6424 12.0657 3
    endloop
  endfacet
  facet normal -0 0 1
    outer loop
      vertex 51.222 36.6406 3
      vertex 52.4004 12.6531 3
      vertex 52.4004 37.3469 3
    endloop
  endfacet
  facet normal 0 0 1
    outer loop
      vertex 51.222 36.6406 3
      vertex 51.222 13.3594 3
      vertex 52.4004 12.6531 3
    endloop
  endfacet
  facet normal -0 0 1
    outer loop
      vertex 50.1185 35.8221 3
      vertex 51.222 13.3594 3
      vertex 51.222 36.6406 3
    endloop
  endfacet
  facet normal 0 0 1
    outer loop
      vertex 50.1185 35.8221 3
      vertex 50.1185 14.1778 3
      vertex 51.222 13.3594 3
    endloop
  endfacet
  facet normal -0 0 1
    outer loop
      vertex 49.1005 34.8995 3
      vertex 50.1185 14.1778 3
      vertex 50.1185 35.8221 3
    endloop
  endfacet
  facet normal 0 0 1
    outer loop
      vertex 49.1005 34.8995 3
      vertex 49.1005 15.1005 3
      vertex 50.1185 14.1778 3
    endloop
  endfacet
  facet normal -0 0 1
    outer loop
      vertex 48.1779 33.8815 3
      vertex 49.1005 15.1005 3
      vertex 49.1005 34.8995 3
    endloop
  endfacet
  facet normal 0 0 1
    outer loop
      vertex 48.1779 33.8815 3
      vertex 48.1779 16.1185 3
      vertex 49.1005 15.1005 3
    endloop
  endfacet
  facet normal -0 0 1
    outer loop
      vertex 47.3594 32.778 3
      vertex 48.1779 16.1185 3
      vertex 48.1779 33.8815 3
    endloop
  endfacet
  facet normal 0 0 1
    outer loop
      vertex 47.3594 32.778 3
      vertex 47.3594 17.222 3
      vertex 48.1779 16.1185 3
    endloop
  endfacet
  facet normal -0 0 1
    outer loop
      vertex 46.6531 31.5995 3
      vertex 47.3594 17.222 3
      vertex 47.3594 32.778 3
    endloop
  endfacet
  facet normal 0 0 1
    outer loop
      vertex 46.6531 31.5995 3
      vertex 46.6531 18.4004 3
      vertex 47.3594 17.222 3
    endloop
  endfacet
  facet normal 0 0 1
    outer loop
      vertex 46 30.174 3
      vertex 46.6531 31.5995 3
      vertex 46.0657 30.3576 3
    endloop
  endfacet
  facet normal 0 0 1
    outer loop
      vertex 46.6531 31.5995 3
      vertex 46 30.174 3
      vertex 46.6531 18.4004 3
    endloop
  endfacet
  facet normal -0 0 1
    outer loop
      vertex 46 19.826 3
      vertex 46.6531 18.4004 3
      vertex 46 30.174 3
    endloop
  endfacet
  facet normal 0 0 1
    outer loop
      vertex 46.6531 18.4004 3
      vertex 46 19.826 3
      vertex 46.0657 19.6424 3
    endloop
  endfacet
  facet normal 0 0 1
    outer loop
      vertex 45.3469 31.5995 3
      vertex 46 30.174 3
      vertex 45.9343 30.3576 3
    endloop
  endfacet
  facet normal 0 0 1
    outer loop
      vertex 46 30.174 3
      vertex 45.3469 31.5995 3
      vertex 46 19.826 3
    endloop
  endfacet
  facet normal 0 0 1
    outer loop
      vertex 45.3469 18.4004 3
      vertex 46 19.826 3
      vertex 45.3469 31.5995 3
    endloop
  endfacet
  facet normal 0 0 1
    outer loop
      vertex 46 19.826 3
      vertex 45.3469 18.4004 3
      vertex 45.9343 19.6424 3
    endloop
  endfacet
  facet normal 0 0 1
    outer loop
      vertex 44.6406 32.778 3
      vertex 45.3469 18.4004 3
      vertex 45.3469 31.5995 3
    endloop
  endfacet
  facet normal 0 0 1
    outer loop
      vertex 44.6406 32.778 3
      vertex 44.6406 17.222 3
      vertex 45.3469 18.4004 3
    endloop
  endfacet
  facet normal 0 0 1
    outer loop
      vertex 43.8221 33.8815 3
      vertex 44.6406 17.222 3
      vertex 44.6406 32.778 3
    endloop
  endfacet
  facet normal 0 0 1
    outer loop
      vertex 43.8221 33.8815 3
      vertex 43.8221 16.1185 3
      vertex 44.6406 17.222 3
    endloop
  endfacet
  facet normal 0 0 1
    outer loop
      vertex 42.8995 34.8995 3
      vertex 43.8221 16.1185 3
      vertex 43.8221 33.8815 3
    endloop
  endfacet
  facet normal 0 0 1
    outer loop
      vertex 42.8995 34.8995 3
      vertex 42.8995 15.1005 3
      vertex 43.8221 16.1185 3
    endloop
  endfacet
  facet normal 0 0 1
    outer loop
      vertex 41.8815 35.8221 3
      vertex 42.8995 15.1005 3
      vertex 42.8995 34.8995 3
    endloop
  endfacet
  facet normal 0 0 1
    outer loop
      vertex 41.8815 35.8221 3
      vertex 41.8815 14.1778 3
      vertex 42.8995 15.1005 3
    endloop
  endfacet
  facet normal 0 0 1
    outer loop
      vertex 40.778 36.6406 3
      vertex 41.8815 14.1778 3
      vertex 41.8815 35.8221 3
    endloop
  endfacet
  facet normal 0 0 1
    outer loop
      vertex 40.778 36.6406 3
      vertex 40.778 13.3594 3
      vertex 41.8815 14.1778 3
    endloop
  endfacet
  facet normal 0 0 1
    outer loop
      vertex 39.5995 37.3469 3
      vertex 40.778 13.3594 3
      vertex 40.778 36.6406 3
    endloop
  endfacet
  facet normal 0 0 1
    outer loop
      vertex 39.5995 37.3469 3
      vertex 39.5995 12.6531 3
      vertex 40.778 13.3594 3
    endloop
  endfacet
  facet normal 0 0 1
    outer loop
      vertex 38.3576 37.9343 3
      vertex 39.5995 12.6531 3
      vertex 39.5995 37.3469 3
    endloop
  endfacet
  facet normal 0 0 1
    outer loop
      vertex 38.3576 37.9343 3
      vertex 38.3576 12.0657 3
      vertex 39.5995 12.6531 3
    endloop
  endfacet
  facet normal 0 0 1
    outer loop
      vertex 37.064 38.3972 3
      vertex 38.3576 12.0657 3
      vertex 38.3576 37.9343 3
    endloop
  endfacet
  facet normal 0 0 1
    outer loop
      vertex 37.064 38.3972 3
      vertex 37.064 11.6028 3
      vertex 38.3576 12.0657 3
    endloop
  endfacet
  facet normal 0 0 1
    outer loop
      vertex 35.7313 38.731 3
      vertex 37.064 11.6028 3
      vertex 37.064 38.3972 3
    endloop
  endfacet
  facet normal 0 0 1
    outer loop
      vertex 35.7313 38.731 3
      vertex 35.7313 11.269 3
      vertex 37.064 11.6028 3
    endloop
  endfacet
  facet normal 0 0 1
    outer loop
      vertex 34.3722 38.9326 3
      vertex 35.7313 11.269 3
      vertex 35.7313 38.731 3
    endloop
  endfacet
  facet normal 0 0 1
    outer loop
      vertex 34.3722 38.9326 3
      vertex 34.3722 11.0674 3
      vertex 35.7313 11.269 3
    endloop
  endfacet
  facet normal 0 0 1
    outer loop
      vertex 33 39 3
      vertex 34.3722 11.0674 3
      vertex 34.3722 38.9326 3
    endloop
  endfacet
  facet normal 0 0 1
    outer loop
      vertex 33 39 3
      vertex 33 11 3
      vertex 34.3722 11.0674 3
    endloop
  endfacet
  facet normal -0 0 1
    outer loop
      vertex 31.6277 38.9326 3
      vertex 33 11 3
      vertex 33 39 3
    endloop
  endfacet
  facet normal 0 0 1
    outer loop
      vertex 31.6277 38.9326 3
      vertex 31.6277 11.0674 3
      vertex 33 11 3
    endloop
  endfacet
  facet normal -0 0 1
    outer loop
      vertex 30.2687 38.731 3
      vertex 31.6277 11.0674 3
      vertex 31.6277 38.9326 3
    endloop
  endfacet
  facet normal 0 0 1
    outer loop
      vertex 30.2687 38.731 3
      vertex 30.2687 11.269 3
      vertex 31.6277 11.0674 3
    endloop
  endfacet
  facet normal -0 0 1
    outer loop
      vertex 28.936 38.3972 3
      vertex 30.2687 11.269 3
      vertex 30.2687 38.731 3
    endloop
  endfacet
  facet normal 0 0 1
    outer loop
      vertex 28.936 38.3972 3
      vertex 28.936 11.6028 3
      vertex 30.2687 11.269 3
    endloop
  endfacet
  facet normal -0 0 1
    outer loop
      vertex 27.6424 37.9343 3
      vertex 28.936 11.6028 3
      vertex 28.936 38.3972 3
    endloop
  endfacet
  facet normal 0 0 1
    outer loop
      vertex 27.6424 37.9343 3
      vertex 27.6424 12.0657 3
      vertex 28.936 11.6028 3
    endloop
  endfacet
  facet normal -0 0 1
    outer loop
      vertex 26.4004 37.3469 3
      vertex 27.6424 12.0657 3
      vertex 27.6424 37.9343 3
    endloop
  endfacet
  facet normal 0 0 1
    outer loop
      vertex 26.4004 37.3469 3
      vertex 26.4004 12.6531 3
      vertex 27.6424 12.0657 3
    endloop
  endfacet
  facet normal -0 0 1
    outer loop
      vertex 25.222 36.6406 3
      vertex 26.4004 12.6531 3
      vertex 26.4004 37.3469 3
    endloop
  endfacet
  facet normal 0 0 1
    outer loop
      vertex 25.222 36.6406 3
      vertex 25.222 13.3594 3
      vertex 26.4004 12.6531 3
    endloop
  endfacet
  facet normal -0 0 1
    outer loop
      vertex 24.1185 35.8221 3
      vertex 25.222 13.3594 3
      vertex 25.222 36.6406 3
    endloop
  endfacet
  facet normal 0 0 1
    outer loop
      vertex 24.1185 35.8221 3
      vertex 24.1185 14.1778 3
      vertex 25.222 13.3594 3
    endloop
  endfacet
  facet normal -0 0 1
    outer loop
      vertex 23.1005 34.8995 3
      vertex 24.1185 14.1778 3
      vertex 24.1185 35.8221 3
    endloop
  endfacet
  facet normal 0 0 1
    outer loop
      vertex 23.1005 34.8995 3
      vertex 23.1005 15.1005 3
      vertex 24.1185 14.1778 3
    endloop
  endfacet
  facet normal -0 0 1
    outer loop
      vertex 22.1778 33.8815 3
      vertex 23.1005 15.1005 3
      vertex 23.1005 34.8995 3
    endloop
  endfacet
  facet normal 0 0 1
    outer loop
      vertex 22.1778 33.8815 3
      vertex 22.1778 16.1185 3
      vertex 23.1005 15.1005 3
    endloop
  endfacet
  facet normal -0 0 1
    outer loop
      vertex 21.3594 32.778 3
      vertex 22.1778 16.1185 3
      vertex 22.1778 33.8815 3
    endloop
  endfacet
  facet normal 0 0 1
    outer loop
      vertex 21.3594 32.778 3
      vertex 21.3594 17.222 3
      vertex 22.1778 16.1185 3
    endloop
  endfacet
  facet normal -0 0 1
    outer loop
      vertex 20.6531 31.5995 3
      vertex 21.3594 17.222 3
      vertex 21.3594 32.778 3
    endloop
  endfacet
  facet normal 0 0 1
    outer loop
      vertex 20.6531 31.5995 3
      vertex 20.6531 18.4004 3
      vertex 21.3594 17.222 3
    endloop
  endfacet
  facet normal -0 0 1
    outer loop
      vertex 20.0657 30.3576 3
      vertex 20.6531 18.4004 3
      vertex 20.6531 31.5995 3
    endloop
  endfacet
  facet normal 0 0 1
    outer loop
      vertex 20.0657 30.3576 3
      vertex 20.0657 19.6424 3
      vertex 20.6531 18.4004 3
    endloop
  endfacet
  facet normal -0 0 1
    outer loop
      vertex 19.6028 29.064 3
      vertex 20.0657 19.6424 3
      vertex 20.0657 30.3576 3
    endloop
  endfacet
  facet normal 0 0 1
    outer loop
      vertex 19.6028 29.064 3
      vertex 19.6028 20.936 3
      vertex 20.0657 19.6424 3
    endloop
  endfacet
  facet normal -0 0 1
    outer loop
      vertex 19.269 27.7313 3
      vertex 19.6028 20.936 3
      vertex 19.6028 29.064 3
    endloop
  endfacet
  facet normal 0 0 1
    outer loop
      vertex 19.269 27.7313 3
      vertex 19.269 22.2687 3
      vertex 19.6028 20.936 3
    endloop
  endfacet
  facet normal -0 0 1
    outer loop
      vertex 19.0674 26.3722 3
      vertex 19.269 22.2687 3
      vertex 19.269 27.7313 3
    endloop
  endfacet
  facet normal 0 0 1
    outer loop
      vertex 19.0674 26.3722 3
      vertex 19.0674 23.6277 3
      vertex 19.269 22.2687 3
    endloop
  endfacet
  facet normal 0 -0 1
    outer loop
      vertex 19.0674 23.6277 3
      vertex 19.0674 26.3722 3
      vertex 19 25 3
    endloop
  endfacet
  facet normal 0 0 1
    outer loop
      vertex 70.9759 8.49009 3
      vertex 70.9759 7.50991 3
      vertex 71 8 3
    endloop
  endfacet
  facet normal 0 0 1
    outer loop
      vertex 70.9039 8.97545 3
      vertex 70.9759 7.50991 3
      vertex 70.9759 8.49009 3
    endloop
  endfacet
  facet normal 0 0 1
    outer loop
      vertex 70.9039 8.97545 3
      vertex 70.9039 7.02455 3
      vertex 70.9759 7.50991 3
    endloop
  endfacet
  facet normal 0 0 1
    outer loop
      vertex 70.7847 9.45142 3
      vertex 70.9039 7.02455 3
      vertex 70.9039 8.97545 3
    endloop
  endfacet
  facet normal 0 0 1
    outer loop
      vertex 70.7847 9.45142 3
      vertex 70.7847 6.54858 3
      vertex 70.9039 7.02455 3
    endloop
  endfacet
  facet normal 0 0 1
    outer loop
      vertex 70.6194 9.91342 3
      vertex 70.7847 6.54858 3
      vertex 70.7847 9.45142 3
    endloop
  endfacet
  facet normal 0 0 1
    outer loop
      vertex 70.6194 9.91342 3
      vertex 70.6194 6.08658 3
      vertex 70.7847 6.54858 3
    endloop
  endfacet
  facet normal 0 0 1
    outer loop
      vertex 70.4096 10.357 3
      vertex 70.6194 6.08658 3
      vertex 70.6194 9.91342 3
    endloop
  endfacet
  facet normal 0 0 1
    outer loop
      vertex 70.4096 10.357 3
      vertex 70.4096 5.64302 3
      vertex 70.6194 6.08658 3
    endloop
  endfacet
  facet normal 0 0 1
    outer loop
      vertex 70.1573 10.7779 3
      vertex 70.4096 5.64302 3
      vertex 70.4096 10.357 3
    endloop
  endfacet
  facet normal 0 0 1
    outer loop
      vertex 70.1573 10.7779 3
      vertex 70.1573 5.22215 3
      vertex 70.4096 5.64302 3
    endloop
  endfacet
  facet normal 0 0 1
    outer loop
      vertex 69.8651 11.172 3
      vertex 70.1573 5.22215 3
      vertex 70.1573 10.7779 3
    endloop
  endfacet
  facet normal 0 0 1
    outer loop
      vertex 69.8651 11.172 3
      vertex 69.8651 4.82803 3
      vertex 70.1573 5.22215 3
    endloop
  endfacet
  facet normal 0 0 1
    outer loop
      vertex 69.3488 11.7048 3
      vertex 69.8651 11.172 3
      vertex 69.5355 11.5355 3
    endloop
  endfacet
  facet normal 0 0 1
    outer loop
      vertex 69.8651 11.172 3
      vertex 69.3488 11.7048 3
      vertex 69.8651 4.82803 3
    endloop
  endfacet
  facet normal 0 0 1
    outer loop
      vertex 69.8651 4.82803 3
      vertex 69.3488 11.7048 3
      vertex 69.5355 4.46447 3
    endloop
  endfacet
  facet normal 0 0 1
    outer loop
      vertex 69.5355 4.46447 3
      vertex 69.3488 11.7048 3
      vertex 69.172 4.13495 3
    endloop
  endfacet
  facet normal 0 0 1
    outer loop
      vertex 61.5904 10.357 3
      vertex 62.0074 11 3
      vertex 61.8427 10.7779 3
    endloop
  endfacet
  facet normal 0 0 1
    outer loop
      vertex 62.0074 11 3
      vertex 61.8427 5.22215 3
      vertex 62.1349 4.82803 3
    endloop
  endfacet
  facet normal 0 0 1
    outer loop
      vertex 62.0074 11 3
      vertex 61.5904 10.357 3
      vertex 61.8427 5.22215 3
    endloop
  endfacet
  facet normal 0 0 1
    outer loop
      vertex 61.5904 10.357 3
      vertex 61.5904 5.64302 3
      vertex 61.8427 5.22215 3
    endloop
  endfacet
  facet normal -0 0 1
    outer loop
      vertex 61.3806 9.91342 3
      vertex 61.5904 5.64302 3
      vertex 61.5904 10.357 3
    endloop
  endfacet
  facet normal 0 0 1
    outer loop
      vertex 61.3806 9.91342 3
      vertex 61.3806 6.08658 3
      vertex 61.5904 5.64302 3
    endloop
  endfacet
  facet normal -0 0 1
    outer loop
      vertex 61.2153 9.45142 3
      vertex 61.3806 6.08658 3
      vertex 61.3806 9.91342 3
    endloop
  endfacet
  facet normal 0 0 1
    outer loop
      vertex 61.2153 9.45142 3
      vertex 61.2153 6.54858 3
      vertex 61.3806 6.08658 3
    endloop
  endfacet
  facet normal -0 0 1
    outer loop
      vertex 61.0961 8.97545 3
      vertex 61.2153 6.54858 3
      vertex 61.2153 9.45142 3
    endloop
  endfacet
  facet normal 0 0 1
    outer loop
      vertex 61.0961 8.97545 3
      vertex 61.0961 7.02455 3
      vertex 61.2153 6.54858 3
    endloop
  endfacet
  facet normal -0 0 1
    outer loop
      vertex 61.0241 8.49009 3
      vertex 61.0961 7.02455 3
      vertex 61.0961 8.97545 3
    endloop
  endfacet
  facet normal 0 0 1
    outer loop
      vertex 61.0241 8.49009 3
      vertex 61.0241 7.50991 3
      vertex 61.0961 7.02455 3
    endloop
  endfacet
  facet normal 0 -0 1
    outer loop
      vertex 61.0241 7.50991 3
      vertex 61.0241 8.49009 3
      vertex 61 8 3
    endloop
  endfacet
  facet normal 0.903982 -0.42757 0
    outer loop
      vertex 20.0657 30.3576 14
      vertex 20.6531 31.5995 3
      vertex 20.6531 31.5995 14
    endloop
  endfacet
  facet normal 0.903982 -0.42757 0
    outer loop
      vertex 20.6531 31.5995 3
      vertex 20.0657 30.3576 14
      vertex 20.0657 30.3576 3
    endloop
  endfacet
  facet normal 0.998796 -0.0490591 0
    outer loop
      vertex 19 25 14
      vertex 19.0674 26.3722 3
      vertex 19.0674 26.3722 14
    endloop
  endfacet
  facet normal 0.998796 -0.0490591 0
    outer loop
      vertex 19.0674 26.3722 3
      vertex 19 25 14
      vertex 19 25 3
    endloop
  endfacet
  facet normal -0.740975 -0.671532 0
    outer loop
      vertex 42.8995 34.8995 3
      vertex 43.7147 34 14
      vertex 42.8995 34.8995 17
    endloop
  endfacet
  facet normal -0.740973 -0.671534 -3.37468e-07
    outer loop
      vertex 43.8221 33.8815 3
      vertex 43.7147 34 14
      vertex 42.8995 34.8995 3
    endloop
  endfacet
  facet normal -0.740958 -0.671552 0
    outer loop
      vertex 43.7147 34 14
      vertex 43.8221 33.8815 3
      vertex 43.8221 33.8815 14
    endloop
  endfacet
  facet normal -0.740975 -0.671532 0
    outer loop
      vertex 42.8995 34.8995 17
      vertex 43.7147 34 14
      vertex 43.7147 34 17
    endloop
  endfacet
  facet normal -0.42757 -0.903982 0
    outer loop
      vertex 38.3576 37.9343 3
      vertex 39.5995 37.3469 17
      vertex 38.3576 37.9343 17
    endloop
  endfacet
  facet normal -0.42757 -0.903982 -0
    outer loop
      vertex 39.5995 37.3469 17
      vertex 38.3576 37.9343 3
      vertex 39.5995 37.3469 3
    endloop
  endfacet
  facet normal -0.514068 -0.85775 0
    outer loop
      vertex 39.5995 37.3469 3
      vertex 40.778 36.6406 17
      vertex 39.5995 37.3469 17
    endloop
  endfacet
  facet normal -0.514068 -0.85775 -0
    outer loop
      vertex 40.778 36.6406 17
      vertex 39.5995 37.3469 3
      vertex 40.778 36.6406 3
    endloop
  endfacet
  facet normal 0.989175 0.146739 0
    outer loop
      vertex 19.269 22.2687 14
      vertex 19.0674 23.6277 3
      vertex 19.0674 23.6277 14
    endloop
  endfacet
  facet normal 0.989175 0.146739 0
    outer loop
      vertex 19.0674 23.6277 3
      vertex 19.269 22.2687 14
      vertex 19.269 22.2687 3
    endloop
  endfacet
  facet normal 0.989177 -0.146728 0
    outer loop
      vertex 19.0674 26.3722 14
      vertex 19.269 27.7313 3
      vertex 19.269 27.7313 14
    endloop
  endfacet
  facet normal 0.989177 -0.146728 0
    outer loop
      vertex 19.269 27.7313 3
      vertex 19.0674 26.3722 14
      vertex 19.0674 26.3722 3
    endloop
  endfacet
  facet normal 0.941534 -0.336917 0
    outer loop
      vertex 19.6028 29.064 14
      vertex 20.0657 30.3576 3
      vertex 20.0657 30.3576 14
    endloop
  endfacet
  facet normal 0.941534 -0.336917 0
    outer loop
      vertex 20.0657 30.3576 3
      vertex 19.6028 29.064 14
      vertex 19.6028 29.064 3
    endloop
  endfacet
  facet normal -0.146728 -0.989177 0
    outer loop
      vertex 34.3722 38.9326 3
      vertex 35.7313 38.731 17
      vertex 34.3722 38.9326 17
    endloop
  endfacet
  facet normal -0.146728 -0.989177 -0
    outer loop
      vertex 35.7313 38.731 17
      vertex 34.3722 38.9326 3
      vertex 35.7313 38.731 3
    endloop
  endfacet
  facet normal -0.941533 -0.336921 0
    outer loop
      vertex 46 30.174 3
      vertex 45.9343 30.3576 14
      vertex 45.9343 30.3576 3
    endloop
  endfacet
  facet normal -0.941533 -0.336921 0
    outer loop
      vertex 45.9343 30.3576 14
      vertex 46 30.174 3
      vertex 46 30.174 14
    endloop
  endfacet
  facet normal -0.146728 0.989177 0
    outer loop
      vertex 35.7313 11.269 3
      vertex 34.3722 11.0674 14
      vertex 35.7313 11.269 14
    endloop
  endfacet
  facet normal -0.146728 0.989177 0
    outer loop
      vertex 34.3722 11.0674 14
      vertex 35.7313 11.269 3
      vertex 34.3722 11.0674 3
    endloop
  endfacet
  facet normal -0.740973 0.671534 0
    outer loop
      vertex 42.8995 15.1005 3
      vertex 43.8221 16.1185 14
      vertex 43.8221 16.1185 3
    endloop
  endfacet
  facet normal -0.740973 0.671534 0
    outer loop
      vertex 43.8221 16.1185 14
      vertex 42.8995 15.1005 3
      vertex 42.8995 15.1005 14
    endloop
  endfacet
  facet normal -0.671574 0.740937 0
    outer loop
      vertex 42.8995 15.1005 3
      vertex 41.8815 14.1778 14
      vertex 42.8995 15.1005 14
    endloop
  endfacet
  facet normal -0.671574 0.740937 0
    outer loop
      vertex 41.8815 14.1778 14
      vertex 42.8995 15.1005 3
      vertex 41.8815 14.1778 3
    endloop
  endfacet
  facet normal 0 0 -1
    outer loop
      vertex 43.7147 34 17
      vertex 41.8815 35.8221 17
      vertex 42.8995 34.8995 17
    endloop
  endfacet
  facet normal 0 0 -1
    outer loop
      vertex 43.7147 34 17
      vertex 40.778 36.6406 17
      vertex 41.8815 35.8221 17
    endloop
  endfacet
  facet normal 0 0 -1
    outer loop
      vertex 43.7147 34 17
      vertex 39.5995 37.3469 17
      vertex 40.778 36.6406 17
    endloop
  endfacet
  facet normal 0 0 -1
    outer loop
      vertex 43.7147 34 17
      vertex 38.3576 37.9343 17
      vertex 39.5995 37.3469 17
    endloop
  endfacet
  facet normal 0 0 -1
    outer loop
      vertex 43.7147 34 17
      vertex 37.064 38.3972 17
      vertex 38.3576 37.9343 17
    endloop
  endfacet
  facet normal 0 0 -1
    outer loop
      vertex 43.7147 34 17
      vertex 35.7313 38.731 17
      vertex 37.064 38.3972 17
    endloop
  endfacet
  facet normal 0 0 -1
    outer loop
      vertex 43.7147 34 17
      vertex 34.3722 38.9326 17
      vertex 35.7313 38.731 17
    endloop
  endfacet
  facet normal 0 0 -1
    outer loop
      vertex 43.7147 34 17
      vertex 33 39 17
      vertex 34.3722 38.9326 17
    endloop
  endfacet
  facet normal 0 0 -1
    outer loop
      vertex 43.7147 34 17
      vertex 31.6277 38.9326 17
      vertex 33 39 17
    endloop
  endfacet
  facet normal 0 0 -1
    outer loop
      vertex 43.7147 34 17
      vertex 30.2687 38.731 17
      vertex 31.6277 38.9326 17
    endloop
  endfacet
  facet normal 0 0 -1
    outer loop
      vertex 43.7147 34 17
      vertex 28.936 38.3972 17
      vertex 30.2687 38.731 17
    endloop
  endfacet
  facet normal 0 0 -1
    outer loop
      vertex 43.7147 34 17
      vertex 27.6424 37.9343 17
      vertex 28.936 38.3972 17
    endloop
  endfacet
  facet normal 0 0 -1
    outer loop
      vertex 43.7147 34 17
      vertex 26.4004 37.3469 17
      vertex 27.6424 37.9343 17
    endloop
  endfacet
  facet normal 0 0 -1
    outer loop
      vertex 43.7147 34 17
      vertex 25.222 36.6406 17
      vertex 26.4004 37.3469 17
    endloop
  endfacet
  facet normal 0 0 -1
    outer loop
      vertex 43.7147 34 17
      vertex 24.1185 35.8221 17
      vertex 25.222 36.6406 17
    endloop
  endfacet
  facet normal 0 0 -1
    outer loop
      vertex 43.7147 34 17
      vertex 23.1005 34.8995 17
      vertex 24.1185 35.8221 17
    endloop
  endfacet
  facet normal 0 -0 -1
    outer loop
      vertex 23.1005 34.8995 17
      vertex 43.7147 34 17
      vertex 22.2852 34 17
    endloop
  endfacet
  facet normal 0.671534 -0.740973 0
    outer loop
      vertex 23.1005 34.8995 3
      vertex 24.1185 35.8221 17
      vertex 23.1005 34.8995 17
    endloop
  endfacet
  facet normal 0.671534 -0.740973 0
    outer loop
      vertex 24.1185 35.8221 17
      vertex 23.1005 34.8995 3
      vertex 24.1185 35.8221 3
    endloop
  endfacet
  facet normal 0.5141 -0.85773 0
    outer loop
      vertex 25.222 36.6406 3
      vertex 26.4004 37.3469 17
      vertex 25.222 36.6406 17
    endloop
  endfacet
  facet normal 0.5141 -0.85773 0
    outer loop
      vertex 26.4004 37.3469 17
      vertex 25.222 36.6406 3
      vertex 26.4004 37.3469 3
    endloop
  endfacet
  facet normal 0.427542 -0.903996 0
    outer loop
      vertex 26.4004 37.3469 3
      vertex 27.6424 37.9343 17
      vertex 26.4004 37.3469 17
    endloop
  endfacet
  facet normal 0.427542 -0.903996 0
    outer loop
      vertex 27.6424 37.9343 17
      vertex 26.4004 37.3469 3
      vertex 27.6424 37.9343 3
    endloop
  endfacet
  facet normal -0.0490591 -0.998796 0
    outer loop
      vertex 33 39 3
      vertex 34.3722 38.9326 17
      vertex 33 39 17
    endloop
  endfacet
  facet normal -0.0490591 -0.998796 -0
    outer loop
      vertex 34.3722 38.9326 17
      vertex 33 39 3
      vertex 34.3722 38.9326 3
    endloop
  endfacet
  facet normal 0.0490555 -0.998796 0
    outer loop
      vertex 31.6277 38.9326 3
      vertex 33 39 17
      vertex 31.6277 38.9326 17
    endloop
  endfacet
  facet normal 0.0490555 -0.998796 0
    outer loop
      vertex 33 39 17
      vertex 31.6277 38.9326 3
      vertex 33 39 3
    endloop
  endfacet
  facet normal -0.903996 0.427542 0
    outer loop
      vertex 45.3469 18.4004 3
      vertex 45.9343 19.6424 14
      vertex 45.9343 19.6424 3
    endloop
  endfacet
  facet normal -0.903996 0.427542 0
    outer loop
      vertex 45.9343 19.6424 14
      vertex 45.3469 18.4004 3
      vertex 45.3469 18.4004 14
    endloop
  endfacet
  facet normal -0.242964 0.970035 0
    outer loop
      vertex 37.064 11.6028 3
      vertex 35.7313 11.269 14
      vertex 37.064 11.6028 14
    endloop
  endfacet
  facet normal -0.242964 0.970035 0
    outer loop
      vertex 35.7313 11.269 14
      vertex 37.064 11.6028 3
      vertex 35.7313 11.269 3
    endloop
  endfacet
  facet normal 0.427542 0.903996 -0
    outer loop
      vertex 27.6424 12.0657 3
      vertex 26.4004 12.6531 14
      vertex 27.6424 12.0657 14
    endloop
  endfacet
  facet normal 0.427542 0.903996 0
    outer loop
      vertex 26.4004 12.6531 14
      vertex 27.6424 12.0657 3
      vertex 26.4004 12.6531 3
    endloop
  endfacet
  facet normal -0.514068 0.85775 0
    outer loop
      vertex 40.778 13.3594 3
      vertex 39.5995 12.6531 14
      vertex 40.778 13.3594 14
    endloop
  endfacet
  facet normal -0.514068 0.85775 0
    outer loop
      vertex 39.5995 12.6531 14
      vertex 40.778 13.3594 3
      vertex 39.5995 12.6531 3
    endloop
  endfacet
  facet normal -0.671534 -0.740973 0
    outer loop
      vertex 41.8815 35.8221 3
      vertex 42.8995 34.8995 17
      vertex 41.8815 35.8221 17
    endloop
  endfacet
  facet normal -0.671534 -0.740973 -0
    outer loop
      vertex 42.8995 34.8995 17
      vertex 41.8815 35.8221 3
      vertex 42.8995 34.8995 3
    endloop
  endfacet
  facet normal -0.803177 -0.595741 0
    outer loop
      vertex 44.6406 32.778 3
      vertex 43.8221 33.8815 14
      vertex 43.8221 33.8815 3
    endloop
  endfacet
  facet normal -0.803177 -0.595741 0
    outer loop
      vertex 43.8221 33.8815 14
      vertex 44.6406 32.778 3
      vertex 44.6406 32.778 14
    endloop
  endfacet
  facet normal -0.85775 -0.514068 0
    outer loop
      vertex 45.3469 31.5995 3
      vertex 44.6406 32.778 14
      vertex 44.6406 32.778 3
    endloop
  endfacet
  facet normal -0.85775 -0.514068 0
    outer loop
      vertex 44.6406 32.778 14
      vertex 45.3469 31.5995 3
      vertex 45.3469 31.5995 14
    endloop
  endfacet
  facet normal 0.85775 -0.514068 0
    outer loop
      vertex 20.6531 31.5995 14
      vertex 21.3594 32.778 3
      vertex 21.3594 32.778 14
    endloop
  endfacet
  facet normal 0.85775 -0.514068 0
    outer loop
      vertex 21.3594 32.778 3
      vertex 20.6531 31.5995 14
      vertex 20.6531 31.5995 3
    endloop
  endfacet
  facet normal 0.803211 -0.595694 0
    outer loop
      vertex 21.3594 32.778 14
      vertex 22.1778 33.8815 3
      vertex 22.1778 33.8815 14
    endloop
  endfacet
  facet normal 0.803211 -0.595694 0
    outer loop
      vertex 22.1778 33.8815 3
      vertex 21.3594 32.778 14
      vertex 21.3594 32.778 3
    endloop
  endfacet
  facet normal 0.740934 -0.671577 0
    outer loop
      vertex 22.2852 34 14
      vertex 23.1005 34.8995 17
      vertex 22.2852 34 17
    endloop
  endfacet
  facet normal 0.740934 -0.671577 0
    outer loop
      vertex 23.1005 34.8995 17
      vertex 22.2852 34 14
      vertex 23.1005 34.8995 3
    endloop
  endfacet
  facet normal 0.740958 -0.671552 0
    outer loop
      vertex 22.1778 33.8815 3
      vertex 22.2852 34 14
      vertex 22.1778 33.8815 14
    endloop
  endfacet
  facet normal 0.740937 -0.671574 4.46627e-07
    outer loop
      vertex 22.2852 34 14
      vertex 22.1778 33.8815 3
      vertex 23.1005 34.8995 3
    endloop
  endfacet
  facet normal 0.595741 -0.803177 0
    outer loop
      vertex 24.1185 35.8221 3
      vertex 25.222 36.6406 17
      vertex 24.1185 35.8221 17
    endloop
  endfacet
  facet normal 0.595741 -0.803177 0
    outer loop
      vertex 25.222 36.6406 17
      vertex 24.1185 35.8221 3
      vertex 25.222 36.6406 3
    endloop
  endfacet
  facet normal 0.242964 -0.970035 0
    outer loop
      vertex 28.936 38.3972 3
      vertex 30.2687 38.731 17
      vertex 28.936 38.3972 17
    endloop
  endfacet
  facet normal 0.242964 -0.970035 0
    outer loop
      vertex 30.2687 38.731 17
      vertex 28.936 38.3972 3
      vertex 30.2687 38.731 3
    endloop
  endfacet
  facet normal 0.146739 -0.989175 0
    outer loop
      vertex 30.2687 38.731 3
      vertex 31.6277 38.9326 17
      vertex 30.2687 38.731 17
    endloop
  endfacet
  facet normal 0.146739 -0.989175 0
    outer loop
      vertex 31.6277 38.9326 17
      vertex 30.2687 38.731 3
      vertex 31.6277 38.9326 3
    endloop
  endfacet
  facet normal -0.242964 -0.970035 0
    outer loop
      vertex 35.7313 38.731 3
      vertex 37.064 38.3972 17
      vertex 35.7313 38.731 17
    endloop
  endfacet
  facet normal -0.242964 -0.970035 -0
    outer loop
      vertex 37.064 38.3972 17
      vertex 35.7313 38.731 3
      vertex 37.064 38.3972 3
    endloop
  endfacet
  facet normal -0.336917 -0.941534 0
    outer loop
      vertex 37.064 38.3972 3
      vertex 38.3576 37.9343 17
      vertex 37.064 38.3972 17
    endloop
  endfacet
  facet normal -0.336917 -0.941534 -0
    outer loop
      vertex 38.3576 37.9343 17
      vertex 37.064 38.3972 3
      vertex 38.3576 37.9343 3
    endloop
  endfacet
  facet normal -0.803177 0.595741 0
    outer loop
      vertex 43.8221 16.1185 3
      vertex 44.6406 17.222 14
      vertex 44.6406 17.222 3
    endloop
  endfacet
  facet normal -0.803177 0.595741 0
    outer loop
      vertex 44.6406 17.222 14
      vertex 43.8221 16.1185 3
      vertex 43.8221 16.1185 14
    endloop
  endfacet
  facet normal -0.85773 0.5141 0
    outer loop
      vertex 44.6406 17.222 3
      vertex 45.3469 18.4004 14
      vertex 45.3469 18.4004 3
    endloop
  endfacet
  facet normal -0.85773 0.5141 0
    outer loop
      vertex 45.3469 18.4004 14
      vertex 44.6406 17.222 3
      vertex 44.6406 17.222 14
    endloop
  endfacet
  facet normal 0.146739 0.989175 -0
    outer loop
      vertex 31.6277 11.0674 3
      vertex 30.2687 11.269 14
      vertex 31.6277 11.0674 14
    endloop
  endfacet
  facet normal 0.146739 0.989175 0
    outer loop
      vertex 30.2687 11.269 14
      vertex 31.6277 11.0674 3
      vertex 30.2687 11.269 3
    endloop
  endfacet
  facet normal 0.336917 0.941534 -0
    outer loop
      vertex 28.936 11.6028 3
      vertex 27.6424 12.0657 14
      vertex 28.936 11.6028 14
    endloop
  endfacet
  facet normal 0.336917 0.941534 0
    outer loop
      vertex 27.6424 12.0657 14
      vertex 28.936 11.6028 3
      vertex 27.6424 12.0657 3
    endloop
  endfacet
  facet normal -0.0490591 0.998796 0
    outer loop
      vertex 34.3722 11.0674 3
      vertex 33 11 14
      vertex 34.3722 11.0674 14
    endloop
  endfacet
  facet normal -0.0490591 0.998796 0
    outer loop
      vertex 33 11 14
      vertex 34.3722 11.0674 3
      vertex 33 11 3
    endloop
  endfacet
  facet normal -0.336917 0.941534 0
    outer loop
      vertex 38.3576 12.0657 3
      vertex 37.064 11.6028 14
      vertex 38.3576 12.0657 14
    endloop
  endfacet
  facet normal -0.336917 0.941534 0
    outer loop
      vertex 37.064 11.6028 14
      vertex 38.3576 12.0657 3
      vertex 37.064 11.6028 3
    endloop
  endfacet
  facet normal 0.671574 0.740937 -0
    outer loop
      vertex 24.1185 14.1778 3
      vertex 23.1005 15.1005 14
      vertex 24.1185 14.1778 14
    endloop
  endfacet
  facet normal 0.671574 0.740937 0
    outer loop
      vertex 23.1005 15.1005 14
      vertex 24.1185 14.1778 3
      vertex 23.1005 15.1005 3
    endloop
  endfacet
  facet normal -0.595694 0.803211 0
    outer loop
      vertex 41.8815 14.1778 3
      vertex 40.778 13.3594 14
      vertex 41.8815 14.1778 14
    endloop
  endfacet
  facet normal -0.595694 0.803211 0
    outer loop
      vertex 40.778 13.3594 14
      vertex 41.8815 14.1778 3
      vertex 40.778 13.3594 3
    endloop
  endfacet
  facet normal -0.941533 0.336921 0
    outer loop
      vertex 45.9343 19.6424 3
      vertex 46 19.826 14
      vertex 46 19.826 3
    endloop
  endfacet
  facet normal -0.941533 0.336921 0
    outer loop
      vertex 46 19.826 14
      vertex 45.9343 19.6424 3
      vertex 45.9343 19.6424 14
    endloop
  endfacet
  facet normal 0.0490555 0.998796 -0
    outer loop
      vertex 33 11 3
      vertex 31.6277 11.0674 14
      vertex 33 11 14
    endloop
  endfacet
  facet normal 0.0490555 0.998796 0
    outer loop
      vertex 31.6277 11.0674 14
      vertex 33 11 3
      vertex 31.6277 11.0674 3
    endloop
  endfacet
  facet normal 0.242964 0.970035 -0
    outer loop
      vertex 30.2687 11.269 3
      vertex 28.936 11.6028 14
      vertex 30.2687 11.269 14
    endloop
  endfacet
  facet normal 0.242964 0.970035 0
    outer loop
      vertex 28.936 11.6028 14
      vertex 30.2687 11.269 3
      vertex 28.936 11.6028 3
    endloop
  endfacet
  facet normal 0.595694 0.803211 -0
    outer loop
      vertex 25.222 13.3594 3
      vertex 24.1185 14.1778 14
      vertex 25.222 13.3594 14
    endloop
  endfacet
  facet normal 0.595694 0.803211 0
    outer loop
      vertex 24.1185 14.1778 14
      vertex 25.222 13.3594 3
      vertex 24.1185 14.1778 3
    endloop
  endfacet
  facet normal 0.803211 0.595694 0
    outer loop
      vertex 22.1778 16.1185 14
      vertex 21.3594 17.222 3
      vertex 21.3594 17.222 14
    endloop
  endfacet
  facet normal 0.803211 0.595694 0
    outer loop
      vertex 21.3594 17.222 3
      vertex 22.1778 16.1185 14
      vertex 22.1778 16.1185 3
    endloop
  endfacet
  facet normal 0.5141 0.85773 -0
    outer loop
      vertex 26.4004 12.6531 3
      vertex 25.222 13.3594 14
      vertex 26.4004 12.6531 14
    endloop
  endfacet
  facet normal 0.5141 0.85773 0
    outer loop
      vertex 25.222 13.3594 14
      vertex 26.4004 12.6531 3
      vertex 25.222 13.3594 3
    endloop
  endfacet
  facet normal 0.740937 0.671574 0
    outer loop
      vertex 23.1005 15.1005 14
      vertex 22.1778 16.1185 3
      vertex 22.1778 16.1185 14
    endloop
  endfacet
  facet normal 0.740937 0.671574 0
    outer loop
      vertex 22.1778 16.1185 3
      vertex 23.1005 15.1005 14
      vertex 23.1005 15.1005 3
    endloop
  endfacet
  facet normal 0 0 -1
    outer loop
      vertex 59 39 17
      vertex 63.8847 38.8295 17
      vertex 63.7416 38.2583 17
    endloop
  endfacet
  facet normal 0 0 -1
    outer loop
      vertex 59 39 17
      vertex 63.7416 38.2583 17
      vertex 63.5433 37.7039 17
    endloop
  endfacet
  facet normal 0 0 -1
    outer loop
      vertex 59 39 17
      vertex 63.5433 37.7039 17
      vertex 63.2915 37.1716 17
    endloop
  endfacet
  facet normal 0 0 -1
    outer loop
      vertex 59 39 17
      vertex 63.2915 37.1716 17
      vertex 62.9888 36.6666 17
    endloop
  endfacet
  facet normal 0 0 -1
    outer loop
      vertex 59 39 17
      vertex 62.9888 36.6666 17
      vertex 62.6381 36.1936 17
    endloop
  endfacet
  facet normal 0 0 -1
    outer loop
      vertex 59 39 17
      vertex 62.6381 36.1936 17
      vertex 62.2426 35.7574 17
    endloop
  endfacet
  facet normal 0 0 -1
    outer loop
      vertex 59 39 17
      vertex 62.2426 35.7574 17
      vertex 61.8064 35.3619 17
    endloop
  endfacet
  facet normal 0 0 -1
    outer loop
      vertex 59 39 17
      vertex 61.8064 35.3619 17
      vertex 61.3334 35.0112 17
    endloop
  endfacet
  facet normal 0 0 -1
    outer loop
      vertex 59 39 17
      vertex 61.3334 35.0112 17
      vertex 60.8284 34.7085 17
    endloop
  endfacet
  facet normal 0 0 -1
    outer loop
      vertex 59 39 17
      vertex 60.8284 34.7085 17
      vertex 60.2961 34.4567 17
    endloop
  endfacet
  facet normal 0 0 -1
    outer loop
      vertex 59 39 17
      vertex 60.2961 34.4567 17
      vertex 59.7417 34.2583 17
    endloop
  endfacet
  facet normal 0 0 -1
    outer loop
      vertex 59 39 17
      vertex 59.7417 34.2583 17
      vertex 59.1705 34.1153 17
    endloop
  endfacet
  facet normal 0 0 -1
    outer loop
      vertex 63.8847 38.8295 17
      vertex 59 39 17
      vertex 63.91 39 17
    endloop
  endfacet
  facet normal 0 0 -1
    outer loop
      vertex 58.5881 34.0289 17
      vertex 59 39 17
      vertex 59.1705 34.1153 17
    endloop
  endfacet
  facet normal 0 0 -1
    outer loop
      vertex 57.6277 38.9326 17
      vertex 58.5881 34.0289 17
      vertex 58 34 17
    endloop
  endfacet
  facet normal 0 0 -1
    outer loop
      vertex 58.5881 34.0289 17
      vertex 57.6277 38.9326 17
      vertex 59 39 17
    endloop
  endfacet
  facet normal 0 0 -1
    outer loop
      vertex 58 34 17
      vertex 56.2687 38.731 17
      vertex 57.6277 38.9326 17
    endloop
  endfacet
  facet normal 0 0 -1
    outer loop
      vertex 58 34 17
      vertex 54.936 38.3972 17
      vertex 56.2687 38.731 17
    endloop
  endfacet
  facet normal 0 0 -1
    outer loop
      vertex 58 34 17
      vertex 53.6424 37.9343 17
      vertex 54.936 38.3972 17
    endloop
  endfacet
  facet normal 0 0 -1
    outer loop
      vertex 58 34 17
      vertex 52.4004 37.3469 17
      vertex 53.6424 37.9343 17
    endloop
  endfacet
  facet normal 0 0 -1
    outer loop
      vertex 58 34 17
      vertex 51.222 36.6406 17
      vertex 52.4004 37.3469 17
    endloop
  endfacet
  facet normal 0 0 -1
    outer loop
      vertex 58 34 17
      vertex 50.1185 35.8221 17
      vertex 51.222 36.6406 17
    endloop
  endfacet
  facet normal 0 0 -1
    outer loop
      vertex 58 34 17
      vertex 49.1005 34.8995 17
      vertex 50.1185 35.8221 17
    endloop
  endfacet
  facet normal 0 -0 -1
    outer loop
      vertex 49.1005 34.8995 17
      vertex 58 34 17
      vertex 48.2853 34 17
    endloop
  endfacet
  facet normal -0.989175 0.146739 0
    outer loop
      vertex 78.731 22.2687 3
      vertex 78.9326 23.6277 14
      vertex 78.9326 23.6277 3
    endloop
  endfacet
  facet normal -0.989175 0.146739 0
    outer loop
      vertex 78.9326 23.6277 14
      vertex 78.731 22.2687 3
      vertex 78.731 22.2687 14
    endloop
  endfacet
  facet normal 0.146739 0.989175 -0
    outer loop
      vertex 57.6277 11.0674 3
      vertex 56.2687 11.269 14
      vertex 57.6277 11.0674 14
    endloop
  endfacet
  facet normal 0.146739 0.989175 0
    outer loop
      vertex 56.2687 11.269 14
      vertex 57.6277 11.0674 3
      vertex 56.2687 11.269 3
    endloop
  endfacet
  facet normal -0.989177 -0.146728 0
    outer loop
      vertex 78.9326 26.3722 3
      vertex 78.731 27.7313 14
      vertex 78.731 27.7313 3
    endloop
  endfacet
  facet normal -0.989177 -0.146728 0
    outer loop
      vertex 78.731 27.7313 14
      vertex 78.9326 26.3722 3
      vertex 78.9326 26.3722 14
    endloop
  endfacet
  facet normal -0.242964 -0.970035 0
    outer loop
      vertex 67.7313 38.731 3
      vertex 69.064 38.3972 14
      vertex 67.7313 38.731 14
    endloop
  endfacet
  facet normal -0.242964 -0.970035 -0
    outer loop
      vertex 69.064 38.3972 14
      vertex 67.7313 38.731 3
      vertex 69.064 38.3972 3
    endloop
  endfacet
  facet normal 0.242964 -0.970035 0
    outer loop
      vertex 54.936 38.3972 3
      vertex 56.2687 38.731 17
      vertex 54.936 38.3972 17
    endloop
  endfacet
  facet normal 0.242964 -0.970035 0
    outer loop
      vertex 56.2687 38.731 17
      vertex 54.936 38.3972 3
      vertex 56.2687 38.731 3
    endloop
  endfacet
  facet normal 0.941533 -0.336921 0
    outer loop
      vertex 46 30.174 14
      vertex 46.0657 30.3576 3
      vertex 46.0657 30.3576 14
    endloop
  endfacet
  facet normal 0.941533 -0.336921 0
    outer loop
      vertex 46.0657 30.3576 3
      vertex 46 30.174 14
      vertex 46 30.174 3
    endloop
  endfacet
  facet normal -0.42757 0.903982 0
    outer loop
      vertex 71.5995 12.6531 3
      vertex 70.3576 12.0657 14
      vertex 71.5995 12.6531 14
    endloop
  endfacet
  facet normal -0.42757 0.903982 0
    outer loop
      vertex 70.3576 12.0657 14
      vertex 71.5995 12.6531 3
      vertex 70.3576 12.0657 3
    endloop
  endfacet
  facet normal 0.595694 0.803211 -0
    outer loop
      vertex 51.222 13.3594 3
      vertex 50.1185 14.1778 14
      vertex 51.222 13.3594 14
    endloop
  endfacet
  facet normal 0.595694 0.803211 0
    outer loop
      vertex 50.1185 14.1778 14
      vertex 51.222 13.3594 3
      vertex 50.1185 14.1778 3
    endloop
  endfacet
  facet normal -0.941534 -0.336917 0
    outer loop
      vertex 78.3972 29.064 3
      vertex 77.9343 30.3576 14
      vertex 77.9343 30.3576 3
    endloop
  endfacet
  facet normal -0.941534 -0.336917 0
    outer loop
      vertex 77.9343 30.3576 14
      vertex 78.3972 29.064 3
      vertex 78.3972 29.064 14
    endloop
  endfacet
  facet normal -0.740973 -0.671534 0
    outer loop
      vertex 75.8221 33.8815 3
      vertex 74.8995 34.8995 14
      vertex 74.8995 34.8995 3
    endloop
  endfacet
  facet normal -0.740973 -0.671534 0
    outer loop
      vertex 74.8995 34.8995 14
      vertex 75.8221 33.8815 3
      vertex 75.8221 33.8815 14
    endloop
  endfacet
  facet normal 0.803177 -0.595741 0
    outer loop
      vertex 47.3594 32.778 14
      vertex 48.1779 33.8815 3
      vertex 48.1779 33.8815 14
    endloop
  endfacet
  facet normal 0.803177 -0.595741 0
    outer loop
      vertex 48.1779 33.8815 3
      vertex 47.3594 32.778 14
      vertex 47.3594 32.778 3
    endloop
  endfacet
  facet normal 0.903982 -0.42757 0
    outer loop
      vertex 46.0657 30.3576 14
      vertex 46.6531 31.5995 3
      vertex 46.6531 31.5995 14
    endloop
  endfacet
  facet normal 0.903982 -0.42757 0
    outer loop
      vertex 46.6531 31.5995 3
      vertex 46.0657 30.3576 14
      vertex 46.0657 30.3576 3
    endloop
  endfacet
  facet normal -0.998796 0.0490555 0
    outer loop
      vertex 78.9326 23.6277 3
      vertex 79 25 14
      vertex 79 25 3
    endloop
  endfacet
  facet normal -0.998796 0.0490555 0
    outer loop
      vertex 79 25 14
      vertex 78.9326 23.6277 3
      vertex 78.9326 23.6277 14
    endloop
  endfacet
  facet normal -0.941534 0.336917 0
    outer loop
      vertex 77.9343 19.6424 3
      vertex 78.3972 20.936 14
      vertex 78.3972 20.936 3
    endloop
  endfacet
  facet normal -0.941534 0.336917 0
    outer loop
      vertex 78.3972 20.936 14
      vertex 77.9343 19.6424 3
      vertex 77.9343 19.6424 14
    endloop
  endfacet
  facet normal 0 1 -0
    outer loop
      vertex 62.0074 11 3
      vertex 59 11 14
      vertex 62.0074 11 14
    endloop
  endfacet
  facet normal 0 1 0
    outer loop
      vertex 59 11 14
      vertex 62.0074 11 3
      vertex 59 11 3
    endloop
  endfacet
  facet normal -0.998796 -0.0490591 0
    outer loop
      vertex 79 25 3
      vertex 78.9326 26.3722 14
      vertex 78.9326 26.3722 3
    endloop
  endfacet
  facet normal -0.998796 -0.0490591 0
    outer loop
      vertex 78.9326 26.3722 14
      vertex 79 25 3
      vertex 79 25 14
    endloop
  endfacet
  facet normal -0.970035 -0.242964 0
    outer loop
      vertex 78.731 27.7313 3
      vertex 78.3972 29.064 14
      vertex 78.3972 29.064 3
    endloop
  endfacet
  facet normal -0.970035 -0.242964 0
    outer loop
      vertex 78.3972 29.064 14
      vertex 78.731 27.7313 3
      vertex 78.731 27.7313 14
    endloop
  endfacet
  facet normal -0.42757 -0.903982 0
    outer loop
      vertex 70.3576 37.9343 3
      vertex 71.5995 37.3469 14
      vertex 70.3576 37.9343 14
    endloop
  endfacet
  facet normal -0.42757 -0.903982 -0
    outer loop
      vertex 71.5995 37.3469 14
      vertex 70.3576 37.9343 3
      vertex 71.5995 37.3469 3
    endloop
  endfacet
  facet normal -0.146728 -0.989177 0
    outer loop
      vertex 66.3722 38.9326 3
      vertex 67.7313 38.731 14
      vertex 66.3722 38.9326 14
    endloop
  endfacet
  facet normal -0.146728 -0.989177 -0
    outer loop
      vertex 67.7313 38.731 14
      vertex 66.3722 38.9326 3
      vertex 67.7313 38.731 3
    endloop
  endfacet
  facet normal 0 -1 0
    outer loop
      vertex 59 39 17
      vertex 63.91 39 14
      vertex 63.91 39 17
    endloop
  endfacet
  facet normal 0 -1 0
    outer loop
      vertex 59 39 3
      vertex 63.91 39 14
      vertex 59 39 17
    endloop
  endfacet
  facet normal 0 -1 0
    outer loop
      vertex 65 39 3
      vertex 63.91 39 14
      vertex 59 39 3
    endloop
  endfacet
  facet normal 0 -1 0
    outer loop
      vertex 63.91 39 14
      vertex 65 39 3
      vertex 65 39 14
    endloop
  endfacet
  facet normal -0.671534 -0.740973 0
    outer loop
      vertex 73.8815 35.8221 3
      vertex 74.8995 34.8995 14
      vertex 73.8815 35.8221 14
    endloop
  endfacet
  facet normal -0.671534 -0.740973 -0
    outer loop
      vertex 74.8995 34.8995 14
      vertex 73.8815 35.8221 3
      vertex 74.8995 34.8995 3
    endloop
  endfacet
  facet normal -0.85775 -0.514068 0
    outer loop
      vertex 77.3469 31.5995 3
      vertex 76.6406 32.778 14
      vertex 76.6406 32.778 3
    endloop
  endfacet
  facet normal -0.85775 -0.514068 0
    outer loop
      vertex 76.6406 32.778 14
      vertex 77.3469 31.5995 3
      vertex 77.3469 31.5995 14
    endloop
  endfacet
  facet normal -0.903982 -0.42757 0
    outer loop
      vertex 77.9343 30.3576 3
      vertex 77.3469 31.5995 14
      vertex 77.3469 31.5995 3
    endloop
  endfacet
  facet normal -0.903982 -0.42757 0
    outer loop
      vertex 77.3469 31.5995 14
      vertex 77.9343 30.3576 3
      vertex 77.9343 30.3576 14
    endloop
  endfacet
  facet normal -0.803177 -0.595741 0
    outer loop
      vertex 76.6406 32.778 3
      vertex 75.8221 33.8815 14
      vertex 75.8221 33.8815 3
    endloop
  endfacet
  facet normal -0.803177 -0.595741 0
    outer loop
      vertex 75.8221 33.8815 14
      vertex 76.6406 32.778 3
      vertex 76.6406 32.778 14
    endloop
  endfacet
  facet normal 0.146739 -0.989175 0
    outer loop
      vertex 56.2687 38.731 3
      vertex 57.6277 38.9326 17
      vertex 56.2687 38.731 17
    endloop
  endfacet
  facet normal 0.146739 -0.989175 0
    outer loop
      vertex 57.6277 38.9326 17
      vertex 56.2687 38.731 3
      vertex 57.6277 38.9326 3
    endloop
  endfacet
  facet normal 0.336917 -0.941534 0
    outer loop
      vertex 53.6424 37.9343 3
      vertex 54.936 38.3972 17
      vertex 53.6424 37.9343 17
    endloop
  endfacet
  facet normal 0.336917 -0.941534 0
    outer loop
      vertex 54.936 38.3972 17
      vertex 53.6424 37.9343 3
      vertex 54.936 38.3972 3
    endloop
  endfacet
  facet normal 0.5141 -0.85773 0
    outer loop
      vertex 51.222 36.6406 3
      vertex 52.4004 37.3469 17
      vertex 51.222 36.6406 17
    endloop
  endfacet
  facet normal 0.5141 -0.85773 0
    outer loop
      vertex 52.4004 37.3469 17
      vertex 51.222 36.6406 3
      vertex 52.4004 37.3469 3
    endloop
  endfacet
  facet normal 0.427542 -0.903996 0
    outer loop
      vertex 52.4004 37.3469 3
      vertex 53.6424 37.9343 17
      vertex 52.4004 37.3469 17
    endloop
  endfacet
  facet normal 0.427542 -0.903996 0
    outer loop
      vertex 53.6424 37.9343 17
      vertex 52.4004 37.3469 3
      vertex 53.6424 37.9343 3
    endloop
  endfacet
  facet normal 0.85775 -0.514068 0
    outer loop
      vertex 46.6531 31.5995 14
      vertex 47.3594 32.778 3
      vertex 47.3594 32.778 14
    endloop
  endfacet
  facet normal 0.85775 -0.514068 0
    outer loop
      vertex 47.3594 32.778 3
      vertex 46.6531 31.5995 14
      vertex 46.6531 31.5995 3
    endloop
  endfacet
  facet normal -0.970035 0.242964 0
    outer loop
      vertex 78.3972 20.936 3
      vertex 78.731 22.2687 14
      vertex 78.731 22.2687 3
    endloop
  endfacet
  facet normal -0.970035 0.242964 0
    outer loop
      vertex 78.731 22.2687 14
      vertex 78.3972 20.936 3
      vertex 78.3972 20.936 14
    endloop
  endfacet
  facet normal -0.85773 0.5141 0
    outer loop
      vertex 76.6406 17.222 3
      vertex 77.3469 18.4004 14
      vertex 77.3469 18.4004 3
    endloop
  endfacet
  facet normal -0.85773 0.5141 0
    outer loop
      vertex 77.3469 18.4004 14
      vertex 76.6406 17.222 3
      vertex 76.6406 17.222 14
    endloop
  endfacet
  facet normal -0.903996 0.427542 0
    outer loop
      vertex 77.3469 18.4004 3
      vertex 77.9343 19.6424 14
      vertex 77.9343 19.6424 3
    endloop
  endfacet
  facet normal -0.903996 0.427542 0
    outer loop
      vertex 77.9343 19.6424 14
      vertex 77.3469 18.4004 3
      vertex 77.3469 18.4004 14
    endloop
  endfacet
  facet normal -0.671574 0.740937 0
    outer loop
      vertex 74.8995 15.1005 3
      vertex 73.8815 14.1778 14
      vertex 74.8995 15.1005 14
    endloop
  endfacet
  facet normal -0.671574 0.740937 0
    outer loop
      vertex 73.8815 14.1778 14
      vertex 74.8995 15.1005 3
      vertex 73.8815 14.1778 3
    endloop
  endfacet
  facet normal -0.803177 0.595741 0
    outer loop
      vertex 75.8221 16.1185 3
      vertex 76.6406 17.222 14
      vertex 76.6406 17.222 3
    endloop
  endfacet
  facet normal -0.803177 0.595741 0
    outer loop
      vertex 76.6406 17.222 14
      vertex 75.8221 16.1185 3
      vertex 75.8221 16.1185 14
    endloop
  endfacet
  facet normal 0.0490555 0.998796 -0
    outer loop
      vertex 59 11 3
      vertex 57.6277 11.0674 14
      vertex 59 11 14
    endloop
  endfacet
  facet normal 0.0490555 0.998796 0
    outer loop
      vertex 57.6277 11.0674 14
      vertex 59 11 3
      vertex 57.6277 11.0674 3
    endloop
  endfacet
  facet normal -0.336845 0.94156 0
    outer loop
      vertex 70.3576 12.0657 3
      vertex 69.3488 11.7048 14
      vertex 70.3576 12.0657 14
    endloop
  endfacet
  facet normal -0.336845 0.94156 0
    outer loop
      vertex 69.3488 11.7048 14
      vertex 70.3576 12.0657 3
      vertex 69.3488 11.7048 3
    endloop
  endfacet
  facet normal -0.514068 -0.85775 0
    outer loop
      vertex 71.5995 37.3469 3
      vertex 72.778 36.6406 14
      vertex 71.5995 37.3469 14
    endloop
  endfacet
  facet normal -0.514068 -0.85775 -0
    outer loop
      vertex 72.778 36.6406 14
      vertex 71.5995 37.3469 3
      vertex 72.778 36.6406 3
    endloop
  endfacet
  facet normal -0.0490591 -0.998796 0
    outer loop
      vertex 65 39 3
      vertex 66.3722 38.9326 14
      vertex 65 39 14
    endloop
  endfacet
  facet normal -0.0490591 -0.998796 -0
    outer loop
      vertex 66.3722 38.9326 14
      vertex 65 39 3
      vertex 66.3722 38.9326 3
    endloop
  endfacet
  facet normal -0.336917 -0.941534 0
    outer loop
      vertex 69.064 38.3972 3
      vertex 70.3576 37.9343 14
      vertex 69.064 38.3972 14
    endloop
  endfacet
  facet normal -0.336917 -0.941534 -0
    outer loop
      vertex 70.3576 37.9343 14
      vertex 69.064 38.3972 3
      vertex 70.3576 37.9343 3
    endloop
  endfacet
  facet normal 0.0490555 -0.998796 0
    outer loop
      vertex 57.6277 38.9326 3
      vertex 59 39 17
      vertex 57.6277 38.9326 17
    endloop
  endfacet
  facet normal 0.0490555 -0.998796 0
    outer loop
      vertex 59 39 17
      vertex 57.6277 38.9326 3
      vertex 59 39 3
    endloop
  endfacet
  facet normal -0.595741 -0.803177 0
    outer loop
      vertex 72.778 36.6406 3
      vertex 73.8815 35.8221 14
      vertex 72.778 36.6406 14
    endloop
  endfacet
  facet normal -0.595741 -0.803177 -0
    outer loop
      vertex 73.8815 35.8221 14
      vertex 72.778 36.6406 3
      vertex 73.8815 35.8221 3
    endloop
  endfacet
  facet normal 0.595741 -0.803177 0
    outer loop
      vertex 50.1185 35.8221 3
      vertex 51.222 36.6406 17
      vertex 50.1185 35.8221 17
    endloop
  endfacet
  facet normal 0.595741 -0.803177 0
    outer loop
      vertex 51.222 36.6406 17
      vertex 50.1185 35.8221 3
      vertex 51.222 36.6406 3
    endloop
  endfacet
  facet normal 0.740975 -0.671532 0
    outer loop
      vertex 48.2853 34 14
      vertex 49.1005 34.8995 17
      vertex 48.2853 34 17
    endloop
  endfacet
  facet normal 0.740975 -0.671532 0
    outer loop
      vertex 49.1005 34.8995 17
      vertex 48.2853 34 14
      vertex 49.1005 34.8995 3
    endloop
  endfacet
  facet normal 0.740958 -0.671552 0
    outer loop
      vertex 48.1779 33.8815 3
      vertex 48.2853 34 14
      vertex 48.1779 33.8815 14
    endloop
  endfacet
  facet normal 0.740973 -0.671534 -3.37468e-07
    outer loop
      vertex 48.2853 34 14
      vertex 48.1779 33.8815 3
      vertex 49.1005 34.8995 3
    endloop
  endfacet
  facet normal -0.595694 0.803211 0
    outer loop
      vertex 73.8815 14.1778 3
      vertex 72.778 13.3594 14
      vertex 73.8815 14.1778 14
    endloop
  endfacet
  facet normal -0.595694 0.803211 0
    outer loop
      vertex 72.778 13.3594 14
      vertex 73.8815 14.1778 3
      vertex 72.778 13.3594 3
    endloop
  endfacet
  facet normal -0.514068 0.85775 0
    outer loop
      vertex 72.778 13.3594 3
      vertex 71.5995 12.6531 14
      vertex 72.778 13.3594 14
    endloop
  endfacet
  facet normal -0.514068 0.85775 0
    outer loop
      vertex 71.5995 12.6531 14
      vertex 72.778 13.3594 3
      vertex 71.5995 12.6531 3
    endloop
  endfacet
  facet normal -0.740973 0.671534 0
    outer loop
      vertex 74.8995 15.1005 3
      vertex 75.8221 16.1185 14
      vertex 75.8221 16.1185 3
    endloop
  endfacet
  facet normal -0.740973 0.671534 0
    outer loop
      vertex 75.8221 16.1185 14
      vertex 74.8995 15.1005 3
      vertex 74.8995 15.1005 14
    endloop
  endfacet
  facet normal 0.336917 0.941534 -0
    outer loop
      vertex 54.936 11.6028 3
      vertex 53.6424 12.0657 14
      vertex 54.936 11.6028 14
    endloop
  endfacet
  facet normal 0.336917 0.941534 0
    outer loop
      vertex 53.6424 12.0657 14
      vertex 54.936 11.6028 3
      vertex 53.6424 12.0657 3
    endloop
  endfacet
  facet normal 0.5141 0.85773 -0
    outer loop
      vertex 52.4004 12.6531 3
      vertex 51.222 13.3594 14
      vertex 52.4004 12.6531 14
    endloop
  endfacet
  facet normal 0.5141 0.85773 0
    outer loop
      vertex 51.222 13.3594 14
      vertex 52.4004 12.6531 3
      vertex 51.222 13.3594 3
    endloop
  endfacet
  facet normal 0.671574 0.740937 -0
    outer loop
      vertex 50.1185 14.1778 3
      vertex 49.1005 15.1005 14
      vertex 50.1185 14.1778 14
    endloop
  endfacet
  facet normal 0.671574 0.740937 0
    outer loop
      vertex 49.1005 15.1005 14
      vertex 50.1185 14.1778 3
      vertex 49.1005 15.1005 3
    endloop
  endfacet
  facet normal 0.903996 0.427542 0
    outer loop
      vertex 46.6531 18.4004 14
      vertex 46.0657 19.6424 3
      vertex 46.0657 19.6424 14
    endloop
  endfacet
  facet normal 0.903996 0.427542 0
    outer loop
      vertex 46.0657 19.6424 3
      vertex 46.6531 18.4004 14
      vertex 46.6531 18.4004 3
    endloop
  endfacet
  facet normal 0.803177 0.595741 0
    outer loop
      vertex 48.1779 16.1185 14
      vertex 47.3594 17.222 3
      vertex 47.3594 17.222 14
    endloop
  endfacet
  facet normal 0.803177 0.595741 0
    outer loop
      vertex 47.3594 17.222 3
      vertex 48.1779 16.1185 14
      vertex 48.1779 16.1185 3
    endloop
  endfacet
  facet normal 0.85773 0.5141 0
    outer loop
      vertex 47.3594 17.222 14
      vertex 46.6531 18.4004 3
      vertex 46.6531 18.4004 14
    endloop
  endfacet
  facet normal 0.85773 0.5141 0
    outer loop
      vertex 46.6531 18.4004 3
      vertex 47.3594 17.222 14
      vertex 47.3594 17.222 3
    endloop
  endfacet
  facet normal 0.671534 -0.740973 0
    outer loop
      vertex 49.1005 34.8995 3
      vertex 50.1185 35.8221 17
      vertex 49.1005 34.8995 17
    endloop
  endfacet
  facet normal 0.671534 -0.740973 0
    outer loop
      vertex 50.1185 35.8221 17
      vertex 49.1005 34.8995 3
      vertex 50.1185 35.8221 3
    endloop
  endfacet
  facet normal 0.242964 0.970035 -0
    outer loop
      vertex 56.2687 11.269 3
      vertex 54.936 11.6028 14
      vertex 56.2687 11.269 14
    endloop
  endfacet
  facet normal 0.242964 0.970035 0
    outer loop
      vertex 54.936 11.6028 14
      vertex 56.2687 11.269 3
      vertex 54.936 11.6028 3
    endloop
  endfacet
  facet normal 0.427542 0.903996 -0
    outer loop
      vertex 53.6424 12.0657 3
      vertex 52.4004 12.6531 14
      vertex 53.6424 12.0657 14
    endloop
  endfacet
  facet normal 0.427542 0.903996 0
    outer loop
      vertex 52.4004 12.6531 14
      vertex 53.6424 12.0657 3
      vertex 52.4004 12.6531 3
    endloop
  endfacet
  facet normal 0.740973 0.671534 0
    outer loop
      vertex 49.1005 15.1005 14
      vertex 48.1779 16.1185 3
      vertex 48.1779 16.1185 14
    endloop
  endfacet
  facet normal 0.740973 0.671534 0
    outer loop
      vertex 48.1779 16.1185 3
      vertex 49.1005 15.1005 14
      vertex 49.1005 15.1005 3
    endloop
  endfacet
  facet normal 0.941533 0.336921 0
    outer loop
      vertex 46.0657 19.6424 14
      vertex 46 19.826 3
      vertex 46 19.826 14
    endloop
  endfacet
  facet normal 0.941533 0.336921 0
    outer loop
      vertex 46 19.826 3
      vertex 46.0657 19.6424 14
      vertex 46.0657 19.6424 3
    endloop
  endfacet
  facet normal -0.998793 -0.0491153 0
    outer loop
      vertex 71 8 3
      vertex 70.9759 8.49009 14
      vertex 70.9759 8.49009 3
    endloop
  endfacet
  facet normal -0.998793 -0.0491153 0
    outer loop
      vertex 70.9759 8.49009 14
      vertex 71 8 3
      vertex 71 8 14
    endloop
  endfacet
  facet normal -0.0490736 0.998795 0
    outer loop
      vertex 66.4901 3.02408 3
      vertex 66 3 14
      vertex 66.4901 3.02408 14
    endloop
  endfacet
  facet normal -0.0490736 0.998795 0
    outer loop
      vertex 66 3 14
      vertex 66.4901 3.02408 3
      vertex 66 3 3
    endloop
  endfacet
  facet normal -0.671744 -0.740783 0
    outer loop
      vertex 69.3488 11.7048 3
      vertex 69.5355 11.5355 14
      vertex 69.3488 11.7048 14
    endloop
  endfacet
  facet normal -0.671744 -0.740783 -0
    outer loop
      vertex 69.5355 11.5355 14
      vertex 69.3488 11.7048 3
      vertex 69.5355 11.5355 3
    endloop
  endfacet
  facet normal 0.941548 0.336879 0
    outer loop
      vertex 61.3806 6.08658 14
      vertex 61.2153 6.54858 3
      vertex 61.2153 6.54858 14
    endloop
  endfacet
  facet normal 0.941548 0.336879 0
    outer loop
      vertex 61.2153 6.54858 3
      vertex 61.3806 6.08658 14
      vertex 61.3806 6.08658 3
    endloop
  endfacet
  facet normal -0.903987 -0.427559 0
    outer loop
      vertex 70.6194 9.91342 3
      vertex 70.4096 10.357 14
      vertex 70.4096 10.357 3
    endloop
  endfacet
  facet normal -0.903987 -0.427559 0
    outer loop
      vertex 70.4096 10.357 14
      vertex 70.6194 9.91342 3
      vertex 70.6194 9.91342 14
    endloop
  endfacet
  facet normal 0.903987 -0.427559 0
    outer loop
      vertex 61.3806 9.91342 14
      vertex 61.5904 10.357 3
      vertex 61.5904 10.357 14
    endloop
  endfacet
  facet normal 0.903987 -0.427559 0
    outer loop
      vertex 61.5904 10.357 3
      vertex 61.3806 9.91342 14
      vertex 61.3806 9.91342 3
    endloop
  endfacet
  facet normal 0.857709 -0.514136 0
    outer loop
      vertex 61.5904 10.357 14
      vertex 61.8427 10.7779 3
      vertex 61.8427 10.7779 14
    endloop
  endfacet
  facet normal 0.857709 -0.514136 0
    outer loop
      vertex 61.8427 10.7779 3
      vertex 61.5904 10.357 14
      vertex 61.5904 10.357 3
    endloop
  endfacet
  facet normal -0.90398 0.427575 0
    outer loop
      vertex 70.4096 5.64302 3
      vertex 70.6194 6.08658 14
      vertex 70.6194 6.08658 3
    endloop
  endfacet
  facet normal -0.90398 0.427575 0
    outer loop
      vertex 70.6194 6.08658 14
      vertex 70.4096 5.64302 3
      vertex 70.4096 5.64302 14
    endloop
  endfacet
  facet normal -0.336879 0.941548 0
    outer loop
      vertex 67.9134 3.3806 3
      vertex 67.4514 3.2153 14
      vertex 67.9134 3.3806 14
    endloop
  endfacet
  facet normal -0.336879 0.941548 0
    outer loop
      vertex 67.4514 3.2153 14
      vertex 67.9134 3.3806 3
      vertex 67.4514 3.2153 3
    endloop
  endfacet
  facet normal -0.740861 0.671658 0
    outer loop
      vertex 69.5355 4.46447 3
      vertex 69.8651 4.82803 14
      vertex 69.8651 4.82803 3
    endloop
  endfacet
  facet normal -0.740861 0.671658 0
    outer loop
      vertex 69.8651 4.82803 14
      vertex 69.5355 4.46447 3
      vertex 69.5355 4.46447 14
    endloop
  endfacet
  facet normal -0.970043 0.242934 0
    outer loop
      vertex 70.7847 6.54858 3
      vertex 70.9039 7.02455 14
      vertex 70.9039 7.02455 3
    endloop
  endfacet
  facet normal -0.970043 0.242934 0
    outer loop
      vertex 70.9039 7.02455 14
      vertex 70.7847 6.54858 3
      vertex 70.7847 6.54858 14
    endloop
  endfacet
  facet normal 0.242977 0.970032 -0
    outer loop
      vertex 65.0246 3.09607 3
      vertex 64.5486 3.2153 14
      vertex 65.0246 3.09607 14
    endloop
  endfacet
  facet normal 0.242977 0.970032 0
    outer loop
      vertex 64.5486 3.2153 14
      vertex 65.0246 3.09607 3
      vertex 64.5486 3.2153 3
    endloop
  endfacet
  facet normal 0.671629 0.740887 -0
    outer loop
      vertex 62.828 4.13495 3
      vertex 62.4645 4.46447 14
      vertex 62.828 4.13495 14
    endloop
  endfacet
  facet normal 0.671629 0.740887 0
    outer loop
      vertex 62.4645 4.46447 14
      vertex 62.828 4.13495 3
      vertex 62.4645 4.46447 3
    endloop
  endfacet
  facet normal -0.970043 -0.242934 0
    outer loop
      vertex 70.9039 8.97545 3
      vertex 70.7847 9.45142 14
      vertex 70.7847 9.45142 3
    endloop
  endfacet
  facet normal -0.970043 -0.242934 0
    outer loop
      vertex 70.7847 9.45142 14
      vertex 70.9039 8.97545 3
      vertex 70.9039 8.97545 14
    endloop
  endfacet
  facet normal -0.989175 -0.146738 0
    outer loop
      vertex 70.9759 8.49009 3
      vertex 70.9039 8.97545 14
      vertex 70.9039 8.97545 3
    endloop
  endfacet
  facet normal -0.989175 -0.146738 0
    outer loop
      vertex 70.9039 8.97545 14
      vertex 70.9759 8.49009 3
      vertex 70.9759 8.49009 14
    endloop
  endfacet
  facet normal -0.941548 -0.336879 0
    outer loop
      vertex 70.7847 9.45142 3
      vertex 70.6194 9.91342 14
      vertex 70.6194 9.91342 3
    endloop
  endfacet
  facet normal -0.941548 -0.336879 0
    outer loop
      vertex 70.6194 9.91342 14
      vertex 70.7847 9.45142 3
      vertex 70.7847 9.45142 14
    endloop
  endfacet
  facet normal -0.80329 -0.595588 0
    outer loop
      vertex 70.1573 10.7779 3
      vertex 69.8651 11.172 14
      vertex 69.8651 11.172 3
    endloop
  endfacet
  facet normal -0.80329 -0.595588 0
    outer loop
      vertex 69.8651 11.172 14
      vertex 70.1573 10.7779 3
      vertex 70.1573 10.7779 14
    endloop
  endfacet
  facet normal -0.857709 -0.514136 0
    outer loop
      vertex 70.4096 10.357 3
      vertex 70.1573 10.7779 14
      vertex 70.1573 10.7779 3
    endloop
  endfacet
  facet normal -0.857709 -0.514136 0
    outer loop
      vertex 70.1573 10.7779 14
      vertex 70.4096 10.357 3
      vertex 70.4096 10.357 14
    endloop
  endfacet
  facet normal 0.989175 -0.146738 0
    outer loop
      vertex 61.0241 8.49009 14
      vertex 61.0961 8.97545 3
      vertex 61.0961 8.97545 14
    endloop
  endfacet
  facet normal 0.989175 -0.146738 0
    outer loop
      vertex 61.0961 8.97545 3
      vertex 61.0241 8.49009 14
      vertex 61.0241 8.49009 3
    endloop
  endfacet
  facet normal 0.941548 -0.336879 0
    outer loop
      vertex 61.2153 9.45142 14
      vertex 61.3806 9.91342 3
      vertex 61.3806 9.91342 14
    endloop
  endfacet
  facet normal 0.941548 -0.336879 0
    outer loop
      vertex 61.3806 9.91342 3
      vertex 61.2153 9.45142 14
      vertex 61.2153 9.45142 3
    endloop
  endfacet
  facet normal 0.998793 -0.0491153 0
    outer loop
      vertex 61 8 14
      vertex 61.0241 8.49009 3
      vertex 61.0241 8.49009 14
    endloop
  endfacet
  facet normal 0.998793 -0.0491153 0
    outer loop
      vertex 61.0241 8.49009 3
      vertex 61 8 14
      vertex 61 8 3
    endloop
  endfacet
  facet normal -0.146736 0.989176 0
    outer loop
      vertex 66.9754 3.09607 3
      vertex 66.4901 3.02408 14
      vertex 66.9754 3.09607 14
    endloop
  endfacet
  facet normal -0.146736 0.989176 0
    outer loop
      vertex 66.4901 3.02408 14
      vertex 66.9754 3.09607 3
      vertex 66.4901 3.02408 3
    endloop
  endfacet
  facet normal -0.514166 0.857691 0
    outer loop
      vertex 68.7778 3.84265 3
      vertex 68.357 3.59039 14
      vertex 68.7778 3.84265 14
    endloop
  endfacet
  facet normal -0.514166 0.857691 0
    outer loop
      vertex 68.357 3.59039 14
      vertex 68.7778 3.84265 3
      vertex 68.357 3.59039 3
    endloop
  endfacet
  facet normal -0.671629 0.740887 0
    outer loop
      vertex 69.5355 4.46447 3
      vertex 69.172 4.13495 14
      vertex 69.5355 4.46447 14
    endloop
  endfacet
  facet normal -0.671629 0.740887 0
    outer loop
      vertex 69.172 4.13495 14
      vertex 69.5355 4.46447 3
      vertex 69.172 4.13495 3
    endloop
  endfacet
  facet normal -0.803304 0.595569 0
    outer loop
      vertex 69.8651 4.82803 3
      vertex 70.1573 5.22215 14
      vertex 70.1573 5.22215 3
    endloop
  endfacet
  facet normal -0.803304 0.595569 0
    outer loop
      vertex 70.1573 5.22215 14
      vertex 69.8651 4.82803 3
      vertex 69.8651 4.82803 14
    endloop
  endfacet
  facet normal -0.857692 0.514163 0
    outer loop
      vertex 70.1573 5.22215 3
      vertex 70.4096 5.64302 14
      vertex 70.4096 5.64302 3
    endloop
  endfacet
  facet normal -0.857692 0.514163 0
    outer loop
      vertex 70.4096 5.64302 14
      vertex 70.1573 5.22215 3
      vertex 70.1573 5.22215 14
    endloop
  endfacet
  facet normal 0.59572 0.803192 -0
    outer loop
      vertex 63.2221 3.84265 3
      vertex 62.828 4.13495 14
      vertex 63.2221 3.84265 14
    endloop
  endfacet
  facet normal 0.59572 0.803192 0
    outer loop
      vertex 62.828 4.13495 14
      vertex 63.2221 3.84265 3
      vertex 62.828 4.13495 3
    endloop
  endfacet
  facet normal 0.514076 0.857745 -0
    outer loop
      vertex 63.643 3.59039 3
      vertex 63.2221 3.84265 14
      vertex 63.643 3.59039 14
    endloop
  endfacet
  facet normal 0.514076 0.857745 0
    outer loop
      vertex 63.2221 3.84265 14
      vertex 63.643 3.59039 3
      vertex 63.2221 3.84265 3
    endloop
  endfacet
  facet normal 0.427526 0.904003 -0
    outer loop
      vertex 64.0866 3.3806 3
      vertex 63.643 3.59039 14
      vertex 64.0866 3.3806 14
    endloop
  endfacet
  facet normal 0.427526 0.904003 0
    outer loop
      vertex 63.643 3.59039 14
      vertex 64.0866 3.3806 3
      vertex 63.643 3.59039 3
    endloop
  endfacet
  facet normal 0.0490736 0.998795 -0
    outer loop
      vertex 66 3 3
      vertex 65.5099 3.02408 14
      vertex 66 3 14
    endloop
  endfacet
  facet normal 0.0490736 0.998795 0
    outer loop
      vertex 65.5099 3.02408 14
      vertex 66 3 3
      vertex 65.5099 3.02408 3
    endloop
  endfacet
  facet normal 0.803304 0.595569 0
    outer loop
      vertex 62.1349 4.82803 14
      vertex 61.8427 5.22215 3
      vertex 61.8427 5.22215 14
    endloop
  endfacet
  facet normal 0.803304 0.595569 0
    outer loop
      vertex 61.8427 5.22215 3
      vertex 62.1349 4.82803 14
      vertex 62.1349 4.82803 3
    endloop
  endfacet
  facet normal 0.857692 0.514163 0
    outer loop
      vertex 61.8427 5.22215 14
      vertex 61.5904 5.64302 3
      vertex 61.5904 5.64302 14
    endloop
  endfacet
  facet normal 0.857692 0.514163 0
    outer loop
      vertex 61.5904 5.64302 3
      vertex 61.8427 5.22215 14
      vertex 61.8427 5.22215 3
    endloop
  endfacet
  facet normal 0.740861 0.671658 0
    outer loop
      vertex 62.4645 4.46447 14
      vertex 62.1349 4.82803 3
      vertex 62.1349 4.82803 14
    endloop
  endfacet
  facet normal 0.740861 0.671658 0
    outer loop
      vertex 62.1349 4.82803 3
      vertex 62.4645 4.46447 14
      vertex 62.4645 4.46447 3
    endloop
  endfacet
  facet normal 0.90398 0.427575 0
    outer loop
      vertex 61.5904 5.64302 14
      vertex 61.3806 6.08658 3
      vertex 61.3806 6.08658 14
    endloop
  endfacet
  facet normal 0.90398 0.427575 0
    outer loop
      vertex 61.3806 6.08658 3
      vertex 61.5904 5.64302 14
      vertex 61.5904 5.64302 3
    endloop
  endfacet
  facet normal 0.989175 0.146738 0
    outer loop
      vertex 61.0961 7.02455 14
      vertex 61.0241 7.50991 3
      vertex 61.0241 7.50991 14
    endloop
  endfacet
  facet normal 0.989175 0.146738 0
    outer loop
      vertex 61.0241 7.50991 3
      vertex 61.0961 7.02455 14
      vertex 61.0961 7.02455 3
    endloop
  endfacet
  facet normal -0.740806 -0.671719 0
    outer loop
      vertex 69.8651 11.172 3
      vertex 69.5355 11.5355 14
      vertex 69.5355 11.5355 3
    endloop
  endfacet
  facet normal -0.740806 -0.671719 0
    outer loop
      vertex 69.5355 11.5355 14
      vertex 69.8651 11.172 3
      vertex 69.8651 11.172 14
    endloop
  endfacet
  facet normal 0.803243 -0.595651 0
    outer loop
      vertex 61.8427 10.7779 14
      vertex 62.0074 11 3
      vertex 62.0074 11 14
    endloop
  endfacet
  facet normal 0.803243 -0.595651 0
    outer loop
      vertex 62.0074 11 3
      vertex 61.8427 10.7779 14
      vertex 61.8427 10.7779 3
    endloop
  endfacet
  facet normal 0.970043 -0.242934 0
    outer loop
      vertex 61.0961 8.97545 14
      vertex 61.2153 9.45142 3
      vertex 61.2153 9.45142 14
    endloop
  endfacet
  facet normal 0.970043 -0.242934 0
    outer loop
      vertex 61.2153 9.45142 3
      vertex 61.0961 8.97545 14
      vertex 61.0961 8.97545 3
    endloop
  endfacet
  facet normal 0.998793 0.0491153 0
    outer loop
      vertex 61.0241 7.50991 14
      vertex 61 8 3
      vertex 61 8 14
    endloop
  endfacet
  facet normal 0.998793 0.0491153 0
    outer loop
      vertex 61 8 3
      vertex 61.0241 7.50991 14
      vertex 61.0241 7.50991 3
    endloop
  endfacet
  facet normal -0.242977 0.970032 0
    outer loop
      vertex 67.4514 3.2153 3
      vertex 66.9754 3.09607 14
      vertex 67.4514 3.2153 14
    endloop
  endfacet
  facet normal -0.242977 0.970032 0
    outer loop
      vertex 66.9754 3.09607 14
      vertex 67.4514 3.2153 3
      vertex 66.9754 3.09607 3
    endloop
  endfacet
  facet normal -0.427526 0.904003 0
    outer loop
      vertex 68.357 3.59039 3
      vertex 67.9134 3.3806 14
      vertex 68.357 3.59039 14
    endloop
  endfacet
  facet normal -0.427526 0.904003 0
    outer loop
      vertex 67.9134 3.3806 14
      vertex 68.357 3.59039 3
      vertex 67.9134 3.3806 3
    endloop
  endfacet
  facet normal -0.595622 0.803265 0
    outer loop
      vertex 69.172 4.13495 3
      vertex 68.7778 3.84265 14
      vertex 69.172 4.13495 14
    endloop
  endfacet
  facet normal -0.595622 0.803265 0
    outer loop
      vertex 68.7778 3.84265 14
      vertex 69.172 4.13495 3
      vertex 68.7778 3.84265 3
    endloop
  endfacet
  facet normal -0.941548 0.336879 0
    outer loop
      vertex 70.6194 6.08658 3
      vertex 70.7847 6.54858 14
      vertex 70.7847 6.54858 3
    endloop
  endfacet
  facet normal -0.941548 0.336879 0
    outer loop
      vertex 70.7847 6.54858 14
      vertex 70.6194 6.08658 3
      vertex 70.6194 6.08658 14
    endloop
  endfacet
  facet normal -0.989175 0.146738 0
    outer loop
      vertex 70.9039 7.02455 3
      vertex 70.9759 7.50991 14
      vertex 70.9759 7.50991 3
    endloop
  endfacet
  facet normal -0.989175 0.146738 0
    outer loop
      vertex 70.9759 7.50991 14
      vertex 70.9039 7.02455 3
      vertex 70.9039 7.02455 14
    endloop
  endfacet
  facet normal -0.998793 0.0491153 0
    outer loop
      vertex 70.9759 7.50991 3
      vertex 71 8 14
      vertex 71 8 3
    endloop
  endfacet
  facet normal -0.998793 0.0491153 0
    outer loop
      vertex 71 8 14
      vertex 70.9759 7.50991 3
      vertex 70.9759 7.50991 14
    endloop
  endfacet
  facet normal 0.336879 0.941548 -0
    outer loop
      vertex 64.5486 3.2153 3
      vertex 64.0866 3.3806 14
      vertex 64.5486 3.2153 14
    endloop
  endfacet
  facet normal 0.336879 0.941548 0
    outer loop
      vertex 64.0866 3.3806 14
      vertex 64.5486 3.2153 3
      vertex 64.0866 3.3806 3
    endloop
  endfacet
  facet normal 0.146736 0.989176 -0
    outer loop
      vertex 65.5099 3.02408 3
      vertex 65.0246 3.09607 14
      vertex 65.5099 3.02408 14
    endloop
  endfacet
  facet normal 0.146736 0.989176 0
    outer loop
      vertex 65.0246 3.09607 14
      vertex 65.5099 3.02408 3
      vertex 65.0246 3.09607 3
    endloop
  endfacet
  facet normal 0.970043 0.242934 0
    outer loop
      vertex 61.2153 6.54858 14
      vertex 61.0961 7.02455 3
      vertex 61.0961 7.02455 14
    endloop
  endfacet
  facet normal 0.970043 0.242934 0
    outer loop
      vertex 61.0961 7.02455 3
      vertex 61.2153 6.54858 14
      vertex 61.2153 6.54858 3
    endloop
  endfacet
  facet normal 0 0 -1
    outer loop
      vertex 0 20 13
      vertex 4 30 13
      vertex 4 20 13
    endloop
  endfacet
  facet normal -0 0 -1
    outer loop
      vertex 4 30 13
      vertex 0 20 13
      vertex 0 30 13
    endloop
  endfacet
  facet normal -1 0 0
    outer loop
      vertex 4 20 7
      vertex 4 30 13
      vertex 4 30 7
    endloop
  endfacet
  facet normal -1 -0 0
    outer loop
      vertex 4 30 13
      vertex 4 20 7
      vertex 4 20 13
    endloop
  endfacet
  facet normal 0 -1 0
    outer loop
      vertex 0 30 7
      vertex 4 30 13
      vertex 0 30 13
    endloop
  endfacet
  facet normal 0 -1 -0
    outer loop
      vertex 4 30 13
      vertex 0 30 7
      vertex 4 30 7
    endloop
  endfacet
  facet normal -0 0 1
    outer loop
      vertex 0 30 7
      vertex 4 20 7
      vertex 4 30 7
    endloop
  endfacet
  facet normal 0 0 1
    outer loop
      vertex 4 20 7
      vertex 0 30 7
      vertex 0 20 7
    endloop
  endfacet
  facet normal 0 1 -0
    outer loop
      vertex 4 20 7
      vertex 0 20 13
      vertex 4 20 13
    endloop
  endfacet
  facet normal 0 1 0
    outer loop
      vertex 0 20 13
      vertex 4 20 7
      vertex 0 20 7
    endloop
  endfacet
endsolid OpenSCAD_Model
