solid OpenSCAD_Model
  facet normal -0.998796 -0.0490499 0
    outer loop
      vertex 6.75 -6 0
      vertex 6.74639 -5.92649 3
      vertex 6.74639 -5.92649 0
    endloop
  endfacet
  facet normal -0.998796 -0.0490499 0
    outer loop
      vertex 6.74639 -5.92649 3
      vertex 6.75 -6 0
      vertex 6.75 -6 3
    endloop
  endfacet
  facet normal 0.0490499 -0.998796 0
    outer loop
      vertex 5.92649 -5.25361 0
      vertex 6 -5.25 3
      vertex 5.92649 -5.25361 3
    endloop
  endfacet
  facet normal 0.0490499 -0.998796 0
    outer loop
      vertex 6 -5.25 3
      vertex 5.92649 -5.25361 0
      vertex 6 -5.25 0
    endloop
  endfacet
  facet normal -0.0490499 0.998796 0
    outer loop
      vertex 6.07351 -6.74639 0
      vertex 6 -6.75 3
      vertex 6.07351 -6.74639 3
    endloop
  endfacet
  facet normal -0.0490499 0.998796 0
    outer loop
      vertex 6 -6.75 3
      vertex 6.07351 -6.74639 0
      vertex 6 -6.75 0
    endloop
  endfacet
  facet normal -0.671543 -0.740966 0
    outer loop
      vertex 6.47579 -5.42024 0
      vertex 6.53033 -5.46967 3
      vertex 6.47579 -5.42024 3
    endloop
  endfacet
  facet normal -0.671543 -0.740966 -0
    outer loop
      vertex 6.53033 -5.46967 3
      vertex 6.47579 -5.42024 0
      vertex 6.53033 -5.46967 0
    endloop
  endfacet
  facet normal 0.740905 -0.67161 0
    outer loop
      vertex 5.42024 -5.5242 3
      vertex 5.46967 -5.46967 0
      vertex 5.46967 -5.46967 3
    endloop
  endfacet
  facet normal 0.740905 -0.67161 0
    outer loop
      vertex 5.46967 -5.46967 0
      vertex 5.42024 -5.5242 3
      vertex 5.42024 -5.5242 0
    endloop
  endfacet
  facet normal 0.427543 -0.903995 0
    outer loop
      vertex 5.64645 -5.33856 0
      vertex 5.71299 -5.30709 3
      vertex 5.64645 -5.33856 3
    endloop
  endfacet
  facet normal 0.427543 -0.903995 0
    outer loop
      vertex 5.71299 -5.30709 3
      vertex 5.64645 -5.33856 0
      vertex 5.71299 -5.30709 0
    endloop
  endfacet
  facet normal -0.903995 -0.427543 0
    outer loop
      vertex 6.69291 -5.71299 0
      vertex 6.66144 -5.64645 3
      vertex 6.66144 -5.64645 0
    endloop
  endfacet
  facet normal -0.903995 -0.427543 0
    outer loop
      vertex 6.66144 -5.64645 3
      vertex 6.69291 -5.71299 0
      vertex 6.69291 -5.71299 3
    endloop
  endfacet
  facet normal -0.336939 -0.941527 0
    outer loop
      vertex 6.21771 -5.28229 0
      vertex 6.28701 -5.30709 3
      vertex 6.21771 -5.28229 3
    endloop
  endfacet
  facet normal -0.336939 -0.941527 -0
    outer loop
      vertex 6.28701 -5.30709 3
      vertex 6.21771 -5.28229 0
      vertex 6.28701 -5.30709 0
    endloop
  endfacet
  facet normal -0.514116 -0.857721 0
    outer loop
      vertex 6.35355 -5.33856 0
      vertex 6.41668 -5.3764 3
      vertex 6.35355 -5.33856 3
    endloop
  endfacet
  facet normal -0.514116 -0.857721 -0
    outer loop
      vertex 6.41668 -5.3764 3
      vertex 6.35355 -5.33856 0
      vertex 6.41668 -5.3764 0
    endloop
  endfacet
  facet normal 0.941527 -0.336939 0
    outer loop
      vertex 5.28229 -5.78229 3
      vertex 5.30709 -5.71299 0
      vertex 5.30709 -5.71299 3
    endloop
  endfacet
  facet normal 0.941527 -0.336939 0
    outer loop
      vertex 5.30709 -5.71299 0
      vertex 5.28229 -5.78229 3
      vertex 5.28229 -5.78229 0
    endloop
  endfacet
  facet normal 0.242951 -0.970039 0
    outer loop
      vertex 5.78229 -5.28229 0
      vertex 5.85368 -5.26441 3
      vertex 5.78229 -5.28229 3
    endloop
  endfacet
  facet normal 0.242951 -0.970039 0
    outer loop
      vertex 5.85368 -5.26441 3
      vertex 5.78229 -5.28229 0
      vertex 5.85368 -5.26441 0
    endloop
  endfacet
  facet normal -0.336818 0.94157 0
    outer loop
      vertex 6.28701 -6.69291 0
      vertex 6.21771 -6.7177 3
      vertex 6.28701 -6.69291 3
    endloop
  endfacet
  facet normal -0.336818 0.94157 0
    outer loop
      vertex 6.21771 -6.7177 3
      vertex 6.28701 -6.69291 0
      vertex 6.21771 -6.7177 0
    endloop
  endfacet
  facet normal -0.970006 -0.243079 0
    outer loop
      vertex 6.73559 -5.85368 0
      vertex 6.7177 -5.78229 3
      vertex 6.7177 -5.78229 0
    endloop
  endfacet
  facet normal -0.970006 -0.243079 0
    outer loop
      vertex 6.7177 -5.78229 3
      vertex 6.73559 -5.85368 0
      vertex 6.73559 -5.85368 3
    endloop
  endfacet
  facet normal -0.989177 -0.146726 0
    outer loop
      vertex 6.74639 -5.92649 0
      vertex 6.73559 -5.85368 3
      vertex 6.73559 -5.85368 0
    endloop
  endfacet
  facet normal -0.989177 -0.146726 0
    outer loop
      vertex 6.73559 -5.85368 3
      vertex 6.74639 -5.92649 0
      vertex 6.74639 -5.92649 3
    endloop
  endfacet
  facet normal -0.94157 -0.336818 0
    outer loop
      vertex 6.7177 -5.78229 0
      vertex 6.69291 -5.71299 3
      vertex 6.69291 -5.71299 0
    endloop
  endfacet
  facet normal -0.94157 -0.336818 0
    outer loop
      vertex 6.69291 -5.71299 3
      vertex 6.7177 -5.78229 0
      vertex 6.7177 -5.78229 3
    endloop
  endfacet
  facet normal -0.803249 -0.595643 0
    outer loop
      vertex 6.6236 -5.58332 0
      vertex 6.57976 -5.5242 3
      vertex 6.57976 -5.5242 0
    endloop
  endfacet
  facet normal -0.803249 -0.595643 0
    outer loop
      vertex 6.57976 -5.5242 3
      vertex 6.6236 -5.58332 0
      vertex 6.6236 -5.58332 3
    endloop
  endfacet
  facet normal -0.740905 -0.67161 0
    outer loop
      vertex 6.57976 -5.5242 0
      vertex 6.53033 -5.46967 3
      vertex 6.53033 -5.46967 0
    endloop
  endfacet
  facet normal -0.740905 -0.67161 0
    outer loop
      vertex 6.53033 -5.46967 3
      vertex 6.57976 -5.5242 0
      vertex 6.57976 -5.5242 3
    endloop
  endfacet
  facet normal -0.857721 -0.514116 0
    outer loop
      vertex 6.66144 -5.64645 0
      vertex 6.6236 -5.58332 3
      vertex 6.6236 -5.58332 0
    endloop
  endfacet
  facet normal -0.857721 -0.514116 0
    outer loop
      vertex 6.6236 -5.58332 3
      vertex 6.66144 -5.64645 0
      vertex 6.66144 -5.64645 3
    endloop
  endfacet
  facet normal -0.146726 -0.989177 0
    outer loop
      vertex 6.07351 -5.25361 0
      vertex 6.14632 -5.26441 3
      vertex 6.07351 -5.25361 3
    endloop
  endfacet
  facet normal -0.146726 -0.989177 -0
    outer loop
      vertex 6.14632 -5.26441 3
      vertex 6.07351 -5.25361 0
      vertex 6.14632 -5.26441 0
    endloop
  endfacet
  facet normal -0.242951 -0.970039 0
    outer loop
      vertex 6.14632 -5.26441 0
      vertex 6.21771 -5.28229 3
      vertex 6.14632 -5.26441 3
    endloop
  endfacet
  facet normal -0.242951 -0.970039 -0
    outer loop
      vertex 6.21771 -5.28229 3
      vertex 6.14632 -5.26441 0
      vertex 6.21771 -5.28229 0
    endloop
  endfacet
  facet normal -0.0490499 -0.998796 0
    outer loop
      vertex 6 -5.25 0
      vertex 6.07351 -5.25361 3
      vertex 6 -5.25 3
    endloop
  endfacet
  facet normal -0.0490499 -0.998796 -0
    outer loop
      vertex 6.07351 -5.25361 3
      vertex 6 -5.25 0
      vertex 6.07351 -5.25361 0
    endloop
  endfacet
  facet normal -0.427543 -0.903995 0
    outer loop
      vertex 6.28701 -5.30709 0
      vertex 6.35355 -5.33856 3
      vertex 6.28701 -5.30709 3
    endloop
  endfacet
  facet normal -0.427543 -0.903995 -0
    outer loop
      vertex 6.35355 -5.33856 3
      vertex 6.28701 -5.30709 0
      vertex 6.35355 -5.33856 0
    endloop
  endfacet
  facet normal -0.595708 -0.803201 0
    outer loop
      vertex 6.41668 -5.3764 0
      vertex 6.47579 -5.42024 3
      vertex 6.41668 -5.3764 3
    endloop
  endfacet
  facet normal -0.595708 -0.803201 -0
    outer loop
      vertex 6.47579 -5.42024 3
      vertex 6.41668 -5.3764 0
      vertex 6.47579 -5.42024 0
    endloop
  endfacet
  facet normal 0.989177 -0.146726 0
    outer loop
      vertex 5.25361 -5.92649 3
      vertex 5.26441 -5.85368 0
      vertex 5.26441 -5.85368 3
    endloop
  endfacet
  facet normal 0.989177 -0.146726 0
    outer loop
      vertex 5.26441 -5.85368 0
      vertex 5.25361 -5.92649 3
      vertex 5.25361 -5.92649 0
    endloop
  endfacet
  facet normal 0.857721 -0.514116 0
    outer loop
      vertex 5.33856 -5.64645 3
      vertex 5.3764 -5.58332 0
      vertex 5.3764 -5.58332 3
    endloop
  endfacet
  facet normal 0.857721 -0.514116 0
    outer loop
      vertex 5.3764 -5.58332 0
      vertex 5.33856 -5.64645 3
      vertex 5.33856 -5.64645 0
    endloop
  endfacet
  facet normal 0.803249 -0.595643 0
    outer loop
      vertex 5.3764 -5.58332 3
      vertex 5.42024 -5.5242 0
      vertex 5.42024 -5.5242 3
    endloop
  endfacet
  facet normal 0.803249 -0.595643 0
    outer loop
      vertex 5.42024 -5.5242 0
      vertex 5.3764 -5.58332 3
      vertex 5.3764 -5.58332 0
    endloop
  endfacet
  facet normal 0.903995 -0.427543 0
    outer loop
      vertex 5.30709 -5.71299 3
      vertex 5.33856 -5.64645 0
      vertex 5.33856 -5.64645 3
    endloop
  endfacet
  facet normal 0.903995 -0.427543 0
    outer loop
      vertex 5.33856 -5.64645 0
      vertex 5.30709 -5.71299 3
      vertex 5.30709 -5.71299 0
    endloop
  endfacet
  facet normal 0.970039 -0.242951 0
    outer loop
      vertex 5.26441 -5.85368 3
      vertex 5.28229 -5.78229 0
      vertex 5.28229 -5.78229 3
    endloop
  endfacet
  facet normal 0.970039 -0.242951 0
    outer loop
      vertex 5.28229 -5.78229 0
      vertex 5.26441 -5.85368 3
      vertex 5.26441 -5.85368 0
    endloop
  endfacet
  facet normal 0.998796 -0.0490499 0
    outer loop
      vertex 5.25 -6 3
      vertex 5.25361 -5.92649 0
      vertex 5.25361 -5.92649 3
    endloop
  endfacet
  facet normal 0.998796 -0.0490499 0
    outer loop
      vertex 5.25361 -5.92649 0
      vertex 5.25 -6 3
      vertex 5.25 -6 0
    endloop
  endfacet
  facet normal 0.595643 -0.803249 0
    outer loop
      vertex 5.5242 -5.42024 0
      vertex 5.58332 -5.3764 3
      vertex 5.5242 -5.42024 3
    endloop
  endfacet
  facet normal 0.595643 -0.803249 0
    outer loop
      vertex 5.58332 -5.3764 3
      vertex 5.5242 -5.42024 0
      vertex 5.58332 -5.3764 0
    endloop
  endfacet
  facet normal 0.514116 -0.857721 0
    outer loop
      vertex 5.58332 -5.3764 0
      vertex 5.64645 -5.33856 3
      vertex 5.58332 -5.3764 3
    endloop
  endfacet
  facet normal 0.514116 -0.857721 0
    outer loop
      vertex 5.64645 -5.33856 3
      vertex 5.58332 -5.3764 0
      vertex 5.64645 -5.33856 0
    endloop
  endfacet
  facet normal 0.67161 -0.740905 0
    outer loop
      vertex 5.46967 -5.46967 0
      vertex 5.5242 -5.42024 3
      vertex 5.46967 -5.46967 3
    endloop
  endfacet
  facet normal 0.67161 -0.740905 0
    outer loop
      vertex 5.5242 -5.42024 3
      vertex 5.46967 -5.46967 0
      vertex 5.5242 -5.42024 0
    endloop
  endfacet
  facet normal 0.336939 -0.941527 0
    outer loop
      vertex 5.71299 -5.30709 0
      vertex 5.78229 -5.28229 3
      vertex 5.71299 -5.30709 3
    endloop
  endfacet
  facet normal 0.336939 -0.941527 0
    outer loop
      vertex 5.78229 -5.28229 3
      vertex 5.71299 -5.30709 0
      vertex 5.78229 -5.28229 0
    endloop
  endfacet
  facet normal 0.146726 -0.989177 0
    outer loop
      vertex 5.85368 -5.26441 0
      vertex 5.92649 -5.25361 3
      vertex 5.85368 -5.26441 3
    endloop
  endfacet
  facet normal 0.146726 -0.989177 0
    outer loop
      vertex 5.92649 -5.25361 3
      vertex 5.85368 -5.26441 0
      vertex 5.92649 -5.25361 0
    endloop
  endfacet
  facet normal -0.998796 0.0490499 0
    outer loop
      vertex 6.74639 -6.07351 0
      vertex 6.75 -6 3
      vertex 6.75 -6 0
    endloop
  endfacet
  facet normal -0.998796 0.0490499 0
    outer loop
      vertex 6.75 -6 3
      vertex 6.74639 -6.07351 0
      vertex 6.74639 -6.07351 3
    endloop
  endfacet
  facet normal -0.740966 0.671543 0
    outer loop
      vertex 6.53033 -6.53033 0
      vertex 6.57976 -6.47579 3
      vertex 6.57976 -6.47579 0
    endloop
  endfacet
  facet normal -0.740966 0.671543 0
    outer loop
      vertex 6.57976 -6.47579 3
      vertex 6.53033 -6.53033 0
      vertex 6.53033 -6.53033 3
    endloop
  endfacet
  facet normal 0.595643 0.803249 -0
    outer loop
      vertex 5.58332 -6.6236 0
      vertex 5.5242 -6.57976 3
      vertex 5.58332 -6.6236 3
    endloop
  endfacet
  facet normal 0.595643 0.803249 0
    outer loop
      vertex 5.5242 -6.57976 3
      vertex 5.58332 -6.6236 0
      vertex 5.5242 -6.57976 0
    endloop
  endfacet
  facet normal 0.857721 0.514116 0
    outer loop
      vertex 5.3764 -6.41668 3
      vertex 5.33856 -6.35355 0
      vertex 5.33856 -6.35355 3
    endloop
  endfacet
  facet normal 0.857721 0.514116 0
    outer loop
      vertex 5.33856 -6.35355 0
      vertex 5.3764 -6.41668 3
      vertex 5.3764 -6.41668 0
    endloop
  endfacet
  facet normal 0.740966 0.671543 0
    outer loop
      vertex 5.46967 -6.53033 3
      vertex 5.42024 -6.47579 0
      vertex 5.42024 -6.47579 3
    endloop
  endfacet
  facet normal 0.740966 0.671543 0
    outer loop
      vertex 5.42024 -6.47579 0
      vertex 5.46967 -6.53033 3
      vertex 5.46967 -6.53033 0
    endloop
  endfacet
  facet normal 0.998796 0.0490499 0
    outer loop
      vertex 5.25361 -6.07351 3
      vertex 5.25 -6 0
      vertex 5.25 -6 3
    endloop
  endfacet
  facet normal 0.998796 0.0490499 0
    outer loop
      vertex 5.25 -6 0
      vertex 5.25361 -6.07351 3
      vertex 5.25361 -6.07351 0
    endloop
  endfacet
  facet normal -0.970006 0.243079 0
    outer loop
      vertex 6.7177 -6.21771 0
      vertex 6.73559 -6.14632 3
      vertex 6.73559 -6.14632 0
    endloop
  endfacet
  facet normal -0.970006 0.243079 0
    outer loop
      vertex 6.73559 -6.14632 3
      vertex 6.7177 -6.21771 0
      vertex 6.7177 -6.21771 3
    endloop
  endfacet
  facet normal -0.671543 0.740966 0
    outer loop
      vertex 6.53033 -6.53033 0
      vertex 6.47579 -6.57976 3
      vertex 6.53033 -6.53033 3
    endloop
  endfacet
  facet normal -0.671543 0.740966 0
    outer loop
      vertex 6.47579 -6.57976 3
      vertex 6.53033 -6.53033 0
      vertex 6.47579 -6.57976 0
    endloop
  endfacet
  facet normal -0.903995 0.427543 0
    outer loop
      vertex 6.66144 -6.35355 0
      vertex 6.69291 -6.28701 3
      vertex 6.69291 -6.28701 0
    endloop
  endfacet
  facet normal -0.903995 0.427543 0
    outer loop
      vertex 6.69291 -6.28701 3
      vertex 6.66144 -6.35355 0
      vertex 6.66144 -6.35355 3
    endloop
  endfacet
  facet normal -0.803201 0.595708 0
    outer loop
      vertex 6.57976 -6.47579 0
      vertex 6.6236 -6.41668 3
      vertex 6.6236 -6.41668 0
    endloop
  endfacet
  facet normal -0.803201 0.595708 0
    outer loop
      vertex 6.6236 -6.41668 3
      vertex 6.57976 -6.47579 0
      vertex 6.57976 -6.47579 3
    endloop
  endfacet
  facet normal 0.336818 0.94157 -0
    outer loop
      vertex 5.78229 -6.7177 0
      vertex 5.71299 -6.69291 3
      vertex 5.78229 -6.7177 3
    endloop
  endfacet
  facet normal 0.336818 0.94157 0
    outer loop
      vertex 5.71299 -6.69291 3
      vertex 5.78229 -6.7177 0
      vertex 5.71299 -6.69291 0
    endloop
  endfacet
  facet normal 0.67161 0.740905 -0
    outer loop
      vertex 5.5242 -6.57976 0
      vertex 5.46967 -6.53033 3
      vertex 5.5242 -6.57976 3
    endloop
  endfacet
  facet normal 0.67161 0.740905 0
    outer loop
      vertex 5.46967 -6.53033 3
      vertex 5.5242 -6.57976 0
      vertex 5.46967 -6.53033 0
    endloop
  endfacet
  facet normal 0.941527 0.336939 0
    outer loop
      vertex 5.30709 -6.28701 3
      vertex 5.28229 -6.21771 0
      vertex 5.28229 -6.21771 3
    endloop
  endfacet
  facet normal 0.941527 0.336939 0
    outer loop
      vertex 5.28229 -6.21771 0
      vertex 5.30709 -6.28701 3
      vertex 5.30709 -6.28701 0
    endloop
  endfacet
  facet normal 0.903995 0.427543 0
    outer loop
      vertex 5.33856 -6.35355 3
      vertex 5.30709 -6.28701 0
      vertex 5.30709 -6.28701 3
    endloop
  endfacet
  facet normal 0.903995 0.427543 0
    outer loop
      vertex 5.30709 -6.28701 0
      vertex 5.33856 -6.35355 3
      vertex 5.33856 -6.35355 0
    endloop
  endfacet
  facet normal -0.427543 0.903995 0
    outer loop
      vertex 6.35355 -6.66144 0
      vertex 6.28701 -6.69291 3
      vertex 6.35355 -6.66144 3
    endloop
  endfacet
  facet normal -0.427543 0.903995 0
    outer loop
      vertex 6.28701 -6.69291 3
      vertex 6.35355 -6.66144 0
      vertex 6.28701 -6.69291 0
    endloop
  endfacet
  facet normal -0.989177 0.146726 0
    outer loop
      vertex 6.73559 -6.14632 0
      vertex 6.74639 -6.07351 3
      vertex 6.74639 -6.07351 0
    endloop
  endfacet
  facet normal -0.989177 0.146726 0
    outer loop
      vertex 6.74639 -6.07351 3
      vertex 6.73559 -6.14632 0
      vertex 6.73559 -6.14632 3
    endloop
  endfacet
  facet normal -0.94157 0.336818 0
    outer loop
      vertex 6.69291 -6.28701 0
      vertex 6.7177 -6.21771 3
      vertex 6.7177 -6.21771 0
    endloop
  endfacet
  facet normal -0.94157 0.336818 0
    outer loop
      vertex 6.7177 -6.21771 3
      vertex 6.69291 -6.28701 0
      vertex 6.69291 -6.28701 3
    endloop
  endfacet
  facet normal -0.857721 0.514116 0
    outer loop
      vertex 6.6236 -6.41668 0
      vertex 6.66144 -6.35355 3
      vertex 6.66144 -6.35355 0
    endloop
  endfacet
  facet normal -0.857721 0.514116 0
    outer loop
      vertex 6.66144 -6.35355 3
      vertex 6.6236 -6.41668 0
      vertex 6.6236 -6.41668 3
    endloop
  endfacet
  facet normal 0.0490499 0.998796 -0
    outer loop
      vertex 6 -6.75 0
      vertex 5.92649 -6.74639 3
      vertex 6 -6.75 3
    endloop
  endfacet
  facet normal 0.0490499 0.998796 0
    outer loop
      vertex 5.92649 -6.74639 3
      vertex 6 -6.75 0
      vertex 5.92649 -6.74639 0
    endloop
  endfacet
  facet normal 0.427543 0.903995 -0
    outer loop
      vertex 5.71299 -6.69291 0
      vertex 5.64645 -6.66144 3
      vertex 5.71299 -6.69291 3
    endloop
  endfacet
  facet normal 0.427543 0.903995 0
    outer loop
      vertex 5.64645 -6.66144 3
      vertex 5.71299 -6.69291 0
      vertex 5.64645 -6.66144 0
    endloop
  endfacet
  facet normal 0.803201 0.595708 0
    outer loop
      vertex 5.42024 -6.47579 3
      vertex 5.3764 -6.41668 0
      vertex 5.3764 -6.41668 3
    endloop
  endfacet
  facet normal 0.803201 0.595708 0
    outer loop
      vertex 5.3764 -6.41668 0
      vertex 5.42024 -6.47579 3
      vertex 5.42024 -6.47579 0
    endloop
  endfacet
  facet normal 0.970039 0.242951 0
    outer loop
      vertex 5.28229 -6.21771 3
      vertex 5.26441 -6.14632 0
      vertex 5.26441 -6.14632 3
    endloop
  endfacet
  facet normal 0.970039 0.242951 0
    outer loop
      vertex 5.26441 -6.14632 0
      vertex 5.28229 -6.21771 3
      vertex 5.28229 -6.21771 0
    endloop
  endfacet
  facet normal 0.989177 0.146726 0
    outer loop
      vertex 5.26441 -6.14632 3
      vertex 5.25361 -6.07351 0
      vertex 5.25361 -6.07351 3
    endloop
  endfacet
  facet normal 0.989177 0.146726 0
    outer loop
      vertex 5.25361 -6.07351 0
      vertex 5.26441 -6.14632 3
      vertex 5.26441 -6.14632 0
    endloop
  endfacet
  facet normal -0.243079 0.970006 0
    outer loop
      vertex 6.21771 -6.7177 0
      vertex 6.14632 -6.73559 3
      vertex 6.21771 -6.7177 3
    endloop
  endfacet
  facet normal -0.243079 0.970006 0
    outer loop
      vertex 6.14632 -6.73559 3
      vertex 6.21771 -6.7177 0
      vertex 6.14632 -6.73559 0
    endloop
  endfacet
  facet normal -0.146726 0.989177 0
    outer loop
      vertex 6.14632 -6.73559 0
      vertex 6.07351 -6.74639 3
      vertex 6.14632 -6.73559 3
    endloop
  endfacet
  facet normal -0.146726 0.989177 0
    outer loop
      vertex 6.07351 -6.74639 3
      vertex 6.14632 -6.73559 0
      vertex 6.07351 -6.74639 0
    endloop
  endfacet
  facet normal -0.595708 0.803201 0
    outer loop
      vertex 6.47579 -6.57976 0
      vertex 6.41668 -6.6236 3
      vertex 6.47579 -6.57976 3
    endloop
  endfacet
  facet normal -0.595708 0.803201 0
    outer loop
      vertex 6.41668 -6.6236 3
      vertex 6.47579 -6.57976 0
      vertex 6.41668 -6.6236 0
    endloop
  endfacet
  facet normal -0.514116 0.857721 0
    outer loop
      vertex 6.41668 -6.6236 0
      vertex 6.35355 -6.66144 3
      vertex 6.41668 -6.6236 3
    endloop
  endfacet
  facet normal -0.514116 0.857721 0
    outer loop
      vertex 6.35355 -6.66144 3
      vertex 6.41668 -6.6236 0
      vertex 6.35355 -6.66144 0
    endloop
  endfacet
  facet normal 0.146726 0.989177 -0
    outer loop
      vertex 5.92649 -6.74639 0
      vertex 5.85368 -6.73559 3
      vertex 5.92649 -6.74639 3
    endloop
  endfacet
  facet normal 0.146726 0.989177 0
    outer loop
      vertex 5.85368 -6.73559 3
      vertex 5.92649 -6.74639 0
      vertex 5.85368 -6.73559 0
    endloop
  endfacet
  facet normal 0.243079 0.970006 -0
    outer loop
      vertex 5.85368 -6.73559 0
      vertex 5.78229 -6.7177 3
      vertex 5.85368 -6.73559 3
    endloop
  endfacet
  facet normal 0.243079 0.970006 0
    outer loop
      vertex 5.78229 -6.7177 3
      vertex 5.85368 -6.73559 0
      vertex 5.78229 -6.7177 0
    endloop
  endfacet
  facet normal 0.514116 0.857721 -0
    outer loop
      vertex 5.64645 -6.66144 0
      vertex 5.58332 -6.6236 3
      vertex 5.64645 -6.66144 3
    endloop
  endfacet
  facet normal 0.514116 0.857721 0
    outer loop
      vertex 5.58332 -6.6236 3
      vertex 5.64645 -6.66144 0
      vertex 5.58332 -6.6236 0
    endloop
  endfacet
  facet normal -0.998796 -0.0490485 0
    outer loop
      vertex 6.75 0 0
      vertex 6.74639 0.0735121 3
      vertex 6.74639 0.0735121 0
    endloop
  endfacet
  facet normal -0.998796 -0.0490485 0
    outer loop
      vertex 6.74639 0.0735121 3
      vertex 6.75 0 0
      vertex 6.75 0 3
    endloop
  endfacet
  facet normal 0.049077 -0.998795 0
    outer loop
      vertex 5.92649 0.746388 0
      vertex 6 0.75 3
      vertex 5.92649 0.746388 3
    endloop
  endfacet
  facet normal 0.049077 -0.998795 0
    outer loop
      vertex 6 0.75 3
      vertex 5.92649 0.746388 0
      vertex 6 0.75 0
    endloop
  endfacet
  facet normal -0.049077 0.998795 0
    outer loop
      vertex 6.07351 -0.746388 0
      vertex 6 -0.75 3
      vertex 6.07351 -0.746388 3
    endloop
  endfacet
  facet normal -0.049077 0.998795 0
    outer loop
      vertex 6 -0.75 3
      vertex 6.07351 -0.746388 0
      vertex 6 -0.75 0
    endloop
  endfacet
  facet normal -0.671528 -0.740979 0
    outer loop
      vertex 6.47579 0.579758 0
      vertex 6.53033 0.53033 3
      vertex 6.47579 0.579758 3
    endloop
  endfacet
  facet normal -0.671528 -0.740979 -0
    outer loop
      vertex 6.53033 0.53033 3
      vertex 6.47579 0.579758 0
      vertex 6.53033 0.53033 0
    endloop
  endfacet
  facet normal 0.740935 -0.671577 0
    outer loop
      vertex 5.42024 0.475795 3
      vertex 5.46967 0.53033 0
      vertex 5.46967 0.53033 3
    endloop
  endfacet
  facet normal 0.740935 -0.671577 0
    outer loop
      vertex 5.46967 0.53033 0
      vertex 5.42024 0.475795 3
      vertex 5.42024 0.475795 0
    endloop
  endfacet
  facet normal 0.427521 -0.904005 0
    outer loop
      vertex 5.64645 0.661441 0
      vertex 5.71299 0.692909 3
      vertex 5.64645 0.661441 3
    endloop
  endfacet
  facet normal 0.427521 -0.904005 0
    outer loop
      vertex 5.71299 0.692909 3
      vertex 5.64645 0.661441 0
      vertex 5.71299 0.692909 0
    endloop
  endfacet
  facet normal -0.857721 0.514116 0
    outer loop
      vertex 6.6236 -0.416677 0
      vertex 6.66144 -0.353547 3
      vertex 6.66144 -0.353547 0
    endloop
  endfacet
  facet normal -0.857721 0.514116 0
    outer loop
      vertex 6.66144 -0.353547 3
      vertex 6.6236 -0.416677 0
      vertex 6.6236 -0.416677 3
    endloop
  endfacet
  facet normal -0.903983 -0.427569 0
    outer loop
      vertex 6.69291 0.287012 0
      vertex 6.66144 0.353547 3
      vertex 6.66144 0.353547 0
    endloop
  endfacet
  facet normal -0.903983 -0.427569 0
    outer loop
      vertex 6.66144 0.353547 3
      vertex 6.69291 0.287012 0
      vertex 6.69291 0.287012 3
    endloop
  endfacet
  facet normal -0.336891 -0.941544 0
    outer loop
      vertex 6.21771 0.717705 0
      vertex 6.28701 0.692909 3
      vertex 6.21771 0.717705 3
    endloop
  endfacet
  facet normal -0.336891 -0.941544 -0
    outer loop
      vertex 6.28701 0.692909 3
      vertex 6.21771 0.717705 0
      vertex 6.28701 0.692909 0
    endloop
  endfacet
  facet normal -0.514106 -0.857727 0
    outer loop
      vertex 6.35355 0.661441 0
      vertex 6.41668 0.623602 3
      vertex 6.35355 0.661441 3
    endloop
  endfacet
  facet normal -0.514106 -0.857727 -0
    outer loop
      vertex 6.41668 0.623602 3
      vertex 6.35355 0.661441 0
      vertex 6.41668 0.623602 0
    endloop
  endfacet
  facet normal 0.903983 -0.427569 0
    outer loop
      vertex 5.30709 0.287012 3
      vertex 5.33856 0.353547 0
      vertex 5.33856 0.353547 3
    endloop
  endfacet
  facet normal 0.903983 -0.427569 0
    outer loop
      vertex 5.33856 0.353547 0
      vertex 5.30709 0.287012 3
      vertex 5.30709 0.287012 0
    endloop
  endfacet
  facet normal 0.857721 -0.514116 0
    outer loop
      vertex 5.33856 0.353547 3
      vertex 5.3764 0.416677 0
      vertex 5.3764 0.416677 3
    endloop
  endfacet
  facet normal 0.857721 -0.514116 0
    outer loop
      vertex 5.3764 0.416677 0
      vertex 5.33856 0.353547 3
      vertex 5.33856 0.353547 0
    endloop
  endfacet
  facet normal 0.24299 -0.970029 0
    outer loop
      vertex 5.78229 0.717705 0
      vertex 5.85368 0.735588 3
      vertex 5.78229 0.717705 3
    endloop
  endfacet
  facet normal 0.24299 -0.970029 0
    outer loop
      vertex 5.85368 0.735588 3
      vertex 5.78229 0.717705 0
      vertex 5.85368 0.735588 0
    endloop
  endfacet
  facet normal -0.336891 0.941544 0
    outer loop
      vertex 6.28701 -0.692909 0
      vertex 6.21771 -0.717705 3
      vertex 6.28701 -0.692909 3
    endloop
  endfacet
  facet normal -0.336891 0.941544 0
    outer loop
      vertex 6.21771 -0.717705 3
      vertex 6.28701 -0.692909 0
      vertex 6.21771 -0.717705 0
    endloop
  endfacet
  facet normal -0.970011 -0.24306 0
    outer loop
      vertex 6.73559 0.146317 0
      vertex 6.7177 0.217713 3
      vertex 6.7177 0.217713 0
    endloop
  endfacet
  facet normal -0.970011 -0.24306 0
    outer loop
      vertex 6.7177 0.217713 3
      vertex 6.73559 0.146317 0
      vertex 6.73559 0.146317 3
    endloop
  endfacet
  facet normal -0.989176 -0.146736 0
    outer loop
      vertex 6.74639 0.0735121 0
      vertex 6.73559 0.146317 3
      vertex 6.73559 0.146317 0
    endloop
  endfacet
  facet normal -0.989176 -0.146736 0
    outer loop
      vertex 6.73559 0.146317 3
      vertex 6.74639 0.0735121 0
      vertex 6.74639 0.0735121 3
    endloop
  endfacet
  facet normal -0.941568 -0.336823 0
    outer loop
      vertex 6.7177 0.217713 0
      vertex 6.69291 0.287012 3
      vertex 6.69291 0.287012 0
    endloop
  endfacet
  facet normal -0.941568 -0.336823 0
    outer loop
      vertex 6.69291 0.287012 3
      vertex 6.7177 0.217713 0
      vertex 6.7177 0.217713 3
    endloop
  endfacet
  facet normal -0.803239 -0.595656 0
    outer loop
      vertex 6.6236 0.416677 0
      vertex 6.57976 0.475795 3
      vertex 6.57976 0.475795 0
    endloop
  endfacet
  facet normal -0.803239 -0.595656 0
    outer loop
      vertex 6.57976 0.475795 3
      vertex 6.6236 0.416677 0
      vertex 6.6236 0.416677 3
    endloop
  endfacet
  facet normal -0.740935 -0.671577 0
    outer loop
      vertex 6.57976 0.475795 0
      vertex 6.53033 0.53033 3
      vertex 6.53033 0.53033 0
    endloop
  endfacet
  facet normal -0.740935 -0.671577 0
    outer loop
      vertex 6.53033 0.53033 3
      vertex 6.57976 0.475795 0
      vertex 6.57976 0.475795 3
    endloop
  endfacet
  facet normal -0.857721 -0.514116 0
    outer loop
      vertex 6.66144 0.353547 0
      vertex 6.6236 0.416677 3
      vertex 6.6236 0.416677 0
    endloop
  endfacet
  facet normal -0.857721 -0.514116 0
    outer loop
      vertex 6.6236 0.416677 3
      vertex 6.66144 0.353547 0
      vertex 6.66144 0.353547 3
    endloop
  endfacet
  facet normal -0.146726 -0.989177 0
    outer loop
      vertex 6.07351 0.746388 0
      vertex 6.14632 0.735588 3
      vertex 6.07351 0.746388 3
    endloop
  endfacet
  facet normal -0.146726 -0.989177 -0
    outer loop
      vertex 6.14632 0.735588 3
      vertex 6.07351 0.746388 0
      vertex 6.14632 0.735588 0
    endloop
  endfacet
  facet normal -0.24299 -0.970029 0
    outer loop
      vertex 6.14632 0.735588 0
      vertex 6.21771 0.717705 3
      vertex 6.14632 0.735588 3
    endloop
  endfacet
  facet normal -0.24299 -0.970029 -0
    outer loop
      vertex 6.21771 0.717705 3
      vertex 6.14632 0.735588 0
      vertex 6.21771 0.717705 0
    endloop
  endfacet
  facet normal -0.049077 -0.998795 0
    outer loop
      vertex 6 0.75 0
      vertex 6.07351 0.746388 3
      vertex 6 0.75 3
    endloop
  endfacet
  facet normal -0.049077 -0.998795 -0
    outer loop
      vertex 6.07351 0.746388 3
      vertex 6 0.75 0
      vertex 6.07351 0.746388 0
    endloop
  endfacet
  facet normal -0.427521 -0.904005 0
    outer loop
      vertex 6.28701 0.692909 0
      vertex 6.35355 0.661441 3
      vertex 6.28701 0.692909 3
    endloop
  endfacet
  facet normal -0.427521 -0.904005 -0
    outer loop
      vertex 6.35355 0.661441 3
      vertex 6.28701 0.692909 0
      vertex 6.35355 0.661441 0
    endloop
  endfacet
  facet normal -0.595743 -0.803175 0
    outer loop
      vertex 6.41668 0.623602 0
      vertex 6.47579 0.579758 3
      vertex 6.41668 0.623602 3
    endloop
  endfacet
  facet normal -0.595743 -0.803175 -0
    outer loop
      vertex 6.47579 0.579758 3
      vertex 6.41668 0.623602 0
      vertex 6.47579 0.579758 0
    endloop
  endfacet
  facet normal 0.989176 -0.146736 0
    outer loop
      vertex 5.25361 0.0735121 3
      vertex 5.26441 0.146317 0
      vertex 5.26441 0.146317 3
    endloop
  endfacet
  facet normal 0.989176 -0.146736 0
    outer loop
      vertex 5.26441 0.146317 0
      vertex 5.25361 0.0735121 3
      vertex 5.25361 0.0735121 0
    endloop
  endfacet
  facet normal 0.803239 -0.595656 0
    outer loop
      vertex 5.3764 0.416677 3
      vertex 5.42024 0.475795 0
      vertex 5.42024 0.475795 3
    endloop
  endfacet
  facet normal 0.803239 -0.595656 0
    outer loop
      vertex 5.42024 0.475795 0
      vertex 5.3764 0.416677 3
      vertex 5.3764 0.416677 0
    endloop
  endfacet
  facet normal 0.941525 -0.336943 0
    outer loop
      vertex 5.28229 0.217713 3
      vertex 5.30709 0.287012 0
      vertex 5.30709 0.287012 3
    endloop
  endfacet
  facet normal 0.941525 -0.336943 0
    outer loop
      vertex 5.30709 0.287012 0
      vertex 5.28229 0.217713 3
      vertex 5.28229 0.217713 0
    endloop
  endfacet
  facet normal 0.970043 -0.242932 0
    outer loop
      vertex 5.26441 0.146317 3
      vertex 5.28229 0.217713 0
      vertex 5.28229 0.217713 3
    endloop
  endfacet
  facet normal 0.970043 -0.242932 0
    outer loop
      vertex 5.28229 0.217713 0
      vertex 5.26441 0.146317 3
      vertex 5.26441 0.146317 0
    endloop
  endfacet
  facet normal 0.998796 -0.0490485 0
    outer loop
      vertex 5.25 0 3
      vertex 5.25361 0.0735121 0
      vertex 5.25361 0.0735121 3
    endloop
  endfacet
  facet normal 0.998796 -0.0490485 0
    outer loop
      vertex 5.25361 0.0735121 0
      vertex 5.25 0 3
      vertex 5.25 0 0
    endloop
  endfacet
  facet normal 0.595678 -0.803223 0
    outer loop
      vertex 5.5242 0.579758 0
      vertex 5.58332 0.623602 3
      vertex 5.5242 0.579758 3
    endloop
  endfacet
  facet normal 0.595678 -0.803223 0
    outer loop
      vertex 5.58332 0.623602 3
      vertex 5.5242 0.579758 0
      vertex 5.58332 0.623602 0
    endloop
  endfacet
  facet normal 0.671595 -0.740918 0
    outer loop
      vertex 5.46967 0.53033 0
      vertex 5.5242 0.579758 3
      vertex 5.46967 0.53033 3
    endloop
  endfacet
  facet normal 0.671595 -0.740918 0
    outer loop
      vertex 5.5242 0.579758 3
      vertex 5.46967 0.53033 0
      vertex 5.5242 0.579758 0
    endloop
  endfacet
  facet normal 0.146726 -0.989177 0
    outer loop
      vertex 5.85368 0.735588 0
      vertex 5.92649 0.746388 3
      vertex 5.85368 0.735588 3
    endloop
  endfacet
  facet normal 0.146726 -0.989177 0
    outer loop
      vertex 5.92649 0.746388 3
      vertex 5.85368 0.735588 0
      vertex 5.92649 0.746388 0
    endloop
  endfacet
  facet normal -0.998796 0.0490485 0
    outer loop
      vertex 6.74639 -0.0735121 0
      vertex 6.75 0 3
      vertex 6.75 0 0
    endloop
  endfacet
  facet normal -0.998796 0.0490485 0
    outer loop
      vertex 6.75 0 3
      vertex 6.74639 -0.0735121 0
      vertex 6.74639 -0.0735121 3
    endloop
  endfacet
  facet normal -0.740935 0.671577 0
    outer loop
      vertex 6.53033 -0.53033 0
      vertex 6.57976 -0.475795 3
      vertex 6.57976 -0.475795 0
    endloop
  endfacet
  facet normal -0.740935 0.671577 0
    outer loop
      vertex 6.57976 -0.475795 3
      vertex 6.53033 -0.53033 0
      vertex 6.53033 -0.53033 3
    endloop
  endfacet
  facet normal 0.740935 0.671577 0
    outer loop
      vertex 5.46967 -0.53033 3
      vertex 5.42024 -0.475795 0
      vertex 5.42024 -0.475795 3
    endloop
  endfacet
  facet normal 0.740935 0.671577 0
    outer loop
      vertex 5.42024 -0.475795 0
      vertex 5.46967 -0.53033 3
      vertex 5.46967 -0.53033 0
    endloop
  endfacet
  facet normal -0.427521 0.904005 0
    outer loop
      vertex 6.35355 -0.661441 0
      vertex 6.28701 -0.692909 3
      vertex 6.35355 -0.661441 3
    endloop
  endfacet
  facet normal -0.427521 0.904005 0
    outer loop
      vertex 6.28701 -0.692909 3
      vertex 6.35355 -0.661441 0
      vertex 6.28701 -0.692909 0
    endloop
  endfacet
  facet normal 0.998796 0.0490485 0
    outer loop
      vertex 5.25361 -0.0735121 3
      vertex 5.25 0 0
      vertex 5.25 0 3
    endloop
  endfacet
  facet normal 0.998796 0.0490485 0
    outer loop
      vertex 5.25 0 0
      vertex 5.25361 -0.0735121 3
      vertex 5.25361 -0.0735121 0
    endloop
  endfacet
  facet normal 0.514106 -0.857727 0
    outer loop
      vertex 5.58332 0.623602 0
      vertex 5.64645 0.661441 3
      vertex 5.58332 0.623602 3
    endloop
  endfacet
  facet normal 0.514106 -0.857727 0
    outer loop
      vertex 5.64645 0.661441 3
      vertex 5.58332 0.623602 0
      vertex 5.64645 0.661441 0
    endloop
  endfacet
  facet normal 0.336891 -0.941544 0
    outer loop
      vertex 5.71299 0.692909 0
      vertex 5.78229 0.717705 3
      vertex 5.71299 0.692909 3
    endloop
  endfacet
  facet normal 0.336891 -0.941544 0
    outer loop
      vertex 5.78229 0.717705 3
      vertex 5.71299 0.692909 0
      vertex 5.78229 0.717705 0
    endloop
  endfacet
  facet normal -0.970011 0.24306 0
    outer loop
      vertex 6.7177 -0.217713 0
      vertex 6.73559 -0.146317 3
      vertex 6.73559 -0.146317 0
    endloop
  endfacet
  facet normal -0.970011 0.24306 0
    outer loop
      vertex 6.73559 -0.146317 3
      vertex 6.7177 -0.217713 0
      vertex 6.7177 -0.217713 3
    endloop
  endfacet
  facet normal -0.671528 0.740979 0
    outer loop
      vertex 6.53033 -0.53033 0
      vertex 6.47579 -0.579758 3
      vertex 6.53033 -0.53033 3
    endloop
  endfacet
  facet normal -0.671528 0.740979 0
    outer loop
      vertex 6.47579 -0.579758 3
      vertex 6.53033 -0.53033 0
      vertex 6.47579 -0.579758 0
    endloop
  endfacet
  facet normal -0.903983 0.427569 0
    outer loop
      vertex 6.66144 -0.353547 0
      vertex 6.69291 -0.287012 3
      vertex 6.69291 -0.287012 0
    endloop
  endfacet
  facet normal -0.903983 0.427569 0
    outer loop
      vertex 6.69291 -0.287012 3
      vertex 6.66144 -0.353547 0
      vertex 6.66144 -0.353547 3
    endloop
  endfacet
  facet normal -0.803239 0.595656 0
    outer loop
      vertex 6.57976 -0.475795 0
      vertex 6.6236 -0.416677 3
      vertex 6.6236 -0.416677 0
    endloop
  endfacet
  facet normal -0.803239 0.595656 0
    outer loop
      vertex 6.6236 -0.416677 3
      vertex 6.57976 -0.475795 0
      vertex 6.57976 -0.475795 3
    endloop
  endfacet
  facet normal 0.595678 0.803223 -0
    outer loop
      vertex 5.58332 -0.623602 0
      vertex 5.5242 -0.579758 3
      vertex 5.58332 -0.623602 3
    endloop
  endfacet
  facet normal 0.595678 0.803223 0
    outer loop
      vertex 5.5242 -0.579758 3
      vertex 5.58332 -0.623602 0
      vertex 5.5242 -0.579758 0
    endloop
  endfacet
  facet normal 0.671595 0.740918 -0
    outer loop
      vertex 5.5242 -0.579758 0
      vertex 5.46967 -0.53033 3
      vertex 5.5242 -0.579758 3
    endloop
  endfacet
  facet normal 0.671595 0.740918 0
    outer loop
      vertex 5.46967 -0.53033 3
      vertex 5.5242 -0.579758 0
      vertex 5.46967 -0.53033 0
    endloop
  endfacet
  facet normal 0.857721 0.514116 0
    outer loop
      vertex 5.3764 -0.416677 3
      vertex 5.33856 -0.353547 0
      vertex 5.33856 -0.353547 3
    endloop
  endfacet
  facet normal 0.857721 0.514116 0
    outer loop
      vertex 5.33856 -0.353547 0
      vertex 5.3764 -0.416677 3
      vertex 5.3764 -0.416677 0
    endloop
  endfacet
  facet normal 0.941525 0.336943 0
    outer loop
      vertex 5.30709 -0.287012 3
      vertex 5.28229 -0.217713 0
      vertex 5.28229 -0.217713 3
    endloop
  endfacet
  facet normal 0.941525 0.336943 0
    outer loop
      vertex 5.28229 -0.217713 0
      vertex 5.30709 -0.287012 3
      vertex 5.30709 -0.287012 0
    endloop
  endfacet
  facet normal 0.903983 0.427569 0
    outer loop
      vertex 5.33856 -0.353547 3
      vertex 5.30709 -0.287012 0
      vertex 5.30709 -0.287012 3
    endloop
  endfacet
  facet normal 0.903983 0.427569 0
    outer loop
      vertex 5.30709 -0.287012 0
      vertex 5.33856 -0.353547 3
      vertex 5.33856 -0.353547 0
    endloop
  endfacet
  facet normal -0.989176 0.146736 0
    outer loop
      vertex 6.73559 -0.146317 0
      vertex 6.74639 -0.0735121 3
      vertex 6.74639 -0.0735121 0
    endloop
  endfacet
  facet normal -0.989176 0.146736 0
    outer loop
      vertex 6.74639 -0.0735121 3
      vertex 6.73559 -0.146317 0
      vertex 6.73559 -0.146317 3
    endloop
  endfacet
  facet normal -0.941568 0.336823 0
    outer loop
      vertex 6.69291 -0.287012 0
      vertex 6.7177 -0.217713 3
      vertex 6.7177 -0.217713 0
    endloop
  endfacet
  facet normal -0.941568 0.336823 0
    outer loop
      vertex 6.7177 -0.217713 3
      vertex 6.69291 -0.287012 0
      vertex 6.69291 -0.287012 3
    endloop
  endfacet
  facet normal 0.049077 0.998795 -0
    outer loop
      vertex 6 -0.75 0
      vertex 5.92649 -0.746388 3
      vertex 6 -0.75 3
    endloop
  endfacet
  facet normal 0.049077 0.998795 0
    outer loop
      vertex 5.92649 -0.746388 3
      vertex 6 -0.75 0
      vertex 5.92649 -0.746388 0
    endloop
  endfacet
  facet normal 0.427521 0.904005 -0
    outer loop
      vertex 5.71299 -0.692909 0
      vertex 5.64645 -0.661441 3
      vertex 5.71299 -0.692909 3
    endloop
  endfacet
  facet normal 0.427521 0.904005 0
    outer loop
      vertex 5.64645 -0.661441 3
      vertex 5.71299 -0.692909 0
      vertex 5.64645 -0.661441 0
    endloop
  endfacet
  facet normal 0.803239 0.595656 0
    outer loop
      vertex 5.42024 -0.475795 3
      vertex 5.3764 -0.416677 0
      vertex 5.3764 -0.416677 3
    endloop
  endfacet
  facet normal 0.803239 0.595656 0
    outer loop
      vertex 5.3764 -0.416677 0
      vertex 5.42024 -0.475795 3
      vertex 5.42024 -0.475795 0
    endloop
  endfacet
  facet normal 0.970043 0.242932 0
    outer loop
      vertex 5.28229 -0.217713 3
      vertex 5.26441 -0.146317 0
      vertex 5.26441 -0.146317 3
    endloop
  endfacet
  facet normal 0.970043 0.242932 0
    outer loop
      vertex 5.26441 -0.146317 0
      vertex 5.28229 -0.217713 3
      vertex 5.28229 -0.217713 0
    endloop
  endfacet
  facet normal 0.989176 0.146736 0
    outer loop
      vertex 5.26441 -0.146317 3
      vertex 5.25361 -0.0735121 0
      vertex 5.25361 -0.0735121 3
    endloop
  endfacet
  facet normal 0.989176 0.146736 0
    outer loop
      vertex 5.25361 -0.0735121 0
      vertex 5.26441 -0.146317 3
      vertex 5.26441 -0.146317 0
    endloop
  endfacet
  facet normal -0.24299 0.970029 0
    outer loop
      vertex 6.21771 -0.717705 0
      vertex 6.14632 -0.735588 3
      vertex 6.21771 -0.717705 3
    endloop
  endfacet
  facet normal -0.24299 0.970029 0
    outer loop
      vertex 6.14632 -0.735588 3
      vertex 6.21771 -0.717705 0
      vertex 6.14632 -0.735588 0
    endloop
  endfacet
  facet normal -0.146726 0.989177 0
    outer loop
      vertex 6.14632 -0.735588 0
      vertex 6.07351 -0.746388 3
      vertex 6.14632 -0.735588 3
    endloop
  endfacet
  facet normal -0.146726 0.989177 0
    outer loop
      vertex 6.07351 -0.746388 3
      vertex 6.14632 -0.735588 0
      vertex 6.07351 -0.746388 0
    endloop
  endfacet
  facet normal -0.595743 0.803175 0
    outer loop
      vertex 6.47579 -0.579758 0
      vertex 6.41668 -0.623602 3
      vertex 6.47579 -0.579758 3
    endloop
  endfacet
  facet normal -0.595743 0.803175 0
    outer loop
      vertex 6.41668 -0.623602 3
      vertex 6.47579 -0.579758 0
      vertex 6.41668 -0.623602 0
    endloop
  endfacet
  facet normal -0.514106 0.857727 0
    outer loop
      vertex 6.41668 -0.623602 0
      vertex 6.35355 -0.661441 3
      vertex 6.41668 -0.623602 3
    endloop
  endfacet
  facet normal -0.514106 0.857727 0
    outer loop
      vertex 6.35355 -0.661441 3
      vertex 6.41668 -0.623602 0
      vertex 6.35355 -0.661441 0
    endloop
  endfacet
  facet normal 0.146726 0.989177 -0
    outer loop
      vertex 5.92649 -0.746388 0
      vertex 5.85368 -0.735588 3
      vertex 5.92649 -0.746388 3
    endloop
  endfacet
  facet normal 0.146726 0.989177 0
    outer loop
      vertex 5.85368 -0.735588 3
      vertex 5.92649 -0.746388 0
      vertex 5.85368 -0.735588 0
    endloop
  endfacet
  facet normal 0.24299 0.970029 -0
    outer loop
      vertex 5.85368 -0.735588 0
      vertex 5.78229 -0.717705 3
      vertex 5.85368 -0.735588 3
    endloop
  endfacet
  facet normal 0.24299 0.970029 0
    outer loop
      vertex 5.78229 -0.717705 3
      vertex 5.85368 -0.735588 0
      vertex 5.78229 -0.717705 0
    endloop
  endfacet
  facet normal 0.336891 0.941544 -0
    outer loop
      vertex 5.78229 -0.717705 0
      vertex 5.71299 -0.692909 3
      vertex 5.78229 -0.717705 3
    endloop
  endfacet
  facet normal 0.336891 0.941544 0
    outer loop
      vertex 5.71299 -0.692909 3
      vertex 5.78229 -0.717705 0
      vertex 5.71299 -0.692909 0
    endloop
  endfacet
  facet normal 0.514106 0.857727 -0
    outer loop
      vertex 5.64645 -0.661441 0
      vertex 5.58332 -0.623602 3
      vertex 5.64645 -0.661441 3
    endloop
  endfacet
  facet normal 0.514106 0.857727 0
    outer loop
      vertex 5.58332 -0.623602 3
      vertex 5.64645 -0.661441 0
      vertex 5.58332 -0.623602 0
    endloop
  endfacet
  facet normal -0.998796 -0.0490499 0
    outer loop
      vertex 6.75 6 0
      vertex 6.74639 6.07351 3
      vertex 6.74639 6.07351 0
    endloop
  endfacet
  facet normal -0.998796 -0.0490499 0
    outer loop
      vertex 6.74639 6.07351 3
      vertex 6.75 6 0
      vertex 6.75 6 3
    endloop
  endfacet
  facet normal 0.0490499 -0.998796 0
    outer loop
      vertex 5.92649 6.74639 0
      vertex 6 6.75 3
      vertex 5.92649 6.74639 3
    endloop
  endfacet
  facet normal 0.0490499 -0.998796 0
    outer loop
      vertex 6 6.75 3
      vertex 5.92649 6.74639 0
      vertex 6 6.75 0
    endloop
  endfacet
  facet normal -0.0490499 0.998796 0
    outer loop
      vertex 6.07351 5.25361 0
      vertex 6 5.25 3
      vertex 6.07351 5.25361 3
    endloop
  endfacet
  facet normal -0.0490499 0.998796 0
    outer loop
      vertex 6 5.25 3
      vertex 6.07351 5.25361 0
      vertex 6 5.25 0
    endloop
  endfacet
  facet normal -0.671543 -0.740966 0
    outer loop
      vertex 6.47579 6.57976 0
      vertex 6.53033 6.53033 3
      vertex 6.47579 6.57976 3
    endloop
  endfacet
  facet normal -0.671543 -0.740966 -0
    outer loop
      vertex 6.53033 6.53033 3
      vertex 6.47579 6.57976 0
      vertex 6.53033 6.53033 0
    endloop
  endfacet
  facet normal 0.740966 -0.671543 0
    outer loop
      vertex 5.42024 6.47579 3
      vertex 5.46967 6.53033 0
      vertex 5.46967 6.53033 3
    endloop
  endfacet
  facet normal 0.740966 -0.671543 0
    outer loop
      vertex 5.46967 6.53033 0
      vertex 5.42024 6.47579 3
      vertex 5.42024 6.47579 0
    endloop
  endfacet
  facet normal 0.427543 -0.903995 0
    outer loop
      vertex 5.64645 6.66144 0
      vertex 5.71299 6.69291 3
      vertex 5.64645 6.66144 3
    endloop
  endfacet
  facet normal 0.427543 -0.903995 0
    outer loop
      vertex 5.71299 6.69291 3
      vertex 5.64645 6.66144 0
      vertex 5.71299 6.69291 0
    endloop
  endfacet
  facet normal 0.941527 0.336939 0
    outer loop
      vertex 5.30709 5.71299 3
      vertex 5.28229 5.78229 0
      vertex 5.28229 5.78229 3
    endloop
  endfacet
  facet normal 0.941527 0.336939 0
    outer loop
      vertex 5.28229 5.78229 0
      vertex 5.30709 5.71299 3
      vertex 5.30709 5.71299 0
    endloop
  endfacet
  facet normal -0.903995 -0.427543 0
    outer loop
      vertex 6.69291 6.28701 0
      vertex 6.66144 6.35355 3
      vertex 6.66144 6.35355 0
    endloop
  endfacet
  facet normal -0.903995 -0.427543 0
    outer loop
      vertex 6.66144 6.35355 3
      vertex 6.69291 6.28701 0
      vertex 6.69291 6.28701 3
    endloop
  endfacet
  facet normal -0.336818 -0.94157 0
    outer loop
      vertex 6.21771 6.7177 0
      vertex 6.28701 6.69291 3
      vertex 6.21771 6.7177 3
    endloop
  endfacet
  facet normal -0.336818 -0.94157 -0
    outer loop
      vertex 6.28701 6.69291 3
      vertex 6.21771 6.7177 0
      vertex 6.28701 6.69291 0
    endloop
  endfacet
  facet normal 0.903995 -0.427543 0
    outer loop
      vertex 5.30709 6.28701 3
      vertex 5.33856 6.35355 0
      vertex 5.33856 6.35355 3
    endloop
  endfacet
  facet normal 0.903995 -0.427543 0
    outer loop
      vertex 5.33856 6.35355 0
      vertex 5.30709 6.28701 3
      vertex 5.30709 6.28701 0
    endloop
  endfacet
  facet normal 0.857721 -0.514116 0
    outer loop
      vertex 5.33856 6.35355 3
      vertex 5.3764 6.41668 0
      vertex 5.3764 6.41668 3
    endloop
  endfacet
  facet normal 0.857721 -0.514116 0
    outer loop
      vertex 5.3764 6.41668 0
      vertex 5.33856 6.35355 3
      vertex 5.33856 6.35355 0
    endloop
  endfacet
  facet normal 0.243079 -0.970006 0
    outer loop
      vertex 5.78229 6.7177 0
      vertex 5.85368 6.73559 3
      vertex 5.78229 6.7177 3
    endloop
  endfacet
  facet normal 0.243079 -0.970006 0
    outer loop
      vertex 5.85368 6.73559 3
      vertex 5.78229 6.7177 0
      vertex 5.85368 6.73559 0
    endloop
  endfacet
  facet normal -0.903995 0.427543 0
    outer loop
      vertex 6.66144 5.64645 0
      vertex 6.69291 5.71299 3
      vertex 6.69291 5.71299 0
    endloop
  endfacet
  facet normal -0.903995 0.427543 0
    outer loop
      vertex 6.69291 5.71299 3
      vertex 6.66144 5.64645 0
      vertex 6.66144 5.64645 3
    endloop
  endfacet
  facet normal -0.336939 0.941527 0
    outer loop
      vertex 6.28701 5.30709 0
      vertex 6.21771 5.28229 3
      vertex 6.28701 5.30709 3
    endloop
  endfacet
  facet normal -0.336939 0.941527 0
    outer loop
      vertex 6.21771 5.28229 3
      vertex 6.28701 5.30709 0
      vertex 6.21771 5.28229 0
    endloop
  endfacet
  facet normal -0.740905 0.67161 0
    outer loop
      vertex 6.53033 5.46967 0
      vertex 6.57976 5.5242 3
      vertex 6.57976 5.5242 0
    endloop
  endfacet
  facet normal -0.740905 0.67161 0
    outer loop
      vertex 6.57976 5.5242 3
      vertex 6.53033 5.46967 0
      vertex 6.53033 5.46967 3
    endloop
  endfacet
  facet normal -0.970006 0.243079 0
    outer loop
      vertex 6.7177 5.78229 0
      vertex 6.73559 5.85368 3
      vertex 6.73559 5.85368 0
    endloop
  endfacet
  facet normal -0.970006 0.243079 0
    outer loop
      vertex 6.73559 5.85368 3
      vertex 6.7177 5.78229 0
      vertex 6.7177 5.78229 3
    endloop
  endfacet
  facet normal 0.242951 0.970039 -0
    outer loop
      vertex 5.85368 5.26441 0
      vertex 5.78229 5.28229 3
      vertex 5.85368 5.26441 3
    endloop
  endfacet
  facet normal 0.242951 0.970039 0
    outer loop
      vertex 5.78229 5.28229 3
      vertex 5.85368 5.26441 0
      vertex 5.78229 5.28229 0
    endloop
  endfacet
  facet normal 0.67161 0.740905 -0
    outer loop
      vertex 5.5242 5.42024 0
      vertex 5.46967 5.46967 3
      vertex 5.5242 5.42024 3
    endloop
  endfacet
  facet normal 0.67161 0.740905 0
    outer loop
      vertex 5.46967 5.46967 3
      vertex 5.5242 5.42024 0
      vertex 5.46967 5.46967 0
    endloop
  endfacet
  facet normal 0.740905 0.67161 0
    outer loop
      vertex 5.46967 5.46967 3
      vertex 5.42024 5.5242 0
      vertex 5.42024 5.5242 3
    endloop
  endfacet
  facet normal 0.740905 0.67161 0
    outer loop
      vertex 5.42024 5.5242 0
      vertex 5.46967 5.46967 3
      vertex 5.46967 5.46967 0
    endloop
  endfacet
  facet normal -0.970006 -0.243079 0
    outer loop
      vertex 6.73559 6.14632 0
      vertex 6.7177 6.21771 3
      vertex 6.7177 6.21771 0
    endloop
  endfacet
  facet normal -0.970006 -0.243079 0
    outer loop
      vertex 6.7177 6.21771 3
      vertex 6.73559 6.14632 0
      vertex 6.73559 6.14632 3
    endloop
  endfacet
  facet normal -0.989177 -0.146726 0
    outer loop
      vertex 6.74639 6.07351 0
      vertex 6.73559 6.14632 3
      vertex 6.73559 6.14632 0
    endloop
  endfacet
  facet normal -0.989177 -0.146726 0
    outer loop
      vertex 6.73559 6.14632 3
      vertex 6.74639 6.07351 0
      vertex 6.74639 6.07351 3
    endloop
  endfacet
  facet normal -0.94157 -0.336818 0
    outer loop
      vertex 6.7177 6.21771 0
      vertex 6.69291 6.28701 3
      vertex 6.69291 6.28701 0
    endloop
  endfacet
  facet normal -0.94157 -0.336818 0
    outer loop
      vertex 6.69291 6.28701 3
      vertex 6.7177 6.21771 0
      vertex 6.7177 6.21771 3
    endloop
  endfacet
  facet normal -0.803201 -0.595708 0
    outer loop
      vertex 6.6236 6.41668 0
      vertex 6.57976 6.47579 3
      vertex 6.57976 6.47579 0
    endloop
  endfacet
  facet normal -0.803201 -0.595708 0
    outer loop
      vertex 6.57976 6.47579 3
      vertex 6.6236 6.41668 0
      vertex 6.6236 6.41668 3
    endloop
  endfacet
  facet normal -0.740966 -0.671543 0
    outer loop
      vertex 6.57976 6.47579 0
      vertex 6.53033 6.53033 3
      vertex 6.53033 6.53033 0
    endloop
  endfacet
  facet normal -0.740966 -0.671543 0
    outer loop
      vertex 6.53033 6.53033 3
      vertex 6.57976 6.47579 0
      vertex 6.57976 6.47579 3
    endloop
  endfacet
  facet normal -0.857721 -0.514116 0
    outer loop
      vertex 6.66144 6.35355 0
      vertex 6.6236 6.41668 3
      vertex 6.6236 6.41668 0
    endloop
  endfacet
  facet normal -0.857721 -0.514116 0
    outer loop
      vertex 6.6236 6.41668 3
      vertex 6.66144 6.35355 0
      vertex 6.66144 6.35355 3
    endloop
  endfacet
  facet normal -0.146726 -0.989177 0
    outer loop
      vertex 6.07351 6.74639 0
      vertex 6.14632 6.73559 3
      vertex 6.07351 6.74639 3
    endloop
  endfacet
  facet normal -0.146726 -0.989177 -0
    outer loop
      vertex 6.14632 6.73559 3
      vertex 6.07351 6.74639 0
      vertex 6.14632 6.73559 0
    endloop
  endfacet
  facet normal -0.243079 -0.970006 0
    outer loop
      vertex 6.14632 6.73559 0
      vertex 6.21771 6.7177 3
      vertex 6.14632 6.73559 3
    endloop
  endfacet
  facet normal -0.243079 -0.970006 -0
    outer loop
      vertex 6.21771 6.7177 3
      vertex 6.14632 6.73559 0
      vertex 6.21771 6.7177 0
    endloop
  endfacet
  facet normal -0.0490499 -0.998796 0
    outer loop
      vertex 6 6.75 0
      vertex 6.07351 6.74639 3
      vertex 6 6.75 3
    endloop
  endfacet
  facet normal -0.0490499 -0.998796 -0
    outer loop
      vertex 6.07351 6.74639 3
      vertex 6 6.75 0
      vertex 6.07351 6.74639 0
    endloop
  endfacet
  facet normal -0.514116 -0.857721 0
    outer loop
      vertex 6.35355 6.66144 0
      vertex 6.41668 6.6236 3
      vertex 6.35355 6.66144 3
    endloop
  endfacet
  facet normal -0.514116 -0.857721 -0
    outer loop
      vertex 6.41668 6.6236 3
      vertex 6.35355 6.66144 0
      vertex 6.41668 6.6236 0
    endloop
  endfacet
  facet normal -0.427543 -0.903995 0
    outer loop
      vertex 6.28701 6.69291 0
      vertex 6.35355 6.66144 3
      vertex 6.28701 6.69291 3
    endloop
  endfacet
  facet normal -0.427543 -0.903995 -0
    outer loop
      vertex 6.35355 6.66144 3
      vertex 6.28701 6.69291 0
      vertex 6.35355 6.66144 0
    endloop
  endfacet
  facet normal -0.595708 -0.803201 0
    outer loop
      vertex 6.41668 6.6236 0
      vertex 6.47579 6.57976 3
      vertex 6.41668 6.6236 3
    endloop
  endfacet
  facet normal -0.595708 -0.803201 -0
    outer loop
      vertex 6.47579 6.57976 3
      vertex 6.41668 6.6236 0
      vertex 6.47579 6.57976 0
    endloop
  endfacet
  facet normal 0.989177 -0.146726 0
    outer loop
      vertex 5.25361 6.07351 3
      vertex 5.26441 6.14632 0
      vertex 5.26441 6.14632 3
    endloop
  endfacet
  facet normal 0.989177 -0.146726 0
    outer loop
      vertex 5.26441 6.14632 0
      vertex 5.25361 6.07351 3
      vertex 5.25361 6.07351 0
    endloop
  endfacet
  facet normal 0.803201 -0.595708 0
    outer loop
      vertex 5.3764 6.41668 3
      vertex 5.42024 6.47579 0
      vertex 5.42024 6.47579 3
    endloop
  endfacet
  facet normal 0.803201 -0.595708 0
    outer loop
      vertex 5.42024 6.47579 0
      vertex 5.3764 6.41668 3
      vertex 5.3764 6.41668 0
    endloop
  endfacet
  facet normal 0.941527 -0.336939 0
    outer loop
      vertex 5.28229 6.21771 3
      vertex 5.30709 6.28701 0
      vertex 5.30709 6.28701 3
    endloop
  endfacet
  facet normal 0.941527 -0.336939 0
    outer loop
      vertex 5.30709 6.28701 0
      vertex 5.28229 6.21771 3
      vertex 5.28229 6.21771 0
    endloop
  endfacet
  facet normal 0.970039 -0.242951 0
    outer loop
      vertex 5.26441 6.14632 3
      vertex 5.28229 6.21771 0
      vertex 5.28229 6.21771 3
    endloop
  endfacet
  facet normal 0.970039 -0.242951 0
    outer loop
      vertex 5.28229 6.21771 0
      vertex 5.26441 6.14632 3
      vertex 5.26441 6.14632 0
    endloop
  endfacet
  facet normal 0.998796 -0.0490499 0
    outer loop
      vertex 5.25 6 3
      vertex 5.25361 6.07351 0
      vertex 5.25361 6.07351 3
    endloop
  endfacet
  facet normal 0.998796 -0.0490499 0
    outer loop
      vertex 5.25361 6.07351 0
      vertex 5.25 6 3
      vertex 5.25 6 0
    endloop
  endfacet
  facet normal 0.595643 -0.803249 0
    outer loop
      vertex 5.5242 6.57976 0
      vertex 5.58332 6.6236 3
      vertex 5.5242 6.57976 3
    endloop
  endfacet
  facet normal 0.595643 -0.803249 0
    outer loop
      vertex 5.58332 6.6236 3
      vertex 5.5242 6.57976 0
      vertex 5.58332 6.6236 0
    endloop
  endfacet
  facet normal 0.67161 -0.740905 0
    outer loop
      vertex 5.46967 6.53033 0
      vertex 5.5242 6.57976 3
      vertex 5.46967 6.53033 3
    endloop
  endfacet
  facet normal 0.67161 -0.740905 0
    outer loop
      vertex 5.5242 6.57976 3
      vertex 5.46967 6.53033 0
      vertex 5.5242 6.57976 0
    endloop
  endfacet
  facet normal 0.146726 -0.989177 0
    outer loop
      vertex 5.85368 6.73559 0
      vertex 5.92649 6.74639 3
      vertex 5.85368 6.73559 3
    endloop
  endfacet
  facet normal 0.146726 -0.989177 0
    outer loop
      vertex 5.92649 6.74639 3
      vertex 5.85368 6.73559 0
      vertex 5.92649 6.74639 0
    endloop
  endfacet
  facet normal -0.998796 0.0490499 0
    outer loop
      vertex 6.74639 5.92649 0
      vertex 6.75 6 3
      vertex 6.75 6 0
    endloop
  endfacet
  facet normal -0.998796 0.0490499 0
    outer loop
      vertex 6.75 6 3
      vertex 6.74639 5.92649 0
      vertex 6.74639 5.92649 3
    endloop
  endfacet
  facet normal -0.146726 0.989177 0
    outer loop
      vertex 6.14632 5.26441 0
      vertex 6.07351 5.25361 3
      vertex 6.14632 5.26441 3
    endloop
  endfacet
  facet normal -0.146726 0.989177 0
    outer loop
      vertex 6.07351 5.25361 3
      vertex 6.14632 5.26441 0
      vertex 6.07351 5.25361 0
    endloop
  endfacet
  facet normal -0.514116 0.857721 0
    outer loop
      vertex 6.41668 5.3764 0
      vertex 6.35355 5.33856 3
      vertex 6.41668 5.3764 3
    endloop
  endfacet
  facet normal -0.514116 0.857721 0
    outer loop
      vertex 6.35355 5.33856 3
      vertex 6.41668 5.3764 0
      vertex 6.35355 5.33856 0
    endloop
  endfacet
  facet normal -0.671543 0.740966 0
    outer loop
      vertex 6.53033 5.46967 0
      vertex 6.47579 5.42024 3
      vertex 6.53033 5.46967 3
    endloop
  endfacet
  facet normal -0.671543 0.740966 0
    outer loop
      vertex 6.47579 5.42024 3
      vertex 6.53033 5.46967 0
      vertex 6.47579 5.42024 0
    endloop
  endfacet
  facet normal -0.595708 0.803201 0
    outer loop
      vertex 6.47579 5.42024 0
      vertex 6.41668 5.3764 3
      vertex 6.47579 5.42024 3
    endloop
  endfacet
  facet normal -0.595708 0.803201 0
    outer loop
      vertex 6.41668 5.3764 3
      vertex 6.47579 5.42024 0
      vertex 6.41668 5.3764 0
    endloop
  endfacet
  facet normal -0.803249 0.595643 0
    outer loop
      vertex 6.57976 5.5242 0
      vertex 6.6236 5.58332 3
      vertex 6.6236 5.58332 0
    endloop
  endfacet
  facet normal -0.803249 0.595643 0
    outer loop
      vertex 6.6236 5.58332 3
      vertex 6.57976 5.5242 0
      vertex 6.57976 5.5242 3
    endloop
  endfacet
  facet normal -0.857721 0.514116 0
    outer loop
      vertex 6.6236 5.58332 0
      vertex 6.66144 5.64645 3
      vertex 6.66144 5.64645 0
    endloop
  endfacet
  facet normal -0.857721 0.514116 0
    outer loop
      vertex 6.66144 5.64645 3
      vertex 6.6236 5.58332 0
      vertex 6.6236 5.58332 3
    endloop
  endfacet
  facet normal 0.595643 0.803249 -0
    outer loop
      vertex 5.58332 5.3764 0
      vertex 5.5242 5.42024 3
      vertex 5.58332 5.3764 3
    endloop
  endfacet
  facet normal 0.595643 0.803249 0
    outer loop
      vertex 5.5242 5.42024 3
      vertex 5.58332 5.3764 0
      vertex 5.5242 5.42024 0
    endloop
  endfacet
  facet normal 0.514116 0.857721 -0
    outer loop
      vertex 5.64645 5.33856 0
      vertex 5.58332 5.3764 3
      vertex 5.64645 5.33856 3
    endloop
  endfacet
  facet normal 0.514116 0.857721 0
    outer loop
      vertex 5.58332 5.3764 3
      vertex 5.64645 5.33856 0
      vertex 5.58332 5.3764 0
    endloop
  endfacet
  facet normal 0.427543 0.903995 -0
    outer loop
      vertex 5.71299 5.30709 0
      vertex 5.64645 5.33856 3
      vertex 5.71299 5.30709 3
    endloop
  endfacet
  facet normal 0.427543 0.903995 0
    outer loop
      vertex 5.64645 5.33856 3
      vertex 5.71299 5.30709 0
      vertex 5.64645 5.33856 0
    endloop
  endfacet
  facet normal 0.0490499 0.998796 -0
    outer loop
      vertex 6 5.25 0
      vertex 5.92649 5.25361 3
      vertex 6 5.25 3
    endloop
  endfacet
  facet normal 0.0490499 0.998796 0
    outer loop
      vertex 5.92649 5.25361 3
      vertex 6 5.25 0
      vertex 5.92649 5.25361 0
    endloop
  endfacet
  facet normal 0.857721 0.514116 0
    outer loop
      vertex 5.3764 5.58332 3
      vertex 5.33856 5.64645 0
      vertex 5.33856 5.64645 3
    endloop
  endfacet
  facet normal 0.857721 0.514116 0
    outer loop
      vertex 5.33856 5.64645 0
      vertex 5.3764 5.58332 3
      vertex 5.3764 5.58332 0
    endloop
  endfacet
  facet normal 0.989177 0.146726 0
    outer loop
      vertex 5.26441 5.85368 3
      vertex 5.25361 5.92649 0
      vertex 5.25361 5.92649 3
    endloop
  endfacet
  facet normal 0.989177 0.146726 0
    outer loop
      vertex 5.25361 5.92649 0
      vertex 5.26441 5.85368 3
      vertex 5.26441 5.85368 0
    endloop
  endfacet
  facet normal 0.998796 0.0490499 0
    outer loop
      vertex 5.25361 5.92649 3
      vertex 5.25 6 0
      vertex 5.25 6 3
    endloop
  endfacet
  facet normal 0.998796 0.0490499 0
    outer loop
      vertex 5.25 6 0
      vertex 5.25361 5.92649 3
      vertex 5.25361 5.92649 0
    endloop
  endfacet
  facet normal 0.514116 -0.857721 0
    outer loop
      vertex 5.58332 6.6236 0
      vertex 5.64645 6.66144 3
      vertex 5.58332 6.6236 3
    endloop
  endfacet
  facet normal 0.514116 -0.857721 0
    outer loop
      vertex 5.64645 6.66144 3
      vertex 5.58332 6.6236 0
      vertex 5.64645 6.66144 0
    endloop
  endfacet
  facet normal 0.336818 -0.94157 0
    outer loop
      vertex 5.71299 6.69291 0
      vertex 5.78229 6.7177 3
      vertex 5.71299 6.69291 3
    endloop
  endfacet
  facet normal 0.336818 -0.94157 0
    outer loop
      vertex 5.78229 6.7177 3
      vertex 5.71299 6.69291 0
      vertex 5.78229 6.7177 0
    endloop
  endfacet
  facet normal -0.242951 0.970039 0
    outer loop
      vertex 6.21771 5.28229 0
      vertex 6.14632 5.26441 3
      vertex 6.21771 5.28229 3
    endloop
  endfacet
  facet normal -0.242951 0.970039 0
    outer loop
      vertex 6.14632 5.26441 3
      vertex 6.21771 5.28229 0
      vertex 6.14632 5.26441 0
    endloop
  endfacet
  facet normal -0.427543 0.903995 0
    outer loop
      vertex 6.35355 5.33856 0
      vertex 6.28701 5.30709 3
      vertex 6.35355 5.33856 3
    endloop
  endfacet
  facet normal -0.427543 0.903995 0
    outer loop
      vertex 6.28701 5.30709 3
      vertex 6.35355 5.33856 0
      vertex 6.28701 5.30709 0
    endloop
  endfacet
  facet normal -0.94157 0.336818 0
    outer loop
      vertex 6.69291 5.71299 0
      vertex 6.7177 5.78229 3
      vertex 6.7177 5.78229 0
    endloop
  endfacet
  facet normal -0.94157 0.336818 0
    outer loop
      vertex 6.7177 5.78229 3
      vertex 6.69291 5.71299 0
      vertex 6.69291 5.71299 3
    endloop
  endfacet
  facet normal -0.989177 0.146726 0
    outer loop
      vertex 6.73559 5.85368 0
      vertex 6.74639 5.92649 3
      vertex 6.74639 5.92649 0
    endloop
  endfacet
  facet normal -0.989177 0.146726 0
    outer loop
      vertex 6.74639 5.92649 3
      vertex 6.73559 5.85368 0
      vertex 6.73559 5.85368 3
    endloop
  endfacet
  facet normal 0.336939 0.941527 -0
    outer loop
      vertex 5.78229 5.28229 0
      vertex 5.71299 5.30709 3
      vertex 5.78229 5.28229 3
    endloop
  endfacet
  facet normal 0.336939 0.941527 0
    outer loop
      vertex 5.71299 5.30709 3
      vertex 5.78229 5.28229 0
      vertex 5.71299 5.30709 0
    endloop
  endfacet
  facet normal 0.146726 0.989177 -0
    outer loop
      vertex 5.92649 5.25361 0
      vertex 5.85368 5.26441 3
      vertex 5.92649 5.25361 3
    endloop
  endfacet
  facet normal 0.146726 0.989177 0
    outer loop
      vertex 5.85368 5.26441 3
      vertex 5.92649 5.25361 0
      vertex 5.85368 5.26441 0
    endloop
  endfacet
  facet normal 0.803249 0.595643 0
    outer loop
      vertex 5.42024 5.5242 3
      vertex 5.3764 5.58332 0
      vertex 5.3764 5.58332 3
    endloop
  endfacet
  facet normal 0.803249 0.595643 0
    outer loop
      vertex 5.3764 5.58332 0
      vertex 5.42024 5.5242 3
      vertex 5.42024 5.5242 0
    endloop
  endfacet
  facet normal 0.903995 0.427543 0
    outer loop
      vertex 5.33856 5.64645 3
      vertex 5.30709 5.71299 0
      vertex 5.30709 5.71299 3
    endloop
  endfacet
  facet normal 0.903995 0.427543 0
    outer loop
      vertex 5.30709 5.71299 0
      vertex 5.33856 5.64645 3
      vertex 5.33856 5.64645 0
    endloop
  endfacet
  facet normal 0.970039 0.242951 0
    outer loop
      vertex 5.28229 5.78229 3
      vertex 5.26441 5.85368 0
      vertex 5.26441 5.85368 3
    endloop
  endfacet
  facet normal 0.970039 0.242951 0
    outer loop
      vertex 5.26441 5.85368 0
      vertex 5.28229 5.78229 3
      vertex 5.28229 5.78229 0
    endloop
  endfacet
  facet normal -0.998803 -0.0489143 0
    outer loop
      vertex 12.75 -6 0
      vertex 12.7464 -5.92649 3
      vertex 12.7464 -5.92649 0
    endloop
  endfacet
  facet normal -0.998803 -0.0489143 0
    outer loop
      vertex 12.7464 -5.92649 3
      vertex 12.75 -6 0
      vertex 12.75 -6 3
    endloop
  endfacet
  facet normal 0.0490565 -0.998796 0
    outer loop
      vertex 11.9265 -5.25361 0
      vertex 12 -5.25 3
      vertex 11.9265 -5.25361 3
    endloop
  endfacet
  facet normal 0.0490565 -0.998796 0
    outer loop
      vertex 12 -5.25 3
      vertex 11.9265 -5.25361 0
      vertex 12 -5.25 0
    endloop
  endfacet
  facet normal -0.0490565 0.998796 0
    outer loop
      vertex 12.0735 -6.74639 0
      vertex 12 -6.75 3
      vertex 12.0735 -6.74639 3
    endloop
  endfacet
  facet normal -0.0490565 0.998796 0
    outer loop
      vertex 12 -6.75 3
      vertex 12.0735 -6.74639 0
      vertex 12 -6.75 0
    endloop
  endfacet
  facet normal -0.671813 -0.740721 0
    outer loop
      vertex 12.4758 -5.42024 0
      vertex 12.5303 -5.46967 3
      vertex 12.4758 -5.42024 3
    endloop
  endfacet
  facet normal -0.671813 -0.740721 -0
    outer loop
      vertex 12.5303 -5.46967 3
      vertex 12.4758 -5.42024 0
      vertex 12.5303 -5.46967 0
    endloop
  endfacet
  facet normal 0.740431 -0.672132 0
    outer loop
      vertex 11.4202 -5.5242 3
      vertex 11.4697 -5.46967 0
      vertex 11.4697 -5.46967 3
    endloop
  endfacet
  facet normal 0.740431 -0.672132 0
    outer loop
      vertex 11.4697 -5.46967 0
      vertex 11.4202 -5.5242 3
      vertex 11.4202 -5.5242 0
    endloop
  endfacet
  facet normal 0.427753 -0.903896 0
    outer loop
      vertex 11.6465 -5.33856 0
      vertex 11.713 -5.30709 3
      vertex 11.6465 -5.33856 3
    endloop
  endfacet
  facet normal 0.427753 -0.903896 0
    outer loop
      vertex 11.713 -5.30709 3
      vertex 11.6465 -5.33856 0
      vertex 11.713 -5.30709 0
    endloop
  endfacet
  facet normal -0.903837 -0.427876 0
    outer loop
      vertex 12.6929 -5.71299 0
      vertex 12.6614 -5.64645 3
      vertex 12.6614 -5.64645 0
    endloop
  endfacet
  facet normal -0.903837 -0.427876 0
    outer loop
      vertex 12.6614 -5.64645 3
      vertex 12.6929 -5.71299 0
      vertex 12.6929 -5.71299 3
    endloop
  endfacet
  facet normal -0.336939 -0.941527 0
    outer loop
      vertex 12.2177 -5.28229 0
      vertex 12.287 -5.30709 3
      vertex 12.2177 -5.28229 3
    endloop
  endfacet
  facet normal -0.336939 -0.941527 -0
    outer loop
      vertex 12.287 -5.30709 3
      vertex 12.2177 -5.28229 0
      vertex 12.287 -5.30709 0
    endloop
  endfacet
  facet normal -0.513697 -0.857972 0
    outer loop
      vertex 12.3535 -5.33856 0
      vertex 12.4167 -5.3764 3
      vertex 12.3535 -5.33856 3
    endloop
  endfacet
  facet normal -0.513697 -0.857972 -0
    outer loop
      vertex 12.4167 -5.3764 3
      vertex 12.3535 -5.33856 0
      vertex 12.4167 -5.3764 0
    endloop
  endfacet
  facet normal 0.903837 -0.427876 0
    outer loop
      vertex 11.3071 -5.71299 3
      vertex 11.3386 -5.64645 0
      vertex 11.3386 -5.64645 3
    endloop
  endfacet
  facet normal 0.903837 -0.427876 0
    outer loop
      vertex 11.3386 -5.64645 0
      vertex 11.3071 -5.71299 3
      vertex 11.3071 -5.71299 0
    endloop
  endfacet
  facet normal 0.85796 -0.513716 0
    outer loop
      vertex 11.3386 -5.64645 3
      vertex 11.3764 -5.58332 0
      vertex 11.3764 -5.58332 3
    endloop
  endfacet
  facet normal 0.85796 -0.513716 0
    outer loop
      vertex 11.3764 -5.58332 0
      vertex 11.3386 -5.64645 3
      vertex 11.3386 -5.64645 0
    endloop
  endfacet
  facet normal 0.242919 -0.970047 0
    outer loop
      vertex 11.7823 -5.28229 0
      vertex 11.8537 -5.26441 3
      vertex 11.7823 -5.28229 3
    endloop
  endfacet
  facet normal 0.242919 -0.970047 0
    outer loop
      vertex 11.8537 -5.26441 3
      vertex 11.7823 -5.28229 0
      vertex 11.8537 -5.26441 0
    endloop
  endfacet
  facet normal -0.336818 0.94157 0
    outer loop
      vertex 12.287 -6.69291 0
      vertex 12.2177 -6.7177 3
      vertex 12.287 -6.69291 3
    endloop
  endfacet
  facet normal -0.336818 0.94157 0
    outer loop
      vertex 12.2177 -6.7177 3
      vertex 12.287 -6.69291 0
      vertex 12.2177 -6.7177 0
    endloop
  endfacet
  facet normal -0.969974 -0.243207 0
    outer loop
      vertex 12.7356 -5.85368 0
      vertex 12.7177 -5.78229 3
      vertex 12.7177 -5.78229 0
    endloop
  endfacet
  facet normal -0.969974 -0.243207 0
    outer loop
      vertex 12.7177 -5.78229 3
      vertex 12.7356 -5.85368 0
      vertex 12.7356 -5.85368 3
    endloop
  endfacet
  facet normal -0.989177 -0.146726 0
    outer loop
      vertex 12.7464 -5.92649 0
      vertex 12.7356 -5.85368 3
      vertex 12.7356 -5.85368 0
    endloop
  endfacet
  facet normal -0.989177 -0.146726 0
    outer loop
      vertex 12.7356 -5.85368 3
      vertex 12.7464 -5.92649 0
      vertex 12.7464 -5.92649 3
    endloop
  endfacet
  facet normal -0.941527 -0.336939 0
    outer loop
      vertex 12.7177 -5.78229 0
      vertex 12.6929 -5.71299 3
      vertex 12.6929 -5.71299 0
    endloop
  endfacet
  facet normal -0.941527 -0.336939 0
    outer loop
      vertex 12.6929 -5.71299 3
      vertex 12.7177 -5.78229 0
      vertex 12.7177 -5.78229 3
    endloop
  endfacet
  facet normal -0.803509 -0.595293 0
    outer loop
      vertex 12.6236 -5.58332 0
      vertex 12.5798 -5.5242 3
      vertex 12.5798 -5.5242 0
    endloop
  endfacet
  facet normal -0.803509 -0.595293 0
    outer loop
      vertex 12.5798 -5.5242 3
      vertex 12.6236 -5.58332 0
      vertex 12.6236 -5.58332 3
    endloop
  endfacet
  facet normal -0.740431 -0.672132 0
    outer loop
      vertex 12.5798 -5.5242 0
      vertex 12.5303 -5.46967 3
      vertex 12.5303 -5.46967 0
    endloop
  endfacet
  facet normal -0.740431 -0.672132 0
    outer loop
      vertex 12.5303 -5.46967 3
      vertex 12.5798 -5.5242 0
      vertex 12.5798 -5.5242 3
    endloop
  endfacet
  facet normal -0.146746 -0.989174 0
    outer loop
      vertex 12.0735 -5.25361 0
      vertex 12.1463 -5.26441 3
      vertex 12.0735 -5.25361 3
    endloop
  endfacet
  facet normal -0.146746 -0.989174 -0
    outer loop
      vertex 12.1463 -5.26441 3
      vertex 12.0735 -5.25361 0
      vertex 12.1463 -5.26441 0
    endloop
  endfacet
  facet normal -0.0490565 -0.998796 0
    outer loop
      vertex 12 -5.25 0
      vertex 12.0735 -5.25361 3
      vertex 12 -5.25 3
    endloop
  endfacet
  facet normal -0.0490565 -0.998796 -0
    outer loop
      vertex 12.0735 -5.25361 3
      vertex 12 -5.25 0
      vertex 12.0735 -5.25361 0
    endloop
  endfacet
  facet normal -0.427753 -0.903896 0
    outer loop
      vertex 12.287 -5.30709 0
      vertex 12.3535 -5.33856 3
      vertex 12.287 -5.30709 3
    endloop
  endfacet
  facet normal -0.427753 -0.903896 -0
    outer loop
      vertex 12.3535 -5.33856 3
      vertex 12.287 -5.30709 0
      vertex 12.3535 -5.33856 0
    endloop
  endfacet
  facet normal -0.595773 -0.803153 0
    outer loop
      vertex 12.4167 -5.3764 0
      vertex 12.4758 -5.42024 3
      vertex 12.4167 -5.3764 3
    endloop
  endfacet
  facet normal -0.595773 -0.803153 -0
    outer loop
      vertex 12.4758 -5.42024 3
      vertex 12.4167 -5.3764 0
      vertex 12.4758 -5.42024 0
    endloop
  endfacet
  facet normal 0.989177 -0.146726 0
    outer loop
      vertex 11.2536 -5.92649 3
      vertex 11.2644 -5.85368 0
      vertex 11.2644 -5.85368 3
    endloop
  endfacet
  facet normal 0.989177 -0.146726 0
    outer loop
      vertex 11.2644 -5.85368 0
      vertex 11.2536 -5.92649 3
      vertex 11.2536 -5.92649 0
    endloop
  endfacet
  facet normal 0.803509 -0.595293 0
    outer loop
      vertex 11.3764 -5.58332 3
      vertex 11.4202 -5.5242 0
      vertex 11.4202 -5.5242 3
    endloop
  endfacet
  facet normal 0.803509 -0.595293 0
    outer loop
      vertex 11.4202 -5.5242 0
      vertex 11.3764 -5.58332 3
      vertex 11.3764 -5.58332 0
    endloop
  endfacet
  facet normal 0.941527 -0.336939 0
    outer loop
      vertex 11.2823 -5.78229 3
      vertex 11.3071 -5.71299 0
      vertex 11.3071 -5.71299 3
    endloop
  endfacet
  facet normal 0.941527 -0.336939 0
    outer loop
      vertex 11.3071 -5.71299 0
      vertex 11.2823 -5.78229 3
      vertex 11.2823 -5.78229 0
    endloop
  endfacet
  facet normal 0.969974 -0.243207 0
    outer loop
      vertex 11.2644 -5.85368 3
      vertex 11.2823 -5.78229 0
      vertex 11.2823 -5.78229 3
    endloop
  endfacet
  facet normal 0.969974 -0.243207 0
    outer loop
      vertex 11.2823 -5.78229 0
      vertex 11.2644 -5.85368 3
      vertex 11.2644 -5.85368 0
    endloop
  endfacet
  facet normal 0.998803 -0.0489143 0
    outer loop
      vertex 11.25 -6 3
      vertex 11.2536 -5.92649 0
      vertex 11.2536 -5.92649 3
    endloop
  endfacet
  facet normal 0.998803 -0.0489143 0
    outer loop
      vertex 11.2536 -5.92649 0
      vertex 11.25 -6 3
      vertex 11.25 -6 0
    endloop
  endfacet
  facet normal 0.513697 -0.857972 0
    outer loop
      vertex 11.5833 -5.3764 0
      vertex 11.6465 -5.33856 3
      vertex 11.5833 -5.3764 3
    endloop
  endfacet
  facet normal 0.513697 -0.857972 0
    outer loop
      vertex 11.6465 -5.33856 3
      vertex 11.5833 -5.3764 0
      vertex 11.6465 -5.33856 0
    endloop
  endfacet
  facet normal 0.595773 -0.803153 0
    outer loop
      vertex 11.5242 -5.42024 0
      vertex 11.5833 -5.3764 3
      vertex 11.5242 -5.42024 3
    endloop
  endfacet
  facet normal 0.595773 -0.803153 0
    outer loop
      vertex 11.5833 -5.3764 3
      vertex 11.5242 -5.42024 0
      vertex 11.5833 -5.3764 0
    endloop
  endfacet
  facet normal 0.671813 -0.740721 0
    outer loop
      vertex 11.4697 -5.46967 0
      vertex 11.5242 -5.42024 3
      vertex 11.4697 -5.46967 3
    endloop
  endfacet
  facet normal 0.671813 -0.740721 0
    outer loop
      vertex 11.5242 -5.42024 3
      vertex 11.4697 -5.46967 0
      vertex 11.5242 -5.42024 0
    endloop
  endfacet
  facet normal 0.336939 -0.941527 0
    outer loop
      vertex 11.713 -5.30709 0
      vertex 11.7823 -5.28229 3
      vertex 11.713 -5.30709 3
    endloop
  endfacet
  facet normal 0.336939 -0.941527 0
    outer loop
      vertex 11.7823 -5.28229 3
      vertex 11.713 -5.30709 0
      vertex 11.7823 -5.28229 0
    endloop
  endfacet
  facet normal 0.146746 -0.989174 0
    outer loop
      vertex 11.8537 -5.26441 0
      vertex 11.9265 -5.25361 3
      vertex 11.8537 -5.26441 3
    endloop
  endfacet
  facet normal 0.146746 -0.989174 0
    outer loop
      vertex 11.9265 -5.25361 3
      vertex 11.8537 -5.26441 0
      vertex 11.9265 -5.25361 0
    endloop
  endfacet
  facet normal -0.998803 0.0489143 0
    outer loop
      vertex 12.7464 -6.07351 0
      vertex 12.75 -6 3
      vertex 12.75 -6 0
    endloop
  endfacet
  facet normal -0.998803 0.0489143 0
    outer loop
      vertex 12.75 -6 3
      vertex 12.7464 -6.07351 0
      vertex 12.7464 -6.07351 3
    endloop
  endfacet
  facet normal -0.740493 0.672064 0
    outer loop
      vertex 12.5303 -6.53033 0
      vertex 12.5798 -6.47579 3
      vertex 12.5798 -6.47579 0
    endloop
  endfacet
  facet normal -0.740493 0.672064 0
    outer loop
      vertex 12.5798 -6.47579 3
      vertex 12.5303 -6.53033 0
      vertex 12.5303 -6.53033 3
    endloop
  endfacet
  facet normal 0.740493 0.672064 0
    outer loop
      vertex 11.4697 -6.53033 3
      vertex 11.4202 -6.47579 0
      vertex 11.4202 -6.47579 3
    endloop
  endfacet
  facet normal 0.740493 0.672064 0
    outer loop
      vertex 11.4202 -6.47579 0
      vertex 11.4697 -6.53033 3
      vertex 11.4697 -6.53033 0
    endloop
  endfacet
  facet normal -0.427753 0.903896 0
    outer loop
      vertex 12.3535 -6.66144 0
      vertex 12.287 -6.69291 3
      vertex 12.3535 -6.66144 3
    endloop
  endfacet
  facet normal -0.427753 0.903896 0
    outer loop
      vertex 12.287 -6.69291 3
      vertex 12.3535 -6.66144 0
      vertex 12.287 -6.69291 0
    endloop
  endfacet
  facet normal -0.85796 -0.513716 0
    outer loop
      vertex 12.6614 -5.64645 0
      vertex 12.6236 -5.58332 3
      vertex 12.6236 -5.58332 0
    endloop
  endfacet
  facet normal -0.85796 -0.513716 0
    outer loop
      vertex 12.6236 -5.58332 3
      vertex 12.6614 -5.64645 0
      vertex 12.6614 -5.64645 3
    endloop
  endfacet
  facet normal -0.242919 -0.970047 0
    outer loop
      vertex 12.1463 -5.26441 0
      vertex 12.2177 -5.28229 3
      vertex 12.1463 -5.26441 3
    endloop
  endfacet
  facet normal -0.242919 -0.970047 -0
    outer loop
      vertex 12.2177 -5.28229 3
      vertex 12.1463 -5.26441 0
      vertex 12.2177 -5.28229 0
    endloop
  endfacet
  facet normal 0.998803 0.0489143 0
    outer loop
      vertex 11.2536 -6.07351 3
      vertex 11.25 -6 0
      vertex 11.25 -6 3
    endloop
  endfacet
  facet normal 0.998803 0.0489143 0
    outer loop
      vertex 11.25 -6 0
      vertex 11.2536 -6.07351 3
      vertex 11.2536 -6.07351 0
    endloop
  endfacet
  facet normal -0.941527 0.336939 0
    outer loop
      vertex 12.6929 -6.28701 0
      vertex 12.7177 -6.21771 3
      vertex 12.7177 -6.21771 0
    endloop
  endfacet
  facet normal -0.941527 0.336939 0
    outer loop
      vertex 12.7177 -6.21771 3
      vertex 12.6929 -6.28701 0
      vertex 12.6929 -6.28701 3
    endloop
  endfacet
  facet normal -0.969974 0.243207 0
    outer loop
      vertex 12.7177 -6.21771 0
      vertex 12.7356 -6.14632 3
      vertex 12.7356 -6.14632 0
    endloop
  endfacet
  facet normal -0.969974 0.243207 0
    outer loop
      vertex 12.7356 -6.14632 3
      vertex 12.7177 -6.21771 0
      vertex 12.7177 -6.21771 3
    endloop
  endfacet
  facet normal -0.989177 0.146726 0
    outer loop
      vertex 12.7356 -6.14632 0
      vertex 12.7464 -6.07351 3
      vertex 12.7464 -6.07351 0
    endloop
  endfacet
  facet normal -0.989177 0.146726 0
    outer loop
      vertex 12.7464 -6.07351 3
      vertex 12.7356 -6.14632 0
      vertex 12.7356 -6.14632 3
    endloop
  endfacet
  facet normal -0.671813 0.740721 0
    outer loop
      vertex 12.5303 -6.53033 0
      vertex 12.4758 -6.57976 3
      vertex 12.5303 -6.53033 3
    endloop
  endfacet
  facet normal -0.671813 0.740721 0
    outer loop
      vertex 12.4758 -6.57976 3
      vertex 12.5303 -6.53033 0
      vertex 12.4758 -6.57976 0
    endloop
  endfacet
  facet normal -0.903837 0.427876 0
    outer loop
      vertex 12.6614 -6.35355 0
      vertex 12.6929 -6.28701 3
      vertex 12.6929 -6.28701 0
    endloop
  endfacet
  facet normal -0.903837 0.427876 0
    outer loop
      vertex 12.6929 -6.28701 3
      vertex 12.6614 -6.35355 0
      vertex 12.6614 -6.35355 3
    endloop
  endfacet
  facet normal -0.803461 0.595358 0
    outer loop
      vertex 12.5798 -6.47579 0
      vertex 12.6236 -6.41668 3
      vertex 12.6236 -6.41668 0
    endloop
  endfacet
  facet normal -0.803461 0.595358 0
    outer loop
      vertex 12.6236 -6.41668 3
      vertex 12.5798 -6.47579 0
      vertex 12.5798 -6.47579 3
    endloop
  endfacet
  facet normal 0.243047 0.970015 -0
    outer loop
      vertex 11.8537 -6.73559 0
      vertex 11.7823 -6.7177 3
      vertex 11.8537 -6.73559 3
    endloop
  endfacet
  facet normal 0.243047 0.970015 0
    outer loop
      vertex 11.7823 -6.7177 3
      vertex 11.8537 -6.73559 0
      vertex 11.7823 -6.7177 0
    endloop
  endfacet
  facet normal 0.513697 0.857972 -0
    outer loop
      vertex 11.6465 -6.66144 0
      vertex 11.5833 -6.6236 3
      vertex 11.6465 -6.66144 3
    endloop
  endfacet
  facet normal 0.513697 0.857972 0
    outer loop
      vertex 11.5833 -6.6236 3
      vertex 11.6465 -6.66144 0
      vertex 11.5833 -6.6236 0
    endloop
  endfacet
  facet normal 0.85796 0.513716 0
    outer loop
      vertex 11.3764 -6.41668 3
      vertex 11.3386 -6.35355 0
      vertex 11.3386 -6.35355 3
    endloop
  endfacet
  facet normal 0.85796 0.513716 0
    outer loop
      vertex 11.3386 -6.35355 0
      vertex 11.3764 -6.41668 3
      vertex 11.3764 -6.41668 0
    endloop
  endfacet
  facet normal 0.941527 0.336939 0
    outer loop
      vertex 11.3071 -6.28701 3
      vertex 11.2823 -6.21771 0
      vertex 11.2823 -6.21771 3
    endloop
  endfacet
  facet normal 0.941527 0.336939 0
    outer loop
      vertex 11.2823 -6.21771 0
      vertex 11.3071 -6.28701 3
      vertex 11.3071 -6.28701 0
    endloop
  endfacet
  facet normal 0.903837 0.427876 0
    outer loop
      vertex 11.3386 -6.35355 3
      vertex 11.3071 -6.28701 0
      vertex 11.3071 -6.28701 3
    endloop
  endfacet
  facet normal 0.903837 0.427876 0
    outer loop
      vertex 11.3071 -6.28701 0
      vertex 11.3386 -6.35355 3
      vertex 11.3386 -6.35355 0
    endloop
  endfacet
  facet normal -0.513697 0.857972 0
    outer loop
      vertex 12.4167 -6.6236 0
      vertex 12.3535 -6.66144 3
      vertex 12.4167 -6.6236 3
    endloop
  endfacet
  facet normal -0.513697 0.857972 0
    outer loop
      vertex 12.3535 -6.66144 3
      vertex 12.4167 -6.6236 0
      vertex 12.3535 -6.66144 0
    endloop
  endfacet
  facet normal -0.595773 0.803153 0
    outer loop
      vertex 12.4758 -6.57976 0
      vertex 12.4167 -6.6236 3
      vertex 12.4758 -6.57976 3
    endloop
  endfacet
  facet normal -0.595773 0.803153 0
    outer loop
      vertex 12.4167 -6.6236 3
      vertex 12.4758 -6.57976 0
      vertex 12.4167 -6.6236 0
    endloop
  endfacet
  facet normal -0.85796 0.513716 0
    outer loop
      vertex 12.6236 -6.41668 0
      vertex 12.6614 -6.35355 3
      vertex 12.6614 -6.35355 0
    endloop
  endfacet
  facet normal -0.85796 0.513716 0
    outer loop
      vertex 12.6614 -6.35355 3
      vertex 12.6236 -6.41668 0
      vertex 12.6236 -6.41668 3
    endloop
  endfacet
  facet normal 0.0490565 0.998796 -0
    outer loop
      vertex 12 -6.75 0
      vertex 11.9265 -6.74639 3
      vertex 12 -6.75 3
    endloop
  endfacet
  facet normal 0.0490565 0.998796 0
    outer loop
      vertex 11.9265 -6.74639 3
      vertex 12 -6.75 0
      vertex 11.9265 -6.74639 0
    endloop
  endfacet
  facet normal 0.427753 0.903896 -0
    outer loop
      vertex 11.713 -6.69291 0
      vertex 11.6465 -6.66144 3
      vertex 11.713 -6.69291 3
    endloop
  endfacet
  facet normal 0.427753 0.903896 0
    outer loop
      vertex 11.6465 -6.66144 3
      vertex 11.713 -6.69291 0
      vertex 11.6465 -6.66144 0
    endloop
  endfacet
  facet normal 0.595773 0.803153 -0
    outer loop
      vertex 11.5833 -6.6236 0
      vertex 11.5242 -6.57976 3
      vertex 11.5833 -6.6236 3
    endloop
  endfacet
  facet normal 0.595773 0.803153 0
    outer loop
      vertex 11.5242 -6.57976 3
      vertex 11.5833 -6.6236 0
      vertex 11.5242 -6.57976 0
    endloop
  endfacet
  facet normal 0.671813 0.740721 -0
    outer loop
      vertex 11.5242 -6.57976 0
      vertex 11.4697 -6.53033 3
      vertex 11.5242 -6.57976 3
    endloop
  endfacet
  facet normal 0.671813 0.740721 0
    outer loop
      vertex 11.4697 -6.53033 3
      vertex 11.5242 -6.57976 0
      vertex 11.4697 -6.53033 0
    endloop
  endfacet
  facet normal 0.803461 0.595358 0
    outer loop
      vertex 11.4202 -6.47579 3
      vertex 11.3764 -6.41668 0
      vertex 11.3764 -6.41668 3
    endloop
  endfacet
  facet normal 0.803461 0.595358 0
    outer loop
      vertex 11.3764 -6.41668 0
      vertex 11.4202 -6.47579 3
      vertex 11.4202 -6.47579 0
    endloop
  endfacet
  facet normal 0.969974 0.243207 0
    outer loop
      vertex 11.2823 -6.21771 3
      vertex 11.2644 -6.14632 0
      vertex 11.2644 -6.14632 3
    endloop
  endfacet
  facet normal 0.969974 0.243207 0
    outer loop
      vertex 11.2644 -6.14632 0
      vertex 11.2823 -6.21771 3
      vertex 11.2823 -6.21771 0
    endloop
  endfacet
  facet normal 0.989177 0.146726 0
    outer loop
      vertex 11.2644 -6.14632 3
      vertex 11.2536 -6.07351 0
      vertex 11.2536 -6.07351 3
    endloop
  endfacet
  facet normal 0.989177 0.146726 0
    outer loop
      vertex 11.2536 -6.07351 0
      vertex 11.2644 -6.14632 3
      vertex 11.2644 -6.14632 0
    endloop
  endfacet
  facet normal -0.243047 0.970015 0
    outer loop
      vertex 12.2177 -6.7177 0
      vertex 12.1463 -6.73559 3
      vertex 12.2177 -6.7177 3
    endloop
  endfacet
  facet normal -0.243047 0.970015 0
    outer loop
      vertex 12.1463 -6.73559 3
      vertex 12.2177 -6.7177 0
      vertex 12.1463 -6.73559 0
    endloop
  endfacet
  facet normal -0.146746 0.989174 0
    outer loop
      vertex 12.1463 -6.73559 0
      vertex 12.0735 -6.74639 3
      vertex 12.1463 -6.73559 3
    endloop
  endfacet
  facet normal -0.146746 0.989174 0
    outer loop
      vertex 12.0735 -6.74639 3
      vertex 12.1463 -6.73559 0
      vertex 12.0735 -6.74639 0
    endloop
  endfacet
  facet normal 0.146746 0.989174 -0
    outer loop
      vertex 11.9265 -6.74639 0
      vertex 11.8537 -6.73559 3
      vertex 11.9265 -6.74639 3
    endloop
  endfacet
  facet normal 0.146746 0.989174 0
    outer loop
      vertex 11.8537 -6.73559 3
      vertex 11.9265 -6.74639 0
      vertex 11.8537 -6.73559 0
    endloop
  endfacet
  facet normal 0.336818 0.94157 -0
    outer loop
      vertex 11.7823 -6.7177 0
      vertex 11.713 -6.69291 3
      vertex 11.7823 -6.7177 3
    endloop
  endfacet
  facet normal 0.336818 0.94157 0
    outer loop
      vertex 11.713 -6.69291 3
      vertex 11.7823 -6.7177 0
      vertex 11.713 -6.69291 0
    endloop
  endfacet
  facet normal -0.998803 -0.0489129 0
    outer loop
      vertex 12.75 0 0
      vertex 12.7464 0.0735121 3
      vertex 12.7464 0.0735121 0
    endloop
  endfacet
  facet normal -0.998803 -0.0489129 0
    outer loop
      vertex 12.7464 0.0735121 3
      vertex 12.75 0 0
      vertex 12.75 0 3
    endloop
  endfacet
  facet normal 0.0490836 -0.998795 0
    outer loop
      vertex 11.9265 0.746388 0
      vertex 12 0.75 3
      vertex 11.9265 0.746388 3
    endloop
  endfacet
  facet normal 0.0490836 -0.998795 0
    outer loop
      vertex 12 0.75 3
      vertex 11.9265 0.746388 0
      vertex 12 0.75 0
    endloop
  endfacet
  facet normal -0.0490836 0.998795 0
    outer loop
      vertex 12.0735 -0.746388 0
      vertex 12 -0.75 3
      vertex 12.0735 -0.746388 3
    endloop
  endfacet
  facet normal -0.0490836 0.998795 0
    outer loop
      vertex 12 -0.75 3
      vertex 12.0735 -0.746388 0
      vertex 12 -0.75 0
    endloop
  endfacet
  facet normal -0.671798 -0.740734 0
    outer loop
      vertex 12.4758 0.579758 0
      vertex 12.5303 0.53033 3
      vertex 12.4758 0.579758 3
    endloop
  endfacet
  facet normal -0.671798 -0.740734 -0
    outer loop
      vertex 12.5303 0.53033 3
      vertex 12.4758 0.579758 0
      vertex 12.5303 0.53033 0
    endloop
  endfacet
  facet normal 0.740462 -0.672098 0
    outer loop
      vertex 11.4202 0.475795 3
      vertex 11.4697 0.53033 0
      vertex 11.4697 0.53033 3
    endloop
  endfacet
  facet normal 0.740462 -0.672098 0
    outer loop
      vertex 11.4697 0.53033 0
      vertex 11.4202 0.475795 3
      vertex 11.4202 0.475795 0
    endloop
  endfacet
  facet normal 0.427731 -0.903906 0
    outer loop
      vertex 11.6465 0.661441 0
      vertex 11.713 0.692909 3
      vertex 11.6465 0.661441 3
    endloop
  endfacet
  facet normal 0.427731 -0.903906 0
    outer loop
      vertex 11.713 0.692909 3
      vertex 11.6465 0.661441 0
      vertex 11.713 0.692909 0
    endloop
  endfacet
  facet normal -0.903825 -0.427902 0
    outer loop
      vertex 12.6929 0.287012 0
      vertex 12.6614 0.353547 3
      vertex 12.6614 0.353547 0
    endloop
  endfacet
  facet normal -0.903825 -0.427902 0
    outer loop
      vertex 12.6614 0.353547 3
      vertex 12.6929 0.287012 0
      vertex 12.6929 0.287012 3
    endloop
  endfacet
  facet normal -0.336891 -0.941544 0
    outer loop
      vertex 12.2177 0.717705 0
      vertex 12.287 0.692909 3
      vertex 12.2177 0.717705 3
    endloop
  endfacet
  facet normal -0.336891 -0.941544 -0
    outer loop
      vertex 12.287 0.692909 3
      vertex 12.2177 0.717705 0
      vertex 12.287 0.692909 0
    endloop
  endfacet
  facet normal -0.513687 -0.857978 0
    outer loop
      vertex 12.3535 0.661441 0
      vertex 12.4167 0.623602 3
      vertex 12.3535 0.661441 3
    endloop
  endfacet
  facet normal -0.513687 -0.857978 -0
    outer loop
      vertex 12.4167 0.623602 3
      vertex 12.3535 0.661441 0
      vertex 12.4167 0.623602 0
    endloop
  endfacet
  facet normal 0.903825 -0.427902 0
    outer loop
      vertex 11.3071 0.287012 3
      vertex 11.3386 0.353547 0
      vertex 11.3386 0.353547 3
    endloop
  endfacet
  facet normal 0.903825 -0.427902 0
    outer loop
      vertex 11.3386 0.353547 0
      vertex 11.3071 0.287012 3
      vertex 11.3071 0.287012 0
    endloop
  endfacet
  facet normal 0.85796 -0.513716 0
    outer loop
      vertex 11.3386 0.353547 3
      vertex 11.3764 0.416677 0
      vertex 11.3764 0.416677 3
    endloop
  endfacet
  facet normal 0.85796 -0.513716 0
    outer loop
      vertex 11.3764 0.416677 0
      vertex 11.3386 0.353547 3
      vertex 11.3386 0.353547 0
    endloop
  endfacet
  facet normal 0.242958 -0.970037 0
    outer loop
      vertex 11.7823 0.717705 0
      vertex 11.8537 0.735588 3
      vertex 11.7823 0.717705 3
    endloop
  endfacet
  facet normal 0.242958 -0.970037 0
    outer loop
      vertex 11.8537 0.735588 3
      vertex 11.7823 0.717705 0
      vertex 11.8537 0.735588 0
    endloop
  endfacet
  facet normal -0.336891 0.941544 0
    outer loop
      vertex 12.287 -0.692909 0
      vertex 12.2177 -0.717705 3
      vertex 12.287 -0.692909 3
    endloop
  endfacet
  facet normal -0.336891 0.941544 0
    outer loop
      vertex 12.2177 -0.717705 3
      vertex 12.287 -0.692909 0
      vertex 12.2177 -0.717705 0
    endloop
  endfacet
  facet normal -0.969979 -0.243188 0
    outer loop
      vertex 12.7356 0.146317 0
      vertex 12.7177 0.217713 3
      vertex 12.7177 0.217713 0
    endloop
  endfacet
  facet normal -0.969979 -0.243188 0
    outer loop
      vertex 12.7177 0.217713 3
      vertex 12.7356 0.146317 0
      vertex 12.7356 0.146317 3
    endloop
  endfacet
  facet normal -0.989176 -0.146736 0
    outer loop
      vertex 12.7464 0.0735121 0
      vertex 12.7356 0.146317 3
      vertex 12.7356 0.146317 0
    endloop
  endfacet
  facet normal -0.989176 -0.146736 0
    outer loop
      vertex 12.7356 0.146317 3
      vertex 12.7464 0.0735121 0
      vertex 12.7464 0.0735121 3
    endloop
  endfacet
  facet normal -0.941525 -0.336943 0
    outer loop
      vertex 12.7177 0.217713 0
      vertex 12.6929 0.287012 3
      vertex 12.6929 0.287012 0
    endloop
  endfacet
  facet normal -0.941525 -0.336943 0
    outer loop
      vertex 12.6929 0.287012 3
      vertex 12.7177 0.217713 0
      vertex 12.7177 0.217713 3
    endloop
  endfacet
  facet normal -0.803499 -0.595306 0
    outer loop
      vertex 12.6236 0.416677 0
      vertex 12.5798 0.475795 3
      vertex 12.5798 0.475795 0
    endloop
  endfacet
  facet normal -0.803499 -0.595306 0
    outer loop
      vertex 12.5798 0.475795 3
      vertex 12.6236 0.416677 0
      vertex 12.6236 0.416677 3
    endloop
  endfacet
  facet normal -0.740462 -0.672098 0
    outer loop
      vertex 12.5798 0.475795 0
      vertex 12.5303 0.53033 3
      vertex 12.5303 0.53033 0
    endloop
  endfacet
  facet normal -0.740462 -0.672098 0
    outer loop
      vertex 12.5303 0.53033 3
      vertex 12.5798 0.475795 0
      vertex 12.5798 0.475795 3
    endloop
  endfacet
  facet normal -0.146746 -0.989174 0
    outer loop
      vertex 12.0735 0.746388 0
      vertex 12.1463 0.735588 3
      vertex 12.0735 0.746388 3
    endloop
  endfacet
  facet normal -0.146746 -0.989174 -0
    outer loop
      vertex 12.1463 0.735588 3
      vertex 12.0735 0.746388 0
      vertex 12.1463 0.735588 0
    endloop
  endfacet
  facet normal -0.242958 -0.970037 0
    outer loop
      vertex 12.1463 0.735588 0
      vertex 12.2177 0.717705 3
      vertex 12.1463 0.735588 3
    endloop
  endfacet
  facet normal -0.242958 -0.970037 -0
    outer loop
      vertex 12.2177 0.717705 3
      vertex 12.1463 0.735588 0
      vertex 12.2177 0.717705 0
    endloop
  endfacet
  facet normal -0.0490836 -0.998795 0
    outer loop
      vertex 12 0.75 0
      vertex 12.0735 0.746388 3
      vertex 12 0.75 3
    endloop
  endfacet
  facet normal -0.0490836 -0.998795 -0
    outer loop
      vertex 12.0735 0.746388 3
      vertex 12 0.75 0
      vertex 12.0735 0.746388 0
    endloop
  endfacet
  facet normal -0.595808 -0.803127 0
    outer loop
      vertex 12.4167 0.623602 0
      vertex 12.4758 0.579758 3
      vertex 12.4167 0.623602 3
    endloop
  endfacet
  facet normal -0.595808 -0.803127 -0
    outer loop
      vertex 12.4758 0.579758 3
      vertex 12.4167 0.623602 0
      vertex 12.4758 0.579758 0
    endloop
  endfacet
  facet normal 0.989176 -0.146736 0
    outer loop
      vertex 11.2536 0.0735121 3
      vertex 11.2644 0.146317 0
      vertex 11.2644 0.146317 3
    endloop
  endfacet
  facet normal 0.989176 -0.146736 0
    outer loop
      vertex 11.2644 0.146317 0
      vertex 11.2536 0.0735121 3
      vertex 11.2536 0.0735121 0
    endloop
  endfacet
  facet normal 0.803499 -0.595306 0
    outer loop
      vertex 11.3764 0.416677 3
      vertex 11.4202 0.475795 0
      vertex 11.4202 0.475795 3
    endloop
  endfacet
  facet normal 0.803499 -0.595306 0
    outer loop
      vertex 11.4202 0.475795 0
      vertex 11.3764 0.416677 3
      vertex 11.3764 0.416677 0
    endloop
  endfacet
  facet normal 0.941525 -0.336943 0
    outer loop
      vertex 11.2823 0.217713 3
      vertex 11.3071 0.287012 0
      vertex 11.3071 0.287012 3
    endloop
  endfacet
  facet normal 0.941525 -0.336943 0
    outer loop
      vertex 11.3071 0.287012 0
      vertex 11.2823 0.217713 3
      vertex 11.2823 0.217713 0
    endloop
  endfacet
  facet normal 0.969979 -0.243188 0
    outer loop
      vertex 11.2644 0.146317 3
      vertex 11.2823 0.217713 0
      vertex 11.2823 0.217713 3
    endloop
  endfacet
  facet normal 0.969979 -0.243188 0
    outer loop
      vertex 11.2823 0.217713 0
      vertex 11.2644 0.146317 3
      vertex 11.2644 0.146317 0
    endloop
  endfacet
  facet normal 0.998803 -0.0489129 0
    outer loop
      vertex 11.25 0 3
      vertex 11.2536 0.0735121 0
      vertex 11.2536 0.0735121 3
    endloop
  endfacet
  facet normal 0.998803 -0.0489129 0
    outer loop
      vertex 11.2536 0.0735121 0
      vertex 11.25 0 3
      vertex 11.25 0 0
    endloop
  endfacet
  facet normal 0.513687 -0.857978 0
    outer loop
      vertex 11.5833 0.623602 0
      vertex 11.6465 0.661441 3
      vertex 11.5833 0.623602 3
    endloop
  endfacet
  facet normal 0.513687 -0.857978 0
    outer loop
      vertex 11.6465 0.661441 3
      vertex 11.5833 0.623602 0
      vertex 11.6465 0.661441 0
    endloop
  endfacet
  facet normal 0.595808 -0.803127 0
    outer loop
      vertex 11.5242 0.579758 0
      vertex 11.5833 0.623602 3
      vertex 11.5242 0.579758 3
    endloop
  endfacet
  facet normal 0.595808 -0.803127 0
    outer loop
      vertex 11.5833 0.623602 3
      vertex 11.5242 0.579758 0
      vertex 11.5833 0.623602 0
    endloop
  endfacet
  facet normal 0.671798 -0.740734 0
    outer loop
      vertex 11.4697 0.53033 0
      vertex 11.5242 0.579758 3
      vertex 11.4697 0.53033 3
    endloop
  endfacet
  facet normal 0.671798 -0.740734 0
    outer loop
      vertex 11.5242 0.579758 3
      vertex 11.4697 0.53033 0
      vertex 11.5242 0.579758 0
    endloop
  endfacet
  facet normal 0.336891 -0.941544 0
    outer loop
      vertex 11.713 0.692909 0
      vertex 11.7823 0.717705 3
      vertex 11.713 0.692909 3
    endloop
  endfacet
  facet normal 0.336891 -0.941544 0
    outer loop
      vertex 11.7823 0.717705 3
      vertex 11.713 0.692909 0
      vertex 11.7823 0.717705 0
    endloop
  endfacet
  facet normal 0.146746 -0.989174 0
    outer loop
      vertex 11.8537 0.735588 0
      vertex 11.9265 0.746388 3
      vertex 11.8537 0.735588 3
    endloop
  endfacet
  facet normal 0.146746 -0.989174 0
    outer loop
      vertex 11.9265 0.746388 3
      vertex 11.8537 0.735588 0
      vertex 11.9265 0.746388 0
    endloop
  endfacet
  facet normal -0.998803 0.0489129 0
    outer loop
      vertex 12.7464 -0.0735121 0
      vertex 12.75 0 3
      vertex 12.75 0 0
    endloop
  endfacet
  facet normal -0.998803 0.0489129 0
    outer loop
      vertex 12.75 0 3
      vertex 12.7464 -0.0735121 0
      vertex 12.7464 -0.0735121 3
    endloop
  endfacet
  facet normal -0.740462 0.672098 0
    outer loop
      vertex 12.5303 -0.53033 0
      vertex 12.5798 -0.475795 3
      vertex 12.5798 -0.475795 0
    endloop
  endfacet
  facet normal -0.740462 0.672098 0
    outer loop
      vertex 12.5798 -0.475795 3
      vertex 12.5303 -0.53033 0
      vertex 12.5303 -0.53033 3
    endloop
  endfacet
  facet normal 0.740462 0.672098 0
    outer loop
      vertex 11.4697 -0.53033 3
      vertex 11.4202 -0.475795 0
      vertex 11.4202 -0.475795 3
    endloop
  endfacet
  facet normal 0.740462 0.672098 0
    outer loop
      vertex 11.4202 -0.475795 0
      vertex 11.4697 -0.53033 3
      vertex 11.4697 -0.53033 0
    endloop
  endfacet
  facet normal -0.427731 0.903906 0
    outer loop
      vertex 12.3535 -0.661441 0
      vertex 12.287 -0.692909 3
      vertex 12.3535 -0.661441 3
    endloop
  endfacet
  facet normal -0.427731 0.903906 0
    outer loop
      vertex 12.287 -0.692909 3
      vertex 12.3535 -0.661441 0
      vertex 12.287 -0.692909 0
    endloop
  endfacet
  facet normal -0.85796 -0.513716 0
    outer loop
      vertex 12.6614 0.353547 0
      vertex 12.6236 0.416677 3
      vertex 12.6236 0.416677 0
    endloop
  endfacet
  facet normal -0.85796 -0.513716 0
    outer loop
      vertex 12.6236 0.416677 3
      vertex 12.6614 0.353547 0
      vertex 12.6614 0.353547 3
    endloop
  endfacet
  facet normal -0.427731 -0.903906 0
    outer loop
      vertex 12.287 0.692909 0
      vertex 12.3535 0.661441 3
      vertex 12.287 0.692909 3
    endloop
  endfacet
  facet normal -0.427731 -0.903906 -0
    outer loop
      vertex 12.3535 0.661441 3
      vertex 12.287 0.692909 0
      vertex 12.3535 0.661441 0
    endloop
  endfacet
  facet normal 0.998803 0.0489129 0
    outer loop
      vertex 11.2536 -0.0735121 3
      vertex 11.25 0 0
      vertex 11.25 0 3
    endloop
  endfacet
  facet normal 0.998803 0.0489129 0
    outer loop
      vertex 11.25 0 0
      vertex 11.2536 -0.0735121 3
      vertex 11.2536 -0.0735121 0
    endloop
  endfacet
  facet normal -0.969979 0.243188 0
    outer loop
      vertex 12.7177 -0.217713 0
      vertex 12.7356 -0.146317 3
      vertex 12.7356 -0.146317 0
    endloop
  endfacet
  facet normal -0.969979 0.243188 0
    outer loop
      vertex 12.7356 -0.146317 3
      vertex 12.7177 -0.217713 0
      vertex 12.7177 -0.217713 3
    endloop
  endfacet
  facet normal -0.989176 0.146736 0
    outer loop
      vertex 12.7356 -0.146317 0
      vertex 12.7464 -0.0735121 3
      vertex 12.7464 -0.0735121 0
    endloop
  endfacet
  facet normal -0.989176 0.146736 0
    outer loop
      vertex 12.7464 -0.0735121 3
      vertex 12.7356 -0.146317 0
      vertex 12.7356 -0.146317 3
    endloop
  endfacet
  facet normal -0.671798 0.740734 0
    outer loop
      vertex 12.5303 -0.53033 0
      vertex 12.4758 -0.579758 3
      vertex 12.5303 -0.53033 3
    endloop
  endfacet
  facet normal -0.671798 0.740734 0
    outer loop
      vertex 12.4758 -0.579758 3
      vertex 12.5303 -0.53033 0
      vertex 12.4758 -0.579758 0
    endloop
  endfacet
  facet normal -0.903825 0.427902 0
    outer loop
      vertex 12.6614 -0.353547 0
      vertex 12.6929 -0.287012 3
      vertex 12.6929 -0.287012 0
    endloop
  endfacet
  facet normal -0.903825 0.427902 0
    outer loop
      vertex 12.6929 -0.287012 3
      vertex 12.6614 -0.353547 0
      vertex 12.6614 -0.353547 3
    endloop
  endfacet
  facet normal -0.803499 0.595306 0
    outer loop
      vertex 12.5798 -0.475795 0
      vertex 12.6236 -0.416677 3
      vertex 12.6236 -0.416677 0
    endloop
  endfacet
  facet normal -0.803499 0.595306 0
    outer loop
      vertex 12.6236 -0.416677 3
      vertex 12.5798 -0.475795 0
      vertex 12.5798 -0.475795 3
    endloop
  endfacet
  facet normal 0.242958 0.970037 -0
    outer loop
      vertex 11.8537 -0.735588 0
      vertex 11.7823 -0.717705 3
      vertex 11.8537 -0.735588 3
    endloop
  endfacet
  facet normal 0.242958 0.970037 0
    outer loop
      vertex 11.7823 -0.717705 3
      vertex 11.8537 -0.735588 0
      vertex 11.7823 -0.717705 0
    endloop
  endfacet
  facet normal 0.513687 0.857978 -0
    outer loop
      vertex 11.6465 -0.661441 0
      vertex 11.5833 -0.623602 3
      vertex 11.6465 -0.661441 3
    endloop
  endfacet
  facet normal 0.513687 0.857978 0
    outer loop
      vertex 11.5833 -0.623602 3
      vertex 11.6465 -0.661441 0
      vertex 11.5833 -0.623602 0
    endloop
  endfacet
  facet normal 0.85796 0.513716 0
    outer loop
      vertex 11.3764 -0.416677 3
      vertex 11.3386 -0.353547 0
      vertex 11.3386 -0.353547 3
    endloop
  endfacet
  facet normal 0.85796 0.513716 0
    outer loop
      vertex 11.3386 -0.353547 0
      vertex 11.3764 -0.416677 3
      vertex 11.3764 -0.416677 0
    endloop
  endfacet
  facet normal 0.941525 0.336943 0
    outer loop
      vertex 11.3071 -0.287012 3
      vertex 11.2823 -0.217713 0
      vertex 11.2823 -0.217713 3
    endloop
  endfacet
  facet normal 0.941525 0.336943 0
    outer loop
      vertex 11.2823 -0.217713 0
      vertex 11.3071 -0.287012 3
      vertex 11.3071 -0.287012 0
    endloop
  endfacet
  facet normal 0.903825 0.427902 0
    outer loop
      vertex 11.3386 -0.353547 3
      vertex 11.3071 -0.287012 0
      vertex 11.3071 -0.287012 3
    endloop
  endfacet
  facet normal 0.903825 0.427902 0
    outer loop
      vertex 11.3071 -0.287012 0
      vertex 11.3386 -0.353547 3
      vertex 11.3386 -0.353547 0
    endloop
  endfacet
  facet normal -0.146746 0.989174 0
    outer loop
      vertex 12.1463 -0.735588 0
      vertex 12.0735 -0.746388 3
      vertex 12.1463 -0.735588 3
    endloop
  endfacet
  facet normal -0.146746 0.989174 0
    outer loop
      vertex 12.0735 -0.746388 3
      vertex 12.1463 -0.735588 0
      vertex 12.0735 -0.746388 0
    endloop
  endfacet
  facet normal -0.513687 0.857978 0
    outer loop
      vertex 12.4167 -0.623602 0
      vertex 12.3535 -0.661441 3
      vertex 12.4167 -0.623602 3
    endloop
  endfacet
  facet normal -0.513687 0.857978 0
    outer loop
      vertex 12.3535 -0.661441 3
      vertex 12.4167 -0.623602 0
      vertex 12.3535 -0.661441 0
    endloop
  endfacet
  facet normal -0.595808 0.803127 0
    outer loop
      vertex 12.4758 -0.579758 0
      vertex 12.4167 -0.623602 3
      vertex 12.4758 -0.579758 3
    endloop
  endfacet
  facet normal -0.595808 0.803127 0
    outer loop
      vertex 12.4167 -0.623602 3
      vertex 12.4758 -0.579758 0
      vertex 12.4167 -0.623602 0
    endloop
  endfacet
  facet normal -0.941525 0.336943 0
    outer loop
      vertex 12.6929 -0.287012 0
      vertex 12.7177 -0.217713 3
      vertex 12.7177 -0.217713 0
    endloop
  endfacet
  facet normal -0.941525 0.336943 0
    outer loop
      vertex 12.7177 -0.217713 3
      vertex 12.6929 -0.287012 0
      vertex 12.6929 -0.287012 3
    endloop
  endfacet
  facet normal -0.85796 0.513716 0
    outer loop
      vertex 12.6236 -0.416677 0
      vertex 12.6614 -0.353547 3
      vertex 12.6614 -0.353547 0
    endloop
  endfacet
  facet normal -0.85796 0.513716 0
    outer loop
      vertex 12.6614 -0.353547 3
      vertex 12.6236 -0.416677 0
      vertex 12.6236 -0.416677 3
    endloop
  endfacet
  facet normal 0.427731 0.903906 -0
    outer loop
      vertex 11.713 -0.692909 0
      vertex 11.6465 -0.661441 3
      vertex 11.713 -0.692909 3
    endloop
  endfacet
  facet normal 0.427731 0.903906 0
    outer loop
      vertex 11.6465 -0.661441 3
      vertex 11.713 -0.692909 0
      vertex 11.6465 -0.661441 0
    endloop
  endfacet
  facet normal 0.595808 0.803127 -0
    outer loop
      vertex 11.5833 -0.623602 0
      vertex 11.5242 -0.579758 3
      vertex 11.5833 -0.623602 3
    endloop
  endfacet
  facet normal 0.595808 0.803127 0
    outer loop
      vertex 11.5242 -0.579758 3
      vertex 11.5833 -0.623602 0
      vertex 11.5242 -0.579758 0
    endloop
  endfacet
  facet normal 0.671798 0.740734 -0
    outer loop
      vertex 11.5242 -0.579758 0
      vertex 11.4697 -0.53033 3
      vertex 11.5242 -0.579758 3
    endloop
  endfacet
  facet normal 0.671798 0.740734 0
    outer loop
      vertex 11.4697 -0.53033 3
      vertex 11.5242 -0.579758 0
      vertex 11.4697 -0.53033 0
    endloop
  endfacet
  facet normal 0.803499 0.595306 0
    outer loop
      vertex 11.4202 -0.475795 3
      vertex 11.3764 -0.416677 0
      vertex 11.3764 -0.416677 3
    endloop
  endfacet
  facet normal 0.803499 0.595306 0
    outer loop
      vertex 11.3764 -0.416677 0
      vertex 11.4202 -0.475795 3
      vertex 11.4202 -0.475795 0
    endloop
  endfacet
  facet normal 0.969979 0.243188 0
    outer loop
      vertex 11.2823 -0.217713 3
      vertex 11.2644 -0.146317 0
      vertex 11.2644 -0.146317 3
    endloop
  endfacet
  facet normal 0.969979 0.243188 0
    outer loop
      vertex 11.2644 -0.146317 0
      vertex 11.2823 -0.217713 3
      vertex 11.2823 -0.217713 0
    endloop
  endfacet
  facet normal 0.989176 0.146736 0
    outer loop
      vertex 11.2644 -0.146317 3
      vertex 11.2536 -0.0735121 0
      vertex 11.2536 -0.0735121 3
    endloop
  endfacet
  facet normal 0.989176 0.146736 0
    outer loop
      vertex 11.2536 -0.0735121 0
      vertex 11.2644 -0.146317 3
      vertex 11.2644 -0.146317 0
    endloop
  endfacet
  facet normal -0.242958 0.970037 0
    outer loop
      vertex 12.2177 -0.717705 0
      vertex 12.1463 -0.735588 3
      vertex 12.2177 -0.717705 3
    endloop
  endfacet
  facet normal -0.242958 0.970037 0
    outer loop
      vertex 12.1463 -0.735588 3
      vertex 12.2177 -0.717705 0
      vertex 12.1463 -0.735588 0
    endloop
  endfacet
  facet normal 0.146746 0.989174 -0
    outer loop
      vertex 11.9265 -0.746388 0
      vertex 11.8537 -0.735588 3
      vertex 11.9265 -0.746388 3
    endloop
  endfacet
  facet normal 0.146746 0.989174 0
    outer loop
      vertex 11.8537 -0.735588 3
      vertex 11.9265 -0.746388 0
      vertex 11.8537 -0.735588 0
    endloop
  endfacet
  facet normal 0.0490836 0.998795 -0
    outer loop
      vertex 12 -0.75 0
      vertex 11.9265 -0.746388 3
      vertex 12 -0.75 3
    endloop
  endfacet
  facet normal 0.0490836 0.998795 0
    outer loop
      vertex 11.9265 -0.746388 3
      vertex 12 -0.75 0
      vertex 11.9265 -0.746388 0
    endloop
  endfacet
  facet normal 0.336891 0.941544 -0
    outer loop
      vertex 11.7823 -0.717705 0
      vertex 11.713 -0.692909 3
      vertex 11.7823 -0.717705 3
    endloop
  endfacet
  facet normal 0.336891 0.941544 0
    outer loop
      vertex 11.713 -0.692909 3
      vertex 11.7823 -0.717705 0
      vertex 11.713 -0.692909 0
    endloop
  endfacet
  facet normal -0.998803 -0.0489143 0
    outer loop
      vertex 12.75 6 0
      vertex 12.7464 6.07351 3
      vertex 12.7464 6.07351 0
    endloop
  endfacet
  facet normal -0.998803 -0.0489143 0
    outer loop
      vertex 12.7464 6.07351 3
      vertex 12.75 6 0
      vertex 12.75 6 3
    endloop
  endfacet
  facet normal 0.0490565 -0.998796 0
    outer loop
      vertex 11.9265 6.74639 0
      vertex 12 6.75 3
      vertex 11.9265 6.74639 3
    endloop
  endfacet
  facet normal 0.0490565 -0.998796 0
    outer loop
      vertex 12 6.75 3
      vertex 11.9265 6.74639 0
      vertex 12 6.75 0
    endloop
  endfacet
  facet normal -0.0490565 0.998796 0
    outer loop
      vertex 12.0735 5.25361 0
      vertex 12 5.25 3
      vertex 12.0735 5.25361 3
    endloop
  endfacet
  facet normal -0.0490565 0.998796 0
    outer loop
      vertex 12 5.25 3
      vertex 12.0735 5.25361 0
      vertex 12 5.25 0
    endloop
  endfacet
  facet normal -0.671813 -0.740721 0
    outer loop
      vertex 12.4758 6.57976 0
      vertex 12.5303 6.53033 3
      vertex 12.4758 6.57976 3
    endloop
  endfacet
  facet normal -0.671813 -0.740721 -0
    outer loop
      vertex 12.5303 6.53033 3
      vertex 12.4758 6.57976 0
      vertex 12.5303 6.53033 0
    endloop
  endfacet
  facet normal 0.740493 -0.672064 0
    outer loop
      vertex 11.4202 6.47579 3
      vertex 11.4697 6.53033 0
      vertex 11.4697 6.53033 3
    endloop
  endfacet
  facet normal 0.740493 -0.672064 0
    outer loop
      vertex 11.4697 6.53033 0
      vertex 11.4202 6.47579 3
      vertex 11.4202 6.47579 0
    endloop
  endfacet
  facet normal 0.427753 -0.903896 0
    outer loop
      vertex 11.6465 6.66144 0
      vertex 11.713 6.69291 3
      vertex 11.6465 6.66144 3
    endloop
  endfacet
  facet normal 0.427753 -0.903896 0
    outer loop
      vertex 11.713 6.69291 3
      vertex 11.6465 6.66144 0
      vertex 11.713 6.69291 0
    endloop
  endfacet
  facet normal 0.941527 0.336939 0
    outer loop
      vertex 11.3071 5.71299 3
      vertex 11.2823 5.78229 0
      vertex 11.2823 5.78229 3
    endloop
  endfacet
  facet normal 0.941527 0.336939 0
    outer loop
      vertex 11.2823 5.78229 0
      vertex 11.3071 5.71299 3
      vertex 11.3071 5.71299 0
    endloop
  endfacet
  facet normal -0.903837 -0.427876 0
    outer loop
      vertex 12.6929 6.28701 0
      vertex 12.6614 6.35355 3
      vertex 12.6614 6.35355 0
    endloop
  endfacet
  facet normal -0.903837 -0.427876 0
    outer loop
      vertex 12.6614 6.35355 3
      vertex 12.6929 6.28701 0
      vertex 12.6929 6.28701 3
    endloop
  endfacet
  facet normal -0.336818 -0.94157 0
    outer loop
      vertex 12.2177 6.7177 0
      vertex 12.287 6.69291 3
      vertex 12.2177 6.7177 3
    endloop
  endfacet
  facet normal -0.336818 -0.94157 -0
    outer loop
      vertex 12.287 6.69291 3
      vertex 12.2177 6.7177 0
      vertex 12.287 6.69291 0
    endloop
  endfacet
  facet normal 0.903837 -0.427876 0
    outer loop
      vertex 11.3071 6.28701 3
      vertex 11.3386 6.35355 0
      vertex 11.3386 6.35355 3
    endloop
  endfacet
  facet normal 0.903837 -0.427876 0
    outer loop
      vertex 11.3386 6.35355 0
      vertex 11.3071 6.28701 3
      vertex 11.3071 6.28701 0
    endloop
  endfacet
  facet normal 0.85796 -0.513716 0
    outer loop
      vertex 11.3386 6.35355 3
      vertex 11.3764 6.41668 0
      vertex 11.3764 6.41668 3
    endloop
  endfacet
  facet normal 0.85796 -0.513716 0
    outer loop
      vertex 11.3764 6.41668 0
      vertex 11.3386 6.35355 3
      vertex 11.3386 6.35355 0
    endloop
  endfacet
  facet normal 0.243047 -0.970015 0
    outer loop
      vertex 11.7823 6.7177 0
      vertex 11.8537 6.73559 3
      vertex 11.7823 6.7177 3
    endloop
  endfacet
  facet normal 0.243047 -0.970015 0
    outer loop
      vertex 11.8537 6.73559 3
      vertex 11.7823 6.7177 0
      vertex 11.8537 6.73559 0
    endloop
  endfacet
  facet normal -0.903837 0.427876 0
    outer loop
      vertex 12.6614 5.64645 0
      vertex 12.6929 5.71299 3
      vertex 12.6929 5.71299 0
    endloop
  endfacet
  facet normal -0.903837 0.427876 0
    outer loop
      vertex 12.6929 5.71299 3
      vertex 12.6614 5.64645 0
      vertex 12.6614 5.64645 3
    endloop
  endfacet
  facet normal -0.336939 0.941527 0
    outer loop
      vertex 12.287 5.30709 0
      vertex 12.2177 5.28229 3
      vertex 12.287 5.30709 3
    endloop
  endfacet
  facet normal -0.336939 0.941527 0
    outer loop
      vertex 12.2177 5.28229 3
      vertex 12.287 5.30709 0
      vertex 12.2177 5.28229 0
    endloop
  endfacet
  facet normal -0.740431 0.672132 0
    outer loop
      vertex 12.5303 5.46967 0
      vertex 12.5798 5.5242 3
      vertex 12.5798 5.5242 0
    endloop
  endfacet
  facet normal -0.740431 0.672132 0
    outer loop
      vertex 12.5798 5.5242 3
      vertex 12.5303 5.46967 0
      vertex 12.5303 5.46967 3
    endloop
  endfacet
  facet normal -0.969974 0.243207 0
    outer loop
      vertex 12.7177 5.78229 0
      vertex 12.7356 5.85368 3
      vertex 12.7356 5.85368 0
    endloop
  endfacet
  facet normal -0.969974 0.243207 0
    outer loop
      vertex 12.7356 5.85368 3
      vertex 12.7177 5.78229 0
      vertex 12.7177 5.78229 3
    endloop
  endfacet
  facet normal 0.242919 0.970047 -0
    outer loop
      vertex 11.8537 5.26441 0
      vertex 11.7823 5.28229 3
      vertex 11.8537 5.26441 3
    endloop
  endfacet
  facet normal 0.242919 0.970047 0
    outer loop
      vertex 11.7823 5.28229 3
      vertex 11.8537 5.26441 0
      vertex 11.7823 5.28229 0
    endloop
  endfacet
  facet normal 0.671813 0.740721 -0
    outer loop
      vertex 11.5242 5.42024 0
      vertex 11.4697 5.46967 3
      vertex 11.5242 5.42024 3
    endloop
  endfacet
  facet normal 0.671813 0.740721 0
    outer loop
      vertex 11.4697 5.46967 3
      vertex 11.5242 5.42024 0
      vertex 11.4697 5.46967 0
    endloop
  endfacet
  facet normal -0.969974 -0.243207 0
    outer loop
      vertex 12.7356 6.14632 0
      vertex 12.7177 6.21771 3
      vertex 12.7177 6.21771 0
    endloop
  endfacet
  facet normal -0.969974 -0.243207 0
    outer loop
      vertex 12.7177 6.21771 3
      vertex 12.7356 6.14632 0
      vertex 12.7356 6.14632 3
    endloop
  endfacet
  facet normal -0.989177 -0.146726 0
    outer loop
      vertex 12.7464 6.07351 0
      vertex 12.7356 6.14632 3
      vertex 12.7356 6.14632 0
    endloop
  endfacet
  facet normal -0.989177 -0.146726 0
    outer loop
      vertex 12.7356 6.14632 3
      vertex 12.7464 6.07351 0
      vertex 12.7464 6.07351 3
    endloop
  endfacet
  facet normal -0.941527 -0.336939 0
    outer loop
      vertex 12.7177 6.21771 0
      vertex 12.6929 6.28701 3
      vertex 12.6929 6.28701 0
    endloop
  endfacet
  facet normal -0.941527 -0.336939 0
    outer loop
      vertex 12.6929 6.28701 3
      vertex 12.7177 6.21771 0
      vertex 12.7177 6.21771 3
    endloop
  endfacet
  facet normal -0.803461 -0.595358 0
    outer loop
      vertex 12.6236 6.41668 0
      vertex 12.5798 6.47579 3
      vertex 12.5798 6.47579 0
    endloop
  endfacet
  facet normal -0.803461 -0.595358 0
    outer loop
      vertex 12.5798 6.47579 3
      vertex 12.6236 6.41668 0
      vertex 12.6236 6.41668 3
    endloop
  endfacet
  facet normal -0.85796 -0.513716 0
    outer loop
      vertex 12.6614 6.35355 0
      vertex 12.6236 6.41668 3
      vertex 12.6236 6.41668 0
    endloop
  endfacet
  facet normal -0.85796 -0.513716 0
    outer loop
      vertex 12.6236 6.41668 3
      vertex 12.6614 6.35355 0
      vertex 12.6614 6.35355 3
    endloop
  endfacet
  facet normal -0.146746 -0.989174 0
    outer loop
      vertex 12.0735 6.74639 0
      vertex 12.1463 6.73559 3
      vertex 12.0735 6.74639 3
    endloop
  endfacet
  facet normal -0.146746 -0.989174 -0
    outer loop
      vertex 12.1463 6.73559 3
      vertex 12.0735 6.74639 0
      vertex 12.1463 6.73559 0
    endloop
  endfacet
  facet normal -0.243047 -0.970015 0
    outer loop
      vertex 12.1463 6.73559 0
      vertex 12.2177 6.7177 3
      vertex 12.1463 6.73559 3
    endloop
  endfacet
  facet normal -0.243047 -0.970015 -0
    outer loop
      vertex 12.2177 6.7177 3
      vertex 12.1463 6.73559 0
      vertex 12.2177 6.7177 0
    endloop
  endfacet
  facet normal -0.0490565 -0.998796 0
    outer loop
      vertex 12 6.75 0
      vertex 12.0735 6.74639 3
      vertex 12 6.75 3
    endloop
  endfacet
  facet normal -0.0490565 -0.998796 -0
    outer loop
      vertex 12.0735 6.74639 3
      vertex 12 6.75 0
      vertex 12.0735 6.74639 0
    endloop
  endfacet
  facet normal -0.513697 -0.857972 0
    outer loop
      vertex 12.3535 6.66144 0
      vertex 12.4167 6.6236 3
      vertex 12.3535 6.66144 3
    endloop
  endfacet
  facet normal -0.513697 -0.857972 -0
    outer loop
      vertex 12.4167 6.6236 3
      vertex 12.3535 6.66144 0
      vertex 12.4167 6.6236 0
    endloop
  endfacet
  facet normal -0.427753 -0.903896 0
    outer loop
      vertex 12.287 6.69291 0
      vertex 12.3535 6.66144 3
      vertex 12.287 6.69291 3
    endloop
  endfacet
  facet normal -0.427753 -0.903896 -0
    outer loop
      vertex 12.3535 6.66144 3
      vertex 12.287 6.69291 0
      vertex 12.3535 6.66144 0
    endloop
  endfacet
  facet normal -0.595773 -0.803153 0
    outer loop
      vertex 12.4167 6.6236 0
      vertex 12.4758 6.57976 3
      vertex 12.4167 6.6236 3
    endloop
  endfacet
  facet normal -0.595773 -0.803153 -0
    outer loop
      vertex 12.4758 6.57976 3
      vertex 12.4167 6.6236 0
      vertex 12.4758 6.57976 0
    endloop
  endfacet
  facet normal 0.989177 -0.146726 0
    outer loop
      vertex 11.2536 6.07351 3
      vertex 11.2644 6.14632 0
      vertex 11.2644 6.14632 3
    endloop
  endfacet
  facet normal 0.989177 -0.146726 0
    outer loop
      vertex 11.2644 6.14632 0
      vertex 11.2536 6.07351 3
      vertex 11.2536 6.07351 0
    endloop
  endfacet
  facet normal 0.941527 -0.336939 0
    outer loop
      vertex 11.2823 6.21771 3
      vertex 11.3071 6.28701 0
      vertex 11.3071 6.28701 3
    endloop
  endfacet
  facet normal 0.941527 -0.336939 0
    outer loop
      vertex 11.3071 6.28701 0
      vertex 11.2823 6.21771 3
      vertex 11.2823 6.21771 0
    endloop
  endfacet
  facet normal 0.969974 -0.243207 0
    outer loop
      vertex 11.2644 6.14632 3
      vertex 11.2823 6.21771 0
      vertex 11.2823 6.21771 3
    endloop
  endfacet
  facet normal 0.969974 -0.243207 0
    outer loop
      vertex 11.2823 6.21771 0
      vertex 11.2644 6.14632 3
      vertex 11.2644 6.14632 0
    endloop
  endfacet
  facet normal 0.998803 -0.0489143 0
    outer loop
      vertex 11.25 6 3
      vertex 11.2536 6.07351 0
      vertex 11.2536 6.07351 3
    endloop
  endfacet
  facet normal 0.998803 -0.0489143 0
    outer loop
      vertex 11.2536 6.07351 0
      vertex 11.25 6 3
      vertex 11.25 6 0
    endloop
  endfacet
  facet normal 0.595773 -0.803153 0
    outer loop
      vertex 11.5242 6.57976 0
      vertex 11.5833 6.6236 3
      vertex 11.5242 6.57976 3
    endloop
  endfacet
  facet normal 0.595773 -0.803153 0
    outer loop
      vertex 11.5833 6.6236 3
      vertex 11.5242 6.57976 0
      vertex 11.5833 6.6236 0
    endloop
  endfacet
  facet normal 0.671813 -0.740721 0
    outer loop
      vertex 11.4697 6.53033 0
      vertex 11.5242 6.57976 3
      vertex 11.4697 6.53033 3
    endloop
  endfacet
  facet normal 0.671813 -0.740721 0
    outer loop
      vertex 11.5242 6.57976 3
      vertex 11.4697 6.53033 0
      vertex 11.5242 6.57976 0
    endloop
  endfacet
  facet normal 0.336818 -0.94157 0
    outer loop
      vertex 11.713 6.69291 0
      vertex 11.7823 6.7177 3
      vertex 11.713 6.69291 3
    endloop
  endfacet
  facet normal 0.336818 -0.94157 0
    outer loop
      vertex 11.7823 6.7177 3
      vertex 11.713 6.69291 0
      vertex 11.7823 6.7177 0
    endloop
  endfacet
  facet normal 0.146746 -0.989174 0
    outer loop
      vertex 11.8537 6.73559 0
      vertex 11.9265 6.74639 3
      vertex 11.8537 6.73559 3
    endloop
  endfacet
  facet normal 0.146746 -0.989174 0
    outer loop
      vertex 11.9265 6.74639 3
      vertex 11.8537 6.73559 0
      vertex 11.9265 6.74639 0
    endloop
  endfacet
  facet normal -0.998803 0.0489143 0
    outer loop
      vertex 12.7464 5.92649 0
      vertex 12.75 6 3
      vertex 12.75 6 0
    endloop
  endfacet
  facet normal -0.998803 0.0489143 0
    outer loop
      vertex 12.75 6 3
      vertex 12.7464 5.92649 0
      vertex 12.7464 5.92649 3
    endloop
  endfacet
  facet normal -0.146746 0.989174 0
    outer loop
      vertex 12.1463 5.26441 0
      vertex 12.0735 5.25361 3
      vertex 12.1463 5.26441 3
    endloop
  endfacet
  facet normal -0.146746 0.989174 0
    outer loop
      vertex 12.0735 5.25361 3
      vertex 12.1463 5.26441 0
      vertex 12.0735 5.25361 0
    endloop
  endfacet
  facet normal -0.513697 0.857972 0
    outer loop
      vertex 12.4167 5.3764 0
      vertex 12.3535 5.33856 3
      vertex 12.4167 5.3764 3
    endloop
  endfacet
  facet normal -0.513697 0.857972 0
    outer loop
      vertex 12.3535 5.33856 3
      vertex 12.4167 5.3764 0
      vertex 12.3535 5.33856 0
    endloop
  endfacet
  facet normal -0.671813 0.740721 0
    outer loop
      vertex 12.5303 5.46967 0
      vertex 12.4758 5.42024 3
      vertex 12.5303 5.46967 3
    endloop
  endfacet
  facet normal -0.671813 0.740721 0
    outer loop
      vertex 12.4758 5.42024 3
      vertex 12.5303 5.46967 0
      vertex 12.4758 5.42024 0
    endloop
  endfacet
  facet normal -0.595773 0.803153 0
    outer loop
      vertex 12.4758 5.42024 0
      vertex 12.4167 5.3764 3
      vertex 12.4758 5.42024 3
    endloop
  endfacet
  facet normal -0.595773 0.803153 0
    outer loop
      vertex 12.4167 5.3764 3
      vertex 12.4758 5.42024 0
      vertex 12.4167 5.3764 0
    endloop
  endfacet
  facet normal -0.803509 0.595293 0
    outer loop
      vertex 12.5798 5.5242 0
      vertex 12.6236 5.58332 3
      vertex 12.6236 5.58332 0
    endloop
  endfacet
  facet normal -0.803509 0.595293 0
    outer loop
      vertex 12.6236 5.58332 3
      vertex 12.5798 5.5242 0
      vertex 12.5798 5.5242 3
    endloop
  endfacet
  facet normal -0.85796 0.513716 0
    outer loop
      vertex 12.6236 5.58332 0
      vertex 12.6614 5.64645 3
      vertex 12.6614 5.64645 0
    endloop
  endfacet
  facet normal -0.85796 0.513716 0
    outer loop
      vertex 12.6614 5.64645 3
      vertex 12.6236 5.58332 0
      vertex 12.6236 5.58332 3
    endloop
  endfacet
  facet normal 0.595773 0.803153 -0
    outer loop
      vertex 11.5833 5.3764 0
      vertex 11.5242 5.42024 3
      vertex 11.5833 5.3764 3
    endloop
  endfacet
  facet normal 0.595773 0.803153 0
    outer loop
      vertex 11.5242 5.42024 3
      vertex 11.5833 5.3764 0
      vertex 11.5242 5.42024 0
    endloop
  endfacet
  facet normal 0.513697 0.857972 -0
    outer loop
      vertex 11.6465 5.33856 0
      vertex 11.5833 5.3764 3
      vertex 11.6465 5.33856 3
    endloop
  endfacet
  facet normal 0.513697 0.857972 0
    outer loop
      vertex 11.5833 5.3764 3
      vertex 11.6465 5.33856 0
      vertex 11.5833 5.3764 0
    endloop
  endfacet
  facet normal 0.427753 0.903896 -0
    outer loop
      vertex 11.713 5.30709 0
      vertex 11.6465 5.33856 3
      vertex 11.713 5.30709 3
    endloop
  endfacet
  facet normal 0.427753 0.903896 0
    outer loop
      vertex 11.6465 5.33856 3
      vertex 11.713 5.30709 0
      vertex 11.6465 5.33856 0
    endloop
  endfacet
  facet normal 0.0490565 0.998796 -0
    outer loop
      vertex 12 5.25 0
      vertex 11.9265 5.25361 3
      vertex 12 5.25 3
    endloop
  endfacet
  facet normal 0.0490565 0.998796 0
    outer loop
      vertex 11.9265 5.25361 3
      vertex 12 5.25 0
      vertex 11.9265 5.25361 0
    endloop
  endfacet
  facet normal 0.803509 0.595293 0
    outer loop
      vertex 11.4202 5.5242 3
      vertex 11.3764 5.58332 0
      vertex 11.3764 5.58332 3
    endloop
  endfacet
  facet normal 0.803509 0.595293 0
    outer loop
      vertex 11.3764 5.58332 0
      vertex 11.4202 5.5242 3
      vertex 11.4202 5.5242 0
    endloop
  endfacet
  facet normal 0.85796 0.513716 0
    outer loop
      vertex 11.3764 5.58332 3
      vertex 11.3386 5.64645 0
      vertex 11.3386 5.64645 3
    endloop
  endfacet
  facet normal 0.85796 0.513716 0
    outer loop
      vertex 11.3386 5.64645 0
      vertex 11.3764 5.58332 3
      vertex 11.3764 5.58332 0
    endloop
  endfacet
  facet normal 0.740431 0.672132 0
    outer loop
      vertex 11.4697 5.46967 3
      vertex 11.4202 5.5242 0
      vertex 11.4202 5.5242 3
    endloop
  endfacet
  facet normal 0.740431 0.672132 0
    outer loop
      vertex 11.4202 5.5242 0
      vertex 11.4697 5.46967 3
      vertex 11.4697 5.46967 0
    endloop
  endfacet
  facet normal 0.903837 0.427876 0
    outer loop
      vertex 11.3386 5.64645 3
      vertex 11.3071 5.71299 0
      vertex 11.3071 5.71299 3
    endloop
  endfacet
  facet normal 0.903837 0.427876 0
    outer loop
      vertex 11.3071 5.71299 0
      vertex 11.3386 5.64645 3
      vertex 11.3386 5.64645 0
    endloop
  endfacet
  facet normal 0.989177 0.146726 0
    outer loop
      vertex 11.2644 5.85368 3
      vertex 11.2536 5.92649 0
      vertex 11.2536 5.92649 3
    endloop
  endfacet
  facet normal 0.989177 0.146726 0
    outer loop
      vertex 11.2536 5.92649 0
      vertex 11.2644 5.85368 3
      vertex 11.2644 5.85368 0
    endloop
  endfacet
  facet normal -0.740493 -0.672064 0
    outer loop
      vertex 12.5798 6.47579 0
      vertex 12.5303 6.53033 3
      vertex 12.5303 6.53033 0
    endloop
  endfacet
  facet normal -0.740493 -0.672064 0
    outer loop
      vertex 12.5303 6.53033 3
      vertex 12.5798 6.47579 0
      vertex 12.5798 6.47579 3
    endloop
  endfacet
  facet normal 0.803461 -0.595358 0
    outer loop
      vertex 11.3764 6.41668 3
      vertex 11.4202 6.47579 0
      vertex 11.4202 6.47579 3
    endloop
  endfacet
  facet normal 0.803461 -0.595358 0
    outer loop
      vertex 11.4202 6.47579 0
      vertex 11.3764 6.41668 3
      vertex 11.3764 6.41668 0
    endloop
  endfacet
  facet normal 0.998803 0.0489143 0
    outer loop
      vertex 11.2536 5.92649 3
      vertex 11.25 6 0
      vertex 11.25 6 3
    endloop
  endfacet
  facet normal 0.998803 0.0489143 0
    outer loop
      vertex 11.25 6 0
      vertex 11.2536 5.92649 3
      vertex 11.2536 5.92649 0
    endloop
  endfacet
  facet normal 0.513697 -0.857972 0
    outer loop
      vertex 11.5833 6.6236 0
      vertex 11.6465 6.66144 3
      vertex 11.5833 6.6236 3
    endloop
  endfacet
  facet normal 0.513697 -0.857972 0
    outer loop
      vertex 11.6465 6.66144 3
      vertex 11.5833 6.6236 0
      vertex 11.6465 6.66144 0
    endloop
  endfacet
  facet normal -0.242919 0.970047 0
    outer loop
      vertex 12.2177 5.28229 0
      vertex 12.1463 5.26441 3
      vertex 12.2177 5.28229 3
    endloop
  endfacet
  facet normal -0.242919 0.970047 0
    outer loop
      vertex 12.1463 5.26441 3
      vertex 12.2177 5.28229 0
      vertex 12.1463 5.26441 0
    endloop
  endfacet
  facet normal -0.427753 0.903896 0
    outer loop
      vertex 12.3535 5.33856 0
      vertex 12.287 5.30709 3
      vertex 12.3535 5.33856 3
    endloop
  endfacet
  facet normal -0.427753 0.903896 0
    outer loop
      vertex 12.287 5.30709 3
      vertex 12.3535 5.33856 0
      vertex 12.287 5.30709 0
    endloop
  endfacet
  facet normal -0.941527 0.336939 0
    outer loop
      vertex 12.6929 5.71299 0
      vertex 12.7177 5.78229 3
      vertex 12.7177 5.78229 0
    endloop
  endfacet
  facet normal -0.941527 0.336939 0
    outer loop
      vertex 12.7177 5.78229 3
      vertex 12.6929 5.71299 0
      vertex 12.6929 5.71299 3
    endloop
  endfacet
  facet normal -0.989177 0.146726 0
    outer loop
      vertex 12.7356 5.85368 0
      vertex 12.7464 5.92649 3
      vertex 12.7464 5.92649 0
    endloop
  endfacet
  facet normal -0.989177 0.146726 0
    outer loop
      vertex 12.7464 5.92649 3
      vertex 12.7356 5.85368 0
      vertex 12.7356 5.85368 3
    endloop
  endfacet
  facet normal 0.336939 0.941527 -0
    outer loop
      vertex 11.7823 5.28229 0
      vertex 11.713 5.30709 3
      vertex 11.7823 5.28229 3
    endloop
  endfacet
  facet normal 0.336939 0.941527 0
    outer loop
      vertex 11.713 5.30709 3
      vertex 11.7823 5.28229 0
      vertex 11.713 5.30709 0
    endloop
  endfacet
  facet normal 0.146746 0.989174 -0
    outer loop
      vertex 11.9265 5.25361 0
      vertex 11.8537 5.26441 3
      vertex 11.9265 5.25361 3
    endloop
  endfacet
  facet normal 0.146746 0.989174 0
    outer loop
      vertex 11.8537 5.26441 3
      vertex 11.9265 5.25361 0
      vertex 11.8537 5.26441 0
    endloop
  endfacet
  facet normal 0.969974 0.243207 0
    outer loop
      vertex 11.2823 5.78229 3
      vertex 11.2644 5.85368 0
      vertex 11.2644 5.85368 3
    endloop
  endfacet
  facet normal 0.969974 0.243207 0
    outer loop
      vertex 11.2644 5.85368 0
      vertex 11.2823 5.78229 3
      vertex 11.2823 5.78229 0
    endloop
  endfacet
  facet normal -0.998803 -0.0489143 0
    outer loop
      vertex 18.75 -6 0
      vertex 18.7464 -5.92649 3
      vertex 18.7464 -5.92649 0
    endloop
  endfacet
  facet normal -0.998803 -0.0489143 0
    outer loop
      vertex 18.7464 -5.92649 3
      vertex 18.75 -6 0
      vertex 18.75 -6 3
    endloop
  endfacet
  facet normal 0.0490565 -0.998796 0
    outer loop
      vertex 17.9265 -5.25361 0
      vertex 18 -5.25 3
      vertex 17.9265 -5.25361 3
    endloop
  endfacet
  facet normal 0.0490565 -0.998796 0
    outer loop
      vertex 18 -5.25 3
      vertex 17.9265 -5.25361 0
      vertex 18 -5.25 0
    endloop
  endfacet
  facet normal -0.0490565 0.998796 0
    outer loop
      vertex 18.0735 -6.74639 0
      vertex 18 -6.75 3
      vertex 18.0735 -6.74639 3
    endloop
  endfacet
  facet normal -0.0490565 0.998796 0
    outer loop
      vertex 18 -6.75 3
      vertex 18.0735 -6.74639 0
      vertex 18 -6.75 0
    endloop
  endfacet
  facet normal -0.671813 -0.740721 0
    outer loop
      vertex 18.4758 -5.42024 0
      vertex 18.5303 -5.46967 3
      vertex 18.4758 -5.42024 3
    endloop
  endfacet
  facet normal -0.671813 -0.740721 -0
    outer loop
      vertex 18.5303 -5.46967 3
      vertex 18.4758 -5.42024 0
      vertex 18.5303 -5.46967 0
    endloop
  endfacet
  facet normal 0.740431 -0.672132 0
    outer loop
      vertex 17.4202 -5.5242 3
      vertex 17.4697 -5.46967 0
      vertex 17.4697 -5.46967 3
    endloop
  endfacet
  facet normal 0.740431 -0.672132 0
    outer loop
      vertex 17.4697 -5.46967 0
      vertex 17.4202 -5.5242 3
      vertex 17.4202 -5.5242 0
    endloop
  endfacet
  facet normal 0.427753 -0.903896 0
    outer loop
      vertex 17.6465 -5.33856 0
      vertex 17.713 -5.30709 3
      vertex 17.6465 -5.33856 3
    endloop
  endfacet
  facet normal 0.427753 -0.903896 0
    outer loop
      vertex 17.713 -5.30709 3
      vertex 17.6465 -5.33856 0
      vertex 17.713 -5.30709 0
    endloop
  endfacet
  facet normal -0.903837 -0.427876 0
    outer loop
      vertex 18.6929 -5.71299 0
      vertex 18.6614 -5.64645 3
      vertex 18.6614 -5.64645 0
    endloop
  endfacet
  facet normal -0.903837 -0.427876 0
    outer loop
      vertex 18.6614 -5.64645 3
      vertex 18.6929 -5.71299 0
      vertex 18.6929 -5.71299 3
    endloop
  endfacet
  facet normal -0.336939 -0.941527 0
    outer loop
      vertex 18.2177 -5.28229 0
      vertex 18.287 -5.30709 3
      vertex 18.2177 -5.28229 3
    endloop
  endfacet
  facet normal -0.336939 -0.941527 -0
    outer loop
      vertex 18.287 -5.30709 3
      vertex 18.2177 -5.28229 0
      vertex 18.287 -5.30709 0
    endloop
  endfacet
  facet normal -0.513697 -0.857972 0
    outer loop
      vertex 18.3535 -5.33856 0
      vertex 18.4167 -5.3764 3
      vertex 18.3535 -5.33856 3
    endloop
  endfacet
  facet normal -0.513697 -0.857972 -0
    outer loop
      vertex 18.4167 -5.3764 3
      vertex 18.3535 -5.33856 0
      vertex 18.4167 -5.3764 0
    endloop
  endfacet
  facet normal 0.903837 -0.427876 0
    outer loop
      vertex 17.3071 -5.71299 3
      vertex 17.3386 -5.64645 0
      vertex 17.3386 -5.64645 3
    endloop
  endfacet
  facet normal 0.903837 -0.427876 0
    outer loop
      vertex 17.3386 -5.64645 0
      vertex 17.3071 -5.71299 3
      vertex 17.3071 -5.71299 0
    endloop
  endfacet
  facet normal 0.85796 -0.513716 0
    outer loop
      vertex 17.3386 -5.64645 3
      vertex 17.3764 -5.58332 0
      vertex 17.3764 -5.58332 3
    endloop
  endfacet
  facet normal 0.85796 -0.513716 0
    outer loop
      vertex 17.3764 -5.58332 0
      vertex 17.3386 -5.64645 3
      vertex 17.3386 -5.64645 0
    endloop
  endfacet
  facet normal 0.242919 -0.970047 0
    outer loop
      vertex 17.7823 -5.28229 0
      vertex 17.8537 -5.26441 3
      vertex 17.7823 -5.28229 3
    endloop
  endfacet
  facet normal 0.242919 -0.970047 0
    outer loop
      vertex 17.8537 -5.26441 3
      vertex 17.7823 -5.28229 0
      vertex 17.8537 -5.26441 0
    endloop
  endfacet
  facet normal -0.336818 0.94157 0
    outer loop
      vertex 18.287 -6.69291 0
      vertex 18.2177 -6.7177 3
      vertex 18.287 -6.69291 3
    endloop
  endfacet
  facet normal -0.336818 0.94157 0
    outer loop
      vertex 18.2177 -6.7177 3
      vertex 18.287 -6.69291 0
      vertex 18.2177 -6.7177 0
    endloop
  endfacet
  facet normal -0.969974 -0.243207 0
    outer loop
      vertex 18.7356 -5.85368 0
      vertex 18.7177 -5.78229 3
      vertex 18.7177 -5.78229 0
    endloop
  endfacet
  facet normal -0.969974 -0.243207 0
    outer loop
      vertex 18.7177 -5.78229 3
      vertex 18.7356 -5.85368 0
      vertex 18.7356 -5.85368 3
    endloop
  endfacet
  facet normal -0.989177 -0.146726 0
    outer loop
      vertex 18.7464 -5.92649 0
      vertex 18.7356 -5.85368 3
      vertex 18.7356 -5.85368 0
    endloop
  endfacet
  facet normal -0.989177 -0.146726 0
    outer loop
      vertex 18.7356 -5.85368 3
      vertex 18.7464 -5.92649 0
      vertex 18.7464 -5.92649 3
    endloop
  endfacet
  facet normal -0.941527 -0.336939 0
    outer loop
      vertex 18.7177 -5.78229 0
      vertex 18.6929 -5.71299 3
      vertex 18.6929 -5.71299 0
    endloop
  endfacet
  facet normal -0.941527 -0.336939 0
    outer loop
      vertex 18.6929 -5.71299 3
      vertex 18.7177 -5.78229 0
      vertex 18.7177 -5.78229 3
    endloop
  endfacet
  facet normal -0.803509 -0.595293 0
    outer loop
      vertex 18.6236 -5.58332 0
      vertex 18.5798 -5.5242 3
      vertex 18.5798 -5.5242 0
    endloop
  endfacet
  facet normal -0.803509 -0.595293 0
    outer loop
      vertex 18.5798 -5.5242 3
      vertex 18.6236 -5.58332 0
      vertex 18.6236 -5.58332 3
    endloop
  endfacet
  facet normal -0.740431 -0.672132 0
    outer loop
      vertex 18.5798 -5.5242 0
      vertex 18.5303 -5.46967 3
      vertex 18.5303 -5.46967 0
    endloop
  endfacet
  facet normal -0.740431 -0.672132 0
    outer loop
      vertex 18.5303 -5.46967 3
      vertex 18.5798 -5.5242 0
      vertex 18.5798 -5.5242 3
    endloop
  endfacet
  facet normal -0.85796 -0.513716 0
    outer loop
      vertex 18.6614 -5.64645 0
      vertex 18.6236 -5.58332 3
      vertex 18.6236 -5.58332 0
    endloop
  endfacet
  facet normal -0.85796 -0.513716 0
    outer loop
      vertex 18.6236 -5.58332 3
      vertex 18.6614 -5.64645 0
      vertex 18.6614 -5.64645 3
    endloop
  endfacet
  facet normal -0.146746 -0.989174 0
    outer loop
      vertex 18.0735 -5.25361 0
      vertex 18.1463 -5.26441 3
      vertex 18.0735 -5.25361 3
    endloop
  endfacet
  facet normal -0.146746 -0.989174 -0
    outer loop
      vertex 18.1463 -5.26441 3
      vertex 18.0735 -5.25361 0
      vertex 18.1463 -5.26441 0
    endloop
  endfacet
  facet normal -0.0490565 -0.998796 0
    outer loop
      vertex 18 -5.25 0
      vertex 18.0735 -5.25361 3
      vertex 18 -5.25 3
    endloop
  endfacet
  facet normal -0.0490565 -0.998796 -0
    outer loop
      vertex 18.0735 -5.25361 3
      vertex 18 -5.25 0
      vertex 18.0735 -5.25361 0
    endloop
  endfacet
  facet normal -0.595773 -0.803153 0
    outer loop
      vertex 18.4167 -5.3764 0
      vertex 18.4758 -5.42024 3
      vertex 18.4167 -5.3764 3
    endloop
  endfacet
  facet normal -0.595773 -0.803153 -0
    outer loop
      vertex 18.4758 -5.42024 3
      vertex 18.4167 -5.3764 0
      vertex 18.4758 -5.42024 0
    endloop
  endfacet
  facet normal 0.989177 -0.146726 0
    outer loop
      vertex 17.2536 -5.92649 3
      vertex 17.2644 -5.85368 0
      vertex 17.2644 -5.85368 3
    endloop
  endfacet
  facet normal 0.989177 -0.146726 0
    outer loop
      vertex 17.2644 -5.85368 0
      vertex 17.2536 -5.92649 3
      vertex 17.2536 -5.92649 0
    endloop
  endfacet
  facet normal 0.941527 -0.336939 0
    outer loop
      vertex 17.2823 -5.78229 3
      vertex 17.3071 -5.71299 0
      vertex 17.3071 -5.71299 3
    endloop
  endfacet
  facet normal 0.941527 -0.336939 0
    outer loop
      vertex 17.3071 -5.71299 0
      vertex 17.2823 -5.78229 3
      vertex 17.2823 -5.78229 0
    endloop
  endfacet
  facet normal 0.998803 -0.0489143 0
    outer loop
      vertex 17.25 -6 3
      vertex 17.2536 -5.92649 0
      vertex 17.2536 -5.92649 3
    endloop
  endfacet
  facet normal 0.998803 -0.0489143 0
    outer loop
      vertex 17.2536 -5.92649 0
      vertex 17.25 -6 3
      vertex 17.25 -6 0
    endloop
  endfacet
  facet normal 0.513697 -0.857972 0
    outer loop
      vertex 17.5833 -5.3764 0
      vertex 17.6465 -5.33856 3
      vertex 17.5833 -5.3764 3
    endloop
  endfacet
  facet normal 0.513697 -0.857972 0
    outer loop
      vertex 17.6465 -5.33856 3
      vertex 17.5833 -5.3764 0
      vertex 17.6465 -5.33856 0
    endloop
  endfacet
  facet normal 0.595773 -0.803153 0
    outer loop
      vertex 17.5242 -5.42024 0
      vertex 17.5833 -5.3764 3
      vertex 17.5242 -5.42024 3
    endloop
  endfacet
  facet normal 0.595773 -0.803153 0
    outer loop
      vertex 17.5833 -5.3764 3
      vertex 17.5242 -5.42024 0
      vertex 17.5833 -5.3764 0
    endloop
  endfacet
  facet normal 0.146746 -0.989174 0
    outer loop
      vertex 17.8537 -5.26441 0
      vertex 17.9265 -5.25361 3
      vertex 17.8537 -5.26441 3
    endloop
  endfacet
  facet normal 0.146746 -0.989174 0
    outer loop
      vertex 17.9265 -5.25361 3
      vertex 17.8537 -5.26441 0
      vertex 17.9265 -5.25361 0
    endloop
  endfacet
  facet normal -0.989177 0.146726 0
    outer loop
      vertex 18.7356 -6.14632 0
      vertex 18.7464 -6.07351 3
      vertex 18.7464 -6.07351 0
    endloop
  endfacet
  facet normal -0.989177 0.146726 0
    outer loop
      vertex 18.7464 -6.07351 3
      vertex 18.7356 -6.14632 0
      vertex 18.7356 -6.14632 3
    endloop
  endfacet
  facet normal -0.998803 0.0489143 0
    outer loop
      vertex 18.7464 -6.07351 0
      vertex 18.75 -6 3
      vertex 18.75 -6 0
    endloop
  endfacet
  facet normal -0.998803 0.0489143 0
    outer loop
      vertex 18.75 -6 3
      vertex 18.7464 -6.07351 0
      vertex 18.7464 -6.07351 3
    endloop
  endfacet
  facet normal -0.740493 0.672064 0
    outer loop
      vertex 18.5303 -6.53033 0
      vertex 18.5798 -6.47579 3
      vertex 18.5798 -6.47579 0
    endloop
  endfacet
  facet normal -0.740493 0.672064 0
    outer loop
      vertex 18.5798 -6.47579 3
      vertex 18.5303 -6.53033 0
      vertex 18.5303 -6.53033 3
    endloop
  endfacet
  facet normal -0.427753 0.903896 0
    outer loop
      vertex 18.3535 -6.66144 0
      vertex 18.287 -6.69291 3
      vertex 18.3535 -6.66144 3
    endloop
  endfacet
  facet normal -0.427753 0.903896 0
    outer loop
      vertex 18.287 -6.69291 3
      vertex 18.3535 -6.66144 0
      vertex 18.287 -6.69291 0
    endloop
  endfacet
  facet normal -0.242919 -0.970047 0
    outer loop
      vertex 18.1463 -5.26441 0
      vertex 18.2177 -5.28229 3
      vertex 18.1463 -5.26441 3
    endloop
  endfacet
  facet normal -0.242919 -0.970047 -0
    outer loop
      vertex 18.2177 -5.28229 3
      vertex 18.1463 -5.26441 0
      vertex 18.2177 -5.28229 0
    endloop
  endfacet
  facet normal -0.427753 -0.903896 0
    outer loop
      vertex 18.287 -5.30709 0
      vertex 18.3535 -5.33856 3
      vertex 18.287 -5.30709 3
    endloop
  endfacet
  facet normal -0.427753 -0.903896 -0
    outer loop
      vertex 18.3535 -5.33856 3
      vertex 18.287 -5.30709 0
      vertex 18.3535 -5.33856 0
    endloop
  endfacet
  facet normal 0.803509 -0.595293 0
    outer loop
      vertex 17.3764 -5.58332 3
      vertex 17.4202 -5.5242 0
      vertex 17.4202 -5.5242 3
    endloop
  endfacet
  facet normal 0.803509 -0.595293 0
    outer loop
      vertex 17.4202 -5.5242 0
      vertex 17.3764 -5.58332 3
      vertex 17.3764 -5.58332 0
    endloop
  endfacet
  facet normal 0.969974 -0.243207 0
    outer loop
      vertex 17.2644 -5.85368 3
      vertex 17.2823 -5.78229 0
      vertex 17.2823 -5.78229 3
    endloop
  endfacet
  facet normal 0.969974 -0.243207 0
    outer loop
      vertex 17.2823 -5.78229 0
      vertex 17.2644 -5.85368 3
      vertex 17.2644 -5.85368 0
    endloop
  endfacet
  facet normal 0.998803 0.0489143 0
    outer loop
      vertex 17.2536 -6.07351 3
      vertex 17.25 -6 0
      vertex 17.25 -6 3
    endloop
  endfacet
  facet normal 0.998803 0.0489143 0
    outer loop
      vertex 17.25 -6 0
      vertex 17.2536 -6.07351 3
      vertex 17.2536 -6.07351 0
    endloop
  endfacet
  facet normal 0.671813 -0.740721 0
    outer loop
      vertex 17.4697 -5.46967 0
      vertex 17.5242 -5.42024 3
      vertex 17.4697 -5.46967 3
    endloop
  endfacet
  facet normal 0.671813 -0.740721 0
    outer loop
      vertex 17.5242 -5.42024 3
      vertex 17.4697 -5.46967 0
      vertex 17.5242 -5.42024 0
    endloop
  endfacet
  facet normal 0.336939 -0.941527 0
    outer loop
      vertex 17.713 -5.30709 0
      vertex 17.7823 -5.28229 3
      vertex 17.713 -5.30709 3
    endloop
  endfacet
  facet normal 0.336939 -0.941527 0
    outer loop
      vertex 17.7823 -5.28229 3
      vertex 17.713 -5.30709 0
      vertex 17.7823 -5.28229 0
    endloop
  endfacet
  facet normal -0.969974 0.243207 0
    outer loop
      vertex 18.7177 -6.21771 0
      vertex 18.7356 -6.14632 3
      vertex 18.7356 -6.14632 0
    endloop
  endfacet
  facet normal -0.969974 0.243207 0
    outer loop
      vertex 18.7356 -6.14632 3
      vertex 18.7177 -6.21771 0
      vertex 18.7177 -6.21771 3
    endloop
  endfacet
  facet normal -0.671813 0.740721 0
    outer loop
      vertex 18.5303 -6.53033 0
      vertex 18.4758 -6.57976 3
      vertex 18.5303 -6.53033 3
    endloop
  endfacet
  facet normal -0.671813 0.740721 0
    outer loop
      vertex 18.4758 -6.57976 3
      vertex 18.5303 -6.53033 0
      vertex 18.4758 -6.57976 0
    endloop
  endfacet
  facet normal -0.941527 0.336939 0
    outer loop
      vertex 18.6929 -6.28701 0
      vertex 18.7177 -6.21771 3
      vertex 18.7177 -6.21771 0
    endloop
  endfacet
  facet normal -0.941527 0.336939 0
    outer loop
      vertex 18.7177 -6.21771 3
      vertex 18.6929 -6.28701 0
      vertex 18.6929 -6.28701 3
    endloop
  endfacet
  facet normal -0.903837 0.427876 0
    outer loop
      vertex 18.6614 -6.35355 0
      vertex 18.6929 -6.28701 3
      vertex 18.6929 -6.28701 0
    endloop
  endfacet
  facet normal -0.903837 0.427876 0
    outer loop
      vertex 18.6929 -6.28701 3
      vertex 18.6614 -6.35355 0
      vertex 18.6614 -6.35355 3
    endloop
  endfacet
  facet normal -0.803461 0.595358 0
    outer loop
      vertex 18.5798 -6.47579 0
      vertex 18.6236 -6.41668 3
      vertex 18.6236 -6.41668 0
    endloop
  endfacet
  facet normal -0.803461 0.595358 0
    outer loop
      vertex 18.6236 -6.41668 3
      vertex 18.5798 -6.47579 0
      vertex 18.5798 -6.47579 3
    endloop
  endfacet
  facet normal 0.243047 0.970015 -0
    outer loop
      vertex 17.8537 -6.73559 0
      vertex 17.7823 -6.7177 3
      vertex 17.8537 -6.73559 3
    endloop
  endfacet
  facet normal 0.243047 0.970015 0
    outer loop
      vertex 17.7823 -6.7177 3
      vertex 17.8537 -6.73559 0
      vertex 17.7823 -6.7177 0
    endloop
  endfacet
  facet normal 0.740493 0.672064 0
    outer loop
      vertex 17.4697 -6.53033 3
      vertex 17.4202 -6.47579 0
      vertex 17.4202 -6.47579 3
    endloop
  endfacet
  facet normal 0.740493 0.672064 0
    outer loop
      vertex 17.4202 -6.47579 0
      vertex 17.4697 -6.53033 3
      vertex 17.4697 -6.53033 0
    endloop
  endfacet
  facet normal 0.85796 0.513716 0
    outer loop
      vertex 17.3764 -6.41668 3
      vertex 17.3386 -6.35355 0
      vertex 17.3386 -6.35355 3
    endloop
  endfacet
  facet normal 0.85796 0.513716 0
    outer loop
      vertex 17.3386 -6.35355 0
      vertex 17.3764 -6.41668 3
      vertex 17.3764 -6.41668 0
    endloop
  endfacet
  facet normal 0.803461 0.595358 0
    outer loop
      vertex 17.4202 -6.47579 3
      vertex 17.3764 -6.41668 0
      vertex 17.3764 -6.41668 3
    endloop
  endfacet
  facet normal 0.803461 0.595358 0
    outer loop
      vertex 17.3764 -6.41668 0
      vertex 17.4202 -6.47579 3
      vertex 17.4202 -6.47579 0
    endloop
  endfacet
  facet normal 0.941527 0.336939 0
    outer loop
      vertex 17.3071 -6.28701 3
      vertex 17.2823 -6.21771 0
      vertex 17.2823 -6.21771 3
    endloop
  endfacet
  facet normal 0.941527 0.336939 0
    outer loop
      vertex 17.2823 -6.21771 0
      vertex 17.3071 -6.28701 3
      vertex 17.3071 -6.28701 0
    endloop
  endfacet
  facet normal -0.513697 0.857972 0
    outer loop
      vertex 18.4167 -6.6236 0
      vertex 18.3535 -6.66144 3
      vertex 18.4167 -6.6236 3
    endloop
  endfacet
  facet normal -0.513697 0.857972 0
    outer loop
      vertex 18.3535 -6.66144 3
      vertex 18.4167 -6.6236 0
      vertex 18.3535 -6.66144 0
    endloop
  endfacet
  facet normal -0.595773 0.803153 0
    outer loop
      vertex 18.4758 -6.57976 0
      vertex 18.4167 -6.6236 3
      vertex 18.4758 -6.57976 3
    endloop
  endfacet
  facet normal -0.595773 0.803153 0
    outer loop
      vertex 18.4167 -6.6236 3
      vertex 18.4758 -6.57976 0
      vertex 18.4167 -6.6236 0
    endloop
  endfacet
  facet normal -0.85796 0.513716 0
    outer loop
      vertex 18.6236 -6.41668 0
      vertex 18.6614 -6.35355 3
      vertex 18.6614 -6.35355 0
    endloop
  endfacet
  facet normal -0.85796 0.513716 0
    outer loop
      vertex 18.6614 -6.35355 3
      vertex 18.6236 -6.41668 0
      vertex 18.6236 -6.41668 3
    endloop
  endfacet
  facet normal 0.0490565 0.998796 -0
    outer loop
      vertex 18 -6.75 0
      vertex 17.9265 -6.74639 3
      vertex 18 -6.75 3
    endloop
  endfacet
  facet normal 0.0490565 0.998796 0
    outer loop
      vertex 17.9265 -6.74639 3
      vertex 18 -6.75 0
      vertex 17.9265 -6.74639 0
    endloop
  endfacet
  facet normal 0.146746 0.989174 -0
    outer loop
      vertex 17.9265 -6.74639 0
      vertex 17.8537 -6.73559 3
      vertex 17.9265 -6.74639 3
    endloop
  endfacet
  facet normal 0.146746 0.989174 0
    outer loop
      vertex 17.8537 -6.73559 3
      vertex 17.9265 -6.74639 0
      vertex 17.8537 -6.73559 0
    endloop
  endfacet
  facet normal 0.427753 0.903896 -0
    outer loop
      vertex 17.713 -6.69291 0
      vertex 17.6465 -6.66144 3
      vertex 17.713 -6.69291 3
    endloop
  endfacet
  facet normal 0.427753 0.903896 0
    outer loop
      vertex 17.6465 -6.66144 3
      vertex 17.713 -6.69291 0
      vertex 17.6465 -6.66144 0
    endloop
  endfacet
  facet normal 0.595773 0.803153 -0
    outer loop
      vertex 17.5833 -6.6236 0
      vertex 17.5242 -6.57976 3
      vertex 17.5833 -6.6236 3
    endloop
  endfacet
  facet normal 0.595773 0.803153 0
    outer loop
      vertex 17.5242 -6.57976 3
      vertex 17.5833 -6.6236 0
      vertex 17.5242 -6.57976 0
    endloop
  endfacet
  facet normal 0.336818 0.94157 -0
    outer loop
      vertex 17.7823 -6.7177 0
      vertex 17.713 -6.69291 3
      vertex 17.7823 -6.7177 3
    endloop
  endfacet
  facet normal 0.336818 0.94157 0
    outer loop
      vertex 17.713 -6.69291 3
      vertex 17.7823 -6.7177 0
      vertex 17.713 -6.69291 0
    endloop
  endfacet
  facet normal 0.671813 0.740721 -0
    outer loop
      vertex 17.5242 -6.57976 0
      vertex 17.4697 -6.53033 3
      vertex 17.5242 -6.57976 3
    endloop
  endfacet
  facet normal 0.671813 0.740721 0
    outer loop
      vertex 17.4697 -6.53033 3
      vertex 17.5242 -6.57976 0
      vertex 17.4697 -6.53033 0
    endloop
  endfacet
  facet normal 0.903837 0.427876 0
    outer loop
      vertex 17.3386 -6.35355 3
      vertex 17.3071 -6.28701 0
      vertex 17.3071 -6.28701 3
    endloop
  endfacet
  facet normal 0.903837 0.427876 0
    outer loop
      vertex 17.3071 -6.28701 0
      vertex 17.3386 -6.35355 3
      vertex 17.3386 -6.35355 0
    endloop
  endfacet
  facet normal 0.969974 0.243207 0
    outer loop
      vertex 17.2823 -6.21771 3
      vertex 17.2644 -6.14632 0
      vertex 17.2644 -6.14632 3
    endloop
  endfacet
  facet normal 0.969974 0.243207 0
    outer loop
      vertex 17.2644 -6.14632 0
      vertex 17.2823 -6.21771 3
      vertex 17.2823 -6.21771 0
    endloop
  endfacet
  facet normal 0.989177 0.146726 0
    outer loop
      vertex 17.2644 -6.14632 3
      vertex 17.2536 -6.07351 0
      vertex 17.2536 -6.07351 3
    endloop
  endfacet
  facet normal 0.989177 0.146726 0
    outer loop
      vertex 17.2536 -6.07351 0
      vertex 17.2644 -6.14632 3
      vertex 17.2644 -6.14632 0
    endloop
  endfacet
  facet normal -0.243047 0.970015 0
    outer loop
      vertex 18.2177 -6.7177 0
      vertex 18.1463 -6.73559 3
      vertex 18.2177 -6.7177 3
    endloop
  endfacet
  facet normal -0.243047 0.970015 0
    outer loop
      vertex 18.1463 -6.73559 3
      vertex 18.2177 -6.7177 0
      vertex 18.1463 -6.73559 0
    endloop
  endfacet
  facet normal -0.146746 0.989174 0
    outer loop
      vertex 18.1463 -6.73559 0
      vertex 18.0735 -6.74639 3
      vertex 18.1463 -6.73559 3
    endloop
  endfacet
  facet normal -0.146746 0.989174 0
    outer loop
      vertex 18.0735 -6.74639 3
      vertex 18.1463 -6.73559 0
      vertex 18.0735 -6.74639 0
    endloop
  endfacet
  facet normal 0.513697 0.857972 -0
    outer loop
      vertex 17.6465 -6.66144 0
      vertex 17.5833 -6.6236 3
      vertex 17.6465 -6.66144 3
    endloop
  endfacet
  facet normal 0.513697 0.857972 0
    outer loop
      vertex 17.5833 -6.6236 3
      vertex 17.6465 -6.66144 0
      vertex 17.5833 -6.6236 0
    endloop
  endfacet
  facet normal -0.998803 -0.0489129 0
    outer loop
      vertex 18.75 0 0
      vertex 18.7464 0.0735121 3
      vertex 18.7464 0.0735121 0
    endloop
  endfacet
  facet normal -0.998803 -0.0489129 0
    outer loop
      vertex 18.7464 0.0735121 3
      vertex 18.75 0 0
      vertex 18.75 0 3
    endloop
  endfacet
  facet normal 0.0490836 -0.998795 0
    outer loop
      vertex 17.9265 0.746388 0
      vertex 18 0.75 3
      vertex 17.9265 0.746388 3
    endloop
  endfacet
  facet normal 0.0490836 -0.998795 0
    outer loop
      vertex 18 0.75 3
      vertex 17.9265 0.746388 0
      vertex 18 0.75 0
    endloop
  endfacet
  facet normal -0.0490836 0.998795 0
    outer loop
      vertex 18.0735 -0.746388 0
      vertex 18 -0.75 3
      vertex 18.0735 -0.746388 3
    endloop
  endfacet
  facet normal -0.0490836 0.998795 0
    outer loop
      vertex 18 -0.75 3
      vertex 18.0735 -0.746388 0
      vertex 18 -0.75 0
    endloop
  endfacet
  facet normal -0.671798 -0.740734 0
    outer loop
      vertex 18.4758 0.579758 0
      vertex 18.5303 0.53033 3
      vertex 18.4758 0.579758 3
    endloop
  endfacet
  facet normal -0.671798 -0.740734 -0
    outer loop
      vertex 18.5303 0.53033 3
      vertex 18.4758 0.579758 0
      vertex 18.5303 0.53033 0
    endloop
  endfacet
  facet normal 0.740462 -0.672098 0
    outer loop
      vertex 17.4202 0.475795 3
      vertex 17.4697 0.53033 0
      vertex 17.4697 0.53033 3
    endloop
  endfacet
  facet normal 0.740462 -0.672098 0
    outer loop
      vertex 17.4697 0.53033 0
      vertex 17.4202 0.475795 3
      vertex 17.4202 0.475795 0
    endloop
  endfacet
  facet normal 0.427731 -0.903906 0
    outer loop
      vertex 17.6465 0.661441 0
      vertex 17.713 0.692909 3
      vertex 17.6465 0.661441 3
    endloop
  endfacet
  facet normal 0.427731 -0.903906 0
    outer loop
      vertex 17.713 0.692909 3
      vertex 17.6465 0.661441 0
      vertex 17.713 0.692909 0
    endloop
  endfacet
  facet normal -0.903825 -0.427902 0
    outer loop
      vertex 18.6929 0.287012 0
      vertex 18.6614 0.353547 3
      vertex 18.6614 0.353547 0
    endloop
  endfacet
  facet normal -0.903825 -0.427902 0
    outer loop
      vertex 18.6614 0.353547 3
      vertex 18.6929 0.287012 0
      vertex 18.6929 0.287012 3
    endloop
  endfacet
  facet normal -0.336891 -0.941544 0
    outer loop
      vertex 18.2177 0.717705 0
      vertex 18.287 0.692909 3
      vertex 18.2177 0.717705 3
    endloop
  endfacet
  facet normal -0.336891 -0.941544 -0
    outer loop
      vertex 18.287 0.692909 3
      vertex 18.2177 0.717705 0
      vertex 18.287 0.692909 0
    endloop
  endfacet
  facet normal -0.513687 -0.857978 0
    outer loop
      vertex 18.3535 0.661441 0
      vertex 18.4167 0.623602 3
      vertex 18.3535 0.661441 3
    endloop
  endfacet
  facet normal -0.513687 -0.857978 -0
    outer loop
      vertex 18.4167 0.623602 3
      vertex 18.3535 0.661441 0
      vertex 18.4167 0.623602 0
    endloop
  endfacet
  facet normal 0.903825 -0.427902 0
    outer loop
      vertex 17.3071 0.287012 3
      vertex 17.3386 0.353547 0
      vertex 17.3386 0.353547 3
    endloop
  endfacet
  facet normal 0.903825 -0.427902 0
    outer loop
      vertex 17.3386 0.353547 0
      vertex 17.3071 0.287012 3
      vertex 17.3071 0.287012 0
    endloop
  endfacet
  facet normal 0.85796 -0.513716 0
    outer loop
      vertex 17.3386 0.353547 3
      vertex 17.3764 0.416677 0
      vertex 17.3764 0.416677 3
    endloop
  endfacet
  facet normal 0.85796 -0.513716 0
    outer loop
      vertex 17.3764 0.416677 0
      vertex 17.3386 0.353547 3
      vertex 17.3386 0.353547 0
    endloop
  endfacet
  facet normal 0.242958 -0.970037 0
    outer loop
      vertex 17.7823 0.717705 0
      vertex 17.8537 0.735588 3
      vertex 17.7823 0.717705 3
    endloop
  endfacet
  facet normal 0.242958 -0.970037 0
    outer loop
      vertex 17.8537 0.735588 3
      vertex 17.7823 0.717705 0
      vertex 17.8537 0.735588 0
    endloop
  endfacet
  facet normal -0.336891 0.941544 0
    outer loop
      vertex 18.287 -0.692909 0
      vertex 18.2177 -0.717705 3
      vertex 18.287 -0.692909 3
    endloop
  endfacet
  facet normal -0.336891 0.941544 0
    outer loop
      vertex 18.2177 -0.717705 3
      vertex 18.287 -0.692909 0
      vertex 18.2177 -0.717705 0
    endloop
  endfacet
  facet normal -0.969979 -0.243188 0
    outer loop
      vertex 18.7356 0.146317 0
      vertex 18.7177 0.217713 3
      vertex 18.7177 0.217713 0
    endloop
  endfacet
  facet normal -0.969979 -0.243188 0
    outer loop
      vertex 18.7177 0.217713 3
      vertex 18.7356 0.146317 0
      vertex 18.7356 0.146317 3
    endloop
  endfacet
  facet normal -0.989176 -0.146736 0
    outer loop
      vertex 18.7464 0.0735121 0
      vertex 18.7356 0.146317 3
      vertex 18.7356 0.146317 0
    endloop
  endfacet
  facet normal -0.989176 -0.146736 0
    outer loop
      vertex 18.7356 0.146317 3
      vertex 18.7464 0.0735121 0
      vertex 18.7464 0.0735121 3
    endloop
  endfacet
  facet normal -0.941525 -0.336943 0
    outer loop
      vertex 18.7177 0.217713 0
      vertex 18.6929 0.287012 3
      vertex 18.6929 0.287012 0
    endloop
  endfacet
  facet normal -0.941525 -0.336943 0
    outer loop
      vertex 18.6929 0.287012 3
      vertex 18.7177 0.217713 0
      vertex 18.7177 0.217713 3
    endloop
  endfacet
  facet normal -0.803499 -0.595306 0
    outer loop
      vertex 18.6236 0.416677 0
      vertex 18.5798 0.475795 3
      vertex 18.5798 0.475795 0
    endloop
  endfacet
  facet normal -0.803499 -0.595306 0
    outer loop
      vertex 18.5798 0.475795 3
      vertex 18.6236 0.416677 0
      vertex 18.6236 0.416677 3
    endloop
  endfacet
  facet normal -0.740462 -0.672098 0
    outer loop
      vertex 18.5798 0.475795 0
      vertex 18.5303 0.53033 3
      vertex 18.5303 0.53033 0
    endloop
  endfacet
  facet normal -0.740462 -0.672098 0
    outer loop
      vertex 18.5303 0.53033 3
      vertex 18.5798 0.475795 0
      vertex 18.5798 0.475795 3
    endloop
  endfacet
  facet normal -0.146746 -0.989174 0
    outer loop
      vertex 18.0735 0.746388 0
      vertex 18.1463 0.735588 3
      vertex 18.0735 0.746388 3
    endloop
  endfacet
  facet normal -0.146746 -0.989174 -0
    outer loop
      vertex 18.1463 0.735588 3
      vertex 18.0735 0.746388 0
      vertex 18.1463 0.735588 0
    endloop
  endfacet
  facet normal -0.0490836 -0.998795 0
    outer loop
      vertex 18 0.75 0
      vertex 18.0735 0.746388 3
      vertex 18 0.75 3
    endloop
  endfacet
  facet normal -0.0490836 -0.998795 -0
    outer loop
      vertex 18.0735 0.746388 3
      vertex 18 0.75 0
      vertex 18.0735 0.746388 0
    endloop
  endfacet
  facet normal -0.595808 -0.803127 0
    outer loop
      vertex 18.4167 0.623602 0
      vertex 18.4758 0.579758 3
      vertex 18.4167 0.623602 3
    endloop
  endfacet
  facet normal -0.595808 -0.803127 -0
    outer loop
      vertex 18.4758 0.579758 3
      vertex 18.4167 0.623602 0
      vertex 18.4758 0.579758 0
    endloop
  endfacet
  facet normal 0.989176 -0.146736 0
    outer loop
      vertex 17.2536 0.0735121 3
      vertex 17.2644 0.146317 0
      vertex 17.2644 0.146317 3
    endloop
  endfacet
  facet normal 0.989176 -0.146736 0
    outer loop
      vertex 17.2644 0.146317 0
      vertex 17.2536 0.0735121 3
      vertex 17.2536 0.0735121 0
    endloop
  endfacet
  facet normal 0.941525 -0.336943 0
    outer loop
      vertex 17.2823 0.217713 3
      vertex 17.3071 0.287012 0
      vertex 17.3071 0.287012 3
    endloop
  endfacet
  facet normal 0.941525 -0.336943 0
    outer loop
      vertex 17.3071 0.287012 0
      vertex 17.2823 0.217713 3
      vertex 17.2823 0.217713 0
    endloop
  endfacet
  facet normal 0.998803 -0.0489129 0
    outer loop
      vertex 17.25 0 3
      vertex 17.2536 0.0735121 0
      vertex 17.2536 0.0735121 3
    endloop
  endfacet
  facet normal 0.998803 -0.0489129 0
    outer loop
      vertex 17.2536 0.0735121 0
      vertex 17.25 0 3
      vertex 17.25 0 0
    endloop
  endfacet
  facet normal 0.595808 -0.803127 0
    outer loop
      vertex 17.5242 0.579758 0
      vertex 17.5833 0.623602 3
      vertex 17.5242 0.579758 3
    endloop
  endfacet
  facet normal 0.595808 -0.803127 0
    outer loop
      vertex 17.5833 0.623602 3
      vertex 17.5242 0.579758 0
      vertex 17.5833 0.623602 0
    endloop
  endfacet
  facet normal 0.146746 -0.989174 0
    outer loop
      vertex 17.8537 0.735588 0
      vertex 17.9265 0.746388 3
      vertex 17.8537 0.735588 3
    endloop
  endfacet
  facet normal 0.146746 -0.989174 0
    outer loop
      vertex 17.9265 0.746388 3
      vertex 17.8537 0.735588 0
      vertex 17.9265 0.746388 0
    endloop
  endfacet
  facet normal -0.998803 0.0489129 0
    outer loop
      vertex 18.7464 -0.0735121 0
      vertex 18.75 0 3
      vertex 18.75 0 0
    endloop
  endfacet
  facet normal -0.998803 0.0489129 0
    outer loop
      vertex 18.75 0 3
      vertex 18.7464 -0.0735121 0
      vertex 18.7464 -0.0735121 3
    endloop
  endfacet
  facet normal -0.989176 0.146736 0
    outer loop
      vertex 18.7356 -0.146317 0
      vertex 18.7464 -0.0735121 3
      vertex 18.7464 -0.0735121 0
    endloop
  endfacet
  facet normal -0.989176 0.146736 0
    outer loop
      vertex 18.7464 -0.0735121 3
      vertex 18.7356 -0.146317 0
      vertex 18.7356 -0.146317 3
    endloop
  endfacet
  facet normal -0.740462 0.672098 0
    outer loop
      vertex 18.5303 -0.53033 0
      vertex 18.5798 -0.475795 3
      vertex 18.5798 -0.475795 0
    endloop
  endfacet
  facet normal -0.740462 0.672098 0
    outer loop
      vertex 18.5798 -0.475795 3
      vertex 18.5303 -0.53033 0
      vertex 18.5303 -0.53033 3
    endloop
  endfacet
  facet normal -0.427731 0.903906 0
    outer loop
      vertex 18.3535 -0.661441 0
      vertex 18.287 -0.692909 3
      vertex 18.3535 -0.661441 3
    endloop
  endfacet
  facet normal -0.427731 0.903906 0
    outer loop
      vertex 18.287 -0.692909 3
      vertex 18.3535 -0.661441 0
      vertex 18.287 -0.692909 0
    endloop
  endfacet
  facet normal -0.85796 -0.513716 0
    outer loop
      vertex 18.6614 0.353547 0
      vertex 18.6236 0.416677 3
      vertex 18.6236 0.416677 0
    endloop
  endfacet
  facet normal -0.85796 -0.513716 0
    outer loop
      vertex 18.6236 0.416677 3
      vertex 18.6614 0.353547 0
      vertex 18.6614 0.353547 3
    endloop
  endfacet
  facet normal -0.242958 -0.970037 0
    outer loop
      vertex 18.1463 0.735588 0
      vertex 18.2177 0.717705 3
      vertex 18.1463 0.735588 3
    endloop
  endfacet
  facet normal -0.242958 -0.970037 -0
    outer loop
      vertex 18.2177 0.717705 3
      vertex 18.1463 0.735588 0
      vertex 18.2177 0.717705 0
    endloop
  endfacet
  facet normal -0.427731 -0.903906 0
    outer loop
      vertex 18.287 0.692909 0
      vertex 18.3535 0.661441 3
      vertex 18.287 0.692909 3
    endloop
  endfacet
  facet normal -0.427731 -0.903906 -0
    outer loop
      vertex 18.3535 0.661441 3
      vertex 18.287 0.692909 0
      vertex 18.3535 0.661441 0
    endloop
  endfacet
  facet normal 0.803499 -0.595306 0
    outer loop
      vertex 17.3764 0.416677 3
      vertex 17.4202 0.475795 0
      vertex 17.4202 0.475795 3
    endloop
  endfacet
  facet normal 0.803499 -0.595306 0
    outer loop
      vertex 17.4202 0.475795 0
      vertex 17.3764 0.416677 3
      vertex 17.3764 0.416677 0
    endloop
  endfacet
  facet normal 0.969979 -0.243188 0
    outer loop
      vertex 17.2644 0.146317 3
      vertex 17.2823 0.217713 0
      vertex 17.2823 0.217713 3
    endloop
  endfacet
  facet normal 0.969979 -0.243188 0
    outer loop
      vertex 17.2823 0.217713 0
      vertex 17.2644 0.146317 3
      vertex 17.2644 0.146317 0
    endloop
  endfacet
  facet normal 0.998803 0.0489129 0
    outer loop
      vertex 17.2536 -0.0735121 3
      vertex 17.25 0 0
      vertex 17.25 0 3
    endloop
  endfacet
  facet normal 0.998803 0.0489129 0
    outer loop
      vertex 17.25 0 0
      vertex 17.2536 -0.0735121 3
      vertex 17.2536 -0.0735121 0
    endloop
  endfacet
  facet normal 0.671798 -0.740734 0
    outer loop
      vertex 17.4697 0.53033 0
      vertex 17.5242 0.579758 3
      vertex 17.4697 0.53033 3
    endloop
  endfacet
  facet normal 0.671798 -0.740734 0
    outer loop
      vertex 17.5242 0.579758 3
      vertex 17.4697 0.53033 0
      vertex 17.5242 0.579758 0
    endloop
  endfacet
  facet normal 0.513687 -0.857978 0
    outer loop
      vertex 17.5833 0.623602 0
      vertex 17.6465 0.661441 3
      vertex 17.5833 0.623602 3
    endloop
  endfacet
  facet normal 0.513687 -0.857978 0
    outer loop
      vertex 17.6465 0.661441 3
      vertex 17.5833 0.623602 0
      vertex 17.6465 0.661441 0
    endloop
  endfacet
  facet normal 0.336891 -0.941544 0
    outer loop
      vertex 17.713 0.692909 0
      vertex 17.7823 0.717705 3
      vertex 17.713 0.692909 3
    endloop
  endfacet
  facet normal 0.336891 -0.941544 0
    outer loop
      vertex 17.7823 0.717705 3
      vertex 17.713 0.692909 0
      vertex 17.7823 0.717705 0
    endloop
  endfacet
  facet normal -0.969979 0.243188 0
    outer loop
      vertex 18.7177 -0.217713 0
      vertex 18.7356 -0.146317 3
      vertex 18.7356 -0.146317 0
    endloop
  endfacet
  facet normal -0.969979 0.243188 0
    outer loop
      vertex 18.7356 -0.146317 3
      vertex 18.7177 -0.217713 0
      vertex 18.7177 -0.217713 3
    endloop
  endfacet
  facet normal -0.671798 0.740734 0
    outer loop
      vertex 18.5303 -0.53033 0
      vertex 18.4758 -0.579758 3
      vertex 18.5303 -0.53033 3
    endloop
  endfacet
  facet normal -0.671798 0.740734 0
    outer loop
      vertex 18.4758 -0.579758 3
      vertex 18.5303 -0.53033 0
      vertex 18.4758 -0.579758 0
    endloop
  endfacet
  facet normal -0.941525 0.336943 0
    outer loop
      vertex 18.6929 -0.287012 0
      vertex 18.7177 -0.217713 3
      vertex 18.7177 -0.217713 0
    endloop
  endfacet
  facet normal -0.941525 0.336943 0
    outer loop
      vertex 18.7177 -0.217713 3
      vertex 18.6929 -0.287012 0
      vertex 18.6929 -0.287012 3
    endloop
  endfacet
  facet normal -0.903825 0.427902 0
    outer loop
      vertex 18.6614 -0.353547 0
      vertex 18.6929 -0.287012 3
      vertex 18.6929 -0.287012 0
    endloop
  endfacet
  facet normal -0.903825 0.427902 0
    outer loop
      vertex 18.6929 -0.287012 3
      vertex 18.6614 -0.353547 0
      vertex 18.6614 -0.353547 3
    endloop
  endfacet
  facet normal -0.803499 0.595306 0
    outer loop
      vertex 18.5798 -0.475795 0
      vertex 18.6236 -0.416677 3
      vertex 18.6236 -0.416677 0
    endloop
  endfacet
  facet normal -0.803499 0.595306 0
    outer loop
      vertex 18.6236 -0.416677 3
      vertex 18.5798 -0.475795 0
      vertex 18.5798 -0.475795 3
    endloop
  endfacet
  facet normal 0.242958 0.970037 -0
    outer loop
      vertex 17.8537 -0.735588 0
      vertex 17.7823 -0.717705 3
      vertex 17.8537 -0.735588 3
    endloop
  endfacet
  facet normal 0.242958 0.970037 0
    outer loop
      vertex 17.7823 -0.717705 3
      vertex 17.8537 -0.735588 0
      vertex 17.7823 -0.717705 0
    endloop
  endfacet
  facet normal 0.740462 0.672098 0
    outer loop
      vertex 17.4697 -0.53033 3
      vertex 17.4202 -0.475795 0
      vertex 17.4202 -0.475795 3
    endloop
  endfacet
  facet normal 0.740462 0.672098 0
    outer loop
      vertex 17.4202 -0.475795 0
      vertex 17.4697 -0.53033 3
      vertex 17.4697 -0.53033 0
    endloop
  endfacet
  facet normal 0.85796 0.513716 0
    outer loop
      vertex 17.3764 -0.416677 3
      vertex 17.3386 -0.353547 0
      vertex 17.3386 -0.353547 3
    endloop
  endfacet
  facet normal 0.85796 0.513716 0
    outer loop
      vertex 17.3386 -0.353547 0
      vertex 17.3764 -0.416677 3
      vertex 17.3764 -0.416677 0
    endloop
  endfacet
  facet normal 0.803499 0.595306 0
    outer loop
      vertex 17.4202 -0.475795 3
      vertex 17.3764 -0.416677 0
      vertex 17.3764 -0.416677 3
    endloop
  endfacet
  facet normal 0.803499 0.595306 0
    outer loop
      vertex 17.3764 -0.416677 0
      vertex 17.4202 -0.475795 3
      vertex 17.4202 -0.475795 0
    endloop
  endfacet
  facet normal 0.941525 0.336943 0
    outer loop
      vertex 17.3071 -0.287012 3
      vertex 17.2823 -0.217713 0
      vertex 17.2823 -0.217713 3
    endloop
  endfacet
  facet normal 0.941525 0.336943 0
    outer loop
      vertex 17.2823 -0.217713 0
      vertex 17.3071 -0.287012 3
      vertex 17.3071 -0.287012 0
    endloop
  endfacet
  facet normal 0.989176 0.146736 0
    outer loop
      vertex 17.2644 -0.146317 3
      vertex 17.2536 -0.0735121 0
      vertex 17.2536 -0.0735121 3
    endloop
  endfacet
  facet normal 0.989176 0.146736 0
    outer loop
      vertex 17.2536 -0.0735121 0
      vertex 17.2644 -0.146317 3
      vertex 17.2644 -0.146317 0
    endloop
  endfacet
  facet normal -0.146746 0.989174 0
    outer loop
      vertex 18.1463 -0.735588 0
      vertex 18.0735 -0.746388 3
      vertex 18.1463 -0.735588 3
    endloop
  endfacet
  facet normal -0.146746 0.989174 0
    outer loop
      vertex 18.0735 -0.746388 3
      vertex 18.1463 -0.735588 0
      vertex 18.0735 -0.746388 0
    endloop
  endfacet
  facet normal -0.513687 0.857978 0
    outer loop
      vertex 18.4167 -0.623602 0
      vertex 18.3535 -0.661441 3
      vertex 18.4167 -0.623602 3
    endloop
  endfacet
  facet normal -0.513687 0.857978 0
    outer loop
      vertex 18.3535 -0.661441 3
      vertex 18.4167 -0.623602 0
      vertex 18.3535 -0.661441 0
    endloop
  endfacet
  facet normal -0.595808 0.803127 0
    outer loop
      vertex 18.4758 -0.579758 0
      vertex 18.4167 -0.623602 3
      vertex 18.4758 -0.579758 3
    endloop
  endfacet
  facet normal -0.595808 0.803127 0
    outer loop
      vertex 18.4167 -0.623602 3
      vertex 18.4758 -0.579758 0
      vertex 18.4167 -0.623602 0
    endloop
  endfacet
  facet normal -0.85796 0.513716 0
    outer loop
      vertex 18.6236 -0.416677 0
      vertex 18.6614 -0.353547 3
      vertex 18.6614 -0.353547 0
    endloop
  endfacet
  facet normal -0.85796 0.513716 0
    outer loop
      vertex 18.6614 -0.353547 3
      vertex 18.6236 -0.416677 0
      vertex 18.6236 -0.416677 3
    endloop
  endfacet
  facet normal 0.146746 0.989174 -0
    outer loop
      vertex 17.9265 -0.746388 0
      vertex 17.8537 -0.735588 3
      vertex 17.9265 -0.746388 3
    endloop
  endfacet
  facet normal 0.146746 0.989174 0
    outer loop
      vertex 17.8537 -0.735588 3
      vertex 17.9265 -0.746388 0
      vertex 17.8537 -0.735588 0
    endloop
  endfacet
  facet normal 0.427731 0.903906 -0
    outer loop
      vertex 17.713 -0.692909 0
      vertex 17.6465 -0.661441 3
      vertex 17.713 -0.692909 3
    endloop
  endfacet
  facet normal 0.427731 0.903906 0
    outer loop
      vertex 17.6465 -0.661441 3
      vertex 17.713 -0.692909 0
      vertex 17.6465 -0.661441 0
    endloop
  endfacet
  facet normal 0.595808 0.803127 -0
    outer loop
      vertex 17.5833 -0.623602 0
      vertex 17.5242 -0.579758 3
      vertex 17.5833 -0.623602 3
    endloop
  endfacet
  facet normal 0.595808 0.803127 0
    outer loop
      vertex 17.5242 -0.579758 3
      vertex 17.5833 -0.623602 0
      vertex 17.5242 -0.579758 0
    endloop
  endfacet
  facet normal 0.671798 0.740734 -0
    outer loop
      vertex 17.5242 -0.579758 0
      vertex 17.4697 -0.53033 3
      vertex 17.5242 -0.579758 3
    endloop
  endfacet
  facet normal 0.671798 0.740734 0
    outer loop
      vertex 17.4697 -0.53033 3
      vertex 17.5242 -0.579758 0
      vertex 17.4697 -0.53033 0
    endloop
  endfacet
  facet normal 0.903825 0.427902 0
    outer loop
      vertex 17.3386 -0.353547 3
      vertex 17.3071 -0.287012 0
      vertex 17.3071 -0.287012 3
    endloop
  endfacet
  facet normal 0.903825 0.427902 0
    outer loop
      vertex 17.3071 -0.287012 0
      vertex 17.3386 -0.353547 3
      vertex 17.3386 -0.353547 0
    endloop
  endfacet
  facet normal 0.969979 0.243188 0
    outer loop
      vertex 17.2823 -0.217713 3
      vertex 17.2644 -0.146317 0
      vertex 17.2644 -0.146317 3
    endloop
  endfacet
  facet normal 0.969979 0.243188 0
    outer loop
      vertex 17.2644 -0.146317 0
      vertex 17.2823 -0.217713 3
      vertex 17.2823 -0.217713 0
    endloop
  endfacet
  facet normal -0.242958 0.970037 0
    outer loop
      vertex 18.2177 -0.717705 0
      vertex 18.1463 -0.735588 3
      vertex 18.2177 -0.717705 3
    endloop
  endfacet
  facet normal -0.242958 0.970037 0
    outer loop
      vertex 18.1463 -0.735588 3
      vertex 18.2177 -0.717705 0
      vertex 18.1463 -0.735588 0
    endloop
  endfacet
  facet normal 0.0490836 0.998795 -0
    outer loop
      vertex 18 -0.75 0
      vertex 17.9265 -0.746388 3
      vertex 18 -0.75 3
    endloop
  endfacet
  facet normal 0.0490836 0.998795 0
    outer loop
      vertex 17.9265 -0.746388 3
      vertex 18 -0.75 0
      vertex 17.9265 -0.746388 0
    endloop
  endfacet
  facet normal 0.513687 0.857978 -0
    outer loop
      vertex 17.6465 -0.661441 0
      vertex 17.5833 -0.623602 3
      vertex 17.6465 -0.661441 3
    endloop
  endfacet
  facet normal 0.513687 0.857978 0
    outer loop
      vertex 17.5833 -0.623602 3
      vertex 17.6465 -0.661441 0
      vertex 17.5833 -0.623602 0
    endloop
  endfacet
  facet normal 0.336891 0.941544 -0
    outer loop
      vertex 17.7823 -0.717705 0
      vertex 17.713 -0.692909 3
      vertex 17.7823 -0.717705 3
    endloop
  endfacet
  facet normal 0.336891 0.941544 0
    outer loop
      vertex 17.713 -0.692909 3
      vertex 17.7823 -0.717705 0
      vertex 17.713 -0.692909 0
    endloop
  endfacet
  facet normal -0.998803 -0.0489143 0
    outer loop
      vertex 18.75 6 0
      vertex 18.7464 6.07351 3
      vertex 18.7464 6.07351 0
    endloop
  endfacet
  facet normal -0.998803 -0.0489143 0
    outer loop
      vertex 18.7464 6.07351 3
      vertex 18.75 6 0
      vertex 18.75 6 3
    endloop
  endfacet
  facet normal 0.0490565 -0.998796 0
    outer loop
      vertex 17.9265 6.74639 0
      vertex 18 6.75 3
      vertex 17.9265 6.74639 3
    endloop
  endfacet
  facet normal 0.0490565 -0.998796 0
    outer loop
      vertex 18 6.75 3
      vertex 17.9265 6.74639 0
      vertex 18 6.75 0
    endloop
  endfacet
  facet normal -0.671813 -0.740721 0
    outer loop
      vertex 18.4758 6.57976 0
      vertex 18.5303 6.53033 3
      vertex 18.4758 6.57976 3
    endloop
  endfacet
  facet normal -0.671813 -0.740721 -0
    outer loop
      vertex 18.5303 6.53033 3
      vertex 18.4758 6.57976 0
      vertex 18.5303 6.53033 0
    endloop
  endfacet
  facet normal 0.740493 -0.672064 0
    outer loop
      vertex 17.4202 6.47579 3
      vertex 17.4697 6.53033 0
      vertex 17.4697 6.53033 3
    endloop
  endfacet
  facet normal 0.740493 -0.672064 0
    outer loop
      vertex 17.4697 6.53033 0
      vertex 17.4202 6.47579 3
      vertex 17.4202 6.47579 0
    endloop
  endfacet
  facet normal 0.427753 -0.903896 0
    outer loop
      vertex 17.6465 6.66144 0
      vertex 17.713 6.69291 3
      vertex 17.6465 6.66144 3
    endloop
  endfacet
  facet normal 0.427753 -0.903896 0
    outer loop
      vertex 17.713 6.69291 3
      vertex 17.6465 6.66144 0
      vertex 17.713 6.69291 0
    endloop
  endfacet
  facet normal -0.903837 -0.427876 0
    outer loop
      vertex 18.6929 6.28701 0
      vertex 18.6614 6.35355 3
      vertex 18.6614 6.35355 0
    endloop
  endfacet
  facet normal -0.903837 -0.427876 0
    outer loop
      vertex 18.6614 6.35355 3
      vertex 18.6929 6.28701 0
      vertex 18.6929 6.28701 3
    endloop
  endfacet
  facet normal -0.336818 -0.94157 0
    outer loop
      vertex 18.2177 6.7177 0
      vertex 18.287 6.69291 3
      vertex 18.2177 6.7177 3
    endloop
  endfacet
  facet normal -0.336818 -0.94157 -0
    outer loop
      vertex 18.287 6.69291 3
      vertex 18.2177 6.7177 0
      vertex 18.287 6.69291 0
    endloop
  endfacet
  facet normal -0.513697 -0.857972 0
    outer loop
      vertex 18.3535 6.66144 0
      vertex 18.4167 6.6236 3
      vertex 18.3535 6.66144 3
    endloop
  endfacet
  facet normal -0.513697 -0.857972 -0
    outer loop
      vertex 18.4167 6.6236 3
      vertex 18.3535 6.66144 0
      vertex 18.4167 6.6236 0
    endloop
  endfacet
  facet normal 0.941527 -0.336939 0
    outer loop
      vertex 17.2823 6.21771 3
      vertex 17.3071 6.28701 0
      vertex 17.3071 6.28701 3
    endloop
  endfacet
  facet normal 0.941527 -0.336939 0
    outer loop
      vertex 17.3071 6.28701 0
      vertex 17.2823 6.21771 3
      vertex 17.2823 6.21771 0
    endloop
  endfacet
  facet normal 0.243047 -0.970015 0
    outer loop
      vertex 17.7823 6.7177 0
      vertex 17.8537 6.73559 3
      vertex 17.7823 6.7177 3
    endloop
  endfacet
  facet normal 0.243047 -0.970015 0
    outer loop
      vertex 17.8537 6.73559 3
      vertex 17.7823 6.7177 0
      vertex 17.8537 6.73559 0
    endloop
  endfacet
  facet normal -0.969974 -0.243207 0
    outer loop
      vertex 18.7356 6.14632 0
      vertex 18.7177 6.21771 3
      vertex 18.7177 6.21771 0
    endloop
  endfacet
  facet normal -0.969974 -0.243207 0
    outer loop
      vertex 18.7177 6.21771 3
      vertex 18.7356 6.14632 0
      vertex 18.7356 6.14632 3
    endloop
  endfacet
  facet normal -0.989177 -0.146726 0
    outer loop
      vertex 18.7464 6.07351 0
      vertex 18.7356 6.14632 3
      vertex 18.7356 6.14632 0
    endloop
  endfacet
  facet normal -0.989177 -0.146726 0
    outer loop
      vertex 18.7356 6.14632 3
      vertex 18.7464 6.07351 0
      vertex 18.7464 6.07351 3
    endloop
  endfacet
  facet normal -0.941527 -0.336939 0
    outer loop
      vertex 18.7177 6.21771 0
      vertex 18.6929 6.28701 3
      vertex 18.6929 6.28701 0
    endloop
  endfacet
  facet normal -0.941527 -0.336939 0
    outer loop
      vertex 18.6929 6.28701 3
      vertex 18.7177 6.21771 0
      vertex 18.7177 6.21771 3
    endloop
  endfacet
  facet normal -0.803461 -0.595358 0
    outer loop
      vertex 18.6236 6.41668 0
      vertex 18.5798 6.47579 3
      vertex 18.5798 6.47579 0
    endloop
  endfacet
  facet normal -0.803461 -0.595358 0
    outer loop
      vertex 18.5798 6.47579 3
      vertex 18.6236 6.41668 0
      vertex 18.6236 6.41668 3
    endloop
  endfacet
  facet normal -0.740493 -0.672064 0
    outer loop
      vertex 18.5798 6.47579 0
      vertex 18.5303 6.53033 3
      vertex 18.5303 6.53033 0
    endloop
  endfacet
  facet normal -0.740493 -0.672064 0
    outer loop
      vertex 18.5303 6.53033 3
      vertex 18.5798 6.47579 0
      vertex 18.5798 6.47579 3
    endloop
  endfacet
  facet normal -0.85796 -0.513716 0
    outer loop
      vertex 18.6614 6.35355 0
      vertex 18.6236 6.41668 3
      vertex 18.6236 6.41668 0
    endloop
  endfacet
  facet normal -0.85796 -0.513716 0
    outer loop
      vertex 18.6236 6.41668 3
      vertex 18.6614 6.35355 0
      vertex 18.6614 6.35355 3
    endloop
  endfacet
  facet normal -0.146746 -0.989174 0
    outer loop
      vertex 18.0735 6.74639 0
      vertex 18.1463 6.73559 3
      vertex 18.0735 6.74639 3
    endloop
  endfacet
  facet normal -0.146746 -0.989174 -0
    outer loop
      vertex 18.1463 6.73559 3
      vertex 18.0735 6.74639 0
      vertex 18.1463 6.73559 0
    endloop
  endfacet
  facet normal -0.243047 -0.970015 0
    outer loop
      vertex 18.1463 6.73559 0
      vertex 18.2177 6.7177 3
      vertex 18.1463 6.73559 3
    endloop
  endfacet
  facet normal -0.243047 -0.970015 -0
    outer loop
      vertex 18.2177 6.7177 3
      vertex 18.1463 6.73559 0
      vertex 18.2177 6.7177 0
    endloop
  endfacet
  facet normal -0.0490565 -0.998796 0
    outer loop
      vertex 18 6.75 0
      vertex 18.0735 6.74639 3
      vertex 18 6.75 3
    endloop
  endfacet
  facet normal -0.0490565 -0.998796 -0
    outer loop
      vertex 18.0735 6.74639 3
      vertex 18 6.75 0
      vertex 18.0735 6.74639 0
    endloop
  endfacet
  facet normal -0.427753 -0.903896 0
    outer loop
      vertex 18.287 6.69291 0
      vertex 18.3535 6.66144 3
      vertex 18.287 6.69291 3
    endloop
  endfacet
  facet normal -0.427753 -0.903896 -0
    outer loop
      vertex 18.3535 6.66144 3
      vertex 18.287 6.69291 0
      vertex 18.3535 6.66144 0
    endloop
  endfacet
  facet normal -0.595773 -0.803153 0
    outer loop
      vertex 18.4167 6.6236 0
      vertex 18.4758 6.57976 3
      vertex 18.4167 6.6236 3
    endloop
  endfacet
  facet normal -0.595773 -0.803153 -0
    outer loop
      vertex 18.4758 6.57976 3
      vertex 18.4167 6.6236 0
      vertex 18.4758 6.57976 0
    endloop
  endfacet
  facet normal 0.989177 -0.146726 0
    outer loop
      vertex 17.2536 6.07351 3
      vertex 17.2644 6.14632 0
      vertex 17.2644 6.14632 3
    endloop
  endfacet
  facet normal 0.989177 -0.146726 0
    outer loop
      vertex 17.2644 6.14632 0
      vertex 17.2536 6.07351 3
      vertex 17.2536 6.07351 0
    endloop
  endfacet
  facet normal 0.85796 -0.513716 0
    outer loop
      vertex 17.3386 6.35355 3
      vertex 17.3764 6.41668 0
      vertex 17.3764 6.41668 3
    endloop
  endfacet
  facet normal 0.85796 -0.513716 0
    outer loop
      vertex 17.3764 6.41668 0
      vertex 17.3386 6.35355 3
      vertex 17.3386 6.35355 0
    endloop
  endfacet
  facet normal 0.803461 -0.595358 0
    outer loop
      vertex 17.3764 6.41668 3
      vertex 17.4202 6.47579 0
      vertex 17.4202 6.47579 3
    endloop
  endfacet
  facet normal 0.803461 -0.595358 0
    outer loop
      vertex 17.4202 6.47579 0
      vertex 17.3764 6.41668 3
      vertex 17.3764 6.41668 0
    endloop
  endfacet
  facet normal 0.903837 -0.427876 0
    outer loop
      vertex 17.3071 6.28701 3
      vertex 17.3386 6.35355 0
      vertex 17.3386 6.35355 3
    endloop
  endfacet
  facet normal 0.903837 -0.427876 0
    outer loop
      vertex 17.3386 6.35355 0
      vertex 17.3071 6.28701 3
      vertex 17.3071 6.28701 0
    endloop
  endfacet
  facet normal 0.969974 -0.243207 0
    outer loop
      vertex 17.2644 6.14632 3
      vertex 17.2823 6.21771 0
      vertex 17.2823 6.21771 3
    endloop
  endfacet
  facet normal 0.969974 -0.243207 0
    outer loop
      vertex 17.2823 6.21771 0
      vertex 17.2644 6.14632 3
      vertex 17.2644 6.14632 0
    endloop
  endfacet
  facet normal 0.998803 -0.0489143 0
    outer loop
      vertex 17.25 6 3
      vertex 17.2536 6.07351 0
      vertex 17.2536 6.07351 3
    endloop
  endfacet
  facet normal 0.998803 -0.0489143 0
    outer loop
      vertex 17.2536 6.07351 0
      vertex 17.25 6 3
      vertex 17.25 6 0
    endloop
  endfacet
  facet normal 0.595773 -0.803153 0
    outer loop
      vertex 17.5242 6.57976 0
      vertex 17.5833 6.6236 3
      vertex 17.5242 6.57976 3
    endloop
  endfacet
  facet normal 0.595773 -0.803153 0
    outer loop
      vertex 17.5833 6.6236 3
      vertex 17.5242 6.57976 0
      vertex 17.5833 6.6236 0
    endloop
  endfacet
  facet normal 0.513697 -0.857972 0
    outer loop
      vertex 17.5833 6.6236 0
      vertex 17.6465 6.66144 3
      vertex 17.5833 6.6236 3
    endloop
  endfacet
  facet normal 0.513697 -0.857972 0
    outer loop
      vertex 17.6465 6.66144 3
      vertex 17.5833 6.6236 0
      vertex 17.6465 6.66144 0
    endloop
  endfacet
  facet normal 0.671813 -0.740721 0
    outer loop
      vertex 17.4697 6.53033 0
      vertex 17.5242 6.57976 3
      vertex 17.4697 6.53033 3
    endloop
  endfacet
  facet normal 0.671813 -0.740721 0
    outer loop
      vertex 17.5242 6.57976 3
      vertex 17.4697 6.53033 0
      vertex 17.5242 6.57976 0
    endloop
  endfacet
  facet normal 0.336818 -0.94157 0
    outer loop
      vertex 17.713 6.69291 0
      vertex 17.7823 6.7177 3
      vertex 17.713 6.69291 3
    endloop
  endfacet
  facet normal 0.336818 -0.94157 0
    outer loop
      vertex 17.7823 6.7177 3
      vertex 17.713 6.69291 0
      vertex 17.7823 6.7177 0
    endloop
  endfacet
  facet normal 0.146746 -0.989174 0
    outer loop
      vertex 17.8537 6.73559 0
      vertex 17.9265 6.74639 3
      vertex 17.8537 6.73559 3
    endloop
  endfacet
  facet normal 0.146746 -0.989174 0
    outer loop
      vertex 17.9265 6.74639 3
      vertex 17.8537 6.73559 0
      vertex 17.9265 6.74639 0
    endloop
  endfacet
  facet normal -0.146746 0.989174 0
    outer loop
      vertex 18.1463 5.26441 0
      vertex 18.0735 5.25361 3
      vertex 18.1463 5.26441 3
    endloop
  endfacet
  facet normal -0.146746 0.989174 0
    outer loop
      vertex 18.0735 5.25361 3
      vertex 18.1463 5.26441 0
      vertex 18.0735 5.25361 0
    endloop
  endfacet
  facet normal -0.336939 0.941527 0
    outer loop
      vertex 18.287 5.30709 0
      vertex 18.2177 5.28229 3
      vertex 18.287 5.30709 3
    endloop
  endfacet
  facet normal -0.336939 0.941527 0
    outer loop
      vertex 18.2177 5.28229 3
      vertex 18.287 5.30709 0
      vertex 18.2177 5.28229 0
    endloop
  endfacet
  facet normal -0.671813 0.740721 0
    outer loop
      vertex 18.5303 5.46967 0
      vertex 18.4758 5.42024 3
      vertex 18.5303 5.46967 3
    endloop
  endfacet
  facet normal -0.671813 0.740721 0
    outer loop
      vertex 18.4758 5.42024 3
      vertex 18.5303 5.46967 0
      vertex 18.4758 5.42024 0
    endloop
  endfacet
  facet normal -0.513697 0.857972 0
    outer loop
      vertex 18.4167 5.3764 0
      vertex 18.3535 5.33856 3
      vertex 18.4167 5.3764 3
    endloop
  endfacet
  facet normal -0.513697 0.857972 0
    outer loop
      vertex 18.3535 5.33856 3
      vertex 18.4167 5.3764 0
      vertex 18.3535 5.33856 0
    endloop
  endfacet
  facet normal -0.803509 0.595293 0
    outer loop
      vertex 18.5798 5.5242 0
      vertex 18.6236 5.58332 3
      vertex 18.6236 5.58332 0
    endloop
  endfacet
  facet normal -0.803509 0.595293 0
    outer loop
      vertex 18.6236 5.58332 3
      vertex 18.5798 5.5242 0
      vertex 18.5798 5.5242 3
    endloop
  endfacet
  facet normal -0.903837 0.427876 0
    outer loop
      vertex 18.6614 5.64645 0
      vertex 18.6929 5.71299 3
      vertex 18.6929 5.71299 0
    endloop
  endfacet
  facet normal -0.903837 0.427876 0
    outer loop
      vertex 18.6929 5.71299 3
      vertex 18.6614 5.64645 0
      vertex 18.6614 5.64645 3
    endloop
  endfacet
  facet normal 0.595773 0.803153 -0
    outer loop
      vertex 17.5833 5.3764 0
      vertex 17.5242 5.42024 3
      vertex 17.5833 5.3764 3
    endloop
  endfacet
  facet normal 0.595773 0.803153 0
    outer loop
      vertex 17.5242 5.42024 3
      vertex 17.5833 5.3764 0
      vertex 17.5242 5.42024 0
    endloop
  endfacet
  facet normal 0.427753 0.903896 -0
    outer loop
      vertex 17.713 5.30709 0
      vertex 17.6465 5.33856 3
      vertex 17.713 5.30709 3
    endloop
  endfacet
  facet normal 0.427753 0.903896 0
    outer loop
      vertex 17.6465 5.33856 3
      vertex 17.713 5.30709 0
      vertex 17.6465 5.33856 0
    endloop
  endfacet
  facet normal 0.242919 0.970047 -0
    outer loop
      vertex 17.8537 5.26441 0
      vertex 17.7823 5.28229 3
      vertex 17.8537 5.26441 3
    endloop
  endfacet
  facet normal 0.242919 0.970047 0
    outer loop
      vertex 17.7823 5.28229 3
      vertex 17.8537 5.26441 0
      vertex 17.7823 5.28229 0
    endloop
  endfacet
  facet normal 0.0490565 0.998796 -0
    outer loop
      vertex 18 5.25 0
      vertex 17.9265 5.25361 3
      vertex 18 5.25 3
    endloop
  endfacet
  facet normal 0.0490565 0.998796 0
    outer loop
      vertex 17.9265 5.25361 3
      vertex 18 5.25 0
      vertex 17.9265 5.25361 0
    endloop
  endfacet
  facet normal 0.803509 0.595293 0
    outer loop
      vertex 17.4202 5.5242 3
      vertex 17.3764 5.58332 0
      vertex 17.3764 5.58332 3
    endloop
  endfacet
  facet normal 0.803509 0.595293 0
    outer loop
      vertex 17.3764 5.58332 0
      vertex 17.4202 5.5242 3
      vertex 17.4202 5.5242 0
    endloop
  endfacet
  facet normal 0.85796 0.513716 0
    outer loop
      vertex 17.3764 5.58332 3
      vertex 17.3386 5.64645 0
      vertex 17.3386 5.64645 3
    endloop
  endfacet
  facet normal 0.85796 0.513716 0
    outer loop
      vertex 17.3386 5.64645 0
      vertex 17.3764 5.58332 3
      vertex 17.3764 5.58332 0
    endloop
  endfacet
  facet normal 0.740431 0.672132 0
    outer loop
      vertex 17.4697 5.46967 3
      vertex 17.4202 5.5242 0
      vertex 17.4202 5.5242 3
    endloop
  endfacet
  facet normal 0.740431 0.672132 0
    outer loop
      vertex 17.4202 5.5242 0
      vertex 17.4697 5.46967 3
      vertex 17.4697 5.46967 0
    endloop
  endfacet
  facet normal 0.941527 0.336939 0
    outer loop
      vertex 17.3071 5.71299 3
      vertex 17.2823 5.78229 0
      vertex 17.2823 5.78229 3
    endloop
  endfacet
  facet normal 0.941527 0.336939 0
    outer loop
      vertex 17.2823 5.78229 0
      vertex 17.3071 5.71299 3
      vertex 17.3071 5.71299 0
    endloop
  endfacet
  facet normal 0.903837 0.427876 0
    outer loop
      vertex 17.3386 5.64645 3
      vertex 17.3071 5.71299 0
      vertex 17.3071 5.71299 3
    endloop
  endfacet
  facet normal 0.903837 0.427876 0
    outer loop
      vertex 17.3071 5.71299 0
      vertex 17.3386 5.64645 3
      vertex 17.3386 5.64645 0
    endloop
  endfacet
  facet normal 0.989177 0.146726 0
    outer loop
      vertex 17.2644 5.85368 3
      vertex 17.2536 5.92649 0
      vertex 17.2536 5.92649 3
    endloop
  endfacet
  facet normal 0.989177 0.146726 0
    outer loop
      vertex 17.2536 5.92649 0
      vertex 17.2644 5.85368 3
      vertex 17.2644 5.85368 0
    endloop
  endfacet
  facet normal 0.998803 0.0489143 0
    outer loop
      vertex 17.2536 5.92649 3
      vertex 17.25 6 0
      vertex 17.25 6 3
    endloop
  endfacet
  facet normal 0.998803 0.0489143 0
    outer loop
      vertex 17.25 6 0
      vertex 17.2536 5.92649 3
      vertex 17.2536 5.92649 0
    endloop
  endfacet
  facet normal -0.242919 0.970047 0
    outer loop
      vertex 18.2177 5.28229 0
      vertex 18.1463 5.26441 3
      vertex 18.2177 5.28229 3
    endloop
  endfacet
  facet normal -0.242919 0.970047 0
    outer loop
      vertex 18.1463 5.26441 3
      vertex 18.2177 5.28229 0
      vertex 18.1463 5.26441 0
    endloop
  endfacet
  facet normal -0.427753 0.903896 0
    outer loop
      vertex 18.3535 5.33856 0
      vertex 18.287 5.30709 3
      vertex 18.3535 5.33856 3
    endloop
  endfacet
  facet normal -0.427753 0.903896 0
    outer loop
      vertex 18.287 5.30709 3
      vertex 18.3535 5.33856 0
      vertex 18.287 5.30709 0
    endloop
  endfacet
  facet normal -0.740431 0.672132 0
    outer loop
      vertex 18.5303 5.46967 0
      vertex 18.5798 5.5242 3
      vertex 18.5798 5.5242 0
    endloop
  endfacet
  facet normal -0.740431 0.672132 0
    outer loop
      vertex 18.5798 5.5242 3
      vertex 18.5303 5.46967 0
      vertex 18.5303 5.46967 3
    endloop
  endfacet
  facet normal -0.595773 0.803153 0
    outer loop
      vertex 18.4758 5.42024 0
      vertex 18.4167 5.3764 3
      vertex 18.4758 5.42024 3
    endloop
  endfacet
  facet normal -0.595773 0.803153 0
    outer loop
      vertex 18.4167 5.3764 3
      vertex 18.4758 5.42024 0
      vertex 18.4167 5.3764 0
    endloop
  endfacet
  facet normal -0.85796 0.513716 0
    outer loop
      vertex 18.6236 5.58332 0
      vertex 18.6614 5.64645 3
      vertex 18.6614 5.64645 0
    endloop
  endfacet
  facet normal -0.85796 0.513716 0
    outer loop
      vertex 18.6614 5.64645 3
      vertex 18.6236 5.58332 0
      vertex 18.6236 5.58332 3
    endloop
  endfacet
  facet normal -0.941527 0.336939 0
    outer loop
      vertex 18.6929 5.71299 0
      vertex 18.7177 5.78229 3
      vertex 18.7177 5.78229 0
    endloop
  endfacet
  facet normal -0.941527 0.336939 0
    outer loop
      vertex 18.7177 5.78229 3
      vertex 18.6929 5.71299 0
      vertex 18.6929 5.71299 3
    endloop
  endfacet
  facet normal -0.989177 0.146726 0
    outer loop
      vertex 18.7356 5.85368 0
      vertex 18.7464 5.92649 3
      vertex 18.7464 5.92649 0
    endloop
  endfacet
  facet normal -0.989177 0.146726 0
    outer loop
      vertex 18.7464 5.92649 3
      vertex 18.7356 5.85368 0
      vertex 18.7356 5.85368 3
    endloop
  endfacet
  facet normal -0.969974 0.243207 0
    outer loop
      vertex 18.7177 5.78229 0
      vertex 18.7356 5.85368 3
      vertex 18.7356 5.85368 0
    endloop
  endfacet
  facet normal -0.969974 0.243207 0
    outer loop
      vertex 18.7356 5.85368 3
      vertex 18.7177 5.78229 0
      vertex 18.7177 5.78229 3
    endloop
  endfacet
  facet normal -0.998803 0.0489143 0
    outer loop
      vertex 18.7464 5.92649 0
      vertex 18.75 6 3
      vertex 18.75 6 0
    endloop
  endfacet
  facet normal -0.998803 0.0489143 0
    outer loop
      vertex 18.75 6 3
      vertex 18.7464 5.92649 0
      vertex 18.7464 5.92649 3
    endloop
  endfacet
  facet normal 0.513697 0.857972 -0
    outer loop
      vertex 17.6465 5.33856 0
      vertex 17.5833 5.3764 3
      vertex 17.6465 5.33856 3
    endloop
  endfacet
  facet normal 0.513697 0.857972 0
    outer loop
      vertex 17.5833 5.3764 3
      vertex 17.6465 5.33856 0
      vertex 17.5833 5.3764 0
    endloop
  endfacet
  facet normal 0.336939 0.941527 -0
    outer loop
      vertex 17.7823 5.28229 0
      vertex 17.713 5.30709 3
      vertex 17.7823 5.28229 3
    endloop
  endfacet
  facet normal 0.336939 0.941527 0
    outer loop
      vertex 17.713 5.30709 3
      vertex 17.7823 5.28229 0
      vertex 17.713 5.30709 0
    endloop
  endfacet
  facet normal 0.146746 0.989174 -0
    outer loop
      vertex 17.9265 5.25361 0
      vertex 17.8537 5.26441 3
      vertex 17.9265 5.25361 3
    endloop
  endfacet
  facet normal 0.146746 0.989174 0
    outer loop
      vertex 17.8537 5.26441 3
      vertex 17.9265 5.25361 0
      vertex 17.8537 5.26441 0
    endloop
  endfacet
  facet normal -0.0490565 0.998796 0
    outer loop
      vertex 18.0735 5.25361 0
      vertex 18 5.25 3
      vertex 18.0735 5.25361 3
    endloop
  endfacet
  facet normal -0.0490565 0.998796 0
    outer loop
      vertex 18 5.25 3
      vertex 18.0735 5.25361 0
      vertex 18 5.25 0
    endloop
  endfacet
  facet normal 0.671813 0.740721 -0
    outer loop
      vertex 17.5242 5.42024 0
      vertex 17.4697 5.46967 3
      vertex 17.5242 5.42024 3
    endloop
  endfacet
  facet normal 0.671813 0.740721 0
    outer loop
      vertex 17.4697 5.46967 3
      vertex 17.5242 5.42024 0
      vertex 17.4697 5.46967 0
    endloop
  endfacet
  facet normal 0.969974 0.243207 0
    outer loop
      vertex 17.2823 5.78229 3
      vertex 17.2644 5.85368 0
      vertex 17.2644 5.85368 3
    endloop
  endfacet
  facet normal 0.969974 0.243207 0
    outer loop
      vertex 17.2644 5.85368 0
      vertex 17.2823 5.78229 3
      vertex 17.2823 5.78229 0
    endloop
  endfacet
  facet normal -0.998803 -0.0489143 0
    outer loop
      vertex 24.75 -6 0
      vertex 24.7464 -5.92649 3
      vertex 24.7464 -5.92649 0
    endloop
  endfacet
  facet normal -0.998803 -0.0489143 0
    outer loop
      vertex 24.7464 -5.92649 3
      vertex 24.75 -6 0
      vertex 24.75 -6 3
    endloop
  endfacet
  facet normal 0.0490565 -0.998796 0
    outer loop
      vertex 23.9265 -5.25361 0
      vertex 24 -5.25 3
      vertex 23.9265 -5.25361 3
    endloop
  endfacet
  facet normal 0.0490565 -0.998796 0
    outer loop
      vertex 24 -5.25 3
      vertex 23.9265 -5.25361 0
      vertex 24 -5.25 0
    endloop
  endfacet
  facet normal -0.0490565 0.998796 0
    outer loop
      vertex 24.0735 -6.74639 0
      vertex 24 -6.75 3
      vertex 24.0735 -6.74639 3
    endloop
  endfacet
  facet normal -0.0490565 0.998796 0
    outer loop
      vertex 24 -6.75 3
      vertex 24.0735 -6.74639 0
      vertex 24 -6.75 0
    endloop
  endfacet
  facet normal -0.671813 -0.740721 0
    outer loop
      vertex 24.4758 -5.42024 0
      vertex 24.5303 -5.46967 3
      vertex 24.4758 -5.42024 3
    endloop
  endfacet
  facet normal -0.671813 -0.740721 -0
    outer loop
      vertex 24.5303 -5.46967 3
      vertex 24.4758 -5.42024 0
      vertex 24.5303 -5.46967 0
    endloop
  endfacet
  facet normal 0.740431 -0.672132 0
    outer loop
      vertex 23.4202 -5.5242 3
      vertex 23.4697 -5.46967 0
      vertex 23.4697 -5.46967 3
    endloop
  endfacet
  facet normal 0.740431 -0.672132 0
    outer loop
      vertex 23.4697 -5.46967 0
      vertex 23.4202 -5.5242 3
      vertex 23.4202 -5.5242 0
    endloop
  endfacet
  facet normal 0.427753 -0.903896 0
    outer loop
      vertex 23.6465 -5.33856 0
      vertex 23.713 -5.30709 3
      vertex 23.6465 -5.33856 3
    endloop
  endfacet
  facet normal 0.427753 -0.903896 0
    outer loop
      vertex 23.713 -5.30709 3
      vertex 23.6465 -5.33856 0
      vertex 23.713 -5.30709 0
    endloop
  endfacet
  facet normal -0.903837 -0.427876 0
    outer loop
      vertex 24.6929 -5.71299 0
      vertex 24.6614 -5.64645 3
      vertex 24.6614 -5.64645 0
    endloop
  endfacet
  facet normal -0.903837 -0.427876 0
    outer loop
      vertex 24.6614 -5.64645 3
      vertex 24.6929 -5.71299 0
      vertex 24.6929 -5.71299 3
    endloop
  endfacet
  facet normal -0.336939 -0.941527 0
    outer loop
      vertex 24.2177 -5.28229 0
      vertex 24.287 -5.30709 3
      vertex 24.2177 -5.28229 3
    endloop
  endfacet
  facet normal -0.336939 -0.941527 -0
    outer loop
      vertex 24.287 -5.30709 3
      vertex 24.2177 -5.28229 0
      vertex 24.287 -5.30709 0
    endloop
  endfacet
  facet normal -0.513697 -0.857972 0
    outer loop
      vertex 24.3535 -5.33856 0
      vertex 24.4167 -5.3764 3
      vertex 24.3535 -5.33856 3
    endloop
  endfacet
  facet normal -0.513697 -0.857972 -0
    outer loop
      vertex 24.4167 -5.3764 3
      vertex 24.3535 -5.33856 0
      vertex 24.4167 -5.3764 0
    endloop
  endfacet
  facet normal 0.903837 -0.427876 0
    outer loop
      vertex 23.3071 -5.71299 3
      vertex 23.3386 -5.64645 0
      vertex 23.3386 -5.64645 3
    endloop
  endfacet
  facet normal 0.903837 -0.427876 0
    outer loop
      vertex 23.3386 -5.64645 0
      vertex 23.3071 -5.71299 3
      vertex 23.3071 -5.71299 0
    endloop
  endfacet
  facet normal 0.85796 -0.513716 0
    outer loop
      vertex 23.3386 -5.64645 3
      vertex 23.3764 -5.58332 0
      vertex 23.3764 -5.58332 3
    endloop
  endfacet
  facet normal 0.85796 -0.513716 0
    outer loop
      vertex 23.3764 -5.58332 0
      vertex 23.3386 -5.64645 3
      vertex 23.3386 -5.64645 0
    endloop
  endfacet
  facet normal 0.242919 -0.970047 0
    outer loop
      vertex 23.7823 -5.28229 0
      vertex 23.8537 -5.26441 3
      vertex 23.7823 -5.28229 3
    endloop
  endfacet
  facet normal 0.242919 -0.970047 0
    outer loop
      vertex 23.8537 -5.26441 3
      vertex 23.7823 -5.28229 0
      vertex 23.8537 -5.26441 0
    endloop
  endfacet
  facet normal -0.336818 0.94157 0
    outer loop
      vertex 24.287 -6.69291 0
      vertex 24.2177 -6.7177 3
      vertex 24.287 -6.69291 3
    endloop
  endfacet
  facet normal -0.336818 0.94157 0
    outer loop
      vertex 24.2177 -6.7177 3
      vertex 24.287 -6.69291 0
      vertex 24.2177 -6.7177 0
    endloop
  endfacet
  facet normal -0.969974 -0.243207 0
    outer loop
      vertex 24.7356 -5.85368 0
      vertex 24.7177 -5.78229 3
      vertex 24.7177 -5.78229 0
    endloop
  endfacet
  facet normal -0.969974 -0.243207 0
    outer loop
      vertex 24.7177 -5.78229 3
      vertex 24.7356 -5.85368 0
      vertex 24.7356 -5.85368 3
    endloop
  endfacet
  facet normal -0.989177 -0.146726 0
    outer loop
      vertex 24.7464 -5.92649 0
      vertex 24.7356 -5.85368 3
      vertex 24.7356 -5.85368 0
    endloop
  endfacet
  facet normal -0.989177 -0.146726 0
    outer loop
      vertex 24.7356 -5.85368 3
      vertex 24.7464 -5.92649 0
      vertex 24.7464 -5.92649 3
    endloop
  endfacet
  facet normal -0.941527 -0.336939 0
    outer loop
      vertex 24.7177 -5.78229 0
      vertex 24.6929 -5.71299 3
      vertex 24.6929 -5.71299 0
    endloop
  endfacet
  facet normal -0.941527 -0.336939 0
    outer loop
      vertex 24.6929 -5.71299 3
      vertex 24.7177 -5.78229 0
      vertex 24.7177 -5.78229 3
    endloop
  endfacet
  facet normal -0.803509 -0.595293 0
    outer loop
      vertex 24.6236 -5.58332 0
      vertex 24.5798 -5.5242 3
      vertex 24.5798 -5.5242 0
    endloop
  endfacet
  facet normal -0.803509 -0.595293 0
    outer loop
      vertex 24.5798 -5.5242 3
      vertex 24.6236 -5.58332 0
      vertex 24.6236 -5.58332 3
    endloop
  endfacet
  facet normal -0.740431 -0.672132 0
    outer loop
      vertex 24.5798 -5.5242 0
      vertex 24.5303 -5.46967 3
      vertex 24.5303 -5.46967 0
    endloop
  endfacet
  facet normal -0.740431 -0.672132 0
    outer loop
      vertex 24.5303 -5.46967 3
      vertex 24.5798 -5.5242 0
      vertex 24.5798 -5.5242 3
    endloop
  endfacet
  facet normal -0.85796 -0.513716 0
    outer loop
      vertex 24.6614 -5.64645 0
      vertex 24.6236 -5.58332 3
      vertex 24.6236 -5.58332 0
    endloop
  endfacet
  facet normal -0.85796 -0.513716 0
    outer loop
      vertex 24.6236 -5.58332 3
      vertex 24.6614 -5.64645 0
      vertex 24.6614 -5.64645 3
    endloop
  endfacet
  facet normal -0.146746 -0.989174 0
    outer loop
      vertex 24.0735 -5.25361 0
      vertex 24.1463 -5.26441 3
      vertex 24.0735 -5.25361 3
    endloop
  endfacet
  facet normal -0.146746 -0.989174 -0
    outer loop
      vertex 24.1463 -5.26441 3
      vertex 24.0735 -5.25361 0
      vertex 24.1463 -5.26441 0
    endloop
  endfacet
  facet normal -0.0490565 -0.998796 0
    outer loop
      vertex 24 -5.25 0
      vertex 24.0735 -5.25361 3
      vertex 24 -5.25 3
    endloop
  endfacet
  facet normal -0.0490565 -0.998796 -0
    outer loop
      vertex 24.0735 -5.25361 3
      vertex 24 -5.25 0
      vertex 24.0735 -5.25361 0
    endloop
  endfacet
  facet normal -0.595773 -0.803153 0
    outer loop
      vertex 24.4167 -5.3764 0
      vertex 24.4758 -5.42024 3
      vertex 24.4167 -5.3764 3
    endloop
  endfacet
  facet normal -0.595773 -0.803153 -0
    outer loop
      vertex 24.4758 -5.42024 3
      vertex 24.4167 -5.3764 0
      vertex 24.4758 -5.42024 0
    endloop
  endfacet
  facet normal 0.989177 -0.146726 0
    outer loop
      vertex 23.2536 -5.92649 3
      vertex 23.2644 -5.85368 0
      vertex 23.2644 -5.85368 3
    endloop
  endfacet
  facet normal 0.989177 -0.146726 0
    outer loop
      vertex 23.2644 -5.85368 0
      vertex 23.2536 -5.92649 3
      vertex 23.2536 -5.92649 0
    endloop
  endfacet
  facet normal 0.941527 -0.336939 0
    outer loop
      vertex 23.2823 -5.78229 3
      vertex 23.3071 -5.71299 0
      vertex 23.3071 -5.71299 3
    endloop
  endfacet
  facet normal 0.941527 -0.336939 0
    outer loop
      vertex 23.3071 -5.71299 0
      vertex 23.2823 -5.78229 3
      vertex 23.2823 -5.78229 0
    endloop
  endfacet
  facet normal 0.998803 -0.0489143 0
    outer loop
      vertex 23.25 -6 3
      vertex 23.2536 -5.92649 0
      vertex 23.2536 -5.92649 3
    endloop
  endfacet
  facet normal 0.998803 -0.0489143 0
    outer loop
      vertex 23.2536 -5.92649 0
      vertex 23.25 -6 3
      vertex 23.25 -6 0
    endloop
  endfacet
  facet normal 0.595773 -0.803153 0
    outer loop
      vertex 23.5242 -5.42024 0
      vertex 23.5833 -5.3764 3
      vertex 23.5242 -5.42024 3
    endloop
  endfacet
  facet normal 0.595773 -0.803153 0
    outer loop
      vertex 23.5833 -5.3764 3
      vertex 23.5242 -5.42024 0
      vertex 23.5833 -5.3764 0
    endloop
  endfacet
  facet normal 0.336939 -0.941527 0
    outer loop
      vertex 23.713 -5.30709 0
      vertex 23.7823 -5.28229 3
      vertex 23.713 -5.30709 3
    endloop
  endfacet
  facet normal 0.336939 -0.941527 0
    outer loop
      vertex 23.7823 -5.28229 3
      vertex 23.713 -5.30709 0
      vertex 23.7823 -5.28229 0
    endloop
  endfacet
  facet normal 0.146746 -0.989174 0
    outer loop
      vertex 23.8537 -5.26441 0
      vertex 23.9265 -5.25361 3
      vertex 23.8537 -5.26441 3
    endloop
  endfacet
  facet normal 0.146746 -0.989174 0
    outer loop
      vertex 23.9265 -5.25361 3
      vertex 23.8537 -5.26441 0
      vertex 23.9265 -5.25361 0
    endloop
  endfacet
  facet normal -0.998803 0.0489143 0
    outer loop
      vertex 24.7464 -6.07351 0
      vertex 24.75 -6 3
      vertex 24.75 -6 0
    endloop
  endfacet
  facet normal -0.998803 0.0489143 0
    outer loop
      vertex 24.75 -6 3
      vertex 24.7464 -6.07351 0
      vertex 24.7464 -6.07351 3
    endloop
  endfacet
  facet normal -0.740493 0.672064 0
    outer loop
      vertex 24.5303 -6.53033 0
      vertex 24.5798 -6.47579 3
      vertex 24.5798 -6.47579 0
    endloop
  endfacet
  facet normal -0.740493 0.672064 0
    outer loop
      vertex 24.5798 -6.47579 3
      vertex 24.5303 -6.53033 0
      vertex 24.5303 -6.53033 3
    endloop
  endfacet
  facet normal 0.336818 0.94157 -0
    outer loop
      vertex 23.7823 -6.7177 0
      vertex 23.713 -6.69291 3
      vertex 23.7823 -6.7177 3
    endloop
  endfacet
  facet normal 0.336818 0.94157 0
    outer loop
      vertex 23.713 -6.69291 3
      vertex 23.7823 -6.7177 0
      vertex 23.713 -6.69291 0
    endloop
  endfacet
  facet normal 0.740493 0.672064 0
    outer loop
      vertex 23.4697 -6.53033 3
      vertex 23.4202 -6.47579 0
      vertex 23.4202 -6.47579 3
    endloop
  endfacet
  facet normal 0.740493 0.672064 0
    outer loop
      vertex 23.4202 -6.47579 0
      vertex 23.4697 -6.53033 3
      vertex 23.4697 -6.53033 0
    endloop
  endfacet
  facet normal -0.427753 0.903896 0
    outer loop
      vertex 24.3535 -6.66144 0
      vertex 24.287 -6.69291 3
      vertex 24.3535 -6.66144 3
    endloop
  endfacet
  facet normal -0.427753 0.903896 0
    outer loop
      vertex 24.287 -6.69291 3
      vertex 24.3535 -6.66144 0
      vertex 24.287 -6.69291 0
    endloop
  endfacet
  facet normal -0.242919 -0.970047 0
    outer loop
      vertex 24.1463 -5.26441 0
      vertex 24.2177 -5.28229 3
      vertex 24.1463 -5.26441 3
    endloop
  endfacet
  facet normal -0.242919 -0.970047 -0
    outer loop
      vertex 24.2177 -5.28229 3
      vertex 24.1463 -5.26441 0
      vertex 24.2177 -5.28229 0
    endloop
  endfacet
  facet normal -0.427753 -0.903896 0
    outer loop
      vertex 24.287 -5.30709 0
      vertex 24.3535 -5.33856 3
      vertex 24.287 -5.30709 3
    endloop
  endfacet
  facet normal -0.427753 -0.903896 -0
    outer loop
      vertex 24.3535 -5.33856 3
      vertex 24.287 -5.30709 0
      vertex 24.3535 -5.33856 0
    endloop
  endfacet
  facet normal 0.803509 -0.595293 0
    outer loop
      vertex 23.3764 -5.58332 3
      vertex 23.4202 -5.5242 0
      vertex 23.4202 -5.5242 3
    endloop
  endfacet
  facet normal 0.803509 -0.595293 0
    outer loop
      vertex 23.4202 -5.5242 0
      vertex 23.3764 -5.58332 3
      vertex 23.3764 -5.58332 0
    endloop
  endfacet
  facet normal 0.969974 -0.243207 0
    outer loop
      vertex 23.2644 -5.85368 3
      vertex 23.2823 -5.78229 0
      vertex 23.2823 -5.78229 3
    endloop
  endfacet
  facet normal 0.969974 -0.243207 0
    outer loop
      vertex 23.2823 -5.78229 0
      vertex 23.2644 -5.85368 3
      vertex 23.2644 -5.85368 0
    endloop
  endfacet
  facet normal 0.998803 0.0489143 0
    outer loop
      vertex 23.2536 -6.07351 3
      vertex 23.25 -6 0
      vertex 23.25 -6 3
    endloop
  endfacet
  facet normal 0.998803 0.0489143 0
    outer loop
      vertex 23.25 -6 0
      vertex 23.2536 -6.07351 3
      vertex 23.2536 -6.07351 0
    endloop
  endfacet
  facet normal 0.671813 -0.740721 0
    outer loop
      vertex 23.4697 -5.46967 0
      vertex 23.5242 -5.42024 3
      vertex 23.4697 -5.46967 3
    endloop
  endfacet
  facet normal 0.671813 -0.740721 0
    outer loop
      vertex 23.5242 -5.42024 3
      vertex 23.4697 -5.46967 0
      vertex 23.5242 -5.42024 0
    endloop
  endfacet
  facet normal 0.513697 -0.857972 0
    outer loop
      vertex 23.5833 -5.3764 0
      vertex 23.6465 -5.33856 3
      vertex 23.5833 -5.3764 3
    endloop
  endfacet
  facet normal 0.513697 -0.857972 0
    outer loop
      vertex 23.6465 -5.33856 3
      vertex 23.5833 -5.3764 0
      vertex 23.6465 -5.33856 0
    endloop
  endfacet
  facet normal -0.969974 0.243207 0
    outer loop
      vertex 24.7177 -6.21771 0
      vertex 24.7356 -6.14632 3
      vertex 24.7356 -6.14632 0
    endloop
  endfacet
  facet normal -0.969974 0.243207 0
    outer loop
      vertex 24.7356 -6.14632 3
      vertex 24.7177 -6.21771 0
      vertex 24.7177 -6.21771 3
    endloop
  endfacet
  facet normal -0.671813 0.740721 0
    outer loop
      vertex 24.5303 -6.53033 0
      vertex 24.4758 -6.57976 3
      vertex 24.5303 -6.53033 3
    endloop
  endfacet
  facet normal -0.671813 0.740721 0
    outer loop
      vertex 24.4758 -6.57976 3
      vertex 24.5303 -6.53033 0
      vertex 24.4758 -6.57976 0
    endloop
  endfacet
  facet normal -0.903837 0.427876 0
    outer loop
      vertex 24.6614 -6.35355 0
      vertex 24.6929 -6.28701 3
      vertex 24.6929 -6.28701 0
    endloop
  endfacet
  facet normal -0.903837 0.427876 0
    outer loop
      vertex 24.6929 -6.28701 3
      vertex 24.6614 -6.35355 0
      vertex 24.6614 -6.35355 3
    endloop
  endfacet
  facet normal -0.803461 0.595358 0
    outer loop
      vertex 24.5798 -6.47579 0
      vertex 24.6236 -6.41668 3
      vertex 24.6236 -6.41668 0
    endloop
  endfacet
  facet normal -0.803461 0.595358 0
    outer loop
      vertex 24.6236 -6.41668 3
      vertex 24.5798 -6.47579 0
      vertex 24.5798 -6.47579 3
    endloop
  endfacet
  facet normal 0.243047 0.970015 -0
    outer loop
      vertex 23.8537 -6.73559 0
      vertex 23.7823 -6.7177 3
      vertex 23.8537 -6.73559 3
    endloop
  endfacet
  facet normal 0.243047 0.970015 0
    outer loop
      vertex 23.7823 -6.7177 3
      vertex 23.8537 -6.73559 0
      vertex 23.7823 -6.7177 0
    endloop
  endfacet
  facet normal 0.513697 0.857972 -0
    outer loop
      vertex 23.6465 -6.66144 0
      vertex 23.5833 -6.6236 3
      vertex 23.6465 -6.66144 3
    endloop
  endfacet
  facet normal 0.513697 0.857972 0
    outer loop
      vertex 23.5833 -6.6236 3
      vertex 23.6465 -6.66144 0
      vertex 23.5833 -6.6236 0
    endloop
  endfacet
  facet normal 0.85796 0.513716 0
    outer loop
      vertex 23.3764 -6.41668 3
      vertex 23.3386 -6.35355 0
      vertex 23.3386 -6.35355 3
    endloop
  endfacet
  facet normal 0.85796 0.513716 0
    outer loop
      vertex 23.3386 -6.35355 0
      vertex 23.3764 -6.41668 3
      vertex 23.3764 -6.41668 0
    endloop
  endfacet
  facet normal 0.941527 0.336939 0
    outer loop
      vertex 23.3071 -6.28701 3
      vertex 23.2823 -6.21771 0
      vertex 23.2823 -6.21771 3
    endloop
  endfacet
  facet normal 0.941527 0.336939 0
    outer loop
      vertex 23.2823 -6.21771 0
      vertex 23.3071 -6.28701 3
      vertex 23.3071 -6.28701 0
    endloop
  endfacet
  facet normal 0.903837 0.427876 0
    outer loop
      vertex 23.3386 -6.35355 3
      vertex 23.3071 -6.28701 0
      vertex 23.3071 -6.28701 3
    endloop
  endfacet
  facet normal 0.903837 0.427876 0
    outer loop
      vertex 23.3071 -6.28701 0
      vertex 23.3386 -6.35355 3
      vertex 23.3386 -6.35355 0
    endloop
  endfacet
  facet normal 0.989177 0.146726 0
    outer loop
      vertex 23.2644 -6.14632 3
      vertex 23.2536 -6.07351 0
      vertex 23.2536 -6.07351 3
    endloop
  endfacet
  facet normal 0.989177 0.146726 0
    outer loop
      vertex 23.2536 -6.07351 0
      vertex 23.2644 -6.14632 3
      vertex 23.2644 -6.14632 0
    endloop
  endfacet
  facet normal -0.146746 0.989174 0
    outer loop
      vertex 24.1463 -6.73559 0
      vertex 24.0735 -6.74639 3
      vertex 24.1463 -6.73559 3
    endloop
  endfacet
  facet normal -0.146746 0.989174 0
    outer loop
      vertex 24.0735 -6.74639 3
      vertex 24.1463 -6.73559 0
      vertex 24.0735 -6.74639 0
    endloop
  endfacet
  facet normal -0.989177 0.146726 0
    outer loop
      vertex 24.7356 -6.14632 0
      vertex 24.7464 -6.07351 3
      vertex 24.7464 -6.07351 0
    endloop
  endfacet
  facet normal -0.989177 0.146726 0
    outer loop
      vertex 24.7464 -6.07351 3
      vertex 24.7356 -6.14632 0
      vertex 24.7356 -6.14632 3
    endloop
  endfacet
  facet normal -0.513697 0.857972 0
    outer loop
      vertex 24.4167 -6.6236 0
      vertex 24.3535 -6.66144 3
      vertex 24.4167 -6.6236 3
    endloop
  endfacet
  facet normal -0.513697 0.857972 0
    outer loop
      vertex 24.3535 -6.66144 3
      vertex 24.4167 -6.6236 0
      vertex 24.3535 -6.66144 0
    endloop
  endfacet
  facet normal -0.595773 0.803153 0
    outer loop
      vertex 24.4758 -6.57976 0
      vertex 24.4167 -6.6236 3
      vertex 24.4758 -6.57976 3
    endloop
  endfacet
  facet normal -0.595773 0.803153 0
    outer loop
      vertex 24.4167 -6.6236 3
      vertex 24.4758 -6.57976 0
      vertex 24.4167 -6.6236 0
    endloop
  endfacet
  facet normal -0.941527 0.336939 0
    outer loop
      vertex 24.6929 -6.28701 0
      vertex 24.7177 -6.21771 3
      vertex 24.7177 -6.21771 0
    endloop
  endfacet
  facet normal -0.941527 0.336939 0
    outer loop
      vertex 24.7177 -6.21771 3
      vertex 24.6929 -6.28701 0
      vertex 24.6929 -6.28701 3
    endloop
  endfacet
  facet normal -0.85796 0.513716 0
    outer loop
      vertex 24.6236 -6.41668 0
      vertex 24.6614 -6.35355 3
      vertex 24.6614 -6.35355 0
    endloop
  endfacet
  facet normal -0.85796 0.513716 0
    outer loop
      vertex 24.6614 -6.35355 3
      vertex 24.6236 -6.41668 0
      vertex 24.6236 -6.41668 3
    endloop
  endfacet
  facet normal 0.427753 0.903896 -0
    outer loop
      vertex 23.713 -6.69291 0
      vertex 23.6465 -6.66144 3
      vertex 23.713 -6.69291 3
    endloop
  endfacet
  facet normal 0.427753 0.903896 0
    outer loop
      vertex 23.6465 -6.66144 3
      vertex 23.713 -6.69291 0
      vertex 23.6465 -6.66144 0
    endloop
  endfacet
  facet normal 0.595773 0.803153 -0
    outer loop
      vertex 23.5833 -6.6236 0
      vertex 23.5242 -6.57976 3
      vertex 23.5833 -6.6236 3
    endloop
  endfacet
  facet normal 0.595773 0.803153 0
    outer loop
      vertex 23.5242 -6.57976 3
      vertex 23.5833 -6.6236 0
      vertex 23.5242 -6.57976 0
    endloop
  endfacet
  facet normal 0.671813 0.740721 -0
    outer loop
      vertex 23.5242 -6.57976 0
      vertex 23.4697 -6.53033 3
      vertex 23.5242 -6.57976 3
    endloop
  endfacet
  facet normal 0.671813 0.740721 0
    outer loop
      vertex 23.4697 -6.53033 3
      vertex 23.5242 -6.57976 0
      vertex 23.4697 -6.53033 0
    endloop
  endfacet
  facet normal 0.803461 0.595358 0
    outer loop
      vertex 23.4202 -6.47579 3
      vertex 23.3764 -6.41668 0
      vertex 23.3764 -6.41668 3
    endloop
  endfacet
  facet normal 0.803461 0.595358 0
    outer loop
      vertex 23.3764 -6.41668 0
      vertex 23.4202 -6.47579 3
      vertex 23.4202 -6.47579 0
    endloop
  endfacet
  facet normal 0.969974 0.243207 0
    outer loop
      vertex 23.2823 -6.21771 3
      vertex 23.2644 -6.14632 0
      vertex 23.2644 -6.14632 3
    endloop
  endfacet
  facet normal 0.969974 0.243207 0
    outer loop
      vertex 23.2644 -6.14632 0
      vertex 23.2823 -6.21771 3
      vertex 23.2823 -6.21771 0
    endloop
  endfacet
  facet normal -0.243047 0.970015 0
    outer loop
      vertex 24.2177 -6.7177 0
      vertex 24.1463 -6.73559 3
      vertex 24.2177 -6.7177 3
    endloop
  endfacet
  facet normal -0.243047 0.970015 0
    outer loop
      vertex 24.1463 -6.73559 3
      vertex 24.2177 -6.7177 0
      vertex 24.1463 -6.73559 0
    endloop
  endfacet
  facet normal 0.146746 0.989174 -0
    outer loop
      vertex 23.9265 -6.74639 0
      vertex 23.8537 -6.73559 3
      vertex 23.9265 -6.74639 3
    endloop
  endfacet
  facet normal 0.146746 0.989174 0
    outer loop
      vertex 23.8537 -6.73559 3
      vertex 23.9265 -6.74639 0
      vertex 23.8537 -6.73559 0
    endloop
  endfacet
  facet normal 0.0490565 0.998796 -0
    outer loop
      vertex 24 -6.75 0
      vertex 23.9265 -6.74639 3
      vertex 24 -6.75 3
    endloop
  endfacet
  facet normal 0.0490565 0.998796 0
    outer loop
      vertex 23.9265 -6.74639 3
      vertex 24 -6.75 0
      vertex 23.9265 -6.74639 0
    endloop
  endfacet
  facet normal -0.998803 -0.0489129 0
    outer loop
      vertex 24.75 0 0
      vertex 24.7464 0.0735121 3
      vertex 24.7464 0.0735121 0
    endloop
  endfacet
  facet normal -0.998803 -0.0489129 0
    outer loop
      vertex 24.7464 0.0735121 3
      vertex 24.75 0 0
      vertex 24.75 0 3
    endloop
  endfacet
  facet normal 0.0490836 -0.998795 0
    outer loop
      vertex 23.9265 0.746388 0
      vertex 24 0.75 3
      vertex 23.9265 0.746388 3
    endloop
  endfacet
  facet normal 0.0490836 -0.998795 0
    outer loop
      vertex 24 0.75 3
      vertex 23.9265 0.746388 0
      vertex 24 0.75 0
    endloop
  endfacet
  facet normal -0.0490836 0.998795 0
    outer loop
      vertex 24.0735 -0.746388 0
      vertex 24 -0.75 3
      vertex 24.0735 -0.746388 3
    endloop
  endfacet
  facet normal -0.0490836 0.998795 0
    outer loop
      vertex 24 -0.75 3
      vertex 24.0735 -0.746388 0
      vertex 24 -0.75 0
    endloop
  endfacet
  facet normal -0.671798 -0.740734 0
    outer loop
      vertex 24.4758 0.579758 0
      vertex 24.5303 0.53033 3
      vertex 24.4758 0.579758 3
    endloop
  endfacet
  facet normal -0.671798 -0.740734 -0
    outer loop
      vertex 24.5303 0.53033 3
      vertex 24.4758 0.579758 0
      vertex 24.5303 0.53033 0
    endloop
  endfacet
  facet normal 0.740462 -0.672098 0
    outer loop
      vertex 23.4202 0.475795 3
      vertex 23.4697 0.53033 0
      vertex 23.4697 0.53033 3
    endloop
  endfacet
  facet normal 0.740462 -0.672098 0
    outer loop
      vertex 23.4697 0.53033 0
      vertex 23.4202 0.475795 3
      vertex 23.4202 0.475795 0
    endloop
  endfacet
  facet normal 0.427731 -0.903906 0
    outer loop
      vertex 23.6465 0.661441 0
      vertex 23.713 0.692909 3
      vertex 23.6465 0.661441 3
    endloop
  endfacet
  facet normal 0.427731 -0.903906 0
    outer loop
      vertex 23.713 0.692909 3
      vertex 23.6465 0.661441 0
      vertex 23.713 0.692909 0
    endloop
  endfacet
  facet normal -0.903825 -0.427902 0
    outer loop
      vertex 24.6929 0.287012 0
      vertex 24.6614 0.353547 3
      vertex 24.6614 0.353547 0
    endloop
  endfacet
  facet normal -0.903825 -0.427902 0
    outer loop
      vertex 24.6614 0.353547 3
      vertex 24.6929 0.287012 0
      vertex 24.6929 0.287012 3
    endloop
  endfacet
  facet normal -0.336891 -0.941544 0
    outer loop
      vertex 24.2177 0.717705 0
      vertex 24.287 0.692909 3
      vertex 24.2177 0.717705 3
    endloop
  endfacet
  facet normal -0.336891 -0.941544 -0
    outer loop
      vertex 24.287 0.692909 3
      vertex 24.2177 0.717705 0
      vertex 24.287 0.692909 0
    endloop
  endfacet
  facet normal -0.513687 -0.857978 0
    outer loop
      vertex 24.3535 0.661441 0
      vertex 24.4167 0.623602 3
      vertex 24.3535 0.661441 3
    endloop
  endfacet
  facet normal -0.513687 -0.857978 -0
    outer loop
      vertex 24.4167 0.623602 3
      vertex 24.3535 0.661441 0
      vertex 24.4167 0.623602 0
    endloop
  endfacet
  facet normal 0.903825 -0.427902 0
    outer loop
      vertex 23.3071 0.287012 3
      vertex 23.3386 0.353547 0
      vertex 23.3386 0.353547 3
    endloop
  endfacet
  facet normal 0.903825 -0.427902 0
    outer loop
      vertex 23.3386 0.353547 0
      vertex 23.3071 0.287012 3
      vertex 23.3071 0.287012 0
    endloop
  endfacet
  facet normal 0.85796 -0.513716 0
    outer loop
      vertex 23.3386 0.353547 3
      vertex 23.3764 0.416677 0
      vertex 23.3764 0.416677 3
    endloop
  endfacet
  facet normal 0.85796 -0.513716 0
    outer loop
      vertex 23.3764 0.416677 0
      vertex 23.3386 0.353547 3
      vertex 23.3386 0.353547 0
    endloop
  endfacet
  facet normal 0.242958 -0.970037 0
    outer loop
      vertex 23.7823 0.717705 0
      vertex 23.8537 0.735588 3
      vertex 23.7823 0.717705 3
    endloop
  endfacet
  facet normal 0.242958 -0.970037 0
    outer loop
      vertex 23.8537 0.735588 3
      vertex 23.7823 0.717705 0
      vertex 23.8537 0.735588 0
    endloop
  endfacet
  facet normal -0.336891 0.941544 0
    outer loop
      vertex 24.287 -0.692909 0
      vertex 24.2177 -0.717705 3
      vertex 24.287 -0.692909 3
    endloop
  endfacet
  facet normal -0.336891 0.941544 0
    outer loop
      vertex 24.2177 -0.717705 3
      vertex 24.287 -0.692909 0
      vertex 24.2177 -0.717705 0
    endloop
  endfacet
  facet normal -0.969979 -0.243188 0
    outer loop
      vertex 24.7356 0.146317 0
      vertex 24.7177 0.217713 3
      vertex 24.7177 0.217713 0
    endloop
  endfacet
  facet normal -0.969979 -0.243188 0
    outer loop
      vertex 24.7177 0.217713 3
      vertex 24.7356 0.146317 0
      vertex 24.7356 0.146317 3
    endloop
  endfacet
  facet normal -0.989176 -0.146736 0
    outer loop
      vertex 24.7464 0.0735121 0
      vertex 24.7356 0.146317 3
      vertex 24.7356 0.146317 0
    endloop
  endfacet
  facet normal -0.989176 -0.146736 0
    outer loop
      vertex 24.7356 0.146317 3
      vertex 24.7464 0.0735121 0
      vertex 24.7464 0.0735121 3
    endloop
  endfacet
  facet normal -0.941525 -0.336943 0
    outer loop
      vertex 24.7177 0.217713 0
      vertex 24.6929 0.287012 3
      vertex 24.6929 0.287012 0
    endloop
  endfacet
  facet normal -0.941525 -0.336943 0
    outer loop
      vertex 24.6929 0.287012 3
      vertex 24.7177 0.217713 0
      vertex 24.7177 0.217713 3
    endloop
  endfacet
  facet normal -0.803499 -0.595306 0
    outer loop
      vertex 24.6236 0.416677 0
      vertex 24.5798 0.475795 3
      vertex 24.5798 0.475795 0
    endloop
  endfacet
  facet normal -0.803499 -0.595306 0
    outer loop
      vertex 24.5798 0.475795 3
      vertex 24.6236 0.416677 0
      vertex 24.6236 0.416677 3
    endloop
  endfacet
  facet normal -0.740462 -0.672098 0
    outer loop
      vertex 24.5798 0.475795 0
      vertex 24.5303 0.53033 3
      vertex 24.5303 0.53033 0
    endloop
  endfacet
  facet normal -0.740462 -0.672098 0
    outer loop
      vertex 24.5303 0.53033 3
      vertex 24.5798 0.475795 0
      vertex 24.5798 0.475795 3
    endloop
  endfacet
  facet normal -0.85796 -0.513716 0
    outer loop
      vertex 24.6614 0.353547 0
      vertex 24.6236 0.416677 3
      vertex 24.6236 0.416677 0
    endloop
  endfacet
  facet normal -0.85796 -0.513716 0
    outer loop
      vertex 24.6236 0.416677 3
      vertex 24.6614 0.353547 0
      vertex 24.6614 0.353547 3
    endloop
  endfacet
  facet normal -0.146746 -0.989174 0
    outer loop
      vertex 24.0735 0.746388 0
      vertex 24.1463 0.735588 3
      vertex 24.0735 0.746388 3
    endloop
  endfacet
  facet normal -0.146746 -0.989174 -0
    outer loop
      vertex 24.1463 0.735588 3
      vertex 24.0735 0.746388 0
      vertex 24.1463 0.735588 0
    endloop
  endfacet
  facet normal -0.0490836 -0.998795 0
    outer loop
      vertex 24 0.75 0
      vertex 24.0735 0.746388 3
      vertex 24 0.75 3
    endloop
  endfacet
  facet normal -0.0490836 -0.998795 -0
    outer loop
      vertex 24.0735 0.746388 3
      vertex 24 0.75 0
      vertex 24.0735 0.746388 0
    endloop
  endfacet
  facet normal -0.427731 -0.903906 0
    outer loop
      vertex 24.287 0.692909 0
      vertex 24.3535 0.661441 3
      vertex 24.287 0.692909 3
    endloop
  endfacet
  facet normal -0.427731 -0.903906 -0
    outer loop
      vertex 24.3535 0.661441 3
      vertex 24.287 0.692909 0
      vertex 24.3535 0.661441 0
    endloop
  endfacet
  facet normal -0.595808 -0.803127 0
    outer loop
      vertex 24.4167 0.623602 0
      vertex 24.4758 0.579758 3
      vertex 24.4167 0.623602 3
    endloop
  endfacet
  facet normal -0.595808 -0.803127 -0
    outer loop
      vertex 24.4758 0.579758 3
      vertex 24.4167 0.623602 0
      vertex 24.4758 0.579758 0
    endloop
  endfacet
  facet normal 0.989176 -0.146736 0
    outer loop
      vertex 23.2536 0.0735121 3
      vertex 23.2644 0.146317 0
      vertex 23.2644 0.146317 3
    endloop
  endfacet
  facet normal 0.989176 -0.146736 0
    outer loop
      vertex 23.2644 0.146317 0
      vertex 23.2536 0.0735121 3
      vertex 23.2536 0.0735121 0
    endloop
  endfacet
  facet normal 0.803499 -0.595306 0
    outer loop
      vertex 23.3764 0.416677 3
      vertex 23.4202 0.475795 0
      vertex 23.4202 0.475795 3
    endloop
  endfacet
  facet normal 0.803499 -0.595306 0
    outer loop
      vertex 23.4202 0.475795 0
      vertex 23.3764 0.416677 3
      vertex 23.3764 0.416677 0
    endloop
  endfacet
  facet normal 0.941525 -0.336943 0
    outer loop
      vertex 23.2823 0.217713 3
      vertex 23.3071 0.287012 0
      vertex 23.3071 0.287012 3
    endloop
  endfacet
  facet normal 0.941525 -0.336943 0
    outer loop
      vertex 23.3071 0.287012 0
      vertex 23.2823 0.217713 3
      vertex 23.2823 0.217713 0
    endloop
  endfacet
  facet normal 0.998803 -0.0489129 0
    outer loop
      vertex 23.25 0 3
      vertex 23.2536 0.0735121 0
      vertex 23.2536 0.0735121 3
    endloop
  endfacet
  facet normal 0.998803 -0.0489129 0
    outer loop
      vertex 23.2536 0.0735121 0
      vertex 23.25 0 3
      vertex 23.25 0 0
    endloop
  endfacet
  facet normal 0.513687 -0.857978 0
    outer loop
      vertex 23.5833 0.623602 0
      vertex 23.6465 0.661441 3
      vertex 23.5833 0.623602 3
    endloop
  endfacet
  facet normal 0.513687 -0.857978 0
    outer loop
      vertex 23.6465 0.661441 3
      vertex 23.5833 0.623602 0
      vertex 23.6465 0.661441 0
    endloop
  endfacet
  facet normal 0.595808 -0.803127 0
    outer loop
      vertex 23.5242 0.579758 0
      vertex 23.5833 0.623602 3
      vertex 23.5242 0.579758 3
    endloop
  endfacet
  facet normal 0.595808 -0.803127 0
    outer loop
      vertex 23.5833 0.623602 3
      vertex 23.5242 0.579758 0
      vertex 23.5833 0.623602 0
    endloop
  endfacet
  facet normal 0.671798 -0.740734 0
    outer loop
      vertex 23.4697 0.53033 0
      vertex 23.5242 0.579758 3
      vertex 23.4697 0.53033 3
    endloop
  endfacet
  facet normal 0.671798 -0.740734 0
    outer loop
      vertex 23.5242 0.579758 3
      vertex 23.4697 0.53033 0
      vertex 23.5242 0.579758 0
    endloop
  endfacet
  facet normal 0.146746 -0.989174 0
    outer loop
      vertex 23.8537 0.735588 0
      vertex 23.9265 0.746388 3
      vertex 23.8537 0.735588 3
    endloop
  endfacet
  facet normal 0.146746 -0.989174 0
    outer loop
      vertex 23.9265 0.746388 3
      vertex 23.8537 0.735588 0
      vertex 23.9265 0.746388 0
    endloop
  endfacet
  facet normal -0.998803 0.0489129 0
    outer loop
      vertex 24.7464 -0.0735121 0
      vertex 24.75 0 3
      vertex 24.75 0 0
    endloop
  endfacet
  facet normal -0.998803 0.0489129 0
    outer loop
      vertex 24.75 0 3
      vertex 24.7464 -0.0735121 0
      vertex 24.7464 -0.0735121 3
    endloop
  endfacet
  facet normal -0.740462 0.672098 0
    outer loop
      vertex 24.5303 -0.53033 0
      vertex 24.5798 -0.475795 3
      vertex 24.5798 -0.475795 0
    endloop
  endfacet
  facet normal -0.740462 0.672098 0
    outer loop
      vertex 24.5798 -0.475795 3
      vertex 24.5303 -0.53033 0
      vertex 24.5303 -0.53033 3
    endloop
  endfacet
  facet normal 0.740462 0.672098 0
    outer loop
      vertex 23.4697 -0.53033 3
      vertex 23.4202 -0.475795 0
      vertex 23.4202 -0.475795 3
    endloop
  endfacet
  facet normal 0.740462 0.672098 0
    outer loop
      vertex 23.4202 -0.475795 0
      vertex 23.4697 -0.53033 3
      vertex 23.4697 -0.53033 0
    endloop
  endfacet
  facet normal -0.427731 0.903906 0
    outer loop
      vertex 24.3535 -0.661441 0
      vertex 24.287 -0.692909 3
      vertex 24.3535 -0.661441 3
    endloop
  endfacet
  facet normal -0.427731 0.903906 0
    outer loop
      vertex 24.287 -0.692909 3
      vertex 24.3535 -0.661441 0
      vertex 24.287 -0.692909 0
    endloop
  endfacet
  facet normal -0.242958 -0.970037 0
    outer loop
      vertex 24.1463 0.735588 0
      vertex 24.2177 0.717705 3
      vertex 24.1463 0.735588 3
    endloop
  endfacet
  facet normal -0.242958 -0.970037 -0
    outer loop
      vertex 24.2177 0.717705 3
      vertex 24.1463 0.735588 0
      vertex 24.2177 0.717705 0
    endloop
  endfacet
  facet normal 0.969979 -0.243188 0
    outer loop
      vertex 23.2644 0.146317 3
      vertex 23.2823 0.217713 0
      vertex 23.2823 0.217713 3
    endloop
  endfacet
  facet normal 0.969979 -0.243188 0
    outer loop
      vertex 23.2823 0.217713 0
      vertex 23.2644 0.146317 3
      vertex 23.2644 0.146317 0
    endloop
  endfacet
  facet normal 0.998803 0.0489129 0
    outer loop
      vertex 23.2536 -0.0735121 3
      vertex 23.25 0 0
      vertex 23.25 0 3
    endloop
  endfacet
  facet normal 0.998803 0.0489129 0
    outer loop
      vertex 23.25 0 0
      vertex 23.2536 -0.0735121 3
      vertex 23.2536 -0.0735121 0
    endloop
  endfacet
  facet normal 0.336891 -0.941544 0
    outer loop
      vertex 23.713 0.692909 0
      vertex 23.7823 0.717705 3
      vertex 23.713 0.692909 3
    endloop
  endfacet
  facet normal 0.336891 -0.941544 0
    outer loop
      vertex 23.7823 0.717705 3
      vertex 23.713 0.692909 0
      vertex 23.7823 0.717705 0
    endloop
  endfacet
  facet normal -0.969979 0.243188 0
    outer loop
      vertex 24.7177 -0.217713 0
      vertex 24.7356 -0.146317 3
      vertex 24.7356 -0.146317 0
    endloop
  endfacet
  facet normal -0.969979 0.243188 0
    outer loop
      vertex 24.7356 -0.146317 3
      vertex 24.7177 -0.217713 0
      vertex 24.7177 -0.217713 3
    endloop
  endfacet
  facet normal -0.671798 0.740734 0
    outer loop
      vertex 24.5303 -0.53033 0
      vertex 24.4758 -0.579758 3
      vertex 24.5303 -0.53033 3
    endloop
  endfacet
  facet normal -0.671798 0.740734 0
    outer loop
      vertex 24.4758 -0.579758 3
      vertex 24.5303 -0.53033 0
      vertex 24.4758 -0.579758 0
    endloop
  endfacet
  facet normal -0.903825 0.427902 0
    outer loop
      vertex 24.6614 -0.353547 0
      vertex 24.6929 -0.287012 3
      vertex 24.6929 -0.287012 0
    endloop
  endfacet
  facet normal -0.903825 0.427902 0
    outer loop
      vertex 24.6929 -0.287012 3
      vertex 24.6614 -0.353547 0
      vertex 24.6614 -0.353547 3
    endloop
  endfacet
  facet normal -0.803499 0.595306 0
    outer loop
      vertex 24.5798 -0.475795 0
      vertex 24.6236 -0.416677 3
      vertex 24.6236 -0.416677 0
    endloop
  endfacet
  facet normal -0.803499 0.595306 0
    outer loop
      vertex 24.6236 -0.416677 3
      vertex 24.5798 -0.475795 0
      vertex 24.5798 -0.475795 3
    endloop
  endfacet
  facet normal 0.513687 0.857978 -0
    outer loop
      vertex 23.6465 -0.661441 0
      vertex 23.5833 -0.623602 3
      vertex 23.6465 -0.661441 3
    endloop
  endfacet
  facet normal 0.513687 0.857978 0
    outer loop
      vertex 23.5833 -0.623602 3
      vertex 23.6465 -0.661441 0
      vertex 23.5833 -0.623602 0
    endloop
  endfacet
  facet normal 0.85796 0.513716 0
    outer loop
      vertex 23.3764 -0.416677 3
      vertex 23.3386 -0.353547 0
      vertex 23.3386 -0.353547 3
    endloop
  endfacet
  facet normal 0.85796 0.513716 0
    outer loop
      vertex 23.3386 -0.353547 0
      vertex 23.3764 -0.416677 3
      vertex 23.3764 -0.416677 0
    endloop
  endfacet
  facet normal 0.941525 0.336943 0
    outer loop
      vertex 23.3071 -0.287012 3
      vertex 23.2823 -0.217713 0
      vertex 23.2823 -0.217713 3
    endloop
  endfacet
  facet normal 0.941525 0.336943 0
    outer loop
      vertex 23.2823 -0.217713 0
      vertex 23.3071 -0.287012 3
      vertex 23.3071 -0.287012 0
    endloop
  endfacet
  facet normal 0.903825 0.427902 0
    outer loop
      vertex 23.3386 -0.353547 3
      vertex 23.3071 -0.287012 0
      vertex 23.3071 -0.287012 3
    endloop
  endfacet
  facet normal 0.903825 0.427902 0
    outer loop
      vertex 23.3071 -0.287012 0
      vertex 23.3386 -0.353547 3
      vertex 23.3386 -0.353547 0
    endloop
  endfacet
  facet normal -0.989176 0.146736 0
    outer loop
      vertex 24.7356 -0.146317 0
      vertex 24.7464 -0.0735121 3
      vertex 24.7464 -0.0735121 0
    endloop
  endfacet
  facet normal -0.989176 0.146736 0
    outer loop
      vertex 24.7464 -0.0735121 3
      vertex 24.7356 -0.146317 0
      vertex 24.7356 -0.146317 3
    endloop
  endfacet
  facet normal -0.513687 0.857978 0
    outer loop
      vertex 24.4167 -0.623602 0
      vertex 24.3535 -0.661441 3
      vertex 24.4167 -0.623602 3
    endloop
  endfacet
  facet normal -0.513687 0.857978 0
    outer loop
      vertex 24.3535 -0.661441 3
      vertex 24.4167 -0.623602 0
      vertex 24.3535 -0.661441 0
    endloop
  endfacet
  facet normal -0.595808 0.803127 0
    outer loop
      vertex 24.4758 -0.579758 0
      vertex 24.4167 -0.623602 3
      vertex 24.4758 -0.579758 3
    endloop
  endfacet
  facet normal -0.595808 0.803127 0
    outer loop
      vertex 24.4167 -0.623602 3
      vertex 24.4758 -0.579758 0
      vertex 24.4167 -0.623602 0
    endloop
  endfacet
  facet normal -0.941525 0.336943 0
    outer loop
      vertex 24.6929 -0.287012 0
      vertex 24.7177 -0.217713 3
      vertex 24.7177 -0.217713 0
    endloop
  endfacet
  facet normal -0.941525 0.336943 0
    outer loop
      vertex 24.7177 -0.217713 3
      vertex 24.6929 -0.287012 0
      vertex 24.6929 -0.287012 3
    endloop
  endfacet
  facet normal -0.85796 0.513716 0
    outer loop
      vertex 24.6236 -0.416677 0
      vertex 24.6614 -0.353547 3
      vertex 24.6614 -0.353547 0
    endloop
  endfacet
  facet normal -0.85796 0.513716 0
    outer loop
      vertex 24.6614 -0.353547 3
      vertex 24.6236 -0.416677 0
      vertex 24.6236 -0.416677 3
    endloop
  endfacet
  facet normal 0.0490836 0.998795 -0
    outer loop
      vertex 24 -0.75 0
      vertex 23.9265 -0.746388 3
      vertex 24 -0.75 3
    endloop
  endfacet
  facet normal 0.0490836 0.998795 0
    outer loop
      vertex 23.9265 -0.746388 3
      vertex 24 -0.75 0
      vertex 23.9265 -0.746388 0
    endloop
  endfacet
  facet normal 0.427731 0.903906 -0
    outer loop
      vertex 23.713 -0.692909 0
      vertex 23.6465 -0.661441 3
      vertex 23.713 -0.692909 3
    endloop
  endfacet
  facet normal 0.427731 0.903906 0
    outer loop
      vertex 23.6465 -0.661441 3
      vertex 23.713 -0.692909 0
      vertex 23.6465 -0.661441 0
    endloop
  endfacet
  facet normal 0.595808 0.803127 -0
    outer loop
      vertex 23.5833 -0.623602 0
      vertex 23.5242 -0.579758 3
      vertex 23.5833 -0.623602 3
    endloop
  endfacet
  facet normal 0.595808 0.803127 0
    outer loop
      vertex 23.5242 -0.579758 3
      vertex 23.5833 -0.623602 0
      vertex 23.5242 -0.579758 0
    endloop
  endfacet
  facet normal 0.671798 0.740734 -0
    outer loop
      vertex 23.5242 -0.579758 0
      vertex 23.4697 -0.53033 3
      vertex 23.5242 -0.579758 3
    endloop
  endfacet
  facet normal 0.671798 0.740734 0
    outer loop
      vertex 23.4697 -0.53033 3
      vertex 23.5242 -0.579758 0
      vertex 23.4697 -0.53033 0
    endloop
  endfacet
  facet normal 0.803499 0.595306 0
    outer loop
      vertex 23.4202 -0.475795 3
      vertex 23.3764 -0.416677 0
      vertex 23.3764 -0.416677 3
    endloop
  endfacet
  facet normal 0.803499 0.595306 0
    outer loop
      vertex 23.3764 -0.416677 0
      vertex 23.4202 -0.475795 3
      vertex 23.4202 -0.475795 0
    endloop
  endfacet
  facet normal 0.969979 0.243188 0
    outer loop
      vertex 23.2823 -0.217713 3
      vertex 23.2644 -0.146317 0
      vertex 23.2644 -0.146317 3
    endloop
  endfacet
  facet normal 0.969979 0.243188 0
    outer loop
      vertex 23.2644 -0.146317 0
      vertex 23.2823 -0.217713 3
      vertex 23.2823 -0.217713 0
    endloop
  endfacet
  facet normal 0.989176 0.146736 0
    outer loop
      vertex 23.2644 -0.146317 3
      vertex 23.2536 -0.0735121 0
      vertex 23.2536 -0.0735121 3
    endloop
  endfacet
  facet normal 0.989176 0.146736 0
    outer loop
      vertex 23.2536 -0.0735121 0
      vertex 23.2644 -0.146317 3
      vertex 23.2644 -0.146317 0
    endloop
  endfacet
  facet normal -0.242958 0.970037 0
    outer loop
      vertex 24.2177 -0.717705 0
      vertex 24.1463 -0.735588 3
      vertex 24.2177 -0.717705 3
    endloop
  endfacet
  facet normal -0.242958 0.970037 0
    outer loop
      vertex 24.1463 -0.735588 3
      vertex 24.2177 -0.717705 0
      vertex 24.1463 -0.735588 0
    endloop
  endfacet
  facet normal -0.146746 0.989174 0
    outer loop
      vertex 24.1463 -0.735588 0
      vertex 24.0735 -0.746388 3
      vertex 24.1463 -0.735588 3
    endloop
  endfacet
  facet normal -0.146746 0.989174 0
    outer loop
      vertex 24.0735 -0.746388 3
      vertex 24.1463 -0.735588 0
      vertex 24.0735 -0.746388 0
    endloop
  endfacet
  facet normal 0.146746 0.989174 -0
    outer loop
      vertex 23.9265 -0.746388 0
      vertex 23.8537 -0.735588 3
      vertex 23.9265 -0.746388 3
    endloop
  endfacet
  facet normal 0.146746 0.989174 0
    outer loop
      vertex 23.8537 -0.735588 3
      vertex 23.9265 -0.746388 0
      vertex 23.8537 -0.735588 0
    endloop
  endfacet
  facet normal 0.242958 0.970037 -0
    outer loop
      vertex 23.8537 -0.735588 0
      vertex 23.7823 -0.717705 3
      vertex 23.8537 -0.735588 3
    endloop
  endfacet
  facet normal 0.242958 0.970037 0
    outer loop
      vertex 23.7823 -0.717705 3
      vertex 23.8537 -0.735588 0
      vertex 23.7823 -0.717705 0
    endloop
  endfacet
  facet normal 0.336891 0.941544 -0
    outer loop
      vertex 23.7823 -0.717705 0
      vertex 23.713 -0.692909 3
      vertex 23.7823 -0.717705 3
    endloop
  endfacet
  facet normal 0.336891 0.941544 0
    outer loop
      vertex 23.713 -0.692909 3
      vertex 23.7823 -0.717705 0
      vertex 23.713 -0.692909 0
    endloop
  endfacet
  facet normal -0.998803 -0.0489143 0
    outer loop
      vertex 24.75 6 0
      vertex 24.7464 6.07351 3
      vertex 24.7464 6.07351 0
    endloop
  endfacet
  facet normal -0.998803 -0.0489143 0
    outer loop
      vertex 24.7464 6.07351 3
      vertex 24.75 6 0
      vertex 24.75 6 3
    endloop
  endfacet
  facet normal 0.0490565 -0.998796 0
    outer loop
      vertex 23.9265 6.74639 0
      vertex 24 6.75 3
      vertex 23.9265 6.74639 3
    endloop
  endfacet
  facet normal 0.0490565 -0.998796 0
    outer loop
      vertex 24 6.75 3
      vertex 23.9265 6.74639 0
      vertex 24 6.75 0
    endloop
  endfacet
  facet normal -0.671813 -0.740721 0
    outer loop
      vertex 24.4758 6.57976 0
      vertex 24.5303 6.53033 3
      vertex 24.4758 6.57976 3
    endloop
  endfacet
  facet normal -0.671813 -0.740721 -0
    outer loop
      vertex 24.5303 6.53033 3
      vertex 24.4758 6.57976 0
      vertex 24.5303 6.53033 0
    endloop
  endfacet
  facet normal 0.740493 -0.672064 0
    outer loop
      vertex 23.4202 6.47579 3
      vertex 23.4697 6.53033 0
      vertex 23.4697 6.53033 3
    endloop
  endfacet
  facet normal 0.740493 -0.672064 0
    outer loop
      vertex 23.4697 6.53033 0
      vertex 23.4202 6.47579 3
      vertex 23.4202 6.47579 0
    endloop
  endfacet
  facet normal 0.427753 -0.903896 0
    outer loop
      vertex 23.6465 6.66144 0
      vertex 23.713 6.69291 3
      vertex 23.6465 6.66144 3
    endloop
  endfacet
  facet normal 0.427753 -0.903896 0
    outer loop
      vertex 23.713 6.69291 3
      vertex 23.6465 6.66144 0
      vertex 23.713 6.69291 0
    endloop
  endfacet
  facet normal 0.941527 0.336939 0
    outer loop
      vertex 23.3071 5.71299 3
      vertex 23.2823 5.78229 0
      vertex 23.2823 5.78229 3
    endloop
  endfacet
  facet normal 0.941527 0.336939 0
    outer loop
      vertex 23.2823 5.78229 0
      vertex 23.3071 5.71299 3
      vertex 23.3071 5.71299 0
    endloop
  endfacet
  facet normal -0.903837 -0.427876 0
    outer loop
      vertex 24.6929 6.28701 0
      vertex 24.6614 6.35355 3
      vertex 24.6614 6.35355 0
    endloop
  endfacet
  facet normal -0.903837 -0.427876 0
    outer loop
      vertex 24.6614 6.35355 3
      vertex 24.6929 6.28701 0
      vertex 24.6929 6.28701 3
    endloop
  endfacet
  facet normal -0.336818 -0.94157 0
    outer loop
      vertex 24.2177 6.7177 0
      vertex 24.287 6.69291 3
      vertex 24.2177 6.7177 3
    endloop
  endfacet
  facet normal -0.336818 -0.94157 -0
    outer loop
      vertex 24.287 6.69291 3
      vertex 24.2177 6.7177 0
      vertex 24.287 6.69291 0
    endloop
  endfacet
  facet normal 0.903837 -0.427876 0
    outer loop
      vertex 23.3071 6.28701 3
      vertex 23.3386 6.35355 0
      vertex 23.3386 6.35355 3
    endloop
  endfacet
  facet normal 0.903837 -0.427876 0
    outer loop
      vertex 23.3386 6.35355 0
      vertex 23.3071 6.28701 3
      vertex 23.3071 6.28701 0
    endloop
  endfacet
  facet normal 0.85796 -0.513716 0
    outer loop
      vertex 23.3386 6.35355 3
      vertex 23.3764 6.41668 0
      vertex 23.3764 6.41668 3
    endloop
  endfacet
  facet normal 0.85796 -0.513716 0
    outer loop
      vertex 23.3764 6.41668 0
      vertex 23.3386 6.35355 3
      vertex 23.3386 6.35355 0
    endloop
  endfacet
  facet normal 0.243047 -0.970015 0
    outer loop
      vertex 23.7823 6.7177 0
      vertex 23.8537 6.73559 3
      vertex 23.7823 6.7177 3
    endloop
  endfacet
  facet normal 0.243047 -0.970015 0
    outer loop
      vertex 23.8537 6.73559 3
      vertex 23.7823 6.7177 0
      vertex 23.8537 6.73559 0
    endloop
  endfacet
  facet normal -0.903837 0.427876 0
    outer loop
      vertex 24.6614 5.64645 0
      vertex 24.6929 5.71299 3
      vertex 24.6929 5.71299 0
    endloop
  endfacet
  facet normal -0.903837 0.427876 0
    outer loop
      vertex 24.6929 5.71299 3
      vertex 24.6614 5.64645 0
      vertex 24.6614 5.64645 3
    endloop
  endfacet
  facet normal -0.336939 0.941527 0
    outer loop
      vertex 24.287 5.30709 0
      vertex 24.2177 5.28229 3
      vertex 24.287 5.30709 3
    endloop
  endfacet
  facet normal -0.336939 0.941527 0
    outer loop
      vertex 24.2177 5.28229 3
      vertex 24.287 5.30709 0
      vertex 24.2177 5.28229 0
    endloop
  endfacet
  facet normal -0.740431 0.672132 0
    outer loop
      vertex 24.5303 5.46967 0
      vertex 24.5798 5.5242 3
      vertex 24.5798 5.5242 0
    endloop
  endfacet
  facet normal -0.740431 0.672132 0
    outer loop
      vertex 24.5798 5.5242 3
      vertex 24.5303 5.46967 0
      vertex 24.5303 5.46967 3
    endloop
  endfacet
  facet normal -0.969974 0.243207 0
    outer loop
      vertex 24.7177 5.78229 0
      vertex 24.7356 5.85368 3
      vertex 24.7356 5.85368 0
    endloop
  endfacet
  facet normal -0.969974 0.243207 0
    outer loop
      vertex 24.7356 5.85368 3
      vertex 24.7177 5.78229 0
      vertex 24.7177 5.78229 3
    endloop
  endfacet
  facet normal 0.242919 0.970047 -0
    outer loop
      vertex 23.8537 5.26441 0
      vertex 23.7823 5.28229 3
      vertex 23.8537 5.26441 3
    endloop
  endfacet
  facet normal 0.242919 0.970047 0
    outer loop
      vertex 23.7823 5.28229 3
      vertex 23.8537 5.26441 0
      vertex 23.7823 5.28229 0
    endloop
  endfacet
  facet normal 0.671813 0.740721 -0
    outer loop
      vertex 23.5242 5.42024 0
      vertex 23.4697 5.46967 3
      vertex 23.5242 5.42024 3
    endloop
  endfacet
  facet normal 0.671813 0.740721 0
    outer loop
      vertex 23.4697 5.46967 3
      vertex 23.5242 5.42024 0
      vertex 23.4697 5.46967 0
    endloop
  endfacet
  facet normal -0.969974 -0.243207 0
    outer loop
      vertex 24.7356 6.14632 0
      vertex 24.7177 6.21771 3
      vertex 24.7177 6.21771 0
    endloop
  endfacet
  facet normal -0.969974 -0.243207 0
    outer loop
      vertex 24.7177 6.21771 3
      vertex 24.7356 6.14632 0
      vertex 24.7356 6.14632 3
    endloop
  endfacet
  facet normal -0.989177 -0.146726 0
    outer loop
      vertex 24.7464 6.07351 0
      vertex 24.7356 6.14632 3
      vertex 24.7356 6.14632 0
    endloop
  endfacet
  facet normal -0.989177 -0.146726 0
    outer loop
      vertex 24.7356 6.14632 3
      vertex 24.7464 6.07351 0
      vertex 24.7464 6.07351 3
    endloop
  endfacet
  facet normal -0.941527 -0.336939 0
    outer loop
      vertex 24.7177 6.21771 0
      vertex 24.6929 6.28701 3
      vertex 24.6929 6.28701 0
    endloop
  endfacet
  facet normal -0.941527 -0.336939 0
    outer loop
      vertex 24.6929 6.28701 3
      vertex 24.7177 6.21771 0
      vertex 24.7177 6.21771 3
    endloop
  endfacet
  facet normal -0.803461 -0.595358 0
    outer loop
      vertex 24.6236 6.41668 0
      vertex 24.5798 6.47579 3
      vertex 24.5798 6.47579 0
    endloop
  endfacet
  facet normal -0.803461 -0.595358 0
    outer loop
      vertex 24.5798 6.47579 3
      vertex 24.6236 6.41668 0
      vertex 24.6236 6.41668 3
    endloop
  endfacet
  facet normal -0.85796 -0.513716 0
    outer loop
      vertex 24.6614 6.35355 0
      vertex 24.6236 6.41668 3
      vertex 24.6236 6.41668 0
    endloop
  endfacet
  facet normal -0.85796 -0.513716 0
    outer loop
      vertex 24.6236 6.41668 3
      vertex 24.6614 6.35355 0
      vertex 24.6614 6.35355 3
    endloop
  endfacet
  facet normal -0.146746 -0.989174 0
    outer loop
      vertex 24.0735 6.74639 0
      vertex 24.1463 6.73559 3
      vertex 24.0735 6.74639 3
    endloop
  endfacet
  facet normal -0.146746 -0.989174 -0
    outer loop
      vertex 24.1463 6.73559 3
      vertex 24.0735 6.74639 0
      vertex 24.1463 6.73559 0
    endloop
  endfacet
  facet normal -0.0490565 -0.998796 0
    outer loop
      vertex 24 6.75 0
      vertex 24.0735 6.74639 3
      vertex 24 6.75 3
    endloop
  endfacet
  facet normal -0.0490565 -0.998796 -0
    outer loop
      vertex 24.0735 6.74639 3
      vertex 24 6.75 0
      vertex 24.0735 6.74639 0
    endloop
  endfacet
  facet normal -0.513697 -0.857972 0
    outer loop
      vertex 24.3535 6.66144 0
      vertex 24.4167 6.6236 3
      vertex 24.3535 6.66144 3
    endloop
  endfacet
  facet normal -0.513697 -0.857972 -0
    outer loop
      vertex 24.4167 6.6236 3
      vertex 24.3535 6.66144 0
      vertex 24.4167 6.6236 0
    endloop
  endfacet
  facet normal -0.595773 -0.803153 0
    outer loop
      vertex 24.4167 6.6236 0
      vertex 24.4758 6.57976 3
      vertex 24.4167 6.6236 3
    endloop
  endfacet
  facet normal -0.595773 -0.803153 -0
    outer loop
      vertex 24.4758 6.57976 3
      vertex 24.4167 6.6236 0
      vertex 24.4758 6.57976 0
    endloop
  endfacet
  facet normal 0.989177 -0.146726 0
    outer loop
      vertex 23.2536 6.07351 3
      vertex 23.2644 6.14632 0
      vertex 23.2644 6.14632 3
    endloop
  endfacet
  facet normal 0.989177 -0.146726 0
    outer loop
      vertex 23.2644 6.14632 0
      vertex 23.2536 6.07351 3
      vertex 23.2536 6.07351 0
    endloop
  endfacet
  facet normal 0.941527 -0.336939 0
    outer loop
      vertex 23.2823 6.21771 3
      vertex 23.3071 6.28701 0
      vertex 23.3071 6.28701 3
    endloop
  endfacet
  facet normal 0.941527 -0.336939 0
    outer loop
      vertex 23.3071 6.28701 0
      vertex 23.2823 6.21771 3
      vertex 23.2823 6.21771 0
    endloop
  endfacet
  facet normal 0.998803 -0.0489143 0
    outer loop
      vertex 23.25 6 3
      vertex 23.2536 6.07351 0
      vertex 23.2536 6.07351 3
    endloop
  endfacet
  facet normal 0.998803 -0.0489143 0
    outer loop
      vertex 23.2536 6.07351 0
      vertex 23.25 6 3
      vertex 23.25 6 0
    endloop
  endfacet
  facet normal 0.595773 -0.803153 0
    outer loop
      vertex 23.5242 6.57976 0
      vertex 23.5833 6.6236 3
      vertex 23.5242 6.57976 3
    endloop
  endfacet
  facet normal 0.595773 -0.803153 0
    outer loop
      vertex 23.5833 6.6236 3
      vertex 23.5242 6.57976 0
      vertex 23.5833 6.6236 0
    endloop
  endfacet
  facet normal 0.146746 -0.989174 0
    outer loop
      vertex 23.8537 6.73559 0
      vertex 23.9265 6.74639 3
      vertex 23.8537 6.73559 3
    endloop
  endfacet
  facet normal 0.146746 -0.989174 0
    outer loop
      vertex 23.9265 6.74639 3
      vertex 23.8537 6.73559 0
      vertex 23.9265 6.74639 0
    endloop
  endfacet
  facet normal -0.998803 0.0489143 0
    outer loop
      vertex 24.7464 5.92649 0
      vertex 24.75 6 3
      vertex 24.75 6 0
    endloop
  endfacet
  facet normal -0.998803 0.0489143 0
    outer loop
      vertex 24.75 6 3
      vertex 24.7464 5.92649 0
      vertex 24.7464 5.92649 3
    endloop
  endfacet
  facet normal -0.146746 0.989174 0
    outer loop
      vertex 24.1463 5.26441 0
      vertex 24.0735 5.25361 3
      vertex 24.1463 5.26441 3
    endloop
  endfacet
  facet normal -0.146746 0.989174 0
    outer loop
      vertex 24.0735 5.25361 3
      vertex 24.1463 5.26441 0
      vertex 24.0735 5.25361 0
    endloop
  endfacet
  facet normal -0.513697 0.857972 0
    outer loop
      vertex 24.4167 5.3764 0
      vertex 24.3535 5.33856 3
      vertex 24.4167 5.3764 3
    endloop
  endfacet
  facet normal -0.513697 0.857972 0
    outer loop
      vertex 24.3535 5.33856 3
      vertex 24.4167 5.3764 0
      vertex 24.3535 5.33856 0
    endloop
  endfacet
  facet normal -0.671813 0.740721 0
    outer loop
      vertex 24.5303 5.46967 0
      vertex 24.4758 5.42024 3
      vertex 24.5303 5.46967 3
    endloop
  endfacet
  facet normal -0.671813 0.740721 0
    outer loop
      vertex 24.4758 5.42024 3
      vertex 24.5303 5.46967 0
      vertex 24.4758 5.42024 0
    endloop
  endfacet
  facet normal -0.595773 0.803153 0
    outer loop
      vertex 24.4758 5.42024 0
      vertex 24.4167 5.3764 3
      vertex 24.4758 5.42024 3
    endloop
  endfacet
  facet normal -0.595773 0.803153 0
    outer loop
      vertex 24.4167 5.3764 3
      vertex 24.4758 5.42024 0
      vertex 24.4167 5.3764 0
    endloop
  endfacet
  facet normal -0.803509 0.595293 0
    outer loop
      vertex 24.5798 5.5242 0
      vertex 24.6236 5.58332 3
      vertex 24.6236 5.58332 0
    endloop
  endfacet
  facet normal -0.803509 0.595293 0
    outer loop
      vertex 24.6236 5.58332 3
      vertex 24.5798 5.5242 0
      vertex 24.5798 5.5242 3
    endloop
  endfacet
  facet normal -0.85796 0.513716 0
    outer loop
      vertex 24.6236 5.58332 0
      vertex 24.6614 5.64645 3
      vertex 24.6614 5.64645 0
    endloop
  endfacet
  facet normal -0.85796 0.513716 0
    outer loop
      vertex 24.6614 5.64645 3
      vertex 24.6236 5.58332 0
      vertex 24.6236 5.58332 3
    endloop
  endfacet
  facet normal 0.595773 0.803153 -0
    outer loop
      vertex 23.5833 5.3764 0
      vertex 23.5242 5.42024 3
      vertex 23.5833 5.3764 3
    endloop
  endfacet
  facet normal 0.595773 0.803153 0
    outer loop
      vertex 23.5242 5.42024 3
      vertex 23.5833 5.3764 0
      vertex 23.5242 5.42024 0
    endloop
  endfacet
  facet normal 0.513697 0.857972 -0
    outer loop
      vertex 23.6465 5.33856 0
      vertex 23.5833 5.3764 3
      vertex 23.6465 5.33856 3
    endloop
  endfacet
  facet normal 0.513697 0.857972 0
    outer loop
      vertex 23.5833 5.3764 3
      vertex 23.6465 5.33856 0
      vertex 23.5833 5.3764 0
    endloop
  endfacet
  facet normal 0.427753 0.903896 -0
    outer loop
      vertex 23.713 5.30709 0
      vertex 23.6465 5.33856 3
      vertex 23.713 5.30709 3
    endloop
  endfacet
  facet normal 0.427753 0.903896 0
    outer loop
      vertex 23.6465 5.33856 3
      vertex 23.713 5.30709 0
      vertex 23.6465 5.33856 0
    endloop
  endfacet
  facet normal 0.0490565 0.998796 -0
    outer loop
      vertex 24 5.25 0
      vertex 23.9265 5.25361 3
      vertex 24 5.25 3
    endloop
  endfacet
  facet normal 0.0490565 0.998796 0
    outer loop
      vertex 23.9265 5.25361 3
      vertex 24 5.25 0
      vertex 23.9265 5.25361 0
    endloop
  endfacet
  facet normal 0.803509 0.595293 0
    outer loop
      vertex 23.4202 5.5242 3
      vertex 23.3764 5.58332 0
      vertex 23.3764 5.58332 3
    endloop
  endfacet
  facet normal 0.803509 0.595293 0
    outer loop
      vertex 23.3764 5.58332 0
      vertex 23.4202 5.5242 3
      vertex 23.4202 5.5242 0
    endloop
  endfacet
  facet normal 0.85796 0.513716 0
    outer loop
      vertex 23.3764 5.58332 3
      vertex 23.3386 5.64645 0
      vertex 23.3386 5.64645 3
    endloop
  endfacet
  facet normal 0.85796 0.513716 0
    outer loop
      vertex 23.3386 5.64645 0
      vertex 23.3764 5.58332 3
      vertex 23.3764 5.58332 0
    endloop
  endfacet
  facet normal 0.740431 0.672132 0
    outer loop
      vertex 23.4697 5.46967 3
      vertex 23.4202 5.5242 0
      vertex 23.4202 5.5242 3
    endloop
  endfacet
  facet normal 0.740431 0.672132 0
    outer loop
      vertex 23.4202 5.5242 0
      vertex 23.4697 5.46967 3
      vertex 23.4697 5.46967 0
    endloop
  endfacet
  facet normal 0.903837 0.427876 0
    outer loop
      vertex 23.3386 5.64645 3
      vertex 23.3071 5.71299 0
      vertex 23.3071 5.71299 3
    endloop
  endfacet
  facet normal 0.903837 0.427876 0
    outer loop
      vertex 23.3071 5.71299 0
      vertex 23.3386 5.64645 3
      vertex 23.3386 5.64645 0
    endloop
  endfacet
  facet normal 0.989177 0.146726 0
    outer loop
      vertex 23.2644 5.85368 3
      vertex 23.2536 5.92649 0
      vertex 23.2536 5.92649 3
    endloop
  endfacet
  facet normal 0.989177 0.146726 0
    outer loop
      vertex 23.2536 5.92649 0
      vertex 23.2644 5.85368 3
      vertex 23.2644 5.85368 0
    endloop
  endfacet
  facet normal -0.740493 -0.672064 0
    outer loop
      vertex 24.5798 6.47579 0
      vertex 24.5303 6.53033 3
      vertex 24.5303 6.53033 0
    endloop
  endfacet
  facet normal -0.740493 -0.672064 0
    outer loop
      vertex 24.5303 6.53033 3
      vertex 24.5798 6.47579 0
      vertex 24.5798 6.47579 3
    endloop
  endfacet
  facet normal -0.243047 -0.970015 0
    outer loop
      vertex 24.1463 6.73559 0
      vertex 24.2177 6.7177 3
      vertex 24.1463 6.73559 3
    endloop
  endfacet
  facet normal -0.243047 -0.970015 -0
    outer loop
      vertex 24.2177 6.7177 3
      vertex 24.1463 6.73559 0
      vertex 24.2177 6.7177 0
    endloop
  endfacet
  facet normal -0.427753 -0.903896 0
    outer loop
      vertex 24.287 6.69291 0
      vertex 24.3535 6.66144 3
      vertex 24.287 6.69291 3
    endloop
  endfacet
  facet normal -0.427753 -0.903896 -0
    outer loop
      vertex 24.3535 6.66144 3
      vertex 24.287 6.69291 0
      vertex 24.3535 6.66144 0
    endloop
  endfacet
  facet normal 0.803461 -0.595358 0
    outer loop
      vertex 23.3764 6.41668 3
      vertex 23.4202 6.47579 0
      vertex 23.4202 6.47579 3
    endloop
  endfacet
  facet normal 0.803461 -0.595358 0
    outer loop
      vertex 23.4202 6.47579 0
      vertex 23.3764 6.41668 3
      vertex 23.3764 6.41668 0
    endloop
  endfacet
  facet normal 0.969974 -0.243207 0
    outer loop
      vertex 23.2644 6.14632 3
      vertex 23.2823 6.21771 0
      vertex 23.2823 6.21771 3
    endloop
  endfacet
  facet normal 0.969974 -0.243207 0
    outer loop
      vertex 23.2823 6.21771 0
      vertex 23.2644 6.14632 3
      vertex 23.2644 6.14632 0
    endloop
  endfacet
  facet normal 0.998803 0.0489143 0
    outer loop
      vertex 23.2536 5.92649 3
      vertex 23.25 6 0
      vertex 23.25 6 3
    endloop
  endfacet
  facet normal 0.998803 0.0489143 0
    outer loop
      vertex 23.25 6 0
      vertex 23.2536 5.92649 3
      vertex 23.2536 5.92649 0
    endloop
  endfacet
  facet normal 0.671813 -0.740721 0
    outer loop
      vertex 23.4697 6.53033 0
      vertex 23.5242 6.57976 3
      vertex 23.4697 6.53033 3
    endloop
  endfacet
  facet normal 0.671813 -0.740721 0
    outer loop
      vertex 23.5242 6.57976 3
      vertex 23.4697 6.53033 0
      vertex 23.5242 6.57976 0
    endloop
  endfacet
  facet normal 0.513697 -0.857972 0
    outer loop
      vertex 23.5833 6.6236 0
      vertex 23.6465 6.66144 3
      vertex 23.5833 6.6236 3
    endloop
  endfacet
  facet normal 0.513697 -0.857972 0
    outer loop
      vertex 23.6465 6.66144 3
      vertex 23.5833 6.6236 0
      vertex 23.6465 6.66144 0
    endloop
  endfacet
  facet normal 0.336818 -0.94157 0
    outer loop
      vertex 23.713 6.69291 0
      vertex 23.7823 6.7177 3
      vertex 23.713 6.69291 3
    endloop
  endfacet
  facet normal 0.336818 -0.94157 0
    outer loop
      vertex 23.7823 6.7177 3
      vertex 23.713 6.69291 0
      vertex 23.7823 6.7177 0
    endloop
  endfacet
  facet normal -0.242919 0.970047 0
    outer loop
      vertex 24.2177 5.28229 0
      vertex 24.1463 5.26441 3
      vertex 24.2177 5.28229 3
    endloop
  endfacet
  facet normal -0.242919 0.970047 0
    outer loop
      vertex 24.1463 5.26441 3
      vertex 24.2177 5.28229 0
      vertex 24.1463 5.26441 0
    endloop
  endfacet
  facet normal -0.427753 0.903896 0
    outer loop
      vertex 24.3535 5.33856 0
      vertex 24.287 5.30709 3
      vertex 24.3535 5.33856 3
    endloop
  endfacet
  facet normal -0.427753 0.903896 0
    outer loop
      vertex 24.287 5.30709 3
      vertex 24.3535 5.33856 0
      vertex 24.287 5.30709 0
    endloop
  endfacet
  facet normal -0.941527 0.336939 0
    outer loop
      vertex 24.6929 5.71299 0
      vertex 24.7177 5.78229 3
      vertex 24.7177 5.78229 0
    endloop
  endfacet
  facet normal -0.941527 0.336939 0
    outer loop
      vertex 24.7177 5.78229 3
      vertex 24.6929 5.71299 0
      vertex 24.6929 5.71299 3
    endloop
  endfacet
  facet normal -0.989177 0.146726 0
    outer loop
      vertex 24.7356 5.85368 0
      vertex 24.7464 5.92649 3
      vertex 24.7464 5.92649 0
    endloop
  endfacet
  facet normal -0.989177 0.146726 0
    outer loop
      vertex 24.7464 5.92649 3
      vertex 24.7356 5.85368 0
      vertex 24.7356 5.85368 3
    endloop
  endfacet
  facet normal 0.336939 0.941527 -0
    outer loop
      vertex 23.7823 5.28229 0
      vertex 23.713 5.30709 3
      vertex 23.7823 5.28229 3
    endloop
  endfacet
  facet normal 0.336939 0.941527 0
    outer loop
      vertex 23.713 5.30709 3
      vertex 23.7823 5.28229 0
      vertex 23.713 5.30709 0
    endloop
  endfacet
  facet normal 0.146746 0.989174 -0
    outer loop
      vertex 23.9265 5.25361 0
      vertex 23.8537 5.26441 3
      vertex 23.9265 5.25361 3
    endloop
  endfacet
  facet normal 0.146746 0.989174 0
    outer loop
      vertex 23.8537 5.26441 3
      vertex 23.9265 5.25361 0
      vertex 23.8537 5.26441 0
    endloop
  endfacet
  facet normal -0.0490565 0.998796 0
    outer loop
      vertex 24.0735 5.25361 0
      vertex 24 5.25 3
      vertex 24.0735 5.25361 3
    endloop
  endfacet
  facet normal -0.0490565 0.998796 0
    outer loop
      vertex 24 5.25 3
      vertex 24.0735 5.25361 0
      vertex 24 5.25 0
    endloop
  endfacet
  facet normal 0.969974 0.243207 0
    outer loop
      vertex 23.2823 5.78229 3
      vertex 23.2644 5.85368 0
      vertex 23.2644 5.85368 3
    endloop
  endfacet
  facet normal 0.969974 0.243207 0
    outer loop
      vertex 23.2644 5.85368 0
      vertex 23.2823 5.78229 3
      vertex 23.2823 5.78229 0
    endloop
  endfacet
  facet normal -0.998803 -0.0489143 0
    outer loop
      vertex 30.75 -6 0
      vertex 30.7464 -5.92649 3
      vertex 30.7464 -5.92649 0
    endloop
  endfacet
  facet normal -0.998803 -0.0489143 0
    outer loop
      vertex 30.7464 -5.92649 3
      vertex 30.75 -6 0
      vertex 30.75 -6 3
    endloop
  endfacet
  facet normal 0.0490565 -0.998796 0
    outer loop
      vertex 29.9265 -5.25361 0
      vertex 30 -5.25 3
      vertex 29.9265 -5.25361 3
    endloop
  endfacet
  facet normal 0.0490565 -0.998796 0
    outer loop
      vertex 30 -5.25 3
      vertex 29.9265 -5.25361 0
      vertex 30 -5.25 0
    endloop
  endfacet
  facet normal -0.0490565 0.998796 0
    outer loop
      vertex 30.0735 -6.74639 0
      vertex 30 -6.75 3
      vertex 30.0735 -6.74639 3
    endloop
  endfacet
  facet normal -0.0490565 0.998796 0
    outer loop
      vertex 30 -6.75 3
      vertex 30.0735 -6.74639 0
      vertex 30 -6.75 0
    endloop
  endfacet
  facet normal -0.671813 -0.740721 0
    outer loop
      vertex 30.4758 -5.42024 0
      vertex 30.5303 -5.46967 3
      vertex 30.4758 -5.42024 3
    endloop
  endfacet
  facet normal -0.671813 -0.740721 -0
    outer loop
      vertex 30.5303 -5.46967 3
      vertex 30.4758 -5.42024 0
      vertex 30.5303 -5.46967 0
    endloop
  endfacet
  facet normal 0.740431 -0.672132 0
    outer loop
      vertex 29.4202 -5.5242 3
      vertex 29.4697 -5.46967 0
      vertex 29.4697 -5.46967 3
    endloop
  endfacet
  facet normal 0.740431 -0.672132 0
    outer loop
      vertex 29.4697 -5.46967 0
      vertex 29.4202 -5.5242 3
      vertex 29.4202 -5.5242 0
    endloop
  endfacet
  facet normal 0.427753 -0.903896 0
    outer loop
      vertex 29.6465 -5.33856 0
      vertex 29.713 -5.30709 3
      vertex 29.6465 -5.33856 3
    endloop
  endfacet
  facet normal 0.427753 -0.903896 0
    outer loop
      vertex 29.713 -5.30709 3
      vertex 29.6465 -5.33856 0
      vertex 29.713 -5.30709 0
    endloop
  endfacet
  facet normal -0.903837 -0.427876 0
    outer loop
      vertex 30.6929 -5.71299 0
      vertex 30.6614 -5.64645 3
      vertex 30.6614 -5.64645 0
    endloop
  endfacet
  facet normal -0.903837 -0.427876 0
    outer loop
      vertex 30.6614 -5.64645 3
      vertex 30.6929 -5.71299 0
      vertex 30.6929 -5.71299 3
    endloop
  endfacet
  facet normal -0.336939 -0.941527 0
    outer loop
      vertex 30.2177 -5.28229 0
      vertex 30.287 -5.30709 3
      vertex 30.2177 -5.28229 3
    endloop
  endfacet
  facet normal -0.336939 -0.941527 -0
    outer loop
      vertex 30.287 -5.30709 3
      vertex 30.2177 -5.28229 0
      vertex 30.287 -5.30709 0
    endloop
  endfacet
  facet normal -0.513697 -0.857972 0
    outer loop
      vertex 30.3535 -5.33856 0
      vertex 30.4167 -5.3764 3
      vertex 30.3535 -5.33856 3
    endloop
  endfacet
  facet normal -0.513697 -0.857972 -0
    outer loop
      vertex 30.4167 -5.3764 3
      vertex 30.3535 -5.33856 0
      vertex 30.4167 -5.3764 0
    endloop
  endfacet
  facet normal 0.903837 -0.427876 0
    outer loop
      vertex 29.3071 -5.71299 3
      vertex 29.3386 -5.64645 0
      vertex 29.3386 -5.64645 3
    endloop
  endfacet
  facet normal 0.903837 -0.427876 0
    outer loop
      vertex 29.3386 -5.64645 0
      vertex 29.3071 -5.71299 3
      vertex 29.3071 -5.71299 0
    endloop
  endfacet
  facet normal 0.85796 -0.513716 0
    outer loop
      vertex 29.3386 -5.64645 3
      vertex 29.3764 -5.58332 0
      vertex 29.3764 -5.58332 3
    endloop
  endfacet
  facet normal 0.85796 -0.513716 0
    outer loop
      vertex 29.3764 -5.58332 0
      vertex 29.3386 -5.64645 3
      vertex 29.3386 -5.64645 0
    endloop
  endfacet
  facet normal 0.242919 -0.970047 0
    outer loop
      vertex 29.7823 -5.28229 0
      vertex 29.8537 -5.26441 3
      vertex 29.7823 -5.28229 3
    endloop
  endfacet
  facet normal 0.242919 -0.970047 0
    outer loop
      vertex 29.8537 -5.26441 3
      vertex 29.7823 -5.28229 0
      vertex 29.8537 -5.26441 0
    endloop
  endfacet
  facet normal -0.336818 0.94157 0
    outer loop
      vertex 30.287 -6.69291 0
      vertex 30.2177 -6.7177 3
      vertex 30.287 -6.69291 3
    endloop
  endfacet
  facet normal -0.336818 0.94157 0
    outer loop
      vertex 30.2177 -6.7177 3
      vertex 30.287 -6.69291 0
      vertex 30.2177 -6.7177 0
    endloop
  endfacet
  facet normal -0.969974 -0.243207 0
    outer loop
      vertex 30.7356 -5.85368 0
      vertex 30.7177 -5.78229 3
      vertex 30.7177 -5.78229 0
    endloop
  endfacet
  facet normal -0.969974 -0.243207 0
    outer loop
      vertex 30.7177 -5.78229 3
      vertex 30.7356 -5.85368 0
      vertex 30.7356 -5.85368 3
    endloop
  endfacet
  facet normal -0.989177 -0.146726 0
    outer loop
      vertex 30.7464 -5.92649 0
      vertex 30.7356 -5.85368 3
      vertex 30.7356 -5.85368 0
    endloop
  endfacet
  facet normal -0.989177 -0.146726 0
    outer loop
      vertex 30.7356 -5.85368 3
      vertex 30.7464 -5.92649 0
      vertex 30.7464 -5.92649 3
    endloop
  endfacet
  facet normal -0.941527 -0.336939 0
    outer loop
      vertex 30.7177 -5.78229 0
      vertex 30.6929 -5.71299 3
      vertex 30.6929 -5.71299 0
    endloop
  endfacet
  facet normal -0.941527 -0.336939 0
    outer loop
      vertex 30.6929 -5.71299 3
      vertex 30.7177 -5.78229 0
      vertex 30.7177 -5.78229 3
    endloop
  endfacet
  facet normal -0.803509 -0.595293 0
    outer loop
      vertex 30.6236 -5.58332 0
      vertex 30.5798 -5.5242 3
      vertex 30.5798 -5.5242 0
    endloop
  endfacet
  facet normal -0.803509 -0.595293 0
    outer loop
      vertex 30.5798 -5.5242 3
      vertex 30.6236 -5.58332 0
      vertex 30.6236 -5.58332 3
    endloop
  endfacet
  facet normal -0.740431 -0.672132 0
    outer loop
      vertex 30.5798 -5.5242 0
      vertex 30.5303 -5.46967 3
      vertex 30.5303 -5.46967 0
    endloop
  endfacet
  facet normal -0.740431 -0.672132 0
    outer loop
      vertex 30.5303 -5.46967 3
      vertex 30.5798 -5.5242 0
      vertex 30.5798 -5.5242 3
    endloop
  endfacet
  facet normal -0.146746 -0.989174 0
    outer loop
      vertex 30.0735 -5.25361 0
      vertex 30.1463 -5.26441 3
      vertex 30.0735 -5.25361 3
    endloop
  endfacet
  facet normal -0.146746 -0.989174 -0
    outer loop
      vertex 30.1463 -5.26441 3
      vertex 30.0735 -5.25361 0
      vertex 30.1463 -5.26441 0
    endloop
  endfacet
  facet normal -0.0490565 -0.998796 0
    outer loop
      vertex 30 -5.25 0
      vertex 30.0735 -5.25361 3
      vertex 30 -5.25 3
    endloop
  endfacet
  facet normal -0.0490565 -0.998796 -0
    outer loop
      vertex 30.0735 -5.25361 3
      vertex 30 -5.25 0
      vertex 30.0735 -5.25361 0
    endloop
  endfacet
  facet normal -0.595773 -0.803153 0
    outer loop
      vertex 30.4167 -5.3764 0
      vertex 30.4758 -5.42024 3
      vertex 30.4167 -5.3764 3
    endloop
  endfacet
  facet normal -0.595773 -0.803153 -0
    outer loop
      vertex 30.4758 -5.42024 3
      vertex 30.4167 -5.3764 0
      vertex 30.4758 -5.42024 0
    endloop
  endfacet
  facet normal 0.989177 -0.146726 0
    outer loop
      vertex 29.2536 -5.92649 3
      vertex 29.2644 -5.85368 0
      vertex 29.2644 -5.85368 3
    endloop
  endfacet
  facet normal 0.989177 -0.146726 0
    outer loop
      vertex 29.2644 -5.85368 0
      vertex 29.2536 -5.92649 3
      vertex 29.2536 -5.92649 0
    endloop
  endfacet
  facet normal 0.803509 -0.595293 0
    outer loop
      vertex 29.3764 -5.58332 3
      vertex 29.4202 -5.5242 0
      vertex 29.4202 -5.5242 3
    endloop
  endfacet
  facet normal 0.803509 -0.595293 0
    outer loop
      vertex 29.4202 -5.5242 0
      vertex 29.3764 -5.58332 3
      vertex 29.3764 -5.58332 0
    endloop
  endfacet
  facet normal 0.941527 -0.336939 0
    outer loop
      vertex 29.2823 -5.78229 3
      vertex 29.3071 -5.71299 0
      vertex 29.3071 -5.71299 3
    endloop
  endfacet
  facet normal 0.941527 -0.336939 0
    outer loop
      vertex 29.3071 -5.71299 0
      vertex 29.2823 -5.78229 3
      vertex 29.2823 -5.78229 0
    endloop
  endfacet
  facet normal 0.998803 -0.0489143 0
    outer loop
      vertex 29.25 -6 3
      vertex 29.2536 -5.92649 0
      vertex 29.2536 -5.92649 3
    endloop
  endfacet
  facet normal 0.998803 -0.0489143 0
    outer loop
      vertex 29.2536 -5.92649 0
      vertex 29.25 -6 3
      vertex 29.25 -6 0
    endloop
  endfacet
  facet normal 0.595773 -0.803153 0
    outer loop
      vertex 29.5242 -5.42024 0
      vertex 29.5833 -5.3764 3
      vertex 29.5242 -5.42024 3
    endloop
  endfacet
  facet normal 0.595773 -0.803153 0
    outer loop
      vertex 29.5833 -5.3764 3
      vertex 29.5242 -5.42024 0
      vertex 29.5833 -5.3764 0
    endloop
  endfacet
  facet normal 0.671813 -0.740721 0
    outer loop
      vertex 29.4697 -5.46967 0
      vertex 29.5242 -5.42024 3
      vertex 29.4697 -5.46967 3
    endloop
  endfacet
  facet normal 0.671813 -0.740721 0
    outer loop
      vertex 29.5242 -5.42024 3
      vertex 29.4697 -5.46967 0
      vertex 29.5242 -5.42024 0
    endloop
  endfacet
  facet normal 0.146746 -0.989174 0
    outer loop
      vertex 29.8537 -5.26441 0
      vertex 29.9265 -5.25361 3
      vertex 29.8537 -5.26441 3
    endloop
  endfacet
  facet normal 0.146746 -0.989174 0
    outer loop
      vertex 29.9265 -5.25361 3
      vertex 29.8537 -5.26441 0
      vertex 29.9265 -5.25361 0
    endloop
  endfacet
  facet normal -0.998803 0.0489143 0
    outer loop
      vertex 30.7464 -6.07351 0
      vertex 30.75 -6 3
      vertex 30.75 -6 0
    endloop
  endfacet
  facet normal -0.998803 0.0489143 0
    outer loop
      vertex 30.75 -6 3
      vertex 30.7464 -6.07351 0
      vertex 30.7464 -6.07351 3
    endloop
  endfacet
  facet normal -0.740493 0.672064 0
    outer loop
      vertex 30.5303 -6.53033 0
      vertex 30.5798 -6.47579 3
      vertex 30.5798 -6.47579 0
    endloop
  endfacet
  facet normal -0.740493 0.672064 0
    outer loop
      vertex 30.5798 -6.47579 3
      vertex 30.5303 -6.53033 0
      vertex 30.5303 -6.53033 3
    endloop
  endfacet
  facet normal 0.740493 0.672064 0
    outer loop
      vertex 29.4697 -6.53033 3
      vertex 29.4202 -6.47579 0
      vertex 29.4202 -6.47579 3
    endloop
  endfacet
  facet normal 0.740493 0.672064 0
    outer loop
      vertex 29.4202 -6.47579 0
      vertex 29.4697 -6.53033 3
      vertex 29.4697 -6.53033 0
    endloop
  endfacet
  facet normal -0.427753 0.903896 0
    outer loop
      vertex 30.3535 -6.66144 0
      vertex 30.287 -6.69291 3
      vertex 30.3535 -6.66144 3
    endloop
  endfacet
  facet normal -0.427753 0.903896 0
    outer loop
      vertex 30.287 -6.69291 3
      vertex 30.3535 -6.66144 0
      vertex 30.287 -6.69291 0
    endloop
  endfacet
  facet normal -0.85796 -0.513716 0
    outer loop
      vertex 30.6614 -5.64645 0
      vertex 30.6236 -5.58332 3
      vertex 30.6236 -5.58332 0
    endloop
  endfacet
  facet normal -0.85796 -0.513716 0
    outer loop
      vertex 30.6236 -5.58332 3
      vertex 30.6614 -5.64645 0
      vertex 30.6614 -5.64645 3
    endloop
  endfacet
  facet normal -0.242919 -0.970047 0
    outer loop
      vertex 30.1463 -5.26441 0
      vertex 30.2177 -5.28229 3
      vertex 30.1463 -5.26441 3
    endloop
  endfacet
  facet normal -0.242919 -0.970047 -0
    outer loop
      vertex 30.2177 -5.28229 3
      vertex 30.1463 -5.26441 0
      vertex 30.2177 -5.28229 0
    endloop
  endfacet
  facet normal -0.427753 -0.903896 0
    outer loop
      vertex 30.287 -5.30709 0
      vertex 30.3535 -5.33856 3
      vertex 30.287 -5.30709 3
    endloop
  endfacet
  facet normal -0.427753 -0.903896 -0
    outer loop
      vertex 30.3535 -5.33856 3
      vertex 30.287 -5.30709 0
      vertex 30.3535 -5.33856 0
    endloop
  endfacet
  facet normal 0.969974 -0.243207 0
    outer loop
      vertex 29.2644 -5.85368 3
      vertex 29.2823 -5.78229 0
      vertex 29.2823 -5.78229 3
    endloop
  endfacet
  facet normal 0.969974 -0.243207 0
    outer loop
      vertex 29.2823 -5.78229 0
      vertex 29.2644 -5.85368 3
      vertex 29.2644 -5.85368 0
    endloop
  endfacet
  facet normal 0.998803 0.0489143 0
    outer loop
      vertex 29.2536 -6.07351 3
      vertex 29.25 -6 0
      vertex 29.25 -6 3
    endloop
  endfacet
  facet normal 0.998803 0.0489143 0
    outer loop
      vertex 29.25 -6 0
      vertex 29.2536 -6.07351 3
      vertex 29.2536 -6.07351 0
    endloop
  endfacet
  facet normal 0.513697 -0.857972 0
    outer loop
      vertex 29.5833 -5.3764 0
      vertex 29.6465 -5.33856 3
      vertex 29.5833 -5.3764 3
    endloop
  endfacet
  facet normal 0.513697 -0.857972 0
    outer loop
      vertex 29.6465 -5.33856 3
      vertex 29.5833 -5.3764 0
      vertex 29.6465 -5.33856 0
    endloop
  endfacet
  facet normal 0.336939 -0.941527 0
    outer loop
      vertex 29.713 -5.30709 0
      vertex 29.7823 -5.28229 3
      vertex 29.713 -5.30709 3
    endloop
  endfacet
  facet normal 0.336939 -0.941527 0
    outer loop
      vertex 29.7823 -5.28229 3
      vertex 29.713 -5.30709 0
      vertex 29.7823 -5.28229 0
    endloop
  endfacet
  facet normal -0.969974 0.243207 0
    outer loop
      vertex 30.7177 -6.21771 0
      vertex 30.7356 -6.14632 3
      vertex 30.7356 -6.14632 0
    endloop
  endfacet
  facet normal -0.969974 0.243207 0
    outer loop
      vertex 30.7356 -6.14632 3
      vertex 30.7177 -6.21771 0
      vertex 30.7177 -6.21771 3
    endloop
  endfacet
  facet normal -0.989177 0.146726 0
    outer loop
      vertex 30.7356 -6.14632 0
      vertex 30.7464 -6.07351 3
      vertex 30.7464 -6.07351 0
    endloop
  endfacet
  facet normal -0.989177 0.146726 0
    outer loop
      vertex 30.7464 -6.07351 3
      vertex 30.7356 -6.14632 0
      vertex 30.7356 -6.14632 3
    endloop
  endfacet
  facet normal -0.513697 0.857972 0
    outer loop
      vertex 30.4167 -6.6236 0
      vertex 30.3535 -6.66144 3
      vertex 30.4167 -6.6236 3
    endloop
  endfacet
  facet normal -0.513697 0.857972 0
    outer loop
      vertex 30.3535 -6.66144 3
      vertex 30.4167 -6.6236 0
      vertex 30.3535 -6.66144 0
    endloop
  endfacet
  facet normal -0.671813 0.740721 0
    outer loop
      vertex 30.5303 -6.53033 0
      vertex 30.4758 -6.57976 3
      vertex 30.5303 -6.53033 3
    endloop
  endfacet
  facet normal -0.671813 0.740721 0
    outer loop
      vertex 30.4758 -6.57976 3
      vertex 30.5303 -6.53033 0
      vertex 30.4758 -6.57976 0
    endloop
  endfacet
  facet normal -0.903837 0.427876 0
    outer loop
      vertex 30.6614 -6.35355 0
      vertex 30.6929 -6.28701 3
      vertex 30.6929 -6.28701 0
    endloop
  endfacet
  facet normal -0.903837 0.427876 0
    outer loop
      vertex 30.6929 -6.28701 3
      vertex 30.6614 -6.35355 0
      vertex 30.6614 -6.35355 3
    endloop
  endfacet
  facet normal -0.803461 0.595358 0
    outer loop
      vertex 30.5798 -6.47579 0
      vertex 30.6236 -6.41668 3
      vertex 30.6236 -6.41668 0
    endloop
  endfacet
  facet normal -0.803461 0.595358 0
    outer loop
      vertex 30.6236 -6.41668 3
      vertex 30.5798 -6.47579 0
      vertex 30.5798 -6.47579 3
    endloop
  endfacet
  facet normal 0.595773 0.803153 -0
    outer loop
      vertex 29.5833 -6.6236 0
      vertex 29.5242 -6.57976 3
      vertex 29.5833 -6.6236 3
    endloop
  endfacet
  facet normal 0.595773 0.803153 0
    outer loop
      vertex 29.5242 -6.57976 3
      vertex 29.5833 -6.6236 0
      vertex 29.5242 -6.57976 0
    endloop
  endfacet
  facet normal 0.671813 0.740721 -0
    outer loop
      vertex 29.5242 -6.57976 0
      vertex 29.4697 -6.53033 3
      vertex 29.5242 -6.57976 3
    endloop
  endfacet
  facet normal 0.671813 0.740721 0
    outer loop
      vertex 29.4697 -6.53033 3
      vertex 29.5242 -6.57976 0
      vertex 29.4697 -6.53033 0
    endloop
  endfacet
  facet normal 0.85796 0.513716 0
    outer loop
      vertex 29.3764 -6.41668 3
      vertex 29.3386 -6.35355 0
      vertex 29.3386 -6.35355 3
    endloop
  endfacet
  facet normal 0.85796 0.513716 0
    outer loop
      vertex 29.3386 -6.35355 0
      vertex 29.3764 -6.41668 3
      vertex 29.3764 -6.41668 0
    endloop
  endfacet
  facet normal 0.941527 0.336939 0
    outer loop
      vertex 29.3071 -6.28701 3
      vertex 29.2823 -6.21771 0
      vertex 29.2823 -6.21771 3
    endloop
  endfacet
  facet normal 0.941527 0.336939 0
    outer loop
      vertex 29.2823 -6.21771 0
      vertex 29.3071 -6.28701 3
      vertex 29.3071 -6.28701 0
    endloop
  endfacet
  facet normal 0.903837 0.427876 0
    outer loop
      vertex 29.3386 -6.35355 3
      vertex 29.3071 -6.28701 0
      vertex 29.3071 -6.28701 3
    endloop
  endfacet
  facet normal 0.903837 0.427876 0
    outer loop
      vertex 29.3071 -6.28701 0
      vertex 29.3386 -6.35355 3
      vertex 29.3386 -6.35355 0
    endloop
  endfacet
  facet normal -0.941527 0.336939 0
    outer loop
      vertex 30.6929 -6.28701 0
      vertex 30.7177 -6.21771 3
      vertex 30.7177 -6.21771 0
    endloop
  endfacet
  facet normal -0.941527 0.336939 0
    outer loop
      vertex 30.7177 -6.21771 3
      vertex 30.6929 -6.28701 0
      vertex 30.6929 -6.28701 3
    endloop
  endfacet
  facet normal -0.85796 0.513716 0
    outer loop
      vertex 30.6236 -6.41668 0
      vertex 30.6614 -6.35355 3
      vertex 30.6614 -6.35355 0
    endloop
  endfacet
  facet normal -0.85796 0.513716 0
    outer loop
      vertex 30.6614 -6.35355 3
      vertex 30.6236 -6.41668 0
      vertex 30.6236 -6.41668 3
    endloop
  endfacet
  facet normal 0.0490565 0.998796 -0
    outer loop
      vertex 30 -6.75 0
      vertex 29.9265 -6.74639 3
      vertex 30 -6.75 3
    endloop
  endfacet
  facet normal 0.0490565 0.998796 0
    outer loop
      vertex 29.9265 -6.74639 3
      vertex 30 -6.75 0
      vertex 29.9265 -6.74639 0
    endloop
  endfacet
  facet normal 0.427753 0.903896 -0
    outer loop
      vertex 29.713 -6.69291 0
      vertex 29.6465 -6.66144 3
      vertex 29.713 -6.69291 3
    endloop
  endfacet
  facet normal 0.427753 0.903896 0
    outer loop
      vertex 29.6465 -6.66144 3
      vertex 29.713 -6.69291 0
      vertex 29.6465 -6.66144 0
    endloop
  endfacet
  facet normal 0.803461 0.595358 0
    outer loop
      vertex 29.4202 -6.47579 3
      vertex 29.3764 -6.41668 0
      vertex 29.3764 -6.41668 3
    endloop
  endfacet
  facet normal 0.803461 0.595358 0
    outer loop
      vertex 29.3764 -6.41668 0
      vertex 29.4202 -6.47579 3
      vertex 29.4202 -6.47579 0
    endloop
  endfacet
  facet normal 0.969974 0.243207 0
    outer loop
      vertex 29.2823 -6.21771 3
      vertex 29.2644 -6.14632 0
      vertex 29.2644 -6.14632 3
    endloop
  endfacet
  facet normal 0.969974 0.243207 0
    outer loop
      vertex 29.2644 -6.14632 0
      vertex 29.2823 -6.21771 3
      vertex 29.2823 -6.21771 0
    endloop
  endfacet
  facet normal 0.989177 0.146726 0
    outer loop
      vertex 29.2644 -6.14632 3
      vertex 29.2536 -6.07351 0
      vertex 29.2536 -6.07351 3
    endloop
  endfacet
  facet normal 0.989177 0.146726 0
    outer loop
      vertex 29.2536 -6.07351 0
      vertex 29.2644 -6.14632 3
      vertex 29.2644 -6.14632 0
    endloop
  endfacet
  facet normal -0.243047 0.970015 0
    outer loop
      vertex 30.2177 -6.7177 0
      vertex 30.1463 -6.73559 3
      vertex 30.2177 -6.7177 3
    endloop
  endfacet
  facet normal -0.243047 0.970015 0
    outer loop
      vertex 30.1463 -6.73559 3
      vertex 30.2177 -6.7177 0
      vertex 30.1463 -6.73559 0
    endloop
  endfacet
  facet normal -0.146746 0.989174 0
    outer loop
      vertex 30.1463 -6.73559 0
      vertex 30.0735 -6.74639 3
      vertex 30.1463 -6.73559 3
    endloop
  endfacet
  facet normal -0.146746 0.989174 0
    outer loop
      vertex 30.0735 -6.74639 3
      vertex 30.1463 -6.73559 0
      vertex 30.0735 -6.74639 0
    endloop
  endfacet
  facet normal -0.595773 0.803153 0
    outer loop
      vertex 30.4758 -6.57976 0
      vertex 30.4167 -6.6236 3
      vertex 30.4758 -6.57976 3
    endloop
  endfacet
  facet normal -0.595773 0.803153 0
    outer loop
      vertex 30.4167 -6.6236 3
      vertex 30.4758 -6.57976 0
      vertex 30.4167 -6.6236 0
    endloop
  endfacet
  facet normal 0.146746 0.989174 -0
    outer loop
      vertex 29.9265 -6.74639 0
      vertex 29.8537 -6.73559 3
      vertex 29.9265 -6.74639 3
    endloop
  endfacet
  facet normal 0.146746 0.989174 0
    outer loop
      vertex 29.8537 -6.73559 3
      vertex 29.9265 -6.74639 0
      vertex 29.8537 -6.73559 0
    endloop
  endfacet
  facet normal 0.243047 0.970015 -0
    outer loop
      vertex 29.8537 -6.73559 0
      vertex 29.7823 -6.7177 3
      vertex 29.8537 -6.73559 3
    endloop
  endfacet
  facet normal 0.243047 0.970015 0
    outer loop
      vertex 29.7823 -6.7177 3
      vertex 29.8537 -6.73559 0
      vertex 29.7823 -6.7177 0
    endloop
  endfacet
  facet normal 0.336818 0.94157 -0
    outer loop
      vertex 29.7823 -6.7177 0
      vertex 29.713 -6.69291 3
      vertex 29.7823 -6.7177 3
    endloop
  endfacet
  facet normal 0.336818 0.94157 0
    outer loop
      vertex 29.713 -6.69291 3
      vertex 29.7823 -6.7177 0
      vertex 29.713 -6.69291 0
    endloop
  endfacet
  facet normal 0.513697 0.857972 -0
    outer loop
      vertex 29.6465 -6.66144 0
      vertex 29.5833 -6.6236 3
      vertex 29.6465 -6.66144 3
    endloop
  endfacet
  facet normal 0.513697 0.857972 0
    outer loop
      vertex 29.5833 -6.6236 3
      vertex 29.6465 -6.66144 0
      vertex 29.5833 -6.6236 0
    endloop
  endfacet
  facet normal -0.998803 -0.0489129 0
    outer loop
      vertex 30.75 0 0
      vertex 30.7464 0.0735121 3
      vertex 30.7464 0.0735121 0
    endloop
  endfacet
  facet normal -0.998803 -0.0489129 0
    outer loop
      vertex 30.7464 0.0735121 3
      vertex 30.75 0 0
      vertex 30.75 0 3
    endloop
  endfacet
  facet normal 0.0490836 -0.998795 0
    outer loop
      vertex 29.9265 0.746388 0
      vertex 30 0.75 3
      vertex 29.9265 0.746388 3
    endloop
  endfacet
  facet normal 0.0490836 -0.998795 0
    outer loop
      vertex 30 0.75 3
      vertex 29.9265 0.746388 0
      vertex 30 0.75 0
    endloop
  endfacet
  facet normal -0.0490836 0.998795 0
    outer loop
      vertex 30.0735 -0.746388 0
      vertex 30 -0.75 3
      vertex 30.0735 -0.746388 3
    endloop
  endfacet
  facet normal -0.0490836 0.998795 0
    outer loop
      vertex 30 -0.75 3
      vertex 30.0735 -0.746388 0
      vertex 30 -0.75 0
    endloop
  endfacet
  facet normal -0.671798 -0.740734 0
    outer loop
      vertex 30.4758 0.579758 0
      vertex 30.5303 0.53033 3
      vertex 30.4758 0.579758 3
    endloop
  endfacet
  facet normal -0.671798 -0.740734 -0
    outer loop
      vertex 30.5303 0.53033 3
      vertex 30.4758 0.579758 0
      vertex 30.5303 0.53033 0
    endloop
  endfacet
  facet normal 0.740462 -0.672098 0
    outer loop
      vertex 29.4202 0.475795 3
      vertex 29.4697 0.53033 0
      vertex 29.4697 0.53033 3
    endloop
  endfacet
  facet normal 0.740462 -0.672098 0
    outer loop
      vertex 29.4697 0.53033 0
      vertex 29.4202 0.475795 3
      vertex 29.4202 0.475795 0
    endloop
  endfacet
  facet normal 0.427731 -0.903906 0
    outer loop
      vertex 29.6465 0.661441 0
      vertex 29.713 0.692909 3
      vertex 29.6465 0.661441 3
    endloop
  endfacet
  facet normal 0.427731 -0.903906 0
    outer loop
      vertex 29.713 0.692909 3
      vertex 29.6465 0.661441 0
      vertex 29.713 0.692909 0
    endloop
  endfacet
  facet normal -0.85796 0.513716 0
    outer loop
      vertex 30.6236 -0.416677 0
      vertex 30.6614 -0.353547 3
      vertex 30.6614 -0.353547 0
    endloop
  endfacet
  facet normal -0.85796 0.513716 0
    outer loop
      vertex 30.6614 -0.353547 3
      vertex 30.6236 -0.416677 0
      vertex 30.6236 -0.416677 3
    endloop
  endfacet
  facet normal -0.903825 -0.427902 0
    outer loop
      vertex 30.6929 0.287012 0
      vertex 30.6614 0.353547 3
      vertex 30.6614 0.353547 0
    endloop
  endfacet
  facet normal -0.903825 -0.427902 0
    outer loop
      vertex 30.6614 0.353547 3
      vertex 30.6929 0.287012 0
      vertex 30.6929 0.287012 3
    endloop
  endfacet
  facet normal -0.336891 -0.941544 0
    outer loop
      vertex 30.2177 0.717705 0
      vertex 30.287 0.692909 3
      vertex 30.2177 0.717705 3
    endloop
  endfacet
  facet normal -0.336891 -0.941544 -0
    outer loop
      vertex 30.287 0.692909 3
      vertex 30.2177 0.717705 0
      vertex 30.287 0.692909 0
    endloop
  endfacet
  facet normal -0.513687 -0.857978 0
    outer loop
      vertex 30.3535 0.661441 0
      vertex 30.4167 0.623602 3
      vertex 30.3535 0.661441 3
    endloop
  endfacet
  facet normal -0.513687 -0.857978 -0
    outer loop
      vertex 30.4167 0.623602 3
      vertex 30.3535 0.661441 0
      vertex 30.4167 0.623602 0
    endloop
  endfacet
  facet normal 0.941525 -0.336943 0
    outer loop
      vertex 29.2823 0.217713 3
      vertex 29.3071 0.287012 0
      vertex 29.3071 0.287012 3
    endloop
  endfacet
  facet normal 0.941525 -0.336943 0
    outer loop
      vertex 29.3071 0.287012 0
      vertex 29.2823 0.217713 3
      vertex 29.2823 0.217713 0
    endloop
  endfacet
  facet normal 0.242958 -0.970037 0
    outer loop
      vertex 29.7823 0.717705 0
      vertex 29.8537 0.735588 3
      vertex 29.7823 0.717705 3
    endloop
  endfacet
  facet normal 0.242958 -0.970037 0
    outer loop
      vertex 29.8537 0.735588 3
      vertex 29.7823 0.717705 0
      vertex 29.8537 0.735588 0
    endloop
  endfacet
  facet normal -0.336891 0.941544 0
    outer loop
      vertex 30.287 -0.692909 0
      vertex 30.2177 -0.717705 3
      vertex 30.287 -0.692909 3
    endloop
  endfacet
  facet normal -0.336891 0.941544 0
    outer loop
      vertex 30.2177 -0.717705 3
      vertex 30.287 -0.692909 0
      vertex 30.2177 -0.717705 0
    endloop
  endfacet
  facet normal -0.969979 -0.243188 0
    outer loop
      vertex 30.7356 0.146317 0
      vertex 30.7177 0.217713 3
      vertex 30.7177 0.217713 0
    endloop
  endfacet
  facet normal -0.969979 -0.243188 0
    outer loop
      vertex 30.7177 0.217713 3
      vertex 30.7356 0.146317 0
      vertex 30.7356 0.146317 3
    endloop
  endfacet
  facet normal -0.989176 -0.146736 0
    outer loop
      vertex 30.7464 0.0735121 0
      vertex 30.7356 0.146317 3
      vertex 30.7356 0.146317 0
    endloop
  endfacet
  facet normal -0.989176 -0.146736 0
    outer loop
      vertex 30.7356 0.146317 3
      vertex 30.7464 0.0735121 0
      vertex 30.7464 0.0735121 3
    endloop
  endfacet
  facet normal -0.941525 -0.336943 0
    outer loop
      vertex 30.7177 0.217713 0
      vertex 30.6929 0.287012 3
      vertex 30.6929 0.287012 0
    endloop
  endfacet
  facet normal -0.941525 -0.336943 0
    outer loop
      vertex 30.6929 0.287012 3
      vertex 30.7177 0.217713 0
      vertex 30.7177 0.217713 3
    endloop
  endfacet
  facet normal -0.803499 -0.595306 0
    outer loop
      vertex 30.6236 0.416677 0
      vertex 30.5798 0.475795 3
      vertex 30.5798 0.475795 0
    endloop
  endfacet
  facet normal -0.803499 -0.595306 0
    outer loop
      vertex 30.5798 0.475795 3
      vertex 30.6236 0.416677 0
      vertex 30.6236 0.416677 3
    endloop
  endfacet
  facet normal -0.740462 -0.672098 0
    outer loop
      vertex 30.5798 0.475795 0
      vertex 30.5303 0.53033 3
      vertex 30.5303 0.53033 0
    endloop
  endfacet
  facet normal -0.740462 -0.672098 0
    outer loop
      vertex 30.5303 0.53033 3
      vertex 30.5798 0.475795 0
      vertex 30.5798 0.475795 3
    endloop
  endfacet
  facet normal -0.85796 -0.513716 0
    outer loop
      vertex 30.6614 0.353547 0
      vertex 30.6236 0.416677 3
      vertex 30.6236 0.416677 0
    endloop
  endfacet
  facet normal -0.85796 -0.513716 0
    outer loop
      vertex 30.6236 0.416677 3
      vertex 30.6614 0.353547 0
      vertex 30.6614 0.353547 3
    endloop
  endfacet
  facet normal -0.146746 -0.989174 0
    outer loop
      vertex 30.0735 0.746388 0
      vertex 30.1463 0.735588 3
      vertex 30.0735 0.746388 3
    endloop
  endfacet
  facet normal -0.146746 -0.989174 -0
    outer loop
      vertex 30.1463 0.735588 3
      vertex 30.0735 0.746388 0
      vertex 30.1463 0.735588 0
    endloop
  endfacet
  facet normal -0.242958 -0.970037 0
    outer loop
      vertex 30.1463 0.735588 0
      vertex 30.2177 0.717705 3
      vertex 30.1463 0.735588 3
    endloop
  endfacet
  facet normal -0.242958 -0.970037 -0
    outer loop
      vertex 30.2177 0.717705 3
      vertex 30.1463 0.735588 0
      vertex 30.2177 0.717705 0
    endloop
  endfacet
  facet normal -0.0490836 -0.998795 0
    outer loop
      vertex 30 0.75 0
      vertex 30.0735 0.746388 3
      vertex 30 0.75 3
    endloop
  endfacet
  facet normal -0.0490836 -0.998795 -0
    outer loop
      vertex 30.0735 0.746388 3
      vertex 30 0.75 0
      vertex 30.0735 0.746388 0
    endloop
  endfacet
  facet normal -0.427731 -0.903906 0
    outer loop
      vertex 30.287 0.692909 0
      vertex 30.3535 0.661441 3
      vertex 30.287 0.692909 3
    endloop
  endfacet
  facet normal -0.427731 -0.903906 -0
    outer loop
      vertex 30.3535 0.661441 3
      vertex 30.287 0.692909 0
      vertex 30.3535 0.661441 0
    endloop
  endfacet
  facet normal -0.595808 -0.803127 0
    outer loop
      vertex 30.4167 0.623602 0
      vertex 30.4758 0.579758 3
      vertex 30.4167 0.623602 3
    endloop
  endfacet
  facet normal -0.595808 -0.803127 -0
    outer loop
      vertex 30.4758 0.579758 3
      vertex 30.4167 0.623602 0
      vertex 30.4758 0.579758 0
    endloop
  endfacet
  facet normal 0.989176 -0.146736 0
    outer loop
      vertex 29.2536 0.0735121 3
      vertex 29.2644 0.146317 0
      vertex 29.2644 0.146317 3
    endloop
  endfacet
  facet normal 0.989176 -0.146736 0
    outer loop
      vertex 29.2644 0.146317 0
      vertex 29.2536 0.0735121 3
      vertex 29.2536 0.0735121 0
    endloop
  endfacet
  facet normal 0.85796 -0.513716 0
    outer loop
      vertex 29.3386 0.353547 3
      vertex 29.3764 0.416677 0
      vertex 29.3764 0.416677 3
    endloop
  endfacet
  facet normal 0.85796 -0.513716 0
    outer loop
      vertex 29.3764 0.416677 0
      vertex 29.3386 0.353547 3
      vertex 29.3386 0.353547 0
    endloop
  endfacet
  facet normal 0.803499 -0.595306 0
    outer loop
      vertex 29.3764 0.416677 3
      vertex 29.4202 0.475795 0
      vertex 29.4202 0.475795 3
    endloop
  endfacet
  facet normal 0.803499 -0.595306 0
    outer loop
      vertex 29.4202 0.475795 0
      vertex 29.3764 0.416677 3
      vertex 29.3764 0.416677 0
    endloop
  endfacet
  facet normal 0.903825 -0.427902 0
    outer loop
      vertex 29.3071 0.287012 3
      vertex 29.3386 0.353547 0
      vertex 29.3386 0.353547 3
    endloop
  endfacet
  facet normal 0.903825 -0.427902 0
    outer loop
      vertex 29.3386 0.353547 0
      vertex 29.3071 0.287012 3
      vertex 29.3071 0.287012 0
    endloop
  endfacet
  facet normal 0.969979 -0.243188 0
    outer loop
      vertex 29.2644 0.146317 3
      vertex 29.2823 0.217713 0
      vertex 29.2823 0.217713 3
    endloop
  endfacet
  facet normal 0.969979 -0.243188 0
    outer loop
      vertex 29.2823 0.217713 0
      vertex 29.2644 0.146317 3
      vertex 29.2644 0.146317 0
    endloop
  endfacet
  facet normal 0.998803 -0.0489129 0
    outer loop
      vertex 29.25 0 3
      vertex 29.2536 0.0735121 0
      vertex 29.2536 0.0735121 3
    endloop
  endfacet
  facet normal 0.998803 -0.0489129 0
    outer loop
      vertex 29.2536 0.0735121 0
      vertex 29.25 0 3
      vertex 29.25 0 0
    endloop
  endfacet
  facet normal 0.595808 -0.803127 0
    outer loop
      vertex 29.5242 0.579758 0
      vertex 29.5833 0.623602 3
      vertex 29.5242 0.579758 3
    endloop
  endfacet
  facet normal 0.595808 -0.803127 0
    outer loop
      vertex 29.5833 0.623602 3
      vertex 29.5242 0.579758 0
      vertex 29.5833 0.623602 0
    endloop
  endfacet
  facet normal 0.513687 -0.857978 0
    outer loop
      vertex 29.5833 0.623602 0
      vertex 29.6465 0.661441 3
      vertex 29.5833 0.623602 3
    endloop
  endfacet
  facet normal 0.513687 -0.857978 0
    outer loop
      vertex 29.6465 0.661441 3
      vertex 29.5833 0.623602 0
      vertex 29.6465 0.661441 0
    endloop
  endfacet
  facet normal 0.671798 -0.740734 0
    outer loop
      vertex 29.4697 0.53033 0
      vertex 29.5242 0.579758 3
      vertex 29.4697 0.53033 3
    endloop
  endfacet
  facet normal 0.671798 -0.740734 0
    outer loop
      vertex 29.5242 0.579758 3
      vertex 29.4697 0.53033 0
      vertex 29.5242 0.579758 0
    endloop
  endfacet
  facet normal 0.336891 -0.941544 0
    outer loop
      vertex 29.713 0.692909 0
      vertex 29.7823 0.717705 3
      vertex 29.713 0.692909 3
    endloop
  endfacet
  facet normal 0.336891 -0.941544 0
    outer loop
      vertex 29.7823 0.717705 3
      vertex 29.713 0.692909 0
      vertex 29.7823 0.717705 0
    endloop
  endfacet
  facet normal 0.146746 -0.989174 0
    outer loop
      vertex 29.8537 0.735588 0
      vertex 29.9265 0.746388 3
      vertex 29.8537 0.735588 3
    endloop
  endfacet
  facet normal 0.146746 -0.989174 0
    outer loop
      vertex 29.9265 0.746388 3
      vertex 29.8537 0.735588 0
      vertex 29.9265 0.746388 0
    endloop
  endfacet
  facet normal -0.998803 0.0489129 0
    outer loop
      vertex 30.7464 -0.0735121 0
      vertex 30.75 0 3
      vertex 30.75 0 0
    endloop
  endfacet
  facet normal -0.998803 0.0489129 0
    outer loop
      vertex 30.75 0 3
      vertex 30.7464 -0.0735121 0
      vertex 30.7464 -0.0735121 3
    endloop
  endfacet
  facet normal -0.740462 0.672098 0
    outer loop
      vertex 30.5303 -0.53033 0
      vertex 30.5798 -0.475795 3
      vertex 30.5798 -0.475795 0
    endloop
  endfacet
  facet normal -0.740462 0.672098 0
    outer loop
      vertex 30.5798 -0.475795 3
      vertex 30.5303 -0.53033 0
      vertex 30.5303 -0.53033 3
    endloop
  endfacet
  facet normal 0.595808 0.803127 -0
    outer loop
      vertex 29.5833 -0.623602 0
      vertex 29.5242 -0.579758 3
      vertex 29.5833 -0.623602 3
    endloop
  endfacet
  facet normal 0.595808 0.803127 0
    outer loop
      vertex 29.5242 -0.579758 3
      vertex 29.5833 -0.623602 0
      vertex 29.5242 -0.579758 0
    endloop
  endfacet
  facet normal 0.85796 0.513716 0
    outer loop
      vertex 29.3764 -0.416677 3
      vertex 29.3386 -0.353547 0
      vertex 29.3386 -0.353547 3
    endloop
  endfacet
  facet normal 0.85796 0.513716 0
    outer loop
      vertex 29.3386 -0.353547 0
      vertex 29.3764 -0.416677 3
      vertex 29.3764 -0.416677 0
    endloop
  endfacet
  facet normal 0.740462 0.672098 0
    outer loop
      vertex 29.4697 -0.53033 3
      vertex 29.4202 -0.475795 0
      vertex 29.4202 -0.475795 3
    endloop
  endfacet
  facet normal 0.740462 0.672098 0
    outer loop
      vertex 29.4202 -0.475795 0
      vertex 29.4697 -0.53033 3
      vertex 29.4697 -0.53033 0
    endloop
  endfacet
  facet normal 0.998803 0.0489129 0
    outer loop
      vertex 29.2536 -0.0735121 3
      vertex 29.25 0 0
      vertex 29.25 0 3
    endloop
  endfacet
  facet normal 0.998803 0.0489129 0
    outer loop
      vertex 29.25 0 0
      vertex 29.2536 -0.0735121 3
      vertex 29.2536 -0.0735121 0
    endloop
  endfacet
  facet normal -0.969979 0.243188 0
    outer loop
      vertex 30.7177 -0.217713 0
      vertex 30.7356 -0.146317 3
      vertex 30.7356 -0.146317 0
    endloop
  endfacet
  facet normal -0.969979 0.243188 0
    outer loop
      vertex 30.7356 -0.146317 3
      vertex 30.7177 -0.217713 0
      vertex 30.7177 -0.217713 3
    endloop
  endfacet
  facet normal -0.671798 0.740734 0
    outer loop
      vertex 30.5303 -0.53033 0
      vertex 30.4758 -0.579758 3
      vertex 30.5303 -0.53033 3
    endloop
  endfacet
  facet normal -0.671798 0.740734 0
    outer loop
      vertex 30.4758 -0.579758 3
      vertex 30.5303 -0.53033 0
      vertex 30.4758 -0.579758 0
    endloop
  endfacet
  facet normal -0.903825 0.427902 0
    outer loop
      vertex 30.6614 -0.353547 0
      vertex 30.6929 -0.287012 3
      vertex 30.6929 -0.287012 0
    endloop
  endfacet
  facet normal -0.903825 0.427902 0
    outer loop
      vertex 30.6929 -0.287012 3
      vertex 30.6614 -0.353547 0
      vertex 30.6614 -0.353547 3
    endloop
  endfacet
  facet normal -0.803499 0.595306 0
    outer loop
      vertex 30.5798 -0.475795 0
      vertex 30.6236 -0.416677 3
      vertex 30.6236 -0.416677 0
    endloop
  endfacet
  facet normal -0.803499 0.595306 0
    outer loop
      vertex 30.6236 -0.416677 3
      vertex 30.5798 -0.475795 0
      vertex 30.5798 -0.475795 3
    endloop
  endfacet
  facet normal 0.671798 0.740734 -0
    outer loop
      vertex 29.5242 -0.579758 0
      vertex 29.4697 -0.53033 3
      vertex 29.5242 -0.579758 3
    endloop
  endfacet
  facet normal 0.671798 0.740734 0
    outer loop
      vertex 29.4697 -0.53033 3
      vertex 29.5242 -0.579758 0
      vertex 29.4697 -0.53033 0
    endloop
  endfacet
  facet normal 0.941525 0.336943 0
    outer loop
      vertex 29.3071 -0.287012 3
      vertex 29.2823 -0.217713 0
      vertex 29.2823 -0.217713 3
    endloop
  endfacet
  facet normal 0.941525 0.336943 0
    outer loop
      vertex 29.2823 -0.217713 0
      vertex 29.3071 -0.287012 3
      vertex 29.3071 -0.287012 0
    endloop
  endfacet
  facet normal 0.903825 0.427902 0
    outer loop
      vertex 29.3386 -0.353547 3
      vertex 29.3071 -0.287012 0
      vertex 29.3071 -0.287012 3
    endloop
  endfacet
  facet normal 0.903825 0.427902 0
    outer loop
      vertex 29.3071 -0.287012 0
      vertex 29.3386 -0.353547 3
      vertex 29.3386 -0.353547 0
    endloop
  endfacet
  facet normal 0.989176 0.146736 0
    outer loop
      vertex 29.2644 -0.146317 3
      vertex 29.2536 -0.0735121 0
      vertex 29.2536 -0.0735121 3
    endloop
  endfacet
  facet normal 0.989176 0.146736 0
    outer loop
      vertex 29.2536 -0.0735121 0
      vertex 29.2644 -0.146317 3
      vertex 29.2644 -0.146317 0
    endloop
  endfacet
  facet normal -0.146746 0.989174 0
    outer loop
      vertex 30.1463 -0.735588 0
      vertex 30.0735 -0.746388 3
      vertex 30.1463 -0.735588 3
    endloop
  endfacet
  facet normal -0.146746 0.989174 0
    outer loop
      vertex 30.0735 -0.746388 3
      vertex 30.1463 -0.735588 0
      vertex 30.0735 -0.746388 0
    endloop
  endfacet
  facet normal -0.427731 0.903906 0
    outer loop
      vertex 30.3535 -0.661441 0
      vertex 30.287 -0.692909 3
      vertex 30.3535 -0.661441 3
    endloop
  endfacet
  facet normal -0.427731 0.903906 0
    outer loop
      vertex 30.287 -0.692909 3
      vertex 30.3535 -0.661441 0
      vertex 30.287 -0.692909 0
    endloop
  endfacet
  facet normal -0.989176 0.146736 0
    outer loop
      vertex 30.7356 -0.146317 0
      vertex 30.7464 -0.0735121 3
      vertex 30.7464 -0.0735121 0
    endloop
  endfacet
  facet normal -0.989176 0.146736 0
    outer loop
      vertex 30.7464 -0.0735121 3
      vertex 30.7356 -0.146317 0
      vertex 30.7356 -0.146317 3
    endloop
  endfacet
  facet normal -0.941525 0.336943 0
    outer loop
      vertex 30.6929 -0.287012 0
      vertex 30.7177 -0.217713 3
      vertex 30.7177 -0.217713 0
    endloop
  endfacet
  facet normal -0.941525 0.336943 0
    outer loop
      vertex 30.7177 -0.217713 3
      vertex 30.6929 -0.287012 0
      vertex 30.6929 -0.287012 3
    endloop
  endfacet
  facet normal 0.0490836 0.998795 -0
    outer loop
      vertex 30 -0.75 0
      vertex 29.9265 -0.746388 3
      vertex 30 -0.75 3
    endloop
  endfacet
  facet normal 0.0490836 0.998795 0
    outer loop
      vertex 29.9265 -0.746388 3
      vertex 30 -0.75 0
      vertex 29.9265 -0.746388 0
    endloop
  endfacet
  facet normal 0.427731 0.903906 -0
    outer loop
      vertex 29.713 -0.692909 0
      vertex 29.6465 -0.661441 3
      vertex 29.713 -0.692909 3
    endloop
  endfacet
  facet normal 0.427731 0.903906 0
    outer loop
      vertex 29.6465 -0.661441 3
      vertex 29.713 -0.692909 0
      vertex 29.6465 -0.661441 0
    endloop
  endfacet
  facet normal 0.803499 0.595306 0
    outer loop
      vertex 29.4202 -0.475795 3
      vertex 29.3764 -0.416677 0
      vertex 29.3764 -0.416677 3
    endloop
  endfacet
  facet normal 0.803499 0.595306 0
    outer loop
      vertex 29.3764 -0.416677 0
      vertex 29.4202 -0.475795 3
      vertex 29.4202 -0.475795 0
    endloop
  endfacet
  facet normal 0.969979 0.243188 0
    outer loop
      vertex 29.2823 -0.217713 3
      vertex 29.2644 -0.146317 0
      vertex 29.2644 -0.146317 3
    endloop
  endfacet
  facet normal 0.969979 0.243188 0
    outer loop
      vertex 29.2644 -0.146317 0
      vertex 29.2823 -0.217713 3
      vertex 29.2823 -0.217713 0
    endloop
  endfacet
  facet normal -0.242958 0.970037 0
    outer loop
      vertex 30.2177 -0.717705 0
      vertex 30.1463 -0.735588 3
      vertex 30.2177 -0.717705 3
    endloop
  endfacet
  facet normal -0.242958 0.970037 0
    outer loop
      vertex 30.1463 -0.735588 3
      vertex 30.2177 -0.717705 0
      vertex 30.1463 -0.735588 0
    endloop
  endfacet
  facet normal -0.595808 0.803127 0
    outer loop
      vertex 30.4758 -0.579758 0
      vertex 30.4167 -0.623602 3
      vertex 30.4758 -0.579758 3
    endloop
  endfacet
  facet normal -0.595808 0.803127 0
    outer loop
      vertex 30.4167 -0.623602 3
      vertex 30.4758 -0.579758 0
      vertex 30.4167 -0.623602 0
    endloop
  endfacet
  facet normal -0.513687 0.857978 0
    outer loop
      vertex 30.4167 -0.623602 0
      vertex 30.3535 -0.661441 3
      vertex 30.4167 -0.623602 3
    endloop
  endfacet
  facet normal -0.513687 0.857978 0
    outer loop
      vertex 30.3535 -0.661441 3
      vertex 30.4167 -0.623602 0
      vertex 30.3535 -0.661441 0
    endloop
  endfacet
  facet normal 0.146746 0.989174 -0
    outer loop
      vertex 29.9265 -0.746388 0
      vertex 29.8537 -0.735588 3
      vertex 29.9265 -0.746388 3
    endloop
  endfacet
  facet normal 0.146746 0.989174 0
    outer loop
      vertex 29.8537 -0.735588 3
      vertex 29.9265 -0.746388 0
      vertex 29.8537 -0.735588 0
    endloop
  endfacet
  facet normal 0.242958 0.970037 -0
    outer loop
      vertex 29.8537 -0.735588 0
      vertex 29.7823 -0.717705 3
      vertex 29.8537 -0.735588 3
    endloop
  endfacet
  facet normal 0.242958 0.970037 0
    outer loop
      vertex 29.7823 -0.717705 3
      vertex 29.8537 -0.735588 0
      vertex 29.7823 -0.717705 0
    endloop
  endfacet
  facet normal 0.513687 0.857978 -0
    outer loop
      vertex 29.6465 -0.661441 0
      vertex 29.5833 -0.623602 3
      vertex 29.6465 -0.661441 3
    endloop
  endfacet
  facet normal 0.513687 0.857978 0
    outer loop
      vertex 29.5833 -0.623602 3
      vertex 29.6465 -0.661441 0
      vertex 29.5833 -0.623602 0
    endloop
  endfacet
  facet normal 0.336891 0.941544 -0
    outer loop
      vertex 29.7823 -0.717705 0
      vertex 29.713 -0.692909 3
      vertex 29.7823 -0.717705 3
    endloop
  endfacet
  facet normal 0.336891 0.941544 0
    outer loop
      vertex 29.713 -0.692909 3
      vertex 29.7823 -0.717705 0
      vertex 29.713 -0.692909 0
    endloop
  endfacet
  facet normal -0.998803 -0.0489143 0
    outer loop
      vertex 30.75 6 0
      vertex 30.7464 6.07351 3
      vertex 30.7464 6.07351 0
    endloop
  endfacet
  facet normal -0.998803 -0.0489143 0
    outer loop
      vertex 30.7464 6.07351 3
      vertex 30.75 6 0
      vertex 30.75 6 3
    endloop
  endfacet
  facet normal 0.0490565 -0.998796 0
    outer loop
      vertex 29.9265 6.74639 0
      vertex 30 6.75 3
      vertex 29.9265 6.74639 3
    endloop
  endfacet
  facet normal 0.0490565 -0.998796 0
    outer loop
      vertex 30 6.75 3
      vertex 29.9265 6.74639 0
      vertex 30 6.75 0
    endloop
  endfacet
  facet normal -0.671813 -0.740721 0
    outer loop
      vertex 30.4758 6.57976 0
      vertex 30.5303 6.53033 3
      vertex 30.4758 6.57976 3
    endloop
  endfacet
  facet normal -0.671813 -0.740721 -0
    outer loop
      vertex 30.5303 6.53033 3
      vertex 30.4758 6.57976 0
      vertex 30.5303 6.53033 0
    endloop
  endfacet
  facet normal 0.740493 -0.672064 0
    outer loop
      vertex 29.4202 6.47579 3
      vertex 29.4697 6.53033 0
      vertex 29.4697 6.53033 3
    endloop
  endfacet
  facet normal 0.740493 -0.672064 0
    outer loop
      vertex 29.4697 6.53033 0
      vertex 29.4202 6.47579 3
      vertex 29.4202 6.47579 0
    endloop
  endfacet
  facet normal 0.427753 -0.903896 0
    outer loop
      vertex 29.6465 6.66144 0
      vertex 29.713 6.69291 3
      vertex 29.6465 6.66144 3
    endloop
  endfacet
  facet normal 0.427753 -0.903896 0
    outer loop
      vertex 29.713 6.69291 3
      vertex 29.6465 6.66144 0
      vertex 29.713 6.69291 0
    endloop
  endfacet
  facet normal -0.903837 -0.427876 0
    outer loop
      vertex 30.6929 6.28701 0
      vertex 30.6614 6.35355 3
      vertex 30.6614 6.35355 0
    endloop
  endfacet
  facet normal -0.903837 -0.427876 0
    outer loop
      vertex 30.6614 6.35355 3
      vertex 30.6929 6.28701 0
      vertex 30.6929 6.28701 3
    endloop
  endfacet
  facet normal -0.336818 -0.94157 0
    outer loop
      vertex 30.2177 6.7177 0
      vertex 30.287 6.69291 3
      vertex 30.2177 6.7177 3
    endloop
  endfacet
  facet normal -0.336818 -0.94157 -0
    outer loop
      vertex 30.287 6.69291 3
      vertex 30.2177 6.7177 0
      vertex 30.287 6.69291 0
    endloop
  endfacet
  facet normal -0.513697 -0.857972 0
    outer loop
      vertex 30.3535 6.66144 0
      vertex 30.4167 6.6236 3
      vertex 30.3535 6.66144 3
    endloop
  endfacet
  facet normal -0.513697 -0.857972 -0
    outer loop
      vertex 30.4167 6.6236 3
      vertex 30.3535 6.66144 0
      vertex 30.4167 6.6236 0
    endloop
  endfacet
  facet normal 0.941527 -0.336939 0
    outer loop
      vertex 29.2823 6.21771 3
      vertex 29.3071 6.28701 0
      vertex 29.3071 6.28701 3
    endloop
  endfacet
  facet normal 0.941527 -0.336939 0
    outer loop
      vertex 29.3071 6.28701 0
      vertex 29.2823 6.21771 3
      vertex 29.2823 6.21771 0
    endloop
  endfacet
  facet normal 0.243047 -0.970015 0
    outer loop
      vertex 29.7823 6.7177 0
      vertex 29.8537 6.73559 3
      vertex 29.7823 6.7177 3
    endloop
  endfacet
  facet normal 0.243047 -0.970015 0
    outer loop
      vertex 29.8537 6.73559 3
      vertex 29.7823 6.7177 0
      vertex 29.8537 6.73559 0
    endloop
  endfacet
  facet normal -0.969974 -0.243207 0
    outer loop
      vertex 30.7356 6.14632 0
      vertex 30.7177 6.21771 3
      vertex 30.7177 6.21771 0
    endloop
  endfacet
  facet normal -0.969974 -0.243207 0
    outer loop
      vertex 30.7177 6.21771 3
      vertex 30.7356 6.14632 0
      vertex 30.7356 6.14632 3
    endloop
  endfacet
  facet normal -0.989177 -0.146726 0
    outer loop
      vertex 30.7464 6.07351 0
      vertex 30.7356 6.14632 3
      vertex 30.7356 6.14632 0
    endloop
  endfacet
  facet normal -0.989177 -0.146726 0
    outer loop
      vertex 30.7356 6.14632 3
      vertex 30.7464 6.07351 0
      vertex 30.7464 6.07351 3
    endloop
  endfacet
  facet normal -0.941527 -0.336939 0
    outer loop
      vertex 30.7177 6.21771 0
      vertex 30.6929 6.28701 3
      vertex 30.6929 6.28701 0
    endloop
  endfacet
  facet normal -0.941527 -0.336939 0
    outer loop
      vertex 30.6929 6.28701 3
      vertex 30.7177 6.21771 0
      vertex 30.7177 6.21771 3
    endloop
  endfacet
  facet normal -0.803461 -0.595358 0
    outer loop
      vertex 30.6236 6.41668 0
      vertex 30.5798 6.47579 3
      vertex 30.5798 6.47579 0
    endloop
  endfacet
  facet normal -0.803461 -0.595358 0
    outer loop
      vertex 30.5798 6.47579 3
      vertex 30.6236 6.41668 0
      vertex 30.6236 6.41668 3
    endloop
  endfacet
  facet normal -0.740493 -0.672064 0
    outer loop
      vertex 30.5798 6.47579 0
      vertex 30.5303 6.53033 3
      vertex 30.5303 6.53033 0
    endloop
  endfacet
  facet normal -0.740493 -0.672064 0
    outer loop
      vertex 30.5303 6.53033 3
      vertex 30.5798 6.47579 0
      vertex 30.5798 6.47579 3
    endloop
  endfacet
  facet normal -0.85796 -0.513716 0
    outer loop
      vertex 30.6614 6.35355 0
      vertex 30.6236 6.41668 3
      vertex 30.6236 6.41668 0
    endloop
  endfacet
  facet normal -0.85796 -0.513716 0
    outer loop
      vertex 30.6236 6.41668 3
      vertex 30.6614 6.35355 0
      vertex 30.6614 6.35355 3
    endloop
  endfacet
  facet normal -0.146746 -0.989174 0
    outer loop
      vertex 30.0735 6.74639 0
      vertex 30.1463 6.73559 3
      vertex 30.0735 6.74639 3
    endloop
  endfacet
  facet normal -0.146746 -0.989174 -0
    outer loop
      vertex 30.1463 6.73559 3
      vertex 30.0735 6.74639 0
      vertex 30.1463 6.73559 0
    endloop
  endfacet
  facet normal -0.243047 -0.970015 0
    outer loop
      vertex 30.1463 6.73559 0
      vertex 30.2177 6.7177 3
      vertex 30.1463 6.73559 3
    endloop
  endfacet
  facet normal -0.243047 -0.970015 -0
    outer loop
      vertex 30.2177 6.7177 3
      vertex 30.1463 6.73559 0
      vertex 30.2177 6.7177 0
    endloop
  endfacet
  facet normal -0.0490565 -0.998796 0
    outer loop
      vertex 30 6.75 0
      vertex 30.0735 6.74639 3
      vertex 30 6.75 3
    endloop
  endfacet
  facet normal -0.0490565 -0.998796 -0
    outer loop
      vertex 30.0735 6.74639 3
      vertex 30 6.75 0
      vertex 30.0735 6.74639 0
    endloop
  endfacet
  facet normal -0.427753 -0.903896 0
    outer loop
      vertex 30.287 6.69291 0
      vertex 30.3535 6.66144 3
      vertex 30.287 6.69291 3
    endloop
  endfacet
  facet normal -0.427753 -0.903896 -0
    outer loop
      vertex 30.3535 6.66144 3
      vertex 30.287 6.69291 0
      vertex 30.3535 6.66144 0
    endloop
  endfacet
  facet normal -0.595773 -0.803153 0
    outer loop
      vertex 30.4167 6.6236 0
      vertex 30.4758 6.57976 3
      vertex 30.4167 6.6236 3
    endloop
  endfacet
  facet normal -0.595773 -0.803153 -0
    outer loop
      vertex 30.4758 6.57976 3
      vertex 30.4167 6.6236 0
      vertex 30.4758 6.57976 0
    endloop
  endfacet
  facet normal 0.989177 -0.146726 0
    outer loop
      vertex 29.2536 6.07351 3
      vertex 29.2644 6.14632 0
      vertex 29.2644 6.14632 3
    endloop
  endfacet
  facet normal 0.989177 -0.146726 0
    outer loop
      vertex 29.2644 6.14632 0
      vertex 29.2536 6.07351 3
      vertex 29.2536 6.07351 0
    endloop
  endfacet
  facet normal 0.85796 -0.513716 0
    outer loop
      vertex 29.3386 6.35355 3
      vertex 29.3764 6.41668 0
      vertex 29.3764 6.41668 3
    endloop
  endfacet
  facet normal 0.85796 -0.513716 0
    outer loop
      vertex 29.3764 6.41668 0
      vertex 29.3386 6.35355 3
      vertex 29.3386 6.35355 0
    endloop
  endfacet
  facet normal 0.803461 -0.595358 0
    outer loop
      vertex 29.3764 6.41668 3
      vertex 29.4202 6.47579 0
      vertex 29.4202 6.47579 3
    endloop
  endfacet
  facet normal 0.803461 -0.595358 0
    outer loop
      vertex 29.4202 6.47579 0
      vertex 29.3764 6.41668 3
      vertex 29.3764 6.41668 0
    endloop
  endfacet
  facet normal 0.903837 -0.427876 0
    outer loop
      vertex 29.3071 6.28701 3
      vertex 29.3386 6.35355 0
      vertex 29.3386 6.35355 3
    endloop
  endfacet
  facet normal 0.903837 -0.427876 0
    outer loop
      vertex 29.3386 6.35355 0
      vertex 29.3071 6.28701 3
      vertex 29.3071 6.28701 0
    endloop
  endfacet
  facet normal 0.969974 -0.243207 0
    outer loop
      vertex 29.2644 6.14632 3
      vertex 29.2823 6.21771 0
      vertex 29.2823 6.21771 3
    endloop
  endfacet
  facet normal 0.969974 -0.243207 0
    outer loop
      vertex 29.2823 6.21771 0
      vertex 29.2644 6.14632 3
      vertex 29.2644 6.14632 0
    endloop
  endfacet
  facet normal 0.998803 -0.0489143 0
    outer loop
      vertex 29.25 6 3
      vertex 29.2536 6.07351 0
      vertex 29.2536 6.07351 3
    endloop
  endfacet
  facet normal 0.998803 -0.0489143 0
    outer loop
      vertex 29.2536 6.07351 0
      vertex 29.25 6 3
      vertex 29.25 6 0
    endloop
  endfacet
  facet normal 0.595773 -0.803153 0
    outer loop
      vertex 29.5242 6.57976 0
      vertex 29.5833 6.6236 3
      vertex 29.5242 6.57976 3
    endloop
  endfacet
  facet normal 0.595773 -0.803153 0
    outer loop
      vertex 29.5833 6.6236 3
      vertex 29.5242 6.57976 0
      vertex 29.5833 6.6236 0
    endloop
  endfacet
  facet normal 0.513697 -0.857972 0
    outer loop
      vertex 29.5833 6.6236 0
      vertex 29.6465 6.66144 3
      vertex 29.5833 6.6236 3
    endloop
  endfacet
  facet normal 0.513697 -0.857972 0
    outer loop
      vertex 29.6465 6.66144 3
      vertex 29.5833 6.6236 0
      vertex 29.6465 6.66144 0
    endloop
  endfacet
  facet normal 0.671813 -0.740721 0
    outer loop
      vertex 29.4697 6.53033 0
      vertex 29.5242 6.57976 3
      vertex 29.4697 6.53033 3
    endloop
  endfacet
  facet normal 0.671813 -0.740721 0
    outer loop
      vertex 29.5242 6.57976 3
      vertex 29.4697 6.53033 0
      vertex 29.5242 6.57976 0
    endloop
  endfacet
  facet normal 0.336818 -0.94157 0
    outer loop
      vertex 29.713 6.69291 0
      vertex 29.7823 6.7177 3
      vertex 29.713 6.69291 3
    endloop
  endfacet
  facet normal 0.336818 -0.94157 0
    outer loop
      vertex 29.7823 6.7177 3
      vertex 29.713 6.69291 0
      vertex 29.7823 6.7177 0
    endloop
  endfacet
  facet normal 0.146746 -0.989174 0
    outer loop
      vertex 29.8537 6.73559 0
      vertex 29.9265 6.74639 3
      vertex 29.8537 6.73559 3
    endloop
  endfacet
  facet normal 0.146746 -0.989174 0
    outer loop
      vertex 29.9265 6.74639 3
      vertex 29.8537 6.73559 0
      vertex 29.9265 6.74639 0
    endloop
  endfacet
  facet normal -0.146746 0.989174 0
    outer loop
      vertex 30.1463 5.26441 0
      vertex 30.0735 5.25361 3
      vertex 30.1463 5.26441 3
    endloop
  endfacet
  facet normal -0.146746 0.989174 0
    outer loop
      vertex 30.0735 5.25361 3
      vertex 30.1463 5.26441 0
      vertex 30.0735 5.25361 0
    endloop
  endfacet
  facet normal -0.336939 0.941527 0
    outer loop
      vertex 30.287 5.30709 0
      vertex 30.2177 5.28229 3
      vertex 30.287 5.30709 3
    endloop
  endfacet
  facet normal -0.336939 0.941527 0
    outer loop
      vertex 30.2177 5.28229 3
      vertex 30.287 5.30709 0
      vertex 30.2177 5.28229 0
    endloop
  endfacet
  facet normal -0.671813 0.740721 0
    outer loop
      vertex 30.5303 5.46967 0
      vertex 30.4758 5.42024 3
      vertex 30.5303 5.46967 3
    endloop
  endfacet
  facet normal -0.671813 0.740721 0
    outer loop
      vertex 30.4758 5.42024 3
      vertex 30.5303 5.46967 0
      vertex 30.4758 5.42024 0
    endloop
  endfacet
  facet normal -0.513697 0.857972 0
    outer loop
      vertex 30.4167 5.3764 0
      vertex 30.3535 5.33856 3
      vertex 30.4167 5.3764 3
    endloop
  endfacet
  facet normal -0.513697 0.857972 0
    outer loop
      vertex 30.3535 5.33856 3
      vertex 30.4167 5.3764 0
      vertex 30.3535 5.33856 0
    endloop
  endfacet
  facet normal -0.803509 0.595293 0
    outer loop
      vertex 30.5798 5.5242 0
      vertex 30.6236 5.58332 3
      vertex 30.6236 5.58332 0
    endloop
  endfacet
  facet normal -0.803509 0.595293 0
    outer loop
      vertex 30.6236 5.58332 3
      vertex 30.5798 5.5242 0
      vertex 30.5798 5.5242 3
    endloop
  endfacet
  facet normal -0.903837 0.427876 0
    outer loop
      vertex 30.6614 5.64645 0
      vertex 30.6929 5.71299 3
      vertex 30.6929 5.71299 0
    endloop
  endfacet
  facet normal -0.903837 0.427876 0
    outer loop
      vertex 30.6929 5.71299 3
      vertex 30.6614 5.64645 0
      vertex 30.6614 5.64645 3
    endloop
  endfacet
  facet normal 0.595773 0.803153 -0
    outer loop
      vertex 29.5833 5.3764 0
      vertex 29.5242 5.42024 3
      vertex 29.5833 5.3764 3
    endloop
  endfacet
  facet normal 0.595773 0.803153 0
    outer loop
      vertex 29.5242 5.42024 3
      vertex 29.5833 5.3764 0
      vertex 29.5242 5.42024 0
    endloop
  endfacet
  facet normal 0.427753 0.903896 -0
    outer loop
      vertex 29.713 5.30709 0
      vertex 29.6465 5.33856 3
      vertex 29.713 5.30709 3
    endloop
  endfacet
  facet normal 0.427753 0.903896 0
    outer loop
      vertex 29.6465 5.33856 3
      vertex 29.713 5.30709 0
      vertex 29.6465 5.33856 0
    endloop
  endfacet
  facet normal 0.242919 0.970047 -0
    outer loop
      vertex 29.8537 5.26441 0
      vertex 29.7823 5.28229 3
      vertex 29.8537 5.26441 3
    endloop
  endfacet
  facet normal 0.242919 0.970047 0
    outer loop
      vertex 29.7823 5.28229 3
      vertex 29.8537 5.26441 0
      vertex 29.7823 5.28229 0
    endloop
  endfacet
  facet normal 0.0490565 0.998796 -0
    outer loop
      vertex 30 5.25 0
      vertex 29.9265 5.25361 3
      vertex 30 5.25 3
    endloop
  endfacet
  facet normal 0.0490565 0.998796 0
    outer loop
      vertex 29.9265 5.25361 3
      vertex 30 5.25 0
      vertex 29.9265 5.25361 0
    endloop
  endfacet
  facet normal 0.85796 0.513716 0
    outer loop
      vertex 29.3764 5.58332 3
      vertex 29.3386 5.64645 0
      vertex 29.3386 5.64645 3
    endloop
  endfacet
  facet normal 0.85796 0.513716 0
    outer loop
      vertex 29.3386 5.64645 0
      vertex 29.3764 5.58332 3
      vertex 29.3764 5.58332 0
    endloop
  endfacet
  facet normal 0.740431 0.672132 0
    outer loop
      vertex 29.4697 5.46967 3
      vertex 29.4202 5.5242 0
      vertex 29.4202 5.5242 3
    endloop
  endfacet
  facet normal 0.740431 0.672132 0
    outer loop
      vertex 29.4202 5.5242 0
      vertex 29.4697 5.46967 3
      vertex 29.4697 5.46967 0
    endloop
  endfacet
  facet normal 0.941527 0.336939 0
    outer loop
      vertex 29.3071 5.71299 3
      vertex 29.2823 5.78229 0
      vertex 29.2823 5.78229 3
    endloop
  endfacet
  facet normal 0.941527 0.336939 0
    outer loop
      vertex 29.2823 5.78229 0
      vertex 29.3071 5.71299 3
      vertex 29.3071 5.71299 0
    endloop
  endfacet
  facet normal 0.989177 0.146726 0
    outer loop
      vertex 29.2644 5.85368 3
      vertex 29.2536 5.92649 0
      vertex 29.2536 5.92649 3
    endloop
  endfacet
  facet normal 0.989177 0.146726 0
    outer loop
      vertex 29.2536 5.92649 0
      vertex 29.2644 5.85368 3
      vertex 29.2644 5.85368 0
    endloop
  endfacet
  facet normal 0.998803 0.0489143 0
    outer loop
      vertex 29.2536 5.92649 3
      vertex 29.25 6 0
      vertex 29.25 6 3
    endloop
  endfacet
  facet normal 0.998803 0.0489143 0
    outer loop
      vertex 29.25 6 0
      vertex 29.2536 5.92649 3
      vertex 29.2536 5.92649 0
    endloop
  endfacet
  facet normal -0.242919 0.970047 0
    outer loop
      vertex 30.2177 5.28229 0
      vertex 30.1463 5.26441 3
      vertex 30.2177 5.28229 3
    endloop
  endfacet
  facet normal -0.242919 0.970047 0
    outer loop
      vertex 30.1463 5.26441 3
      vertex 30.2177 5.28229 0
      vertex 30.1463 5.26441 0
    endloop
  endfacet
  facet normal -0.427753 0.903896 0
    outer loop
      vertex 30.3535 5.33856 0
      vertex 30.287 5.30709 3
      vertex 30.3535 5.33856 3
    endloop
  endfacet
  facet normal -0.427753 0.903896 0
    outer loop
      vertex 30.287 5.30709 3
      vertex 30.3535 5.33856 0
      vertex 30.287 5.30709 0
    endloop
  endfacet
  facet normal -0.740431 0.672132 0
    outer loop
      vertex 30.5303 5.46967 0
      vertex 30.5798 5.5242 3
      vertex 30.5798 5.5242 0
    endloop
  endfacet
  facet normal -0.740431 0.672132 0
    outer loop
      vertex 30.5798 5.5242 3
      vertex 30.5303 5.46967 0
      vertex 30.5303 5.46967 3
    endloop
  endfacet
  facet normal -0.595773 0.803153 0
    outer loop
      vertex 30.4758 5.42024 0
      vertex 30.4167 5.3764 3
      vertex 30.4758 5.42024 3
    endloop
  endfacet
  facet normal -0.595773 0.803153 0
    outer loop
      vertex 30.4167 5.3764 3
      vertex 30.4758 5.42024 0
      vertex 30.4167 5.3764 0
    endloop
  endfacet
  facet normal -0.85796 0.513716 0
    outer loop
      vertex 30.6236 5.58332 0
      vertex 30.6614 5.64645 3
      vertex 30.6614 5.64645 0
    endloop
  endfacet
  facet normal -0.85796 0.513716 0
    outer loop
      vertex 30.6614 5.64645 3
      vertex 30.6236 5.58332 0
      vertex 30.6236 5.58332 3
    endloop
  endfacet
  facet normal -0.941527 0.336939 0
    outer loop
      vertex 30.6929 5.71299 0
      vertex 30.7177 5.78229 3
      vertex 30.7177 5.78229 0
    endloop
  endfacet
  facet normal -0.941527 0.336939 0
    outer loop
      vertex 30.7177 5.78229 3
      vertex 30.6929 5.71299 0
      vertex 30.6929 5.71299 3
    endloop
  endfacet
  facet normal -0.989177 0.146726 0
    outer loop
      vertex 30.7356 5.85368 0
      vertex 30.7464 5.92649 3
      vertex 30.7464 5.92649 0
    endloop
  endfacet
  facet normal -0.989177 0.146726 0
    outer loop
      vertex 30.7464 5.92649 3
      vertex 30.7356 5.85368 0
      vertex 30.7356 5.85368 3
    endloop
  endfacet
  facet normal -0.969974 0.243207 0
    outer loop
      vertex 30.7177 5.78229 0
      vertex 30.7356 5.85368 3
      vertex 30.7356 5.85368 0
    endloop
  endfacet
  facet normal -0.969974 0.243207 0
    outer loop
      vertex 30.7356 5.85368 3
      vertex 30.7177 5.78229 0
      vertex 30.7177 5.78229 3
    endloop
  endfacet
  facet normal -0.998803 0.0489143 0
    outer loop
      vertex 30.7464 5.92649 0
      vertex 30.75 6 3
      vertex 30.75 6 0
    endloop
  endfacet
  facet normal -0.998803 0.0489143 0
    outer loop
      vertex 30.75 6 3
      vertex 30.7464 5.92649 0
      vertex 30.7464 5.92649 3
    endloop
  endfacet
  facet normal 0.513697 0.857972 -0
    outer loop
      vertex 29.6465 5.33856 0
      vertex 29.5833 5.3764 3
      vertex 29.6465 5.33856 3
    endloop
  endfacet
  facet normal 0.513697 0.857972 0
    outer loop
      vertex 29.5833 5.3764 3
      vertex 29.6465 5.33856 0
      vertex 29.5833 5.3764 0
    endloop
  endfacet
  facet normal 0.336939 0.941527 -0
    outer loop
      vertex 29.7823 5.28229 0
      vertex 29.713 5.30709 3
      vertex 29.7823 5.28229 3
    endloop
  endfacet
  facet normal 0.336939 0.941527 0
    outer loop
      vertex 29.713 5.30709 3
      vertex 29.7823 5.28229 0
      vertex 29.713 5.30709 0
    endloop
  endfacet
  facet normal 0.146746 0.989174 -0
    outer loop
      vertex 29.9265 5.25361 0
      vertex 29.8537 5.26441 3
      vertex 29.9265 5.25361 3
    endloop
  endfacet
  facet normal 0.146746 0.989174 0
    outer loop
      vertex 29.8537 5.26441 3
      vertex 29.9265 5.25361 0
      vertex 29.8537 5.26441 0
    endloop
  endfacet
  facet normal -0.0490565 0.998796 0
    outer loop
      vertex 30.0735 5.25361 0
      vertex 30 5.25 3
      vertex 30.0735 5.25361 3
    endloop
  endfacet
  facet normal -0.0490565 0.998796 0
    outer loop
      vertex 30 5.25 3
      vertex 30.0735 5.25361 0
      vertex 30 5.25 0
    endloop
  endfacet
  facet normal 0.803509 0.595293 0
    outer loop
      vertex 29.4202 5.5242 3
      vertex 29.3764 5.58332 0
      vertex 29.3764 5.58332 3
    endloop
  endfacet
  facet normal 0.803509 0.595293 0
    outer loop
      vertex 29.3764 5.58332 0
      vertex 29.4202 5.5242 3
      vertex 29.4202 5.5242 0
    endloop
  endfacet
  facet normal 0.671813 0.740721 -0
    outer loop
      vertex 29.5242 5.42024 0
      vertex 29.4697 5.46967 3
      vertex 29.5242 5.42024 3
    endloop
  endfacet
  facet normal 0.671813 0.740721 0
    outer loop
      vertex 29.4697 5.46967 3
      vertex 29.5242 5.42024 0
      vertex 29.4697 5.46967 0
    endloop
  endfacet
  facet normal 0.903837 0.427876 0
    outer loop
      vertex 29.3386 5.64645 3
      vertex 29.3071 5.71299 0
      vertex 29.3071 5.71299 3
    endloop
  endfacet
  facet normal 0.903837 0.427876 0
    outer loop
      vertex 29.3071 5.71299 0
      vertex 29.3386 5.64645 3
      vertex 29.3386 5.64645 0
    endloop
  endfacet
  facet normal 0.969974 0.243207 0
    outer loop
      vertex 29.2823 5.78229 3
      vertex 29.2644 5.85368 0
      vertex 29.2644 5.85368 3
    endloop
  endfacet
  facet normal 0.969974 0.243207 0
    outer loop
      vertex 29.2644 5.85368 0
      vertex 29.2823 5.78229 3
      vertex 29.2823 5.78229 0
    endloop
  endfacet
  facet normal -0.998795 0.0490679 0
    outer loop
      vertex -7 0 0
      vertex -6.91814 1.66629 26
      vertex -6.91814 1.66629 0
    endloop
  endfacet
  facet normal -0.998795 0.0490679 0
    outer loop
      vertex -6.91814 1.66629 26
      vertex -7 0 0
      vertex -7 0 26
    endloop
  endfacet
  facet normal 0.941551 0.336872 0
    outer loop
      vertex 46.268 4.93484 26
      vertex 45.706 6.50562 0
      vertex 45.706 6.50562 26
    endloop
  endfacet
  facet normal 0.941551 0.336872 0
    outer loop
      vertex 45.706 6.50562 0
      vertex 46.268 4.93484 26
      vertex 46.268 4.93484 0
    endloop
  endfacet
  facet normal 0.427566 0.903984 -0
    outer loop
      vertex 38.0137 14.9927 0
      vertex 36.5056 15.706 26
      vertex 38.0137 14.9927 26
    endloop
  endfacet
  facet normal 0.427566 0.903984 0
    outer loop
      vertex 36.5056 15.706 26
      vertex 38.0137 14.9927 0
      vertex 36.5056 15.706 0
    endloop
  endfacet
  facet normal 0 1 -0
    outer loop
      vertex 30 17 0
      vertex 10 17 26
      vertex 30 17 26
    endloop
  endfacet
  facet normal 0 1 0
    outer loop
      vertex 10 17 26
      vertex 30 17 0
      vertex 10 17 0
    endloop
  endfacet
  facet normal -0.336872 -0.941551 0
    outer loop
      vertex 3.49438 -15.706 0
      vertex 5.06516 -16.268 26
      vertex 3.49438 -15.706 26
    endloop
  endfacet
  facet normal -0.336872 -0.941551 -0
    outer loop
      vertex 5.06516 -16.268 26
      vertex 3.49438 -15.706 0
      vertex 5.06516 -16.268 0
    endloop
  endfacet
  facet normal 0.14674 0.989175 -0
    outer loop
      vertex 33.3165 16.6733 0
      vertex 31.6663 16.9181 26
      vertex 33.3165 16.6733 26
    endloop
  endfacet
  facet normal 0.14674 0.989175 0
    outer loop
      vertex 31.6663 16.9181 26
      vertex 33.3165 16.6733 0
      vertex 31.6663 16.9181 0
    endloop
  endfacet
  facet normal 0.67158 0.740932 -0
    outer loop
      vertex 42.0208 12.0208 0
      vertex 40.7847 13.1412 26
      vertex 42.0208 12.0208 26
    endloop
  endfacet
  facet normal 0.67158 0.740932 0
    outer loop
      vertex 40.7847 13.1412 26
      vertex 42.0208 12.0208 0
      vertex 40.7847 13.1412 0
    endloop
  endfacet
  facet normal 0.989176 0.146736 0
    outer loop
      vertex 46.9181 1.66629 26
      vertex 46.6733 3.31653 0
      vertex 46.6733 3.31653 26
    endloop
  endfacet
  facet normal 0.989176 0.146736 0
    outer loop
      vertex 46.6733 3.31653 0
      vertex 46.9181 1.66629 26
      vertex 46.9181 1.66629 0
    endloop
  endfacet
  facet normal -0.336872 0.941551 0
    outer loop
      vertex 5.06516 16.268 0
      vertex 3.49438 15.706 26
      vertex 5.06516 16.268 26
    endloop
  endfacet
  facet normal -0.336872 0.941551 0
    outer loop
      vertex 3.49438 15.706 26
      vertex 5.06516 16.268 0
      vertex 3.49438 15.706 0
    endloop
  endfacet
  facet normal -0.242945 0.97004 0
    outer loop
      vertex 6.68346 16.6733 0
      vertex 5.06516 16.268 26
      vertex 6.68346 16.6733 26
    endloop
  endfacet
  facet normal -0.242945 0.97004 0
    outer loop
      vertex 5.06516 16.268 26
      vertex 6.68346 16.6733 0
      vertex 5.06516 16.268 0
    endloop
  endfacet
  facet normal -0.427559 0.903988 0
    outer loop
      vertex 3.49438 15.706 0
      vertex 1.98625 14.9927 26
      vertex 3.49438 15.706 26
    endloop
  endfacet
  facet normal -0.427559 0.903988 0
    outer loop
      vertex 1.98625 14.9927 26
      vertex 3.49438 15.706 0
      vertex 1.98625 14.9927 0
    endloop
  endfacet
  facet normal -0.998795 -0.0490679 0
    outer loop
      vertex -6.91814 -1.66629 0
      vertex -7 0 26
      vertex -7 0 0
    endloop
  endfacet
  facet normal -0.998795 -0.0490679 0
    outer loop
      vertex -7 0 26
      vertex -6.91814 -1.66629 0
      vertex -6.91814 -1.66629 26
    endloop
  endfacet
  facet normal 0 -1 0
    outer loop
      vertex 10 -17 0
      vertex 30 -17 26
      vertex 10 -17 26
    endloop
  endfacet
  facet normal 0 -1 -0
    outer loop
      vertex 30 -17 26
      vertex 10 -17 0
      vertex 30 -17 0
    endloop
  endfacet
  facet normal 0.0490916 0.998794 -0
    outer loop
      vertex 31.6663 16.9181 0
      vertex 30 17 26
      vertex 31.6663 16.9181 26
    endloop
  endfacet
  facet normal 0.0490916 0.998794 0
    outer loop
      vertex 30 17 26
      vertex 31.6663 16.9181 0
      vertex 30 17 0
    endloop
  endfacet
  facet normal 0.514099 0.857731 -0
    outer loop
      vertex 39.4447 14.135 0
      vertex 38.0137 14.9927 26
      vertex 39.4447 14.135 26
    endloop
  endfacet
  facet normal 0.514099 0.857731 0
    outer loop
      vertex 38.0137 14.9927 26
      vertex 39.4447 14.135 0
      vertex 38.0137 14.9927 0
    endloop
  endfacet
  facet normal 0.595695 0.803211 -0
    outer loop
      vertex 40.7847 13.1412 0
      vertex 39.4447 14.135 26
      vertex 40.7847 13.1412 26
    endloop
  endfacet
  facet normal 0.595695 0.803211 0
    outer loop
      vertex 39.4447 14.135 26
      vertex 40.7847 13.1412 0
      vertex 39.4447 14.135 0
    endloop
  endfacet
  facet normal 0.970041 0.242943 0
    outer loop
      vertex 46.6733 3.31653 26
      vertex 46.268 4.93484 0
      vertex 46.268 4.93484 26
    endloop
  endfacet
  facet normal 0.970041 0.242943 0
    outer loop
      vertex 46.268 4.93484 0
      vertex 46.6733 3.31653 26
      vertex 46.6733 3.31653 0
    endloop
  endfacet
  facet normal 0.998794 0.0490918 0
    outer loop
      vertex 47 0 26
      vertex 46.9181 1.66629 0
      vertex 46.9181 1.66629 26
    endloop
  endfacet
  facet normal 0.998794 0.0490918 0
    outer loop
      vertex 46.9181 1.66629 0
      vertex 47 0 26
      vertex 47 0 0
    endloop
  endfacet
  facet normal 0.857723 0.514112 0
    outer loop
      vertex 44.9927 8.01374 26
      vertex 44.135 9.44469 0
      vertex 44.135 9.44469 26
    endloop
  endfacet
  facet normal 0.857723 0.514112 0
    outer loop
      vertex 44.135 9.44469 0
      vertex 44.9927 8.01374 26
      vertex 44.9927 8.01374 0
    endloop
  endfacet
  facet normal 0.803213 0.595692 0
    outer loop
      vertex 44.135 9.44469 26
      vertex 43.1412 10.7847 0
      vertex 43.1412 10.7847 26
    endloop
  endfacet
  facet normal 0.803213 0.595692 0
    outer loop
      vertex 43.1412 10.7847 0
      vertex 44.135 9.44469 26
      vertex 44.135 9.44469 0
    endloop
  endfacet
  facet normal 0.903986 0.427561 0
    outer loop
      vertex 45.706 6.50562 26
      vertex 44.9927 8.01374 0
      vertex 44.9927 8.01374 26
    endloop
  endfacet
  facet normal 0.903986 0.427561 0
    outer loop
      vertex 44.9927 8.01374 0
      vertex 45.706 6.50562 26
      vertex 45.706 6.50562 0
    endloop
  endfacet
  facet normal 0.740932 0.67158 0
    outer loop
      vertex 43.1412 10.7847 26
      vertex 42.0208 12.0208 0
      vertex 42.0208 12.0208 26
    endloop
  endfacet
  facet normal 0.740932 0.67158 0
    outer loop
      vertex 42.0208 12.0208 0
      vertex 43.1412 10.7847 26
      vertex 43.1412 10.7847 0
    endloop
  endfacet
  facet normal -0.146735 0.989176 0
    outer loop
      vertex 8.33371 16.9181 0
      vertex 6.68346 16.6733 26
      vertex 8.33371 16.9181 26
    endloop
  endfacet
  facet normal -0.146735 0.989176 0
    outer loop
      vertex 6.68346 16.6733 26
      vertex 8.33371 16.9181 0
      vertex 6.68346 16.6733 0
    endloop
  endfacet
  facet normal -0.0490918 0.998794 0
    outer loop
      vertex 10 17 0
      vertex 8.33371 16.9181 26
      vertex 10 17 26
    endloop
  endfacet
  facet normal -0.0490918 0.998794 0
    outer loop
      vertex 8.33371 16.9181 26
      vertex 10 17 0
      vertex 8.33371 16.9181 0
    endloop
  endfacet
  facet normal -0.595698 0.803209 0
    outer loop
      vertex 0.555305 14.135 0
      vertex -0.784685 13.1412 26
      vertex 0.555305 14.135 26
    endloop
  endfacet
  facet normal -0.595698 0.803209 0
    outer loop
      vertex -0.784685 13.1412 26
      vertex 0.555305 14.135 0
      vertex -0.784685 13.1412 0
    endloop
  endfacet
  facet normal -0.671573 0.740939 0
    outer loop
      vertex -0.784685 13.1412 0
      vertex -2.02081 12.0208 26
      vertex -0.784685 13.1412 26
    endloop
  endfacet
  facet normal -0.671573 0.740939 0
    outer loop
      vertex -2.02081 12.0208 26
      vertex -0.784685 13.1412 0
      vertex -2.02081 12.0208 0
    endloop
  endfacet
  facet normal -0.803213 0.595692 0
    outer loop
      vertex -4.13498 9.44469 0
      vertex -3.14118 10.7847 26
      vertex -3.14118 10.7847 0
    endloop
  endfacet
  facet normal -0.803213 0.595692 0
    outer loop
      vertex -3.14118 10.7847 26
      vertex -4.13498 9.44469 0
      vertex -4.13498 9.44469 26
    endloop
  endfacet
  facet normal -0.989177 0.14673 0
    outer loop
      vertex -6.91814 1.66629 0
      vertex -6.67335 3.31653 26
      vertex -6.67335 3.31653 0
    endloop
  endfacet
  facet normal -0.989177 0.14673 0
    outer loop
      vertex -6.67335 3.31653 26
      vertex -6.91814 1.66629 0
      vertex -6.91814 1.66629 26
    endloop
  endfacet
  facet normal -0.970032 0.242977 0
    outer loop
      vertex -6.67335 3.31653 0
      vertex -6.26799 4.93484 26
      vertex -6.26799 4.93484 0
    endloop
  endfacet
  facet normal -0.970032 0.242977 0
    outer loop
      vertex -6.26799 4.93484 26
      vertex -6.67335 3.31653 0
      vertex -6.67335 3.31653 26
    endloop
  endfacet
  facet normal 0 0 1
    outer loop
      vertex 44 0 26
      vertex 47 0 26
      vertex 46.9181 1.66629 26
    endloop
  endfacet
  facet normal 0 0 1
    outer loop
      vertex 43.9326 1.37224 26
      vertex 46.9181 1.66629 26
      vertex 46.6733 3.31653 26
    endloop
  endfacet
  facet normal 0 0 1
    outer loop
      vertex 47 0 26
      vertex 44 0 26
      vertex 46.9181 -1.66629 26
    endloop
  endfacet
  facet normal 0 0 1
    outer loop
      vertex 43.731 2.73126 26
      vertex 46.6733 3.31653 26
      vertex 46.268 4.93484 26
    endloop
  endfacet
  facet normal -0 0 1
    outer loop
      vertex 43.9326 -1.37224 26
      vertex 46.9181 -1.66629 26
      vertex 44 0 26
    endloop
  endfacet
  facet normal 0 0 1
    outer loop
      vertex 43.3972 4.06398 26
      vertex 46.268 4.93484 26
      vertex 45.706 6.50562 26
    endloop
  endfacet
  facet normal 0 0 1
    outer loop
      vertex 46.9181 -1.66629 26
      vertex 43.9326 -1.37224 26
      vertex 46.6733 -3.31653 26
    endloop
  endfacet
  facet normal 0 0 1
    outer loop
      vertex 42.9343 5.35757 26
      vertex 45.706 6.50562 26
      vertex 44.9927 8.01374 26
    endloop
  endfacet
  facet normal -0 0 1
    outer loop
      vertex 43.731 -2.73126 26
      vertex 46.6733 -3.31653 26
      vertex 43.9326 -1.37224 26
    endloop
  endfacet
  facet normal 0 0 1
    outer loop
      vertex 42.3469 6.59955 26
      vertex 44.9927 8.01374 26
      vertex 44.135 9.44469 26
    endloop
  endfacet
  facet normal 0 0 1
    outer loop
      vertex 46.6733 -3.31653 26
      vertex 43.731 -2.73126 26
      vertex 46.268 -4.93484 26
    endloop
  endfacet
  facet normal -0 0 1
    outer loop
      vertex 43.3972 -4.06398 26
      vertex 46.268 -4.93484 26
      vertex 43.731 -2.73126 26
    endloop
  endfacet
  facet normal 0 0 1
    outer loop
      vertex 46.9181 1.66629 26
      vertex 43.9326 1.37224 26
      vertex 44 0 26
    endloop
  endfacet
  facet normal 0 0 1
    outer loop
      vertex 46.6733 3.31653 26
      vertex 43.731 2.73126 26
      vertex 43.9326 1.37224 26
    endloop
  endfacet
  facet normal 0 0 1
    outer loop
      vertex 46.268 4.93484 26
      vertex 43.3972 4.06398 26
      vertex 43.731 2.73126 26
    endloop
  endfacet
  facet normal 0 0 1
    outer loop
      vertex 41.6406 7.77798 26
      vertex 44.135 9.44469 26
      vertex 43.1412 10.7847 26
    endloop
  endfacet
  facet normal 0 0 1
    outer loop
      vertex 45.706 6.50562 26
      vertex 42.9343 5.35757 26
      vertex 43.3972 4.06398 26
    endloop
  endfacet
  facet normal 0 0 1
    outer loop
      vertex 44.9927 8.01374 26
      vertex 42.3469 6.59955 26
      vertex 42.9343 5.35757 26
    endloop
  endfacet
  facet normal 0 0 1
    outer loop
      vertex 40.8221 8.88151 26
      vertex 43.1412 10.7847 26
      vertex 42.0208 12.0208 26
    endloop
  endfacet
  facet normal 0 0 1
    outer loop
      vertex 44.135 9.44469 26
      vertex 41.6406 7.77798 26
      vertex 42.3469 6.59955 26
    endloop
  endfacet
  facet normal 0 0 1
    outer loop
      vertex 43.1412 10.7847 26
      vertex 40.8221 8.88151 26
      vertex 41.6406 7.77798 26
    endloop
  endfacet
  facet normal 0 0 1
    outer loop
      vertex 39.8995 9.89949 26
      vertex 42.0208 12.0208 26
      vertex 40.7847 13.1412 26
    endloop
  endfacet
  facet normal 0 0 1
    outer loop
      vertex 42.0208 12.0208 26
      vertex 39.8995 9.89949 26
      vertex 40.8221 8.88151 26
    endloop
  endfacet
  facet normal 0 0 1
    outer loop
      vertex 38.8815 10.8221 26
      vertex 40.7847 13.1412 26
      vertex 39.4447 14.135 26
    endloop
  endfacet
  facet normal 0 0 1
    outer loop
      vertex 40.7847 13.1412 26
      vertex 38.8815 10.8221 26
      vertex 39.8995 9.89949 26
    endloop
  endfacet
  facet normal 0 0 1
    outer loop
      vertex 37.778 11.6406 26
      vertex 39.4447 14.135 26
      vertex 38.0137 14.9927 26
    endloop
  endfacet
  facet normal 0 0 1
    outer loop
      vertex 39.4447 14.135 26
      vertex 37.778 11.6406 26
      vertex 38.8815 10.8221 26
    endloop
  endfacet
  facet normal 0 0 1
    outer loop
      vertex 38.0137 14.9927 26
      vertex 36.5996 12.3469 26
      vertex 37.778 11.6406 26
    endloop
  endfacet
  facet normal 0 0 1
    outer loop
      vertex 36.5056 15.706 26
      vertex 36.5996 12.3469 26
      vertex 38.0137 14.9927 26
    endloop
  endfacet
  facet normal 0 0 1
    outer loop
      vertex 36.5056 15.706 26
      vertex 35.3576 12.9343 26
      vertex 36.5996 12.3469 26
    endloop
  endfacet
  facet normal 0 0 1
    outer loop
      vertex 34.9348 16.268 26
      vertex 35.3576 12.9343 26
      vertex 36.5056 15.706 26
    endloop
  endfacet
  facet normal 0 0 1
    outer loop
      vertex 34.9348 16.268 26
      vertex 34.064 13.3972 26
      vertex 35.3576 12.9343 26
    endloop
  endfacet
  facet normal 0 0 1
    outer loop
      vertex 33.3165 16.6733 26
      vertex 34.064 13.3972 26
      vertex 34.9348 16.268 26
    endloop
  endfacet
  facet normal 0 0 1
    outer loop
      vertex 33.3165 16.6733 26
      vertex 32.7313 13.731 26
      vertex 34.064 13.3972 26
    endloop
  endfacet
  facet normal 0 0 1
    outer loop
      vertex 31.6663 16.9181 26
      vertex 32.7313 13.731 26
      vertex 33.3165 16.6733 26
    endloop
  endfacet
  facet normal 0 0 1
    outer loop
      vertex 31.6663 16.9181 26
      vertex 31.3722 13.9326 26
      vertex 32.7313 13.731 26
    endloop
  endfacet
  facet normal 0 0 1
    outer loop
      vertex 30 17 26
      vertex 31.3722 13.9326 26
      vertex 31.6663 16.9181 26
    endloop
  endfacet
  facet normal 0 0 1
    outer loop
      vertex 30 17 26
      vertex 30 14 26
      vertex 31.3722 13.9326 26
    endloop
  endfacet
  facet normal -0 0 1
    outer loop
      vertex 10 17 26
      vertex 30 14 26
      vertex 30 17 26
    endloop
  endfacet
  facet normal 0 0 1
    outer loop
      vertex 10 17 26
      vertex 10 14 26
      vertex 30 14 26
    endloop
  endfacet
  facet normal 0 0 1
    outer loop
      vertex 10 17 26
      vertex 8.62776 13.9326 26
      vertex 10 14 26
    endloop
  endfacet
  facet normal -0 0 1
    outer loop
      vertex 8.33371 16.9181 26
      vertex 8.62776 13.9326 26
      vertex 10 17 26
    endloop
  endfacet
  facet normal 0 0 1
    outer loop
      vertex 8.33371 16.9181 26
      vertex 7.26873 13.731 26
      vertex 8.62776 13.9326 26
    endloop
  endfacet
  facet normal -0 0 1
    outer loop
      vertex 6.68346 16.6733 26
      vertex 7.26873 13.731 26
      vertex 8.33371 16.9181 26
    endloop
  endfacet
  facet normal 0 0 1
    outer loop
      vertex 6.68346 16.6733 26
      vertex 5.93601 13.3972 26
      vertex 7.26873 13.731 26
    endloop
  endfacet
  facet normal -0 0 1
    outer loop
      vertex 5.06516 16.268 26
      vertex 5.93601 13.3972 26
      vertex 6.68346 16.6733 26
    endloop
  endfacet
  facet normal 0 0 1
    outer loop
      vertex 5.06516 16.268 26
      vertex 4.64243 12.9343 26
      vertex 5.93601 13.3972 26
    endloop
  endfacet
  facet normal -0 0 1
    outer loop
      vertex 3.49438 15.706 26
      vertex 4.64243 12.9343 26
      vertex 5.06516 16.268 26
    endloop
  endfacet
  facet normal 0 0 1
    outer loop
      vertex 3.49438 15.706 26
      vertex 3.40044 12.3469 26
      vertex 4.64243 12.9343 26
    endloop
  endfacet
  facet normal -0 0 1
    outer loop
      vertex 1.98625 14.9927 26
      vertex 3.40044 12.3469 26
      vertex 3.49438 15.706 26
    endloop
  endfacet
  facet normal 0 0 1
    outer loop
      vertex 3.40044 12.3469 26
      vertex 1.98625 14.9927 26
      vertex 2.22202 11.6406 26
    endloop
  endfacet
  facet normal -0 0 1
    outer loop
      vertex 0.555305 14.135 26
      vertex 2.22202 11.6406 26
      vertex 1.98625 14.9927 26
    endloop
  endfacet
  facet normal 0 0 1
    outer loop
      vertex 2.22202 11.6406 26
      vertex 0.555305 14.135 26
      vertex 1.11849 10.8221 26
    endloop
  endfacet
  facet normal -0 0 1
    outer loop
      vertex -0.784685 13.1412 26
      vertex 1.11849 10.8221 26
      vertex 0.555305 14.135 26
    endloop
  endfacet
  facet normal 0 0 1
    outer loop
      vertex 1.11849 10.8221 26
      vertex -0.784685 13.1412 26
      vertex 0.100505 9.89949 26
    endloop
  endfacet
  facet normal -0 0 1
    outer loop
      vertex -2.02081 12.0208 26
      vertex 0.100505 9.89949 26
      vertex -0.784685 13.1412 26
    endloop
  endfacet
  facet normal 0 0 1
    outer loop
      vertex 0.100505 9.89949 26
      vertex -2.02081 12.0208 26
      vertex -0.822145 8.88151 26
    endloop
  endfacet
  facet normal -0 0 1
    outer loop
      vertex -3.14118 10.7847 26
      vertex -0.822145 8.88151 26
      vertex -2.02081 12.0208 26
    endloop
  endfacet
  facet normal 0 0 1
    outer loop
      vertex -0.822145 8.88151 26
      vertex -3.14118 10.7847 26
      vertex -1.64057 7.77798 26
    endloop
  endfacet
  facet normal -0 0 1
    outer loop
      vertex -4.13498 9.44469 26
      vertex -1.64057 7.77798 26
      vertex -3.14118 10.7847 26
    endloop
  endfacet
  facet normal 0 0 1
    outer loop
      vertex -1.64057 7.77798 26
      vertex -4.13498 9.44469 26
      vertex -2.3469 6.59955 26
    endloop
  endfacet
  facet normal -0 0 1
    outer loop
      vertex -4.99266 8.01374 26
      vertex -2.3469 6.59955 26
      vertex -4.13498 9.44469 26
    endloop
  endfacet
  facet normal 0 0 1
    outer loop
      vertex -2.3469 6.59955 26
      vertex -4.99266 8.01374 26
      vertex -2.93431 5.35757 26
    endloop
  endfacet
  facet normal -0 0 1
    outer loop
      vertex -5.70595 6.50562 26
      vertex -2.93431 5.35757 26
      vertex -4.99266 8.01374 26
    endloop
  endfacet
  facet normal -0 0 1
    outer loop
      vertex -6.26799 4.93484 26
      vertex -3.39716 4.06398 26
      vertex -5.70595 6.50562 26
    endloop
  endfacet
  facet normal 0 0 1
    outer loop
      vertex -2.93431 5.35757 26
      vertex -5.70595 6.50562 26
      vertex -3.39716 4.06398 26
    endloop
  endfacet
  facet normal 0 0 1
    outer loop
      vertex 46.268 -4.93484 26
      vertex 43.3972 -4.06398 26
      vertex 45.706 -6.50562 26
    endloop
  endfacet
  facet normal -0 0 1
    outer loop
      vertex 42.9343 -5.35757 26
      vertex 45.706 -6.50562 26
      vertex 43.3972 -4.06398 26
    endloop
  endfacet
  facet normal 0 0 1
    outer loop
      vertex 45.706 -6.50562 26
      vertex 42.9343 -5.35757 26
      vertex 44.9927 -8.01374 26
    endloop
  endfacet
  facet normal -0 0 1
    outer loop
      vertex 42.3469 -6.59955 26
      vertex 44.9927 -8.01374 26
      vertex 42.9343 -5.35757 26
    endloop
  endfacet
  facet normal 0 0 1
    outer loop
      vertex 44.9927 -8.01374 26
      vertex 42.3469 -6.59955 26
      vertex 44.135 -9.44469 26
    endloop
  endfacet
  facet normal -0 0 1
    outer loop
      vertex 41.6406 -7.77798 26
      vertex 44.135 -9.44469 26
      vertex 42.3469 -6.59955 26
    endloop
  endfacet
  facet normal 0 0 1
    outer loop
      vertex 44.135 -9.44469 26
      vertex 41.6406 -7.77798 26
      vertex 43.1412 -10.7847 26
    endloop
  endfacet
  facet normal -0 0 1
    outer loop
      vertex 40.8221 -8.88151 26
      vertex 43.1412 -10.7847 26
      vertex 41.6406 -7.77798 26
    endloop
  endfacet
  facet normal 0 0 1
    outer loop
      vertex 43.1412 -10.7847 26
      vertex 40.8221 -8.88151 26
      vertex 42.0208 -12.0208 26
    endloop
  endfacet
  facet normal -0 0 1
    outer loop
      vertex 39.8995 -9.89949 26
      vertex 42.0208 -12.0208 26
      vertex 40.8221 -8.88151 26
    endloop
  endfacet
  facet normal 0 0 1
    outer loop
      vertex 42.0208 -12.0208 26
      vertex 39.8995 -9.89949 26
      vertex 40.7847 -13.1412 26
    endloop
  endfacet
  facet normal -0 0 1
    outer loop
      vertex 38.8815 -10.8221 26
      vertex 40.7847 -13.1412 26
      vertex 39.8995 -9.89949 26
    endloop
  endfacet
  facet normal 0 0 1
    outer loop
      vertex 40.7847 -13.1412 26
      vertex 38.8815 -10.8221 26
      vertex 39.4447 -14.135 26
    endloop
  endfacet
  facet normal -0 0 1
    outer loop
      vertex 37.778 -11.6406 26
      vertex 39.4447 -14.135 26
      vertex 38.8815 -10.8221 26
    endloop
  endfacet
  facet normal 0 0 1
    outer loop
      vertex 39.4447 -14.135 26
      vertex 37.778 -11.6406 26
      vertex 38.0137 -14.9927 26
    endloop
  endfacet
  facet normal -0 0 1
    outer loop
      vertex 36.5996 -12.3469 26
      vertex 38.0137 -14.9927 26
      vertex 37.778 -11.6406 26
    endloop
  endfacet
  facet normal 0 0 1
    outer loop
      vertex 36.5996 -12.3469 26
      vertex 36.5056 -15.706 26
      vertex 38.0137 -14.9927 26
    endloop
  endfacet
  facet normal -0 0 1
    outer loop
      vertex 35.3576 -12.9343 26
      vertex 36.5056 -15.706 26
      vertex 36.5996 -12.3469 26
    endloop
  endfacet
  facet normal 0 0 1
    outer loop
      vertex 35.3576 -12.9343 26
      vertex 34.9348 -16.268 26
      vertex 36.5056 -15.706 26
    endloop
  endfacet
  facet normal -0 0 1
    outer loop
      vertex 34.064 -13.3972 26
      vertex 34.9348 -16.268 26
      vertex 35.3576 -12.9343 26
    endloop
  endfacet
  facet normal 0 0 1
    outer loop
      vertex 34.064 -13.3972 26
      vertex 33.3165 -16.6733 26
      vertex 34.9348 -16.268 26
    endloop
  endfacet
  facet normal -0 0 1
    outer loop
      vertex 32.7313 -13.731 26
      vertex 33.3165 -16.6733 26
      vertex 34.064 -13.3972 26
    endloop
  endfacet
  facet normal 0 0 1
    outer loop
      vertex 32.7313 -13.731 26
      vertex 31.6663 -16.9181 26
      vertex 33.3165 -16.6733 26
    endloop
  endfacet
  facet normal -0 0 1
    outer loop
      vertex 31.3722 -13.9326 26
      vertex 31.6663 -16.9181 26
      vertex 32.7313 -13.731 26
    endloop
  endfacet
  facet normal -0 0 1
    outer loop
      vertex 30 -14 26
      vertex 31.6663 -16.9181 26
      vertex 31.3722 -13.9326 26
    endloop
  endfacet
  facet normal 0 0 1
    outer loop
      vertex 30 -14 26
      vertex 30 -17 26
      vertex 31.6663 -16.9181 26
    endloop
  endfacet
  facet normal -0 0 1
    outer loop
      vertex 10 -14 26
      vertex 30 -17 26
      vertex 30 -14 26
    endloop
  endfacet
  facet normal 0 0 1
    outer loop
      vertex 10 -14 26
      vertex 10 -17 26
      vertex 30 -17 26
    endloop
  endfacet
  facet normal 0 0 1
    outer loop
      vertex 8.62776 -13.9326 26
      vertex 10 -17 26
      vertex 10 -14 26
    endloop
  endfacet
  facet normal 0 0 1
    outer loop
      vertex 8.62776 -13.9326 26
      vertex 8.33371 -16.9181 26
      vertex 10 -17 26
    endloop
  endfacet
  facet normal 0 0 1
    outer loop
      vertex 7.26873 -13.731 26
      vertex 8.33371 -16.9181 26
      vertex 8.62776 -13.9326 26
    endloop
  endfacet
  facet normal 0 0 1
    outer loop
      vertex 7.26873 -13.731 26
      vertex 6.68346 -16.6733 26
      vertex 8.33371 -16.9181 26
    endloop
  endfacet
  facet normal 0 0 1
    outer loop
      vertex 5.93601 -13.3972 26
      vertex 6.68346 -16.6733 26
      vertex 7.26873 -13.731 26
    endloop
  endfacet
  facet normal 0 0 1
    outer loop
      vertex 5.93601 -13.3972 26
      vertex 5.06516 -16.268 26
      vertex 6.68346 -16.6733 26
    endloop
  endfacet
  facet normal 0 0 1
    outer loop
      vertex 4.64243 -12.9343 26
      vertex 5.06516 -16.268 26
      vertex 5.93601 -13.3972 26
    endloop
  endfacet
  facet normal 0 0 1
    outer loop
      vertex 4.64243 -12.9343 26
      vertex 3.49438 -15.706 26
      vertex 5.06516 -16.268 26
    endloop
  endfacet
  facet normal 0 0 1
    outer loop
      vertex 3.40044 -12.3469 26
      vertex 3.49438 -15.706 26
      vertex 4.64243 -12.9343 26
    endloop
  endfacet
  facet normal 0 0 1
    outer loop
      vertex 1.98625 -14.9927 26
      vertex 3.40044 -12.3469 26
      vertex 2.22202 -11.6406 26
    endloop
  endfacet
  facet normal 0 0 1
    outer loop
      vertex 3.40044 -12.3469 26
      vertex 1.98625 -14.9927 26
      vertex 3.49438 -15.706 26
    endloop
  endfacet
  facet normal 0 0 1
    outer loop
      vertex 0.555305 -14.135 26
      vertex 2.22202 -11.6406 26
      vertex 1.11849 -10.8221 26
    endloop
  endfacet
  facet normal 0 0 1
    outer loop
      vertex 2.22202 -11.6406 26
      vertex 0.555305 -14.135 26
      vertex 1.98625 -14.9927 26
    endloop
  endfacet
  facet normal 0 0 1
    outer loop
      vertex -0.784685 -13.1412 26
      vertex 1.11849 -10.8221 26
      vertex 0.100505 -9.89949 26
    endloop
  endfacet
  facet normal 0 0 1
    outer loop
      vertex 1.11849 -10.8221 26
      vertex -0.784685 -13.1412 26
      vertex 0.555305 -14.135 26
    endloop
  endfacet
  facet normal 0 0 1
    outer loop
      vertex -2.02081 -12.0208 26
      vertex 0.100505 -9.89949 26
      vertex -0.822145 -8.88151 26
    endloop
  endfacet
  facet normal 0 0 1
    outer loop
      vertex -3.14118 -10.7847 26
      vertex -0.822145 -8.88151 26
      vertex -1.64057 -7.77798 26
    endloop
  endfacet
  facet normal 0 0 1
    outer loop
      vertex 0.100505 -9.89949 26
      vertex -2.02081 -12.0208 26
      vertex -0.784685 -13.1412 26
    endloop
  endfacet
  facet normal 0 0 1
    outer loop
      vertex -4.13498 -9.44469 26
      vertex -1.64057 -7.77798 26
      vertex -2.3469 -6.59955 26
    endloop
  endfacet
  facet normal 0 0 1
    outer loop
      vertex -4.99266 -8.01374 26
      vertex -2.3469 -6.59955 26
      vertex -2.93431 -5.35757 26
    endloop
  endfacet
  facet normal 0 0 1
    outer loop
      vertex -0.822145 -8.88151 26
      vertex -3.14118 -10.7847 26
      vertex -2.02081 -12.0208 26
    endloop
  endfacet
  facet normal 0 0 1
    outer loop
      vertex -5.70595 -6.50562 26
      vertex -2.93431 -5.35757 26
      vertex -3.39716 -4.06398 26
    endloop
  endfacet
  facet normal 0 0 1
    outer loop
      vertex -6.26799 -4.93484 26
      vertex -3.39716 -4.06398 26
      vertex -3.73099 -2.73126 26
    endloop
  endfacet
  facet normal 0 0 1
    outer loop
      vertex -6.67335 -3.31653 26
      vertex -3.73099 -2.73126 26
      vertex -3.93259 -1.37224 26
    endloop
  endfacet
  facet normal 0 0 1
    outer loop
      vertex -1.64057 -7.77798 26
      vertex -4.13498 -9.44469 26
      vertex -3.14118 -10.7847 26
    endloop
  endfacet
  facet normal 0 0 1
    outer loop
      vertex -6.91814 -1.66629 26
      vertex -3.93259 -1.37224 26
      vertex -4 0 26
    endloop
  endfacet
  facet normal 0 0 1
    outer loop
      vertex -3.39716 4.06398 26
      vertex -6.26799 4.93484 26
      vertex -3.73099 2.73126 26
    endloop
  endfacet
  facet normal -0 0 1
    outer loop
      vertex -6.67335 3.31653 26
      vertex -3.73099 2.73126 26
      vertex -6.26799 4.93484 26
    endloop
  endfacet
  facet normal 0 0 1
    outer loop
      vertex -2.3469 -6.59955 26
      vertex -4.99266 -8.01374 26
      vertex -4.13498 -9.44469 26
    endloop
  endfacet
  facet normal 0 0 1
    outer loop
      vertex -3.73099 2.73126 26
      vertex -6.67335 3.31653 26
      vertex -3.93259 1.37224 26
    endloop
  endfacet
  facet normal 0 0 1
    outer loop
      vertex -2.93431 -5.35757 26
      vertex -5.70595 -6.50562 26
      vertex -4.99266 -8.01374 26
    endloop
  endfacet
  facet normal -0 0 1
    outer loop
      vertex -6.91814 1.66629 26
      vertex -3.93259 1.37224 26
      vertex -6.67335 3.31653 26
    endloop
  endfacet
  facet normal 0 0 1
    outer loop
      vertex -3.39716 -4.06398 26
      vertex -6.26799 -4.93484 26
      vertex -5.70595 -6.50562 26
    endloop
  endfacet
  facet normal 0 0 1
    outer loop
      vertex -3.93259 1.37224 26
      vertex -6.91814 1.66629 26
      vertex -4 0 26
    endloop
  endfacet
  facet normal 0 0 1
    outer loop
      vertex -3.73099 -2.73126 26
      vertex -6.67335 -3.31653 26
      vertex -6.26799 -4.93484 26
    endloop
  endfacet
  facet normal 0 0 1
    outer loop
      vertex -7 0 26
      vertex -4 0 26
      vertex -6.91814 1.66629 26
    endloop
  endfacet
  facet normal 0 0 1
    outer loop
      vertex -3.93259 -1.37224 26
      vertex -6.91814 -1.66629 26
      vertex -6.67335 -3.31653 26
    endloop
  endfacet
  facet normal 0 0 1
    outer loop
      vertex -4 0 26
      vertex -7 0 26
      vertex -6.91814 -1.66629 26
    endloop
  endfacet
  facet normal -0.857728 0.514103 0
    outer loop
      vertex -4.99266 8.01374 0
      vertex -4.13498 9.44469 26
      vertex -4.13498 9.44469 0
    endloop
  endfacet
  facet normal -0.857728 0.514103 0
    outer loop
      vertex -4.13498 9.44469 26
      vertex -4.99266 8.01374 0
      vertex -4.99266 8.01374 26
    endloop
  endfacet
  facet normal -0.941543 0.336893 0
    outer loop
      vertex -6.26799 4.93484 0
      vertex -5.70595 6.50562 26
      vertex -5.70595 6.50562 0
    endloop
  endfacet
  facet normal -0.941543 0.336893 0
    outer loop
      vertex -5.70595 6.50562 26
      vertex -6.26799 4.93484 0
      vertex -6.26799 4.93484 26
    endloop
  endfacet
  facet normal 0 0 -1
    outer loop
      vertex 11.3386 0.353547 0
      vertex 6.66144 0.353547 0
      vertex 11.3764 0.416677 0
    endloop
  endfacet
  facet normal 0 0 -1
    outer loop
      vertex 11.4697 5.46967 0
      vertex 6.74639 5.92649 0
      vertex 6.75 6 0
    endloop
  endfacet
  facet normal 0 0 -1
    outer loop
      vertex 6.6236 0.416677 0
      vertex 11.3764 0.416677 0
      vertex 6.66144 0.353547 0
    endloop
  endfacet
  facet normal 0 0 -1
    outer loop
      vertex 11.4697 5.46967 0
      vertex 6.73559 5.85368 0
      vertex 6.74639 5.92649 0
    endloop
  endfacet
  facet normal 0 0 -1
    outer loop
      vertex 11.3764 0.416677 0
      vertex 6.6236 0.416677 0
      vertex 11.4202 0.475795 0
    endloop
  endfacet
  facet normal 0 0 -1
    outer loop
      vertex 11.4697 5.46967 0
      vertex 6.7177 5.78229 0
      vertex 6.73559 5.85368 0
    endloop
  endfacet
  facet normal 0 0 -1
    outer loop
      vertex 6.57976 0.475795 0
      vertex 11.4202 0.475795 0
      vertex 6.6236 0.416677 0
    endloop
  endfacet
  facet normal 0 0 -1
    outer loop
      vertex 11.4697 5.46967 0
      vertex 6.69291 5.71299 0
      vertex 6.7177 5.78229 0
    endloop
  endfacet
  facet normal 0 0 -1
    outer loop
      vertex 11.4202 0.475795 0
      vertex 6.57976 0.475795 0
      vertex 11.4697 0.53033 0
    endloop
  endfacet
  facet normal 0 0 -1
    outer loop
      vertex 11.4697 5.46967 0
      vertex 6.66144 5.64645 0
      vertex 6.69291 5.71299 0
    endloop
  endfacet
  facet normal 0 0 -1
    outer loop
      vertex 6.53033 0.53033 0
      vertex 11.4697 0.53033 0
      vertex 6.57976 0.475795 0
    endloop
  endfacet
  facet normal 0 0 -1
    outer loop
      vertex 11.4697 5.46967 0
      vertex 6.6236 5.58332 0
      vertex 6.66144 5.64645 0
    endloop
  endfacet
  facet normal 0 0 -1
    outer loop
      vertex 11.4697 0.53033 0
      vertex 6.53033 0.53033 0
      vertex 11.4697 5.46967 0
    endloop
  endfacet
  facet normal 0 0 -1
    outer loop
      vertex 11.4697 5.46967 0
      vertex 6.57976 5.5242 0
      vertex 6.6236 5.58332 0
    endloop
  endfacet
  facet normal 0 0 -1
    outer loop
      vertex 6.53033 5.46967 0
      vertex 11.4697 5.46967 0
      vertex 6.53033 0.53033 0
    endloop
  endfacet
  facet normal 0 0 -1
    outer loop
      vertex 11.4697 5.46967 0
      vertex 6.53033 5.46967 0
      vertex 6.57976 5.5242 0
    endloop
  endfacet
  facet normal 0 0 -1
    outer loop
      vertex 6.47579 0.579758 0
      vertex 6.53033 5.46967 0
      vertex 6.53033 0.53033 0
    endloop
  endfacet
  facet normal 0 0 -1
    outer loop
      vertex 6.47579 0.579758 0
      vertex 6.47579 5.42024 0
      vertex 6.53033 5.46967 0
    endloop
  endfacet
  facet normal 0 0 -1
    outer loop
      vertex 6.41668 0.623602 0
      vertex 6.47579 5.42024 0
      vertex 6.47579 0.579758 0
    endloop
  endfacet
  facet normal 0 0 -1
    outer loop
      vertex 6.41668 0.623602 0
      vertex 6.41668 5.3764 0
      vertex 6.47579 5.42024 0
    endloop
  endfacet
  facet normal 0 0 -1
    outer loop
      vertex 6.35355 0.661441 0
      vertex 6.41668 5.3764 0
      vertex 6.41668 0.623602 0
    endloop
  endfacet
  facet normal 0 0 -1
    outer loop
      vertex 6.35355 0.661441 0
      vertex 6.35355 5.33856 0
      vertex 6.41668 5.3764 0
    endloop
  endfacet
  facet normal 0 0 -1
    outer loop
      vertex 6.28701 0.692909 0
      vertex 6.35355 5.33856 0
      vertex 6.35355 0.661441 0
    endloop
  endfacet
  facet normal 0 0 -1
    outer loop
      vertex 6.28701 0.692909 0
      vertex 6.28701 5.30709 0
      vertex 6.35355 5.33856 0
    endloop
  endfacet
  facet normal 0 0 -1
    outer loop
      vertex 6.21771 0.717705 0
      vertex 6.28701 5.30709 0
      vertex 6.28701 0.692909 0
    endloop
  endfacet
  facet normal 0 0 -1
    outer loop
      vertex 6.21771 0.717705 0
      vertex 6.21771 5.28229 0
      vertex 6.28701 5.30709 0
    endloop
  endfacet
  facet normal 0 0 -1
    outer loop
      vertex 6.14632 0.735588 0
      vertex 6.21771 5.28229 0
      vertex 6.21771 0.717705 0
    endloop
  endfacet
  facet normal 0 0 -1
    outer loop
      vertex 6.14632 0.735588 0
      vertex 6.14632 5.26441 0
      vertex 6.21771 5.28229 0
    endloop
  endfacet
  facet normal 0 0 -1
    outer loop
      vertex 6.07351 0.746388 0
      vertex 6.14632 5.26441 0
      vertex 6.14632 0.735588 0
    endloop
  endfacet
  facet normal 0 0 -1
    outer loop
      vertex 6.07351 0.746388 0
      vertex 6.07351 5.25361 0
      vertex 6.14632 5.26441 0
    endloop
  endfacet
  facet normal 0 0 -1
    outer loop
      vertex 6 0.75 0
      vertex 6.07351 5.25361 0
      vertex 6.07351 0.746388 0
    endloop
  endfacet
  facet normal 0 0 -1
    outer loop
      vertex 6 0.75 0
      vertex 6 5.25 0
      vertex 6.07351 5.25361 0
    endloop
  endfacet
  facet normal 0 0 -1
    outer loop
      vertex 5.92649 0.746388 0
      vertex 6 5.25 0
      vertex 6 0.75 0
    endloop
  endfacet
  facet normal 0 0 -1
    outer loop
      vertex 5.92649 0.746388 0
      vertex 5.92649 5.25361 0
      vertex 6 5.25 0
    endloop
  endfacet
  facet normal 0 0 -1
    outer loop
      vertex 5.85368 0.735588 0
      vertex 5.92649 5.25361 0
      vertex 5.92649 0.746388 0
    endloop
  endfacet
  facet normal 0 0 -1
    outer loop
      vertex 5.85368 0.735588 0
      vertex 5.85368 5.26441 0
      vertex 5.92649 5.25361 0
    endloop
  endfacet
  facet normal 0 0 -1
    outer loop
      vertex 5.78229 0.717705 0
      vertex 5.85368 5.26441 0
      vertex 5.85368 0.735588 0
    endloop
  endfacet
  facet normal 0 0 -1
    outer loop
      vertex 5.78229 0.717705 0
      vertex 5.78229 5.28229 0
      vertex 5.85368 5.26441 0
    endloop
  endfacet
  facet normal 0 0 -1
    outer loop
      vertex 5.71299 0.692909 0
      vertex 5.78229 5.28229 0
      vertex 5.78229 0.717705 0
    endloop
  endfacet
  facet normal 0 0 -1
    outer loop
      vertex 5.71299 0.692909 0
      vertex 5.71299 5.30709 0
      vertex 5.78229 5.28229 0
    endloop
  endfacet
  facet normal 0 0 -1
    outer loop
      vertex 5.64645 0.661441 0
      vertex 5.71299 5.30709 0
      vertex 5.71299 0.692909 0
    endloop
  endfacet
  facet normal 0 0 -1
    outer loop
      vertex 5.64645 0.661441 0
      vertex 5.64645 5.33856 0
      vertex 5.71299 5.30709 0
    endloop
  endfacet
  facet normal 0 0 -1
    outer loop
      vertex 5.58332 0.623602 0
      vertex 5.64645 5.33856 0
      vertex 5.64645 0.661441 0
    endloop
  endfacet
  facet normal 0 0 -1
    outer loop
      vertex 5.58332 0.623602 0
      vertex 5.58332 5.3764 0
      vertex 5.64645 5.33856 0
    endloop
  endfacet
  facet normal 0 0 -1
    outer loop
      vertex 5.5242 0.579758 0
      vertex 5.58332 5.3764 0
      vertex 5.58332 0.623602 0
    endloop
  endfacet
  facet normal 0 0 -1
    outer loop
      vertex 5.5242 0.579758 0
      vertex 5.5242 5.42024 0
      vertex 5.58332 5.3764 0
    endloop
  endfacet
  facet normal 0 0 -1
    outer loop
      vertex 5.46967 0.53033 0
      vertex 5.5242 5.42024 0
      vertex 5.5242 0.579758 0
    endloop
  endfacet
  facet normal 0 0 -1
    outer loop
      vertex 5.46967 0.53033 0
      vertex 5.46967 5.46967 0
      vertex 5.5242 5.42024 0
    endloop
  endfacet
  facet normal 0 0 -1
    outer loop
      vertex 5.42024 0.475795 0
      vertex 5.46967 5.46967 0
      vertex 5.46967 0.53033 0
    endloop
  endfacet
  facet normal 0 0 -1
    outer loop
      vertex 5.42024 0.475795 0
      vertex 5.42024 5.5242 0
      vertex 5.46967 5.46967 0
    endloop
  endfacet
  facet normal 0 0 -1
    outer loop
      vertex 5.3764 0.416677 0
      vertex 5.42024 5.5242 0
      vertex 5.42024 0.475795 0
    endloop
  endfacet
  facet normal 0 0 -1
    outer loop
      vertex 5.3764 0.416677 0
      vertex 5.3764 5.58332 0
      vertex 5.42024 5.5242 0
    endloop
  endfacet
  facet normal 0 0 -1
    outer loop
      vertex 5.33856 0.353547 0
      vertex 5.3764 5.58332 0
      vertex 5.3764 0.416677 0
    endloop
  endfacet
  facet normal 0 0 -1
    outer loop
      vertex 5.33856 0.353547 0
      vertex 5.33856 5.64645 0
      vertex 5.3764 5.58332 0
    endloop
  endfacet
  facet normal 0 0 -1
    outer loop
      vertex 5.30709 0.287012 0
      vertex 5.33856 5.64645 0
      vertex 5.33856 0.353547 0
    endloop
  endfacet
  facet normal 0 0 -1
    outer loop
      vertex 5.30709 0.287012 0
      vertex 5.30709 5.71299 0
      vertex 5.33856 5.64645 0
    endloop
  endfacet
  facet normal 0 0 -1
    outer loop
      vertex -6.67335 3.31653 0
      vertex 5.30709 0.287012 0
      vertex 5.28229 0.217713 0
    endloop
  endfacet
  facet normal 0 0 -1
    outer loop
      vertex 5.30709 0.287012 0
      vertex -6.26799 4.93484 0
      vertex 5.30709 5.71299 0
    endloop
  endfacet
  facet normal 0 0 -1
    outer loop
      vertex -6.67335 3.31653 0
      vertex 5.28229 0.217713 0
      vertex 5.26441 0.146317 0
    endloop
  endfacet
  facet normal -0 0 -1
    outer loop
      vertex 5.30709 5.71299 0
      vertex -6.26799 4.93484 0
      vertex 5.28229 5.78229 0
    endloop
  endfacet
  facet normal 0 0 -1
    outer loop
      vertex -6.91814 1.66629 0
      vertex 5.26441 0.146317 0
      vertex 5.25361 0.0735121 0
    endloop
  endfacet
  facet normal 0 -0 -1
    outer loop
      vertex -5.70595 6.50562 0
      vertex 5.28229 5.78229 0
      vertex -6.26799 4.93484 0
    endloop
  endfacet
  facet normal 0 0 -1
    outer loop
      vertex -7 0 0
      vertex 5.25361 0.0735121 0
      vertex 5.25 0 0
    endloop
  endfacet
  facet normal 0 0 -1
    outer loop
      vertex 5.28229 5.78229 0
      vertex -5.70595 6.50562 0
      vertex 5.26441 5.85368 0
    endloop
  endfacet
  facet normal 0 0 -1
    outer loop
      vertex 11.3386 -5.64645 0
      vertex 6.66144 -5.64645 0
      vertex 11.3764 -5.58332 0
    endloop
  endfacet
  facet normal 0 0 -1
    outer loop
      vertex 11.4697 -0.53033 0
      vertex 6.74639 -0.0735121 0
      vertex 6.75 0 0
    endloop
  endfacet
  facet normal 0 0 -1
    outer loop
      vertex 6.6236 -5.58332 0
      vertex 11.3764 -5.58332 0
      vertex 6.66144 -5.64645 0
    endloop
  endfacet
  facet normal 0 0 -1
    outer loop
      vertex 11.4697 -0.53033 0
      vertex 6.73559 -0.146317 0
      vertex 6.74639 -0.0735121 0
    endloop
  endfacet
  facet normal 0 0 -1
    outer loop
      vertex 11.3764 -5.58332 0
      vertex 6.6236 -5.58332 0
      vertex 11.4202 -5.5242 0
    endloop
  endfacet
  facet normal 0 0 -1
    outer loop
      vertex 11.4697 -0.53033 0
      vertex 6.7177 -0.217713 0
      vertex 6.73559 -0.146317 0
    endloop
  endfacet
  facet normal 0 0 -1
    outer loop
      vertex 6.57976 -5.5242 0
      vertex 11.4202 -5.5242 0
      vertex 6.6236 -5.58332 0
    endloop
  endfacet
  facet normal 0 0 -1
    outer loop
      vertex 11.4697 -0.53033 0
      vertex 6.69291 -0.287012 0
      vertex 6.7177 -0.217713 0
    endloop
  endfacet
  facet normal 0 0 -1
    outer loop
      vertex 11.4202 -5.5242 0
      vertex 6.57976 -5.5242 0
      vertex 11.4697 -5.46967 0
    endloop
  endfacet
  facet normal 0 0 -1
    outer loop
      vertex 11.4697 -0.53033 0
      vertex 6.66144 -0.353547 0
      vertex 6.69291 -0.287012 0
    endloop
  endfacet
  facet normal 0 0 -1
    outer loop
      vertex 6.53033 -5.46967 0
      vertex 11.4697 -5.46967 0
      vertex 6.57976 -5.5242 0
    endloop
  endfacet
  facet normal 0 0 -1
    outer loop
      vertex 11.4697 -0.53033 0
      vertex 6.6236 -0.416677 0
      vertex 6.66144 -0.353547 0
    endloop
  endfacet
  facet normal 0 0 -1
    outer loop
      vertex 11.4697 -5.46967 0
      vertex 6.53033 -5.46967 0
      vertex 11.4697 -0.53033 0
    endloop
  endfacet
  facet normal 0 0 -1
    outer loop
      vertex 11.4697 -0.53033 0
      vertex 6.57976 -0.475795 0
      vertex 6.6236 -0.416677 0
    endloop
  endfacet
  facet normal 0 0 -1
    outer loop
      vertex 6.53033 -0.53033 0
      vertex 11.4697 -0.53033 0
      vertex 6.53033 -5.46967 0
    endloop
  endfacet
  facet normal 0 0 -1
    outer loop
      vertex 11.4697 -0.53033 0
      vertex 6.53033 -0.53033 0
      vertex 6.57976 -0.475795 0
    endloop
  endfacet
  facet normal 0 0 -1
    outer loop
      vertex 6.47579 -5.42024 0
      vertex 6.53033 -0.53033 0
      vertex 6.53033 -5.46967 0
    endloop
  endfacet
  facet normal 0 0 -1
    outer loop
      vertex 6.47579 -5.42024 0
      vertex 6.47579 -0.579758 0
      vertex 6.53033 -0.53033 0
    endloop
  endfacet
  facet normal 0 0 -1
    outer loop
      vertex 6.41668 -5.3764 0
      vertex 6.47579 -0.579758 0
      vertex 6.47579 -5.42024 0
    endloop
  endfacet
  facet normal 0 0 -1
    outer loop
      vertex 6.41668 -5.3764 0
      vertex 6.41668 -0.623602 0
      vertex 6.47579 -0.579758 0
    endloop
  endfacet
  facet normal 0 0 -1
    outer loop
      vertex 6.35355 -5.33856 0
      vertex 6.41668 -0.623602 0
      vertex 6.41668 -5.3764 0
    endloop
  endfacet
  facet normal 0 0 -1
    outer loop
      vertex 6.35355 -5.33856 0
      vertex 6.35355 -0.661441 0
      vertex 6.41668 -0.623602 0
    endloop
  endfacet
  facet normal 0 0 -1
    outer loop
      vertex 6.28701 -5.30709 0
      vertex 6.35355 -0.661441 0
      vertex 6.35355 -5.33856 0
    endloop
  endfacet
  facet normal 0 0 -1
    outer loop
      vertex 6.28701 -5.30709 0
      vertex 6.28701 -0.692909 0
      vertex 6.35355 -0.661441 0
    endloop
  endfacet
  facet normal 0 0 -1
    outer loop
      vertex 6.21771 -5.28229 0
      vertex 6.28701 -0.692909 0
      vertex 6.28701 -5.30709 0
    endloop
  endfacet
  facet normal 0 0 -1
    outer loop
      vertex 6.21771 -5.28229 0
      vertex 6.21771 -0.717705 0
      vertex 6.28701 -0.692909 0
    endloop
  endfacet
  facet normal 0 0 -1
    outer loop
      vertex 6.14632 -5.26441 0
      vertex 6.21771 -0.717705 0
      vertex 6.21771 -5.28229 0
    endloop
  endfacet
  facet normal 0 0 -1
    outer loop
      vertex 6.14632 -5.26441 0
      vertex 6.14632 -0.735588 0
      vertex 6.21771 -0.717705 0
    endloop
  endfacet
  facet normal 0 0 -1
    outer loop
      vertex 6.07351 -5.25361 0
      vertex 6.14632 -0.735588 0
      vertex 6.14632 -5.26441 0
    endloop
  endfacet
  facet normal 0 0 -1
    outer loop
      vertex 6.07351 -5.25361 0
      vertex 6.07351 -0.746388 0
      vertex 6.14632 -0.735588 0
    endloop
  endfacet
  facet normal 0 0 -1
    outer loop
      vertex 6 -5.25 0
      vertex 6.07351 -0.746388 0
      vertex 6.07351 -5.25361 0
    endloop
  endfacet
  facet normal 0 0 -1
    outer loop
      vertex 6 -5.25 0
      vertex 6 -0.75 0
      vertex 6.07351 -0.746388 0
    endloop
  endfacet
  facet normal 0 0 -1
    outer loop
      vertex 5.92649 -5.25361 0
      vertex 6 -0.75 0
      vertex 6 -5.25 0
    endloop
  endfacet
  facet normal 0 0 -1
    outer loop
      vertex 5.92649 -5.25361 0
      vertex 5.92649 -0.746388 0
      vertex 6 -0.75 0
    endloop
  endfacet
  facet normal 0 0 -1
    outer loop
      vertex 5.85368 -5.26441 0
      vertex 5.92649 -0.746388 0
      vertex 5.92649 -5.25361 0
    endloop
  endfacet
  facet normal 0 0 -1
    outer loop
      vertex 5.85368 -5.26441 0
      vertex 5.85368 -0.735588 0
      vertex 5.92649 -0.746388 0
    endloop
  endfacet
  facet normal 0 0 -1
    outer loop
      vertex 5.78229 -5.28229 0
      vertex 5.85368 -0.735588 0
      vertex 5.85368 -5.26441 0
    endloop
  endfacet
  facet normal 0 0 -1
    outer loop
      vertex 5.78229 -5.28229 0
      vertex 5.78229 -0.717705 0
      vertex 5.85368 -0.735588 0
    endloop
  endfacet
  facet normal 0 0 -1
    outer loop
      vertex 5.71299 -5.30709 0
      vertex 5.78229 -0.717705 0
      vertex 5.78229 -5.28229 0
    endloop
  endfacet
  facet normal 0 0 -1
    outer loop
      vertex 5.71299 -5.30709 0
      vertex 5.71299 -0.692909 0
      vertex 5.78229 -0.717705 0
    endloop
  endfacet
  facet normal 0 0 -1
    outer loop
      vertex 5.64645 -5.33856 0
      vertex 5.71299 -0.692909 0
      vertex 5.71299 -5.30709 0
    endloop
  endfacet
  facet normal 0 0 -1
    outer loop
      vertex 5.64645 -5.33856 0
      vertex 5.64645 -0.661441 0
      vertex 5.71299 -0.692909 0
    endloop
  endfacet
  facet normal 0 0 -1
    outer loop
      vertex 5.58332 -5.3764 0
      vertex 5.64645 -0.661441 0
      vertex 5.64645 -5.33856 0
    endloop
  endfacet
  facet normal 0 0 -1
    outer loop
      vertex 5.58332 -5.3764 0
      vertex 5.58332 -0.623602 0
      vertex 5.64645 -0.661441 0
    endloop
  endfacet
  facet normal 0 0 -1
    outer loop
      vertex 5.5242 -5.42024 0
      vertex 5.58332 -0.623602 0
      vertex 5.58332 -5.3764 0
    endloop
  endfacet
  facet normal 0 0 -1
    outer loop
      vertex 5.5242 -5.42024 0
      vertex 5.5242 -0.579758 0
      vertex 5.58332 -0.623602 0
    endloop
  endfacet
  facet normal 0 0 -1
    outer loop
      vertex 5.46967 -5.46967 0
      vertex 5.5242 -0.579758 0
      vertex 5.5242 -5.42024 0
    endloop
  endfacet
  facet normal 0 0 -1
    outer loop
      vertex 5.46967 -5.46967 0
      vertex 5.46967 -0.53033 0
      vertex 5.5242 -0.579758 0
    endloop
  endfacet
  facet normal 0 0 -1
    outer loop
      vertex 5.42024 -5.5242 0
      vertex 5.46967 -0.53033 0
      vertex 5.46967 -5.46967 0
    endloop
  endfacet
  facet normal 0 0 -1
    outer loop
      vertex 5.42024 -5.5242 0
      vertex 5.42024 -0.475795 0
      vertex 5.46967 -0.53033 0
    endloop
  endfacet
  facet normal 0 0 -1
    outer loop
      vertex 5.3764 -5.58332 0
      vertex 5.42024 -0.475795 0
      vertex 5.42024 -5.5242 0
    endloop
  endfacet
  facet normal 0 0 -1
    outer loop
      vertex 5.3764 -5.58332 0
      vertex 5.3764 -0.416677 0
      vertex 5.42024 -0.475795 0
    endloop
  endfacet
  facet normal 0 0 -1
    outer loop
      vertex 5.33856 -5.64645 0
      vertex 5.3764 -0.416677 0
      vertex 5.3764 -5.58332 0
    endloop
  endfacet
  facet normal 0 0 -1
    outer loop
      vertex 5.33856 -5.64645 0
      vertex 5.33856 -0.353547 0
      vertex 5.3764 -0.416677 0
    endloop
  endfacet
  facet normal 0 0 -1
    outer loop
      vertex 5.30709 -5.71299 0
      vertex 5.33856 -0.353547 0
      vertex 5.33856 -5.64645 0
    endloop
  endfacet
  facet normal 0 0 -1
    outer loop
      vertex 5.30709 -5.71299 0
      vertex 5.30709 -0.287012 0
      vertex 5.33856 -0.353547 0
    endloop
  endfacet
  facet normal 0 0 -1
    outer loop
      vertex -6.26799 -4.93484 0
      vertex 5.30709 -5.71299 0
      vertex 5.28229 -5.78229 0
    endloop
  endfacet
  facet normal 0 0 -1
    outer loop
      vertex 5.30709 -5.71299 0
      vertex -6.26799 -4.93484 0
      vertex 5.30709 -0.287012 0
    endloop
  endfacet
  facet normal 0 0 -1
    outer loop
      vertex -5.70595 -6.50562 0
      vertex 5.28229 -5.78229 0
      vertex 5.26441 -5.85368 0
    endloop
  endfacet
  facet normal 0 0 -1
    outer loop
      vertex -6.67335 -3.31653 0
      vertex 5.30709 -0.287012 0
      vertex -6.26799 -4.93484 0
    endloop
  endfacet
  facet normal 0 0 -1
    outer loop
      vertex -4.99266 -8.01374 0
      vertex 5.26441 -5.85368 0
      vertex 5.25361 -5.92649 0
    endloop
  endfacet
  facet normal -0 0 -1
    outer loop
      vertex 5.30709 -0.287012 0
      vertex -6.67335 -3.31653 0
      vertex 5.28229 -0.217713 0
    endloop
  endfacet
  facet normal 0 0 -1
    outer loop
      vertex -4.99266 -8.01374 0
      vertex 5.25361 -5.92649 0
      vertex 5.25 -6 0
    endloop
  endfacet
  facet normal -0 0 -1
    outer loop
      vertex 5.28229 -0.217713 0
      vertex -6.67335 -3.31653 0
      vertex 5.26441 -0.146317 0
    endloop
  endfacet
  facet normal 0 0 -1
    outer loop
      vertex 11.2536 6.07351 0
      vertex 6.74639 6.07351 0
      vertex 11.2644 6.14632 0
    endloop
  endfacet
  facet normal 0 0 -1
    outer loop
      vertex 6.73559 6.14632 0
      vertex 11.2644 6.14632 0
      vertex 6.74639 6.07351 0
    endloop
  endfacet
  facet normal 0 0 -1
    outer loop
      vertex 11.2644 6.14632 0
      vertex 6.73559 6.14632 0
      vertex 11.2823 6.21771 0
    endloop
  endfacet
  facet normal 0 0 -1
    outer loop
      vertex 6.7177 6.21771 0
      vertex 11.2823 6.21771 0
      vertex 6.73559 6.14632 0
    endloop
  endfacet
  facet normal 0 0 -1
    outer loop
      vertex 6.69291 6.28701 0
      vertex 11.2823 6.21771 0
      vertex 6.7177 6.21771 0
    endloop
  endfacet
  facet normal 0 0 -1
    outer loop
      vertex 6.66144 6.35355 0
      vertex 11.2823 6.21771 0
      vertex 6.69291 6.28701 0
    endloop
  endfacet
  facet normal 0 0 -1
    outer loop
      vertex 6.6236 6.41668 0
      vertex 11.2823 6.21771 0
      vertex 6.66144 6.35355 0
    endloop
  endfacet
  facet normal 0 0 -1
    outer loop
      vertex 6.57976 6.47579 0
      vertex 11.2823 6.21771 0
      vertex 6.6236 6.41668 0
    endloop
  endfacet
  facet normal 0 0 -1
    outer loop
      vertex 6.53033 6.53033 0
      vertex 11.2823 6.21771 0
      vertex 6.57976 6.47579 0
    endloop
  endfacet
  facet normal 0 0 -1
    outer loop
      vertex 6.47579 6.57976 0
      vertex 11.2823 6.21771 0
      vertex 6.53033 6.53033 0
    endloop
  endfacet
  facet normal 0 0 -1
    outer loop
      vertex 6.41668 6.6236 0
      vertex 11.2823 6.21771 0
      vertex 6.47579 6.57976 0
    endloop
  endfacet
  facet normal 0 0 -1
    outer loop
      vertex 11.2823 6.21771 0
      vertex 6.41668 6.6236 0
      vertex 8.33371 16.9181 0
    endloop
  endfacet
  facet normal 0 0 -1
    outer loop
      vertex 6.35355 6.66144 0
      vertex 8.33371 16.9181 0
      vertex 6.41668 6.6236 0
    endloop
  endfacet
  facet normal 0 0 -1
    outer loop
      vertex 6.28701 6.69291 0
      vertex 8.33371 16.9181 0
      vertex 6.35355 6.66144 0
    endloop
  endfacet
  facet normal 0 0 -1
    outer loop
      vertex 8.33371 16.9181 0
      vertex 6.28701 6.69291 0
      vertex 6.68346 16.6733 0
    endloop
  endfacet
  facet normal 0 0 -1
    outer loop
      vertex 6.21771 6.7177 0
      vertex 6.68346 16.6733 0
      vertex 6.28701 6.69291 0
    endloop
  endfacet
  facet normal 0 0 -1
    outer loop
      vertex 6.14632 6.73559 0
      vertex 6.68346 16.6733 0
      vertex 6.21771 6.7177 0
    endloop
  endfacet
  facet normal 0 0 -1
    outer loop
      vertex 5.06516 16.268 0
      vertex 6.14632 6.73559 0
      vertex 6.07351 6.74639 0
    endloop
  endfacet
  facet normal 0 0 -1
    outer loop
      vertex 5.06516 16.268 0
      vertex 6.07351 6.74639 0
      vertex 6 6.75 0
    endloop
  endfacet
  facet normal 0 0 -1
    outer loop
      vertex 3.49438 15.706 0
      vertex 6 6.75 0
      vertex 5.92649 6.74639 0
    endloop
  endfacet
  facet normal 0 0 -1
    outer loop
      vertex 3.49438 15.706 0
      vertex 5.92649 6.74639 0
      vertex 5.85368 6.73559 0
    endloop
  endfacet
  facet normal 0 0 -1
    outer loop
      vertex 3.49438 15.706 0
      vertex 5.85368 6.73559 0
      vertex 5.78229 6.7177 0
    endloop
  endfacet
  facet normal 0 0 -1
    outer loop
      vertex 1.98625 14.9927 0
      vertex 5.78229 6.7177 0
      vertex 5.71299 6.69291 0
    endloop
  endfacet
  facet normal 0 0 -1
    outer loop
      vertex 1.98625 14.9927 0
      vertex 5.71299 6.69291 0
      vertex 5.64645 6.66144 0
    endloop
  endfacet
  facet normal 0 0 -1
    outer loop
      vertex 0.555305 14.135 0
      vertex 5.64645 6.66144 0
      vertex 5.58332 6.6236 0
    endloop
  endfacet
  facet normal 0 0 -1
    outer loop
      vertex 0.555305 14.135 0
      vertex 5.58332 6.6236 0
      vertex 5.5242 6.57976 0
    endloop
  endfacet
  facet normal 0 0 -1
    outer loop
      vertex -0.784685 13.1412 0
      vertex 5.5242 6.57976 0
      vertex 5.46967 6.53033 0
    endloop
  endfacet
  facet normal 0 0 -1
    outer loop
      vertex -0.784685 13.1412 0
      vertex 5.46967 6.53033 0
      vertex 5.42024 6.47579 0
    endloop
  endfacet
  facet normal 0 0 -1
    outer loop
      vertex -0.784685 13.1412 0
      vertex 5.42024 6.47579 0
      vertex 5.3764 6.41668 0
    endloop
  endfacet
  facet normal 0 0 -1
    outer loop
      vertex -2.02081 12.0208 0
      vertex 5.3764 6.41668 0
      vertex 5.33856 6.35355 0
    endloop
  endfacet
  facet normal 0 0 -1
    outer loop
      vertex -2.02081 12.0208 0
      vertex 5.33856 6.35355 0
      vertex 5.30709 6.28701 0
    endloop
  endfacet
  facet normal 0 0 -1
    outer loop
      vertex -3.14118 10.7847 0
      vertex 5.30709 6.28701 0
      vertex 5.28229 6.21771 0
    endloop
  endfacet
  facet normal 0 0 -1
    outer loop
      vertex -3.14118 10.7847 0
      vertex 5.28229 6.21771 0
      vertex 5.26441 6.14632 0
    endloop
  endfacet
  facet normal 0 0 -1
    outer loop
      vertex -4.13498 9.44469 0
      vertex 5.26441 6.14632 0
      vertex 5.25361 6.07351 0
    endloop
  endfacet
  facet normal 0 0 -1
    outer loop
      vertex 6.14632 6.73559 0
      vertex 5.06516 16.268 0
      vertex 6.68346 16.6733 0
    endloop
  endfacet
  facet normal 0 0 -1
    outer loop
      vertex -4.13498 9.44469 0
      vertex 5.25361 6.07351 0
      vertex 5.25 6 0
    endloop
  endfacet
  facet normal -0 0 -1
    outer loop
      vertex 5.30709 -6.28701 0
      vertex -3.14118 -10.7847 0
      vertex 5.28229 -6.21771 0
    endloop
  endfacet
  facet normal -0 0 -1
    outer loop
      vertex 5.28229 -6.21771 0
      vertex -3.14118 -10.7847 0
      vertex 5.26441 -6.14632 0
    endloop
  endfacet
  facet normal 0 0 -1
    outer loop
      vertex 6 6.75 0
      vertex 3.49438 15.706 0
      vertex 5.06516 16.268 0
    endloop
  endfacet
  facet normal 0 0 -1
    outer loop
      vertex -4.13498 -9.44469 0
      vertex 5.26441 -6.14632 0
      vertex -3.14118 -10.7847 0
    endloop
  endfacet
  facet normal 0 0 -1
    outer loop
      vertex 5.78229 6.7177 0
      vertex 1.98625 14.9927 0
      vertex 3.49438 15.706 0
    endloop
  endfacet
  facet normal -0 0 -1
    outer loop
      vertex 5.26441 -6.14632 0
      vertex -4.13498 -9.44469 0
      vertex 5.25361 -6.07351 0
    endloop
  endfacet
  facet normal 0 0 -1
    outer loop
      vertex 5.64645 6.66144 0
      vertex 0.555305 14.135 0
      vertex 1.98625 14.9927 0
    endloop
  endfacet
  facet normal -0 0 -1
    outer loop
      vertex 5.25361 -6.07351 0
      vertex -4.13498 -9.44469 0
      vertex 5.25 -6 0
    endloop
  endfacet
  facet normal 0 0 -1
    outer loop
      vertex 5.5242 6.57976 0
      vertex -0.784685 13.1412 0
      vertex 0.555305 14.135 0
    endloop
  endfacet
  facet normal 0 0 -1
    outer loop
      vertex -4.99266 -8.01374 0
      vertex 5.25 -6 0
      vertex -4.13498 -9.44469 0
    endloop
  endfacet
  facet normal 0 0 -1
    outer loop
      vertex 5.3764 6.41668 0
      vertex -2.02081 12.0208 0
      vertex -0.784685 13.1412 0
    endloop
  endfacet
  facet normal 0 0 -1
    outer loop
      vertex 5.26441 -5.85368 0
      vertex -4.99266 -8.01374 0
      vertex -5.70595 -6.50562 0
    endloop
  endfacet
  facet normal 0 0 -1
    outer loop
      vertex 5.30709 6.28701 0
      vertex -3.14118 10.7847 0
      vertex -2.02081 12.0208 0
    endloop
  endfacet
  facet normal -0 0 -1
    outer loop
      vertex 5.28229 -5.78229 0
      vertex -5.70595 -6.50562 0
      vertex -6.26799 -4.93484 0
    endloop
  endfacet
  facet normal 0 0 -1
    outer loop
      vertex 5.26441 6.14632 0
      vertex -4.13498 9.44469 0
      vertex -3.14118 10.7847 0
    endloop
  endfacet
  facet normal 0 0 -1
    outer loop
      vertex -6.91814 -1.66629 0
      vertex 5.26441 -0.146317 0
      vertex -6.67335 -3.31653 0
    endloop
  endfacet
  facet normal 0 0 -1
    outer loop
      vertex 5.25 6 0
      vertex -4.99266 8.01374 0
      vertex -4.13498 9.44469 0
    endloop
  endfacet
  facet normal -0 0 -1
    outer loop
      vertex 5.26441 -0.146317 0
      vertex -6.91814 -1.66629 0
      vertex 5.25361 -0.0735121 0
    endloop
  endfacet
  facet normal 0 0 -1
    outer loop
      vertex 5.25361 5.92649 0
      vertex -4.99266 8.01374 0
      vertex 5.25 6 0
    endloop
  endfacet
  facet normal 0 0 -1
    outer loop
      vertex -7 0 0
      vertex 5.25361 -0.0735121 0
      vertex -6.91814 -1.66629 0
    endloop
  endfacet
  facet normal 0 0 -1
    outer loop
      vertex 5.26441 5.85368 0
      vertex -4.99266 8.01374 0
      vertex 5.25361 5.92649 0
    endloop
  endfacet
  facet normal 0 0 -1
    outer loop
      vertex 5.25361 -0.0735121 0
      vertex -7 0 0
      vertex 5.25 0 0
    endloop
  endfacet
  facet normal 0 -0 -1
    outer loop
      vertex -4.99266 8.01374 0
      vertex 5.26441 5.85368 0
      vertex -5.70595 6.50562 0
    endloop
  endfacet
  facet normal -0 0 -1
    outer loop
      vertex 5.25361 0.0735121 0
      vertex -7 0 0
      vertex -6.91814 1.66629 0
    endloop
  endfacet
  facet normal 0 0 -1
    outer loop
      vertex 5.30709 0.287012 0
      vertex -6.67335 3.31653 0
      vertex -6.26799 4.93484 0
    endloop
  endfacet
  facet normal 0 0 -1
    outer loop
      vertex 5.26441 0.146317 0
      vertex -6.91814 1.66629 0
      vertex -6.67335 3.31653 0
    endloop
  endfacet
  facet normal 0 0 -1
    outer loop
      vertex 17.3386 0.353547 0
      vertex 12.6614 0.353547 0
      vertex 17.3764 0.416677 0
    endloop
  endfacet
  facet normal 0 0 -1
    outer loop
      vertex 17.4697 5.46967 0
      vertex 12.7464 5.92649 0
      vertex 12.75 6 0
    endloop
  endfacet
  facet normal 0 0 -1
    outer loop
      vertex 12.6236 0.416677 0
      vertex 17.3764 0.416677 0
      vertex 12.6614 0.353547 0
    endloop
  endfacet
  facet normal 0 0 -1
    outer loop
      vertex 17.4697 5.46967 0
      vertex 12.7356 5.85368 0
      vertex 12.7464 5.92649 0
    endloop
  endfacet
  facet normal 0 0 -1
    outer loop
      vertex 17.3764 0.416677 0
      vertex 12.6236 0.416677 0
      vertex 17.4202 0.475795 0
    endloop
  endfacet
  facet normal 0 0 -1
    outer loop
      vertex 17.4697 5.46967 0
      vertex 12.7177 5.78229 0
      vertex 12.7356 5.85368 0
    endloop
  endfacet
  facet normal 0 0 -1
    outer loop
      vertex 12.5798 0.475795 0
      vertex 17.4202 0.475795 0
      vertex 12.6236 0.416677 0
    endloop
  endfacet
  facet normal 0 0 -1
    outer loop
      vertex 17.4697 5.46967 0
      vertex 12.6929 5.71299 0
      vertex 12.7177 5.78229 0
    endloop
  endfacet
  facet normal 0 0 -1
    outer loop
      vertex 17.4202 0.475795 0
      vertex 12.5798 0.475795 0
      vertex 17.4697 0.53033 0
    endloop
  endfacet
  facet normal 0 0 -1
    outer loop
      vertex 17.4697 5.46967 0
      vertex 12.6614 5.64645 0
      vertex 12.6929 5.71299 0
    endloop
  endfacet
  facet normal 0 0 -1
    outer loop
      vertex 12.5303 0.53033 0
      vertex 17.4697 0.53033 0
      vertex 12.5798 0.475795 0
    endloop
  endfacet
  facet normal 0 0 -1
    outer loop
      vertex 17.4697 5.46967 0
      vertex 12.6236 5.58332 0
      vertex 12.6614 5.64645 0
    endloop
  endfacet
  facet normal 0 0 -1
    outer loop
      vertex 17.4697 0.53033 0
      vertex 12.5303 0.53033 0
      vertex 17.4697 5.46967 0
    endloop
  endfacet
  facet normal 0 0 -1
    outer loop
      vertex 17.4697 5.46967 0
      vertex 12.5798 5.5242 0
      vertex 12.6236 5.58332 0
    endloop
  endfacet
  facet normal 0 0 -1
    outer loop
      vertex 12.5303 5.46967 0
      vertex 17.4697 5.46967 0
      vertex 12.5303 0.53033 0
    endloop
  endfacet
  facet normal 0 0 -1
    outer loop
      vertex 17.4697 5.46967 0
      vertex 12.5303 5.46967 0
      vertex 12.5798 5.5242 0
    endloop
  endfacet
  facet normal 0 0 -1
    outer loop
      vertex 12.4758 0.579758 0
      vertex 12.5303 5.46967 0
      vertex 12.5303 0.53033 0
    endloop
  endfacet
  facet normal 0 0 -1
    outer loop
      vertex 12.4758 0.579758 0
      vertex 12.4758 5.42024 0
      vertex 12.5303 5.46967 0
    endloop
  endfacet
  facet normal 0 0 -1
    outer loop
      vertex 12.4167 0.623602 0
      vertex 12.4758 5.42024 0
      vertex 12.4758 0.579758 0
    endloop
  endfacet
  facet normal 0 0 -1
    outer loop
      vertex 12.4167 0.623602 0
      vertex 12.4167 5.3764 0
      vertex 12.4758 5.42024 0
    endloop
  endfacet
  facet normal 0 0 -1
    outer loop
      vertex 12.3535 0.661441 0
      vertex 12.4167 5.3764 0
      vertex 12.4167 0.623602 0
    endloop
  endfacet
  facet normal 0 0 -1
    outer loop
      vertex 12.3535 0.661441 0
      vertex 12.3535 5.33856 0
      vertex 12.4167 5.3764 0
    endloop
  endfacet
  facet normal 0 0 -1
    outer loop
      vertex 12.287 0.692909 0
      vertex 12.3535 5.33856 0
      vertex 12.3535 0.661441 0
    endloop
  endfacet
  facet normal 0 0 -1
    outer loop
      vertex 12.287 0.692909 0
      vertex 12.287 5.30709 0
      vertex 12.3535 5.33856 0
    endloop
  endfacet
  facet normal 0 0 -1
    outer loop
      vertex 12.2177 0.717705 0
      vertex 12.287 5.30709 0
      vertex 12.287 0.692909 0
    endloop
  endfacet
  facet normal 0 0 -1
    outer loop
      vertex 12.2177 0.717705 0
      vertex 12.2177 5.28229 0
      vertex 12.287 5.30709 0
    endloop
  endfacet
  facet normal 0 0 -1
    outer loop
      vertex 12.1463 0.735588 0
      vertex 12.2177 5.28229 0
      vertex 12.2177 0.717705 0
    endloop
  endfacet
  facet normal 0 0 -1
    outer loop
      vertex 12.1463 0.735588 0
      vertex 12.1463 5.26441 0
      vertex 12.2177 5.28229 0
    endloop
  endfacet
  facet normal 0 0 -1
    outer loop
      vertex 12.0735 0.746388 0
      vertex 12.1463 5.26441 0
      vertex 12.1463 0.735588 0
    endloop
  endfacet
  facet normal 0 0 -1
    outer loop
      vertex 12.0735 0.746388 0
      vertex 12.0735 5.25361 0
      vertex 12.1463 5.26441 0
    endloop
  endfacet
  facet normal 0 0 -1
    outer loop
      vertex 12 0.75 0
      vertex 12.0735 5.25361 0
      vertex 12.0735 0.746388 0
    endloop
  endfacet
  facet normal 0 0 -1
    outer loop
      vertex 12 0.75 0
      vertex 12 5.25 0
      vertex 12.0735 5.25361 0
    endloop
  endfacet
  facet normal 0 0 -1
    outer loop
      vertex 11.9265 0.746388 0
      vertex 12 5.25 0
      vertex 12 0.75 0
    endloop
  endfacet
  facet normal 0 0 -1
    outer loop
      vertex 11.9265 0.746388 0
      vertex 11.9265 5.25361 0
      vertex 12 5.25 0
    endloop
  endfacet
  facet normal 0 0 -1
    outer loop
      vertex 11.8537 0.735588 0
      vertex 11.9265 5.25361 0
      vertex 11.9265 0.746388 0
    endloop
  endfacet
  facet normal 0 0 -1
    outer loop
      vertex 11.8537 0.735588 0
      vertex 11.8537 5.26441 0
      vertex 11.9265 5.25361 0
    endloop
  endfacet
  facet normal 0 0 -1
    outer loop
      vertex 11.7823 0.717705 0
      vertex 11.8537 5.26441 0
      vertex 11.8537 0.735588 0
    endloop
  endfacet
  facet normal 0 0 -1
    outer loop
      vertex 11.7823 0.717705 0
      vertex 11.7823 5.28229 0
      vertex 11.8537 5.26441 0
    endloop
  endfacet
  facet normal 0 0 -1
    outer loop
      vertex 11.713 0.692909 0
      vertex 11.7823 5.28229 0
      vertex 11.7823 0.717705 0
    endloop
  endfacet
  facet normal 0 0 -1
    outer loop
      vertex 11.713 0.692909 0
      vertex 11.713 5.30709 0
      vertex 11.7823 5.28229 0
    endloop
  endfacet
  facet normal 0 0 -1
    outer loop
      vertex 11.6465 0.661441 0
      vertex 11.713 5.30709 0
      vertex 11.713 0.692909 0
    endloop
  endfacet
  facet normal 0 0 -1
    outer loop
      vertex 11.6465 0.661441 0
      vertex 11.6465 5.33856 0
      vertex 11.713 5.30709 0
    endloop
  endfacet
  facet normal 0 0 -1
    outer loop
      vertex 11.5833 0.623602 0
      vertex 11.6465 5.33856 0
      vertex 11.6465 0.661441 0
    endloop
  endfacet
  facet normal 0 0 -1
    outer loop
      vertex 11.5833 0.623602 0
      vertex 11.5833 5.3764 0
      vertex 11.6465 5.33856 0
    endloop
  endfacet
  facet normal 0 0 -1
    outer loop
      vertex 11.5242 0.579758 0
      vertex 11.5833 5.3764 0
      vertex 11.5833 0.623602 0
    endloop
  endfacet
  facet normal 0 0 -1
    outer loop
      vertex 11.5242 0.579758 0
      vertex 11.5242 5.42024 0
      vertex 11.5833 5.3764 0
    endloop
  endfacet
  facet normal 0 0 -1
    outer loop
      vertex 11.4697 0.53033 0
      vertex 11.5242 5.42024 0
      vertex 11.5242 0.579758 0
    endloop
  endfacet
  facet normal 0 0 -1
    outer loop
      vertex 11.4697 0.53033 0
      vertex 11.4697 5.46967 0
      vertex 11.5242 5.42024 0
    endloop
  endfacet
  facet normal 0 0 -1
    outer loop
      vertex 6.69291 0.287012 0
      vertex 11.3071 0.287012 0
      vertex 6.7177 0.217713 0
    endloop
  endfacet
  facet normal 0 0 -1
    outer loop
      vertex 11.3071 0.287012 0
      vertex 6.69291 0.287012 0
      vertex 11.3386 0.353547 0
    endloop
  endfacet
  facet normal 0 0 -1
    outer loop
      vertex 11.2823 0.217713 0
      vertex 6.7177 0.217713 0
      vertex 11.3071 0.287012 0
    endloop
  endfacet
  facet normal 0 0 -1
    outer loop
      vertex 6.66144 0.353547 0
      vertex 11.3386 0.353547 0
      vertex 6.69291 0.287012 0
    endloop
  endfacet
  facet normal 0 0 -1
    outer loop
      vertex 6.7177 0.217713 0
      vertex 11.2823 0.217713 0
      vertex 6.73559 0.146317 0
    endloop
  endfacet
  facet normal 0 0 -1
    outer loop
      vertex 11.4697 5.46967 0
      vertex 6.75 6 0
      vertex 11.4202 5.5242 0
    endloop
  endfacet
  facet normal 0 0 -1
    outer loop
      vertex 11.2644 0.146317 0
      vertex 6.73559 0.146317 0
      vertex 11.2823 0.217713 0
    endloop
  endfacet
  facet normal 0 0 -1
    outer loop
      vertex 11.4202 5.5242 0
      vertex 6.75 6 0
      vertex 11.3764 5.58332 0
    endloop
  endfacet
  facet normal 0 0 -1
    outer loop
      vertex 6.73559 0.146317 0
      vertex 11.2644 0.146317 0
      vertex 6.74639 0.0735121 0
    endloop
  endfacet
  facet normal 0 0 -1
    outer loop
      vertex 11.3764 5.58332 0
      vertex 6.75 6 0
      vertex 11.3386 5.64645 0
    endloop
  endfacet
  facet normal 0 0 -1
    outer loop
      vertex 6.74639 0.0735121 0
      vertex 11.2536 0.0735121 0
      vertex 6.75 0 0
    endloop
  endfacet
  facet normal 0 0 -1
    outer loop
      vertex 11.2536 0.0735121 0
      vertex 6.74639 0.0735121 0
      vertex 11.2644 0.146317 0
    endloop
  endfacet
  facet normal 0 0 -1
    outer loop
      vertex 11.25 0 0
      vertex 6.75 0 0
      vertex 11.2536 0.0735121 0
    endloop
  endfacet
  facet normal 0 0 -1
    outer loop
      vertex 11.3386 5.64645 0
      vertex 6.75 6 0
      vertex 11.3071 5.71299 0
    endloop
  endfacet
  facet normal 0 0 -1
    outer loop
      vertex 11.2536 -0.0735121 0
      vertex 6.75 0 0
      vertex 11.25 0 0
    endloop
  endfacet
  facet normal 0 0 -1
    outer loop
      vertex 11.3071 5.71299 0
      vertex 6.75 6 0
      vertex 11.2823 5.78229 0
    endloop
  endfacet
  facet normal 0 0 -1
    outer loop
      vertex 17.3386 -5.64645 0
      vertex 12.6614 -5.64645 0
      vertex 17.3764 -5.58332 0
    endloop
  endfacet
  facet normal 0 0 -1
    outer loop
      vertex 17.4697 -0.53033 0
      vertex 12.7464 -0.0735121 0
      vertex 12.75 0 0
    endloop
  endfacet
  facet normal 0 0 -1
    outer loop
      vertex 12.6236 -5.58332 0
      vertex 17.3764 -5.58332 0
      vertex 12.6614 -5.64645 0
    endloop
  endfacet
  facet normal 0 0 -1
    outer loop
      vertex 17.4697 -0.53033 0
      vertex 12.7356 -0.146317 0
      vertex 12.7464 -0.0735121 0
    endloop
  endfacet
  facet normal 0 0 -1
    outer loop
      vertex 17.3764 -5.58332 0
      vertex 12.6236 -5.58332 0
      vertex 17.4202 -5.5242 0
    endloop
  endfacet
  facet normal 0 0 -1
    outer loop
      vertex 17.4697 -0.53033 0
      vertex 12.7177 -0.217713 0
      vertex 12.7356 -0.146317 0
    endloop
  endfacet
  facet normal 0 0 -1
    outer loop
      vertex 12.5798 -5.5242 0
      vertex 17.4202 -5.5242 0
      vertex 12.6236 -5.58332 0
    endloop
  endfacet
  facet normal 0 0 -1
    outer loop
      vertex 17.4697 -0.53033 0
      vertex 12.6929 -0.287012 0
      vertex 12.7177 -0.217713 0
    endloop
  endfacet
  facet normal 0 0 -1
    outer loop
      vertex 17.4202 -5.5242 0
      vertex 12.5798 -5.5242 0
      vertex 17.4697 -5.46967 0
    endloop
  endfacet
  facet normal 0 0 -1
    outer loop
      vertex 17.4697 -0.53033 0
      vertex 12.6614 -0.353547 0
      vertex 12.6929 -0.287012 0
    endloop
  endfacet
  facet normal 0 0 -1
    outer loop
      vertex 12.5303 -5.46967 0
      vertex 17.4697 -5.46967 0
      vertex 12.5798 -5.5242 0
    endloop
  endfacet
  facet normal 0 0 -1
    outer loop
      vertex 17.4697 -0.53033 0
      vertex 12.6236 -0.416677 0
      vertex 12.6614 -0.353547 0
    endloop
  endfacet
  facet normal 0 0 -1
    outer loop
      vertex 17.4697 -5.46967 0
      vertex 12.5303 -5.46967 0
      vertex 17.4697 -0.53033 0
    endloop
  endfacet
  facet normal 0 0 -1
    outer loop
      vertex 17.4697 -0.53033 0
      vertex 12.5798 -0.475795 0
      vertex 12.6236 -0.416677 0
    endloop
  endfacet
  facet normal 0 0 -1
    outer loop
      vertex 12.5303 -0.53033 0
      vertex 17.4697 -0.53033 0
      vertex 12.5303 -5.46967 0
    endloop
  endfacet
  facet normal 0 0 -1
    outer loop
      vertex 17.4697 -0.53033 0
      vertex 12.5303 -0.53033 0
      vertex 12.5798 -0.475795 0
    endloop
  endfacet
  facet normal 0 0 -1
    outer loop
      vertex 12.4758 -5.42024 0
      vertex 12.5303 -0.53033 0
      vertex 12.5303 -5.46967 0
    endloop
  endfacet
  facet normal 0 0 -1
    outer loop
      vertex 12.4758 -5.42024 0
      vertex 12.4758 -0.579758 0
      vertex 12.5303 -0.53033 0
    endloop
  endfacet
  facet normal 0 0 -1
    outer loop
      vertex 12.4167 -5.3764 0
      vertex 12.4758 -0.579758 0
      vertex 12.4758 -5.42024 0
    endloop
  endfacet
  facet normal 0 0 -1
    outer loop
      vertex 12.4167 -5.3764 0
      vertex 12.4167 -0.623602 0
      vertex 12.4758 -0.579758 0
    endloop
  endfacet
  facet normal 0 0 -1
    outer loop
      vertex 12.3535 -5.33856 0
      vertex 12.4167 -0.623602 0
      vertex 12.4167 -5.3764 0
    endloop
  endfacet
  facet normal 0 0 -1
    outer loop
      vertex 12.3535 -5.33856 0
      vertex 12.3535 -0.661441 0
      vertex 12.4167 -0.623602 0
    endloop
  endfacet
  facet normal 0 0 -1
    outer loop
      vertex 12.287 -5.30709 0
      vertex 12.3535 -0.661441 0
      vertex 12.3535 -5.33856 0
    endloop
  endfacet
  facet normal 0 0 -1
    outer loop
      vertex 12.287 -5.30709 0
      vertex 12.287 -0.692909 0
      vertex 12.3535 -0.661441 0
    endloop
  endfacet
  facet normal 0 0 -1
    outer loop
      vertex 12.2177 -5.28229 0
      vertex 12.287 -0.692909 0
      vertex 12.287 -5.30709 0
    endloop
  endfacet
  facet normal 0 0 -1
    outer loop
      vertex 12.2177 -5.28229 0
      vertex 12.2177 -0.717705 0
      vertex 12.287 -0.692909 0
    endloop
  endfacet
  facet normal 0 0 -1
    outer loop
      vertex 12.1463 -5.26441 0
      vertex 12.2177 -0.717705 0
      vertex 12.2177 -5.28229 0
    endloop
  endfacet
  facet normal 0 0 -1
    outer loop
      vertex 12.1463 -5.26441 0
      vertex 12.1463 -0.735588 0
      vertex 12.2177 -0.717705 0
    endloop
  endfacet
  facet normal 0 0 -1
    outer loop
      vertex 12.0735 -5.25361 0
      vertex 12.1463 -0.735588 0
      vertex 12.1463 -5.26441 0
    endloop
  endfacet
  facet normal 0 0 -1
    outer loop
      vertex 12.0735 -5.25361 0
      vertex 12.0735 -0.746388 0
      vertex 12.1463 -0.735588 0
    endloop
  endfacet
  facet normal 0 0 -1
    outer loop
      vertex 12 -5.25 0
      vertex 12.0735 -0.746388 0
      vertex 12.0735 -5.25361 0
    endloop
  endfacet
  facet normal 0 0 -1
    outer loop
      vertex 12 -5.25 0
      vertex 12 -0.75 0
      vertex 12.0735 -0.746388 0
    endloop
  endfacet
  facet normal 0 0 -1
    outer loop
      vertex 11.9265 -5.25361 0
      vertex 12 -0.75 0
      vertex 12 -5.25 0
    endloop
  endfacet
  facet normal 0 0 -1
    outer loop
      vertex 11.9265 -5.25361 0
      vertex 11.9265 -0.746388 0
      vertex 12 -0.75 0
    endloop
  endfacet
  facet normal 0 0 -1
    outer loop
      vertex 11.8537 -5.26441 0
      vertex 11.9265 -0.746388 0
      vertex 11.9265 -5.25361 0
    endloop
  endfacet
  facet normal 0 0 -1
    outer loop
      vertex 11.8537 -5.26441 0
      vertex 11.8537 -0.735588 0
      vertex 11.9265 -0.746388 0
    endloop
  endfacet
  facet normal 0 0 -1
    outer loop
      vertex 11.7823 -5.28229 0
      vertex 11.8537 -0.735588 0
      vertex 11.8537 -5.26441 0
    endloop
  endfacet
  facet normal 0 0 -1
    outer loop
      vertex 11.7823 -5.28229 0
      vertex 11.7823 -0.717705 0
      vertex 11.8537 -0.735588 0
    endloop
  endfacet
  facet normal 0 0 -1
    outer loop
      vertex 11.713 -5.30709 0
      vertex 11.7823 -0.717705 0
      vertex 11.7823 -5.28229 0
    endloop
  endfacet
  facet normal 0 0 -1
    outer loop
      vertex 11.713 -5.30709 0
      vertex 11.713 -0.692909 0
      vertex 11.7823 -0.717705 0
    endloop
  endfacet
  facet normal 0 0 -1
    outer loop
      vertex 11.6465 -5.33856 0
      vertex 11.713 -0.692909 0
      vertex 11.713 -5.30709 0
    endloop
  endfacet
  facet normal 0 0 -1
    outer loop
      vertex 11.6465 -5.33856 0
      vertex 11.6465 -0.661441 0
      vertex 11.713 -0.692909 0
    endloop
  endfacet
  facet normal 0 0 -1
    outer loop
      vertex 11.5833 -5.3764 0
      vertex 11.6465 -0.661441 0
      vertex 11.6465 -5.33856 0
    endloop
  endfacet
  facet normal 0 0 -1
    outer loop
      vertex 11.5833 -5.3764 0
      vertex 11.5833 -0.623602 0
      vertex 11.6465 -0.661441 0
    endloop
  endfacet
  facet normal 0 0 -1
    outer loop
      vertex 11.5242 -5.42024 0
      vertex 11.5833 -0.623602 0
      vertex 11.5833 -5.3764 0
    endloop
  endfacet
  facet normal 0 0 -1
    outer loop
      vertex 11.5242 -5.42024 0
      vertex 11.5242 -0.579758 0
      vertex 11.5833 -0.623602 0
    endloop
  endfacet
  facet normal 0 0 -1
    outer loop
      vertex 11.4697 -5.46967 0
      vertex 11.5242 -0.579758 0
      vertex 11.5242 -5.42024 0
    endloop
  endfacet
  facet normal 0 0 -1
    outer loop
      vertex 11.4697 -5.46967 0
      vertex 11.4697 -0.53033 0
      vertex 11.5242 -0.579758 0
    endloop
  endfacet
  facet normal 0 0 -1
    outer loop
      vertex 6.69291 -5.71299 0
      vertex 11.3071 -5.71299 0
      vertex 6.7177 -5.78229 0
    endloop
  endfacet
  facet normal 0 0 -1
    outer loop
      vertex 11.3071 -5.71299 0
      vertex 6.69291 -5.71299 0
      vertex 11.3386 -5.64645 0
    endloop
  endfacet
  facet normal 0 0 -1
    outer loop
      vertex 11.2823 -5.78229 0
      vertex 6.7177 -5.78229 0
      vertex 11.3071 -5.71299 0
    endloop
  endfacet
  facet normal 0 0 -1
    outer loop
      vertex 6.66144 -5.64645 0
      vertex 11.3386 -5.64645 0
      vertex 6.69291 -5.71299 0
    endloop
  endfacet
  facet normal 0 0 -1
    outer loop
      vertex 6.7177 -5.78229 0
      vertex 11.2823 -5.78229 0
      vertex 6.73559 -5.85368 0
    endloop
  endfacet
  facet normal 0 0 -1
    outer loop
      vertex 11.4697 -0.53033 0
      vertex 6.75 0 0
      vertex 11.4202 -0.475795 0
    endloop
  endfacet
  facet normal 0 0 -1
    outer loop
      vertex 11.2644 -5.85368 0
      vertex 6.73559 -5.85368 0
      vertex 11.2823 -5.78229 0
    endloop
  endfacet
  facet normal 0 0 -1
    outer loop
      vertex 11.4202 -0.475795 0
      vertex 6.75 0 0
      vertex 11.3764 -0.416677 0
    endloop
  endfacet
  facet normal 0 0 -1
    outer loop
      vertex 6.73559 -5.85368 0
      vertex 11.2644 -5.85368 0
      vertex 6.74639 -5.92649 0
    endloop
  endfacet
  facet normal 0 0 -1
    outer loop
      vertex 11.3764 -0.416677 0
      vertex 6.75 0 0
      vertex 11.3386 -0.353547 0
    endloop
  endfacet
  facet normal 0 0 -1
    outer loop
      vertex 11.2536 -5.92649 0
      vertex 6.74639 -5.92649 0
      vertex 11.2644 -5.85368 0
    endloop
  endfacet
  facet normal 0 0 -1
    outer loop
      vertex 11.3386 -0.353547 0
      vertex 6.75 0 0
      vertex 11.3071 -0.287012 0
    endloop
  endfacet
  facet normal 0 0 -1
    outer loop
      vertex 6.74639 -5.92649 0
      vertex 11.2536 -5.92649 0
      vertex 6.75 -6 0
    endloop
  endfacet
  facet normal 0 0 -1
    outer loop
      vertex 11.3071 -0.287012 0
      vertex 6.75 0 0
      vertex 11.2823 -0.217713 0
    endloop
  endfacet
  facet normal 0 0 -1
    outer loop
      vertex 6.75 -6 0
      vertex 11.2536 -5.92649 0
      vertex 11.25 -6 0
    endloop
  endfacet
  facet normal 0 0 -1
    outer loop
      vertex 11.2823 -0.217713 0
      vertex 6.75 0 0
      vertex 11.2644 -0.146317 0
    endloop
  endfacet
  facet normal 0 0 -1
    outer loop
      vertex 23.3386 0.353547 0
      vertex 18.6614 0.353547 0
      vertex 23.3764 0.416677 0
    endloop
  endfacet
  facet normal 0 0 -1
    outer loop
      vertex 23.4697 5.46967 0
      vertex 18.7464 5.92649 0
      vertex 18.75 6 0
    endloop
  endfacet
  facet normal 0 0 -1
    outer loop
      vertex 18.6236 0.416677 0
      vertex 23.3764 0.416677 0
      vertex 18.6614 0.353547 0
    endloop
  endfacet
  facet normal 0 0 -1
    outer loop
      vertex 23.4697 5.46967 0
      vertex 18.7356 5.85368 0
      vertex 18.7464 5.92649 0
    endloop
  endfacet
  facet normal 0 0 -1
    outer loop
      vertex 23.3764 0.416677 0
      vertex 18.6236 0.416677 0
      vertex 23.4202 0.475795 0
    endloop
  endfacet
  facet normal 0 0 -1
    outer loop
      vertex 23.4697 5.46967 0
      vertex 18.7177 5.78229 0
      vertex 18.7356 5.85368 0
    endloop
  endfacet
  facet normal 0 0 -1
    outer loop
      vertex 18.5798 0.475795 0
      vertex 23.4202 0.475795 0
      vertex 18.6236 0.416677 0
    endloop
  endfacet
  facet normal 0 0 -1
    outer loop
      vertex 23.4697 5.46967 0
      vertex 18.6929 5.71299 0
      vertex 18.7177 5.78229 0
    endloop
  endfacet
  facet normal 0 0 -1
    outer loop
      vertex 23.4202 0.475795 0
      vertex 18.5798 0.475795 0
      vertex 23.4697 0.53033 0
    endloop
  endfacet
  facet normal 0 0 -1
    outer loop
      vertex 23.4697 5.46967 0
      vertex 18.6614 5.64645 0
      vertex 18.6929 5.71299 0
    endloop
  endfacet
  facet normal 0 0 -1
    outer loop
      vertex 18.5303 0.53033 0
      vertex 23.4697 0.53033 0
      vertex 18.5798 0.475795 0
    endloop
  endfacet
  facet normal 0 0 -1
    outer loop
      vertex 23.4697 5.46967 0
      vertex 18.6236 5.58332 0
      vertex 18.6614 5.64645 0
    endloop
  endfacet
  facet normal 0 0 -1
    outer loop
      vertex 23.4697 0.53033 0
      vertex 18.5303 0.53033 0
      vertex 23.4697 5.46967 0
    endloop
  endfacet
  facet normal 0 0 -1
    outer loop
      vertex 23.4697 5.46967 0
      vertex 18.5798 5.5242 0
      vertex 18.6236 5.58332 0
    endloop
  endfacet
  facet normal 0 0 -1
    outer loop
      vertex 18.5303 5.46967 0
      vertex 23.4697 5.46967 0
      vertex 18.5303 0.53033 0
    endloop
  endfacet
  facet normal 0 0 -1
    outer loop
      vertex 23.4697 5.46967 0
      vertex 18.5303 5.46967 0
      vertex 18.5798 5.5242 0
    endloop
  endfacet
  facet normal 0 0 -1
    outer loop
      vertex 18.4758 0.579758 0
      vertex 18.5303 5.46967 0
      vertex 18.5303 0.53033 0
    endloop
  endfacet
  facet normal 0 0 -1
    outer loop
      vertex 18.4758 0.579758 0
      vertex 18.4758 5.42024 0
      vertex 18.5303 5.46967 0
    endloop
  endfacet
  facet normal 0 0 -1
    outer loop
      vertex 18.4167 0.623602 0
      vertex 18.4758 5.42024 0
      vertex 18.4758 0.579758 0
    endloop
  endfacet
  facet normal 0 0 -1
    outer loop
      vertex 18.4167 0.623602 0
      vertex 18.4167 5.3764 0
      vertex 18.4758 5.42024 0
    endloop
  endfacet
  facet normal 0 0 -1
    outer loop
      vertex 18.3535 0.661441 0
      vertex 18.4167 5.3764 0
      vertex 18.4167 0.623602 0
    endloop
  endfacet
  facet normal 0 0 -1
    outer loop
      vertex 18.3535 0.661441 0
      vertex 18.3535 5.33856 0
      vertex 18.4167 5.3764 0
    endloop
  endfacet
  facet normal 0 0 -1
    outer loop
      vertex 18.287 0.692909 0
      vertex 18.3535 5.33856 0
      vertex 18.3535 0.661441 0
    endloop
  endfacet
  facet normal 0 0 -1
    outer loop
      vertex 18.287 0.692909 0
      vertex 18.287 5.30709 0
      vertex 18.3535 5.33856 0
    endloop
  endfacet
  facet normal 0 0 -1
    outer loop
      vertex 18.2177 0.717705 0
      vertex 18.287 5.30709 0
      vertex 18.287 0.692909 0
    endloop
  endfacet
  facet normal 0 0 -1
    outer loop
      vertex 18.2177 0.717705 0
      vertex 18.2177 5.28229 0
      vertex 18.287 5.30709 0
    endloop
  endfacet
  facet normal 0 0 -1
    outer loop
      vertex 18.1463 0.735588 0
      vertex 18.2177 5.28229 0
      vertex 18.2177 0.717705 0
    endloop
  endfacet
  facet normal 0 0 -1
    outer loop
      vertex 18.1463 0.735588 0
      vertex 18.1463 5.26441 0
      vertex 18.2177 5.28229 0
    endloop
  endfacet
  facet normal 0 0 -1
    outer loop
      vertex 18.0735 0.746388 0
      vertex 18.1463 5.26441 0
      vertex 18.1463 0.735588 0
    endloop
  endfacet
  facet normal 0 0 -1
    outer loop
      vertex 18.0735 0.746388 0
      vertex 18.0735 5.25361 0
      vertex 18.1463 5.26441 0
    endloop
  endfacet
  facet normal 0 0 -1
    outer loop
      vertex 18 0.75 0
      vertex 18.0735 5.25361 0
      vertex 18.0735 0.746388 0
    endloop
  endfacet
  facet normal 0 0 -1
    outer loop
      vertex 18 0.75 0
      vertex 18 5.25 0
      vertex 18.0735 5.25361 0
    endloop
  endfacet
  facet normal 0 0 -1
    outer loop
      vertex 17.9265 0.746388 0
      vertex 18 5.25 0
      vertex 18 0.75 0
    endloop
  endfacet
  facet normal 0 0 -1
    outer loop
      vertex 17.9265 0.746388 0
      vertex 17.9265 5.25361 0
      vertex 18 5.25 0
    endloop
  endfacet
  facet normal 0 0 -1
    outer loop
      vertex 17.8537 0.735588 0
      vertex 17.9265 5.25361 0
      vertex 17.9265 0.746388 0
    endloop
  endfacet
  facet normal 0 0 -1
    outer loop
      vertex 17.8537 0.735588 0
      vertex 17.8537 5.26441 0
      vertex 17.9265 5.25361 0
    endloop
  endfacet
  facet normal 0 0 -1
    outer loop
      vertex 17.7823 0.717705 0
      vertex 17.8537 5.26441 0
      vertex 17.8537 0.735588 0
    endloop
  endfacet
  facet normal 0 0 -1
    outer loop
      vertex 17.7823 0.717705 0
      vertex 17.7823 5.28229 0
      vertex 17.8537 5.26441 0
    endloop
  endfacet
  facet normal 0 0 -1
    outer loop
      vertex 17.713 0.692909 0
      vertex 17.7823 5.28229 0
      vertex 17.7823 0.717705 0
    endloop
  endfacet
  facet normal 0 0 -1
    outer loop
      vertex 17.713 0.692909 0
      vertex 17.713 5.30709 0
      vertex 17.7823 5.28229 0
    endloop
  endfacet
  facet normal 0 0 -1
    outer loop
      vertex 17.6465 0.661441 0
      vertex 17.713 5.30709 0
      vertex 17.713 0.692909 0
    endloop
  endfacet
  facet normal 0 0 -1
    outer loop
      vertex 17.6465 0.661441 0
      vertex 17.6465 5.33856 0
      vertex 17.713 5.30709 0
    endloop
  endfacet
  facet normal 0 0 -1
    outer loop
      vertex 17.5833 0.623602 0
      vertex 17.6465 5.33856 0
      vertex 17.6465 0.661441 0
    endloop
  endfacet
  facet normal 0 0 -1
    outer loop
      vertex 17.5833 0.623602 0
      vertex 17.5833 5.3764 0
      vertex 17.6465 5.33856 0
    endloop
  endfacet
  facet normal 0 0 -1
    outer loop
      vertex 17.5242 0.579758 0
      vertex 17.5833 5.3764 0
      vertex 17.5833 0.623602 0
    endloop
  endfacet
  facet normal 0 0 -1
    outer loop
      vertex 17.5242 0.579758 0
      vertex 17.5242 5.42024 0
      vertex 17.5833 5.3764 0
    endloop
  endfacet
  facet normal 0 0 -1
    outer loop
      vertex 17.4697 0.53033 0
      vertex 17.5242 5.42024 0
      vertex 17.5242 0.579758 0
    endloop
  endfacet
  facet normal 0 0 -1
    outer loop
      vertex 17.4697 0.53033 0
      vertex 17.4697 5.46967 0
      vertex 17.5242 5.42024 0
    endloop
  endfacet
  facet normal 0 0 -1
    outer loop
      vertex 12.6929 0.287012 0
      vertex 17.3071 0.287012 0
      vertex 12.7177 0.217713 0
    endloop
  endfacet
  facet normal 0 0 -1
    outer loop
      vertex 17.3071 0.287012 0
      vertex 12.6929 0.287012 0
      vertex 17.3386 0.353547 0
    endloop
  endfacet
  facet normal 0 0 -1
    outer loop
      vertex 17.2823 0.217713 0
      vertex 12.7177 0.217713 0
      vertex 17.3071 0.287012 0
    endloop
  endfacet
  facet normal 0 0 -1
    outer loop
      vertex 12.6614 0.353547 0
      vertex 17.3386 0.353547 0
      vertex 12.6929 0.287012 0
    endloop
  endfacet
  facet normal 0 0 -1
    outer loop
      vertex 12.7177 0.217713 0
      vertex 17.2823 0.217713 0
      vertex 12.7356 0.146317 0
    endloop
  endfacet
  facet normal 0 0 -1
    outer loop
      vertex 17.4697 5.46967 0
      vertex 12.75 6 0
      vertex 17.4202 5.5242 0
    endloop
  endfacet
  facet normal 0 0 -1
    outer loop
      vertex 17.2644 0.146317 0
      vertex 12.7356 0.146317 0
      vertex 17.2823 0.217713 0
    endloop
  endfacet
  facet normal 0 0 -1
    outer loop
      vertex 17.4202 5.5242 0
      vertex 12.75 6 0
      vertex 17.3764 5.58332 0
    endloop
  endfacet
  facet normal 0 0 -1
    outer loop
      vertex 12.7356 0.146317 0
      vertex 17.2644 0.146317 0
      vertex 12.7464 0.0735121 0
    endloop
  endfacet
  facet normal 0 0 -1
    outer loop
      vertex 17.3764 5.58332 0
      vertex 12.75 6 0
      vertex 17.3386 5.64645 0
    endloop
  endfacet
  facet normal 0 0 -1
    outer loop
      vertex 17.2536 0.0735121 0
      vertex 12.7464 0.0735121 0
      vertex 17.2644 0.146317 0
    endloop
  endfacet
  facet normal 0 0 -1
    outer loop
      vertex 17.3386 5.64645 0
      vertex 12.75 6 0
      vertex 17.3071 5.71299 0
    endloop
  endfacet
  facet normal 0 0 -1
    outer loop
      vertex 12.7464 0.0735121 0
      vertex 17.2536 0.0735121 0
      vertex 12.75 0 0
    endloop
  endfacet
  facet normal 0 0 -1
    outer loop
      vertex 17.3071 5.71299 0
      vertex 12.75 6 0
      vertex 17.2823 5.78229 0
    endloop
  endfacet
  facet normal 0 0 -1
    outer loop
      vertex 12.75 0 0
      vertex 17.2536 0.0735121 0
      vertex 17.25 0 0
    endloop
  endfacet
  facet normal 0 0 -1
    outer loop
      vertex 17.2823 5.78229 0
      vertex 12.75 6 0
      vertex 17.2644 5.85368 0
    endloop
  endfacet
  facet normal 0 0 -1
    outer loop
      vertex 23.3386 -5.64645 0
      vertex 18.6614 -5.64645 0
      vertex 23.3764 -5.58332 0
    endloop
  endfacet
  facet normal 0 0 -1
    outer loop
      vertex 23.4697 -0.53033 0
      vertex 18.7464 -0.0735121 0
      vertex 18.75 0 0
    endloop
  endfacet
  facet normal 0 0 -1
    outer loop
      vertex 18.6236 -5.58332 0
      vertex 23.3764 -5.58332 0
      vertex 18.6614 -5.64645 0
    endloop
  endfacet
  facet normal 0 0 -1
    outer loop
      vertex 23.4697 -0.53033 0
      vertex 18.7356 -0.146317 0
      vertex 18.7464 -0.0735121 0
    endloop
  endfacet
  facet normal 0 0 -1
    outer loop
      vertex 23.3764 -5.58332 0
      vertex 18.6236 -5.58332 0
      vertex 23.4202 -5.5242 0
    endloop
  endfacet
  facet normal 0 0 -1
    outer loop
      vertex 23.4697 -0.53033 0
      vertex 18.7177 -0.217713 0
      vertex 18.7356 -0.146317 0
    endloop
  endfacet
  facet normal 0 0 -1
    outer loop
      vertex 18.5798 -5.5242 0
      vertex 23.4202 -5.5242 0
      vertex 18.6236 -5.58332 0
    endloop
  endfacet
  facet normal 0 0 -1
    outer loop
      vertex 23.4697 -0.53033 0
      vertex 18.6929 -0.287012 0
      vertex 18.7177 -0.217713 0
    endloop
  endfacet
  facet normal 0 0 -1
    outer loop
      vertex 23.4202 -5.5242 0
      vertex 18.5798 -5.5242 0
      vertex 23.4697 -5.46967 0
    endloop
  endfacet
  facet normal 0 0 -1
    outer loop
      vertex 23.4697 -0.53033 0
      vertex 18.6614 -0.353547 0
      vertex 18.6929 -0.287012 0
    endloop
  endfacet
  facet normal 0 0 -1
    outer loop
      vertex 18.5303 -5.46967 0
      vertex 23.4697 -5.46967 0
      vertex 18.5798 -5.5242 0
    endloop
  endfacet
  facet normal 0 0 -1
    outer loop
      vertex 23.4697 -0.53033 0
      vertex 18.6236 -0.416677 0
      vertex 18.6614 -0.353547 0
    endloop
  endfacet
  facet normal 0 0 -1
    outer loop
      vertex 23.4697 -5.46967 0
      vertex 18.5303 -5.46967 0
      vertex 23.4697 -0.53033 0
    endloop
  endfacet
  facet normal 0 0 -1
    outer loop
      vertex 23.4697 -0.53033 0
      vertex 18.5798 -0.475795 0
      vertex 18.6236 -0.416677 0
    endloop
  endfacet
  facet normal 0 0 -1
    outer loop
      vertex 18.5303 -0.53033 0
      vertex 23.4697 -0.53033 0
      vertex 18.5303 -5.46967 0
    endloop
  endfacet
  facet normal 0 0 -1
    outer loop
      vertex 23.4697 -0.53033 0
      vertex 18.5303 -0.53033 0
      vertex 18.5798 -0.475795 0
    endloop
  endfacet
  facet normal 0 0 -1
    outer loop
      vertex 18.4758 -5.42024 0
      vertex 18.5303 -0.53033 0
      vertex 18.5303 -5.46967 0
    endloop
  endfacet
  facet normal 0 0 -1
    outer loop
      vertex 18.4758 -5.42024 0
      vertex 18.4758 -0.579758 0
      vertex 18.5303 -0.53033 0
    endloop
  endfacet
  facet normal 0 0 -1
    outer loop
      vertex 18.4167 -5.3764 0
      vertex 18.4758 -0.579758 0
      vertex 18.4758 -5.42024 0
    endloop
  endfacet
  facet normal 0 0 -1
    outer loop
      vertex 18.4167 -5.3764 0
      vertex 18.4167 -0.623602 0
      vertex 18.4758 -0.579758 0
    endloop
  endfacet
  facet normal 0 0 -1
    outer loop
      vertex 18.3535 -5.33856 0
      vertex 18.4167 -0.623602 0
      vertex 18.4167 -5.3764 0
    endloop
  endfacet
  facet normal 0 0 -1
    outer loop
      vertex 18.3535 -5.33856 0
      vertex 18.3535 -0.661441 0
      vertex 18.4167 -0.623602 0
    endloop
  endfacet
  facet normal 0 0 -1
    outer loop
      vertex 18.287 -5.30709 0
      vertex 18.3535 -0.661441 0
      vertex 18.3535 -5.33856 0
    endloop
  endfacet
  facet normal 0 0 -1
    outer loop
      vertex 18.287 -5.30709 0
      vertex 18.287 -0.692909 0
      vertex 18.3535 -0.661441 0
    endloop
  endfacet
  facet normal 0 0 -1
    outer loop
      vertex 18.2177 -5.28229 0
      vertex 18.287 -0.692909 0
      vertex 18.287 -5.30709 0
    endloop
  endfacet
  facet normal 0 0 -1
    outer loop
      vertex 18.2177 -5.28229 0
      vertex 18.2177 -0.717705 0
      vertex 18.287 -0.692909 0
    endloop
  endfacet
  facet normal 0 0 -1
    outer loop
      vertex 18.1463 -5.26441 0
      vertex 18.2177 -0.717705 0
      vertex 18.2177 -5.28229 0
    endloop
  endfacet
  facet normal 0 0 -1
    outer loop
      vertex 18.1463 -5.26441 0
      vertex 18.1463 -0.735588 0
      vertex 18.2177 -0.717705 0
    endloop
  endfacet
  facet normal 0 0 -1
    outer loop
      vertex 18.0735 -5.25361 0
      vertex 18.1463 -0.735588 0
      vertex 18.1463 -5.26441 0
    endloop
  endfacet
  facet normal 0 0 -1
    outer loop
      vertex 18.0735 -5.25361 0
      vertex 18.0735 -0.746388 0
      vertex 18.1463 -0.735588 0
    endloop
  endfacet
  facet normal 0 0 -1
    outer loop
      vertex 18 -5.25 0
      vertex 18.0735 -0.746388 0
      vertex 18.0735 -5.25361 0
    endloop
  endfacet
  facet normal 0 0 -1
    outer loop
      vertex 18 -5.25 0
      vertex 18 -0.75 0
      vertex 18.0735 -0.746388 0
    endloop
  endfacet
  facet normal 0 0 -1
    outer loop
      vertex 17.9265 -5.25361 0
      vertex 18 -0.75 0
      vertex 18 -5.25 0
    endloop
  endfacet
  facet normal 0 0 -1
    outer loop
      vertex 17.9265 -5.25361 0
      vertex 17.9265 -0.746388 0
      vertex 18 -0.75 0
    endloop
  endfacet
  facet normal 0 0 -1
    outer loop
      vertex 17.8537 -5.26441 0
      vertex 17.9265 -0.746388 0
      vertex 17.9265 -5.25361 0
    endloop
  endfacet
  facet normal 0 0 -1
    outer loop
      vertex 17.8537 -5.26441 0
      vertex 17.8537 -0.735588 0
      vertex 17.9265 -0.746388 0
    endloop
  endfacet
  facet normal 0 0 -1
    outer loop
      vertex 17.7823 -5.28229 0
      vertex 17.8537 -0.735588 0
      vertex 17.8537 -5.26441 0
    endloop
  endfacet
  facet normal 0 0 -1
    outer loop
      vertex 17.7823 -5.28229 0
      vertex 17.7823 -0.717705 0
      vertex 17.8537 -0.735588 0
    endloop
  endfacet
  facet normal 0 0 -1
    outer loop
      vertex 17.713 -5.30709 0
      vertex 17.7823 -0.717705 0
      vertex 17.7823 -5.28229 0
    endloop
  endfacet
  facet normal 0 0 -1
    outer loop
      vertex 17.713 -5.30709 0
      vertex 17.713 -0.692909 0
      vertex 17.7823 -0.717705 0
    endloop
  endfacet
  facet normal 0 0 -1
    outer loop
      vertex 17.6465 -5.33856 0
      vertex 17.713 -0.692909 0
      vertex 17.713 -5.30709 0
    endloop
  endfacet
  facet normal 0 0 -1
    outer loop
      vertex 17.6465 -5.33856 0
      vertex 17.6465 -0.661441 0
      vertex 17.713 -0.692909 0
    endloop
  endfacet
  facet normal 0 0 -1
    outer loop
      vertex 17.5833 -5.3764 0
      vertex 17.6465 -0.661441 0
      vertex 17.6465 -5.33856 0
    endloop
  endfacet
  facet normal 0 0 -1
    outer loop
      vertex 17.5833 -5.3764 0
      vertex 17.5833 -0.623602 0
      vertex 17.6465 -0.661441 0
    endloop
  endfacet
  facet normal 0 0 -1
    outer loop
      vertex 17.5242 -5.42024 0
      vertex 17.5833 -0.623602 0
      vertex 17.5833 -5.3764 0
    endloop
  endfacet
  facet normal 0 0 -1
    outer loop
      vertex 17.5242 -5.42024 0
      vertex 17.5242 -0.579758 0
      vertex 17.5833 -0.623602 0
    endloop
  endfacet
  facet normal 0 0 -1
    outer loop
      vertex 17.4697 -5.46967 0
      vertex 17.5242 -0.579758 0
      vertex 17.5242 -5.42024 0
    endloop
  endfacet
  facet normal 0 0 -1
    outer loop
      vertex 17.4697 -5.46967 0
      vertex 17.4697 -0.53033 0
      vertex 17.5242 -0.579758 0
    endloop
  endfacet
  facet normal 0 0 -1
    outer loop
      vertex 12.6929 -5.71299 0
      vertex 17.3071 -5.71299 0
      vertex 12.7177 -5.78229 0
    endloop
  endfacet
  facet normal 0 0 -1
    outer loop
      vertex 17.3071 -5.71299 0
      vertex 12.6929 -5.71299 0
      vertex 17.3386 -5.64645 0
    endloop
  endfacet
  facet normal 0 0 -1
    outer loop
      vertex 17.2823 -5.78229 0
      vertex 12.7177 -5.78229 0
      vertex 17.3071 -5.71299 0
    endloop
  endfacet
  facet normal 0 0 -1
    outer loop
      vertex 12.6614 -5.64645 0
      vertex 17.3386 -5.64645 0
      vertex 12.6929 -5.71299 0
    endloop
  endfacet
  facet normal 0 0 -1
    outer loop
      vertex 12.7177 -5.78229 0
      vertex 17.2823 -5.78229 0
      vertex 12.7356 -5.85368 0
    endloop
  endfacet
  facet normal 0 0 -1
    outer loop
      vertex 17.4697 -0.53033 0
      vertex 12.75 0 0
      vertex 17.4202 -0.475795 0
    endloop
  endfacet
  facet normal 0 0 -1
    outer loop
      vertex 17.2644 -5.85368 0
      vertex 12.7356 -5.85368 0
      vertex 17.2823 -5.78229 0
    endloop
  endfacet
  facet normal 0 0 -1
    outer loop
      vertex 17.4202 -0.475795 0
      vertex 12.75 0 0
      vertex 17.3764 -0.416677 0
    endloop
  endfacet
  facet normal 0 0 -1
    outer loop
      vertex 12.7356 -5.85368 0
      vertex 17.2644 -5.85368 0
      vertex 12.7464 -5.92649 0
    endloop
  endfacet
  facet normal 0 0 -1
    outer loop
      vertex 17.3764 -0.416677 0
      vertex 12.75 0 0
      vertex 17.3386 -0.353547 0
    endloop
  endfacet
  facet normal 0 0 -1
    outer loop
      vertex 17.2536 -5.92649 0
      vertex 12.7464 -5.92649 0
      vertex 17.2644 -5.85368 0
    endloop
  endfacet
  facet normal 0 0 -1
    outer loop
      vertex 17.3386 -0.353547 0
      vertex 12.75 0 0
      vertex 17.3071 -0.287012 0
    endloop
  endfacet
  facet normal 0 0 -1
    outer loop
      vertex 12.7464 -5.92649 0
      vertex 17.2536 -5.92649 0
      vertex 12.75 -6 0
    endloop
  endfacet
  facet normal 0 0 -1
    outer loop
      vertex 17.3071 -0.287012 0
      vertex 12.75 0 0
      vertex 17.2823 -0.217713 0
    endloop
  endfacet
  facet normal 0 0 -1
    outer loop
      vertex 12.75 -6 0
      vertex 17.2536 -5.92649 0
      vertex 17.25 -6 0
    endloop
  endfacet
  facet normal 0 0 -1
    outer loop
      vertex 17.2823 -0.217713 0
      vertex 12.75 0 0
      vertex 17.2644 -0.146317 0
    endloop
  endfacet
  facet normal 0 0 -1
    outer loop
      vertex 29.3386 0.353547 0
      vertex 24.6614 0.353547 0
      vertex 29.3764 0.416677 0
    endloop
  endfacet
  facet normal 0 0 -1
    outer loop
      vertex 29.4697 5.46967 0
      vertex 24.7464 5.92649 0
      vertex 24.75 6 0
    endloop
  endfacet
  facet normal 0 0 -1
    outer loop
      vertex 24.6236 0.416677 0
      vertex 29.3764 0.416677 0
      vertex 24.6614 0.353547 0
    endloop
  endfacet
  facet normal 0 0 -1
    outer loop
      vertex 29.4697 5.46967 0
      vertex 24.7356 5.85368 0
      vertex 24.7464 5.92649 0
    endloop
  endfacet
  facet normal 0 0 -1
    outer loop
      vertex 29.3764 0.416677 0
      vertex 24.6236 0.416677 0
      vertex 29.4202 0.475795 0
    endloop
  endfacet
  facet normal 0 0 -1
    outer loop
      vertex 29.4697 5.46967 0
      vertex 24.7177 5.78229 0
      vertex 24.7356 5.85368 0
    endloop
  endfacet
  facet normal 0 0 -1
    outer loop
      vertex 24.5798 0.475795 0
      vertex 29.4202 0.475795 0
      vertex 24.6236 0.416677 0
    endloop
  endfacet
  facet normal 0 0 -1
    outer loop
      vertex 29.4697 5.46967 0
      vertex 24.6929 5.71299 0
      vertex 24.7177 5.78229 0
    endloop
  endfacet
  facet normal 0 0 -1
    outer loop
      vertex 29.4202 0.475795 0
      vertex 24.5798 0.475795 0
      vertex 29.4697 0.53033 0
    endloop
  endfacet
  facet normal 0 0 -1
    outer loop
      vertex 29.4697 5.46967 0
      vertex 24.6614 5.64645 0
      vertex 24.6929 5.71299 0
    endloop
  endfacet
  facet normal 0 0 -1
    outer loop
      vertex 24.5303 0.53033 0
      vertex 29.4697 0.53033 0
      vertex 24.5798 0.475795 0
    endloop
  endfacet
  facet normal 0 0 -1
    outer loop
      vertex 29.4697 5.46967 0
      vertex 24.6236 5.58332 0
      vertex 24.6614 5.64645 0
    endloop
  endfacet
  facet normal 0 0 -1
    outer loop
      vertex 29.4697 0.53033 0
      vertex 24.5303 0.53033 0
      vertex 29.4697 5.46967 0
    endloop
  endfacet
  facet normal 0 0 -1
    outer loop
      vertex 29.4697 5.46967 0
      vertex 24.5798 5.5242 0
      vertex 24.6236 5.58332 0
    endloop
  endfacet
  facet normal 0 0 -1
    outer loop
      vertex 24.5303 5.46967 0
      vertex 29.4697 5.46967 0
      vertex 24.5303 0.53033 0
    endloop
  endfacet
  facet normal 0 0 -1
    outer loop
      vertex 29.4697 5.46967 0
      vertex 24.5303 5.46967 0
      vertex 24.5798 5.5242 0
    endloop
  endfacet
  facet normal 0 0 -1
    outer loop
      vertex 24.4758 0.579758 0
      vertex 24.5303 5.46967 0
      vertex 24.5303 0.53033 0
    endloop
  endfacet
  facet normal 0 0 -1
    outer loop
      vertex 24.4758 0.579758 0
      vertex 24.4758 5.42024 0
      vertex 24.5303 5.46967 0
    endloop
  endfacet
  facet normal 0 0 -1
    outer loop
      vertex 24.4167 0.623602 0
      vertex 24.4758 5.42024 0
      vertex 24.4758 0.579758 0
    endloop
  endfacet
  facet normal 0 0 -1
    outer loop
      vertex 24.4167 0.623602 0
      vertex 24.4167 5.3764 0
      vertex 24.4758 5.42024 0
    endloop
  endfacet
  facet normal 0 0 -1
    outer loop
      vertex 24.3535 0.661441 0
      vertex 24.4167 5.3764 0
      vertex 24.4167 0.623602 0
    endloop
  endfacet
  facet normal 0 0 -1
    outer loop
      vertex 24.3535 0.661441 0
      vertex 24.3535 5.33856 0
      vertex 24.4167 5.3764 0
    endloop
  endfacet
  facet normal 0 0 -1
    outer loop
      vertex 24.287 0.692909 0
      vertex 24.3535 5.33856 0
      vertex 24.3535 0.661441 0
    endloop
  endfacet
  facet normal 0 0 -1
    outer loop
      vertex 24.287 0.692909 0
      vertex 24.287 5.30709 0
      vertex 24.3535 5.33856 0
    endloop
  endfacet
  facet normal 0 0 -1
    outer loop
      vertex 24.2177 0.717705 0
      vertex 24.287 5.30709 0
      vertex 24.287 0.692909 0
    endloop
  endfacet
  facet normal 0 0 -1
    outer loop
      vertex 24.2177 0.717705 0
      vertex 24.2177 5.28229 0
      vertex 24.287 5.30709 0
    endloop
  endfacet
  facet normal 0 0 -1
    outer loop
      vertex 24.1463 0.735588 0
      vertex 24.2177 5.28229 0
      vertex 24.2177 0.717705 0
    endloop
  endfacet
  facet normal 0 0 -1
    outer loop
      vertex 24.1463 0.735588 0
      vertex 24.1463 5.26441 0
      vertex 24.2177 5.28229 0
    endloop
  endfacet
  facet normal 0 0 -1
    outer loop
      vertex 24.0735 0.746388 0
      vertex 24.1463 5.26441 0
      vertex 24.1463 0.735588 0
    endloop
  endfacet
  facet normal 0 0 -1
    outer loop
      vertex 24.0735 0.746388 0
      vertex 24.0735 5.25361 0
      vertex 24.1463 5.26441 0
    endloop
  endfacet
  facet normal 0 0 -1
    outer loop
      vertex 24 0.75 0
      vertex 24.0735 5.25361 0
      vertex 24.0735 0.746388 0
    endloop
  endfacet
  facet normal 0 0 -1
    outer loop
      vertex 24 0.75 0
      vertex 24 5.25 0
      vertex 24.0735 5.25361 0
    endloop
  endfacet
  facet normal 0 0 -1
    outer loop
      vertex 23.9265 0.746388 0
      vertex 24 5.25 0
      vertex 24 0.75 0
    endloop
  endfacet
  facet normal 0 0 -1
    outer loop
      vertex 23.9265 0.746388 0
      vertex 23.9265 5.25361 0
      vertex 24 5.25 0
    endloop
  endfacet
  facet normal 0 0 -1
    outer loop
      vertex 23.8537 0.735588 0
      vertex 23.9265 5.25361 0
      vertex 23.9265 0.746388 0
    endloop
  endfacet
  facet normal 0 0 -1
    outer loop
      vertex 23.8537 0.735588 0
      vertex 23.8537 5.26441 0
      vertex 23.9265 5.25361 0
    endloop
  endfacet
  facet normal 0 0 -1
    outer loop
      vertex 23.7823 0.717705 0
      vertex 23.8537 5.26441 0
      vertex 23.8537 0.735588 0
    endloop
  endfacet
  facet normal 0 0 -1
    outer loop
      vertex 23.7823 0.717705 0
      vertex 23.7823 5.28229 0
      vertex 23.8537 5.26441 0
    endloop
  endfacet
  facet normal 0 0 -1
    outer loop
      vertex 23.713 0.692909 0
      vertex 23.7823 5.28229 0
      vertex 23.7823 0.717705 0
    endloop
  endfacet
  facet normal 0 0 -1
    outer loop
      vertex 23.713 0.692909 0
      vertex 23.713 5.30709 0
      vertex 23.7823 5.28229 0
    endloop
  endfacet
  facet normal 0 0 -1
    outer loop
      vertex 23.6465 0.661441 0
      vertex 23.713 5.30709 0
      vertex 23.713 0.692909 0
    endloop
  endfacet
  facet normal 0 0 -1
    outer loop
      vertex 23.6465 0.661441 0
      vertex 23.6465 5.33856 0
      vertex 23.713 5.30709 0
    endloop
  endfacet
  facet normal 0 0 -1
    outer loop
      vertex 23.5833 0.623602 0
      vertex 23.6465 5.33856 0
      vertex 23.6465 0.661441 0
    endloop
  endfacet
  facet normal 0 0 -1
    outer loop
      vertex 23.5833 0.623602 0
      vertex 23.5833 5.3764 0
      vertex 23.6465 5.33856 0
    endloop
  endfacet
  facet normal 0 0 -1
    outer loop
      vertex 23.5242 0.579758 0
      vertex 23.5833 5.3764 0
      vertex 23.5833 0.623602 0
    endloop
  endfacet
  facet normal 0 0 -1
    outer loop
      vertex 23.5242 0.579758 0
      vertex 23.5242 5.42024 0
      vertex 23.5833 5.3764 0
    endloop
  endfacet
  facet normal 0 0 -1
    outer loop
      vertex 23.4697 0.53033 0
      vertex 23.5242 5.42024 0
      vertex 23.5242 0.579758 0
    endloop
  endfacet
  facet normal 0 0 -1
    outer loop
      vertex 23.4697 0.53033 0
      vertex 23.4697 5.46967 0
      vertex 23.5242 5.42024 0
    endloop
  endfacet
  facet normal 0 0 -1
    outer loop
      vertex 18.6929 0.287012 0
      vertex 23.3071 0.287012 0
      vertex 18.7177 0.217713 0
    endloop
  endfacet
  facet normal 0 0 -1
    outer loop
      vertex 23.3071 0.287012 0
      vertex 18.6929 0.287012 0
      vertex 23.3386 0.353547 0
    endloop
  endfacet
  facet normal 0 0 -1
    outer loop
      vertex 23.2823 0.217713 0
      vertex 18.7177 0.217713 0
      vertex 23.3071 0.287012 0
    endloop
  endfacet
  facet normal 0 0 -1
    outer loop
      vertex 18.6614 0.353547 0
      vertex 23.3386 0.353547 0
      vertex 18.6929 0.287012 0
    endloop
  endfacet
  facet normal 0 0 -1
    outer loop
      vertex 18.7177 0.217713 0
      vertex 23.2823 0.217713 0
      vertex 18.7356 0.146317 0
    endloop
  endfacet
  facet normal 0 0 -1
    outer loop
      vertex 23.4697 5.46967 0
      vertex 18.75 6 0
      vertex 23.4202 5.5242 0
    endloop
  endfacet
  facet normal 0 0 -1
    outer loop
      vertex 23.2644 0.146317 0
      vertex 18.7356 0.146317 0
      vertex 23.2823 0.217713 0
    endloop
  endfacet
  facet normal 0 0 -1
    outer loop
      vertex 23.4202 5.5242 0
      vertex 18.75 6 0
      vertex 23.3764 5.58332 0
    endloop
  endfacet
  facet normal 0 0 -1
    outer loop
      vertex 18.7356 0.146317 0
      vertex 23.2644 0.146317 0
      vertex 18.7464 0.0735121 0
    endloop
  endfacet
  facet normal 0 0 -1
    outer loop
      vertex 23.3764 5.58332 0
      vertex 18.75 6 0
      vertex 23.3386 5.64645 0
    endloop
  endfacet
  facet normal 0 0 -1
    outer loop
      vertex 23.2536 0.0735121 0
      vertex 18.7464 0.0735121 0
      vertex 23.2644 0.146317 0
    endloop
  endfacet
  facet normal 0 0 -1
    outer loop
      vertex 23.3386 5.64645 0
      vertex 18.75 6 0
      vertex 23.3071 5.71299 0
    endloop
  endfacet
  facet normal 0 0 -1
    outer loop
      vertex 18.7464 0.0735121 0
      vertex 23.2536 0.0735121 0
      vertex 18.75 0 0
    endloop
  endfacet
  facet normal 0 0 -1
    outer loop
      vertex 23.3071 5.71299 0
      vertex 18.75 6 0
      vertex 23.2823 5.78229 0
    endloop
  endfacet
  facet normal 0 0 -1
    outer loop
      vertex 18.75 0 0
      vertex 23.2536 0.0735121 0
      vertex 23.25 0 0
    endloop
  endfacet
  facet normal 0 0 -1
    outer loop
      vertex 23.2823 5.78229 0
      vertex 18.75 6 0
      vertex 23.2644 5.85368 0
    endloop
  endfacet
  facet normal 0 0 -1
    outer loop
      vertex 29.3386 -5.64645 0
      vertex 24.6614 -5.64645 0
      vertex 29.3764 -5.58332 0
    endloop
  endfacet
  facet normal 0 0 -1
    outer loop
      vertex 29.4697 -0.53033 0
      vertex 24.7464 -0.0735121 0
      vertex 24.75 0 0
    endloop
  endfacet
  facet normal 0 0 -1
    outer loop
      vertex 24.6236 -5.58332 0
      vertex 29.3764 -5.58332 0
      vertex 24.6614 -5.64645 0
    endloop
  endfacet
  facet normal 0 0 -1
    outer loop
      vertex 29.4697 -0.53033 0
      vertex 24.7356 -0.146317 0
      vertex 24.7464 -0.0735121 0
    endloop
  endfacet
  facet normal 0 0 -1
    outer loop
      vertex 29.3764 -5.58332 0
      vertex 24.6236 -5.58332 0
      vertex 29.4202 -5.5242 0
    endloop
  endfacet
  facet normal 0 0 -1
    outer loop
      vertex 29.4697 -0.53033 0
      vertex 24.7177 -0.217713 0
      vertex 24.7356 -0.146317 0
    endloop
  endfacet
  facet normal 0 0 -1
    outer loop
      vertex 24.5798 -5.5242 0
      vertex 29.4202 -5.5242 0
      vertex 24.6236 -5.58332 0
    endloop
  endfacet
  facet normal 0 0 -1
    outer loop
      vertex 29.4697 -0.53033 0
      vertex 24.6929 -0.287012 0
      vertex 24.7177 -0.217713 0
    endloop
  endfacet
  facet normal 0 0 -1
    outer loop
      vertex 29.4202 -5.5242 0
      vertex 24.5798 -5.5242 0
      vertex 29.4697 -5.46967 0
    endloop
  endfacet
  facet normal 0 0 -1
    outer loop
      vertex 29.4697 -0.53033 0
      vertex 24.6614 -0.353547 0
      vertex 24.6929 -0.287012 0
    endloop
  endfacet
  facet normal 0 0 -1
    outer loop
      vertex 24.5303 -5.46967 0
      vertex 29.4697 -5.46967 0
      vertex 24.5798 -5.5242 0
    endloop
  endfacet
  facet normal 0 0 -1
    outer loop
      vertex 29.4697 -0.53033 0
      vertex 24.6236 -0.416677 0
      vertex 24.6614 -0.353547 0
    endloop
  endfacet
  facet normal 0 0 -1
    outer loop
      vertex 29.4697 -5.46967 0
      vertex 24.5303 -5.46967 0
      vertex 29.4697 -0.53033 0
    endloop
  endfacet
  facet normal 0 0 -1
    outer loop
      vertex 29.4697 -0.53033 0
      vertex 24.5798 -0.475795 0
      vertex 24.6236 -0.416677 0
    endloop
  endfacet
  facet normal 0 0 -1
    outer loop
      vertex 24.5303 -0.53033 0
      vertex 29.4697 -0.53033 0
      vertex 24.5303 -5.46967 0
    endloop
  endfacet
  facet normal 0 0 -1
    outer loop
      vertex 29.4697 -0.53033 0
      vertex 24.5303 -0.53033 0
      vertex 24.5798 -0.475795 0
    endloop
  endfacet
  facet normal 0 0 -1
    outer loop
      vertex 24.4758 -5.42024 0
      vertex 24.5303 -0.53033 0
      vertex 24.5303 -5.46967 0
    endloop
  endfacet
  facet normal 0 0 -1
    outer loop
      vertex 24.4758 -5.42024 0
      vertex 24.4758 -0.579758 0
      vertex 24.5303 -0.53033 0
    endloop
  endfacet
  facet normal 0 0 -1
    outer loop
      vertex 24.4167 -5.3764 0
      vertex 24.4758 -0.579758 0
      vertex 24.4758 -5.42024 0
    endloop
  endfacet
  facet normal 0 0 -1
    outer loop
      vertex 24.4167 -5.3764 0
      vertex 24.4167 -0.623602 0
      vertex 24.4758 -0.579758 0
    endloop
  endfacet
  facet normal 0 0 -1
    outer loop
      vertex 24.3535 -5.33856 0
      vertex 24.4167 -0.623602 0
      vertex 24.4167 -5.3764 0
    endloop
  endfacet
  facet normal 0 0 -1
    outer loop
      vertex 24.3535 -5.33856 0
      vertex 24.3535 -0.661441 0
      vertex 24.4167 -0.623602 0
    endloop
  endfacet
  facet normal 0 0 -1
    outer loop
      vertex 24.287 -5.30709 0
      vertex 24.3535 -0.661441 0
      vertex 24.3535 -5.33856 0
    endloop
  endfacet
  facet normal 0 0 -1
    outer loop
      vertex 24.287 -5.30709 0
      vertex 24.287 -0.692909 0
      vertex 24.3535 -0.661441 0
    endloop
  endfacet
  facet normal 0 0 -1
    outer loop
      vertex 24.2177 -5.28229 0
      vertex 24.287 -0.692909 0
      vertex 24.287 -5.30709 0
    endloop
  endfacet
  facet normal 0 0 -1
    outer loop
      vertex 24.2177 -5.28229 0
      vertex 24.2177 -0.717705 0
      vertex 24.287 -0.692909 0
    endloop
  endfacet
  facet normal 0 0 -1
    outer loop
      vertex 24.1463 -5.26441 0
      vertex 24.2177 -0.717705 0
      vertex 24.2177 -5.28229 0
    endloop
  endfacet
  facet normal 0 0 -1
    outer loop
      vertex 24.1463 -5.26441 0
      vertex 24.1463 -0.735588 0
      vertex 24.2177 -0.717705 0
    endloop
  endfacet
  facet normal 0 0 -1
    outer loop
      vertex 24.0735 -5.25361 0
      vertex 24.1463 -0.735588 0
      vertex 24.1463 -5.26441 0
    endloop
  endfacet
  facet normal 0 0 -1
    outer loop
      vertex 24.0735 -5.25361 0
      vertex 24.0735 -0.746388 0
      vertex 24.1463 -0.735588 0
    endloop
  endfacet
  facet normal 0 0 -1
    outer loop
      vertex 24 -5.25 0
      vertex 24.0735 -0.746388 0
      vertex 24.0735 -5.25361 0
    endloop
  endfacet
  facet normal 0 0 -1
    outer loop
      vertex 24 -5.25 0
      vertex 24 -0.75 0
      vertex 24.0735 -0.746388 0
    endloop
  endfacet
  facet normal 0 0 -1
    outer loop
      vertex 23.9265 -5.25361 0
      vertex 24 -0.75 0
      vertex 24 -5.25 0
    endloop
  endfacet
  facet normal 0 0 -1
    outer loop
      vertex 23.9265 -5.25361 0
      vertex 23.9265 -0.746388 0
      vertex 24 -0.75 0
    endloop
  endfacet
  facet normal 0 0 -1
    outer loop
      vertex 23.8537 -5.26441 0
      vertex 23.9265 -0.746388 0
      vertex 23.9265 -5.25361 0
    endloop
  endfacet
  facet normal 0 0 -1
    outer loop
      vertex 23.8537 -5.26441 0
      vertex 23.8537 -0.735588 0
      vertex 23.9265 -0.746388 0
    endloop
  endfacet
  facet normal 0 0 -1
    outer loop
      vertex 23.7823 -5.28229 0
      vertex 23.8537 -0.735588 0
      vertex 23.8537 -5.26441 0
    endloop
  endfacet
  facet normal 0 0 -1
    outer loop
      vertex 23.7823 -5.28229 0
      vertex 23.7823 -0.717705 0
      vertex 23.8537 -0.735588 0
    endloop
  endfacet
  facet normal 0 0 -1
    outer loop
      vertex 23.713 -5.30709 0
      vertex 23.7823 -0.717705 0
      vertex 23.7823 -5.28229 0
    endloop
  endfacet
  facet normal 0 0 -1
    outer loop
      vertex 23.713 -5.30709 0
      vertex 23.713 -0.692909 0
      vertex 23.7823 -0.717705 0
    endloop
  endfacet
  facet normal 0 0 -1
    outer loop
      vertex 23.6465 -5.33856 0
      vertex 23.713 -0.692909 0
      vertex 23.713 -5.30709 0
    endloop
  endfacet
  facet normal 0 0 -1
    outer loop
      vertex 23.6465 -5.33856 0
      vertex 23.6465 -0.661441 0
      vertex 23.713 -0.692909 0
    endloop
  endfacet
  facet normal 0 0 -1
    outer loop
      vertex 23.5833 -5.3764 0
      vertex 23.6465 -0.661441 0
      vertex 23.6465 -5.33856 0
    endloop
  endfacet
  facet normal 0 0 -1
    outer loop
      vertex 23.5833 -5.3764 0
      vertex 23.5833 -0.623602 0
      vertex 23.6465 -0.661441 0
    endloop
  endfacet
  facet normal 0 0 -1
    outer loop
      vertex 23.5242 -5.42024 0
      vertex 23.5833 -0.623602 0
      vertex 23.5833 -5.3764 0
    endloop
  endfacet
  facet normal 0 0 -1
    outer loop
      vertex 23.5242 -5.42024 0
      vertex 23.5242 -0.579758 0
      vertex 23.5833 -0.623602 0
    endloop
  endfacet
  facet normal 0 0 -1
    outer loop
      vertex 23.4697 -5.46967 0
      vertex 23.5242 -0.579758 0
      vertex 23.5242 -5.42024 0
    endloop
  endfacet
  facet normal 0 0 -1
    outer loop
      vertex 23.4697 -5.46967 0
      vertex 23.4697 -0.53033 0
      vertex 23.5242 -0.579758 0
    endloop
  endfacet
  facet normal 0 0 -1
    outer loop
      vertex 18.6929 -5.71299 0
      vertex 23.3071 -5.71299 0
      vertex 18.7177 -5.78229 0
    endloop
  endfacet
  facet normal 0 0 -1
    outer loop
      vertex 23.3071 -5.71299 0
      vertex 18.6929 -5.71299 0
      vertex 23.3386 -5.64645 0
    endloop
  endfacet
  facet normal 0 0 -1
    outer loop
      vertex 23.2823 -5.78229 0
      vertex 18.7177 -5.78229 0
      vertex 23.3071 -5.71299 0
    endloop
  endfacet
  facet normal 0 0 -1
    outer loop
      vertex 18.6614 -5.64645 0
      vertex 23.3386 -5.64645 0
      vertex 18.6929 -5.71299 0
    endloop
  endfacet
  facet normal 0 0 -1
    outer loop
      vertex 18.7177 -5.78229 0
      vertex 23.2823 -5.78229 0
      vertex 18.7356 -5.85368 0
    endloop
  endfacet
  facet normal 0 0 -1
    outer loop
      vertex 23.4697 -0.53033 0
      vertex 18.75 0 0
      vertex 23.4202 -0.475795 0
    endloop
  endfacet
  facet normal 0 0 -1
    outer loop
      vertex 23.2644 -5.85368 0
      vertex 18.7356 -5.85368 0
      vertex 23.2823 -5.78229 0
    endloop
  endfacet
  facet normal 0 0 -1
    outer loop
      vertex 23.4202 -0.475795 0
      vertex 18.75 0 0
      vertex 23.3764 -0.416677 0
    endloop
  endfacet
  facet normal 0 0 -1
    outer loop
      vertex 18.7356 -5.85368 0
      vertex 23.2644 -5.85368 0
      vertex 18.7464 -5.92649 0
    endloop
  endfacet
  facet normal 0 0 -1
    outer loop
      vertex 23.3764 -0.416677 0
      vertex 18.75 0 0
      vertex 23.3386 -0.353547 0
    endloop
  endfacet
  facet normal 0 0 -1
    outer loop
      vertex 23.2536 -5.92649 0
      vertex 18.7464 -5.92649 0
      vertex 23.2644 -5.85368 0
    endloop
  endfacet
  facet normal 0 0 -1
    outer loop
      vertex 23.3386 -0.353547 0
      vertex 18.75 0 0
      vertex 23.3071 -0.287012 0
    endloop
  endfacet
  facet normal 0 0 -1
    outer loop
      vertex 18.7464 -5.92649 0
      vertex 23.2536 -5.92649 0
      vertex 18.75 -6 0
    endloop
  endfacet
  facet normal 0 0 -1
    outer loop
      vertex 23.3071 -0.287012 0
      vertex 18.75 0 0
      vertex 23.2823 -0.217713 0
    endloop
  endfacet
  facet normal 0 0 -1
    outer loop
      vertex 18.75 -6 0
      vertex 23.2536 -5.92649 0
      vertex 23.25 -6 0
    endloop
  endfacet
  facet normal 0 0 -1
    outer loop
      vertex 23.2823 -0.217713 0
      vertex 18.75 0 0
      vertex 23.2644 -0.146317 0
    endloop
  endfacet
  facet normal 0 0 -1
    outer loop
      vertex 30.7177 0.217713 0
      vertex 46.268 4.93484 0
      vertex 30.7356 0.146317 0
    endloop
  endfacet
  facet normal 0 0 -1
    outer loop
      vertex 45.706 6.50562 0
      vertex 30.7464 5.92649 0
      vertex 30.75 6 0
    endloop
  endfacet
  facet normal -0 0 -1
    outer loop
      vertex 46.268 4.93484 0
      vertex 30.7177 0.217713 0
      vertex 45.706 6.50562 0
    endloop
  endfacet
  facet normal 0 0 -1
    outer loop
      vertex 45.706 6.50562 0
      vertex 30.7356 5.85368 0
      vertex 30.7464 5.92649 0
    endloop
  endfacet
  facet normal 0 0 -1
    outer loop
      vertex 30.7177 5.78229 0
      vertex 45.706 6.50562 0
      vertex 30.7177 0.217713 0
    endloop
  endfacet
  facet normal 0 0 -1
    outer loop
      vertex 45.706 6.50562 0
      vertex 30.7177 5.78229 0
      vertex 30.7356 5.85368 0
    endloop
  endfacet
  facet normal 0 0 -1
    outer loop
      vertex 30.6929 0.287012 0
      vertex 30.7177 5.78229 0
      vertex 30.7177 0.217713 0
    endloop
  endfacet
  facet normal 0 0 -1
    outer loop
      vertex 30.6929 0.287012 0
      vertex 30.6929 5.71299 0
      vertex 30.7177 5.78229 0
    endloop
  endfacet
  facet normal 0 0 -1
    outer loop
      vertex 30.6614 0.353547 0
      vertex 30.6929 5.71299 0
      vertex 30.6929 0.287012 0
    endloop
  endfacet
  facet normal 0 0 -1
    outer loop
      vertex 30.6614 0.353547 0
      vertex 30.6614 5.64645 0
      vertex 30.6929 5.71299 0
    endloop
  endfacet
  facet normal 0 0 -1
    outer loop
      vertex 30.6236 0.416677 0
      vertex 30.6614 5.64645 0
      vertex 30.6614 0.353547 0
    endloop
  endfacet
  facet normal 0 0 -1
    outer loop
      vertex 30.6236 0.416677 0
      vertex 30.6236 5.58332 0
      vertex 30.6614 5.64645 0
    endloop
  endfacet
  facet normal 0 0 -1
    outer loop
      vertex 30.5798 0.475795 0
      vertex 30.6236 5.58332 0
      vertex 30.6236 0.416677 0
    endloop
  endfacet
  facet normal 0 0 -1
    outer loop
      vertex 30.5798 0.475795 0
      vertex 30.5798 5.5242 0
      vertex 30.6236 5.58332 0
    endloop
  endfacet
  facet normal 0 0 -1
    outer loop
      vertex 30.5303 0.53033 0
      vertex 30.5798 5.5242 0
      vertex 30.5798 0.475795 0
    endloop
  endfacet
  facet normal 0 0 -1
    outer loop
      vertex 30.5303 0.53033 0
      vertex 30.5303 5.46967 0
      vertex 30.5798 5.5242 0
    endloop
  endfacet
  facet normal 0 0 -1
    outer loop
      vertex 30.4758 0.579758 0
      vertex 30.5303 5.46967 0
      vertex 30.5303 0.53033 0
    endloop
  endfacet
  facet normal 0 0 -1
    outer loop
      vertex 30.4758 0.579758 0
      vertex 30.4758 5.42024 0
      vertex 30.5303 5.46967 0
    endloop
  endfacet
  facet normal 0 0 -1
    outer loop
      vertex 30.4167 0.623602 0
      vertex 30.4758 5.42024 0
      vertex 30.4758 0.579758 0
    endloop
  endfacet
  facet normal 0 0 -1
    outer loop
      vertex 30.4167 0.623602 0
      vertex 30.4167 5.3764 0
      vertex 30.4758 5.42024 0
    endloop
  endfacet
  facet normal 0 0 -1
    outer loop
      vertex 30.3535 0.661441 0
      vertex 30.4167 5.3764 0
      vertex 30.4167 0.623602 0
    endloop
  endfacet
  facet normal 0 0 -1
    outer loop
      vertex 30.3535 0.661441 0
      vertex 30.3535 5.33856 0
      vertex 30.4167 5.3764 0
    endloop
  endfacet
  facet normal 0 0 -1
    outer loop
      vertex 30.287 0.692909 0
      vertex 30.3535 5.33856 0
      vertex 30.3535 0.661441 0
    endloop
  endfacet
  facet normal 0 0 -1
    outer loop
      vertex 30.287 0.692909 0
      vertex 30.287 5.30709 0
      vertex 30.3535 5.33856 0
    endloop
  endfacet
  facet normal 0 0 -1
    outer loop
      vertex 30.2177 0.717705 0
      vertex 30.287 5.30709 0
      vertex 30.287 0.692909 0
    endloop
  endfacet
  facet normal 0 0 -1
    outer loop
      vertex 30.2177 0.717705 0
      vertex 30.2177 5.28229 0
      vertex 30.287 5.30709 0
    endloop
  endfacet
  facet normal 0 0 -1
    outer loop
      vertex 30.1463 0.735588 0
      vertex 30.2177 5.28229 0
      vertex 30.2177 0.717705 0
    endloop
  endfacet
  facet normal 0 0 -1
    outer loop
      vertex 30.1463 0.735588 0
      vertex 30.1463 5.26441 0
      vertex 30.2177 5.28229 0
    endloop
  endfacet
  facet normal 0 0 -1
    outer loop
      vertex 30.0735 0.746388 0
      vertex 30.1463 5.26441 0
      vertex 30.1463 0.735588 0
    endloop
  endfacet
  facet normal 0 0 -1
    outer loop
      vertex 30.0735 0.746388 0
      vertex 30.0735 5.25361 0
      vertex 30.1463 5.26441 0
    endloop
  endfacet
  facet normal 0 0 -1
    outer loop
      vertex 30 0.75 0
      vertex 30.0735 5.25361 0
      vertex 30.0735 0.746388 0
    endloop
  endfacet
  facet normal 0 0 -1
    outer loop
      vertex 30 0.75 0
      vertex 30 5.25 0
      vertex 30.0735 5.25361 0
    endloop
  endfacet
  facet normal 0 0 -1
    outer loop
      vertex 29.9265 0.746388 0
      vertex 30 5.25 0
      vertex 30 0.75 0
    endloop
  endfacet
  facet normal 0 0 -1
    outer loop
      vertex 29.9265 0.746388 0
      vertex 29.9265 5.25361 0
      vertex 30 5.25 0
    endloop
  endfacet
  facet normal 0 0 -1
    outer loop
      vertex 29.8537 0.735588 0
      vertex 29.9265 5.25361 0
      vertex 29.9265 0.746388 0
    endloop
  endfacet
  facet normal 0 0 -1
    outer loop
      vertex 29.8537 0.735588 0
      vertex 29.8537 5.26441 0
      vertex 29.9265 5.25361 0
    endloop
  endfacet
  facet normal 0 0 -1
    outer loop
      vertex 29.7823 0.717705 0
      vertex 29.8537 5.26441 0
      vertex 29.8537 0.735588 0
    endloop
  endfacet
  facet normal 0 0 -1
    outer loop
      vertex 29.7823 0.717705 0
      vertex 29.7823 5.28229 0
      vertex 29.8537 5.26441 0
    endloop
  endfacet
  facet normal 0 0 -1
    outer loop
      vertex 29.713 0.692909 0
      vertex 29.7823 5.28229 0
      vertex 29.7823 0.717705 0
    endloop
  endfacet
  facet normal 0 0 -1
    outer loop
      vertex 29.713 0.692909 0
      vertex 29.713 5.30709 0
      vertex 29.7823 5.28229 0
    endloop
  endfacet
  facet normal 0 0 -1
    outer loop
      vertex 29.6465 0.661441 0
      vertex 29.713 5.30709 0
      vertex 29.713 0.692909 0
    endloop
  endfacet
  facet normal 0 0 -1
    outer loop
      vertex 29.6465 0.661441 0
      vertex 29.6465 5.33856 0
      vertex 29.713 5.30709 0
    endloop
  endfacet
  facet normal 0 0 -1
    outer loop
      vertex 29.5833 0.623602 0
      vertex 29.6465 5.33856 0
      vertex 29.6465 0.661441 0
    endloop
  endfacet
  facet normal 0 0 -1
    outer loop
      vertex 29.5833 0.623602 0
      vertex 29.5833 5.3764 0
      vertex 29.6465 5.33856 0
    endloop
  endfacet
  facet normal 0 0 -1
    outer loop
      vertex 29.5242 0.579758 0
      vertex 29.5833 5.3764 0
      vertex 29.5833 0.623602 0
    endloop
  endfacet
  facet normal 0 0 -1
    outer loop
      vertex 29.5242 0.579758 0
      vertex 29.5242 5.42024 0
      vertex 29.5833 5.3764 0
    endloop
  endfacet
  facet normal 0 0 -1
    outer loop
      vertex 29.4697 0.53033 0
      vertex 29.5242 5.42024 0
      vertex 29.5242 0.579758 0
    endloop
  endfacet
  facet normal 0 0 -1
    outer loop
      vertex 29.4697 0.53033 0
      vertex 29.4697 5.46967 0
      vertex 29.5242 5.42024 0
    endloop
  endfacet
  facet normal 0 0 -1
    outer loop
      vertex 24.6929 0.287012 0
      vertex 29.3071 0.287012 0
      vertex 24.7177 0.217713 0
    endloop
  endfacet
  facet normal 0 0 -1
    outer loop
      vertex 29.3071 0.287012 0
      vertex 24.6929 0.287012 0
      vertex 29.3386 0.353547 0
    endloop
  endfacet
  facet normal 0 0 -1
    outer loop
      vertex 29.2823 0.217713 0
      vertex 24.7177 0.217713 0
      vertex 29.3071 0.287012 0
    endloop
  endfacet
  facet normal 0 0 -1
    outer loop
      vertex 24.6614 0.353547 0
      vertex 29.3386 0.353547 0
      vertex 24.6929 0.287012 0
    endloop
  endfacet
  facet normal 0 0 -1
    outer loop
      vertex 24.7177 0.217713 0
      vertex 29.2823 0.217713 0
      vertex 24.7356 0.146317 0
    endloop
  endfacet
  facet normal 0 0 -1
    outer loop
      vertex 29.4697 5.46967 0
      vertex 24.75 6 0
      vertex 29.4202 5.5242 0
    endloop
  endfacet
  facet normal 0 0 -1
    outer loop
      vertex 29.2644 0.146317 0
      vertex 24.7356 0.146317 0
      vertex 29.2823 0.217713 0
    endloop
  endfacet
  facet normal 0 0 -1
    outer loop
      vertex 29.4202 5.5242 0
      vertex 24.75 6 0
      vertex 29.3764 5.58332 0
    endloop
  endfacet
  facet normal 0 0 -1
    outer loop
      vertex 24.7356 0.146317 0
      vertex 29.2644 0.146317 0
      vertex 24.7464 0.0735121 0
    endloop
  endfacet
  facet normal 0 0 -1
    outer loop
      vertex 29.3764 5.58332 0
      vertex 24.75 6 0
      vertex 29.3386 5.64645 0
    endloop
  endfacet
  facet normal 0 0 -1
    outer loop
      vertex 29.2536 0.0735121 0
      vertex 24.7464 0.0735121 0
      vertex 29.2644 0.146317 0
    endloop
  endfacet
  facet normal 0 0 -1
    outer loop
      vertex 29.3386 5.64645 0
      vertex 24.75 6 0
      vertex 29.3071 5.71299 0
    endloop
  endfacet
  facet normal 0 0 -1
    outer loop
      vertex 24.7464 0.0735121 0
      vertex 29.2536 0.0735121 0
      vertex 24.75 0 0
    endloop
  endfacet
  facet normal 0 0 -1
    outer loop
      vertex 29.3071 5.71299 0
      vertex 24.75 6 0
      vertex 29.2823 5.78229 0
    endloop
  endfacet
  facet normal 0 0 -1
    outer loop
      vertex 24.75 0 0
      vertex 29.2536 0.0735121 0
      vertex 29.25 0 0
    endloop
  endfacet
  facet normal 0 0 -1
    outer loop
      vertex 29.2823 5.78229 0
      vertex 24.75 6 0
      vertex 29.2644 5.85368 0
    endloop
  endfacet
  facet normal 0 0 -1
    outer loop
      vertex 44.9927 -8.01374 0
      vertex 30.7356 -5.85368 0
      vertex 45.706 -6.50562 0
    endloop
  endfacet
  facet normal 0 0 -1
    outer loop
      vertex 45.706 -6.50562 0
      vertex 30.7464 -0.0735121 0
      vertex 30.75 0 0
    endloop
  endfacet
  facet normal 0 0 -1
    outer loop
      vertex 30.7177 -5.78229 0
      vertex 45.706 -6.50562 0
      vertex 30.7356 -5.85368 0
    endloop
  endfacet
  facet normal 0 0 -1
    outer loop
      vertex 45.706 -6.50562 0
      vertex 30.7356 -0.146317 0
      vertex 30.7464 -0.0735121 0
    endloop
  endfacet
  facet normal 0 0 -1
    outer loop
      vertex 30.7177 -0.217713 0
      vertex 45.706 -6.50562 0
      vertex 30.7177 -5.78229 0
    endloop
  endfacet
  facet normal 0 0 -1
    outer loop
      vertex 45.706 -6.50562 0
      vertex 30.7177 -0.217713 0
      vertex 30.7356 -0.146317 0
    endloop
  endfacet
  facet normal 0 0 -1
    outer loop
      vertex 30.6929 -5.71299 0
      vertex 30.7177 -0.217713 0
      vertex 30.7177 -5.78229 0
    endloop
  endfacet
  facet normal 0 0 -1
    outer loop
      vertex 30.6929 -5.71299 0
      vertex 30.6929 -0.287012 0
      vertex 30.7177 -0.217713 0
    endloop
  endfacet
  facet normal 0 0 -1
    outer loop
      vertex 30.6614 -5.64645 0
      vertex 30.6929 -0.287012 0
      vertex 30.6929 -5.71299 0
    endloop
  endfacet
  facet normal 0 0 -1
    outer loop
      vertex 30.6614 -5.64645 0
      vertex 30.6614 -0.353547 0
      vertex 30.6929 -0.287012 0
    endloop
  endfacet
  facet normal 0 0 -1
    outer loop
      vertex 30.6236 -5.58332 0
      vertex 30.6614 -0.353547 0
      vertex 30.6614 -5.64645 0
    endloop
  endfacet
  facet normal 0 0 -1
    outer loop
      vertex 30.6236 -5.58332 0
      vertex 30.6236 -0.416677 0
      vertex 30.6614 -0.353547 0
    endloop
  endfacet
  facet normal 0 0 -1
    outer loop
      vertex 30.5798 -5.5242 0
      vertex 30.6236 -0.416677 0
      vertex 30.6236 -5.58332 0
    endloop
  endfacet
  facet normal 0 0 -1
    outer loop
      vertex 30.5798 -5.5242 0
      vertex 30.5798 -0.475795 0
      vertex 30.6236 -0.416677 0
    endloop
  endfacet
  facet normal 0 0 -1
    outer loop
      vertex 30.5303 -5.46967 0
      vertex 30.5798 -0.475795 0
      vertex 30.5798 -5.5242 0
    endloop
  endfacet
  facet normal 0 0 -1
    outer loop
      vertex 30.5303 -5.46967 0
      vertex 30.5303 -0.53033 0
      vertex 30.5798 -0.475795 0
    endloop
  endfacet
  facet normal 0 0 -1
    outer loop
      vertex 30.4758 -5.42024 0
      vertex 30.5303 -0.53033 0
      vertex 30.5303 -5.46967 0
    endloop
  endfacet
  facet normal 0 0 -1
    outer loop
      vertex 30.4758 -5.42024 0
      vertex 30.4758 -0.579758 0
      vertex 30.5303 -0.53033 0
    endloop
  endfacet
  facet normal 0 0 -1
    outer loop
      vertex 30.4167 -5.3764 0
      vertex 30.4758 -0.579758 0
      vertex 30.4758 -5.42024 0
    endloop
  endfacet
  facet normal 0 0 -1
    outer loop
      vertex 30.4167 -5.3764 0
      vertex 30.4167 -0.623602 0
      vertex 30.4758 -0.579758 0
    endloop
  endfacet
  facet normal 0 0 -1
    outer loop
      vertex 30.3535 -5.33856 0
      vertex 30.4167 -0.623602 0
      vertex 30.4167 -5.3764 0
    endloop
  endfacet
  facet normal 0 0 -1
    outer loop
      vertex 30.3535 -5.33856 0
      vertex 30.3535 -0.661441 0
      vertex 30.4167 -0.623602 0
    endloop
  endfacet
  facet normal 0 0 -1
    outer loop
      vertex 30.287 -5.30709 0
      vertex 30.3535 -0.661441 0
      vertex 30.3535 -5.33856 0
    endloop
  endfacet
  facet normal 0 0 -1
    outer loop
      vertex 30.287 -5.30709 0
      vertex 30.287 -0.692909 0
      vertex 30.3535 -0.661441 0
    endloop
  endfacet
  facet normal 0 0 -1
    outer loop
      vertex 30.2177 -5.28229 0
      vertex 30.287 -0.692909 0
      vertex 30.287 -5.30709 0
    endloop
  endfacet
  facet normal 0 0 -1
    outer loop
      vertex 30.2177 -5.28229 0
      vertex 30.2177 -0.717705 0
      vertex 30.287 -0.692909 0
    endloop
  endfacet
  facet normal 0 0 -1
    outer loop
      vertex 30.1463 -5.26441 0
      vertex 30.2177 -0.717705 0
      vertex 30.2177 -5.28229 0
    endloop
  endfacet
  facet normal 0 0 -1
    outer loop
      vertex 30.1463 -5.26441 0
      vertex 30.1463 -0.735588 0
      vertex 30.2177 -0.717705 0
    endloop
  endfacet
  facet normal 0 0 -1
    outer loop
      vertex 30.0735 -5.25361 0
      vertex 30.1463 -0.735588 0
      vertex 30.1463 -5.26441 0
    endloop
  endfacet
  facet normal 0 0 -1
    outer loop
      vertex 30.0735 -5.25361 0
      vertex 30.0735 -0.746388 0
      vertex 30.1463 -0.735588 0
    endloop
  endfacet
  facet normal 0 0 -1
    outer loop
      vertex 30 -5.25 0
      vertex 30.0735 -0.746388 0
      vertex 30.0735 -5.25361 0
    endloop
  endfacet
  facet normal 0 0 -1
    outer loop
      vertex 30 -5.25 0
      vertex 30 -0.75 0
      vertex 30.0735 -0.746388 0
    endloop
  endfacet
  facet normal 0 0 -1
    outer loop
      vertex 29.9265 -5.25361 0
      vertex 30 -0.75 0
      vertex 30 -5.25 0
    endloop
  endfacet
  facet normal 0 0 -1
    outer loop
      vertex 29.9265 -5.25361 0
      vertex 29.9265 -0.746388 0
      vertex 30 -0.75 0
    endloop
  endfacet
  facet normal 0 0 -1
    outer loop
      vertex 29.8537 -5.26441 0
      vertex 29.9265 -0.746388 0
      vertex 29.9265 -5.25361 0
    endloop
  endfacet
  facet normal 0 0 -1
    outer loop
      vertex 29.8537 -5.26441 0
      vertex 29.8537 -0.735588 0
      vertex 29.9265 -0.746388 0
    endloop
  endfacet
  facet normal 0 0 -1
    outer loop
      vertex 29.7823 -5.28229 0
      vertex 29.8537 -0.735588 0
      vertex 29.8537 -5.26441 0
    endloop
  endfacet
  facet normal 0 0 -1
    outer loop
      vertex 29.7823 -5.28229 0
      vertex 29.7823 -0.717705 0
      vertex 29.8537 -0.735588 0
    endloop
  endfacet
  facet normal 0 0 -1
    outer loop
      vertex 29.713 -5.30709 0
      vertex 29.7823 -0.717705 0
      vertex 29.7823 -5.28229 0
    endloop
  endfacet
  facet normal 0 0 -1
    outer loop
      vertex 29.713 -5.30709 0
      vertex 29.713 -0.692909 0
      vertex 29.7823 -0.717705 0
    endloop
  endfacet
  facet normal 0 0 -1
    outer loop
      vertex 29.6465 -5.33856 0
      vertex 29.713 -0.692909 0
      vertex 29.713 -5.30709 0
    endloop
  endfacet
  facet normal 0 0 -1
    outer loop
      vertex 29.6465 -5.33856 0
      vertex 29.6465 -0.661441 0
      vertex 29.713 -0.692909 0
    endloop
  endfacet
  facet normal 0 0 -1
    outer loop
      vertex 29.5833 -5.3764 0
      vertex 29.6465 -0.661441 0
      vertex 29.6465 -5.33856 0
    endloop
  endfacet
  facet normal 0 0 -1
    outer loop
      vertex 29.5833 -5.3764 0
      vertex 29.5833 -0.623602 0
      vertex 29.6465 -0.661441 0
    endloop
  endfacet
  facet normal 0 0 -1
    outer loop
      vertex 29.5242 -5.42024 0
      vertex 29.5833 -0.623602 0
      vertex 29.5833 -5.3764 0
    endloop
  endfacet
  facet normal 0 0 -1
    outer loop
      vertex 29.5242 -5.42024 0
      vertex 29.5242 -0.579758 0
      vertex 29.5833 -0.623602 0
    endloop
  endfacet
  facet normal 0 0 -1
    outer loop
      vertex 29.4697 -5.46967 0
      vertex 29.5242 -0.579758 0
      vertex 29.5242 -5.42024 0
    endloop
  endfacet
  facet normal 0 0 -1
    outer loop
      vertex 29.4697 -5.46967 0
      vertex 29.4697 -0.53033 0
      vertex 29.5242 -0.579758 0
    endloop
  endfacet
  facet normal 0 0 -1
    outer loop
      vertex 24.6929 -5.71299 0
      vertex 29.3071 -5.71299 0
      vertex 24.7177 -5.78229 0
    endloop
  endfacet
  facet normal 0 0 -1
    outer loop
      vertex 29.3071 -5.71299 0
      vertex 24.6929 -5.71299 0
      vertex 29.3386 -5.64645 0
    endloop
  endfacet
  facet normal 0 0 -1
    outer loop
      vertex 29.2823 -5.78229 0
      vertex 24.7177 -5.78229 0
      vertex 29.3071 -5.71299 0
    endloop
  endfacet
  facet normal 0 0 -1
    outer loop
      vertex 24.6614 -5.64645 0
      vertex 29.3386 -5.64645 0
      vertex 24.6929 -5.71299 0
    endloop
  endfacet
  facet normal 0 0 -1
    outer loop
      vertex 24.7177 -5.78229 0
      vertex 29.2823 -5.78229 0
      vertex 24.7356 -5.85368 0
    endloop
  endfacet
  facet normal 0 0 -1
    outer loop
      vertex 29.4697 -0.53033 0
      vertex 24.75 0 0
      vertex 29.4202 -0.475795 0
    endloop
  endfacet
  facet normal 0 0 -1
    outer loop
      vertex 29.2644 -5.85368 0
      vertex 24.7356 -5.85368 0
      vertex 29.2823 -5.78229 0
    endloop
  endfacet
  facet normal 0 0 -1
    outer loop
      vertex 29.4202 -0.475795 0
      vertex 24.75 0 0
      vertex 29.3764 -0.416677 0
    endloop
  endfacet
  facet normal 0 0 -1
    outer loop
      vertex 24.7356 -5.85368 0
      vertex 29.2644 -5.85368 0
      vertex 24.7464 -5.92649 0
    endloop
  endfacet
  facet normal 0 0 -1
    outer loop
      vertex 29.3764 -0.416677 0
      vertex 24.75 0 0
      vertex 29.3386 -0.353547 0
    endloop
  endfacet
  facet normal 0 0 -1
    outer loop
      vertex 29.2536 -5.92649 0
      vertex 24.7464 -5.92649 0
      vertex 29.2644 -5.85368 0
    endloop
  endfacet
  facet normal 0 0 -1
    outer loop
      vertex 29.3386 -0.353547 0
      vertex 24.75 0 0
      vertex 29.3071 -0.287012 0
    endloop
  endfacet
  facet normal 0 0 -1
    outer loop
      vertex 24.7464 -5.92649 0
      vertex 29.2536 -5.92649 0
      vertex 24.75 -6 0
    endloop
  endfacet
  facet normal 0 0 -1
    outer loop
      vertex 29.3071 -0.287012 0
      vertex 24.75 0 0
      vertex 29.2823 -0.217713 0
    endloop
  endfacet
  facet normal 0 0 -1
    outer loop
      vertex 24.75 -6 0
      vertex 29.2536 -5.92649 0
      vertex 29.25 -6 0
    endloop
  endfacet
  facet normal 0 0 -1
    outer loop
      vertex 29.2823 -0.217713 0
      vertex 24.75 0 0
      vertex 29.2644 -0.146317 0
    endloop
  endfacet
  facet normal 0 0 -1
    outer loop
      vertex 30.75 0 0
      vertex 47 0 0
      vertex 46.9181 -1.66629 0
    endloop
  endfacet
  facet normal 0 0 -1
    outer loop
      vertex 30.75 0 0
      vertex 46.9181 -1.66629 0
      vertex 46.6733 -3.31653 0
    endloop
  endfacet
  facet normal 0 0 -1
    outer loop
      vertex 47 0 0
      vertex 30.75 0 0
      vertex 46.9181 1.66629 0
    endloop
  endfacet
  facet normal 0 0 -1
    outer loop
      vertex 30.75 0 0
      vertex 46.6733 -3.31653 0
      vertex 46.268 -4.93484 0
    endloop
  endfacet
  facet normal 0 0 -1
    outer loop
      vertex 30.7464 0.0735121 0
      vertex 46.9181 1.66629 0
      vertex 30.75 0 0
    endloop
  endfacet
  facet normal 0 0 -1
    outer loop
      vertex 30.75 0 0
      vertex 46.268 -4.93484 0
      vertex 45.706 -6.50562 0
    endloop
  endfacet
  facet normal -0 0 -1
    outer loop
      vertex 46.9181 1.66629 0
      vertex 30.7464 0.0735121 0
      vertex 46.6733 3.31653 0
    endloop
  endfacet
  facet normal 0 0 -1
    outer loop
      vertex 44.135 -9.44469 0
      vertex 30.7464 -5.92649 0
      vertex 44.9927 -8.01374 0
    endloop
  endfacet
  facet normal 0 0 -1
    outer loop
      vertex 30.7356 0.146317 0
      vertex 46.6733 3.31653 0
      vertex 30.7464 0.0735121 0
    endloop
  endfacet
  facet normal 0 0 -1
    outer loop
      vertex 30.7464 -5.92649 0
      vertex 44.135 -9.44469 0
      vertex 30.75 -6 0
    endloop
  endfacet
  facet normal -0 0 -1
    outer loop
      vertex 46.6733 3.31653 0
      vertex 30.7356 0.146317 0
      vertex 46.268 4.93484 0
    endloop
  endfacet
  facet normal 0 0 -1
    outer loop
      vertex 30.75 -6 0
      vertex 44.135 -9.44469 0
      vertex 43.1412 -10.7847 0
    endloop
  endfacet
  facet normal -0 0 -1
    outer loop
      vertex 45.706 6.50562 0
      vertex 30.75 6 0
      vertex 44.9927 8.01374 0
    endloop
  endfacet
  facet normal 0 0 -1
    outer loop
      vertex 30.7464 -6.07351 0
      vertex 43.1412 -10.7847 0
      vertex 42.0208 -12.0208 0
    endloop
  endfacet
  facet normal -0 0 -1
    outer loop
      vertex 44.9927 8.01374 0
      vertex 30.75 6 0
      vertex 44.135 9.44469 0
    endloop
  endfacet
  facet normal 0 0 -1
    outer loop
      vertex 30.7356 -6.14632 0
      vertex 42.0208 -12.0208 0
      vertex 40.7847 -13.1412 0
    endloop
  endfacet
  facet normal -0 0 -1
    outer loop
      vertex 44.135 9.44469 0
      vertex 30.75 6 0
      vertex 43.1412 10.7847 0
    endloop
  endfacet
  facet normal 0 0 -1
    outer loop
      vertex 30.6929 -6.28701 0
      vertex 40.7847 -13.1412 0
      vertex 39.4447 -14.135 0
    endloop
  endfacet
  facet normal 0 0 -1
    outer loop
      vertex 30.7464 6.07351 0
      vertex 43.1412 10.7847 0
      vertex 30.75 6 0
    endloop
  endfacet
  facet normal 0 0 -1
    outer loop
      vertex 30.6236 -6.41668 0
      vertex 39.4447 -14.135 0
      vertex 38.0137 -14.9927 0
    endloop
  endfacet
  facet normal -0 0 -1
    outer loop
      vertex 43.1412 10.7847 0
      vertex 30.7464 6.07351 0
      vertex 42.0208 12.0208 0
    endloop
  endfacet
  facet normal 0 0 -1
    outer loop
      vertex 30.5798 -6.47579 0
      vertex 38.0137 -14.9927 0
      vertex 36.5056 -15.706 0
    endloop
  endfacet
  facet normal 0 0 -1
    outer loop
      vertex 30.7356 6.14632 0
      vertex 42.0208 12.0208 0
      vertex 30.7464 6.07351 0
    endloop
  endfacet
  facet normal 0 0 -1
    outer loop
      vertex 30.4758 -6.57976 0
      vertex 36.5056 -15.706 0
      vertex 34.9348 -16.268 0
    endloop
  endfacet
  facet normal -0 0 -1
    outer loop
      vertex 42.0208 12.0208 0
      vertex 30.7356 6.14632 0
      vertex 40.7847 13.1412 0
    endloop
  endfacet
  facet normal 0 0 -1
    outer loop
      vertex 30.3535 -6.66144 0
      vertex 34.9348 -16.268 0
      vertex 33.3165 -16.6733 0
    endloop
  endfacet
  facet normal 0 0 -1
    outer loop
      vertex 30.7177 6.21771 0
      vertex 40.7847 13.1412 0
      vertex 30.7356 6.14632 0
    endloop
  endfacet
  facet normal 0 0 -1
    outer loop
      vertex 30.2177 -6.7177 0
      vertex 33.3165 -16.6733 0
      vertex 31.6663 -16.9181 0
    endloop
  endfacet
  facet normal 0 0 -1
    outer loop
      vertex 30.7356 -5.85368 0
      vertex 44.9927 -8.01374 0
      vertex 30.7464 -5.92649 0
    endloop
  endfacet
  facet normal 0 0 -1
    outer loop
      vertex 30.6929 6.28701 0
      vertex 40.7847 13.1412 0
      vertex 30.7177 6.21771 0
    endloop
  endfacet
  facet normal 0 0 -1
    outer loop
      vertex 43.1412 -10.7847 0
      vertex 30.7464 -6.07351 0
      vertex 30.75 -6 0
    endloop
  endfacet
  facet normal 0 0 -1
    outer loop
      vertex 42.0208 -12.0208 0
      vertex 30.7356 -6.14632 0
      vertex 30.7464 -6.07351 0
    endloop
  endfacet
  facet normal 0 0 -1
    outer loop
      vertex 40.7847 -13.1412 0
      vertex 30.7177 -6.21771 0
      vertex 30.7356 -6.14632 0
    endloop
  endfacet
  facet normal 0 0 -1
    outer loop
      vertex 40.7847 -13.1412 0
      vertex 30.6929 -6.28701 0
      vertex 30.7177 -6.21771 0
    endloop
  endfacet
  facet normal 0 0 -1
    outer loop
      vertex 39.4447 -14.135 0
      vertex 30.6614 -6.35355 0
      vertex 30.6929 -6.28701 0
    endloop
  endfacet
  facet normal 0 0 -1
    outer loop
      vertex 39.4447 -14.135 0
      vertex 30.6236 -6.41668 0
      vertex 30.6614 -6.35355 0
    endloop
  endfacet
  facet normal 0 0 -1
    outer loop
      vertex 38.0137 -14.9927 0
      vertex 30.5798 -6.47579 0
      vertex 30.6236 -6.41668 0
    endloop
  endfacet
  facet normal 0 0 -1
    outer loop
      vertex 36.5056 -15.706 0
      vertex 30.5303 -6.53033 0
      vertex 30.5798 -6.47579 0
    endloop
  endfacet
  facet normal 0 0 -1
    outer loop
      vertex 36.5056 -15.706 0
      vertex 30.4758 -6.57976 0
      vertex 30.5303 -6.53033 0
    endloop
  endfacet
  facet normal 0 0 -1
    outer loop
      vertex 34.9348 -16.268 0
      vertex 30.4167 -6.6236 0
      vertex 30.4758 -6.57976 0
    endloop
  endfacet
  facet normal 0 0 -1
    outer loop
      vertex 34.9348 -16.268 0
      vertex 30.3535 -6.66144 0
      vertex 30.4167 -6.6236 0
    endloop
  endfacet
  facet normal 0 0 -1
    outer loop
      vertex 33.3165 -16.6733 0
      vertex 30.287 -6.69291 0
      vertex 30.3535 -6.66144 0
    endloop
  endfacet
  facet normal 0 0 -1
    outer loop
      vertex 33.3165 -16.6733 0
      vertex 30.2177 -6.7177 0
      vertex 30.287 -6.69291 0
    endloop
  endfacet
  facet normal 0 0 -1
    outer loop
      vertex 31.6663 -16.9181 0
      vertex 30.1463 -6.73559 0
      vertex 30.2177 -6.7177 0
    endloop
  endfacet
  facet normal 0 0 -1
    outer loop
      vertex 31.6663 -16.9181 0
      vertex 30.0735 -6.74639 0
      vertex 30.1463 -6.73559 0
    endloop
  endfacet
  facet normal 0 0 -1
    outer loop
      vertex 30 -17 0
      vertex 30.0735 -6.74639 0
      vertex 31.6663 -16.9181 0
    endloop
  endfacet
  facet normal 0 0 -1
    outer loop
      vertex 30 -17 0
      vertex 30 -6.75 0
      vertex 30.0735 -6.74639 0
    endloop
  endfacet
  facet normal 0 0 -1
    outer loop
      vertex 30 -17 0
      vertex 29.9265 -6.74639 0
      vertex 30 -6.75 0
    endloop
  endfacet
  facet normal 0 0 -1
    outer loop
      vertex 30 -17 0
      vertex 29.8537 -6.73559 0
      vertex 29.9265 -6.74639 0
    endloop
  endfacet
  facet normal 0 0 -1
    outer loop
      vertex 30 -17 0
      vertex 29.7823 -6.7177 0
      vertex 29.8537 -6.73559 0
    endloop
  endfacet
  facet normal 0 0 -1
    outer loop
      vertex 30 -17 0
      vertex 29.713 -6.69291 0
      vertex 29.7823 -6.7177 0
    endloop
  endfacet
  facet normal 0 0 -1
    outer loop
      vertex 30 -17 0
      vertex 29.6465 -6.66144 0
      vertex 29.713 -6.69291 0
    endloop
  endfacet
  facet normal 0 0 -1
    outer loop
      vertex 24.3535 -6.66144 0
      vertex 29.6465 -6.66144 0
      vertex 30 -17 0
    endloop
  endfacet
  facet normal 0 0 -1
    outer loop
      vertex 29.6465 -6.66144 0
      vertex 24.3535 -6.66144 0
      vertex 29.5833 -6.6236 0
    endloop
  endfacet
  facet normal 0 -0 -1
    outer loop
      vertex 24.4167 -6.6236 0
      vertex 29.5833 -6.6236 0
      vertex 24.3535 -6.66144 0
    endloop
  endfacet
  facet normal 0 0 -1
    outer loop
      vertex 29.5833 -6.6236 0
      vertex 24.4167 -6.6236 0
      vertex 29.5242 -6.57976 0
    endloop
  endfacet
  facet normal 0 -0 -1
    outer loop
      vertex 24.4758 -6.57976 0
      vertex 29.5242 -6.57976 0
      vertex 24.4167 -6.6236 0
    endloop
  endfacet
  facet normal 0 0 -1
    outer loop
      vertex 29.5242 -6.57976 0
      vertex 24.4758 -6.57976 0
      vertex 29.4697 -6.53033 0
    endloop
  endfacet
  facet normal 0 -0 -1
    outer loop
      vertex 24.5303 -6.53033 0
      vertex 29.4697 -6.53033 0
      vertex 24.4758 -6.57976 0
    endloop
  endfacet
  facet normal 0 0 -1
    outer loop
      vertex 29.4697 -6.53033 0
      vertex 24.5303 -6.53033 0
      vertex 29.4202 -6.47579 0
    endloop
  endfacet
  facet normal 0 -0 -1
    outer loop
      vertex 24.5798 -6.47579 0
      vertex 29.4202 -6.47579 0
      vertex 24.5303 -6.53033 0
    endloop
  endfacet
  facet normal 0 -0 -1
    outer loop
      vertex 24.6236 -6.41668 0
      vertex 29.3764 -6.41668 0
      vertex 24.5798 -6.47579 0
    endloop
  endfacet
  facet normal 0 0 -1
    outer loop
      vertex 29.2536 -0.0735121 0
      vertex 24.75 0 0
      vertex 29.25 0 0
    endloop
  endfacet
  facet normal 0 0 -1
    outer loop
      vertex 29.2644 -0.146317 0
      vertex 24.75 0 0
      vertex 29.2536 -0.0735121 0
    endloop
  endfacet
  facet normal 0 0 -1
    outer loop
      vertex 29.2536 -6.07351 0
      vertex 24.75 -6 0
      vertex 29.25 -6 0
    endloop
  endfacet
  facet normal 0 0 -1
    outer loop
      vertex 29.3764 -6.41668 0
      vertex 24.6236 -6.41668 0
      vertex 29.3386 -6.35355 0
    endloop
  endfacet
  facet normal 0 0 -1
    outer loop
      vertex 29.2536 -6.07351 0
      vertex 24.7464 -6.07351 0
      vertex 24.75 -6 0
    endloop
  endfacet
  facet normal -0 0 -1
    outer loop
      vertex 29.2536 -6.07351 0
      vertex 24.7356 -6.14632 0
      vertex 24.7464 -6.07351 0
    endloop
  endfacet
  facet normal 0 0 -1
    outer loop
      vertex 29.2644 -6.14632 0
      vertex 24.7356 -6.14632 0
      vertex 29.2536 -6.07351 0
    endloop
  endfacet
  facet normal 0 -0 -1
    outer loop
      vertex 24.7356 -6.14632 0
      vertex 29.2644 -6.14632 0
      vertex 24.7177 -6.21771 0
    endloop
  endfacet
  facet normal 0 0 -1
    outer loop
      vertex 29.2823 -6.21771 0
      vertex 24.7177 -6.21771 0
      vertex 29.2644 -6.14632 0
    endloop
  endfacet
  facet normal 0 -0 -1
    outer loop
      vertex 24.7177 -6.21771 0
      vertex 29.2823 -6.21771 0
      vertex 24.6929 -6.28701 0
    endloop
  endfacet
  facet normal 0 0 -1
    outer loop
      vertex 29.3071 -6.28701 0
      vertex 24.6929 -6.28701 0
      vertex 29.2823 -6.21771 0
    endloop
  endfacet
  facet normal 0 -0 -1
    outer loop
      vertex 24.6929 -6.28701 0
      vertex 29.3071 -6.28701 0
      vertex 24.6614 -6.35355 0
    endloop
  endfacet
  facet normal 0 0 -1
    outer loop
      vertex 29.3386 -6.35355 0
      vertex 24.6614 -6.35355 0
      vertex 29.3071 -6.28701 0
    endloop
  endfacet
  facet normal 0 -0 -1
    outer loop
      vertex 24.6614 -6.35355 0
      vertex 29.3386 -6.35355 0
      vertex 24.6236 -6.41668 0
    endloop
  endfacet
  facet normal 0 0 -1
    outer loop
      vertex 29.4202 -6.47579 0
      vertex 24.5798 -6.47579 0
      vertex 29.3764 -6.41668 0
    endloop
  endfacet
  facet normal 0 0 -1
    outer loop
      vertex 30 -17 0
      vertex 24.287 -6.69291 0
      vertex 24.3535 -6.66144 0
    endloop
  endfacet
  facet normal 0 0 -1
    outer loop
      vertex 30 -17 0
      vertex 24.2177 -6.7177 0
      vertex 24.287 -6.69291 0
    endloop
  endfacet
  facet normal 0 0 -1
    outer loop
      vertex 30 -17 0
      vertex 24.1463 -6.73559 0
      vertex 24.2177 -6.7177 0
    endloop
  endfacet
  facet normal 0 0 -1
    outer loop
      vertex 30 -17 0
      vertex 24.0735 -6.74639 0
      vertex 24.1463 -6.73559 0
    endloop
  endfacet
  facet normal 0 0 -1
    outer loop
      vertex 30 -17 0
      vertex 24 -6.75 0
      vertex 24.0735 -6.74639 0
    endloop
  endfacet
  facet normal 0 0 -1
    outer loop
      vertex 30 -17 0
      vertex 23.9265 -6.74639 0
      vertex 24 -6.75 0
    endloop
  endfacet
  facet normal 0 0 -1
    outer loop
      vertex 30 -17 0
      vertex 23.8537 -6.73559 0
      vertex 23.9265 -6.74639 0
    endloop
  endfacet
  facet normal 0 0 -1
    outer loop
      vertex 30 -17 0
      vertex 23.7823 -6.7177 0
      vertex 23.8537 -6.73559 0
    endloop
  endfacet
  facet normal 0 0 -1
    outer loop
      vertex 18.2177 -6.7177 0
      vertex 23.7823 -6.7177 0
      vertex 30 -17 0
    endloop
  endfacet
  facet normal 0 0 -1
    outer loop
      vertex 23.7823 -6.7177 0
      vertex 18.2177 -6.7177 0
      vertex 23.713 -6.69291 0
    endloop
  endfacet
  facet normal 0 -0 -1
    outer loop
      vertex 18.287 -6.69291 0
      vertex 23.713 -6.69291 0
      vertex 18.2177 -6.7177 0
    endloop
  endfacet
  facet normal 0 0 -1
    outer loop
      vertex 23.713 -6.69291 0
      vertex 18.287 -6.69291 0
      vertex 23.6465 -6.66144 0
    endloop
  endfacet
  facet normal 0 -0 -1
    outer loop
      vertex 18.3535 -6.66144 0
      vertex 23.6465 -6.66144 0
      vertex 18.287 -6.69291 0
    endloop
  endfacet
  facet normal 0 0 -1
    outer loop
      vertex 23.6465 -6.66144 0
      vertex 18.3535 -6.66144 0
      vertex 23.5833 -6.6236 0
    endloop
  endfacet
  facet normal 0 0 -1
    outer loop
      vertex 23.5833 -6.6236 0
      vertex 18.4167 -6.6236 0
      vertex 23.5242 -6.57976 0
    endloop
  endfacet
  facet normal 0 0 -1
    outer loop
      vertex 23.2536 -0.0735121 0
      vertex 18.75 0 0
      vertex 23.25 0 0
    endloop
  endfacet
  facet normal 0 0 -1
    outer loop
      vertex 23.2644 -0.146317 0
      vertex 18.75 0 0
      vertex 23.2536 -0.0735121 0
    endloop
  endfacet
  facet normal 0 0 -1
    outer loop
      vertex 23.2536 -6.07351 0
      vertex 18.75 -6 0
      vertex 23.25 -6 0
    endloop
  endfacet
  facet normal 0 0 -1
    outer loop
      vertex 18.7464 -6.07351 0
      vertex 23.2536 -6.07351 0
      vertex 23.2644 -6.14632 0
    endloop
  endfacet
  facet normal 0 0 -1
    outer loop
      vertex 18.7356 -6.14632 0
      vertex 23.2644 -6.14632 0
      vertex 23.2823 -6.21771 0
    endloop
  endfacet
  facet normal 0 0 -1
    outer loop
      vertex 18.7177 -6.21771 0
      vertex 23.2823 -6.21771 0
      vertex 23.3071 -6.28701 0
    endloop
  endfacet
  facet normal 0 0 -1
    outer loop
      vertex 18.6929 -6.28701 0
      vertex 23.3071 -6.28701 0
      vertex 23.3386 -6.35355 0
    endloop
  endfacet
  facet normal 0 0 -1
    outer loop
      vertex 18.6614 -6.35355 0
      vertex 23.3386 -6.35355 0
      vertex 23.3764 -6.41668 0
    endloop
  endfacet
  facet normal 0 -0 -1
    outer loop
      vertex 18.4758 -6.57976 0
      vertex 23.5242 -6.57976 0
      vertex 18.4167 -6.6236 0
    endloop
  endfacet
  facet normal 0 0 -1
    outer loop
      vertex 23.2536 -6.07351 0
      vertex 18.7464 -6.07351 0
      vertex 18.75 -6 0
    endloop
  endfacet
  facet normal 0 0 -1
    outer loop
      vertex 23.2644 -6.14632 0
      vertex 18.7356 -6.14632 0
      vertex 18.7464 -6.07351 0
    endloop
  endfacet
  facet normal 0 0 -1
    outer loop
      vertex 23.2823 -6.21771 0
      vertex 18.7177 -6.21771 0
      vertex 18.7356 -6.14632 0
    endloop
  endfacet
  facet normal 0 0 -1
    outer loop
      vertex 23.3071 -6.28701 0
      vertex 18.6929 -6.28701 0
      vertex 18.7177 -6.21771 0
    endloop
  endfacet
  facet normal 0 0 -1
    outer loop
      vertex 23.3386 -6.35355 0
      vertex 18.6614 -6.35355 0
      vertex 18.6929 -6.28701 0
    endloop
  endfacet
  facet normal 0 0 -1
    outer loop
      vertex 23.3764 -6.41668 0
      vertex 18.6236 -6.41668 0
      vertex 18.6614 -6.35355 0
    endloop
  endfacet
  facet normal -0 0 -1
    outer loop
      vertex 23.3764 -6.41668 0
      vertex 18.5798 -6.47579 0
      vertex 18.6236 -6.41668 0
    endloop
  endfacet
  facet normal 0 0 -1
    outer loop
      vertex 23.4202 -6.47579 0
      vertex 18.5798 -6.47579 0
      vertex 23.3764 -6.41668 0
    endloop
  endfacet
  facet normal 0 -0 -1
    outer loop
      vertex 18.5798 -6.47579 0
      vertex 23.4202 -6.47579 0
      vertex 18.5303 -6.53033 0
    endloop
  endfacet
  facet normal 0 0 -1
    outer loop
      vertex 23.4697 -6.53033 0
      vertex 18.5303 -6.53033 0
      vertex 23.4202 -6.47579 0
    endloop
  endfacet
  facet normal 0 -0 -1
    outer loop
      vertex 18.5303 -6.53033 0
      vertex 23.4697 -6.53033 0
      vertex 18.4758 -6.57976 0
    endloop
  endfacet
  facet normal 0 0 -1
    outer loop
      vertex 23.5242 -6.57976 0
      vertex 18.4758 -6.57976 0
      vertex 23.4697 -6.53033 0
    endloop
  endfacet
  facet normal 0 -0 -1
    outer loop
      vertex 18.4167 -6.6236 0
      vertex 23.5833 -6.6236 0
      vertex 18.3535 -6.66144 0
    endloop
  endfacet
  facet normal 0 0 -1
    outer loop
      vertex 30 -17 0
      vertex 18.1463 -6.73559 0
      vertex 18.2177 -6.7177 0
    endloop
  endfacet
  facet normal 0 0 -1
    outer loop
      vertex 10 -17 0
      vertex 18.1463 -6.73559 0
      vertex 30 -17 0
    endloop
  endfacet
  facet normal 0 0 -1
    outer loop
      vertex 18.1463 -6.73559 0
      vertex 10 -17 0
      vertex 18.0735 -6.74639 0
    endloop
  endfacet
  facet normal 0 0 -1
    outer loop
      vertex 18.0735 -6.74639 0
      vertex 10 -17 0
      vertex 18 -6.75 0
    endloop
  endfacet
  facet normal -0 0 -1
    outer loop
      vertex 18 -6.75 0
      vertex 10 -17 0
      vertex 17.9265 -6.74639 0
    endloop
  endfacet
  facet normal -0 0 -1
    outer loop
      vertex 17.9265 -6.74639 0
      vertex 10 -17 0
      vertex 17.8537 -6.73559 0
    endloop
  endfacet
  facet normal -0 0 -1
    outer loop
      vertex 17.8537 -6.73559 0
      vertex 10 -17 0
      vertex 17.7823 -6.7177 0
    endloop
  endfacet
  facet normal -0 0 -1
    outer loop
      vertex 17.7823 -6.7177 0
      vertex 10 -17 0
      vertex 17.713 -6.69291 0
    endloop
  endfacet
  facet normal 0 -0 -1
    outer loop
      vertex 12.287 -6.69291 0
      vertex 17.713 -6.69291 0
      vertex 10 -17 0
    endloop
  endfacet
  facet normal 0 0 -1
    outer loop
      vertex 17.713 -6.69291 0
      vertex 12.287 -6.69291 0
      vertex 17.6465 -6.66144 0
    endloop
  endfacet
  facet normal 0 0 -1
    outer loop
      vertex 17.2536 -0.0735121 0
      vertex 12.75 0 0
      vertex 17.25 0 0
    endloop
  endfacet
  facet normal 0 0 -1
    outer loop
      vertex 17.2644 -0.146317 0
      vertex 12.75 0 0
      vertex 17.2536 -0.0735121 0
    endloop
  endfacet
  facet normal 0 0 -1
    outer loop
      vertex 17.2536 -6.07351 0
      vertex 12.75 -6 0
      vertex 17.25 -6 0
    endloop
  endfacet
  facet normal 0 0 -1
    outer loop
      vertex 12.7464 -6.07351 0
      vertex 17.2536 -6.07351 0
      vertex 17.2644 -6.14632 0
    endloop
  endfacet
  facet normal 0 0 -1
    outer loop
      vertex 12.7356 -6.14632 0
      vertex 17.2644 -6.14632 0
      vertex 17.2823 -6.21771 0
    endloop
  endfacet
  facet normal 0 0 -1
    outer loop
      vertex 12.7177 -6.21771 0
      vertex 17.2823 -6.21771 0
      vertex 17.3071 -6.28701 0
    endloop
  endfacet
  facet normal 0 0 -1
    outer loop
      vertex 12.6929 -6.28701 0
      vertex 17.3071 -6.28701 0
      vertex 17.3386 -6.35355 0
    endloop
  endfacet
  facet normal 0 0 -1
    outer loop
      vertex 12.6614 -6.35355 0
      vertex 17.3386 -6.35355 0
      vertex 17.3764 -6.41668 0
    endloop
  endfacet
  facet normal 0 0 -1
    outer loop
      vertex 12.6236 -6.41668 0
      vertex 17.3764 -6.41668 0
      vertex 17.4202 -6.47579 0
    endloop
  endfacet
  facet normal 0 0 -1
    outer loop
      vertex 12.5798 -6.47579 0
      vertex 17.4202 -6.47579 0
      vertex 17.4697 -6.53033 0
    endloop
  endfacet
  facet normal 0 0 -1
    outer loop
      vertex 12.5303 -6.53033 0
      vertex 17.4697 -6.53033 0
      vertex 17.5242 -6.57976 0
    endloop
  endfacet
  facet normal 0 -0 -1
    outer loop
      vertex 12.3535 -6.66144 0
      vertex 17.6465 -6.66144 0
      vertex 12.287 -6.69291 0
    endloop
  endfacet
  facet normal 0 0 -1
    outer loop
      vertex 17.2536 -6.07351 0
      vertex 12.7464 -6.07351 0
      vertex 12.75 -6 0
    endloop
  endfacet
  facet normal 0 0 -1
    outer loop
      vertex 17.2644 -6.14632 0
      vertex 12.7356 -6.14632 0
      vertex 12.7464 -6.07351 0
    endloop
  endfacet
  facet normal 0 0 -1
    outer loop
      vertex 17.2823 -6.21771 0
      vertex 12.7177 -6.21771 0
      vertex 12.7356 -6.14632 0
    endloop
  endfacet
  facet normal 0 0 -1
    outer loop
      vertex 17.3071 -6.28701 0
      vertex 12.6929 -6.28701 0
      vertex 12.7177 -6.21771 0
    endloop
  endfacet
  facet normal 0 0 -1
    outer loop
      vertex 17.3386 -6.35355 0
      vertex 12.6614 -6.35355 0
      vertex 12.6929 -6.28701 0
    endloop
  endfacet
  facet normal 0 0 -1
    outer loop
      vertex 17.3764 -6.41668 0
      vertex 12.6236 -6.41668 0
      vertex 12.6614 -6.35355 0
    endloop
  endfacet
  facet normal 0 0 -1
    outer loop
      vertex 17.4202 -6.47579 0
      vertex 12.5798 -6.47579 0
      vertex 12.6236 -6.41668 0
    endloop
  endfacet
  facet normal 0 0 -1
    outer loop
      vertex 17.4697 -6.53033 0
      vertex 12.5303 -6.53033 0
      vertex 12.5798 -6.47579 0
    endloop
  endfacet
  facet normal 0 0 -1
    outer loop
      vertex 17.6465 -6.66144 0
      vertex 12.3535 -6.66144 0
      vertex 17.5833 -6.6236 0
    endloop
  endfacet
  facet normal 0 0 -1
    outer loop
      vertex 17.5242 -6.57976 0
      vertex 12.4758 -6.57976 0
      vertex 12.5303 -6.53033 0
    endloop
  endfacet
  facet normal -0 0 -1
    outer loop
      vertex 17.5242 -6.57976 0
      vertex 12.4167 -6.6236 0
      vertex 12.4758 -6.57976 0
    endloop
  endfacet
  facet normal 0 0 -1
    outer loop
      vertex 17.5833 -6.6236 0
      vertex 12.4167 -6.6236 0
      vertex 17.5242 -6.57976 0
    endloop
  endfacet
  facet normal 0 -0 -1
    outer loop
      vertex 12.4167 -6.6236 0
      vertex 17.5833 -6.6236 0
      vertex 12.3535 -6.66144 0
    endloop
  endfacet
  facet normal 0 0 -1
    outer loop
      vertex 12.287 -6.69291 0
      vertex 10 -17 0
      vertex 12.2177 -6.7177 0
    endloop
  endfacet
  facet normal 0 0 -1
    outer loop
      vertex 12.2177 -6.7177 0
      vertex 10 -17 0
      vertex 12.1463 -6.73559 0
    endloop
  endfacet
  facet normal 0 0 -1
    outer loop
      vertex 12.1463 -6.73559 0
      vertex 10 -17 0
      vertex 12.0735 -6.74639 0
    endloop
  endfacet
  facet normal 0 0 -1
    outer loop
      vertex 12.0735 -6.74639 0
      vertex 10 -17 0
      vertex 12 -6.75 0
    endloop
  endfacet
  facet normal -0 0 -1
    outer loop
      vertex 12 -6.75 0
      vertex 10 -17 0
      vertex 11.9265 -6.74639 0
    endloop
  endfacet
  facet normal -0 0 -1
    outer loop
      vertex 11.9265 -6.74639 0
      vertex 10 -17 0
      vertex 11.8537 -6.73559 0
    endloop
  endfacet
  facet normal -0 0 -1
    outer loop
      vertex 11.8537 -6.73559 0
      vertex 10 -17 0
      vertex 11.7823 -6.7177 0
    endloop
  endfacet
  facet normal -0 0 -1
    outer loop
      vertex 11.7823 -6.7177 0
      vertex 10 -17 0
      vertex 11.713 -6.69291 0
    endloop
  endfacet
  facet normal 0 0 -1
    outer loop
      vertex 11.2644 -0.146317 0
      vertex 6.75 0 0
      vertex 11.2536 -0.0735121 0
    endloop
  endfacet
  facet normal 0 -0 -1
    outer loop
      vertex 6.66144 -6.35355 0
      vertex 11.3386 -6.35355 0
      vertex 6.6236 -6.41668 0
    endloop
  endfacet
  facet normal 0 0 -1
    outer loop
      vertex 11.3764 -6.41668 0
      vertex 6.6236 -6.41668 0
      vertex 11.3386 -6.35355 0
    endloop
  endfacet
  facet normal 0 -0 -1
    outer loop
      vertex 6.6236 -6.41668 0
      vertex 11.3764 -6.41668 0
      vertex 6.57976 -6.47579 0
    endloop
  endfacet
  facet normal 0 0 -1
    outer loop
      vertex 11.4202 -6.47579 0
      vertex 6.57976 -6.47579 0
      vertex 11.3764 -6.41668 0
    endloop
  endfacet
  facet normal 0 -0 -1
    outer loop
      vertex 6.57976 -6.47579 0
      vertex 11.4202 -6.47579 0
      vertex 6.53033 -6.53033 0
    endloop
  endfacet
  facet normal 0 0 -1
    outer loop
      vertex 11.4697 -6.53033 0
      vertex 6.53033 -6.53033 0
      vertex 11.4202 -6.47579 0
    endloop
  endfacet
  facet normal 0 -0 -1
    outer loop
      vertex 6.53033 -6.53033 0
      vertex 11.4697 -6.53033 0
      vertex 6.47579 -6.57976 0
    endloop
  endfacet
  facet normal 0 0 -1
    outer loop
      vertex 11.5242 -6.57976 0
      vertex 6.47579 -6.57976 0
      vertex 11.4697 -6.53033 0
    endloop
  endfacet
  facet normal 0 -0 -1
    outer loop
      vertex 6.47579 -6.57976 0
      vertex 11.5242 -6.57976 0
      vertex 6.41668 -6.6236 0
    endloop
  endfacet
  facet normal 0 0 -1
    outer loop
      vertex 11.5833 -6.6236 0
      vertex 6.41668 -6.6236 0
      vertex 11.5242 -6.57976 0
    endloop
  endfacet
  facet normal 0 0 -1
    outer loop
      vertex 11.6465 -6.66144 0
      vertex 6.41668 -6.6236 0
      vertex 11.5833 -6.6236 0
    endloop
  endfacet
  facet normal 0 0 -1
    outer loop
      vertex 6.41668 -6.6236 0
      vertex 11.6465 -6.66144 0
      vertex 10 -17 0
    endloop
  endfacet
  facet normal -0 0 -1
    outer loop
      vertex 11.713 -6.69291 0
      vertex 10 -17 0
      vertex 11.6465 -6.66144 0
    endloop
  endfacet
  facet normal -0 0 -1
    outer loop
      vertex 40.7847 13.1412 0
      vertex 30.6929 6.28701 0
      vertex 39.4447 14.135 0
    endloop
  endfacet
  facet normal 0 0 -1
    outer loop
      vertex 30.6614 6.35355 0
      vertex 39.4447 14.135 0
      vertex 30.6929 6.28701 0
    endloop
  endfacet
  facet normal 0 0 -1
    outer loop
      vertex 30.6236 6.41668 0
      vertex 39.4447 14.135 0
      vertex 30.6614 6.35355 0
    endloop
  endfacet
  facet normal -0 0 -1
    outer loop
      vertex 39.4447 14.135 0
      vertex 30.6236 6.41668 0
      vertex 38.0137 14.9927 0
    endloop
  endfacet
  facet normal 0 0 -1
    outer loop
      vertex 30.5798 6.47579 0
      vertex 38.0137 14.9927 0
      vertex 30.6236 6.41668 0
    endloop
  endfacet
  facet normal -0 0 -1
    outer loop
      vertex 38.0137 14.9927 0
      vertex 30.5798 6.47579 0
      vertex 36.5056 15.706 0
    endloop
  endfacet
  facet normal 0 0 -1
    outer loop
      vertex 30.5303 6.53033 0
      vertex 36.5056 15.706 0
      vertex 30.5798 6.47579 0
    endloop
  endfacet
  facet normal 0 0 -1
    outer loop
      vertex 30.4758 6.57976 0
      vertex 36.5056 15.706 0
      vertex 30.5303 6.53033 0
    endloop
  endfacet
  facet normal -0 0 -1
    outer loop
      vertex 36.5056 15.706 0
      vertex 30.4758 6.57976 0
      vertex 34.9348 16.268 0
    endloop
  endfacet
  facet normal 0 0 -1
    outer loop
      vertex 30.4167 6.6236 0
      vertex 34.9348 16.268 0
      vertex 30.4758 6.57976 0
    endloop
  endfacet
  facet normal 0 0 -1
    outer loop
      vertex 30.3535 6.66144 0
      vertex 34.9348 16.268 0
      vertex 30.4167 6.6236 0
    endloop
  endfacet
  facet normal -0 0 -1
    outer loop
      vertex 34.9348 16.268 0
      vertex 30.3535 6.66144 0
      vertex 33.3165 16.6733 0
    endloop
  endfacet
  facet normal 0 0 -1
    outer loop
      vertex 30.287 6.69291 0
      vertex 33.3165 16.6733 0
      vertex 30.3535 6.66144 0
    endloop
  endfacet
  facet normal 0 0 -1
    outer loop
      vertex 30.2177 6.7177 0
      vertex 33.3165 16.6733 0
      vertex 30.287 6.69291 0
    endloop
  endfacet
  facet normal -0 0 -1
    outer loop
      vertex 33.3165 16.6733 0
      vertex 30.2177 6.7177 0
      vertex 31.6663 16.9181 0
    endloop
  endfacet
  facet normal 0 0 -1
    outer loop
      vertex 30.1463 6.73559 0
      vertex 31.6663 16.9181 0
      vertex 30.2177 6.7177 0
    endloop
  endfacet
  facet normal 0 0 -1
    outer loop
      vertex 30.0735 6.74639 0
      vertex 31.6663 16.9181 0
      vertex 30.1463 6.73559 0
    endloop
  endfacet
  facet normal 0 0 -1
    outer loop
      vertex 30 17 0
      vertex 30.0735 6.74639 0
      vertex 30 6.75 0
    endloop
  endfacet
  facet normal 0 0 -1
    outer loop
      vertex 30.0735 6.74639 0
      vertex 30 17 0
      vertex 31.6663 16.9181 0
    endloop
  endfacet
  facet normal 0 0 -1
    outer loop
      vertex 29.9265 6.74639 0
      vertex 30 17 0
      vertex 30 6.75 0
    endloop
  endfacet
  facet normal 0 0 -1
    outer loop
      vertex 29.8537 6.73559 0
      vertex 30 17 0
      vertex 29.9265 6.74639 0
    endloop
  endfacet
  facet normal 0 0 -1
    outer loop
      vertex 29.7823 6.7177 0
      vertex 30 17 0
      vertex 29.8537 6.73559 0
    endloop
  endfacet
  facet normal 0 0 -1
    outer loop
      vertex 29.713 6.69291 0
      vertex 30 17 0
      vertex 29.7823 6.7177 0
    endloop
  endfacet
  facet normal 0 0 -1
    outer loop
      vertex 29.6465 6.66144 0
      vertex 30 17 0
      vertex 29.713 6.69291 0
    endloop
  endfacet
  facet normal 0 0 -1
    outer loop
      vertex 24.3535 6.66144 0
      vertex 29.6465 6.66144 0
      vertex 29.5833 6.6236 0
    endloop
  endfacet
  facet normal 0 0 -1
    outer loop
      vertex 24.4167 6.6236 0
      vertex 29.5833 6.6236 0
      vertex 29.5242 6.57976 0
    endloop
  endfacet
  facet normal 0 0 -1
    outer loop
      vertex 24.4758 6.57976 0
      vertex 29.5242 6.57976 0
      vertex 29.4697 6.53033 0
    endloop
  endfacet
  facet normal 0 0 -1
    outer loop
      vertex 24.5303 6.53033 0
      vertex 29.4697 6.53033 0
      vertex 29.4202 6.47579 0
    endloop
  endfacet
  facet normal 0 0 -1
    outer loop
      vertex 24.5798 6.47579 0
      vertex 29.4202 6.47579 0
      vertex 29.3764 6.41668 0
    endloop
  endfacet
  facet normal 0 0 -1
    outer loop
      vertex 24.6236 6.41668 0
      vertex 29.3764 6.41668 0
      vertex 29.3386 6.35355 0
    endloop
  endfacet
  facet normal 0 0 -1
    outer loop
      vertex 24.6614 6.35355 0
      vertex 29.3386 6.35355 0
      vertex 29.3071 6.28701 0
    endloop
  endfacet
  facet normal 0 0 -1
    outer loop
      vertex 24.6929 6.28701 0
      vertex 29.3071 6.28701 0
      vertex 29.2823 6.21771 0
    endloop
  endfacet
  facet normal 0 0 -1
    outer loop
      vertex 24.7177 6.21771 0
      vertex 29.2823 6.21771 0
      vertex 29.2644 6.14632 0
    endloop
  endfacet
  facet normal 0 0 -1
    outer loop
      vertex 24.7356 6.14632 0
      vertex 29.2644 6.14632 0
      vertex 29.2536 6.07351 0
    endloop
  endfacet
  facet normal 0 0 -1
    outer loop
      vertex 29.2644 5.85368 0
      vertex 24.75 6 0
      vertex 29.2536 5.92649 0
    endloop
  endfacet
  facet normal 0 0 -1
    outer loop
      vertex 29.2536 5.92649 0
      vertex 24.75 6 0
      vertex 29.25 6 0
    endloop
  endfacet
  facet normal 0 0 -1
    outer loop
      vertex 29.25 6 0
      vertex 24.75 6 0
      vertex 29.2536 6.07351 0
    endloop
  endfacet
  facet normal 0 0 -1
    outer loop
      vertex 24.7464 6.07351 0
      vertex 29.2536 6.07351 0
      vertex 24.75 6 0
    endloop
  endfacet
  facet normal 0 0 -1
    outer loop
      vertex 24.7356 6.14632 0
      vertex 29.2536 6.07351 0
      vertex 24.7464 6.07351 0
    endloop
  endfacet
  facet normal 0 0 -1
    outer loop
      vertex 29.2644 6.14632 0
      vertex 24.7356 6.14632 0
      vertex 24.7177 6.21771 0
    endloop
  endfacet
  facet normal 0 0 -1
    outer loop
      vertex 29.2823 6.21771 0
      vertex 24.7177 6.21771 0
      vertex 24.6929 6.28701 0
    endloop
  endfacet
  facet normal 0 0 -1
    outer loop
      vertex 29.3071 6.28701 0
      vertex 24.6929 6.28701 0
      vertex 24.6614 6.35355 0
    endloop
  endfacet
  facet normal 0 0 -1
    outer loop
      vertex 29.3386 6.35355 0
      vertex 24.6614 6.35355 0
      vertex 24.6236 6.41668 0
    endloop
  endfacet
  facet normal 0 0 -1
    outer loop
      vertex 29.3764 6.41668 0
      vertex 24.6236 6.41668 0
      vertex 24.5798 6.47579 0
    endloop
  endfacet
  facet normal 0 0 -1
    outer loop
      vertex 29.4202 6.47579 0
      vertex 24.5798 6.47579 0
      vertex 24.5303 6.53033 0
    endloop
  endfacet
  facet normal 0 0 -1
    outer loop
      vertex 29.4697 6.53033 0
      vertex 24.5303 6.53033 0
      vertex 24.4758 6.57976 0
    endloop
  endfacet
  facet normal 0 0 -1
    outer loop
      vertex 29.5242 6.57976 0
      vertex 24.4758 6.57976 0
      vertex 24.4167 6.6236 0
    endloop
  endfacet
  facet normal 0 0 -1
    outer loop
      vertex 29.5833 6.6236 0
      vertex 24.4167 6.6236 0
      vertex 24.3535 6.66144 0
    endloop
  endfacet
  facet normal 0 0 -1
    outer loop
      vertex 29.6465 6.66144 0
      vertex 24.3535 6.66144 0
      vertex 30 17 0
    endloop
  endfacet
  facet normal 0 0 -1
    outer loop
      vertex 24.287 6.69291 0
      vertex 30 17 0
      vertex 24.3535 6.66144 0
    endloop
  endfacet
  facet normal 0 0 -1
    outer loop
      vertex 24.2177 6.7177 0
      vertex 30 17 0
      vertex 24.287 6.69291 0
    endloop
  endfacet
  facet normal 0 0 -1
    outer loop
      vertex 24.1463 6.73559 0
      vertex 30 17 0
      vertex 24.2177 6.7177 0
    endloop
  endfacet
  facet normal 0 0 -1
    outer loop
      vertex 24.0735 6.74639 0
      vertex 30 17 0
      vertex 24.1463 6.73559 0
    endloop
  endfacet
  facet normal 0 0 -1
    outer loop
      vertex 24 6.75 0
      vertex 30 17 0
      vertex 24.0735 6.74639 0
    endloop
  endfacet
  facet normal 0 0 -1
    outer loop
      vertex 23.9265 6.74639 0
      vertex 30 17 0
      vertex 24 6.75 0
    endloop
  endfacet
  facet normal 0 0 -1
    outer loop
      vertex 23.8537 6.73559 0
      vertex 30 17 0
      vertex 23.9265 6.74639 0
    endloop
  endfacet
  facet normal 0 0 -1
    outer loop
      vertex 23.7823 6.7177 0
      vertex 30 17 0
      vertex 23.8537 6.73559 0
    endloop
  endfacet
  facet normal 0 0 -1
    outer loop
      vertex 18.2177 6.7177 0
      vertex 23.7823 6.7177 0
      vertex 23.713 6.69291 0
    endloop
  endfacet
  facet normal 0 0 -1
    outer loop
      vertex 18.287 6.69291 0
      vertex 23.713 6.69291 0
      vertex 23.6465 6.66144 0
    endloop
  endfacet
  facet normal 0 0 -1
    outer loop
      vertex 18.3535 6.66144 0
      vertex 23.6465 6.66144 0
      vertex 23.5833 6.6236 0
    endloop
  endfacet
  facet normal 0 0 -1
    outer loop
      vertex 18.4167 6.6236 0
      vertex 23.5833 6.6236 0
      vertex 23.5242 6.57976 0
    endloop
  endfacet
  facet normal 0 0 -1
    outer loop
      vertex 18.4758 6.57976 0
      vertex 23.5242 6.57976 0
      vertex 23.4697 6.53033 0
    endloop
  endfacet
  facet normal 0 0 -1
    outer loop
      vertex 18.5303 6.53033 0
      vertex 23.4697 6.53033 0
      vertex 23.4202 6.47579 0
    endloop
  endfacet
  facet normal 0 0 -1
    outer loop
      vertex 18.5798 6.47579 0
      vertex 23.4202 6.47579 0
      vertex 23.3764 6.41668 0
    endloop
  endfacet
  facet normal 0 0 -1
    outer loop
      vertex 23.2644 5.85368 0
      vertex 18.75 6 0
      vertex 23.2536 5.92649 0
    endloop
  endfacet
  facet normal 0 0 -1
    outer loop
      vertex 23.2536 5.92649 0
      vertex 18.75 6 0
      vertex 23.25 6 0
    endloop
  endfacet
  facet normal 0 0 -1
    outer loop
      vertex 23.25 6 0
      vertex 18.75 6 0
      vertex 23.2536 6.07351 0
    endloop
  endfacet
  facet normal 0 0 -1
    outer loop
      vertex 18.7464 6.07351 0
      vertex 23.2536 6.07351 0
      vertex 18.75 6 0
    endloop
  endfacet
  facet normal 0 0 -1
    outer loop
      vertex 23.2536 6.07351 0
      vertex 18.7464 6.07351 0
      vertex 23.2644 6.14632 0
    endloop
  endfacet
  facet normal 0 0 -1
    outer loop
      vertex 18.7356 6.14632 0
      vertex 23.2644 6.14632 0
      vertex 18.7464 6.07351 0
    endloop
  endfacet
  facet normal 0 0 -1
    outer loop
      vertex 23.2644 6.14632 0
      vertex 18.7356 6.14632 0
      vertex 23.2823 6.21771 0
    endloop
  endfacet
  facet normal 0 0 -1
    outer loop
      vertex 18.7177 6.21771 0
      vertex 23.2823 6.21771 0
      vertex 18.7356 6.14632 0
    endloop
  endfacet
  facet normal 0 0 -1
    outer loop
      vertex 23.2823 6.21771 0
      vertex 18.7177 6.21771 0
      vertex 23.3071 6.28701 0
    endloop
  endfacet
  facet normal 0 0 -1
    outer loop
      vertex 18.6929 6.28701 0
      vertex 23.3071 6.28701 0
      vertex 18.7177 6.21771 0
    endloop
  endfacet
  facet normal 0 0 -1
    outer loop
      vertex 23.3071 6.28701 0
      vertex 18.6929 6.28701 0
      vertex 23.3386 6.35355 0
    endloop
  endfacet
  facet normal 0 0 -1
    outer loop
      vertex 18.6614 6.35355 0
      vertex 23.3386 6.35355 0
      vertex 18.6929 6.28701 0
    endloop
  endfacet
  facet normal 0 0 -1
    outer loop
      vertex 23.3386 6.35355 0
      vertex 18.6614 6.35355 0
      vertex 23.3764 6.41668 0
    endloop
  endfacet
  facet normal 0 0 -1
    outer loop
      vertex 18.6236 6.41668 0
      vertex 23.3764 6.41668 0
      vertex 18.6614 6.35355 0
    endloop
  endfacet
  facet normal 0 0 -1
    outer loop
      vertex 18.5798 6.47579 0
      vertex 23.3764 6.41668 0
      vertex 18.6236 6.41668 0
    endloop
  endfacet
  facet normal 0 0 -1
    outer loop
      vertex 23.4202 6.47579 0
      vertex 18.5798 6.47579 0
      vertex 18.5303 6.53033 0
    endloop
  endfacet
  facet normal 0 0 -1
    outer loop
      vertex 23.4697 6.53033 0
      vertex 18.5303 6.53033 0
      vertex 18.4758 6.57976 0
    endloop
  endfacet
  facet normal 0 0 -1
    outer loop
      vertex 23.5242 6.57976 0
      vertex 18.4758 6.57976 0
      vertex 18.4167 6.6236 0
    endloop
  endfacet
  facet normal 0 0 -1
    outer loop
      vertex 23.5833 6.6236 0
      vertex 18.4167 6.6236 0
      vertex 18.3535 6.66144 0
    endloop
  endfacet
  facet normal 0 0 -1
    outer loop
      vertex 23.6465 6.66144 0
      vertex 18.3535 6.66144 0
      vertex 18.287 6.69291 0
    endloop
  endfacet
  facet normal 0 0 -1
    outer loop
      vertex 23.713 6.69291 0
      vertex 18.287 6.69291 0
      vertex 18.2177 6.7177 0
    endloop
  endfacet
  facet normal 0 0 -1
    outer loop
      vertex 23.7823 6.7177 0
      vertex 18.2177 6.7177 0
      vertex 30 17 0
    endloop
  endfacet
  facet normal 0 0 -1
    outer loop
      vertex 18.1463 6.73559 0
      vertex 30 17 0
      vertex 18.2177 6.7177 0
    endloop
  endfacet
  facet normal 0 0 -1
    outer loop
      vertex 10 17 0
      vertex 18.1463 6.73559 0
      vertex 18.0735 6.74639 0
    endloop
  endfacet
  facet normal 0 0 -1
    outer loop
      vertex 10 17 0
      vertex 18.0735 6.74639 0
      vertex 18 6.75 0
    endloop
  endfacet
  facet normal 0 0 -1
    outer loop
      vertex 10 17 0
      vertex 18 6.75 0
      vertex 17.9265 6.74639 0
    endloop
  endfacet
  facet normal 0 0 -1
    outer loop
      vertex 10 17 0
      vertex 17.9265 6.74639 0
      vertex 17.8537 6.73559 0
    endloop
  endfacet
  facet normal 0 0 -1
    outer loop
      vertex 10 17 0
      vertex 17.8537 6.73559 0
      vertex 17.7823 6.7177 0
    endloop
  endfacet
  facet normal 0 0 -1
    outer loop
      vertex 10 17 0
      vertex 17.7823 6.7177 0
      vertex 17.713 6.69291 0
    endloop
  endfacet
  facet normal 0 0 -1
    outer loop
      vertex 12.287 6.69291 0
      vertex 17.713 6.69291 0
      vertex 17.6465 6.66144 0
    endloop
  endfacet
  facet normal 0 0 -1
    outer loop
      vertex 12.3535 6.66144 0
      vertex 17.6465 6.66144 0
      vertex 17.5833 6.6236 0
    endloop
  endfacet
  facet normal 0 0 -1
    outer loop
      vertex 12.4167 6.6236 0
      vertex 17.5833 6.6236 0
      vertex 17.5242 6.57976 0
    endloop
  endfacet
  facet normal 0 0 -1
    outer loop
      vertex 17.2644 5.85368 0
      vertex 12.75 6 0
      vertex 17.2536 5.92649 0
    endloop
  endfacet
  facet normal 0 0 -1
    outer loop
      vertex 17.2536 5.92649 0
      vertex 12.75 6 0
      vertex 17.25 6 0
    endloop
  endfacet
  facet normal 0 0 -1
    outer loop
      vertex 17.25 6 0
      vertex 12.75 6 0
      vertex 17.2536 6.07351 0
    endloop
  endfacet
  facet normal 0 0 -1
    outer loop
      vertex 12.7464 6.07351 0
      vertex 17.2536 6.07351 0
      vertex 12.75 6 0
    endloop
  endfacet
  facet normal 0 0 -1
    outer loop
      vertex 17.2536 6.07351 0
      vertex 12.7464 6.07351 0
      vertex 17.2644 6.14632 0
    endloop
  endfacet
  facet normal 0 0 -1
    outer loop
      vertex 12.7356 6.14632 0
      vertex 17.2644 6.14632 0
      vertex 12.7464 6.07351 0
    endloop
  endfacet
  facet normal 0 0 -1
    outer loop
      vertex 17.2644 6.14632 0
      vertex 12.7356 6.14632 0
      vertex 17.2823 6.21771 0
    endloop
  endfacet
  facet normal 0 0 -1
    outer loop
      vertex 12.7177 6.21771 0
      vertex 17.2823 6.21771 0
      vertex 12.7356 6.14632 0
    endloop
  endfacet
  facet normal 0 0 -1
    outer loop
      vertex 17.2823 6.21771 0
      vertex 12.7177 6.21771 0
      vertex 17.3071 6.28701 0
    endloop
  endfacet
  facet normal 0 0 -1
    outer loop
      vertex 12.6929 6.28701 0
      vertex 17.3071 6.28701 0
      vertex 12.7177 6.21771 0
    endloop
  endfacet
  facet normal 0 0 -1
    outer loop
      vertex 17.3071 6.28701 0
      vertex 12.6929 6.28701 0
      vertex 17.3386 6.35355 0
    endloop
  endfacet
  facet normal 0 0 -1
    outer loop
      vertex 12.6614 6.35355 0
      vertex 17.3386 6.35355 0
      vertex 12.6929 6.28701 0
    endloop
  endfacet
  facet normal 0 0 -1
    outer loop
      vertex 17.3386 6.35355 0
      vertex 12.6614 6.35355 0
      vertex 17.3764 6.41668 0
    endloop
  endfacet
  facet normal 0 0 -1
    outer loop
      vertex 12.6236 6.41668 0
      vertex 17.3764 6.41668 0
      vertex 12.6614 6.35355 0
    endloop
  endfacet
  facet normal 0 0 -1
    outer loop
      vertex 17.3764 6.41668 0
      vertex 12.6236 6.41668 0
      vertex 17.4202 6.47579 0
    endloop
  endfacet
  facet normal 0 0 -1
    outer loop
      vertex 12.5798 6.47579 0
      vertex 17.4202 6.47579 0
      vertex 12.6236 6.41668 0
    endloop
  endfacet
  facet normal 0 0 -1
    outer loop
      vertex 17.4202 6.47579 0
      vertex 12.5798 6.47579 0
      vertex 17.4697 6.53033 0
    endloop
  endfacet
  facet normal 0 0 -1
    outer loop
      vertex 12.5303 6.53033 0
      vertex 17.4697 6.53033 0
      vertex 12.5798 6.47579 0
    endloop
  endfacet
  facet normal 0 0 -1
    outer loop
      vertex 17.4697 6.53033 0
      vertex 12.5303 6.53033 0
      vertex 17.5242 6.57976 0
    endloop
  endfacet
  facet normal 0 0 -1
    outer loop
      vertex 12.4758 6.57976 0
      vertex 17.5242 6.57976 0
      vertex 12.5303 6.53033 0
    endloop
  endfacet
  facet normal 0 0 -1
    outer loop
      vertex 12.4167 6.6236 0
      vertex 17.5242 6.57976 0
      vertex 12.4758 6.57976 0
    endloop
  endfacet
  facet normal 0 0 -1
    outer loop
      vertex 17.5833 6.6236 0
      vertex 12.4167 6.6236 0
      vertex 12.3535 6.66144 0
    endloop
  endfacet
  facet normal 0 0 -1
    outer loop
      vertex 17.6465 6.66144 0
      vertex 12.3535 6.66144 0
      vertex 12.287 6.69291 0
    endloop
  endfacet
  facet normal 0 0 -1
    outer loop
      vertex 17.713 6.69291 0
      vertex 12.287 6.69291 0
      vertex 10 17 0
    endloop
  endfacet
  facet normal 0 0 -1
    outer loop
      vertex 10 17 0
      vertex 12.287 6.69291 0
      vertex 12.2177 6.7177 0
    endloop
  endfacet
  facet normal 0 0 -1
    outer loop
      vertex 10 17 0
      vertex 12.2177 6.7177 0
      vertex 12.1463 6.73559 0
    endloop
  endfacet
  facet normal 0 0 -1
    outer loop
      vertex 10 17 0
      vertex 12.1463 6.73559 0
      vertex 12.0735 6.74639 0
    endloop
  endfacet
  facet normal 0 0 -1
    outer loop
      vertex 10 17 0
      vertex 12.0735 6.74639 0
      vertex 12 6.75 0
    endloop
  endfacet
  facet normal 0 0 -1
    outer loop
      vertex 10 17 0
      vertex 12 6.75 0
      vertex 11.9265 6.74639 0
    endloop
  endfacet
  facet normal 0 0 -1
    outer loop
      vertex 10 17 0
      vertex 11.9265 6.74639 0
      vertex 11.8537 6.73559 0
    endloop
  endfacet
  facet normal 0 0 -1
    outer loop
      vertex 10 17 0
      vertex 11.8537 6.73559 0
      vertex 11.7823 6.7177 0
    endloop
  endfacet
  facet normal 0 0 -1
    outer loop
      vertex 10 17 0
      vertex 11.7823 6.7177 0
      vertex 11.713 6.69291 0
    endloop
  endfacet
  facet normal 0 0 -1
    outer loop
      vertex 8.33371 16.9181 0
      vertex 11.713 6.69291 0
      vertex 11.6465 6.66144 0
    endloop
  endfacet
  facet normal 0 0 -1
    outer loop
      vertex 11.2823 5.78229 0
      vertex 6.75 6 0
      vertex 11.2644 5.85368 0
    endloop
  endfacet
  facet normal 0 0 -1
    outer loop
      vertex 18.1463 6.73559 0
      vertex 10 17 0
      vertex 30 17 0
    endloop
  endfacet
  facet normal 0 0 -1
    outer loop
      vertex 8.33371 16.9181 0
      vertex 11.6465 6.66144 0
      vertex 11.5833 6.6236 0
    endloop
  endfacet
  facet normal 0 0 -1
    outer loop
      vertex 8.33371 16.9181 0
      vertex 11.5833 6.6236 0
      vertex 11.5242 6.57976 0
    endloop
  endfacet
  facet normal 0 0 -1
    outer loop
      vertex 8.33371 16.9181 0
      vertex 11.5242 6.57976 0
      vertex 11.4697 6.53033 0
    endloop
  endfacet
  facet normal 0 0 -1
    outer loop
      vertex 8.33371 16.9181 0
      vertex 11.4697 6.53033 0
      vertex 11.4202 6.47579 0
    endloop
  endfacet
  facet normal 0 0 -1
    outer loop
      vertex 8.33371 16.9181 0
      vertex 11.4202 6.47579 0
      vertex 11.3764 6.41668 0
    endloop
  endfacet
  facet normal 0 0 -1
    outer loop
      vertex 8.33371 16.9181 0
      vertex 11.3764 6.41668 0
      vertex 11.3386 6.35355 0
    endloop
  endfacet
  facet normal 0 0 -1
    outer loop
      vertex 8.33371 16.9181 0
      vertex 11.3386 6.35355 0
      vertex 11.3071 6.28701 0
    endloop
  endfacet
  facet normal 0 0 -1
    outer loop
      vertex 8.33371 16.9181 0
      vertex 11.3071 6.28701 0
      vertex 11.2823 6.21771 0
    endloop
  endfacet
  facet normal 0 0 -1
    outer loop
      vertex 6.74639 6.07351 0
      vertex 11.2536 6.07351 0
      vertex 6.75 6 0
    endloop
  endfacet
  facet normal 0 0 -1
    outer loop
      vertex 11.25 6 0
      vertex 6.75 6 0
      vertex 11.2536 6.07351 0
    endloop
  endfacet
  facet normal 0 0 -1
    outer loop
      vertex 11.2644 5.85368 0
      vertex 6.75 6 0
      vertex 11.2536 5.92649 0
    endloop
  endfacet
  facet normal 0 0 -1
    outer loop
      vertex 6.41668 -6.6236 0
      vertex 10 -17 0
      vertex 8.33371 -16.9181 0
    endloop
  endfacet
  facet normal 0 0 -1
    outer loop
      vertex 11.2536 5.92649 0
      vertex 6.75 6 0
      vertex 11.25 6 0
    endloop
  endfacet
  facet normal 0 0 -1
    outer loop
      vertex 11.713 6.69291 0
      vertex 8.33371 16.9181 0
      vertex 10 17 0
    endloop
  endfacet
  facet normal -0 0 -1
    outer loop
      vertex 11.25 -6 0
      vertex 6.74639 -6.07351 0
      vertex 6.75 -6 0
    endloop
  endfacet
  facet normal 0 0 -1
    outer loop
      vertex 11.2536 -6.07351 0
      vertex 6.74639 -6.07351 0
      vertex 11.25 -6 0
    endloop
  endfacet
  facet normal 0 -0 -1
    outer loop
      vertex 6.74639 -6.07351 0
      vertex 11.2536 -6.07351 0
      vertex 6.73559 -6.14632 0
    endloop
  endfacet
  facet normal 0 0 -1
    outer loop
      vertex 11.2644 -6.14632 0
      vertex 6.73559 -6.14632 0
      vertex 11.2536 -6.07351 0
    endloop
  endfacet
  facet normal 0 0 -1
    outer loop
      vertex 6.28701 -6.69291 0
      vertex 8.33371 -16.9181 0
      vertex 6.68346 -16.6733 0
    endloop
  endfacet
  facet normal 0 -0 -1
    outer loop
      vertex 6.73559 -6.14632 0
      vertex 11.2644 -6.14632 0
      vertex 6.7177 -6.21771 0
    endloop
  endfacet
  facet normal 0 0 -1
    outer loop
      vertex 11.2823 -6.21771 0
      vertex 6.7177 -6.21771 0
      vertex 11.2644 -6.14632 0
    endloop
  endfacet
  facet normal 0 -0 -1
    outer loop
      vertex 6.7177 -6.21771 0
      vertex 11.2823 -6.21771 0
      vertex 6.69291 -6.28701 0
    endloop
  endfacet
  facet normal 0 0 -1
    outer loop
      vertex 11.3071 -6.28701 0
      vertex 6.69291 -6.28701 0
      vertex 11.2823 -6.21771 0
    endloop
  endfacet
  facet normal 0 -0 -1
    outer loop
      vertex 6.69291 -6.28701 0
      vertex 11.3071 -6.28701 0
      vertex 6.66144 -6.35355 0
    endloop
  endfacet
  facet normal 0 0 -1
    outer loop
      vertex 11.3386 -6.35355 0
      vertex 6.66144 -6.35355 0
      vertex 11.3071 -6.28701 0
    endloop
  endfacet
  facet normal 0 0 -1
    outer loop
      vertex 8.33371 -16.9181 0
      vertex 6.35355 -6.66144 0
      vertex 6.41668 -6.6236 0
    endloop
  endfacet
  facet normal 0 0 -1
    outer loop
      vertex 8.33371 -16.9181 0
      vertex 6.28701 -6.69291 0
      vertex 6.35355 -6.66144 0
    endloop
  endfacet
  facet normal 0 0 -1
    outer loop
      vertex 6.68346 -16.6733 0
      vertex 6.21771 -6.7177 0
      vertex 6.28701 -6.69291 0
    endloop
  endfacet
  facet normal 0 0 -1
    outer loop
      vertex 6.68346 -16.6733 0
      vertex 6.14632 -6.73559 0
      vertex 6.21771 -6.7177 0
    endloop
  endfacet
  facet normal 0 0 -1
    outer loop
      vertex 5.06516 -16.268 0
      vertex 6.14632 -6.73559 0
      vertex 6.68346 -16.6733 0
    endloop
  endfacet
  facet normal 0 0 -1
    outer loop
      vertex 6.14632 -6.73559 0
      vertex 5.06516 -16.268 0
      vertex 6.07351 -6.74639 0
    endloop
  endfacet
  facet normal 0 0 -1
    outer loop
      vertex 6.07351 -6.74639 0
      vertex 5.06516 -16.268 0
      vertex 6 -6.75 0
    endloop
  endfacet
  facet normal 0 0 -1
    outer loop
      vertex 3.49438 -15.706 0
      vertex 6 -6.75 0
      vertex 5.06516 -16.268 0
    endloop
  endfacet
  facet normal -0 0 -1
    outer loop
      vertex 6 -6.75 0
      vertex 3.49438 -15.706 0
      vertex 5.92649 -6.74639 0
    endloop
  endfacet
  facet normal -0 0 -1
    outer loop
      vertex 5.92649 -6.74639 0
      vertex 3.49438 -15.706 0
      vertex 5.85368 -6.73559 0
    endloop
  endfacet
  facet normal -0 0 -1
    outer loop
      vertex 5.85368 -6.73559 0
      vertex 3.49438 -15.706 0
      vertex 5.78229 -6.7177 0
    endloop
  endfacet
  facet normal 0 0 -1
    outer loop
      vertex 1.98625 -14.9927 0
      vertex 5.78229 -6.7177 0
      vertex 3.49438 -15.706 0
    endloop
  endfacet
  facet normal -0 0 -1
    outer loop
      vertex 5.78229 -6.7177 0
      vertex 1.98625 -14.9927 0
      vertex 5.71299 -6.69291 0
    endloop
  endfacet
  facet normal -0 0 -1
    outer loop
      vertex 5.71299 -6.69291 0
      vertex 1.98625 -14.9927 0
      vertex 5.64645 -6.66144 0
    endloop
  endfacet
  facet normal 0 0 -1
    outer loop
      vertex 0.555305 -14.135 0
      vertex 5.64645 -6.66144 0
      vertex 1.98625 -14.9927 0
    endloop
  endfacet
  facet normal -0 0 -1
    outer loop
      vertex 5.64645 -6.66144 0
      vertex 0.555305 -14.135 0
      vertex 5.58332 -6.6236 0
    endloop
  endfacet
  facet normal -0 0 -1
    outer loop
      vertex 5.58332 -6.6236 0
      vertex 0.555305 -14.135 0
      vertex 5.5242 -6.57976 0
    endloop
  endfacet
  facet normal 0 0 -1
    outer loop
      vertex -0.784685 -13.1412 0
      vertex 5.5242 -6.57976 0
      vertex 0.555305 -14.135 0
    endloop
  endfacet
  facet normal -0 0 -1
    outer loop
      vertex 5.5242 -6.57976 0
      vertex -0.784685 -13.1412 0
      vertex 5.46967 -6.53033 0
    endloop
  endfacet
  facet normal -0 0 -1
    outer loop
      vertex 5.46967 -6.53033 0
      vertex -0.784685 -13.1412 0
      vertex 5.42024 -6.47579 0
    endloop
  endfacet
  facet normal -0 0 -1
    outer loop
      vertex 5.42024 -6.47579 0
      vertex -0.784685 -13.1412 0
      vertex 5.3764 -6.41668 0
    endloop
  endfacet
  facet normal 0 0 -1
    outer loop
      vertex -3.14118 -10.7847 0
      vertex 5.30709 -6.28701 0
      vertex -2.02081 -12.0208 0
    endloop
  endfacet
  facet normal -0 0 -1
    outer loop
      vertex 5.33856 -6.35355 0
      vertex -2.02081 -12.0208 0
      vertex 5.30709 -6.28701 0
    endloop
  endfacet
  facet normal -0 0 -1
    outer loop
      vertex 5.3764 -6.41668 0
      vertex -2.02081 -12.0208 0
      vertex 5.33856 -6.35355 0
    endloop
  endfacet
  facet normal 0 0 -1
    outer loop
      vertex -2.02081 -12.0208 0
      vertex 5.3764 -6.41668 0
      vertex -0.784685 -13.1412 0
    endloop
  endfacet
  facet normal 0.803213 -0.595692 0
    outer loop
      vertex 43.1412 -10.7847 26
      vertex 44.135 -9.44469 0
      vertex 44.135 -9.44469 26
    endloop
  endfacet
  facet normal 0.803213 -0.595692 0
    outer loop
      vertex 44.135 -9.44469 0
      vertex 43.1412 -10.7847 26
      vertex 43.1412 -10.7847 0
    endloop
  endfacet
  facet normal 0.857723 -0.514112 0
    outer loop
      vertex 44.135 -9.44469 26
      vertex 44.9927 -8.01374 0
      vertex 44.9927 -8.01374 26
    endloop
  endfacet
  facet normal 0.857723 -0.514112 0
    outer loop
      vertex 44.9927 -8.01374 0
      vertex 44.135 -9.44469 26
      vertex 44.135 -9.44469 0
    endloop
  endfacet
  facet normal 0.0490916 -0.998794 0
    outer loop
      vertex 30 -17 0
      vertex 31.6663 -16.9181 26
      vertex 30 -17 26
    endloop
  endfacet
  facet normal 0.0490916 -0.998794 0
    outer loop
      vertex 31.6663 -16.9181 26
      vertex 30 -17 0
      vertex 31.6663 -16.9181 0
    endloop
  endfacet
  facet normal -0.146735 -0.989176 0
    outer loop
      vertex 6.68346 -16.6733 0
      vertex 8.33371 -16.9181 26
      vertex 6.68346 -16.6733 26
    endloop
  endfacet
  facet normal -0.146735 -0.989176 -0
    outer loop
      vertex 8.33371 -16.9181 26
      vertex 6.68346 -16.6733 0
      vertex 8.33371 -16.9181 0
    endloop
  endfacet
  facet normal -0.803213 -0.595692 0
    outer loop
      vertex -3.14118 -10.7847 0
      vertex -4.13498 -9.44469 26
      vertex -4.13498 -9.44469 0
    endloop
  endfacet
  facet normal -0.803213 -0.595692 0
    outer loop
      vertex -4.13498 -9.44469 26
      vertex -3.14118 -10.7847 0
      vertex -3.14118 -10.7847 26
    endloop
  endfacet
  facet normal -0.671573 -0.740939 0
    outer loop
      vertex -2.02081 -12.0208 0
      vertex -0.784685 -13.1412 26
      vertex -2.02081 -12.0208 26
    endloop
  endfacet
  facet normal -0.671573 -0.740939 -0
    outer loop
      vertex -0.784685 -13.1412 26
      vertex -2.02081 -12.0208 0
      vertex -0.784685 -13.1412 0
    endloop
  endfacet
  facet normal -0.595698 -0.803209 0
    outer loop
      vertex -0.784685 -13.1412 0
      vertex 0.555305 -14.135 26
      vertex -0.784685 -13.1412 26
    endloop
  endfacet
  facet normal -0.595698 -0.803209 -0
    outer loop
      vertex 0.555305 -14.135 26
      vertex -0.784685 -13.1412 0
      vertex 0.555305 -14.135 0
    endloop
  endfacet
  facet normal -0.427559 -0.903988 0
    outer loop
      vertex 1.98625 -14.9927 0
      vertex 3.49438 -15.706 26
      vertex 1.98625 -14.9927 26
    endloop
  endfacet
  facet normal -0.427559 -0.903988 -0
    outer loop
      vertex 3.49438 -15.706 26
      vertex 1.98625 -14.9927 0
      vertex 3.49438 -15.706 0
    endloop
  endfacet
  facet normal -0.970032 -0.242977 0
    outer loop
      vertex -6.26799 -4.93484 0
      vertex -6.67335 -3.31653 26
      vertex -6.67335 -3.31653 0
    endloop
  endfacet
  facet normal -0.970032 -0.242977 0
    outer loop
      vertex -6.67335 -3.31653 26
      vertex -6.26799 -4.93484 0
      vertex -6.26799 -4.93484 26
    endloop
  endfacet
  facet normal -0.903989 -0.427556 0
    outer loop
      vertex -4.99266 -8.01374 0
      vertex -5.70595 -6.50562 26
      vertex -5.70595 -6.50562 0
    endloop
  endfacet
  facet normal -0.903989 -0.427556 0
    outer loop
      vertex -5.70595 -6.50562 26
      vertex -4.99266 -8.01374 0
      vertex -4.99266 -8.01374 26
    endloop
  endfacet
  facet normal -0.857728 -0.514103 0
    outer loop
      vertex -4.13498 -9.44469 0
      vertex -4.99266 -8.01374 26
      vertex -4.99266 -8.01374 0
    endloop
  endfacet
  facet normal -0.857728 -0.514103 0
    outer loop
      vertex -4.99266 -8.01374 26
      vertex -4.13498 -9.44469 0
      vertex -4.13498 -9.44469 26
    endloop
  endfacet
  facet normal -0.941543 -0.336893 0
    outer loop
      vertex -5.70595 -6.50562 0
      vertex -6.26799 -4.93484 26
      vertex -6.26799 -4.93484 0
    endloop
  endfacet
  facet normal -0.941543 -0.336893 0
    outer loop
      vertex -6.26799 -4.93484 26
      vertex -5.70595 -6.50562 0
      vertex -5.70595 -6.50562 26
    endloop
  endfacet
  facet normal 0.336868 0.941552 -0
    outer loop
      vertex 36.5056 15.706 0
      vertex 34.9348 16.268 26
      vertex 36.5056 15.706 26
    endloop
  endfacet
  facet normal 0.336868 0.941552 0
    outer loop
      vertex 34.9348 16.268 26
      vertex 36.5056 15.706 0
      vertex 34.9348 16.268 0
    endloop
  endfacet
  facet normal 0.242945 0.97004 -0
    outer loop
      vertex 34.9348 16.268 0
      vertex 33.3165 16.6733 26
      vertex 34.9348 16.268 26
    endloop
  endfacet
  facet normal 0.242945 0.97004 0
    outer loop
      vertex 33.3165 16.6733 26
      vertex 34.9348 16.268 0
      vertex 33.3165 16.6733 0
    endloop
  endfacet
  facet normal -0.514114 0.857722 0
    outer loop
      vertex 1.98625 14.9927 0
      vertex 0.555305 14.135 26
      vertex 1.98625 14.9927 26
    endloop
  endfacet
  facet normal -0.514114 0.857722 0
    outer loop
      vertex 0.555305 14.135 26
      vertex 1.98625 14.9927 0
      vertex 0.555305 14.135 0
    endloop
  endfacet
  facet normal -0.740941 0.67157 0
    outer loop
      vertex -3.14118 10.7847 0
      vertex -2.02081 12.0208 26
      vertex -2.02081 12.0208 0
    endloop
  endfacet
  facet normal -0.740941 0.67157 0
    outer loop
      vertex -2.02081 12.0208 26
      vertex -3.14118 10.7847 0
      vertex -3.14118 10.7847 26
    endloop
  endfacet
  facet normal -0.903989 0.427556 0
    outer loop
      vertex -5.70595 6.50562 0
      vertex -4.99266 8.01374 26
      vertex -4.99266 8.01374 0
    endloop
  endfacet
  facet normal -0.903989 0.427556 0
    outer loop
      vertex -4.99266 8.01374 26
      vertex -5.70595 6.50562 0
      vertex -5.70595 6.50562 26
    endloop
  endfacet
  facet normal 0.989176 -0.146736 0
    outer loop
      vertex 46.6733 -3.31653 26
      vertex 46.9181 -1.66629 0
      vertex 46.9181 -1.66629 26
    endloop
  endfacet
  facet normal 0.989176 -0.146736 0
    outer loop
      vertex 46.9181 -1.66629 0
      vertex 46.6733 -3.31653 26
      vertex 46.6733 -3.31653 0
    endloop
  endfacet
  facet normal 0.242945 -0.97004 0
    outer loop
      vertex 33.3165 -16.6733 0
      vertex 34.9348 -16.268 26
      vertex 33.3165 -16.6733 26
    endloop
  endfacet
  facet normal 0.242945 -0.97004 0
    outer loop
      vertex 34.9348 -16.268 26
      vertex 33.3165 -16.6733 0
      vertex 34.9348 -16.268 0
    endloop
  endfacet
  facet normal 0.336868 -0.941552 0
    outer loop
      vertex 34.9348 -16.268 0
      vertex 36.5056 -15.706 26
      vertex 34.9348 -16.268 26
    endloop
  endfacet
  facet normal 0.336868 -0.941552 0
    outer loop
      vertex 36.5056 -15.706 26
      vertex 34.9348 -16.268 0
      vertex 36.5056 -15.706 0
    endloop
  endfacet
  facet normal -0.242945 -0.97004 0
    outer loop
      vertex 5.06516 -16.268 0
      vertex 6.68346 -16.6733 26
      vertex 5.06516 -16.268 26
    endloop
  endfacet
  facet normal -0.242945 -0.97004 -0
    outer loop
      vertex 6.68346 -16.6733 26
      vertex 5.06516 -16.268 0
      vertex 6.68346 -16.6733 0
    endloop
  endfacet
  facet normal -0.0490918 -0.998794 0
    outer loop
      vertex 8.33371 -16.9181 0
      vertex 10 -17 26
      vertex 8.33371 -16.9181 26
    endloop
  endfacet
  facet normal -0.0490918 -0.998794 -0
    outer loop
      vertex 10 -17 26
      vertex 8.33371 -16.9181 0
      vertex 10 -17 0
    endloop
  endfacet
  facet normal -0.740941 -0.67157 0
    outer loop
      vertex -2.02081 -12.0208 0
      vertex -3.14118 -10.7847 26
      vertex -3.14118 -10.7847 0
    endloop
  endfacet
  facet normal -0.740941 -0.67157 0
    outer loop
      vertex -3.14118 -10.7847 26
      vertex -2.02081 -12.0208 0
      vertex -2.02081 -12.0208 26
    endloop
  endfacet
  facet normal -0.514114 -0.857722 0
    outer loop
      vertex 0.555305 -14.135 0
      vertex 1.98625 -14.9927 26
      vertex 0.555305 -14.135 26
    endloop
  endfacet
  facet normal -0.514114 -0.857722 -0
    outer loop
      vertex 1.98625 -14.9927 26
      vertex 0.555305 -14.135 0
      vertex 1.98625 -14.9927 0
    endloop
  endfacet
  facet normal -0.989177 -0.14673 0
    outer loop
      vertex -6.67335 -3.31653 0
      vertex -6.91814 -1.66629 26
      vertex -6.91814 -1.66629 0
    endloop
  endfacet
  facet normal -0.989177 -0.14673 0
    outer loop
      vertex -6.91814 -1.66629 26
      vertex -6.67335 -3.31653 0
      vertex -6.67335 -3.31653 26
    endloop
  endfacet
  facet normal 0.970041 -0.242943 0
    outer loop
      vertex 46.268 -4.93484 26
      vertex 46.6733 -3.31653 0
      vertex 46.6733 -3.31653 26
    endloop
  endfacet
  facet normal 0.970041 -0.242943 0
    outer loop
      vertex 46.6733 -3.31653 0
      vertex 46.268 -4.93484 26
      vertex 46.268 -4.93484 0
    endloop
  endfacet
  facet normal 0.998794 -0.0490918 0
    outer loop
      vertex 46.9181 -1.66629 26
      vertex 47 0 0
      vertex 47 0 26
    endloop
  endfacet
  facet normal 0.998794 -0.0490918 0
    outer loop
      vertex 47 0 0
      vertex 46.9181 -1.66629 26
      vertex 46.9181 -1.66629 0
    endloop
  endfacet
  facet normal 0.740932 -0.67158 0
    outer loop
      vertex 42.0208 -12.0208 26
      vertex 43.1412 -10.7847 0
      vertex 43.1412 -10.7847 26
    endloop
  endfacet
  facet normal 0.740932 -0.67158 0
    outer loop
      vertex 43.1412 -10.7847 0
      vertex 42.0208 -12.0208 26
      vertex 42.0208 -12.0208 0
    endloop
  endfacet
  facet normal 0.903986 -0.427561 0
    outer loop
      vertex 44.9927 -8.01374 26
      vertex 45.706 -6.50562 0
      vertex 45.706 -6.50562 26
    endloop
  endfacet
  facet normal 0.903986 -0.427561 0
    outer loop
      vertex 45.706 -6.50562 0
      vertex 44.9927 -8.01374 26
      vertex 44.9927 -8.01374 0
    endloop
  endfacet
  facet normal 0.427566 -0.903984 0
    outer loop
      vertex 36.5056 -15.706 0
      vertex 38.0137 -14.9927 26
      vertex 36.5056 -15.706 26
    endloop
  endfacet
  facet normal 0.427566 -0.903984 0
    outer loop
      vertex 38.0137 -14.9927 26
      vertex 36.5056 -15.706 0
      vertex 38.0137 -14.9927 0
    endloop
  endfacet
  facet normal 0.14674 -0.989175 0
    outer loop
      vertex 31.6663 -16.9181 0
      vertex 33.3165 -16.6733 26
      vertex 31.6663 -16.9181 26
    endloop
  endfacet
  facet normal 0.14674 -0.989175 0
    outer loop
      vertex 33.3165 -16.6733 26
      vertex 31.6663 -16.9181 0
      vertex 33.3165 -16.6733 0
    endloop
  endfacet
  facet normal 0.941551 -0.336872 0
    outer loop
      vertex 45.706 -6.50562 26
      vertex 46.268 -4.93484 0
      vertex 46.268 -4.93484 26
    endloop
  endfacet
  facet normal 0.941551 -0.336872 0
    outer loop
      vertex 46.268 -4.93484 0
      vertex 45.706 -6.50562 26
      vertex 45.706 -6.50562 0
    endloop
  endfacet
  facet normal 0.595695 -0.803211 0
    outer loop
      vertex 39.4447 -14.135 0
      vertex 40.7847 -13.1412 26
      vertex 39.4447 -14.135 26
    endloop
  endfacet
  facet normal 0.595695 -0.803211 0
    outer loop
      vertex 40.7847 -13.1412 26
      vertex 39.4447 -14.135 0
      vertex 40.7847 -13.1412 0
    endloop
  endfacet
  facet normal 0.514099 -0.857731 0
    outer loop
      vertex 38.0137 -14.9927 0
      vertex 39.4447 -14.135 26
      vertex 38.0137 -14.9927 26
    endloop
  endfacet
  facet normal 0.514099 -0.857731 0
    outer loop
      vertex 39.4447 -14.135 26
      vertex 38.0137 -14.9927 0
      vertex 39.4447 -14.135 0
    endloop
  endfacet
  facet normal 0.67158 -0.740932 0
    outer loop
      vertex 40.7847 -13.1412 0
      vertex 42.0208 -12.0208 26
      vertex 40.7847 -13.1412 26
    endloop
  endfacet
  facet normal 0.67158 -0.740932 0
    outer loop
      vertex 42.0208 -12.0208 26
      vertex 40.7847 -13.1412 0
      vertex 42.0208 -12.0208 0
    endloop
  endfacet
  facet normal 0 0 1
    outer loop
      vertex 11.3386 -0.353547 3
      vertex 6.66144 -0.353547 3
      vertex 11.3764 -0.416677 3
    endloop
  endfacet
  facet normal 0 0 1
    outer loop
      vertex 11.4697 -5.46967 3
      vertex 6.74639 -5.92649 3
      vertex 6.75 -6 3
    endloop
  endfacet
  facet normal 0 0 1
    outer loop
      vertex 6.6236 -0.416677 3
      vertex 11.3764 -0.416677 3
      vertex 6.66144 -0.353547 3
    endloop
  endfacet
  facet normal 0 0 1
    outer loop
      vertex 11.4697 -5.46967 3
      vertex 6.73559 -5.85368 3
      vertex 6.74639 -5.92649 3
    endloop
  endfacet
  facet normal 0 0 1
    outer loop
      vertex 11.3764 -0.416677 3
      vertex 6.6236 -0.416677 3
      vertex 11.4202 -0.475795 3
    endloop
  endfacet
  facet normal 0 0 1
    outer loop
      vertex 11.4697 -5.46967 3
      vertex 6.7177 -5.78229 3
      vertex 6.73559 -5.85368 3
    endloop
  endfacet
  facet normal 0 0 1
    outer loop
      vertex 6.57976 -0.475795 3
      vertex 11.4202 -0.475795 3
      vertex 6.6236 -0.416677 3
    endloop
  endfacet
  facet normal 0 0 1
    outer loop
      vertex 11.4697 -5.46967 3
      vertex 6.69291 -5.71299 3
      vertex 6.7177 -5.78229 3
    endloop
  endfacet
  facet normal 0 0 1
    outer loop
      vertex 11.4202 -0.475795 3
      vertex 6.57976 -0.475795 3
      vertex 11.4697 -0.53033 3
    endloop
  endfacet
  facet normal 0 0 1
    outer loop
      vertex 11.4697 -5.46967 3
      vertex 6.66144 -5.64645 3
      vertex 6.69291 -5.71299 3
    endloop
  endfacet
  facet normal 0 0 1
    outer loop
      vertex 6.53033 -0.53033 3
      vertex 11.4697 -0.53033 3
      vertex 6.57976 -0.475795 3
    endloop
  endfacet
  facet normal 0 0 1
    outer loop
      vertex 11.4697 -5.46967 3
      vertex 6.6236 -5.58332 3
      vertex 6.66144 -5.64645 3
    endloop
  endfacet
  facet normal 0 0 1
    outer loop
      vertex 11.4697 -0.53033 3
      vertex 6.53033 -0.53033 3
      vertex 11.4697 -5.46967 3
    endloop
  endfacet
  facet normal 0 0 1
    outer loop
      vertex 11.4697 -5.46967 3
      vertex 6.57976 -5.5242 3
      vertex 6.6236 -5.58332 3
    endloop
  endfacet
  facet normal 0 0 1
    outer loop
      vertex 6.53033 -5.46967 3
      vertex 11.4697 -5.46967 3
      vertex 6.53033 -0.53033 3
    endloop
  endfacet
  facet normal 0 0 1
    outer loop
      vertex 11.4697 -5.46967 3
      vertex 6.53033 -5.46967 3
      vertex 6.57976 -5.5242 3
    endloop
  endfacet
  facet normal -0 0 1
    outer loop
      vertex 6.47579 -0.579758 3
      vertex 6.53033 -5.46967 3
      vertex 6.53033 -0.53033 3
    endloop
  endfacet
  facet normal 0 0 1
    outer loop
      vertex 6.47579 -0.579758 3
      vertex 6.47579 -5.42024 3
      vertex 6.53033 -5.46967 3
    endloop
  endfacet
  facet normal -0 0 1
    outer loop
      vertex 6.41668 -0.623602 3
      vertex 6.47579 -5.42024 3
      vertex 6.47579 -0.579758 3
    endloop
  endfacet
  facet normal 0 0 1
    outer loop
      vertex 6.41668 -0.623602 3
      vertex 6.41668 -5.3764 3
      vertex 6.47579 -5.42024 3
    endloop
  endfacet
  facet normal -0 0 1
    outer loop
      vertex 6.35355 -0.661441 3
      vertex 6.41668 -5.3764 3
      vertex 6.41668 -0.623602 3
    endloop
  endfacet
  facet normal 0 0 1
    outer loop
      vertex 6.35355 -0.661441 3
      vertex 6.35355 -5.33856 3
      vertex 6.41668 -5.3764 3
    endloop
  endfacet
  facet normal -0 0 1
    outer loop
      vertex 6.28701 -0.692909 3
      vertex 6.35355 -5.33856 3
      vertex 6.35355 -0.661441 3
    endloop
  endfacet
  facet normal 0 0 1
    outer loop
      vertex 6.28701 -0.692909 3
      vertex 6.28701 -5.30709 3
      vertex 6.35355 -5.33856 3
    endloop
  endfacet
  facet normal -0 0 1
    outer loop
      vertex 6.21771 -0.717705 3
      vertex 6.28701 -5.30709 3
      vertex 6.28701 -0.692909 3
    endloop
  endfacet
  facet normal 0 0 1
    outer loop
      vertex 6.21771 -0.717705 3
      vertex 6.21771 -5.28229 3
      vertex 6.28701 -5.30709 3
    endloop
  endfacet
  facet normal -0 0 1
    outer loop
      vertex 6.14632 -0.735588 3
      vertex 6.21771 -5.28229 3
      vertex 6.21771 -0.717705 3
    endloop
  endfacet
  facet normal 0 0 1
    outer loop
      vertex 6.14632 -0.735588 3
      vertex 6.14632 -5.26441 3
      vertex 6.21771 -5.28229 3
    endloop
  endfacet
  facet normal -0 0 1
    outer loop
      vertex 6.07351 -0.746388 3
      vertex 6.14632 -5.26441 3
      vertex 6.14632 -0.735588 3
    endloop
  endfacet
  facet normal 0 0 1
    outer loop
      vertex 6.07351 -0.746388 3
      vertex 6.07351 -5.25361 3
      vertex 6.14632 -5.26441 3
    endloop
  endfacet
  facet normal -0 0 1
    outer loop
      vertex 6 -0.75 3
      vertex 6.07351 -5.25361 3
      vertex 6.07351 -0.746388 3
    endloop
  endfacet
  facet normal 0 0 1
    outer loop
      vertex 6 -0.75 3
      vertex 6 -5.25 3
      vertex 6.07351 -5.25361 3
    endloop
  endfacet
  facet normal 0 0 1
    outer loop
      vertex 5.92649 -0.746388 3
      vertex 6 -5.25 3
      vertex 6 -0.75 3
    endloop
  endfacet
  facet normal 0 0 1
    outer loop
      vertex 5.92649 -0.746388 3
      vertex 5.92649 -5.25361 3
      vertex 6 -5.25 3
    endloop
  endfacet
  facet normal 0 0 1
    outer loop
      vertex 5.85368 -0.735588 3
      vertex 5.92649 -5.25361 3
      vertex 5.92649 -0.746388 3
    endloop
  endfacet
  facet normal 0 0 1
    outer loop
      vertex 5.85368 -0.735588 3
      vertex 5.85368 -5.26441 3
      vertex 5.92649 -5.25361 3
    endloop
  endfacet
  facet normal 0 0 1
    outer loop
      vertex 5.78229 -0.717705 3
      vertex 5.85368 -5.26441 3
      vertex 5.85368 -0.735588 3
    endloop
  endfacet
  facet normal 0 0 1
    outer loop
      vertex 5.78229 -0.717705 3
      vertex 5.78229 -5.28229 3
      vertex 5.85368 -5.26441 3
    endloop
  endfacet
  facet normal 0 0 1
    outer loop
      vertex 5.71299 -0.692909 3
      vertex 5.78229 -5.28229 3
      vertex 5.78229 -0.717705 3
    endloop
  endfacet
  facet normal 0 0 1
    outer loop
      vertex 5.71299 -0.692909 3
      vertex 5.71299 -5.30709 3
      vertex 5.78229 -5.28229 3
    endloop
  endfacet
  facet normal 0 0 1
    outer loop
      vertex 5.64645 -0.661441 3
      vertex 5.71299 -5.30709 3
      vertex 5.71299 -0.692909 3
    endloop
  endfacet
  facet normal 0 0 1
    outer loop
      vertex 5.64645 -0.661441 3
      vertex 5.64645 -5.33856 3
      vertex 5.71299 -5.30709 3
    endloop
  endfacet
  facet normal 0 0 1
    outer loop
      vertex 5.58332 -0.623602 3
      vertex 5.64645 -5.33856 3
      vertex 5.64645 -0.661441 3
    endloop
  endfacet
  facet normal 0 0 1
    outer loop
      vertex 5.58332 -0.623602 3
      vertex 5.58332 -5.3764 3
      vertex 5.64645 -5.33856 3
    endloop
  endfacet
  facet normal 0 0 1
    outer loop
      vertex 5.5242 -0.579758 3
      vertex 5.58332 -5.3764 3
      vertex 5.58332 -0.623602 3
    endloop
  endfacet
  facet normal 0 0 1
    outer loop
      vertex 5.5242 -0.579758 3
      vertex 5.5242 -5.42024 3
      vertex 5.58332 -5.3764 3
    endloop
  endfacet
  facet normal 0 0 1
    outer loop
      vertex 5.46967 -0.53033 3
      vertex 5.5242 -5.42024 3
      vertex 5.5242 -0.579758 3
    endloop
  endfacet
  facet normal 0 0 1
    outer loop
      vertex 5.46967 -0.53033 3
      vertex 5.46967 -5.46967 3
      vertex 5.5242 -5.42024 3
    endloop
  endfacet
  facet normal 0 0 1
    outer loop
      vertex 5.42024 -0.475795 3
      vertex 5.46967 -5.46967 3
      vertex 5.46967 -0.53033 3
    endloop
  endfacet
  facet normal 0 0 1
    outer loop
      vertex 5.42024 -0.475795 3
      vertex 5.42024 -5.5242 3
      vertex 5.46967 -5.46967 3
    endloop
  endfacet
  facet normal 0 0 1
    outer loop
      vertex 5.3764 -0.416677 3
      vertex 5.42024 -5.5242 3
      vertex 5.42024 -0.475795 3
    endloop
  endfacet
  facet normal 0 0 1
    outer loop
      vertex 5.3764 -0.416677 3
      vertex 5.3764 -5.58332 3
      vertex 5.42024 -5.5242 3
    endloop
  endfacet
  facet normal 0 0 1
    outer loop
      vertex 5.33856 -0.353547 3
      vertex 5.3764 -5.58332 3
      vertex 5.3764 -0.416677 3
    endloop
  endfacet
  facet normal 0 0 1
    outer loop
      vertex 5.33856 -0.353547 3
      vertex 5.33856 -5.64645 3
      vertex 5.3764 -5.58332 3
    endloop
  endfacet
  facet normal 0 0 1
    outer loop
      vertex 5.30709 -0.287012 3
      vertex 5.33856 -5.64645 3
      vertex 5.33856 -0.353547 3
    endloop
  endfacet
  facet normal 0 0 1
    outer loop
      vertex 5.30709 -0.287012 3
      vertex 5.30709 -5.71299 3
      vertex 5.33856 -5.64645 3
    endloop
  endfacet
  facet normal 0 0 1
    outer loop
      vertex 5.28229 -0.217713 3
      vertex 5.30709 -5.71299 3
      vertex 5.30709 -0.287012 3
    endloop
  endfacet
  facet normal 0 0 1
    outer loop
      vertex 5.28229 -0.217713 3
      vertex 5.28229 -5.78229 3
      vertex 5.30709 -5.71299 3
    endloop
  endfacet
  facet normal 0 0 1
    outer loop
      vertex 5.26441 -0.146317 3
      vertex 5.28229 -5.78229 3
      vertex 5.28229 -0.217713 3
    endloop
  endfacet
  facet normal 0 0 1
    outer loop
      vertex 5.26441 -0.146317 3
      vertex 5.26441 -5.85368 3
      vertex 5.28229 -5.78229 3
    endloop
  endfacet
  facet normal 0 0 1
    outer loop
      vertex 5.25361 -0.0735121 3
      vertex 5.26441 -5.85368 3
      vertex 5.26441 -0.146317 3
    endloop
  endfacet
  facet normal 0 0 1
    outer loop
      vertex 5.25361 -0.0735121 3
      vertex 5.25361 -5.92649 3
      vertex 5.26441 -5.85368 3
    endloop
  endfacet
  facet normal 0 0 1
    outer loop
      vertex 5.25 0 3
      vertex 5.25361 -5.92649 3
      vertex 5.25361 -0.0735121 3
    endloop
  endfacet
  facet normal 0 0 1
    outer loop
      vertex 5.25361 -5.92649 3
      vertex 5.25 0 3
      vertex 5.25 -6 3
    endloop
  endfacet
  facet normal 0 0 1
    outer loop
      vertex 11.3386 5.64645 3
      vertex 6.66144 5.64645 3
      vertex 11.3764 5.58332 3
    endloop
  endfacet
  facet normal 0 0 1
    outer loop
      vertex 11.4697 0.53033 3
      vertex 6.74639 0.0735121 3
      vertex 6.75 0 3
    endloop
  endfacet
  facet normal 0 0 1
    outer loop
      vertex 6.6236 5.58332 3
      vertex 11.3764 5.58332 3
      vertex 6.66144 5.64645 3
    endloop
  endfacet
  facet normal 0 0 1
    outer loop
      vertex 11.4697 0.53033 3
      vertex 6.73559 0.146317 3
      vertex 6.74639 0.0735121 3
    endloop
  endfacet
  facet normal 0 0 1
    outer loop
      vertex 11.3764 5.58332 3
      vertex 6.6236 5.58332 3
      vertex 11.4202 5.5242 3
    endloop
  endfacet
  facet normal 0 0 1
    outer loop
      vertex 11.4697 0.53033 3
      vertex 6.7177 0.217713 3
      vertex 6.73559 0.146317 3
    endloop
  endfacet
  facet normal 0 0 1
    outer loop
      vertex 6.57976 5.5242 3
      vertex 11.4202 5.5242 3
      vertex 6.6236 5.58332 3
    endloop
  endfacet
  facet normal 0 0 1
    outer loop
      vertex 11.4697 0.53033 3
      vertex 6.69291 0.287012 3
      vertex 6.7177 0.217713 3
    endloop
  endfacet
  facet normal 0 0 1
    outer loop
      vertex 11.4202 5.5242 3
      vertex 6.57976 5.5242 3
      vertex 11.4697 5.46967 3
    endloop
  endfacet
  facet normal 0 0 1
    outer loop
      vertex 11.4697 0.53033 3
      vertex 6.66144 0.353547 3
      vertex 6.69291 0.287012 3
    endloop
  endfacet
  facet normal 0 0 1
    outer loop
      vertex 6.53033 5.46967 3
      vertex 11.4697 5.46967 3
      vertex 6.57976 5.5242 3
    endloop
  endfacet
  facet normal 0 0 1
    outer loop
      vertex 11.4697 0.53033 3
      vertex 6.6236 0.416677 3
      vertex 6.66144 0.353547 3
    endloop
  endfacet
  facet normal 0 0 1
    outer loop
      vertex 11.4697 5.46967 3
      vertex 6.53033 5.46967 3
      vertex 11.4697 0.53033 3
    endloop
  endfacet
  facet normal 0 0 1
    outer loop
      vertex 11.4697 0.53033 3
      vertex 6.57976 0.475795 3
      vertex 6.6236 0.416677 3
    endloop
  endfacet
  facet normal 0 0 1
    outer loop
      vertex 6.53033 0.53033 3
      vertex 11.4697 0.53033 3
      vertex 6.53033 5.46967 3
    endloop
  endfacet
  facet normal 0 0 1
    outer loop
      vertex 11.4697 0.53033 3
      vertex 6.53033 0.53033 3
      vertex 6.57976 0.475795 3
    endloop
  endfacet
  facet normal -0 0 1
    outer loop
      vertex 6.47579 5.42024 3
      vertex 6.53033 0.53033 3
      vertex 6.53033 5.46967 3
    endloop
  endfacet
  facet normal 0 0 1
    outer loop
      vertex 6.47579 5.42024 3
      vertex 6.47579 0.579758 3
      vertex 6.53033 0.53033 3
    endloop
  endfacet
  facet normal -0 0 1
    outer loop
      vertex 6.41668 5.3764 3
      vertex 6.47579 0.579758 3
      vertex 6.47579 5.42024 3
    endloop
  endfacet
  facet normal 0 0 1
    outer loop
      vertex 6.41668 5.3764 3
      vertex 6.41668 0.623602 3
      vertex 6.47579 0.579758 3
    endloop
  endfacet
  facet normal -0 0 1
    outer loop
      vertex 6.35355 5.33856 3
      vertex 6.41668 0.623602 3
      vertex 6.41668 5.3764 3
    endloop
  endfacet
  facet normal 0 0 1
    outer loop
      vertex 6.35355 5.33856 3
      vertex 6.35355 0.661441 3
      vertex 6.41668 0.623602 3
    endloop
  endfacet
  facet normal -0 0 1
    outer loop
      vertex 6.28701 5.30709 3
      vertex 6.35355 0.661441 3
      vertex 6.35355 5.33856 3
    endloop
  endfacet
  facet normal 0 0 1
    outer loop
      vertex 6.28701 5.30709 3
      vertex 6.28701 0.692909 3
      vertex 6.35355 0.661441 3
    endloop
  endfacet
  facet normal -0 0 1
    outer loop
      vertex 6.21771 5.28229 3
      vertex 6.28701 0.692909 3
      vertex 6.28701 5.30709 3
    endloop
  endfacet
  facet normal 0 0 1
    outer loop
      vertex 6.21771 5.28229 3
      vertex 6.21771 0.717705 3
      vertex 6.28701 0.692909 3
    endloop
  endfacet
  facet normal -0 0 1
    outer loop
      vertex 6.14632 5.26441 3
      vertex 6.21771 0.717705 3
      vertex 6.21771 5.28229 3
    endloop
  endfacet
  facet normal 0 0 1
    outer loop
      vertex 6.14632 5.26441 3
      vertex 6.14632 0.735588 3
      vertex 6.21771 0.717705 3
    endloop
  endfacet
  facet normal -0 0 1
    outer loop
      vertex 6.07351 5.25361 3
      vertex 6.14632 0.735588 3
      vertex 6.14632 5.26441 3
    endloop
  endfacet
  facet normal 0 0 1
    outer loop
      vertex 6.07351 5.25361 3
      vertex 6.07351 0.746388 3
      vertex 6.14632 0.735588 3
    endloop
  endfacet
  facet normal -0 0 1
    outer loop
      vertex 6 5.25 3
      vertex 6.07351 0.746388 3
      vertex 6.07351 5.25361 3
    endloop
  endfacet
  facet normal 0 0 1
    outer loop
      vertex 6 5.25 3
      vertex 6 0.75 3
      vertex 6.07351 0.746388 3
    endloop
  endfacet
  facet normal 0 0 1
    outer loop
      vertex 5.92649 5.25361 3
      vertex 6 0.75 3
      vertex 6 5.25 3
    endloop
  endfacet
  facet normal 0 0 1
    outer loop
      vertex 5.92649 5.25361 3
      vertex 5.92649 0.746388 3
      vertex 6 0.75 3
    endloop
  endfacet
  facet normal 0 0 1
    outer loop
      vertex 5.85368 5.26441 3
      vertex 5.92649 0.746388 3
      vertex 5.92649 5.25361 3
    endloop
  endfacet
  facet normal 0 0 1
    outer loop
      vertex 5.85368 5.26441 3
      vertex 5.85368 0.735588 3
      vertex 5.92649 0.746388 3
    endloop
  endfacet
  facet normal 0 0 1
    outer loop
      vertex 5.78229 5.28229 3
      vertex 5.85368 0.735588 3
      vertex 5.85368 5.26441 3
    endloop
  endfacet
  facet normal 0 0 1
    outer loop
      vertex 5.78229 5.28229 3
      vertex 5.78229 0.717705 3
      vertex 5.85368 0.735588 3
    endloop
  endfacet
  facet normal 0 0 1
    outer loop
      vertex 5.71299 5.30709 3
      vertex 5.78229 0.717705 3
      vertex 5.78229 5.28229 3
    endloop
  endfacet
  facet normal 0 0 1
    outer loop
      vertex 5.71299 5.30709 3
      vertex 5.71299 0.692909 3
      vertex 5.78229 0.717705 3
    endloop
  endfacet
  facet normal 0 0 1
    outer loop
      vertex 5.64645 5.33856 3
      vertex 5.71299 0.692909 3
      vertex 5.71299 5.30709 3
    endloop
  endfacet
  facet normal 0 0 1
    outer loop
      vertex 5.64645 5.33856 3
      vertex 5.64645 0.661441 3
      vertex 5.71299 0.692909 3
    endloop
  endfacet
  facet normal 0 0 1
    outer loop
      vertex 5.58332 5.3764 3
      vertex 5.64645 0.661441 3
      vertex 5.64645 5.33856 3
    endloop
  endfacet
  facet normal 0 0 1
    outer loop
      vertex 5.58332 5.3764 3
      vertex 5.58332 0.623602 3
      vertex 5.64645 0.661441 3
    endloop
  endfacet
  facet normal 0 0 1
    outer loop
      vertex 5.5242 5.42024 3
      vertex 5.58332 0.623602 3
      vertex 5.58332 5.3764 3
    endloop
  endfacet
  facet normal 0 0 1
    outer loop
      vertex 5.5242 5.42024 3
      vertex 5.5242 0.579758 3
      vertex 5.58332 0.623602 3
    endloop
  endfacet
  facet normal 0 0 1
    outer loop
      vertex 5.46967 5.46967 3
      vertex 5.5242 0.579758 3
      vertex 5.5242 5.42024 3
    endloop
  endfacet
  facet normal 0 0 1
    outer loop
      vertex 5.46967 5.46967 3
      vertex 5.46967 0.53033 3
      vertex 5.5242 0.579758 3
    endloop
  endfacet
  facet normal 0 0 1
    outer loop
      vertex 5.42024 5.5242 3
      vertex 5.46967 0.53033 3
      vertex 5.46967 5.46967 3
    endloop
  endfacet
  facet normal 0 0 1
    outer loop
      vertex 5.42024 5.5242 3
      vertex 5.42024 0.475795 3
      vertex 5.46967 0.53033 3
    endloop
  endfacet
  facet normal 0 0 1
    outer loop
      vertex 5.3764 5.58332 3
      vertex 5.42024 0.475795 3
      vertex 5.42024 5.5242 3
    endloop
  endfacet
  facet normal 0 0 1
    outer loop
      vertex 5.3764 5.58332 3
      vertex 5.3764 0.416677 3
      vertex 5.42024 0.475795 3
    endloop
  endfacet
  facet normal 0 0 1
    outer loop
      vertex -2.93431 5.35757 3
      vertex 5.3764 5.58332 3
      vertex 5.33856 5.64645 3
    endloop
  endfacet
  facet normal 0 0 1
    outer loop
      vertex 5.3764 5.58332 3
      vertex -3.39716 4.06398 3
      vertex 5.3764 0.416677 3
    endloop
  endfacet
  facet normal 0 0 1
    outer loop
      vertex -2.93431 5.35757 3
      vertex 5.33856 5.64645 3
      vertex 5.30709 5.71299 3
    endloop
  endfacet
  facet normal 0 0 1
    outer loop
      vertex 5.3764 0.416677 3
      vertex -3.39716 4.06398 3
      vertex 5.33856 0.353547 3
    endloop
  endfacet
  facet normal 0 0 1
    outer loop
      vertex -2.3469 6.59955 3
      vertex 5.30709 5.71299 3
      vertex 5.28229 5.78229 3
    endloop
  endfacet
  facet normal 0 0 1
    outer loop
      vertex 5.33856 0.353547 3
      vertex -3.39716 4.06398 3
      vertex 5.30709 0.287012 3
    endloop
  endfacet
  facet normal 0 0 1
    outer loop
      vertex -2.3469 6.59955 3
      vertex 5.28229 5.78229 3
      vertex 5.26441 5.85368 3
    endloop
  endfacet
  facet normal -0 0 1
    outer loop
      vertex -3.73099 2.73126 3
      vertex 5.30709 0.287012 3
      vertex -3.39716 4.06398 3
    endloop
  endfacet
  facet normal 0 0 1
    outer loop
      vertex -1.64057 7.77798 3
      vertex 5.26441 5.85368 3
      vertex 5.25361 5.92649 3
    endloop
  endfacet
  facet normal 0 0 1
    outer loop
      vertex 5.30709 0.287012 3
      vertex -3.73099 2.73126 3
      vertex 5.28229 0.217713 3
    endloop
  endfacet
  facet normal 0 0 1
    outer loop
      vertex -1.64057 7.77798 3
      vertex 5.25361 5.92649 3
      vertex 5.25 6 3
    endloop
  endfacet
  facet normal -0 0 1
    outer loop
      vertex -3.93259 1.37224 3
      vertex 5.28229 0.217713 3
      vertex -3.73099 2.73126 3
    endloop
  endfacet
  facet normal 0 0 1
    outer loop
      vertex 11.25 -6 3
      vertex 6.75 -6 3
      vertex 11.2536 -6.07351 3
    endloop
  endfacet
  facet normal 0 0 1
    outer loop
      vertex 6.74639 -6.07351 3
      vertex 11.2536 -6.07351 3
      vertex 6.75 -6 3
    endloop
  endfacet
  facet normal 0 0 1
    outer loop
      vertex 6.73559 -6.14632 3
      vertex 11.2536 -6.07351 3
      vertex 6.74639 -6.07351 3
    endloop
  endfacet
  facet normal 0 0 1
    outer loop
      vertex 6.7177 -6.21771 3
      vertex 11.2536 -6.07351 3
      vertex 6.73559 -6.14632 3
    endloop
  endfacet
  facet normal 0 0 1
    outer loop
      vertex 6.69291 -6.28701 3
      vertex 11.2536 -6.07351 3
      vertex 6.7177 -6.21771 3
    endloop
  endfacet
  facet normal 0 0 1
    outer loop
      vertex 6.66144 -6.35355 3
      vertex 11.2536 -6.07351 3
      vertex 6.69291 -6.28701 3
    endloop
  endfacet
  facet normal 0 0 1
    outer loop
      vertex 6.6236 -6.41668 3
      vertex 11.2536 -6.07351 3
      vertex 6.66144 -6.35355 3
    endloop
  endfacet
  facet normal 0 0 1
    outer loop
      vertex 6.57976 -6.47579 3
      vertex 11.2536 -6.07351 3
      vertex 6.6236 -6.41668 3
    endloop
  endfacet
  facet normal 0 0 1
    outer loop
      vertex 6.53033 -6.53033 3
      vertex 11.2536 -6.07351 3
      vertex 6.57976 -6.47579 3
    endloop
  endfacet
  facet normal 0 0 1
    outer loop
      vertex 6.47579 -6.57976 3
      vertex 11.2536 -6.07351 3
      vertex 6.53033 -6.53033 3
    endloop
  endfacet
  facet normal 0 0 1
    outer loop
      vertex 11.2536 -6.07351 3
      vertex 6.47579 -6.57976 3
      vertex 7.26873 -13.731 3
    endloop
  endfacet
  facet normal -0 0 1
    outer loop
      vertex 6.41668 -6.6236 3
      vertex 7.26873 -13.731 3
      vertex 6.47579 -6.57976 3
    endloop
  endfacet
  facet normal -0 0 1
    outer loop
      vertex 6.35355 -6.66144 3
      vertex 7.26873 -13.731 3
      vertex 6.41668 -6.6236 3
    endloop
  endfacet
  facet normal -0 0 1
    outer loop
      vertex 6.28701 -6.69291 3
      vertex 7.26873 -13.731 3
      vertex 6.35355 -6.66144 3
    endloop
  endfacet
  facet normal -0 0 1
    outer loop
      vertex 6.21771 -6.7177 3
      vertex 7.26873 -13.731 3
      vertex 6.28701 -6.69291 3
    endloop
  endfacet
  facet normal 0 0 1
    outer loop
      vertex 5.93601 -13.3972 3
      vertex 6.21771 -6.7177 3
      vertex 6.14632 -6.73559 3
    endloop
  endfacet
  facet normal 0 0 1
    outer loop
      vertex 5.93601 -13.3972 3
      vertex 6.14632 -6.73559 3
      vertex 6.07351 -6.74639 3
    endloop
  endfacet
  facet normal 0 0 1
    outer loop
      vertex 4.64243 -12.9343 3
      vertex 6.07351 -6.74639 3
      vertex 6 -6.75 3
    endloop
  endfacet
  facet normal 0 0 1
    outer loop
      vertex 6.21771 -6.7177 3
      vertex 5.93601 -13.3972 3
      vertex 7.26873 -13.731 3
    endloop
  endfacet
  facet normal 0 0 1
    outer loop
      vertex 4.64243 -12.9343 3
      vertex 6 -6.75 3
      vertex 5.92649 -6.74639 3
    endloop
  endfacet
  facet normal 0 0 1
    outer loop
      vertex 4.64243 -12.9343 3
      vertex 5.92649 -6.74639 3
      vertex 5.85368 -6.73559 3
    endloop
  endfacet
  facet normal 0 0 1
    outer loop
      vertex 4.64243 -12.9343 3
      vertex 5.85368 -6.73559 3
      vertex 5.78229 -6.7177 3
    endloop
  endfacet
  facet normal 0 0 1
    outer loop
      vertex 4.64243 -12.9343 3
      vertex 5.78229 -6.7177 3
      vertex 5.71299 -6.69291 3
    endloop
  endfacet
  facet normal 0 0 1
    outer loop
      vertex 4.64243 -12.9343 3
      vertex 5.71299 -6.69291 3
      vertex 5.64645 -6.66144 3
    endloop
  endfacet
  facet normal 0 0 1
    outer loop
      vertex 4.64243 -12.9343 3
      vertex 5.64645 -6.66144 3
      vertex 5.58332 -6.6236 3
    endloop
  endfacet
  facet normal 0 0 1
    outer loop
      vertex 4.64243 -12.9343 3
      vertex 5.58332 -6.6236 3
      vertex 5.5242 -6.57976 3
    endloop
  endfacet
  facet normal 0 0 1
    outer loop
      vertex 4.64243 -12.9343 3
      vertex 5.5242 -6.57976 3
      vertex 5.46967 -6.53033 3
    endloop
  endfacet
  facet normal 0 0 1
    outer loop
      vertex 4.64243 -12.9343 3
      vertex 5.46967 -6.53033 3
      vertex 5.42024 -6.47579 3
    endloop
  endfacet
  facet normal 0 0 1
    outer loop
      vertex 4.64243 -12.9343 3
      vertex 5.42024 -6.47579 3
      vertex 5.3764 -6.41668 3
    endloop
  endfacet
  facet normal 0 0 1
    outer loop
      vertex 4.64243 -12.9343 3
      vertex 5.3764 -6.41668 3
      vertex 5.33856 -6.35355 3
    endloop
  endfacet
  facet normal 0 0 1
    outer loop
      vertex 4.64243 -12.9343 3
      vertex 5.33856 -6.35355 3
      vertex 5.30709 -6.28701 3
    endloop
  endfacet
  facet normal 0 0 1
    outer loop
      vertex 4.64243 -12.9343 3
      vertex 5.30709 -6.28701 3
      vertex 5.28229 -6.21771 3
    endloop
  endfacet
  facet normal 0 0 1
    outer loop
      vertex 4.64243 -12.9343 3
      vertex 5.28229 -6.21771 3
      vertex 5.26441 -6.14632 3
    endloop
  endfacet
  facet normal 0 0 1
    outer loop
      vertex 4.64243 -12.9343 3
      vertex 5.26441 -6.14632 3
      vertex 5.25361 -6.07351 3
    endloop
  endfacet
  facet normal 0 0 1
    outer loop
      vertex 6.07351 -6.74639 3
      vertex 4.64243 -12.9343 3
      vertex 5.93601 -13.3972 3
    endloop
  endfacet
  facet normal 0 0 1
    outer loop
      vertex 5.25 -6 3
      vertex 4.64243 -12.9343 3
      vertex 5.25361 -6.07351 3
    endloop
  endfacet
  facet normal 0 0 1
    outer loop
      vertex 5.25 0 3
      vertex 4.64243 -12.9343 3
      vertex 5.25 -6 3
    endloop
  endfacet
  facet normal 0 0 1
    outer loop
      vertex 5.28229 6.21771 3
      vertex -0.822145 8.88151 3
      vertex 5.26441 6.14632 3
    endloop
  endfacet
  facet normal 0 0 1
    outer loop
      vertex 5.25 0 3
      vertex 3.40044 -12.3469 3
      vertex 4.64243 -12.9343 3
    endloop
  endfacet
  facet normal 0 0 1
    outer loop
      vertex 5.26441 6.14632 3
      vertex -0.822145 8.88151 3
      vertex 5.25361 6.07351 3
    endloop
  endfacet
  facet normal 0 0 1
    outer loop
      vertex 5.25 0 3
      vertex 2.22202 -11.6406 3
      vertex 3.40044 -12.3469 3
    endloop
  endfacet
  facet normal 0 0 1
    outer loop
      vertex 5.25361 6.07351 3
      vertex -0.822145 8.88151 3
      vertex 5.25 6 3
    endloop
  endfacet
  facet normal 0 0 1
    outer loop
      vertex 5.25 0 3
      vertex 1.11849 -10.8221 3
      vertex 2.22202 -11.6406 3
    endloop
  endfacet
  facet normal -0 0 1
    outer loop
      vertex -1.64057 7.77798 3
      vertex 5.25 6 3
      vertex -0.822145 8.88151 3
    endloop
  endfacet
  facet normal 0 0 1
    outer loop
      vertex 5.25 0 3
      vertex 0.100505 -9.89949 3
      vertex 1.11849 -10.8221 3
    endloop
  endfacet
  facet normal 0 0 1
    outer loop
      vertex 5.26441 5.85368 3
      vertex -1.64057 7.77798 3
      vertex -2.3469 6.59955 3
    endloop
  endfacet
  facet normal 0 0 1
    outer loop
      vertex 5.25 0 3
      vertex -0.822145 -8.88151 3
      vertex 0.100505 -9.89949 3
    endloop
  endfacet
  facet normal 0 0 1
    outer loop
      vertex 5.30709 5.71299 3
      vertex -2.3469 6.59955 3
      vertex -2.93431 5.35757 3
    endloop
  endfacet
  facet normal 0 0 1
    outer loop
      vertex 5.25 0 3
      vertex -1.64057 -7.77798 3
      vertex -0.822145 -8.88151 3
    endloop
  endfacet
  facet normal 0 0 1
    outer loop
      vertex 5.3764 5.58332 3
      vertex -2.93431 5.35757 3
      vertex -3.39716 4.06398 3
    endloop
  endfacet
  facet normal 0 0 1
    outer loop
      vertex 5.25 0 3
      vertex -2.3469 -6.59955 3
      vertex -1.64057 -7.77798 3
    endloop
  endfacet
  facet normal 0 0 1
    outer loop
      vertex 5.28229 0.217713 3
      vertex -3.93259 1.37224 3
      vertex 5.26441 0.146317 3
    endloop
  endfacet
  facet normal 0 0 1
    outer loop
      vertex 5.25 0 3
      vertex -2.93431 -5.35757 3
      vertex -2.3469 -6.59955 3
    endloop
  endfacet
  facet normal 0 0 1
    outer loop
      vertex 5.26441 0.146317 3
      vertex -3.93259 1.37224 3
      vertex 5.25361 0.0735121 3
    endloop
  endfacet
  facet normal 0 0 1
    outer loop
      vertex 5.25 0 3
      vertex -3.39716 -4.06398 3
      vertex -2.93431 -5.35757 3
    endloop
  endfacet
  facet normal 0 0 1
    outer loop
      vertex -4 0 3
      vertex 5.25361 0.0735121 3
      vertex -3.93259 1.37224 3
    endloop
  endfacet
  facet normal 0 0 1
    outer loop
      vertex 5.25 0 3
      vertex -3.73099 -2.73126 3
      vertex -3.39716 -4.06398 3
    endloop
  endfacet
  facet normal 0 0 1
    outer loop
      vertex 5.25361 0.0735121 3
      vertex -4 0 3
      vertex 5.25 0 3
    endloop
  endfacet
  facet normal 0 0 1
    outer loop
      vertex 5.25 0 3
      vertex -3.93259 -1.37224 3
      vertex -3.73099 -2.73126 3
    endloop
  endfacet
  facet normal 0 0 1
    outer loop
      vertex 5.25 0 3
      vertex -4 0 3
      vertex -3.93259 -1.37224 3
    endloop
  endfacet
  facet normal 0 0 1
    outer loop
      vertex 17.3386 -0.353547 3
      vertex 12.6614 -0.353547 3
      vertex 17.3764 -0.416677 3
    endloop
  endfacet
  facet normal 0 0 1
    outer loop
      vertex 17.4697 -5.46967 3
      vertex 12.7464 -5.92649 3
      vertex 12.75 -6 3
    endloop
  endfacet
  facet normal 0 0 1
    outer loop
      vertex 12.6236 -0.416677 3
      vertex 17.3764 -0.416677 3
      vertex 12.6614 -0.353547 3
    endloop
  endfacet
  facet normal 0 0 1
    outer loop
      vertex 17.4697 -5.46967 3
      vertex 12.7356 -5.85368 3
      vertex 12.7464 -5.92649 3
    endloop
  endfacet
  facet normal 0 0 1
    outer loop
      vertex 17.3764 -0.416677 3
      vertex 12.6236 -0.416677 3
      vertex 17.4202 -0.475795 3
    endloop
  endfacet
  facet normal 0 0 1
    outer loop
      vertex 17.4697 -5.46967 3
      vertex 12.7177 -5.78229 3
      vertex 12.7356 -5.85368 3
    endloop
  endfacet
  facet normal 0 0 1
    outer loop
      vertex 12.5798 -0.475795 3
      vertex 17.4202 -0.475795 3
      vertex 12.6236 -0.416677 3
    endloop
  endfacet
  facet normal 0 0 1
    outer loop
      vertex 17.4697 -5.46967 3
      vertex 12.6929 -5.71299 3
      vertex 12.7177 -5.78229 3
    endloop
  endfacet
  facet normal 0 0 1
    outer loop
      vertex 17.4202 -0.475795 3
      vertex 12.5798 -0.475795 3
      vertex 17.4697 -0.53033 3
    endloop
  endfacet
  facet normal 0 0 1
    outer loop
      vertex 17.4697 -5.46967 3
      vertex 12.6614 -5.64645 3
      vertex 12.6929 -5.71299 3
    endloop
  endfacet
  facet normal 0 0 1
    outer loop
      vertex 12.5303 -0.53033 3
      vertex 17.4697 -0.53033 3
      vertex 12.5798 -0.475795 3
    endloop
  endfacet
  facet normal 0 0 1
    outer loop
      vertex 17.4697 -5.46967 3
      vertex 12.6236 -5.58332 3
      vertex 12.6614 -5.64645 3
    endloop
  endfacet
  facet normal 0 0 1
    outer loop
      vertex 17.4697 -0.53033 3
      vertex 12.5303 -0.53033 3
      vertex 17.4697 -5.46967 3
    endloop
  endfacet
  facet normal 0 0 1
    outer loop
      vertex 17.4697 -5.46967 3
      vertex 12.5798 -5.5242 3
      vertex 12.6236 -5.58332 3
    endloop
  endfacet
  facet normal 0 0 1
    outer loop
      vertex 12.5303 -5.46967 3
      vertex 17.4697 -5.46967 3
      vertex 12.5303 -0.53033 3
    endloop
  endfacet
  facet normal 0 0 1
    outer loop
      vertex 17.4697 -5.46967 3
      vertex 12.5303 -5.46967 3
      vertex 12.5798 -5.5242 3
    endloop
  endfacet
  facet normal -0 0 1
    outer loop
      vertex 12.4758 -0.579758 3
      vertex 12.5303 -5.46967 3
      vertex 12.5303 -0.53033 3
    endloop
  endfacet
  facet normal 0 0 1
    outer loop
      vertex 12.4758 -0.579758 3
      vertex 12.4758 -5.42024 3
      vertex 12.5303 -5.46967 3
    endloop
  endfacet
  facet normal -0 0 1
    outer loop
      vertex 12.4167 -0.623602 3
      vertex 12.4758 -5.42024 3
      vertex 12.4758 -0.579758 3
    endloop
  endfacet
  facet normal 0 0 1
    outer loop
      vertex 12.4167 -0.623602 3
      vertex 12.4167 -5.3764 3
      vertex 12.4758 -5.42024 3
    endloop
  endfacet
  facet normal -0 0 1
    outer loop
      vertex 12.3535 -0.661441 3
      vertex 12.4167 -5.3764 3
      vertex 12.4167 -0.623602 3
    endloop
  endfacet
  facet normal 0 0 1
    outer loop
      vertex 12.3535 -0.661441 3
      vertex 12.3535 -5.33856 3
      vertex 12.4167 -5.3764 3
    endloop
  endfacet
  facet normal -0 0 1
    outer loop
      vertex 12.287 -0.692909 3
      vertex 12.3535 -5.33856 3
      vertex 12.3535 -0.661441 3
    endloop
  endfacet
  facet normal 0 0 1
    outer loop
      vertex 12.287 -0.692909 3
      vertex 12.287 -5.30709 3
      vertex 12.3535 -5.33856 3
    endloop
  endfacet
  facet normal -0 0 1
    outer loop
      vertex 12.2177 -0.717705 3
      vertex 12.287 -5.30709 3
      vertex 12.287 -0.692909 3
    endloop
  endfacet
  facet normal 0 0 1
    outer loop
      vertex 12.2177 -0.717705 3
      vertex 12.2177 -5.28229 3
      vertex 12.287 -5.30709 3
    endloop
  endfacet
  facet normal -0 0 1
    outer loop
      vertex 12.1463 -0.735588 3
      vertex 12.2177 -5.28229 3
      vertex 12.2177 -0.717705 3
    endloop
  endfacet
  facet normal 0 0 1
    outer loop
      vertex 12.1463 -0.735588 3
      vertex 12.1463 -5.26441 3
      vertex 12.2177 -5.28229 3
    endloop
  endfacet
  facet normal -0 0 1
    outer loop
      vertex 12.0735 -0.746388 3
      vertex 12.1463 -5.26441 3
      vertex 12.1463 -0.735588 3
    endloop
  endfacet
  facet normal 0 0 1
    outer loop
      vertex 12.0735 -0.746388 3
      vertex 12.0735 -5.25361 3
      vertex 12.1463 -5.26441 3
    endloop
  endfacet
  facet normal -0 0 1
    outer loop
      vertex 12 -0.75 3
      vertex 12.0735 -5.25361 3
      vertex 12.0735 -0.746388 3
    endloop
  endfacet
  facet normal 0 0 1
    outer loop
      vertex 12 -0.75 3
      vertex 12 -5.25 3
      vertex 12.0735 -5.25361 3
    endloop
  endfacet
  facet normal 0 0 1
    outer loop
      vertex 11.9265 -0.746388 3
      vertex 12 -5.25 3
      vertex 12 -0.75 3
    endloop
  endfacet
  facet normal 0 0 1
    outer loop
      vertex 11.9265 -0.746388 3
      vertex 11.9265 -5.25361 3
      vertex 12 -5.25 3
    endloop
  endfacet
  facet normal 0 0 1
    outer loop
      vertex 11.8537 -0.735588 3
      vertex 11.9265 -5.25361 3
      vertex 11.9265 -0.746388 3
    endloop
  endfacet
  facet normal 0 0 1
    outer loop
      vertex 11.8537 -0.735588 3
      vertex 11.8537 -5.26441 3
      vertex 11.9265 -5.25361 3
    endloop
  endfacet
  facet normal 0 0 1
    outer loop
      vertex 11.7823 -0.717705 3
      vertex 11.8537 -5.26441 3
      vertex 11.8537 -0.735588 3
    endloop
  endfacet
  facet normal 0 0 1
    outer loop
      vertex 11.7823 -0.717705 3
      vertex 11.7823 -5.28229 3
      vertex 11.8537 -5.26441 3
    endloop
  endfacet
  facet normal 0 0 1
    outer loop
      vertex 11.713 -0.692909 3
      vertex 11.7823 -5.28229 3
      vertex 11.7823 -0.717705 3
    endloop
  endfacet
  facet normal 0 0 1
    outer loop
      vertex 11.713 -0.692909 3
      vertex 11.713 -5.30709 3
      vertex 11.7823 -5.28229 3
    endloop
  endfacet
  facet normal 0 0 1
    outer loop
      vertex 11.6465 -0.661441 3
      vertex 11.713 -5.30709 3
      vertex 11.713 -0.692909 3
    endloop
  endfacet
  facet normal 0 0 1
    outer loop
      vertex 11.6465 -0.661441 3
      vertex 11.6465 -5.33856 3
      vertex 11.713 -5.30709 3
    endloop
  endfacet
  facet normal 0 0 1
    outer loop
      vertex 11.5833 -0.623602 3
      vertex 11.6465 -5.33856 3
      vertex 11.6465 -0.661441 3
    endloop
  endfacet
  facet normal 0 0 1
    outer loop
      vertex 11.5833 -0.623602 3
      vertex 11.5833 -5.3764 3
      vertex 11.6465 -5.33856 3
    endloop
  endfacet
  facet normal 0 0 1
    outer loop
      vertex 11.5242 -0.579758 3
      vertex 11.5833 -5.3764 3
      vertex 11.5833 -0.623602 3
    endloop
  endfacet
  facet normal 0 0 1
    outer loop
      vertex 11.5242 -0.579758 3
      vertex 11.5242 -5.42024 3
      vertex 11.5833 -5.3764 3
    endloop
  endfacet
  facet normal 0 0 1
    outer loop
      vertex 11.4697 -0.53033 3
      vertex 11.5242 -5.42024 3
      vertex 11.5242 -0.579758 3
    endloop
  endfacet
  facet normal 0 0 1
    outer loop
      vertex 11.4697 -0.53033 3
      vertex 11.4697 -5.46967 3
      vertex 11.5242 -5.42024 3
    endloop
  endfacet
  facet normal 0 0 1
    outer loop
      vertex 6.69291 -0.287012 3
      vertex 11.3071 -0.287012 3
      vertex 6.7177 -0.217713 3
    endloop
  endfacet
  facet normal 0 0 1
    outer loop
      vertex 11.3071 -0.287012 3
      vertex 6.69291 -0.287012 3
      vertex 11.3386 -0.353547 3
    endloop
  endfacet
  facet normal 0 0 1
    outer loop
      vertex 11.2823 -0.217713 3
      vertex 6.7177 -0.217713 3
      vertex 11.3071 -0.287012 3
    endloop
  endfacet
  facet normal 0 0 1
    outer loop
      vertex 6.66144 -0.353547 3
      vertex 11.3386 -0.353547 3
      vertex 6.69291 -0.287012 3
    endloop
  endfacet
  facet normal 0 0 1
    outer loop
      vertex 6.7177 -0.217713 3
      vertex 11.2823 -0.217713 3
      vertex 6.73559 -0.146317 3
    endloop
  endfacet
  facet normal 0 0 1
    outer loop
      vertex 11.4697 -5.46967 3
      vertex 6.75 -6 3
      vertex 11.4202 -5.5242 3
    endloop
  endfacet
  facet normal 0 0 1
    outer loop
      vertex 11.2644 -0.146317 3
      vertex 6.73559 -0.146317 3
      vertex 11.2823 -0.217713 3
    endloop
  endfacet
  facet normal 0 0 1
    outer loop
      vertex 11.4202 -5.5242 3
      vertex 6.75 -6 3
      vertex 11.3764 -5.58332 3
    endloop
  endfacet
  facet normal 0 0 1
    outer loop
      vertex 6.73559 -0.146317 3
      vertex 11.2644 -0.146317 3
      vertex 6.74639 -0.0735121 3
    endloop
  endfacet
  facet normal 0 0 1
    outer loop
      vertex 11.3764 -5.58332 3
      vertex 6.75 -6 3
      vertex 11.3386 -5.64645 3
    endloop
  endfacet
  facet normal 0 0 1
    outer loop
      vertex 6.74639 -0.0735121 3
      vertex 11.2536 -0.0735121 3
      vertex 6.75 0 3
    endloop
  endfacet
  facet normal 0 0 1
    outer loop
      vertex 11.2536 -0.0735121 3
      vertex 6.74639 -0.0735121 3
      vertex 11.2644 -0.146317 3
    endloop
  endfacet
  facet normal 0 0 1
    outer loop
      vertex 11.25 0 3
      vertex 6.75 0 3
      vertex 11.2536 -0.0735121 3
    endloop
  endfacet
  facet normal 0 0 1
    outer loop
      vertex 11.3386 -5.64645 3
      vertex 6.75 -6 3
      vertex 11.3071 -5.71299 3
    endloop
  endfacet
  facet normal 0 0 1
    outer loop
      vertex 11.2536 0.0735121 3
      vertex 6.75 0 3
      vertex 11.25 0 3
    endloop
  endfacet
  facet normal 0 0 1
    outer loop
      vertex 11.3071 -5.71299 3
      vertex 6.75 -6 3
      vertex 11.2823 -5.78229 3
    endloop
  endfacet
  facet normal 0 0 1
    outer loop
      vertex 17.3386 5.64645 3
      vertex 12.6614 5.64645 3
      vertex 17.3764 5.58332 3
    endloop
  endfacet
  facet normal 0 0 1
    outer loop
      vertex 17.4697 0.53033 3
      vertex 12.7464 0.0735121 3
      vertex 12.75 0 3
    endloop
  endfacet
  facet normal 0 0 1
    outer loop
      vertex 12.6236 5.58332 3
      vertex 17.3764 5.58332 3
      vertex 12.6614 5.64645 3
    endloop
  endfacet
  facet normal 0 0 1
    outer loop
      vertex 17.4697 0.53033 3
      vertex 12.7356 0.146317 3
      vertex 12.7464 0.0735121 3
    endloop
  endfacet
  facet normal 0 0 1
    outer loop
      vertex 17.3764 5.58332 3
      vertex 12.6236 5.58332 3
      vertex 17.4202 5.5242 3
    endloop
  endfacet
  facet normal 0 0 1
    outer loop
      vertex 17.4697 0.53033 3
      vertex 12.7177 0.217713 3
      vertex 12.7356 0.146317 3
    endloop
  endfacet
  facet normal 0 0 1
    outer loop
      vertex 12.5798 5.5242 3
      vertex 17.4202 5.5242 3
      vertex 12.6236 5.58332 3
    endloop
  endfacet
  facet normal 0 0 1
    outer loop
      vertex 17.4697 0.53033 3
      vertex 12.6929 0.287012 3
      vertex 12.7177 0.217713 3
    endloop
  endfacet
  facet normal 0 0 1
    outer loop
      vertex 17.4202 5.5242 3
      vertex 12.5798 5.5242 3
      vertex 17.4697 5.46967 3
    endloop
  endfacet
  facet normal 0 0 1
    outer loop
      vertex 17.4697 0.53033 3
      vertex 12.6614 0.353547 3
      vertex 12.6929 0.287012 3
    endloop
  endfacet
  facet normal 0 0 1
    outer loop
      vertex 12.5303 5.46967 3
      vertex 17.4697 5.46967 3
      vertex 12.5798 5.5242 3
    endloop
  endfacet
  facet normal 0 0 1
    outer loop
      vertex 17.4697 0.53033 3
      vertex 12.6236 0.416677 3
      vertex 12.6614 0.353547 3
    endloop
  endfacet
  facet normal 0 0 1
    outer loop
      vertex 17.4697 5.46967 3
      vertex 12.5303 5.46967 3
      vertex 17.4697 0.53033 3
    endloop
  endfacet
  facet normal 0 0 1
    outer loop
      vertex 17.4697 0.53033 3
      vertex 12.5798 0.475795 3
      vertex 12.6236 0.416677 3
    endloop
  endfacet
  facet normal 0 0 1
    outer loop
      vertex 12.5303 0.53033 3
      vertex 17.4697 0.53033 3
      vertex 12.5303 5.46967 3
    endloop
  endfacet
  facet normal 0 0 1
    outer loop
      vertex 17.4697 0.53033 3
      vertex 12.5303 0.53033 3
      vertex 12.5798 0.475795 3
    endloop
  endfacet
  facet normal -0 0 1
    outer loop
      vertex 12.4758 5.42024 3
      vertex 12.5303 0.53033 3
      vertex 12.5303 5.46967 3
    endloop
  endfacet
  facet normal 0 0 1
    outer loop
      vertex 12.4758 5.42024 3
      vertex 12.4758 0.579758 3
      vertex 12.5303 0.53033 3
    endloop
  endfacet
  facet normal -0 0 1
    outer loop
      vertex 12.4167 5.3764 3
      vertex 12.4758 0.579758 3
      vertex 12.4758 5.42024 3
    endloop
  endfacet
  facet normal 0 0 1
    outer loop
      vertex 12.4167 5.3764 3
      vertex 12.4167 0.623602 3
      vertex 12.4758 0.579758 3
    endloop
  endfacet
  facet normal -0 0 1
    outer loop
      vertex 12.3535 5.33856 3
      vertex 12.4167 0.623602 3
      vertex 12.4167 5.3764 3
    endloop
  endfacet
  facet normal 0 0 1
    outer loop
      vertex 12.3535 5.33856 3
      vertex 12.3535 0.661441 3
      vertex 12.4167 0.623602 3
    endloop
  endfacet
  facet normal -0 0 1
    outer loop
      vertex 12.287 5.30709 3
      vertex 12.3535 0.661441 3
      vertex 12.3535 5.33856 3
    endloop
  endfacet
  facet normal 0 0 1
    outer loop
      vertex 12.287 5.30709 3
      vertex 12.287 0.692909 3
      vertex 12.3535 0.661441 3
    endloop
  endfacet
  facet normal -0 0 1
    outer loop
      vertex 12.2177 5.28229 3
      vertex 12.287 0.692909 3
      vertex 12.287 5.30709 3
    endloop
  endfacet
  facet normal 0 0 1
    outer loop
      vertex 12.2177 5.28229 3
      vertex 12.2177 0.717705 3
      vertex 12.287 0.692909 3
    endloop
  endfacet
  facet normal -0 0 1
    outer loop
      vertex 12.1463 5.26441 3
      vertex 12.2177 0.717705 3
      vertex 12.2177 5.28229 3
    endloop
  endfacet
  facet normal 0 0 1
    outer loop
      vertex 12.1463 5.26441 3
      vertex 12.1463 0.735588 3
      vertex 12.2177 0.717705 3
    endloop
  endfacet
  facet normal -0 0 1
    outer loop
      vertex 12.0735 5.25361 3
      vertex 12.1463 0.735588 3
      vertex 12.1463 5.26441 3
    endloop
  endfacet
  facet normal 0 0 1
    outer loop
      vertex 12.0735 5.25361 3
      vertex 12.0735 0.746388 3
      vertex 12.1463 0.735588 3
    endloop
  endfacet
  facet normal -0 0 1
    outer loop
      vertex 12 5.25 3
      vertex 12.0735 0.746388 3
      vertex 12.0735 5.25361 3
    endloop
  endfacet
  facet normal 0 0 1
    outer loop
      vertex 12 5.25 3
      vertex 12 0.75 3
      vertex 12.0735 0.746388 3
    endloop
  endfacet
  facet normal 0 0 1
    outer loop
      vertex 11.9265 5.25361 3
      vertex 12 0.75 3
      vertex 12 5.25 3
    endloop
  endfacet
  facet normal 0 0 1
    outer loop
      vertex 11.9265 5.25361 3
      vertex 11.9265 0.746388 3
      vertex 12 0.75 3
    endloop
  endfacet
  facet normal 0 0 1
    outer loop
      vertex 11.8537 5.26441 3
      vertex 11.9265 0.746388 3
      vertex 11.9265 5.25361 3
    endloop
  endfacet
  facet normal 0 0 1
    outer loop
      vertex 11.8537 5.26441 3
      vertex 11.8537 0.735588 3
      vertex 11.9265 0.746388 3
    endloop
  endfacet
  facet normal 0 0 1
    outer loop
      vertex 11.7823 5.28229 3
      vertex 11.8537 0.735588 3
      vertex 11.8537 5.26441 3
    endloop
  endfacet
  facet normal 0 0 1
    outer loop
      vertex 11.7823 5.28229 3
      vertex 11.7823 0.717705 3
      vertex 11.8537 0.735588 3
    endloop
  endfacet
  facet normal 0 0 1
    outer loop
      vertex 11.713 5.30709 3
      vertex 11.7823 0.717705 3
      vertex 11.7823 5.28229 3
    endloop
  endfacet
  facet normal 0 0 1
    outer loop
      vertex 11.713 5.30709 3
      vertex 11.713 0.692909 3
      vertex 11.7823 0.717705 3
    endloop
  endfacet
  facet normal 0 0 1
    outer loop
      vertex 11.6465 5.33856 3
      vertex 11.713 0.692909 3
      vertex 11.713 5.30709 3
    endloop
  endfacet
  facet normal 0 0 1
    outer loop
      vertex 11.6465 5.33856 3
      vertex 11.6465 0.661441 3
      vertex 11.713 0.692909 3
    endloop
  endfacet
  facet normal 0 0 1
    outer loop
      vertex 11.5833 5.3764 3
      vertex 11.6465 0.661441 3
      vertex 11.6465 5.33856 3
    endloop
  endfacet
  facet normal 0 0 1
    outer loop
      vertex 11.5833 5.3764 3
      vertex 11.5833 0.623602 3
      vertex 11.6465 0.661441 3
    endloop
  endfacet
  facet normal 0 0 1
    outer loop
      vertex 11.5242 5.42024 3
      vertex 11.5833 0.623602 3
      vertex 11.5833 5.3764 3
    endloop
  endfacet
  facet normal 0 0 1
    outer loop
      vertex 11.5242 5.42024 3
      vertex 11.5242 0.579758 3
      vertex 11.5833 0.623602 3
    endloop
  endfacet
  facet normal 0 0 1
    outer loop
      vertex 11.4697 5.46967 3
      vertex 11.5242 0.579758 3
      vertex 11.5242 5.42024 3
    endloop
  endfacet
  facet normal 0 0 1
    outer loop
      vertex 11.4697 5.46967 3
      vertex 11.4697 0.53033 3
      vertex 11.5242 0.579758 3
    endloop
  endfacet
  facet normal 0 0 1
    outer loop
      vertex 6.69291 5.71299 3
      vertex 11.3071 5.71299 3
      vertex 6.7177 5.78229 3
    endloop
  endfacet
  facet normal 0 0 1
    outer loop
      vertex 11.3071 5.71299 3
      vertex 6.69291 5.71299 3
      vertex 11.3386 5.64645 3
    endloop
  endfacet
  facet normal 0 0 1
    outer loop
      vertex 11.2823 5.78229 3
      vertex 6.7177 5.78229 3
      vertex 11.3071 5.71299 3
    endloop
  endfacet
  facet normal 0 0 1
    outer loop
      vertex 6.66144 5.64645 3
      vertex 11.3386 5.64645 3
      vertex 6.69291 5.71299 3
    endloop
  endfacet
  facet normal 0 0 1
    outer loop
      vertex 6.7177 5.78229 3
      vertex 11.2823 5.78229 3
      vertex 6.73559 5.85368 3
    endloop
  endfacet
  facet normal 0 0 1
    outer loop
      vertex 11.4697 0.53033 3
      vertex 6.75 0 3
      vertex 11.4202 0.475795 3
    endloop
  endfacet
  facet normal 0 0 1
    outer loop
      vertex 11.2644 5.85368 3
      vertex 6.73559 5.85368 3
      vertex 11.2823 5.78229 3
    endloop
  endfacet
  facet normal 0 0 1
    outer loop
      vertex 11.4202 0.475795 3
      vertex 6.75 0 3
      vertex 11.3764 0.416677 3
    endloop
  endfacet
  facet normal 0 0 1
    outer loop
      vertex 6.73559 5.85368 3
      vertex 11.2644 5.85368 3
      vertex 6.74639 5.92649 3
    endloop
  endfacet
  facet normal 0 0 1
    outer loop
      vertex 11.3764 0.416677 3
      vertex 6.75 0 3
      vertex 11.3386 0.353547 3
    endloop
  endfacet
  facet normal 0 0 1
    outer loop
      vertex 11.2536 5.92649 3
      vertex 6.74639 5.92649 3
      vertex 11.2644 5.85368 3
    endloop
  endfacet
  facet normal 0 0 1
    outer loop
      vertex 11.3386 0.353547 3
      vertex 6.75 0 3
      vertex 11.3071 0.287012 3
    endloop
  endfacet
  facet normal 0 0 1
    outer loop
      vertex 6.74639 5.92649 3
      vertex 11.2536 5.92649 3
      vertex 6.75 6 3
    endloop
  endfacet
  facet normal 0 0 1
    outer loop
      vertex 11.3071 0.287012 3
      vertex 6.75 0 3
      vertex 11.2823 0.217713 3
    endloop
  endfacet
  facet normal -0 0 1
    outer loop
      vertex 6.75 6 3
      vertex 11.2536 5.92649 3
      vertex 11.25 6 3
    endloop
  endfacet
  facet normal 0 0 1
    outer loop
      vertex 11.2823 0.217713 3
      vertex 6.75 0 3
      vertex 11.2644 0.146317 3
    endloop
  endfacet
  facet normal 0 0 1
    outer loop
      vertex 23.3386 -0.353547 3
      vertex 18.6614 -0.353547 3
      vertex 23.3764 -0.416677 3
    endloop
  endfacet
  facet normal 0 0 1
    outer loop
      vertex 23.4697 -5.46967 3
      vertex 18.7464 -5.92649 3
      vertex 18.75 -6 3
    endloop
  endfacet
  facet normal 0 0 1
    outer loop
      vertex 18.6236 -0.416677 3
      vertex 23.3764 -0.416677 3
      vertex 18.6614 -0.353547 3
    endloop
  endfacet
  facet normal 0 0 1
    outer loop
      vertex 23.4697 -5.46967 3
      vertex 18.7356 -5.85368 3
      vertex 18.7464 -5.92649 3
    endloop
  endfacet
  facet normal 0 0 1
    outer loop
      vertex 23.3764 -0.416677 3
      vertex 18.6236 -0.416677 3
      vertex 23.4202 -0.475795 3
    endloop
  endfacet
  facet normal 0 0 1
    outer loop
      vertex 23.4697 -5.46967 3
      vertex 18.7177 -5.78229 3
      vertex 18.7356 -5.85368 3
    endloop
  endfacet
  facet normal 0 0 1
    outer loop
      vertex 18.5798 -0.475795 3
      vertex 23.4202 -0.475795 3
      vertex 18.6236 -0.416677 3
    endloop
  endfacet
  facet normal 0 0 1
    outer loop
      vertex 23.4697 -5.46967 3
      vertex 18.6929 -5.71299 3
      vertex 18.7177 -5.78229 3
    endloop
  endfacet
  facet normal 0 0 1
    outer loop
      vertex 23.4202 -0.475795 3
      vertex 18.5798 -0.475795 3
      vertex 23.4697 -0.53033 3
    endloop
  endfacet
  facet normal 0 0 1
    outer loop
      vertex 23.4697 -5.46967 3
      vertex 18.6614 -5.64645 3
      vertex 18.6929 -5.71299 3
    endloop
  endfacet
  facet normal 0 0 1
    outer loop
      vertex 18.5303 -0.53033 3
      vertex 23.4697 -0.53033 3
      vertex 18.5798 -0.475795 3
    endloop
  endfacet
  facet normal 0 0 1
    outer loop
      vertex 23.4697 -5.46967 3
      vertex 18.6236 -5.58332 3
      vertex 18.6614 -5.64645 3
    endloop
  endfacet
  facet normal 0 0 1
    outer loop
      vertex 23.4697 -0.53033 3
      vertex 18.5303 -0.53033 3
      vertex 23.4697 -5.46967 3
    endloop
  endfacet
  facet normal 0 0 1
    outer loop
      vertex 23.4697 -5.46967 3
      vertex 18.5798 -5.5242 3
      vertex 18.6236 -5.58332 3
    endloop
  endfacet
  facet normal 0 0 1
    outer loop
      vertex 18.5303 -5.46967 3
      vertex 23.4697 -5.46967 3
      vertex 18.5303 -0.53033 3
    endloop
  endfacet
  facet normal 0 0 1
    outer loop
      vertex 23.4697 -5.46967 3
      vertex 18.5303 -5.46967 3
      vertex 18.5798 -5.5242 3
    endloop
  endfacet
  facet normal -0 0 1
    outer loop
      vertex 18.4758 -0.579758 3
      vertex 18.5303 -5.46967 3
      vertex 18.5303 -0.53033 3
    endloop
  endfacet
  facet normal 0 0 1
    outer loop
      vertex 18.4758 -0.579758 3
      vertex 18.4758 -5.42024 3
      vertex 18.5303 -5.46967 3
    endloop
  endfacet
  facet normal -0 0 1
    outer loop
      vertex 18.4167 -0.623602 3
      vertex 18.4758 -5.42024 3
      vertex 18.4758 -0.579758 3
    endloop
  endfacet
  facet normal 0 0 1
    outer loop
      vertex 18.4167 -0.623602 3
      vertex 18.4167 -5.3764 3
      vertex 18.4758 -5.42024 3
    endloop
  endfacet
  facet normal -0 0 1
    outer loop
      vertex 18.3535 -0.661441 3
      vertex 18.4167 -5.3764 3
      vertex 18.4167 -0.623602 3
    endloop
  endfacet
  facet normal 0 0 1
    outer loop
      vertex 18.3535 -0.661441 3
      vertex 18.3535 -5.33856 3
      vertex 18.4167 -5.3764 3
    endloop
  endfacet
  facet normal -0 0 1
    outer loop
      vertex 18.287 -0.692909 3
      vertex 18.3535 -5.33856 3
      vertex 18.3535 -0.661441 3
    endloop
  endfacet
  facet normal 0 0 1
    outer loop
      vertex 18.287 -0.692909 3
      vertex 18.287 -5.30709 3
      vertex 18.3535 -5.33856 3
    endloop
  endfacet
  facet normal -0 0 1
    outer loop
      vertex 18.2177 -0.717705 3
      vertex 18.287 -5.30709 3
      vertex 18.287 -0.692909 3
    endloop
  endfacet
  facet normal 0 0 1
    outer loop
      vertex 18.2177 -0.717705 3
      vertex 18.2177 -5.28229 3
      vertex 18.287 -5.30709 3
    endloop
  endfacet
  facet normal -0 0 1
    outer loop
      vertex 18.1463 -0.735588 3
      vertex 18.2177 -5.28229 3
      vertex 18.2177 -0.717705 3
    endloop
  endfacet
  facet normal 0 0 1
    outer loop
      vertex 18.1463 -0.735588 3
      vertex 18.1463 -5.26441 3
      vertex 18.2177 -5.28229 3
    endloop
  endfacet
  facet normal -0 0 1
    outer loop
      vertex 18.0735 -0.746388 3
      vertex 18.1463 -5.26441 3
      vertex 18.1463 -0.735588 3
    endloop
  endfacet
  facet normal 0 0 1
    outer loop
      vertex 18.0735 -0.746388 3
      vertex 18.0735 -5.25361 3
      vertex 18.1463 -5.26441 3
    endloop
  endfacet
  facet normal -0 0 1
    outer loop
      vertex 18 -0.75 3
      vertex 18.0735 -5.25361 3
      vertex 18.0735 -0.746388 3
    endloop
  endfacet
  facet normal 0 0 1
    outer loop
      vertex 18 -0.75 3
      vertex 18 -5.25 3
      vertex 18.0735 -5.25361 3
    endloop
  endfacet
  facet normal 0 0 1
    outer loop
      vertex 17.9265 -0.746388 3
      vertex 18 -5.25 3
      vertex 18 -0.75 3
    endloop
  endfacet
  facet normal 0 0 1
    outer loop
      vertex 17.9265 -0.746388 3
      vertex 17.9265 -5.25361 3
      vertex 18 -5.25 3
    endloop
  endfacet
  facet normal 0 0 1
    outer loop
      vertex 17.8537 -0.735588 3
      vertex 17.9265 -5.25361 3
      vertex 17.9265 -0.746388 3
    endloop
  endfacet
  facet normal 0 0 1
    outer loop
      vertex 17.8537 -0.735588 3
      vertex 17.8537 -5.26441 3
      vertex 17.9265 -5.25361 3
    endloop
  endfacet
  facet normal 0 0 1
    outer loop
      vertex 17.7823 -0.717705 3
      vertex 17.8537 -5.26441 3
      vertex 17.8537 -0.735588 3
    endloop
  endfacet
  facet normal 0 0 1
    outer loop
      vertex 17.7823 -0.717705 3
      vertex 17.7823 -5.28229 3
      vertex 17.8537 -5.26441 3
    endloop
  endfacet
  facet normal 0 0 1
    outer loop
      vertex 17.713 -0.692909 3
      vertex 17.7823 -5.28229 3
      vertex 17.7823 -0.717705 3
    endloop
  endfacet
  facet normal 0 0 1
    outer loop
      vertex 17.713 -0.692909 3
      vertex 17.713 -5.30709 3
      vertex 17.7823 -5.28229 3
    endloop
  endfacet
  facet normal 0 0 1
    outer loop
      vertex 17.6465 -0.661441 3
      vertex 17.713 -5.30709 3
      vertex 17.713 -0.692909 3
    endloop
  endfacet
  facet normal 0 0 1
    outer loop
      vertex 17.6465 -0.661441 3
      vertex 17.6465 -5.33856 3
      vertex 17.713 -5.30709 3
    endloop
  endfacet
  facet normal 0 0 1
    outer loop
      vertex 17.5833 -0.623602 3
      vertex 17.6465 -5.33856 3
      vertex 17.6465 -0.661441 3
    endloop
  endfacet
  facet normal 0 0 1
    outer loop
      vertex 17.5833 -0.623602 3
      vertex 17.5833 -5.3764 3
      vertex 17.6465 -5.33856 3
    endloop
  endfacet
  facet normal 0 0 1
    outer loop
      vertex 17.5242 -0.579758 3
      vertex 17.5833 -5.3764 3
      vertex 17.5833 -0.623602 3
    endloop
  endfacet
  facet normal 0 0 1
    outer loop
      vertex 17.5242 -0.579758 3
      vertex 17.5242 -5.42024 3
      vertex 17.5833 -5.3764 3
    endloop
  endfacet
  facet normal 0 0 1
    outer loop
      vertex 17.4697 -0.53033 3
      vertex 17.5242 -5.42024 3
      vertex 17.5242 -0.579758 3
    endloop
  endfacet
  facet normal 0 0 1
    outer loop
      vertex 17.4697 -0.53033 3
      vertex 17.4697 -5.46967 3
      vertex 17.5242 -5.42024 3
    endloop
  endfacet
  facet normal 0 0 1
    outer loop
      vertex 12.6929 -0.287012 3
      vertex 17.3071 -0.287012 3
      vertex 12.7177 -0.217713 3
    endloop
  endfacet
  facet normal 0 0 1
    outer loop
      vertex 17.3071 -0.287012 3
      vertex 12.6929 -0.287012 3
      vertex 17.3386 -0.353547 3
    endloop
  endfacet
  facet normal 0 0 1
    outer loop
      vertex 17.2823 -0.217713 3
      vertex 12.7177 -0.217713 3
      vertex 17.3071 -0.287012 3
    endloop
  endfacet
  facet normal 0 0 1
    outer loop
      vertex 12.6614 -0.353547 3
      vertex 17.3386 -0.353547 3
      vertex 12.6929 -0.287012 3
    endloop
  endfacet
  facet normal 0 0 1
    outer loop
      vertex 12.7177 -0.217713 3
      vertex 17.2823 -0.217713 3
      vertex 12.7356 -0.146317 3
    endloop
  endfacet
  facet normal 0 0 1
    outer loop
      vertex 17.4697 -5.46967 3
      vertex 12.75 -6 3
      vertex 17.4202 -5.5242 3
    endloop
  endfacet
  facet normal 0 0 1
    outer loop
      vertex 17.2644 -0.146317 3
      vertex 12.7356 -0.146317 3
      vertex 17.2823 -0.217713 3
    endloop
  endfacet
  facet normal 0 0 1
    outer loop
      vertex 17.4202 -5.5242 3
      vertex 12.75 -6 3
      vertex 17.3764 -5.58332 3
    endloop
  endfacet
  facet normal 0 0 1
    outer loop
      vertex 12.7356 -0.146317 3
      vertex 17.2644 -0.146317 3
      vertex 12.7464 -0.0735121 3
    endloop
  endfacet
  facet normal 0 0 1
    outer loop
      vertex 17.3764 -5.58332 3
      vertex 12.75 -6 3
      vertex 17.3386 -5.64645 3
    endloop
  endfacet
  facet normal 0 0 1
    outer loop
      vertex 17.2536 -0.0735121 3
      vertex 12.7464 -0.0735121 3
      vertex 17.2644 -0.146317 3
    endloop
  endfacet
  facet normal 0 0 1
    outer loop
      vertex 17.3386 -5.64645 3
      vertex 12.75 -6 3
      vertex 17.3071 -5.71299 3
    endloop
  endfacet
  facet normal 0 0 1
    outer loop
      vertex 12.7464 -0.0735121 3
      vertex 17.2536 -0.0735121 3
      vertex 12.75 0 3
    endloop
  endfacet
  facet normal 0 0 1
    outer loop
      vertex 17.3071 -5.71299 3
      vertex 12.75 -6 3
      vertex 17.2823 -5.78229 3
    endloop
  endfacet
  facet normal -0 0 1
    outer loop
      vertex 12.75 0 3
      vertex 17.2536 -0.0735121 3
      vertex 17.25 0 3
    endloop
  endfacet
  facet normal 0 0 1
    outer loop
      vertex 17.2823 -5.78229 3
      vertex 12.75 -6 3
      vertex 17.2644 -5.85368 3
    endloop
  endfacet
  facet normal 0 0 1
    outer loop
      vertex 23.3386 5.64645 3
      vertex 18.6614 5.64645 3
      vertex 23.3764 5.58332 3
    endloop
  endfacet
  facet normal 0 0 1
    outer loop
      vertex 23.4697 0.53033 3
      vertex 18.7464 0.0735121 3
      vertex 18.75 0 3
    endloop
  endfacet
  facet normal 0 0 1
    outer loop
      vertex 18.6236 5.58332 3
      vertex 23.3764 5.58332 3
      vertex 18.6614 5.64645 3
    endloop
  endfacet
  facet normal 0 0 1
    outer loop
      vertex 23.4697 0.53033 3
      vertex 18.7356 0.146317 3
      vertex 18.7464 0.0735121 3
    endloop
  endfacet
  facet normal 0 0 1
    outer loop
      vertex 23.3764 5.58332 3
      vertex 18.6236 5.58332 3
      vertex 23.4202 5.5242 3
    endloop
  endfacet
  facet normal 0 0 1
    outer loop
      vertex 23.4697 0.53033 3
      vertex 18.7177 0.217713 3
      vertex 18.7356 0.146317 3
    endloop
  endfacet
  facet normal 0 0 1
    outer loop
      vertex 18.5798 5.5242 3
      vertex 23.4202 5.5242 3
      vertex 18.6236 5.58332 3
    endloop
  endfacet
  facet normal 0 0 1
    outer loop
      vertex 23.4697 0.53033 3
      vertex 18.6929 0.287012 3
      vertex 18.7177 0.217713 3
    endloop
  endfacet
  facet normal 0 0 1
    outer loop
      vertex 23.4202 5.5242 3
      vertex 18.5798 5.5242 3
      vertex 23.4697 5.46967 3
    endloop
  endfacet
  facet normal 0 0 1
    outer loop
      vertex 23.4697 0.53033 3
      vertex 18.6614 0.353547 3
      vertex 18.6929 0.287012 3
    endloop
  endfacet
  facet normal 0 0 1
    outer loop
      vertex 18.5303 5.46967 3
      vertex 23.4697 5.46967 3
      vertex 18.5798 5.5242 3
    endloop
  endfacet
  facet normal 0 0 1
    outer loop
      vertex 23.4697 0.53033 3
      vertex 18.6236 0.416677 3
      vertex 18.6614 0.353547 3
    endloop
  endfacet
  facet normal 0 0 1
    outer loop
      vertex 23.4697 5.46967 3
      vertex 18.5303 5.46967 3
      vertex 23.4697 0.53033 3
    endloop
  endfacet
  facet normal 0 0 1
    outer loop
      vertex 23.4697 0.53033 3
      vertex 18.5798 0.475795 3
      vertex 18.6236 0.416677 3
    endloop
  endfacet
  facet normal 0 0 1
    outer loop
      vertex 18.5303 0.53033 3
      vertex 23.4697 0.53033 3
      vertex 18.5303 5.46967 3
    endloop
  endfacet
  facet normal 0 0 1
    outer loop
      vertex 23.4697 0.53033 3
      vertex 18.5303 0.53033 3
      vertex 18.5798 0.475795 3
    endloop
  endfacet
  facet normal -0 0 1
    outer loop
      vertex 18.4758 5.42024 3
      vertex 18.5303 0.53033 3
      vertex 18.5303 5.46967 3
    endloop
  endfacet
  facet normal 0 0 1
    outer loop
      vertex 18.4758 5.42024 3
      vertex 18.4758 0.579758 3
      vertex 18.5303 0.53033 3
    endloop
  endfacet
  facet normal -0 0 1
    outer loop
      vertex 18.4167 5.3764 3
      vertex 18.4758 0.579758 3
      vertex 18.4758 5.42024 3
    endloop
  endfacet
  facet normal 0 0 1
    outer loop
      vertex 18.4167 5.3764 3
      vertex 18.4167 0.623602 3
      vertex 18.4758 0.579758 3
    endloop
  endfacet
  facet normal -0 0 1
    outer loop
      vertex 18.3535 5.33856 3
      vertex 18.4167 0.623602 3
      vertex 18.4167 5.3764 3
    endloop
  endfacet
  facet normal 0 0 1
    outer loop
      vertex 18.3535 5.33856 3
      vertex 18.3535 0.661441 3
      vertex 18.4167 0.623602 3
    endloop
  endfacet
  facet normal -0 0 1
    outer loop
      vertex 18.287 5.30709 3
      vertex 18.3535 0.661441 3
      vertex 18.3535 5.33856 3
    endloop
  endfacet
  facet normal 0 0 1
    outer loop
      vertex 18.287 5.30709 3
      vertex 18.287 0.692909 3
      vertex 18.3535 0.661441 3
    endloop
  endfacet
  facet normal -0 0 1
    outer loop
      vertex 18.2177 5.28229 3
      vertex 18.287 0.692909 3
      vertex 18.287 5.30709 3
    endloop
  endfacet
  facet normal 0 0 1
    outer loop
      vertex 18.2177 5.28229 3
      vertex 18.2177 0.717705 3
      vertex 18.287 0.692909 3
    endloop
  endfacet
  facet normal -0 0 1
    outer loop
      vertex 18.1463 5.26441 3
      vertex 18.2177 0.717705 3
      vertex 18.2177 5.28229 3
    endloop
  endfacet
  facet normal 0 0 1
    outer loop
      vertex 18.1463 5.26441 3
      vertex 18.1463 0.735588 3
      vertex 18.2177 0.717705 3
    endloop
  endfacet
  facet normal -0 0 1
    outer loop
      vertex 18.0735 5.25361 3
      vertex 18.1463 0.735588 3
      vertex 18.1463 5.26441 3
    endloop
  endfacet
  facet normal 0 0 1
    outer loop
      vertex 18.0735 5.25361 3
      vertex 18.0735 0.746388 3
      vertex 18.1463 0.735588 3
    endloop
  endfacet
  facet normal -0 0 1
    outer loop
      vertex 18 5.25 3
      vertex 18.0735 0.746388 3
      vertex 18.0735 5.25361 3
    endloop
  endfacet
  facet normal 0 0 1
    outer loop
      vertex 18 5.25 3
      vertex 18 0.75 3
      vertex 18.0735 0.746388 3
    endloop
  endfacet
  facet normal 0 0 1
    outer loop
      vertex 17.9265 5.25361 3
      vertex 18 0.75 3
      vertex 18 5.25 3
    endloop
  endfacet
  facet normal 0 0 1
    outer loop
      vertex 17.9265 5.25361 3
      vertex 17.9265 0.746388 3
      vertex 18 0.75 3
    endloop
  endfacet
  facet normal 0 0 1
    outer loop
      vertex 17.8537 5.26441 3
      vertex 17.9265 0.746388 3
      vertex 17.9265 5.25361 3
    endloop
  endfacet
  facet normal 0 0 1
    outer loop
      vertex 17.8537 5.26441 3
      vertex 17.8537 0.735588 3
      vertex 17.9265 0.746388 3
    endloop
  endfacet
  facet normal 0 0 1
    outer loop
      vertex 17.7823 5.28229 3
      vertex 17.8537 0.735588 3
      vertex 17.8537 5.26441 3
    endloop
  endfacet
  facet normal 0 0 1
    outer loop
      vertex 17.7823 5.28229 3
      vertex 17.7823 0.717705 3
      vertex 17.8537 0.735588 3
    endloop
  endfacet
  facet normal 0 0 1
    outer loop
      vertex 17.713 5.30709 3
      vertex 17.7823 0.717705 3
      vertex 17.7823 5.28229 3
    endloop
  endfacet
  facet normal 0 0 1
    outer loop
      vertex 17.713 5.30709 3
      vertex 17.713 0.692909 3
      vertex 17.7823 0.717705 3
    endloop
  endfacet
  facet normal 0 0 1
    outer loop
      vertex 17.6465 5.33856 3
      vertex 17.713 0.692909 3
      vertex 17.713 5.30709 3
    endloop
  endfacet
  facet normal 0 0 1
    outer loop
      vertex 17.6465 5.33856 3
      vertex 17.6465 0.661441 3
      vertex 17.713 0.692909 3
    endloop
  endfacet
  facet normal 0 0 1
    outer loop
      vertex 17.5833 5.3764 3
      vertex 17.6465 0.661441 3
      vertex 17.6465 5.33856 3
    endloop
  endfacet
  facet normal 0 0 1
    outer loop
      vertex 17.5833 5.3764 3
      vertex 17.5833 0.623602 3
      vertex 17.6465 0.661441 3
    endloop
  endfacet
  facet normal 0 0 1
    outer loop
      vertex 17.5242 5.42024 3
      vertex 17.5833 0.623602 3
      vertex 17.5833 5.3764 3
    endloop
  endfacet
  facet normal 0 0 1
    outer loop
      vertex 17.5242 5.42024 3
      vertex 17.5242 0.579758 3
      vertex 17.5833 0.623602 3
    endloop
  endfacet
  facet normal 0 0 1
    outer loop
      vertex 17.4697 5.46967 3
      vertex 17.5242 0.579758 3
      vertex 17.5242 5.42024 3
    endloop
  endfacet
  facet normal 0 0 1
    outer loop
      vertex 17.4697 5.46967 3
      vertex 17.4697 0.53033 3
      vertex 17.5242 0.579758 3
    endloop
  endfacet
  facet normal 0 0 1
    outer loop
      vertex 12.6929 5.71299 3
      vertex 17.3071 5.71299 3
      vertex 12.7177 5.78229 3
    endloop
  endfacet
  facet normal 0 0 1
    outer loop
      vertex 17.3071 5.71299 3
      vertex 12.6929 5.71299 3
      vertex 17.3386 5.64645 3
    endloop
  endfacet
  facet normal 0 0 1
    outer loop
      vertex 17.2823 5.78229 3
      vertex 12.7177 5.78229 3
      vertex 17.3071 5.71299 3
    endloop
  endfacet
  facet normal 0 0 1
    outer loop
      vertex 12.6614 5.64645 3
      vertex 17.3386 5.64645 3
      vertex 12.6929 5.71299 3
    endloop
  endfacet
  facet normal 0 0 1
    outer loop
      vertex 12.7177 5.78229 3
      vertex 17.2823 5.78229 3
      vertex 12.7356 5.85368 3
    endloop
  endfacet
  facet normal 0 0 1
    outer loop
      vertex 17.4697 0.53033 3
      vertex 12.75 0 3
      vertex 17.4202 0.475795 3
    endloop
  endfacet
  facet normal 0 0 1
    outer loop
      vertex 17.2644 5.85368 3
      vertex 12.7356 5.85368 3
      vertex 17.2823 5.78229 3
    endloop
  endfacet
  facet normal 0 0 1
    outer loop
      vertex 17.4202 0.475795 3
      vertex 12.75 0 3
      vertex 17.3764 0.416677 3
    endloop
  endfacet
  facet normal 0 0 1
    outer loop
      vertex 12.7356 5.85368 3
      vertex 17.2644 5.85368 3
      vertex 12.7464 5.92649 3
    endloop
  endfacet
  facet normal 0 0 1
    outer loop
      vertex 17.3764 0.416677 3
      vertex 12.75 0 3
      vertex 17.3386 0.353547 3
    endloop
  endfacet
  facet normal 0 0 1
    outer loop
      vertex 17.2536 5.92649 3
      vertex 12.7464 5.92649 3
      vertex 17.2644 5.85368 3
    endloop
  endfacet
  facet normal 0 0 1
    outer loop
      vertex 17.3386 0.353547 3
      vertex 12.75 0 3
      vertex 17.3071 0.287012 3
    endloop
  endfacet
  facet normal 0 0 1
    outer loop
      vertex 12.7464 5.92649 3
      vertex 17.2536 5.92649 3
      vertex 12.75 6 3
    endloop
  endfacet
  facet normal 0 0 1
    outer loop
      vertex 17.3071 0.287012 3
      vertex 12.75 0 3
      vertex 17.2823 0.217713 3
    endloop
  endfacet
  facet normal -0 0 1
    outer loop
      vertex 12.75 6 3
      vertex 17.2536 5.92649 3
      vertex 17.25 6 3
    endloop
  endfacet
  facet normal 0 0 1
    outer loop
      vertex 17.2823 0.217713 3
      vertex 12.75 0 3
      vertex 17.2644 0.146317 3
    endloop
  endfacet
  facet normal 0 0 1
    outer loop
      vertex 29.3386 -0.353547 3
      vertex 24.6614 -0.353547 3
      vertex 29.3764 -0.416677 3
    endloop
  endfacet
  facet normal 0 0 1
    outer loop
      vertex 29.4697 -5.46967 3
      vertex 24.7464 -5.92649 3
      vertex 24.75 -6 3
    endloop
  endfacet
  facet normal 0 0 1
    outer loop
      vertex 24.6236 -0.416677 3
      vertex 29.3764 -0.416677 3
      vertex 24.6614 -0.353547 3
    endloop
  endfacet
  facet normal 0 0 1
    outer loop
      vertex 29.4697 -5.46967 3
      vertex 24.7356 -5.85368 3
      vertex 24.7464 -5.92649 3
    endloop
  endfacet
  facet normal 0 0 1
    outer loop
      vertex 29.3764 -0.416677 3
      vertex 24.6236 -0.416677 3
      vertex 29.4202 -0.475795 3
    endloop
  endfacet
  facet normal 0 0 1
    outer loop
      vertex 29.4697 -5.46967 3
      vertex 24.7177 -5.78229 3
      vertex 24.7356 -5.85368 3
    endloop
  endfacet
  facet normal 0 0 1
    outer loop
      vertex 24.5798 -0.475795 3
      vertex 29.4202 -0.475795 3
      vertex 24.6236 -0.416677 3
    endloop
  endfacet
  facet normal 0 0 1
    outer loop
      vertex 29.4697 -5.46967 3
      vertex 24.6929 -5.71299 3
      vertex 24.7177 -5.78229 3
    endloop
  endfacet
  facet normal 0 0 1
    outer loop
      vertex 29.4202 -0.475795 3
      vertex 24.5798 -0.475795 3
      vertex 29.4697 -0.53033 3
    endloop
  endfacet
  facet normal 0 0 1
    outer loop
      vertex 29.4697 -5.46967 3
      vertex 24.6614 -5.64645 3
      vertex 24.6929 -5.71299 3
    endloop
  endfacet
  facet normal 0 0 1
    outer loop
      vertex 24.5303 -0.53033 3
      vertex 29.4697 -0.53033 3
      vertex 24.5798 -0.475795 3
    endloop
  endfacet
  facet normal 0 0 1
    outer loop
      vertex 29.4697 -5.46967 3
      vertex 24.6236 -5.58332 3
      vertex 24.6614 -5.64645 3
    endloop
  endfacet
  facet normal 0 0 1
    outer loop
      vertex 29.4697 -0.53033 3
      vertex 24.5303 -0.53033 3
      vertex 29.4697 -5.46967 3
    endloop
  endfacet
  facet normal 0 0 1
    outer loop
      vertex 29.4697 -5.46967 3
      vertex 24.5798 -5.5242 3
      vertex 24.6236 -5.58332 3
    endloop
  endfacet
  facet normal 0 0 1
    outer loop
      vertex 24.5303 -5.46967 3
      vertex 29.4697 -5.46967 3
      vertex 24.5303 -0.53033 3
    endloop
  endfacet
  facet normal 0 0 1
    outer loop
      vertex 29.4697 -5.46967 3
      vertex 24.5303 -5.46967 3
      vertex 24.5798 -5.5242 3
    endloop
  endfacet
  facet normal -0 0 1
    outer loop
      vertex 24.4758 -0.579758 3
      vertex 24.5303 -5.46967 3
      vertex 24.5303 -0.53033 3
    endloop
  endfacet
  facet normal 0 0 1
    outer loop
      vertex 24.4758 -0.579758 3
      vertex 24.4758 -5.42024 3
      vertex 24.5303 -5.46967 3
    endloop
  endfacet
  facet normal -0 0 1
    outer loop
      vertex 24.4167 -0.623602 3
      vertex 24.4758 -5.42024 3
      vertex 24.4758 -0.579758 3
    endloop
  endfacet
  facet normal 0 0 1
    outer loop
      vertex 24.4167 -0.623602 3
      vertex 24.4167 -5.3764 3
      vertex 24.4758 -5.42024 3
    endloop
  endfacet
  facet normal -0 0 1
    outer loop
      vertex 24.3535 -0.661441 3
      vertex 24.4167 -5.3764 3
      vertex 24.4167 -0.623602 3
    endloop
  endfacet
  facet normal 0 0 1
    outer loop
      vertex 24.3535 -0.661441 3
      vertex 24.3535 -5.33856 3
      vertex 24.4167 -5.3764 3
    endloop
  endfacet
  facet normal -0 0 1
    outer loop
      vertex 24.287 -0.692909 3
      vertex 24.3535 -5.33856 3
      vertex 24.3535 -0.661441 3
    endloop
  endfacet
  facet normal 0 0 1
    outer loop
      vertex 24.287 -0.692909 3
      vertex 24.287 -5.30709 3
      vertex 24.3535 -5.33856 3
    endloop
  endfacet
  facet normal -0 0 1
    outer loop
      vertex 24.2177 -0.717705 3
      vertex 24.287 -5.30709 3
      vertex 24.287 -0.692909 3
    endloop
  endfacet
  facet normal 0 0 1
    outer loop
      vertex 24.2177 -0.717705 3
      vertex 24.2177 -5.28229 3
      vertex 24.287 -5.30709 3
    endloop
  endfacet
  facet normal -0 0 1
    outer loop
      vertex 24.1463 -0.735588 3
      vertex 24.2177 -5.28229 3
      vertex 24.2177 -0.717705 3
    endloop
  endfacet
  facet normal 0 0 1
    outer loop
      vertex 24.1463 -0.735588 3
      vertex 24.1463 -5.26441 3
      vertex 24.2177 -5.28229 3
    endloop
  endfacet
  facet normal -0 0 1
    outer loop
      vertex 24.0735 -0.746388 3
      vertex 24.1463 -5.26441 3
      vertex 24.1463 -0.735588 3
    endloop
  endfacet
  facet normal 0 0 1
    outer loop
      vertex 24.0735 -0.746388 3
      vertex 24.0735 -5.25361 3
      vertex 24.1463 -5.26441 3
    endloop
  endfacet
  facet normal -0 0 1
    outer loop
      vertex 24 -0.75 3
      vertex 24.0735 -5.25361 3
      vertex 24.0735 -0.746388 3
    endloop
  endfacet
  facet normal 0 0 1
    outer loop
      vertex 24 -0.75 3
      vertex 24 -5.25 3
      vertex 24.0735 -5.25361 3
    endloop
  endfacet
  facet normal 0 0 1
    outer loop
      vertex 23.9265 -0.746388 3
      vertex 24 -5.25 3
      vertex 24 -0.75 3
    endloop
  endfacet
  facet normal 0 0 1
    outer loop
      vertex 23.9265 -0.746388 3
      vertex 23.9265 -5.25361 3
      vertex 24 -5.25 3
    endloop
  endfacet
  facet normal 0 0 1
    outer loop
      vertex 23.8537 -0.735588 3
      vertex 23.9265 -5.25361 3
      vertex 23.9265 -0.746388 3
    endloop
  endfacet
  facet normal 0 0 1
    outer loop
      vertex 23.8537 -0.735588 3
      vertex 23.8537 -5.26441 3
      vertex 23.9265 -5.25361 3
    endloop
  endfacet
  facet normal 0 0 1
    outer loop
      vertex 23.7823 -0.717705 3
      vertex 23.8537 -5.26441 3
      vertex 23.8537 -0.735588 3
    endloop
  endfacet
  facet normal 0 0 1
    outer loop
      vertex 23.7823 -0.717705 3
      vertex 23.7823 -5.28229 3
      vertex 23.8537 -5.26441 3
    endloop
  endfacet
  facet normal 0 0 1
    outer loop
      vertex 23.713 -0.692909 3
      vertex 23.7823 -5.28229 3
      vertex 23.7823 -0.717705 3
    endloop
  endfacet
  facet normal 0 0 1
    outer loop
      vertex 23.713 -0.692909 3
      vertex 23.713 -5.30709 3
      vertex 23.7823 -5.28229 3
    endloop
  endfacet
  facet normal 0 0 1
    outer loop
      vertex 23.6465 -0.661441 3
      vertex 23.713 -5.30709 3
      vertex 23.713 -0.692909 3
    endloop
  endfacet
  facet normal 0 0 1
    outer loop
      vertex 23.6465 -0.661441 3
      vertex 23.6465 -5.33856 3
      vertex 23.713 -5.30709 3
    endloop
  endfacet
  facet normal 0 0 1
    outer loop
      vertex 23.5833 -0.623602 3
      vertex 23.6465 -5.33856 3
      vertex 23.6465 -0.661441 3
    endloop
  endfacet
  facet normal 0 0 1
    outer loop
      vertex 23.5833 -0.623602 3
      vertex 23.5833 -5.3764 3
      vertex 23.6465 -5.33856 3
    endloop
  endfacet
  facet normal 0 0 1
    outer loop
      vertex 23.5242 -0.579758 3
      vertex 23.5833 -5.3764 3
      vertex 23.5833 -0.623602 3
    endloop
  endfacet
  facet normal 0 0 1
    outer loop
      vertex 23.5242 -0.579758 3
      vertex 23.5242 -5.42024 3
      vertex 23.5833 -5.3764 3
    endloop
  endfacet
  facet normal 0 0 1
    outer loop
      vertex 23.4697 -0.53033 3
      vertex 23.5242 -5.42024 3
      vertex 23.5242 -0.579758 3
    endloop
  endfacet
  facet normal 0 0 1
    outer loop
      vertex 23.4697 -0.53033 3
      vertex 23.4697 -5.46967 3
      vertex 23.5242 -5.42024 3
    endloop
  endfacet
  facet normal 0 0 1
    outer loop
      vertex 18.6929 -0.287012 3
      vertex 23.3071 -0.287012 3
      vertex 18.7177 -0.217713 3
    endloop
  endfacet
  facet normal 0 0 1
    outer loop
      vertex 23.3071 -0.287012 3
      vertex 18.6929 -0.287012 3
      vertex 23.3386 -0.353547 3
    endloop
  endfacet
  facet normal 0 0 1
    outer loop
      vertex 23.2823 -0.217713 3
      vertex 18.7177 -0.217713 3
      vertex 23.3071 -0.287012 3
    endloop
  endfacet
  facet normal 0 0 1
    outer loop
      vertex 18.6614 -0.353547 3
      vertex 23.3386 -0.353547 3
      vertex 18.6929 -0.287012 3
    endloop
  endfacet
  facet normal 0 0 1
    outer loop
      vertex 18.7177 -0.217713 3
      vertex 23.2823 -0.217713 3
      vertex 18.7356 -0.146317 3
    endloop
  endfacet
  facet normal 0 0 1
    outer loop
      vertex 23.4697 -5.46967 3
      vertex 18.75 -6 3
      vertex 23.4202 -5.5242 3
    endloop
  endfacet
  facet normal 0 0 1
    outer loop
      vertex 23.2644 -0.146317 3
      vertex 18.7356 -0.146317 3
      vertex 23.2823 -0.217713 3
    endloop
  endfacet
  facet normal 0 0 1
    outer loop
      vertex 23.4202 -5.5242 3
      vertex 18.75 -6 3
      vertex 23.3764 -5.58332 3
    endloop
  endfacet
  facet normal 0 0 1
    outer loop
      vertex 18.7356 -0.146317 3
      vertex 23.2644 -0.146317 3
      vertex 18.7464 -0.0735121 3
    endloop
  endfacet
  facet normal 0 0 1
    outer loop
      vertex 23.3764 -5.58332 3
      vertex 18.75 -6 3
      vertex 23.3386 -5.64645 3
    endloop
  endfacet
  facet normal 0 0 1
    outer loop
      vertex 23.2536 -0.0735121 3
      vertex 18.7464 -0.0735121 3
      vertex 23.2644 -0.146317 3
    endloop
  endfacet
  facet normal 0 0 1
    outer loop
      vertex 23.3386 -5.64645 3
      vertex 18.75 -6 3
      vertex 23.3071 -5.71299 3
    endloop
  endfacet
  facet normal 0 0 1
    outer loop
      vertex 18.7464 -0.0735121 3
      vertex 23.2536 -0.0735121 3
      vertex 18.75 0 3
    endloop
  endfacet
  facet normal 0 0 1
    outer loop
      vertex 23.3071 -5.71299 3
      vertex 18.75 -6 3
      vertex 23.2823 -5.78229 3
    endloop
  endfacet
  facet normal -0 0 1
    outer loop
      vertex 18.75 0 3
      vertex 23.2536 -0.0735121 3
      vertex 23.25 0 3
    endloop
  endfacet
  facet normal 0 0 1
    outer loop
      vertex 23.2823 -5.78229 3
      vertex 18.75 -6 3
      vertex 23.2644 -5.85368 3
    endloop
  endfacet
  facet normal 0 0 1
    outer loop
      vertex 29.3386 5.64645 3
      vertex 24.6614 5.64645 3
      vertex 29.3764 5.58332 3
    endloop
  endfacet
  facet normal 0 0 1
    outer loop
      vertex 29.4697 0.53033 3
      vertex 24.7464 0.0735121 3
      vertex 24.75 0 3
    endloop
  endfacet
  facet normal 0 0 1
    outer loop
      vertex 24.6236 5.58332 3
      vertex 29.3764 5.58332 3
      vertex 24.6614 5.64645 3
    endloop
  endfacet
  facet normal 0 0 1
    outer loop
      vertex 29.4697 0.53033 3
      vertex 24.7356 0.146317 3
      vertex 24.7464 0.0735121 3
    endloop
  endfacet
  facet normal 0 0 1
    outer loop
      vertex 29.3764 5.58332 3
      vertex 24.6236 5.58332 3
      vertex 29.4202 5.5242 3
    endloop
  endfacet
  facet normal 0 0 1
    outer loop
      vertex 29.4697 0.53033 3
      vertex 24.7177 0.217713 3
      vertex 24.7356 0.146317 3
    endloop
  endfacet
  facet normal 0 0 1
    outer loop
      vertex 24.5798 5.5242 3
      vertex 29.4202 5.5242 3
      vertex 24.6236 5.58332 3
    endloop
  endfacet
  facet normal 0 0 1
    outer loop
      vertex 29.4697 0.53033 3
      vertex 24.6929 0.287012 3
      vertex 24.7177 0.217713 3
    endloop
  endfacet
  facet normal 0 0 1
    outer loop
      vertex 29.4202 5.5242 3
      vertex 24.5798 5.5242 3
      vertex 29.4697 5.46967 3
    endloop
  endfacet
  facet normal 0 0 1
    outer loop
      vertex 29.4697 0.53033 3
      vertex 24.6614 0.353547 3
      vertex 24.6929 0.287012 3
    endloop
  endfacet
  facet normal 0 0 1
    outer loop
      vertex 24.5303 5.46967 3
      vertex 29.4697 5.46967 3
      vertex 24.5798 5.5242 3
    endloop
  endfacet
  facet normal 0 0 1
    outer loop
      vertex 29.4697 0.53033 3
      vertex 24.6236 0.416677 3
      vertex 24.6614 0.353547 3
    endloop
  endfacet
  facet normal 0 0 1
    outer loop
      vertex 29.4697 5.46967 3
      vertex 24.5303 5.46967 3
      vertex 29.4697 0.53033 3
    endloop
  endfacet
  facet normal 0 0 1
    outer loop
      vertex 29.4697 0.53033 3
      vertex 24.5798 0.475795 3
      vertex 24.6236 0.416677 3
    endloop
  endfacet
  facet normal 0 0 1
    outer loop
      vertex 24.5303 0.53033 3
      vertex 29.4697 0.53033 3
      vertex 24.5303 5.46967 3
    endloop
  endfacet
  facet normal 0 0 1
    outer loop
      vertex 29.4697 0.53033 3
      vertex 24.5303 0.53033 3
      vertex 24.5798 0.475795 3
    endloop
  endfacet
  facet normal -0 0 1
    outer loop
      vertex 24.4758 5.42024 3
      vertex 24.5303 0.53033 3
      vertex 24.5303 5.46967 3
    endloop
  endfacet
  facet normal 0 0 1
    outer loop
      vertex 24.4758 5.42024 3
      vertex 24.4758 0.579758 3
      vertex 24.5303 0.53033 3
    endloop
  endfacet
  facet normal -0 0 1
    outer loop
      vertex 24.4167 5.3764 3
      vertex 24.4758 0.579758 3
      vertex 24.4758 5.42024 3
    endloop
  endfacet
  facet normal 0 0 1
    outer loop
      vertex 24.4167 5.3764 3
      vertex 24.4167 0.623602 3
      vertex 24.4758 0.579758 3
    endloop
  endfacet
  facet normal -0 0 1
    outer loop
      vertex 24.3535 5.33856 3
      vertex 24.4167 0.623602 3
      vertex 24.4167 5.3764 3
    endloop
  endfacet
  facet normal 0 0 1
    outer loop
      vertex 24.3535 5.33856 3
      vertex 24.3535 0.661441 3
      vertex 24.4167 0.623602 3
    endloop
  endfacet
  facet normal -0 0 1
    outer loop
      vertex 24.287 5.30709 3
      vertex 24.3535 0.661441 3
      vertex 24.3535 5.33856 3
    endloop
  endfacet
  facet normal 0 0 1
    outer loop
      vertex 24.287 5.30709 3
      vertex 24.287 0.692909 3
      vertex 24.3535 0.661441 3
    endloop
  endfacet
  facet normal -0 0 1
    outer loop
      vertex 24.2177 5.28229 3
      vertex 24.287 0.692909 3
      vertex 24.287 5.30709 3
    endloop
  endfacet
  facet normal 0 0 1
    outer loop
      vertex 24.2177 5.28229 3
      vertex 24.2177 0.717705 3
      vertex 24.287 0.692909 3
    endloop
  endfacet
  facet normal -0 0 1
    outer loop
      vertex 24.1463 5.26441 3
      vertex 24.2177 0.717705 3
      vertex 24.2177 5.28229 3
    endloop
  endfacet
  facet normal 0 0 1
    outer loop
      vertex 24.1463 5.26441 3
      vertex 24.1463 0.735588 3
      vertex 24.2177 0.717705 3
    endloop
  endfacet
  facet normal -0 0 1
    outer loop
      vertex 24.0735 5.25361 3
      vertex 24.1463 0.735588 3
      vertex 24.1463 5.26441 3
    endloop
  endfacet
  facet normal 0 0 1
    outer loop
      vertex 24.0735 5.25361 3
      vertex 24.0735 0.746388 3
      vertex 24.1463 0.735588 3
    endloop
  endfacet
  facet normal -0 0 1
    outer loop
      vertex 24 5.25 3
      vertex 24.0735 0.746388 3
      vertex 24.0735 5.25361 3
    endloop
  endfacet
  facet normal 0 0 1
    outer loop
      vertex 24 5.25 3
      vertex 24 0.75 3
      vertex 24.0735 0.746388 3
    endloop
  endfacet
  facet normal 0 0 1
    outer loop
      vertex 23.9265 5.25361 3
      vertex 24 0.75 3
      vertex 24 5.25 3
    endloop
  endfacet
  facet normal 0 0 1
    outer loop
      vertex 23.9265 5.25361 3
      vertex 23.9265 0.746388 3
      vertex 24 0.75 3
    endloop
  endfacet
  facet normal 0 0 1
    outer loop
      vertex 23.8537 5.26441 3
      vertex 23.9265 0.746388 3
      vertex 23.9265 5.25361 3
    endloop
  endfacet
  facet normal 0 0 1
    outer loop
      vertex 23.8537 5.26441 3
      vertex 23.8537 0.735588 3
      vertex 23.9265 0.746388 3
    endloop
  endfacet
  facet normal 0 0 1
    outer loop
      vertex 23.7823 5.28229 3
      vertex 23.8537 0.735588 3
      vertex 23.8537 5.26441 3
    endloop
  endfacet
  facet normal 0 0 1
    outer loop
      vertex 23.7823 5.28229 3
      vertex 23.7823 0.717705 3
      vertex 23.8537 0.735588 3
    endloop
  endfacet
  facet normal 0 0 1
    outer loop
      vertex 23.713 5.30709 3
      vertex 23.7823 0.717705 3
      vertex 23.7823 5.28229 3
    endloop
  endfacet
  facet normal 0 0 1
    outer loop
      vertex 23.713 5.30709 3
      vertex 23.713 0.692909 3
      vertex 23.7823 0.717705 3
    endloop
  endfacet
  facet normal 0 0 1
    outer loop
      vertex 23.6465 5.33856 3
      vertex 23.713 0.692909 3
      vertex 23.713 5.30709 3
    endloop
  endfacet
  facet normal 0 0 1
    outer loop
      vertex 23.6465 5.33856 3
      vertex 23.6465 0.661441 3
      vertex 23.713 0.692909 3
    endloop
  endfacet
  facet normal 0 0 1
    outer loop
      vertex 23.5833 5.3764 3
      vertex 23.6465 0.661441 3
      vertex 23.6465 5.33856 3
    endloop
  endfacet
  facet normal 0 0 1
    outer loop
      vertex 23.5833 5.3764 3
      vertex 23.5833 0.623602 3
      vertex 23.6465 0.661441 3
    endloop
  endfacet
  facet normal 0 0 1
    outer loop
      vertex 23.5242 5.42024 3
      vertex 23.5833 0.623602 3
      vertex 23.5833 5.3764 3
    endloop
  endfacet
  facet normal 0 0 1
    outer loop
      vertex 23.5242 5.42024 3
      vertex 23.5242 0.579758 3
      vertex 23.5833 0.623602 3
    endloop
  endfacet
  facet normal 0 0 1
    outer loop
      vertex 23.4697 5.46967 3
      vertex 23.5242 0.579758 3
      vertex 23.5242 5.42024 3
    endloop
  endfacet
  facet normal 0 0 1
    outer loop
      vertex 23.4697 5.46967 3
      vertex 23.4697 0.53033 3
      vertex 23.5242 0.579758 3
    endloop
  endfacet
  facet normal 0 0 1
    outer loop
      vertex 18.6929 5.71299 3
      vertex 23.3071 5.71299 3
      vertex 18.7177 5.78229 3
    endloop
  endfacet
  facet normal 0 0 1
    outer loop
      vertex 23.3071 5.71299 3
      vertex 18.6929 5.71299 3
      vertex 23.3386 5.64645 3
    endloop
  endfacet
  facet normal 0 0 1
    outer loop
      vertex 23.2823 5.78229 3
      vertex 18.7177 5.78229 3
      vertex 23.3071 5.71299 3
    endloop
  endfacet
  facet normal 0 0 1
    outer loop
      vertex 18.6614 5.64645 3
      vertex 23.3386 5.64645 3
      vertex 18.6929 5.71299 3
    endloop
  endfacet
  facet normal 0 0 1
    outer loop
      vertex 18.7177 5.78229 3
      vertex 23.2823 5.78229 3
      vertex 18.7356 5.85368 3
    endloop
  endfacet
  facet normal 0 0 1
    outer loop
      vertex 23.4697 0.53033 3
      vertex 18.75 0 3
      vertex 23.4202 0.475795 3
    endloop
  endfacet
  facet normal 0 0 1
    outer loop
      vertex 23.2644 5.85368 3
      vertex 18.7356 5.85368 3
      vertex 23.2823 5.78229 3
    endloop
  endfacet
  facet normal 0 0 1
    outer loop
      vertex 23.4202 0.475795 3
      vertex 18.75 0 3
      vertex 23.3764 0.416677 3
    endloop
  endfacet
  facet normal 0 0 1
    outer loop
      vertex 18.7356 5.85368 3
      vertex 23.2644 5.85368 3
      vertex 18.7464 5.92649 3
    endloop
  endfacet
  facet normal 0 0 1
    outer loop
      vertex 23.3764 0.416677 3
      vertex 18.75 0 3
      vertex 23.3386 0.353547 3
    endloop
  endfacet
  facet normal 0 0 1
    outer loop
      vertex 23.2536 5.92649 3
      vertex 18.7464 5.92649 3
      vertex 23.2644 5.85368 3
    endloop
  endfacet
  facet normal 0 0 1
    outer loop
      vertex 23.3386 0.353547 3
      vertex 18.75 0 3
      vertex 23.3071 0.287012 3
    endloop
  endfacet
  facet normal 0 0 1
    outer loop
      vertex 18.7464 5.92649 3
      vertex 23.2536 5.92649 3
      vertex 18.75 6 3
    endloop
  endfacet
  facet normal 0 0 1
    outer loop
      vertex 23.3071 0.287012 3
      vertex 18.75 0 3
      vertex 23.2823 0.217713 3
    endloop
  endfacet
  facet normal -0 0 1
    outer loop
      vertex 18.75 6 3
      vertex 23.2536 5.92649 3
      vertex 23.25 6 3
    endloop
  endfacet
  facet normal 0 0 1
    outer loop
      vertex 23.2823 0.217713 3
      vertex 18.75 0 3
      vertex 23.2644 0.146317 3
    endloop
  endfacet
  facet normal -0 0 1
    outer loop
      vertex 30.7177 -0.217713 3
      vertex 43.3972 -4.06398 3
      vertex 30.7356 -0.146317 3
    endloop
  endfacet
  facet normal 0 0 1
    outer loop
      vertex 42.9343 -5.35757 3
      vertex 30.7464 -5.92649 3
      vertex 30.75 -6 3
    endloop
  endfacet
  facet normal 0 0 1
    outer loop
      vertex 43.3972 -4.06398 3
      vertex 30.7177 -0.217713 3
      vertex 42.9343 -5.35757 3
    endloop
  endfacet
  facet normal 0 0 1
    outer loop
      vertex 42.9343 -5.35757 3
      vertex 30.7356 -5.85368 3
      vertex 30.7464 -5.92649 3
    endloop
  endfacet
  facet normal -0 0 1
    outer loop
      vertex 30.6929 -0.287012 3
      vertex 42.9343 -5.35757 3
      vertex 30.7177 -0.217713 3
    endloop
  endfacet
  facet normal 0 0 1
    outer loop
      vertex 42.9343 -5.35757 3
      vertex 30.7177 -5.78229 3
      vertex 30.7356 -5.85368 3
    endloop
  endfacet
  facet normal 0 0 1
    outer loop
      vertex 30.6929 -5.71299 3
      vertex 42.9343 -5.35757 3
      vertex 30.6929 -0.287012 3
    endloop
  endfacet
  facet normal 0 0 1
    outer loop
      vertex 42.9343 -5.35757 3
      vertex 30.6929 -5.71299 3
      vertex 30.7177 -5.78229 3
    endloop
  endfacet
  facet normal -0 0 1
    outer loop
      vertex 30.6614 -0.353547 3
      vertex 30.6929 -5.71299 3
      vertex 30.6929 -0.287012 3
    endloop
  endfacet
  facet normal 0 0 1
    outer loop
      vertex 30.6614 -0.353547 3
      vertex 30.6614 -5.64645 3
      vertex 30.6929 -5.71299 3
    endloop
  endfacet
  facet normal -0 0 1
    outer loop
      vertex 30.6236 -0.416677 3
      vertex 30.6614 -5.64645 3
      vertex 30.6614 -0.353547 3
    endloop
  endfacet
  facet normal 0 0 1
    outer loop
      vertex 30.6236 -0.416677 3
      vertex 30.6236 -5.58332 3
      vertex 30.6614 -5.64645 3
    endloop
  endfacet
  facet normal -0 0 1
    outer loop
      vertex 30.5798 -0.475795 3
      vertex 30.6236 -5.58332 3
      vertex 30.6236 -0.416677 3
    endloop
  endfacet
  facet normal 0 0 1
    outer loop
      vertex 30.5798 -0.475795 3
      vertex 30.5798 -5.5242 3
      vertex 30.6236 -5.58332 3
    endloop
  endfacet
  facet normal -0 0 1
    outer loop
      vertex 30.5303 -0.53033 3
      vertex 30.5798 -5.5242 3
      vertex 30.5798 -0.475795 3
    endloop
  endfacet
  facet normal 0 0 1
    outer loop
      vertex 30.5303 -0.53033 3
      vertex 30.5303 -5.46967 3
      vertex 30.5798 -5.5242 3
    endloop
  endfacet
  facet normal -0 0 1
    outer loop
      vertex 30.4758 -0.579758 3
      vertex 30.5303 -5.46967 3
      vertex 30.5303 -0.53033 3
    endloop
  endfacet
  facet normal 0 0 1
    outer loop
      vertex 30.4758 -0.579758 3
      vertex 30.4758 -5.42024 3
      vertex 30.5303 -5.46967 3
    endloop
  endfacet
  facet normal -0 0 1
    outer loop
      vertex 30.4167 -0.623602 3
      vertex 30.4758 -5.42024 3
      vertex 30.4758 -0.579758 3
    endloop
  endfacet
  facet normal 0 0 1
    outer loop
      vertex 30.4167 -0.623602 3
      vertex 30.4167 -5.3764 3
      vertex 30.4758 -5.42024 3
    endloop
  endfacet
  facet normal -0 0 1
    outer loop
      vertex 30.3535 -0.661441 3
      vertex 30.4167 -5.3764 3
      vertex 30.4167 -0.623602 3
    endloop
  endfacet
  facet normal 0 0 1
    outer loop
      vertex 30.3535 -0.661441 3
      vertex 30.3535 -5.33856 3
      vertex 30.4167 -5.3764 3
    endloop
  endfacet
  facet normal -0 0 1
    outer loop
      vertex 30.287 -0.692909 3
      vertex 30.3535 -5.33856 3
      vertex 30.3535 -0.661441 3
    endloop
  endfacet
  facet normal 0 0 1
    outer loop
      vertex 30.287 -0.692909 3
      vertex 30.287 -5.30709 3
      vertex 30.3535 -5.33856 3
    endloop
  endfacet
  facet normal -0 0 1
    outer loop
      vertex 30.2177 -0.717705 3
      vertex 30.287 -5.30709 3
      vertex 30.287 -0.692909 3
    endloop
  endfacet
  facet normal 0 0 1
    outer loop
      vertex 30.2177 -0.717705 3
      vertex 30.2177 -5.28229 3
      vertex 30.287 -5.30709 3
    endloop
  endfacet
  facet normal -0 0 1
    outer loop
      vertex 30.1463 -0.735588 3
      vertex 30.2177 -5.28229 3
      vertex 30.2177 -0.717705 3
    endloop
  endfacet
  facet normal 0 0 1
    outer loop
      vertex 30.1463 -0.735588 3
      vertex 30.1463 -5.26441 3
      vertex 30.2177 -5.28229 3
    endloop
  endfacet
  facet normal -0 0 1
    outer loop
      vertex 30.0735 -0.746388 3
      vertex 30.1463 -5.26441 3
      vertex 30.1463 -0.735588 3
    endloop
  endfacet
  facet normal 0 0 1
    outer loop
      vertex 30.0735 -0.746388 3
      vertex 30.0735 -5.25361 3
      vertex 30.1463 -5.26441 3
    endloop
  endfacet
  facet normal -0 0 1
    outer loop
      vertex 30 -0.75 3
      vertex 30.0735 -5.25361 3
      vertex 30.0735 -0.746388 3
    endloop
  endfacet
  facet normal 0 0 1
    outer loop
      vertex 30 -0.75 3
      vertex 30 -5.25 3
      vertex 30.0735 -5.25361 3
    endloop
  endfacet
  facet normal 0 0 1
    outer loop
      vertex 29.9265 -0.746388 3
      vertex 30 -5.25 3
      vertex 30 -0.75 3
    endloop
  endfacet
  facet normal 0 0 1
    outer loop
      vertex 29.9265 -0.746388 3
      vertex 29.9265 -5.25361 3
      vertex 30 -5.25 3
    endloop
  endfacet
  facet normal 0 0 1
    outer loop
      vertex 29.8537 -0.735588 3
      vertex 29.9265 -5.25361 3
      vertex 29.9265 -0.746388 3
    endloop
  endfacet
  facet normal 0 0 1
    outer loop
      vertex 29.8537 -0.735588 3
      vertex 29.8537 -5.26441 3
      vertex 29.9265 -5.25361 3
    endloop
  endfacet
  facet normal 0 0 1
    outer loop
      vertex 29.7823 -0.717705 3
      vertex 29.8537 -5.26441 3
      vertex 29.8537 -0.735588 3
    endloop
  endfacet
  facet normal 0 0 1
    outer loop
      vertex 29.7823 -0.717705 3
      vertex 29.7823 -5.28229 3
      vertex 29.8537 -5.26441 3
    endloop
  endfacet
  facet normal 0 0 1
    outer loop
      vertex 29.713 -0.692909 3
      vertex 29.7823 -5.28229 3
      vertex 29.7823 -0.717705 3
    endloop
  endfacet
  facet normal 0 0 1
    outer loop
      vertex 29.713 -0.692909 3
      vertex 29.713 -5.30709 3
      vertex 29.7823 -5.28229 3
    endloop
  endfacet
  facet normal 0 0 1
    outer loop
      vertex 29.6465 -0.661441 3
      vertex 29.713 -5.30709 3
      vertex 29.713 -0.692909 3
    endloop
  endfacet
  facet normal 0 0 1
    outer loop
      vertex 29.6465 -0.661441 3
      vertex 29.6465 -5.33856 3
      vertex 29.713 -5.30709 3
    endloop
  endfacet
  facet normal 0 0 1
    outer loop
      vertex 29.5833 -0.623602 3
      vertex 29.6465 -5.33856 3
      vertex 29.6465 -0.661441 3
    endloop
  endfacet
  facet normal 0 0 1
    outer loop
      vertex 29.5833 -0.623602 3
      vertex 29.5833 -5.3764 3
      vertex 29.6465 -5.33856 3
    endloop
  endfacet
  facet normal 0 0 1
    outer loop
      vertex 29.5242 -0.579758 3
      vertex 29.5833 -5.3764 3
      vertex 29.5833 -0.623602 3
    endloop
  endfacet
  facet normal 0 0 1
    outer loop
      vertex 29.5242 -0.579758 3
      vertex 29.5242 -5.42024 3
      vertex 29.5833 -5.3764 3
    endloop
  endfacet
  facet normal 0 0 1
    outer loop
      vertex 29.4697 -0.53033 3
      vertex 29.5242 -5.42024 3
      vertex 29.5242 -0.579758 3
    endloop
  endfacet
  facet normal 0 0 1
    outer loop
      vertex 29.4697 -0.53033 3
      vertex 29.4697 -5.46967 3
      vertex 29.5242 -5.42024 3
    endloop
  endfacet
  facet normal 0 0 1
    outer loop
      vertex 24.6929 -0.287012 3
      vertex 29.3071 -0.287012 3
      vertex 24.7177 -0.217713 3
    endloop
  endfacet
  facet normal 0 0 1
    outer loop
      vertex 29.3071 -0.287012 3
      vertex 24.6929 -0.287012 3
      vertex 29.3386 -0.353547 3
    endloop
  endfacet
  facet normal 0 0 1
    outer loop
      vertex 29.2823 -0.217713 3
      vertex 24.7177 -0.217713 3
      vertex 29.3071 -0.287012 3
    endloop
  endfacet
  facet normal 0 0 1
    outer loop
      vertex 24.6614 -0.353547 3
      vertex 29.3386 -0.353547 3
      vertex 24.6929 -0.287012 3
    endloop
  endfacet
  facet normal 0 0 1
    outer loop
      vertex 24.7177 -0.217713 3
      vertex 29.2823 -0.217713 3
      vertex 24.7356 -0.146317 3
    endloop
  endfacet
  facet normal 0 0 1
    outer loop
      vertex 29.4697 -5.46967 3
      vertex 24.75 -6 3
      vertex 29.4202 -5.5242 3
    endloop
  endfacet
  facet normal 0 0 1
    outer loop
      vertex 29.2644 -0.146317 3
      vertex 24.7356 -0.146317 3
      vertex 29.2823 -0.217713 3
    endloop
  endfacet
  facet normal 0 0 1
    outer loop
      vertex 29.4202 -5.5242 3
      vertex 24.75 -6 3
      vertex 29.3764 -5.58332 3
    endloop
  endfacet
  facet normal 0 0 1
    outer loop
      vertex 24.7356 -0.146317 3
      vertex 29.2644 -0.146317 3
      vertex 24.7464 -0.0735121 3
    endloop
  endfacet
  facet normal 0 0 1
    outer loop
      vertex 29.3764 -5.58332 3
      vertex 24.75 -6 3
      vertex 29.3386 -5.64645 3
    endloop
  endfacet
  facet normal 0 0 1
    outer loop
      vertex 29.2536 -0.0735121 3
      vertex 24.7464 -0.0735121 3
      vertex 29.2644 -0.146317 3
    endloop
  endfacet
  facet normal 0 0 1
    outer loop
      vertex 29.3386 -5.64645 3
      vertex 24.75 -6 3
      vertex 29.3071 -5.71299 3
    endloop
  endfacet
  facet normal 0 0 1
    outer loop
      vertex 24.7464 -0.0735121 3
      vertex 29.2536 -0.0735121 3
      vertex 24.75 0 3
    endloop
  endfacet
  facet normal 0 0 1
    outer loop
      vertex 29.3071 -5.71299 3
      vertex 24.75 -6 3
      vertex 29.2823 -5.78229 3
    endloop
  endfacet
  facet normal -0 0 1
    outer loop
      vertex 24.75 0 3
      vertex 29.2536 -0.0735121 3
      vertex 29.25 0 3
    endloop
  endfacet
  facet normal 0 0 1
    outer loop
      vertex 29.2823 -5.78229 3
      vertex 24.75 -6 3
      vertex 29.2644 -5.85368 3
    endloop
  endfacet
  facet normal 0 0 1
    outer loop
      vertex 41.6406 7.77798 3
      vertex 30.7177 5.78229 3
      vertex 42.3469 6.59955 3
    endloop
  endfacet
  facet normal 0 0 1
    outer loop
      vertex 42.9343 5.35757 3
      vertex 30.7464 0.0735121 3
      vertex 30.75 0 3
    endloop
  endfacet
  facet normal 0 0 1
    outer loop
      vertex 30.6929 5.71299 3
      vertex 42.3469 6.59955 3
      vertex 30.7177 5.78229 3
    endloop
  endfacet
  facet normal 0 0 1
    outer loop
      vertex 42.9343 5.35757 3
      vertex 30.7356 0.146317 3
      vertex 30.7464 0.0735121 3
    endloop
  endfacet
  facet normal 0 0 1
    outer loop
      vertex 42.3469 6.59955 3
      vertex 30.6929 5.71299 3
      vertex 42.9343 5.35757 3
    endloop
  endfacet
  facet normal 0 0 1
    outer loop
      vertex 42.9343 5.35757 3
      vertex 30.7177 0.217713 3
      vertex 30.7356 0.146317 3
    endloop
  endfacet
  facet normal 0 0 1
    outer loop
      vertex 30.6929 0.287012 3
      vertex 42.9343 5.35757 3
      vertex 30.6929 5.71299 3
    endloop
  endfacet
  facet normal 0 0 1
    outer loop
      vertex 42.9343 5.35757 3
      vertex 30.6929 0.287012 3
      vertex 30.7177 0.217713 3
    endloop
  endfacet
  facet normal -0 0 1
    outer loop
      vertex 30.6614 5.64645 3
      vertex 30.6929 0.287012 3
      vertex 30.6929 5.71299 3
    endloop
  endfacet
  facet normal 0 0 1
    outer loop
      vertex 30.6614 5.64645 3
      vertex 30.6614 0.353547 3
      vertex 30.6929 0.287012 3
    endloop
  endfacet
  facet normal -0 0 1
    outer loop
      vertex 30.6236 5.58332 3
      vertex 30.6614 0.353547 3
      vertex 30.6614 5.64645 3
    endloop
  endfacet
  facet normal 0 0 1
    outer loop
      vertex 30.6236 5.58332 3
      vertex 30.6236 0.416677 3
      vertex 30.6614 0.353547 3
    endloop
  endfacet
  facet normal -0 0 1
    outer loop
      vertex 30.5798 5.5242 3
      vertex 30.6236 0.416677 3
      vertex 30.6236 5.58332 3
    endloop
  endfacet
  facet normal 0 0 1
    outer loop
      vertex 30.5798 5.5242 3
      vertex 30.5798 0.475795 3
      vertex 30.6236 0.416677 3
    endloop
  endfacet
  facet normal -0 0 1
    outer loop
      vertex 30.5303 5.46967 3
      vertex 30.5798 0.475795 3
      vertex 30.5798 5.5242 3
    endloop
  endfacet
  facet normal 0 0 1
    outer loop
      vertex 30.5303 5.46967 3
      vertex 30.5303 0.53033 3
      vertex 30.5798 0.475795 3
    endloop
  endfacet
  facet normal -0 0 1
    outer loop
      vertex 30.4758 5.42024 3
      vertex 30.5303 0.53033 3
      vertex 30.5303 5.46967 3
    endloop
  endfacet
  facet normal 0 0 1
    outer loop
      vertex 30.4758 5.42024 3
      vertex 30.4758 0.579758 3
      vertex 30.5303 0.53033 3
    endloop
  endfacet
  facet normal -0 0 1
    outer loop
      vertex 30.4167 5.3764 3
      vertex 30.4758 0.579758 3
      vertex 30.4758 5.42024 3
    endloop
  endfacet
  facet normal 0 0 1
    outer loop
      vertex 30.4167 5.3764 3
      vertex 30.4167 0.623602 3
      vertex 30.4758 0.579758 3
    endloop
  endfacet
  facet normal -0 0 1
    outer loop
      vertex 30.3535 5.33856 3
      vertex 30.4167 0.623602 3
      vertex 30.4167 5.3764 3
    endloop
  endfacet
  facet normal 0 0 1
    outer loop
      vertex 30.3535 5.33856 3
      vertex 30.3535 0.661441 3
      vertex 30.4167 0.623602 3
    endloop
  endfacet
  facet normal -0 0 1
    outer loop
      vertex 30.287 5.30709 3
      vertex 30.3535 0.661441 3
      vertex 30.3535 5.33856 3
    endloop
  endfacet
  facet normal 0 0 1
    outer loop
      vertex 30.287 5.30709 3
      vertex 30.287 0.692909 3
      vertex 30.3535 0.661441 3
    endloop
  endfacet
  facet normal -0 0 1
    outer loop
      vertex 30.2177 5.28229 3
      vertex 30.287 0.692909 3
      vertex 30.287 5.30709 3
    endloop
  endfacet
  facet normal 0 0 1
    outer loop
      vertex 30.2177 5.28229 3
      vertex 30.2177 0.717705 3
      vertex 30.287 0.692909 3
    endloop
  endfacet
  facet normal -0 0 1
    outer loop
      vertex 30.1463 5.26441 3
      vertex 30.2177 0.717705 3
      vertex 30.2177 5.28229 3
    endloop
  endfacet
  facet normal 0 0 1
    outer loop
      vertex 30.1463 5.26441 3
      vertex 30.1463 0.735588 3
      vertex 30.2177 0.717705 3
    endloop
  endfacet
  facet normal -0 0 1
    outer loop
      vertex 30.0735 5.25361 3
      vertex 30.1463 0.735588 3
      vertex 30.1463 5.26441 3
    endloop
  endfacet
  facet normal 0 0 1
    outer loop
      vertex 30.0735 5.25361 3
      vertex 30.0735 0.746388 3
      vertex 30.1463 0.735588 3
    endloop
  endfacet
  facet normal -0 0 1
    outer loop
      vertex 30 5.25 3
      vertex 30.0735 0.746388 3
      vertex 30.0735 5.25361 3
    endloop
  endfacet
  facet normal 0 0 1
    outer loop
      vertex 30 5.25 3
      vertex 30 0.75 3
      vertex 30.0735 0.746388 3
    endloop
  endfacet
  facet normal 0 0 1
    outer loop
      vertex 29.9265 5.25361 3
      vertex 30 0.75 3
      vertex 30 5.25 3
    endloop
  endfacet
  facet normal 0 0 1
    outer loop
      vertex 29.9265 5.25361 3
      vertex 29.9265 0.746388 3
      vertex 30 0.75 3
    endloop
  endfacet
  facet normal 0 0 1
    outer loop
      vertex 29.8537 5.26441 3
      vertex 29.9265 0.746388 3
      vertex 29.9265 5.25361 3
    endloop
  endfacet
  facet normal 0 0 1
    outer loop
      vertex 29.8537 5.26441 3
      vertex 29.8537 0.735588 3
      vertex 29.9265 0.746388 3
    endloop
  endfacet
  facet normal 0 0 1
    outer loop
      vertex 29.7823 5.28229 3
      vertex 29.8537 0.735588 3
      vertex 29.8537 5.26441 3
    endloop
  endfacet
  facet normal 0 0 1
    outer loop
      vertex 29.7823 5.28229 3
      vertex 29.7823 0.717705 3
      vertex 29.8537 0.735588 3
    endloop
  endfacet
  facet normal 0 0 1
    outer loop
      vertex 29.713 5.30709 3
      vertex 29.7823 0.717705 3
      vertex 29.7823 5.28229 3
    endloop
  endfacet
  facet normal 0 0 1
    outer loop
      vertex 29.713 5.30709 3
      vertex 29.713 0.692909 3
      vertex 29.7823 0.717705 3
    endloop
  endfacet
  facet normal 0 0 1
    outer loop
      vertex 29.6465 5.33856 3
      vertex 29.713 0.692909 3
      vertex 29.713 5.30709 3
    endloop
  endfacet
  facet normal 0 0 1
    outer loop
      vertex 29.6465 5.33856 3
      vertex 29.6465 0.661441 3
      vertex 29.713 0.692909 3
    endloop
  endfacet
  facet normal 0 0 1
    outer loop
      vertex 29.5833 5.3764 3
      vertex 29.6465 0.661441 3
      vertex 29.6465 5.33856 3
    endloop
  endfacet
  facet normal 0 0 1
    outer loop
      vertex 29.5833 5.3764 3
      vertex 29.5833 0.623602 3
      vertex 29.6465 0.661441 3
    endloop
  endfacet
  facet normal 0 0 1
    outer loop
      vertex 29.5242 5.42024 3
      vertex 29.5833 0.623602 3
      vertex 29.5833 5.3764 3
    endloop
  endfacet
  facet normal 0 0 1
    outer loop
      vertex 29.5242 5.42024 3
      vertex 29.5242 0.579758 3
      vertex 29.5833 0.623602 3
    endloop
  endfacet
  facet normal 0 0 1
    outer loop
      vertex 29.4697 5.46967 3
      vertex 29.5242 0.579758 3
      vertex 29.5242 5.42024 3
    endloop
  endfacet
  facet normal 0 0 1
    outer loop
      vertex 29.4697 5.46967 3
      vertex 29.4697 0.53033 3
      vertex 29.5242 0.579758 3
    endloop
  endfacet
  facet normal 0 0 1
    outer loop
      vertex 24.6929 5.71299 3
      vertex 29.3071 5.71299 3
      vertex 24.7177 5.78229 3
    endloop
  endfacet
  facet normal 0 0 1
    outer loop
      vertex 29.3071 5.71299 3
      vertex 24.6929 5.71299 3
      vertex 29.3386 5.64645 3
    endloop
  endfacet
  facet normal 0 0 1
    outer loop
      vertex 29.2823 5.78229 3
      vertex 24.7177 5.78229 3
      vertex 29.3071 5.71299 3
    endloop
  endfacet
  facet normal 0 0 1
    outer loop
      vertex 24.6614 5.64645 3
      vertex 29.3386 5.64645 3
      vertex 24.6929 5.71299 3
    endloop
  endfacet
  facet normal 0 0 1
    outer loop
      vertex 24.7177 5.78229 3
      vertex 29.2823 5.78229 3
      vertex 24.7356 5.85368 3
    endloop
  endfacet
  facet normal 0 0 1
    outer loop
      vertex 29.4697 0.53033 3
      vertex 24.75 0 3
      vertex 29.4202 0.475795 3
    endloop
  endfacet
  facet normal 0 0 1
    outer loop
      vertex 29.2644 5.85368 3
      vertex 24.7356 5.85368 3
      vertex 29.2823 5.78229 3
    endloop
  endfacet
  facet normal 0 0 1
    outer loop
      vertex 29.4202 0.475795 3
      vertex 24.75 0 3
      vertex 29.3764 0.416677 3
    endloop
  endfacet
  facet normal 0 0 1
    outer loop
      vertex 24.7356 5.85368 3
      vertex 29.2644 5.85368 3
      vertex 24.7464 5.92649 3
    endloop
  endfacet
  facet normal 0 0 1
    outer loop
      vertex 29.3764 0.416677 3
      vertex 24.75 0 3
      vertex 29.3386 0.353547 3
    endloop
  endfacet
  facet normal 0 0 1
    outer loop
      vertex 29.2536 5.92649 3
      vertex 24.7464 5.92649 3
      vertex 29.2644 5.85368 3
    endloop
  endfacet
  facet normal 0 0 1
    outer loop
      vertex 29.3386 0.353547 3
      vertex 24.75 0 3
      vertex 29.3071 0.287012 3
    endloop
  endfacet
  facet normal 0 0 1
    outer loop
      vertex 24.7464 5.92649 3
      vertex 29.2536 5.92649 3
      vertex 24.75 6 3
    endloop
  endfacet
  facet normal 0 0 1
    outer loop
      vertex 29.3071 0.287012 3
      vertex 24.75 0 3
      vertex 29.2823 0.217713 3
    endloop
  endfacet
  facet normal -0 0 1
    outer loop
      vertex 24.75 6 3
      vertex 29.2536 5.92649 3
      vertex 29.25 6 3
    endloop
  endfacet
  facet normal 0 0 1
    outer loop
      vertex 29.2823 0.217713 3
      vertex 24.75 0 3
      vertex 29.2644 0.146317 3
    endloop
  endfacet
  facet normal 0 0 1
    outer loop
      vertex 30.75 0 3
      vertex 44 0 3
      vertex 43.9326 1.37224 3
    endloop
  endfacet
  facet normal 0 0 1
    outer loop
      vertex 30.75 0 3
      vertex 43.9326 1.37224 3
      vertex 43.731 2.73126 3
    endloop
  endfacet
  facet normal 0 0 1
    outer loop
      vertex 44 0 3
      vertex 30.75 0 3
      vertex 43.9326 -1.37224 3
    endloop
  endfacet
  facet normal 0 0 1
    outer loop
      vertex 30.75 0 3
      vertex 43.731 2.73126 3
      vertex 43.3972 4.06398 3
    endloop
  endfacet
  facet normal -0 0 1
    outer loop
      vertex 30.7464 -0.0735121 3
      vertex 43.9326 -1.37224 3
      vertex 30.75 0 3
    endloop
  endfacet
  facet normal 0 0 1
    outer loop
      vertex 30.75 0 3
      vertex 43.3972 4.06398 3
      vertex 42.9343 5.35757 3
    endloop
  endfacet
  facet normal 0 0 1
    outer loop
      vertex 43.9326 -1.37224 3
      vertex 30.7464 -0.0735121 3
      vertex 43.731 -2.73126 3
    endloop
  endfacet
  facet normal 0 0 1
    outer loop
      vertex 40.8221 8.88151 3
      vertex 30.7356 5.85368 3
      vertex 41.6406 7.77798 3
    endloop
  endfacet
  facet normal -0 0 1
    outer loop
      vertex 30.7356 -0.146317 3
      vertex 43.731 -2.73126 3
      vertex 30.7464 -0.0735121 3
    endloop
  endfacet
  facet normal 0 0 1
    outer loop
      vertex 30.7356 5.85368 3
      vertex 40.8221 8.88151 3
      vertex 30.7464 5.92649 3
    endloop
  endfacet
  facet normal 0 0 1
    outer loop
      vertex 43.731 -2.73126 3
      vertex 30.7356 -0.146317 3
      vertex 43.3972 -4.06398 3
    endloop
  endfacet
  facet normal 0 0 1
    outer loop
      vertex 30.7464 5.92649 3
      vertex 40.8221 8.88151 3
      vertex 30.75 6 3
    endloop
  endfacet
  facet normal 0 0 1
    outer loop
      vertex 42.9343 -5.35757 3
      vertex 30.75 -6 3
      vertex 42.3469 -6.59955 3
    endloop
  endfacet
  facet normal 0 0 1
    outer loop
      vertex 30.75 6 3
      vertex 40.8221 8.88151 3
      vertex 39.8995 9.89949 3
    endloop
  endfacet
  facet normal 0 0 1
    outer loop
      vertex 42.3469 -6.59955 3
      vertex 30.75 -6 3
      vertex 41.6406 -7.77798 3
    endloop
  endfacet
  facet normal 0 0 1
    outer loop
      vertex 30.7464 6.07351 3
      vertex 39.8995 9.89949 3
      vertex 38.8815 10.8221 3
    endloop
  endfacet
  facet normal 0 0 1
    outer loop
      vertex 41.6406 -7.77798 3
      vertex 30.75 -6 3
      vertex 40.8221 -8.88151 3
    endloop
  endfacet
  facet normal 0 0 1
    outer loop
      vertex 30.7356 6.14632 3
      vertex 38.8815 10.8221 3
      vertex 37.778 11.6406 3
    endloop
  endfacet
  facet normal 0 0 1
    outer loop
      vertex 40.8221 -8.88151 3
      vertex 30.75 -6 3
      vertex 39.8995 -9.89949 3
    endloop
  endfacet
  facet normal 0 0 1
    outer loop
      vertex 30.6929 6.28701 3
      vertex 37.778 11.6406 3
      vertex 36.5996 12.3469 3
    endloop
  endfacet
  facet normal -0 0 1
    outer loop
      vertex 30.7464 -6.07351 3
      vertex 39.8995 -9.89949 3
      vertex 30.75 -6 3
    endloop
  endfacet
  facet normal 0 0 1
    outer loop
      vertex 30.6236 6.41668 3
      vertex 36.5996 12.3469 3
      vertex 35.3576 12.9343 3
    endloop
  endfacet
  facet normal 0 0 1
    outer loop
      vertex 39.8995 -9.89949 3
      vertex 30.7464 -6.07351 3
      vertex 38.8815 -10.8221 3
    endloop
  endfacet
  facet normal 0 0 1
    outer loop
      vertex 30.5303 6.53033 3
      vertex 35.3576 12.9343 3
      vertex 34.064 13.3972 3
    endloop
  endfacet
  facet normal -0 0 1
    outer loop
      vertex 30.7356 -6.14632 3
      vertex 38.8815 -10.8221 3
      vertex 30.7464 -6.07351 3
    endloop
  endfacet
  facet normal 0 0 1
    outer loop
      vertex 30.4167 6.6236 3
      vertex 34.064 13.3972 3
      vertex 32.7313 13.731 3
    endloop
  endfacet
  facet normal 0 0 1
    outer loop
      vertex 38.8815 -10.8221 3
      vertex 30.7356 -6.14632 3
      vertex 37.778 -11.6406 3
    endloop
  endfacet
  facet normal 0 0 1
    outer loop
      vertex 30.287 6.69291 3
      vertex 32.7313 13.731 3
      vertex 31.3722 13.9326 3
    endloop
  endfacet
  facet normal 0 0 1
    outer loop
      vertex 30.7177 5.78229 3
      vertex 41.6406 7.77798 3
      vertex 30.7356 5.85368 3
    endloop
  endfacet
  facet normal -0 0 1
    outer loop
      vertex 30.7177 -6.21771 3
      vertex 37.778 -11.6406 3
      vertex 30.7356 -6.14632 3
    endloop
  endfacet
  facet normal 0 0 1
    outer loop
      vertex 39.8995 9.89949 3
      vertex 30.7464 6.07351 3
      vertex 30.75 6 3
    endloop
  endfacet
  facet normal 0 0 1
    outer loop
      vertex 38.8815 10.8221 3
      vertex 30.7356 6.14632 3
      vertex 30.7464 6.07351 3
    endloop
  endfacet
  facet normal 0 0 1
    outer loop
      vertex 37.778 11.6406 3
      vertex 30.7177 6.21771 3
      vertex 30.7356 6.14632 3
    endloop
  endfacet
  facet normal 0 0 1
    outer loop
      vertex 37.778 11.6406 3
      vertex 30.6929 6.28701 3
      vertex 30.7177 6.21771 3
    endloop
  endfacet
  facet normal 0 0 1
    outer loop
      vertex 36.5996 12.3469 3
      vertex 30.6614 6.35355 3
      vertex 30.6929 6.28701 3
    endloop
  endfacet
  facet normal 0 0 1
    outer loop
      vertex 36.5996 12.3469 3
      vertex 30.6236 6.41668 3
      vertex 30.6614 6.35355 3
    endloop
  endfacet
  facet normal 0 0 1
    outer loop
      vertex 35.3576 12.9343 3
      vertex 30.5798 6.47579 3
      vertex 30.6236 6.41668 3
    endloop
  endfacet
  facet normal 0 0 1
    outer loop
      vertex 35.3576 12.9343 3
      vertex 30.5303 6.53033 3
      vertex 30.5798 6.47579 3
    endloop
  endfacet
  facet normal 0 0 1
    outer loop
      vertex 34.064 13.3972 3
      vertex 30.4758 6.57976 3
      vertex 30.5303 6.53033 3
    endloop
  endfacet
  facet normal 0 0 1
    outer loop
      vertex 34.064 13.3972 3
      vertex 30.4167 6.6236 3
      vertex 30.4758 6.57976 3
    endloop
  endfacet
  facet normal 0 0 1
    outer loop
      vertex 32.7313 13.731 3
      vertex 30.3535 6.66144 3
      vertex 30.4167 6.6236 3
    endloop
  endfacet
  facet normal 0 0 1
    outer loop
      vertex 32.7313 13.731 3
      vertex 30.287 6.69291 3
      vertex 30.3535 6.66144 3
    endloop
  endfacet
  facet normal 0 0 1
    outer loop
      vertex 31.3722 13.9326 3
      vertex 30.2177 6.7177 3
      vertex 30.287 6.69291 3
    endloop
  endfacet
  facet normal 0 0 1
    outer loop
      vertex 31.3722 13.9326 3
      vertex 30.1463 6.73559 3
      vertex 30.2177 6.7177 3
    endloop
  endfacet
  facet normal 0 0 1
    outer loop
      vertex 31.3722 13.9326 3
      vertex 30.0735 6.74639 3
      vertex 30.1463 6.73559 3
    endloop
  endfacet
  facet normal 0 0 1
    outer loop
      vertex 30 14 3
      vertex 30.0735 6.74639 3
      vertex 31.3722 13.9326 3
    endloop
  endfacet
  facet normal 0 0 1
    outer loop
      vertex 30 14 3
      vertex 30 6.75 3
      vertex 30.0735 6.74639 3
    endloop
  endfacet
  facet normal 0 0 1
    outer loop
      vertex 30 14 3
      vertex 29.9265 6.74639 3
      vertex 30 6.75 3
    endloop
  endfacet
  facet normal 0 0 1
    outer loop
      vertex 30 14 3
      vertex 29.8537 6.73559 3
      vertex 29.9265 6.74639 3
    endloop
  endfacet
  facet normal 0 0 1
    outer loop
      vertex 30 14 3
      vertex 29.7823 6.7177 3
      vertex 29.8537 6.73559 3
    endloop
  endfacet
  facet normal 0 0 1
    outer loop
      vertex 30 14 3
      vertex 29.713 6.69291 3
      vertex 29.7823 6.7177 3
    endloop
  endfacet
  facet normal 0 0 1
    outer loop
      vertex 30 14 3
      vertex 29.6465 6.66144 3
      vertex 29.713 6.69291 3
    endloop
  endfacet
  facet normal 0 0 1
    outer loop
      vertex 30 14 3
      vertex 29.5833 6.6236 3
      vertex 29.6465 6.66144 3
    endloop
  endfacet
  facet normal 0 0 1
    outer loop
      vertex 24.4167 6.6236 3
      vertex 29.5833 6.6236 3
      vertex 30 14 3
    endloop
  endfacet
  facet normal 0 0 1
    outer loop
      vertex 29.5833 6.6236 3
      vertex 24.4167 6.6236 3
      vertex 29.5242 6.57976 3
    endloop
  endfacet
  facet normal 0 -0 1
    outer loop
      vertex 24.4758 6.57976 3
      vertex 29.5242 6.57976 3
      vertex 24.4167 6.6236 3
    endloop
  endfacet
  facet normal 0 0 1
    outer loop
      vertex 29.5242 6.57976 3
      vertex 24.4758 6.57976 3
      vertex 29.4697 6.53033 3
    endloop
  endfacet
  facet normal 0 -0 1
    outer loop
      vertex 24.5303 6.53033 3
      vertex 29.4697 6.53033 3
      vertex 24.4758 6.57976 3
    endloop
  endfacet
  facet normal 0 0 1
    outer loop
      vertex 29.4697 6.53033 3
      vertex 24.5303 6.53033 3
      vertex 29.4202 6.47579 3
    endloop
  endfacet
  facet normal 0 -0 1
    outer loop
      vertex 24.5798 6.47579 3
      vertex 29.4202 6.47579 3
      vertex 24.5303 6.53033 3
    endloop
  endfacet
  facet normal 0 -0 1
    outer loop
      vertex 24.6236 6.41668 3
      vertex 29.3764 6.41668 3
      vertex 24.5798 6.47579 3
    endloop
  endfacet
  facet normal 0 0 1
    outer loop
      vertex 29.3764 6.41668 3
      vertex 24.6236 6.41668 3
      vertex 29.3386 6.35355 3
    endloop
  endfacet
  facet normal 0 0 1
    outer loop
      vertex 29.2536 0.0735121 3
      vertex 24.75 0 3
      vertex 29.25 0 3
    endloop
  endfacet
  facet normal 0 0 1
    outer loop
      vertex 29.2644 0.146317 3
      vertex 24.75 0 3
      vertex 29.2536 0.0735121 3
    endloop
  endfacet
  facet normal 0 0 1
    outer loop
      vertex 29.2536 6.07351 3
      vertex 24.75 6 3
      vertex 29.25 6 3
    endloop
  endfacet
  facet normal 0 -0 1
    outer loop
      vertex 24.6614 6.35355 3
      vertex 29.3386 6.35355 3
      vertex 24.6236 6.41668 3
    endloop
  endfacet
  facet normal 0 0 1
    outer loop
      vertex 29.2536 6.07351 3
      vertex 24.7464 6.07351 3
      vertex 24.75 6 3
    endloop
  endfacet
  facet normal 0 0 1
    outer loop
      vertex 29.2536 6.07351 3
      vertex 24.7356 6.14632 3
      vertex 24.7464 6.07351 3
    endloop
  endfacet
  facet normal 0 0 1
    outer loop
      vertex 29.2644 6.14632 3
      vertex 24.7356 6.14632 3
      vertex 29.2536 6.07351 3
    endloop
  endfacet
  facet normal 0 -0 1
    outer loop
      vertex 24.7356 6.14632 3
      vertex 29.2644 6.14632 3
      vertex 24.7177 6.21771 3
    endloop
  endfacet
  facet normal 0 0 1
    outer loop
      vertex 29.2823 6.21771 3
      vertex 24.7177 6.21771 3
      vertex 29.2644 6.14632 3
    endloop
  endfacet
  facet normal 0 -0 1
    outer loop
      vertex 24.7177 6.21771 3
      vertex 29.2823 6.21771 3
      vertex 24.6929 6.28701 3
    endloop
  endfacet
  facet normal 0 0 1
    outer loop
      vertex 29.3071 6.28701 3
      vertex 24.6929 6.28701 3
      vertex 29.2823 6.21771 3
    endloop
  endfacet
  facet normal 0 -0 1
    outer loop
      vertex 24.6929 6.28701 3
      vertex 29.3071 6.28701 3
      vertex 24.6614 6.35355 3
    endloop
  endfacet
  facet normal 0 0 1
    outer loop
      vertex 29.3386 6.35355 3
      vertex 24.6614 6.35355 3
      vertex 29.3071 6.28701 3
    endloop
  endfacet
  facet normal 0 0 1
    outer loop
      vertex 29.4202 6.47579 3
      vertex 24.5798 6.47579 3
      vertex 29.3764 6.41668 3
    endloop
  endfacet
  facet normal 0 0 1
    outer loop
      vertex 30 14 3
      vertex 24.3535 6.66144 3
      vertex 24.4167 6.6236 3
    endloop
  endfacet
  facet normal 0 0 1
    outer loop
      vertex 30 14 3
      vertex 24.287 6.69291 3
      vertex 24.3535 6.66144 3
    endloop
  endfacet
  facet normal 0 0 1
    outer loop
      vertex 30 14 3
      vertex 24.2177 6.7177 3
      vertex 24.287 6.69291 3
    endloop
  endfacet
  facet normal 0 0 1
    outer loop
      vertex 30 14 3
      vertex 24.1463 6.73559 3
      vertex 24.2177 6.7177 3
    endloop
  endfacet
  facet normal 0 0 1
    outer loop
      vertex 30 14 3
      vertex 24.0735 6.74639 3
      vertex 24.1463 6.73559 3
    endloop
  endfacet
  facet normal 0 0 1
    outer loop
      vertex 30 14 3
      vertex 24 6.75 3
      vertex 24.0735 6.74639 3
    endloop
  endfacet
  facet normal 0 0 1
    outer loop
      vertex 30 14 3
      vertex 23.9265 6.74639 3
      vertex 24 6.75 3
    endloop
  endfacet
  facet normal 0 0 1
    outer loop
      vertex 30 14 3
      vertex 23.8537 6.73559 3
      vertex 23.9265 6.74639 3
    endloop
  endfacet
  facet normal 0 0 1
    outer loop
      vertex 30 14 3
      vertex 23.7823 6.7177 3
      vertex 23.8537 6.73559 3
    endloop
  endfacet
  facet normal 0 0 1
    outer loop
      vertex 18.2177 6.7177 3
      vertex 23.7823 6.7177 3
      vertex 30 14 3
    endloop
  endfacet
  facet normal 0 0 1
    outer loop
      vertex 23.7823 6.7177 3
      vertex 18.2177 6.7177 3
      vertex 23.713 6.69291 3
    endloop
  endfacet
  facet normal 0 -0 1
    outer loop
      vertex 18.287 6.69291 3
      vertex 23.713 6.69291 3
      vertex 18.2177 6.7177 3
    endloop
  endfacet
  facet normal 0 0 1
    outer loop
      vertex 23.713 6.69291 3
      vertex 18.287 6.69291 3
      vertex 23.6465 6.66144 3
    endloop
  endfacet
  facet normal 0 -0 1
    outer loop
      vertex 18.3535 6.66144 3
      vertex 23.6465 6.66144 3
      vertex 18.287 6.69291 3
    endloop
  endfacet
  facet normal 0 0 1
    outer loop
      vertex 23.6465 6.66144 3
      vertex 18.3535 6.66144 3
      vertex 23.5833 6.6236 3
    endloop
  endfacet
  facet normal 0 0 1
    outer loop
      vertex 23.2536 0.0735121 3
      vertex 18.75 0 3
      vertex 23.25 0 3
    endloop
  endfacet
  facet normal 0 0 1
    outer loop
      vertex 23.2644 0.146317 3
      vertex 18.75 0 3
      vertex 23.2536 0.0735121 3
    endloop
  endfacet
  facet normal 0 0 1
    outer loop
      vertex 23.2536 6.07351 3
      vertex 18.75 6 3
      vertex 23.25 6 3
    endloop
  endfacet
  facet normal 0 0 1
    outer loop
      vertex 18.7464 6.07351 3
      vertex 23.2536 6.07351 3
      vertex 23.2644 6.14632 3
    endloop
  endfacet
  facet normal 0 0 1
    outer loop
      vertex 18.7356 6.14632 3
      vertex 23.2644 6.14632 3
      vertex 23.2823 6.21771 3
    endloop
  endfacet
  facet normal 0 0 1
    outer loop
      vertex 18.7177 6.21771 3
      vertex 23.2823 6.21771 3
      vertex 23.3071 6.28701 3
    endloop
  endfacet
  facet normal 0 0 1
    outer loop
      vertex 18.6929 6.28701 3
      vertex 23.3071 6.28701 3
      vertex 23.3386 6.35355 3
    endloop
  endfacet
  facet normal 0 0 1
    outer loop
      vertex 18.6614 6.35355 3
      vertex 23.3386 6.35355 3
      vertex 23.3764 6.41668 3
    endloop
  endfacet
  facet normal 0 0 1
    outer loop
      vertex 18.6236 6.41668 3
      vertex 23.3764 6.41668 3
      vertex 23.4202 6.47579 3
    endloop
  endfacet
  facet normal 0 0 1
    outer loop
      vertex 23.5833 6.6236 3
      vertex 18.4167 6.6236 3
      vertex 23.5242 6.57976 3
    endloop
  endfacet
  facet normal 0 0 1
    outer loop
      vertex 23.2536 6.07351 3
      vertex 18.7464 6.07351 3
      vertex 18.75 6 3
    endloop
  endfacet
  facet normal 0 0 1
    outer loop
      vertex 23.2644 6.14632 3
      vertex 18.7356 6.14632 3
      vertex 18.7464 6.07351 3
    endloop
  endfacet
  facet normal 0 0 1
    outer loop
      vertex 23.2823 6.21771 3
      vertex 18.7177 6.21771 3
      vertex 18.7356 6.14632 3
    endloop
  endfacet
  facet normal 0 0 1
    outer loop
      vertex 23.3071 6.28701 3
      vertex 18.6929 6.28701 3
      vertex 18.7177 6.21771 3
    endloop
  endfacet
  facet normal 0 0 1
    outer loop
      vertex 23.3386 6.35355 3
      vertex 18.6614 6.35355 3
      vertex 18.6929 6.28701 3
    endloop
  endfacet
  facet normal 0 0 1
    outer loop
      vertex 23.3764 6.41668 3
      vertex 18.6236 6.41668 3
      vertex 18.6614 6.35355 3
    endloop
  endfacet
  facet normal 0 0 1
    outer loop
      vertex 23.4202 6.47579 3
      vertex 18.5798 6.47579 3
      vertex 18.6236 6.41668 3
    endloop
  endfacet
  facet normal 0 0 1
    outer loop
      vertex 23.4202 6.47579 3
      vertex 18.5303 6.53033 3
      vertex 18.5798 6.47579 3
    endloop
  endfacet
  facet normal 0 0 1
    outer loop
      vertex 23.4697 6.53033 3
      vertex 18.5303 6.53033 3
      vertex 23.4202 6.47579 3
    endloop
  endfacet
  facet normal 0 -0 1
    outer loop
      vertex 18.5303 6.53033 3
      vertex 23.4697 6.53033 3
      vertex 18.4758 6.57976 3
    endloop
  endfacet
  facet normal 0 0 1
    outer loop
      vertex 23.5242 6.57976 3
      vertex 18.4758 6.57976 3
      vertex 23.4697 6.53033 3
    endloop
  endfacet
  facet normal 0 -0 1
    outer loop
      vertex 18.4758 6.57976 3
      vertex 23.5242 6.57976 3
      vertex 18.4167 6.6236 3
    endloop
  endfacet
  facet normal 0 -0 1
    outer loop
      vertex 18.4167 6.6236 3
      vertex 23.5833 6.6236 3
      vertex 18.3535 6.66144 3
    endloop
  endfacet
  facet normal 0 0 1
    outer loop
      vertex 30 14 3
      vertex 18.1463 6.73559 3
      vertex 18.2177 6.7177 3
    endloop
  endfacet
  facet normal -0 0 1
    outer loop
      vertex 10 14 3
      vertex 18.1463 6.73559 3
      vertex 30 14 3
    endloop
  endfacet
  facet normal 0 0 1
    outer loop
      vertex 18.1463 6.73559 3
      vertex 10 14 3
      vertex 18.0735 6.74639 3
    endloop
  endfacet
  facet normal 0 0 1
    outer loop
      vertex 18.0735 6.74639 3
      vertex 10 14 3
      vertex 18 6.75 3
    endloop
  endfacet
  facet normal 0 0 1
    outer loop
      vertex 18 6.75 3
      vertex 10 14 3
      vertex 17.9265 6.74639 3
    endloop
  endfacet
  facet normal 0 0 1
    outer loop
      vertex 17.9265 6.74639 3
      vertex 10 14 3
      vertex 17.8537 6.73559 3
    endloop
  endfacet
  facet normal 0 0 1
    outer loop
      vertex 17.8537 6.73559 3
      vertex 10 14 3
      vertex 17.7823 6.7177 3
    endloop
  endfacet
  facet normal 0 0 1
    outer loop
      vertex 17.7823 6.7177 3
      vertex 10 14 3
      vertex 17.713 6.69291 3
    endloop
  endfacet
  facet normal 0 0 1
    outer loop
      vertex 17.2536 0.0735121 3
      vertex 12.75 0 3
      vertex 17.25 0 3
    endloop
  endfacet
  facet normal 0 0 1
    outer loop
      vertex 17.2644 0.146317 3
      vertex 12.75 0 3
      vertex 17.2536 0.0735121 3
    endloop
  endfacet
  facet normal 0 0 1
    outer loop
      vertex 17.2536 6.07351 3
      vertex 12.75 6 3
      vertex 17.25 6 3
    endloop
  endfacet
  facet normal 0 0 1
    outer loop
      vertex 12.7464 6.07351 3
      vertex 17.2536 6.07351 3
      vertex 17.2644 6.14632 3
    endloop
  endfacet
  facet normal 0 0 1
    outer loop
      vertex 12.7356 6.14632 3
      vertex 17.2644 6.14632 3
      vertex 17.2823 6.21771 3
    endloop
  endfacet
  facet normal 0 0 1
    outer loop
      vertex 12.7177 6.21771 3
      vertex 17.2823 6.21771 3
      vertex 17.3071 6.28701 3
    endloop
  endfacet
  facet normal 0 0 1
    outer loop
      vertex 12.6929 6.28701 3
      vertex 17.3071 6.28701 3
      vertex 17.3386 6.35355 3
    endloop
  endfacet
  facet normal 0 0 1
    outer loop
      vertex 12.6614 6.35355 3
      vertex 17.3386 6.35355 3
      vertex 17.3764 6.41668 3
    endloop
  endfacet
  facet normal 0 0 1
    outer loop
      vertex 12.6236 6.41668 3
      vertex 17.3764 6.41668 3
      vertex 17.4202 6.47579 3
    endloop
  endfacet
  facet normal 0 0 1
    outer loop
      vertex 12.5798 6.47579 3
      vertex 17.4202 6.47579 3
      vertex 17.4697 6.53033 3
    endloop
  endfacet
  facet normal 0 0 1
    outer loop
      vertex 12.5303 6.53033 3
      vertex 17.4697 6.53033 3
      vertex 17.5242 6.57976 3
    endloop
  endfacet
  facet normal 0 0 1
    outer loop
      vertex 12.4758 6.57976 3
      vertex 17.5242 6.57976 3
      vertex 17.5833 6.6236 3
    endloop
  endfacet
  facet normal 0 0 1
    outer loop
      vertex 12.4167 6.6236 3
      vertex 17.5833 6.6236 3
      vertex 17.6465 6.66144 3
    endloop
  endfacet
  facet normal 0 0 1
    outer loop
      vertex 17.713 6.69291 3
      vertex 10 14 3
      vertex 17.6465 6.66144 3
    endloop
  endfacet
  facet normal 0 0 1
    outer loop
      vertex 17.2536 6.07351 3
      vertex 12.7464 6.07351 3
      vertex 12.75 6 3
    endloop
  endfacet
  facet normal 0 0 1
    outer loop
      vertex 17.2644 6.14632 3
      vertex 12.7356 6.14632 3
      vertex 12.7464 6.07351 3
    endloop
  endfacet
  facet normal 0 0 1
    outer loop
      vertex 17.2823 6.21771 3
      vertex 12.7177 6.21771 3
      vertex 12.7356 6.14632 3
    endloop
  endfacet
  facet normal 0 0 1
    outer loop
      vertex 17.3071 6.28701 3
      vertex 12.6929 6.28701 3
      vertex 12.7177 6.21771 3
    endloop
  endfacet
  facet normal 0 0 1
    outer loop
      vertex 17.3386 6.35355 3
      vertex 12.6614 6.35355 3
      vertex 12.6929 6.28701 3
    endloop
  endfacet
  facet normal 0 0 1
    outer loop
      vertex 17.3764 6.41668 3
      vertex 12.6236 6.41668 3
      vertex 12.6614 6.35355 3
    endloop
  endfacet
  facet normal 0 0 1
    outer loop
      vertex 17.4202 6.47579 3
      vertex 12.5798 6.47579 3
      vertex 12.6236 6.41668 3
    endloop
  endfacet
  facet normal 0 0 1
    outer loop
      vertex 17.4697 6.53033 3
      vertex 12.5303 6.53033 3
      vertex 12.5798 6.47579 3
    endloop
  endfacet
  facet normal 0 -0 1
    outer loop
      vertex 12.3535 6.66144 3
      vertex 17.6465 6.66144 3
      vertex 10 14 3
    endloop
  endfacet
  facet normal 0 0 1
    outer loop
      vertex 17.5242 6.57976 3
      vertex 12.4758 6.57976 3
      vertex 12.5303 6.53033 3
    endloop
  endfacet
  facet normal 0 0 1
    outer loop
      vertex 17.5833 6.6236 3
      vertex 12.4167 6.6236 3
      vertex 12.4758 6.57976 3
    endloop
  endfacet
  facet normal 0 0 1
    outer loop
      vertex 17.6465 6.66144 3
      vertex 12.3535 6.66144 3
      vertex 12.4167 6.6236 3
    endloop
  endfacet
  facet normal 0 0 1
    outer loop
      vertex 12.3535 6.66144 3
      vertex 10 14 3
      vertex 12.287 6.69291 3
    endloop
  endfacet
  facet normal 0 0 1
    outer loop
      vertex 12.287 6.69291 3
      vertex 10 14 3
      vertex 12.2177 6.7177 3
    endloop
  endfacet
  facet normal 0 0 1
    outer loop
      vertex 12.2177 6.7177 3
      vertex 10 14 3
      vertex 12.1463 6.73559 3
    endloop
  endfacet
  facet normal 0 0 1
    outer loop
      vertex 12.1463 6.73559 3
      vertex 10 14 3
      vertex 12.0735 6.74639 3
    endloop
  endfacet
  facet normal 0 0 1
    outer loop
      vertex 12.0735 6.74639 3
      vertex 10 14 3
      vertex 12 6.75 3
    endloop
  endfacet
  facet normal 0 0 1
    outer loop
      vertex 12 6.75 3
      vertex 10 14 3
      vertex 11.9265 6.74639 3
    endloop
  endfacet
  facet normal 0 0 1
    outer loop
      vertex 11.9265 6.74639 3
      vertex 10 14 3
      vertex 11.8537 6.73559 3
    endloop
  endfacet
  facet normal 0 0 1
    outer loop
      vertex 11.8537 6.73559 3
      vertex 10 14 3
      vertex 11.7823 6.7177 3
    endloop
  endfacet
  facet normal 0 0 1
    outer loop
      vertex 11.2644 0.146317 3
      vertex 6.75 0 3
      vertex 11.2536 0.0735121 3
    endloop
  endfacet
  facet normal 0 -0 1
    outer loop
      vertex 6.66144 6.35355 3
      vertex 11.3386 6.35355 3
      vertex 6.6236 6.41668 3
    endloop
  endfacet
  facet normal 0 0 1
    outer loop
      vertex 11.3764 6.41668 3
      vertex 6.6236 6.41668 3
      vertex 11.3386 6.35355 3
    endloop
  endfacet
  facet normal 0 -0 1
    outer loop
      vertex 6.6236 6.41668 3
      vertex 11.3764 6.41668 3
      vertex 6.57976 6.47579 3
    endloop
  endfacet
  facet normal 0 0 1
    outer loop
      vertex 11.4202 6.47579 3
      vertex 6.57976 6.47579 3
      vertex 11.3764 6.41668 3
    endloop
  endfacet
  facet normal 0 -0 1
    outer loop
      vertex 6.57976 6.47579 3
      vertex 11.4202 6.47579 3
      vertex 6.53033 6.53033 3
    endloop
  endfacet
  facet normal 0 0 1
    outer loop
      vertex 11.4697 6.53033 3
      vertex 6.53033 6.53033 3
      vertex 11.4202 6.47579 3
    endloop
  endfacet
  facet normal 0 -0 1
    outer loop
      vertex 6.53033 6.53033 3
      vertex 11.4697 6.53033 3
      vertex 6.47579 6.57976 3
    endloop
  endfacet
  facet normal 0 0 1
    outer loop
      vertex 11.5242 6.57976 3
      vertex 6.47579 6.57976 3
      vertex 11.4697 6.53033 3
    endloop
  endfacet
  facet normal 0 0 1
    outer loop
      vertex 6.47579 6.57976 3
      vertex 11.5242 6.57976 3
      vertex 8.62776 13.9326 3
    endloop
  endfacet
  facet normal 0 0 1
    outer loop
      vertex 11.5833 6.6236 3
      vertex 8.62776 13.9326 3
      vertex 11.5242 6.57976 3
    endloop
  endfacet
  facet normal -0 0 1
    outer loop
      vertex 8.62776 13.9326 3
      vertex 11.5833 6.6236 3
      vertex 10 14 3
    endloop
  endfacet
  facet normal 0 0 1
    outer loop
      vertex 11.6465 6.66144 3
      vertex 10 14 3
      vertex 11.5833 6.6236 3
    endloop
  endfacet
  facet normal 0 0 1
    outer loop
      vertex 11.713 6.69291 3
      vertex 10 14 3
      vertex 11.6465 6.66144 3
    endloop
  endfacet
  facet normal 0 0 1
    outer loop
      vertex 11.7823 6.7177 3
      vertex 10 14 3
      vertex 11.713 6.69291 3
    endloop
  endfacet
  facet normal -0 0 1
    outer loop
      vertex 30.6929 -6.28701 3
      vertex 37.778 -11.6406 3
      vertex 30.7177 -6.21771 3
    endloop
  endfacet
  facet normal 0 0 1
    outer loop
      vertex 37.778 -11.6406 3
      vertex 30.6929 -6.28701 3
      vertex 36.5996 -12.3469 3
    endloop
  endfacet
  facet normal -0 0 1
    outer loop
      vertex 30.6614 -6.35355 3
      vertex 36.5996 -12.3469 3
      vertex 30.6929 -6.28701 3
    endloop
  endfacet
  facet normal -0 0 1
    outer loop
      vertex 30.6236 -6.41668 3
      vertex 36.5996 -12.3469 3
      vertex 30.6614 -6.35355 3
    endloop
  endfacet
  facet normal 0 0 1
    outer loop
      vertex 36.5996 -12.3469 3
      vertex 30.6236 -6.41668 3
      vertex 35.3576 -12.9343 3
    endloop
  endfacet
  facet normal -0 0 1
    outer loop
      vertex 30.5798 -6.47579 3
      vertex 35.3576 -12.9343 3
      vertex 30.6236 -6.41668 3
    endloop
  endfacet
  facet normal -0 0 1
    outer loop
      vertex 30.5303 -6.53033 3
      vertex 35.3576 -12.9343 3
      vertex 30.5798 -6.47579 3
    endloop
  endfacet
  facet normal 0 0 1
    outer loop
      vertex 35.3576 -12.9343 3
      vertex 30.5303 -6.53033 3
      vertex 34.064 -13.3972 3
    endloop
  endfacet
  facet normal -0 0 1
    outer loop
      vertex 30.4758 -6.57976 3
      vertex 34.064 -13.3972 3
      vertex 30.5303 -6.53033 3
    endloop
  endfacet
  facet normal -0 0 1
    outer loop
      vertex 30.4167 -6.6236 3
      vertex 34.064 -13.3972 3
      vertex 30.4758 -6.57976 3
    endloop
  endfacet
  facet normal 0 0 1
    outer loop
      vertex 34.064 -13.3972 3
      vertex 30.4167 -6.6236 3
      vertex 32.7313 -13.731 3
    endloop
  endfacet
  facet normal -0 0 1
    outer loop
      vertex 30.3535 -6.66144 3
      vertex 32.7313 -13.731 3
      vertex 30.4167 -6.6236 3
    endloop
  endfacet
  facet normal -0 0 1
    outer loop
      vertex 30.287 -6.69291 3
      vertex 32.7313 -13.731 3
      vertex 30.3535 -6.66144 3
    endloop
  endfacet
  facet normal 0 0 1
    outer loop
      vertex 32.7313 -13.731 3
      vertex 30.287 -6.69291 3
      vertex 31.3722 -13.9326 3
    endloop
  endfacet
  facet normal -0 0 1
    outer loop
      vertex 30.2177 -6.7177 3
      vertex 31.3722 -13.9326 3
      vertex 30.287 -6.69291 3
    endloop
  endfacet
  facet normal -0 0 1
    outer loop
      vertex 30.1463 -6.73559 3
      vertex 31.3722 -13.9326 3
      vertex 30.2177 -6.7177 3
    endloop
  endfacet
  facet normal -0 0 1
    outer loop
      vertex 30.0735 -6.74639 3
      vertex 31.3722 -13.9326 3
      vertex 30.1463 -6.73559 3
    endloop
  endfacet
  facet normal 0 0 1
    outer loop
      vertex 30 -14 3
      vertex 30.0735 -6.74639 3
      vertex 30 -6.75 3
    endloop
  endfacet
  facet normal 0 0 1
    outer loop
      vertex 30.0735 -6.74639 3
      vertex 30 -14 3
      vertex 31.3722 -13.9326 3
    endloop
  endfacet
  facet normal 0 0 1
    outer loop
      vertex 29.9265 -6.74639 3
      vertex 30 -14 3
      vertex 30 -6.75 3
    endloop
  endfacet
  facet normal 0 0 1
    outer loop
      vertex 29.8537 -6.73559 3
      vertex 30 -14 3
      vertex 29.9265 -6.74639 3
    endloop
  endfacet
  facet normal 0 0 1
    outer loop
      vertex 29.7823 -6.7177 3
      vertex 30 -14 3
      vertex 29.8537 -6.73559 3
    endloop
  endfacet
  facet normal 0 0 1
    outer loop
      vertex 29.713 -6.69291 3
      vertex 30 -14 3
      vertex 29.7823 -6.7177 3
    endloop
  endfacet
  facet normal 0 0 1
    outer loop
      vertex 29.6465 -6.66144 3
      vertex 30 -14 3
      vertex 29.713 -6.69291 3
    endloop
  endfacet
  facet normal 0 0 1
    outer loop
      vertex 29.5833 -6.6236 3
      vertex 30 -14 3
      vertex 29.6465 -6.66144 3
    endloop
  endfacet
  facet normal 0 0 1
    outer loop
      vertex 24.4167 -6.6236 3
      vertex 29.5833 -6.6236 3
      vertex 29.5242 -6.57976 3
    endloop
  endfacet
  facet normal 0 0 1
    outer loop
      vertex 24.4758 -6.57976 3
      vertex 29.5242 -6.57976 3
      vertex 29.4697 -6.53033 3
    endloop
  endfacet
  facet normal 0 0 1
    outer loop
      vertex 24.5303 -6.53033 3
      vertex 29.4697 -6.53033 3
      vertex 29.4202 -6.47579 3
    endloop
  endfacet
  facet normal 0 0 1
    outer loop
      vertex 24.5798 -6.47579 3
      vertex 29.4202 -6.47579 3
      vertex 29.3764 -6.41668 3
    endloop
  endfacet
  facet normal 0 0 1
    outer loop
      vertex 24.6236 -6.41668 3
      vertex 29.3764 -6.41668 3
      vertex 29.3386 -6.35355 3
    endloop
  endfacet
  facet normal 0 0 1
    outer loop
      vertex 24.6614 -6.35355 3
      vertex 29.3386 -6.35355 3
      vertex 29.3071 -6.28701 3
    endloop
  endfacet
  facet normal 0 0 1
    outer loop
      vertex 24.6929 -6.28701 3
      vertex 29.3071 -6.28701 3
      vertex 29.2823 -6.21771 3
    endloop
  endfacet
  facet normal 0 0 1
    outer loop
      vertex 24.7177 -6.21771 3
      vertex 29.2823 -6.21771 3
      vertex 29.2644 -6.14632 3
    endloop
  endfacet
  facet normal 0 0 1
    outer loop
      vertex 24.7356 -6.14632 3
      vertex 29.2644 -6.14632 3
      vertex 29.2536 -6.07351 3
    endloop
  endfacet
  facet normal 0 0 1
    outer loop
      vertex 29.2644 -5.85368 3
      vertex 24.75 -6 3
      vertex 29.2536 -5.92649 3
    endloop
  endfacet
  facet normal 0 0 1
    outer loop
      vertex 29.2536 -5.92649 3
      vertex 24.75 -6 3
      vertex 29.25 -6 3
    endloop
  endfacet
  facet normal 0 0 1
    outer loop
      vertex 29.25 -6 3
      vertex 24.75 -6 3
      vertex 29.2536 -6.07351 3
    endloop
  endfacet
  facet normal 0 0 1
    outer loop
      vertex 24.7464 -6.07351 3
      vertex 29.2536 -6.07351 3
      vertex 24.75 -6 3
    endloop
  endfacet
  facet normal 0 0 1
    outer loop
      vertex 24.7356 -6.14632 3
      vertex 29.2536 -6.07351 3
      vertex 24.7464 -6.07351 3
    endloop
  endfacet
  facet normal 0 0 1
    outer loop
      vertex 29.2644 -6.14632 3
      vertex 24.7356 -6.14632 3
      vertex 24.7177 -6.21771 3
    endloop
  endfacet
  facet normal 0 0 1
    outer loop
      vertex 29.2823 -6.21771 3
      vertex 24.7177 -6.21771 3
      vertex 24.6929 -6.28701 3
    endloop
  endfacet
  facet normal 0 0 1
    outer loop
      vertex 29.3071 -6.28701 3
      vertex 24.6929 -6.28701 3
      vertex 24.6614 -6.35355 3
    endloop
  endfacet
  facet normal 0 0 1
    outer loop
      vertex 29.3386 -6.35355 3
      vertex 24.6614 -6.35355 3
      vertex 24.6236 -6.41668 3
    endloop
  endfacet
  facet normal 0 0 1
    outer loop
      vertex 29.3764 -6.41668 3
      vertex 24.6236 -6.41668 3
      vertex 24.5798 -6.47579 3
    endloop
  endfacet
  facet normal 0 0 1
    outer loop
      vertex 29.4202 -6.47579 3
      vertex 24.5798 -6.47579 3
      vertex 24.5303 -6.53033 3
    endloop
  endfacet
  facet normal 0 0 1
    outer loop
      vertex 29.4697 -6.53033 3
      vertex 24.5303 -6.53033 3
      vertex 24.4758 -6.57976 3
    endloop
  endfacet
  facet normal 0 0 1
    outer loop
      vertex 29.5242 -6.57976 3
      vertex 24.4758 -6.57976 3
      vertex 24.4167 -6.6236 3
    endloop
  endfacet
  facet normal 0 0 1
    outer loop
      vertex 29.5833 -6.6236 3
      vertex 24.4167 -6.6236 3
      vertex 30 -14 3
    endloop
  endfacet
  facet normal -0 0 1
    outer loop
      vertex 24.3535 -6.66144 3
      vertex 30 -14 3
      vertex 24.4167 -6.6236 3
    endloop
  endfacet
  facet normal -0 0 1
    outer loop
      vertex 24.287 -6.69291 3
      vertex 30 -14 3
      vertex 24.3535 -6.66144 3
    endloop
  endfacet
  facet normal -0 0 1
    outer loop
      vertex 24.2177 -6.7177 3
      vertex 30 -14 3
      vertex 24.287 -6.69291 3
    endloop
  endfacet
  facet normal -0 0 1
    outer loop
      vertex 24.1463 -6.73559 3
      vertex 30 -14 3
      vertex 24.2177 -6.7177 3
    endloop
  endfacet
  facet normal -0 0 1
    outer loop
      vertex 24.0735 -6.74639 3
      vertex 30 -14 3
      vertex 24.1463 -6.73559 3
    endloop
  endfacet
  facet normal -0 0 1
    outer loop
      vertex 24 -6.75 3
      vertex 30 -14 3
      vertex 24.0735 -6.74639 3
    endloop
  endfacet
  facet normal 0 0 1
    outer loop
      vertex 23.9265 -6.74639 3
      vertex 30 -14 3
      vertex 24 -6.75 3
    endloop
  endfacet
  facet normal 0 0 1
    outer loop
      vertex 23.8537 -6.73559 3
      vertex 30 -14 3
      vertex 23.9265 -6.74639 3
    endloop
  endfacet
  facet normal 0 0 1
    outer loop
      vertex 23.7823 -6.7177 3
      vertex 30 -14 3
      vertex 23.8537 -6.73559 3
    endloop
  endfacet
  facet normal 0 0 1
    outer loop
      vertex 18.2177 -6.7177 3
      vertex 23.7823 -6.7177 3
      vertex 23.713 -6.69291 3
    endloop
  endfacet
  facet normal 0 0 1
    outer loop
      vertex 18.287 -6.69291 3
      vertex 23.713 -6.69291 3
      vertex 23.6465 -6.66144 3
    endloop
  endfacet
  facet normal 0 0 1
    outer loop
      vertex 18.3535 -6.66144 3
      vertex 23.6465 -6.66144 3
      vertex 23.5833 -6.6236 3
    endloop
  endfacet
  facet normal 0 0 1
    outer loop
      vertex 18.4167 -6.6236 3
      vertex 23.5833 -6.6236 3
      vertex 23.5242 -6.57976 3
    endloop
  endfacet
  facet normal 0 0 1
    outer loop
      vertex 18.4758 -6.57976 3
      vertex 23.5242 -6.57976 3
      vertex 23.4697 -6.53033 3
    endloop
  endfacet
  facet normal 0 0 1
    outer loop
      vertex 18.5303 -6.53033 3
      vertex 23.4697 -6.53033 3
      vertex 23.4202 -6.47579 3
    endloop
  endfacet
  facet normal 0 0 1
    outer loop
      vertex 23.2644 -5.85368 3
      vertex 18.75 -6 3
      vertex 23.2536 -5.92649 3
    endloop
  endfacet
  facet normal 0 0 1
    outer loop
      vertex 23.2536 -5.92649 3
      vertex 18.75 -6 3
      vertex 23.25 -6 3
    endloop
  endfacet
  facet normal 0 0 1
    outer loop
      vertex 23.25 -6 3
      vertex 18.75 -6 3
      vertex 23.2536 -6.07351 3
    endloop
  endfacet
  facet normal 0 0 1
    outer loop
      vertex 18.7464 -6.07351 3
      vertex 23.2536 -6.07351 3
      vertex 18.75 -6 3
    endloop
  endfacet
  facet normal 0 0 1
    outer loop
      vertex 23.2536 -6.07351 3
      vertex 18.7464 -6.07351 3
      vertex 23.2644 -6.14632 3
    endloop
  endfacet
  facet normal 0 0 1
    outer loop
      vertex 18.7356 -6.14632 3
      vertex 23.2644 -6.14632 3
      vertex 18.7464 -6.07351 3
    endloop
  endfacet
  facet normal 0 0 1
    outer loop
      vertex 23.2644 -6.14632 3
      vertex 18.7356 -6.14632 3
      vertex 23.2823 -6.21771 3
    endloop
  endfacet
  facet normal 0 0 1
    outer loop
      vertex 18.7177 -6.21771 3
      vertex 23.2823 -6.21771 3
      vertex 18.7356 -6.14632 3
    endloop
  endfacet
  facet normal 0 0 1
    outer loop
      vertex 23.2823 -6.21771 3
      vertex 18.7177 -6.21771 3
      vertex 23.3071 -6.28701 3
    endloop
  endfacet
  facet normal 0 0 1
    outer loop
      vertex 18.6929 -6.28701 3
      vertex 23.3071 -6.28701 3
      vertex 18.7177 -6.21771 3
    endloop
  endfacet
  facet normal 0 0 1
    outer loop
      vertex 23.3071 -6.28701 3
      vertex 18.6929 -6.28701 3
      vertex 23.3386 -6.35355 3
    endloop
  endfacet
  facet normal 0 0 1
    outer loop
      vertex 18.6614 -6.35355 3
      vertex 23.3386 -6.35355 3
      vertex 18.6929 -6.28701 3
    endloop
  endfacet
  facet normal 0 0 1
    outer loop
      vertex 23.3386 -6.35355 3
      vertex 18.6614 -6.35355 3
      vertex 23.3764 -6.41668 3
    endloop
  endfacet
  facet normal 0 0 1
    outer loop
      vertex 18.6236 -6.41668 3
      vertex 23.3764 -6.41668 3
      vertex 18.6614 -6.35355 3
    endloop
  endfacet
  facet normal 0 0 1
    outer loop
      vertex 23.3764 -6.41668 3
      vertex 18.6236 -6.41668 3
      vertex 23.4202 -6.47579 3
    endloop
  endfacet
  facet normal 0 0 1
    outer loop
      vertex 18.5798 -6.47579 3
      vertex 23.4202 -6.47579 3
      vertex 18.6236 -6.41668 3
    endloop
  endfacet
  facet normal 0 0 1
    outer loop
      vertex 18.5303 -6.53033 3
      vertex 23.4202 -6.47579 3
      vertex 18.5798 -6.47579 3
    endloop
  endfacet
  facet normal 0 0 1
    outer loop
      vertex 23.4697 -6.53033 3
      vertex 18.5303 -6.53033 3
      vertex 18.4758 -6.57976 3
    endloop
  endfacet
  facet normal 0 0 1
    outer loop
      vertex 23.5242 -6.57976 3
      vertex 18.4758 -6.57976 3
      vertex 18.4167 -6.6236 3
    endloop
  endfacet
  facet normal 0 0 1
    outer loop
      vertex 23.5833 -6.6236 3
      vertex 18.4167 -6.6236 3
      vertex 18.3535 -6.66144 3
    endloop
  endfacet
  facet normal 0 0 1
    outer loop
      vertex 23.6465 -6.66144 3
      vertex 18.3535 -6.66144 3
      vertex 18.287 -6.69291 3
    endloop
  endfacet
  facet normal 0 0 1
    outer loop
      vertex 23.713 -6.69291 3
      vertex 18.287 -6.69291 3
      vertex 18.2177 -6.7177 3
    endloop
  endfacet
  facet normal 0 0 1
    outer loop
      vertex 23.7823 -6.7177 3
      vertex 18.2177 -6.7177 3
      vertex 30 -14 3
    endloop
  endfacet
  facet normal -0 0 1
    outer loop
      vertex 18.1463 -6.73559 3
      vertex 30 -14 3
      vertex 18.2177 -6.7177 3
    endloop
  endfacet
  facet normal 0 0 1
    outer loop
      vertex 10 -14 3
      vertex 18.1463 -6.73559 3
      vertex 18.0735 -6.74639 3
    endloop
  endfacet
  facet normal 0 0 1
    outer loop
      vertex 10 -14 3
      vertex 18.0735 -6.74639 3
      vertex 18 -6.75 3
    endloop
  endfacet
  facet normal 0 0 1
    outer loop
      vertex 10 -14 3
      vertex 18 -6.75 3
      vertex 17.9265 -6.74639 3
    endloop
  endfacet
  facet normal 0 0 1
    outer loop
      vertex 10 -14 3
      vertex 17.9265 -6.74639 3
      vertex 17.8537 -6.73559 3
    endloop
  endfacet
  facet normal 0 0 1
    outer loop
      vertex 10 -14 3
      vertex 17.8537 -6.73559 3
      vertex 17.7823 -6.7177 3
    endloop
  endfacet
  facet normal 0 0 1
    outer loop
      vertex 10 -14 3
      vertex 17.7823 -6.7177 3
      vertex 17.713 -6.69291 3
    endloop
  endfacet
  facet normal 0 0 1
    outer loop
      vertex 10 -14 3
      vertex 17.713 -6.69291 3
      vertex 17.6465 -6.66144 3
    endloop
  endfacet
  facet normal 0 0 1
    outer loop
      vertex 17.2644 -5.85368 3
      vertex 12.75 -6 3
      vertex 17.2536 -5.92649 3
    endloop
  endfacet
  facet normal 0 0 1
    outer loop
      vertex 17.2536 -5.92649 3
      vertex 12.75 -6 3
      vertex 17.25 -6 3
    endloop
  endfacet
  facet normal 0 0 1
    outer loop
      vertex 17.25 -6 3
      vertex 12.75 -6 3
      vertex 17.2536 -6.07351 3
    endloop
  endfacet
  facet normal 0 0 1
    outer loop
      vertex 12.7464 -6.07351 3
      vertex 17.2536 -6.07351 3
      vertex 12.75 -6 3
    endloop
  endfacet
  facet normal 0 0 1
    outer loop
      vertex 17.2536 -6.07351 3
      vertex 12.7464 -6.07351 3
      vertex 17.2644 -6.14632 3
    endloop
  endfacet
  facet normal 0 0 1
    outer loop
      vertex 12.7356 -6.14632 3
      vertex 17.2644 -6.14632 3
      vertex 12.7464 -6.07351 3
    endloop
  endfacet
  facet normal 0 0 1
    outer loop
      vertex 17.2644 -6.14632 3
      vertex 12.7356 -6.14632 3
      vertex 17.2823 -6.21771 3
    endloop
  endfacet
  facet normal 0 0 1
    outer loop
      vertex 12.7177 -6.21771 3
      vertex 17.2823 -6.21771 3
      vertex 12.7356 -6.14632 3
    endloop
  endfacet
  facet normal 0 0 1
    outer loop
      vertex 17.2823 -6.21771 3
      vertex 12.7177 -6.21771 3
      vertex 17.3071 -6.28701 3
    endloop
  endfacet
  facet normal 0 0 1
    outer loop
      vertex 12.6929 -6.28701 3
      vertex 17.3071 -6.28701 3
      vertex 12.7177 -6.21771 3
    endloop
  endfacet
  facet normal 0 0 1
    outer loop
      vertex 17.3071 -6.28701 3
      vertex 12.6929 -6.28701 3
      vertex 17.3386 -6.35355 3
    endloop
  endfacet
  facet normal 0 0 1
    outer loop
      vertex 12.6614 -6.35355 3
      vertex 17.3386 -6.35355 3
      vertex 12.6929 -6.28701 3
    endloop
  endfacet
  facet normal 0 0 1
    outer loop
      vertex 17.3386 -6.35355 3
      vertex 12.6614 -6.35355 3
      vertex 17.3764 -6.41668 3
    endloop
  endfacet
  facet normal 0 0 1
    outer loop
      vertex 12.6236 -6.41668 3
      vertex 17.3764 -6.41668 3
      vertex 12.6614 -6.35355 3
    endloop
  endfacet
  facet normal 0 0 1
    outer loop
      vertex 17.3764 -6.41668 3
      vertex 12.6236 -6.41668 3
      vertex 17.4202 -6.47579 3
    endloop
  endfacet
  facet normal 0 0 1
    outer loop
      vertex 12.5798 -6.47579 3
      vertex 17.4202 -6.47579 3
      vertex 12.6236 -6.41668 3
    endloop
  endfacet
  facet normal 0 0 1
    outer loop
      vertex 17.4202 -6.47579 3
      vertex 12.5798 -6.47579 3
      vertex 17.4697 -6.53033 3
    endloop
  endfacet
  facet normal 0 0 1
    outer loop
      vertex 12.5303 -6.53033 3
      vertex 17.4697 -6.53033 3
      vertex 12.5798 -6.47579 3
    endloop
  endfacet
  facet normal 0 0 1
    outer loop
      vertex 17.4697 -6.53033 3
      vertex 12.5303 -6.53033 3
      vertex 17.5242 -6.57976 3
    endloop
  endfacet
  facet normal 0 0 1
    outer loop
      vertex 12.4758 -6.57976 3
      vertex 17.5242 -6.57976 3
      vertex 12.5303 -6.53033 3
    endloop
  endfacet
  facet normal 0 0 1
    outer loop
      vertex 17.5242 -6.57976 3
      vertex 12.4758 -6.57976 3
      vertex 17.5833 -6.6236 3
    endloop
  endfacet
  facet normal 0 0 1
    outer loop
      vertex 12.4167 -6.6236 3
      vertex 17.5833 -6.6236 3
      vertex 12.4758 -6.57976 3
    endloop
  endfacet
  facet normal 0 0 1
    outer loop
      vertex 17.5833 -6.6236 3
      vertex 12.4167 -6.6236 3
      vertex 17.6465 -6.66144 3
    endloop
  endfacet
  facet normal 0 0 1
    outer loop
      vertex 12.3535 -6.66144 3
      vertex 17.6465 -6.66144 3
      vertex 12.4167 -6.6236 3
    endloop
  endfacet
  facet normal 0 0 1
    outer loop
      vertex 17.6465 -6.66144 3
      vertex 12.3535 -6.66144 3
      vertex 10 -14 3
    endloop
  endfacet
  facet normal 0 0 1
    outer loop
      vertex 10 -14 3
      vertex 12.3535 -6.66144 3
      vertex 12.287 -6.69291 3
    endloop
  endfacet
  facet normal 0 0 1
    outer loop
      vertex 10 -14 3
      vertex 12.287 -6.69291 3
      vertex 12.2177 -6.7177 3
    endloop
  endfacet
  facet normal 0 0 1
    outer loop
      vertex 10 -14 3
      vertex 12.2177 -6.7177 3
      vertex 12.1463 -6.73559 3
    endloop
  endfacet
  facet normal 0 0 1
    outer loop
      vertex 10 -14 3
      vertex 12.1463 -6.73559 3
      vertex 12.0735 -6.74639 3
    endloop
  endfacet
  facet normal 0 0 1
    outer loop
      vertex 10 -14 3
      vertex 12.0735 -6.74639 3
      vertex 12 -6.75 3
    endloop
  endfacet
  facet normal 0 0 1
    outer loop
      vertex 10 -14 3
      vertex 12 -6.75 3
      vertex 11.9265 -6.74639 3
    endloop
  endfacet
  facet normal 0 0 1
    outer loop
      vertex 10 -14 3
      vertex 11.9265 -6.74639 3
      vertex 11.8537 -6.73559 3
    endloop
  endfacet
  facet normal 0 0 1
    outer loop
      vertex 10 -14 3
      vertex 11.8537 -6.73559 3
      vertex 11.7823 -6.7177 3
    endloop
  endfacet
  facet normal 0 0 1
    outer loop
      vertex 10 -14 3
      vertex 11.7823 -6.7177 3
      vertex 11.713 -6.69291 3
    endloop
  endfacet
  facet normal 0 0 1
    outer loop
      vertex 11.2823 -5.78229 3
      vertex 6.75 -6 3
      vertex 11.2644 -5.85368 3
    endloop
  endfacet
  facet normal 0 0 1
    outer loop
      vertex 18.1463 -6.73559 3
      vertex 10 -14 3
      vertex 30 -14 3
    endloop
  endfacet
  facet normal 0 0 1
    outer loop
      vertex 11.6465 -6.66144 3
      vertex 10 -14 3
      vertex 11.713 -6.69291 3
    endloop
  endfacet
  facet normal 0 0 1
    outer loop
      vertex 11.5833 -6.6236 3
      vertex 10 -14 3
      vertex 11.6465 -6.66144 3
    endloop
  endfacet
  facet normal 0 0 1
    outer loop
      vertex 8.62776 -13.9326 3
      vertex 11.5833 -6.6236 3
      vertex 11.5242 -6.57976 3
    endloop
  endfacet
  facet normal 0 0 1
    outer loop
      vertex 8.62776 -13.9326 3
      vertex 11.5242 -6.57976 3
      vertex 11.4697 -6.53033 3
    endloop
  endfacet
  facet normal 0 0 1
    outer loop
      vertex 7.26873 -13.731 3
      vertex 11.4697 -6.53033 3
      vertex 11.4202 -6.47579 3
    endloop
  endfacet
  facet normal 0 0 1
    outer loop
      vertex 7.26873 -13.731 3
      vertex 11.4202 -6.47579 3
      vertex 11.3764 -6.41668 3
    endloop
  endfacet
  facet normal 0 0 1
    outer loop
      vertex 7.26873 -13.731 3
      vertex 11.3764 -6.41668 3
      vertex 11.3386 -6.35355 3
    endloop
  endfacet
  facet normal 0 0 1
    outer loop
      vertex 7.26873 -13.731 3
      vertex 11.3386 -6.35355 3
      vertex 11.3071 -6.28701 3
    endloop
  endfacet
  facet normal 0 0 1
    outer loop
      vertex 7.26873 -13.731 3
      vertex 11.3071 -6.28701 3
      vertex 11.2823 -6.21771 3
    endloop
  endfacet
  facet normal 0 0 1
    outer loop
      vertex 7.26873 -13.731 3
      vertex 11.2823 -6.21771 3
      vertex 11.2644 -6.14632 3
    endloop
  endfacet
  facet normal 0 0 1
    outer loop
      vertex 7.26873 -13.731 3
      vertex 11.2644 -6.14632 3
      vertex 11.2536 -6.07351 3
    endloop
  endfacet
  facet normal 0 0 1
    outer loop
      vertex 11.2644 -5.85368 3
      vertex 6.75 -6 3
      vertex 11.2536 -5.92649 3
    endloop
  endfacet
  facet normal 0 0 1
    outer loop
      vertex 11.3386 6.35355 3
      vertex 6.66144 6.35355 3
      vertex 11.3071 6.28701 3
    endloop
  endfacet
  facet normal 0 0 1
    outer loop
      vertex 11.2536 -5.92649 3
      vertex 6.75 -6 3
      vertex 11.25 -6 3
    endloop
  endfacet
  facet normal 0 0 1
    outer loop
      vertex 6.41668 6.6236 3
      vertex 8.62776 13.9326 3
      vertex 7.26873 13.731 3
    endloop
  endfacet
  facet normal 0 0 1
    outer loop
      vertex 11.5833 -6.6236 3
      vertex 8.62776 -13.9326 3
      vertex 10 -14 3
    endloop
  endfacet
  facet normal 0 0 1
    outer loop
      vertex 11.4697 -6.53033 3
      vertex 7.26873 -13.731 3
      vertex 8.62776 -13.9326 3
    endloop
  endfacet
  facet normal 0 0 1
    outer loop
      vertex 11.25 6 3
      vertex 6.74639 6.07351 3
      vertex 6.75 6 3
    endloop
  endfacet
  facet normal 0 0 1
    outer loop
      vertex 11.2536 6.07351 3
      vertex 6.74639 6.07351 3
      vertex 11.25 6 3
    endloop
  endfacet
  facet normal 0 -0 1
    outer loop
      vertex 6.74639 6.07351 3
      vertex 11.2536 6.07351 3
      vertex 6.73559 6.14632 3
    endloop
  endfacet
  facet normal 0 0 1
    outer loop
      vertex 11.2644 6.14632 3
      vertex 6.73559 6.14632 3
      vertex 11.2536 6.07351 3
    endloop
  endfacet
  facet normal 0 -0 1
    outer loop
      vertex 6.73559 6.14632 3
      vertex 11.2644 6.14632 3
      vertex 6.7177 6.21771 3
    endloop
  endfacet
  facet normal 0 0 1
    outer loop
      vertex 11.2823 6.21771 3
      vertex 6.7177 6.21771 3
      vertex 11.2644 6.14632 3
    endloop
  endfacet
  facet normal 0 -0 1
    outer loop
      vertex 6.7177 6.21771 3
      vertex 11.2823 6.21771 3
      vertex 6.69291 6.28701 3
    endloop
  endfacet
  facet normal 0 0 1
    outer loop
      vertex 11.3071 6.28701 3
      vertex 6.69291 6.28701 3
      vertex 11.2823 6.21771 3
    endloop
  endfacet
  facet normal 0 -0 1
    outer loop
      vertex 6.69291 6.28701 3
      vertex 11.3071 6.28701 3
      vertex 6.66144 6.35355 3
    endloop
  endfacet
  facet normal 0 0 1
    outer loop
      vertex 8.62776 13.9326 3
      vertex 6.41668 6.6236 3
      vertex 6.47579 6.57976 3
    endloop
  endfacet
  facet normal 0 0 1
    outer loop
      vertex 7.26873 13.731 3
      vertex 6.35355 6.66144 3
      vertex 6.41668 6.6236 3
    endloop
  endfacet
  facet normal 0 0 1
    outer loop
      vertex 7.26873 13.731 3
      vertex 6.28701 6.69291 3
      vertex 6.35355 6.66144 3
    endloop
  endfacet
  facet normal 0 0 1
    outer loop
      vertex 7.26873 13.731 3
      vertex 6.21771 6.7177 3
      vertex 6.28701 6.69291 3
    endloop
  endfacet
  facet normal -0 0 1
    outer loop
      vertex 5.93601 13.3972 3
      vertex 6.21771 6.7177 3
      vertex 7.26873 13.731 3
    endloop
  endfacet
  facet normal 0 0 1
    outer loop
      vertex 6.21771 6.7177 3
      vertex 5.93601 13.3972 3
      vertex 6.14632 6.73559 3
    endloop
  endfacet
  facet normal 0 0 1
    outer loop
      vertex 6.14632 6.73559 3
      vertex 5.93601 13.3972 3
      vertex 6.07351 6.74639 3
    endloop
  endfacet
  facet normal -0 0 1
    outer loop
      vertex 4.64243 12.9343 3
      vertex 6.07351 6.74639 3
      vertex 5.93601 13.3972 3
    endloop
  endfacet
  facet normal 0 0 1
    outer loop
      vertex 6.07351 6.74639 3
      vertex 4.64243 12.9343 3
      vertex 6 6.75 3
    endloop
  endfacet
  facet normal 0 0 1
    outer loop
      vertex 6 6.75 3
      vertex 4.64243 12.9343 3
      vertex 5.92649 6.74639 3
    endloop
  endfacet
  facet normal 0 0 1
    outer loop
      vertex 5.92649 6.74639 3
      vertex 4.64243 12.9343 3
      vertex 5.85368 6.73559 3
    endloop
  endfacet
  facet normal -0 0 1
    outer loop
      vertex 3.40044 12.3469 3
      vertex 5.85368 6.73559 3
      vertex 4.64243 12.9343 3
    endloop
  endfacet
  facet normal 0 0 1
    outer loop
      vertex 5.85368 6.73559 3
      vertex 3.40044 12.3469 3
      vertex 5.78229 6.7177 3
    endloop
  endfacet
  facet normal 0 0 1
    outer loop
      vertex 5.78229 6.7177 3
      vertex 3.40044 12.3469 3
      vertex 5.71299 6.69291 3
    endloop
  endfacet
  facet normal 0 0 1
    outer loop
      vertex 5.71299 6.69291 3
      vertex 3.40044 12.3469 3
      vertex 5.64645 6.66144 3
    endloop
  endfacet
  facet normal -0 0 1
    outer loop
      vertex 2.22202 11.6406 3
      vertex 5.64645 6.66144 3
      vertex 3.40044 12.3469 3
    endloop
  endfacet
  facet normal 0 0 1
    outer loop
      vertex 5.64645 6.66144 3
      vertex 2.22202 11.6406 3
      vertex 5.58332 6.6236 3
    endloop
  endfacet
  facet normal 0 0 1
    outer loop
      vertex 5.58332 6.6236 3
      vertex 2.22202 11.6406 3
      vertex 5.5242 6.57976 3
    endloop
  endfacet
  facet normal 0 0 1
    outer loop
      vertex 5.5242 6.57976 3
      vertex 2.22202 11.6406 3
      vertex 5.46967 6.53033 3
    endloop
  endfacet
  facet normal -0 0 1
    outer loop
      vertex 1.11849 10.8221 3
      vertex 5.46967 6.53033 3
      vertex 2.22202 11.6406 3
    endloop
  endfacet
  facet normal 0 0 1
    outer loop
      vertex 5.46967 6.53033 3
      vertex 1.11849 10.8221 3
      vertex 5.42024 6.47579 3
    endloop
  endfacet
  facet normal 0 0 1
    outer loop
      vertex 5.42024 6.47579 3
      vertex 1.11849 10.8221 3
      vertex 5.3764 6.41668 3
    endloop
  endfacet
  facet normal -0 0 1
    outer loop
      vertex 0.100505 9.89949 3
      vertex 5.3764 6.41668 3
      vertex 1.11849 10.8221 3
    endloop
  endfacet
  facet normal 0 0 1
    outer loop
      vertex 5.30709 6.28701 3
      vertex 0.100505 9.89949 3
      vertex 5.28229 6.21771 3
    endloop
  endfacet
  facet normal -0 0 1
    outer loop
      vertex -0.822145 8.88151 3
      vertex 5.28229 6.21771 3
      vertex 0.100505 9.89949 3
    endloop
  endfacet
  facet normal 0 0 1
    outer loop
      vertex 5.33856 6.35355 3
      vertex 0.100505 9.89949 3
      vertex 5.30709 6.28701 3
    endloop
  endfacet
  facet normal 0 0 1
    outer loop
      vertex 5.3764 6.41668 3
      vertex 0.100505 9.89949 3
      vertex 5.33856 6.35355 3
    endloop
  endfacet
  facet normal -0.803184 -0.59573 0
    outer loop
      vertex 41.6406 7.77798 3
      vertex 40.8221 8.88151 26
      vertex 40.8221 8.88151 3
    endloop
  endfacet
  facet normal -0.803184 -0.59573 0
    outer loop
      vertex 40.8221 8.88151 26
      vertex 41.6406 7.77798 3
      vertex 41.6406 7.77798 26
    endloop
  endfacet
  facet normal 0.0490576 0.998796 -0
    outer loop
      vertex 10 -14 3
      vertex 8.62776 -13.9326 26
      vertex 10 -14 26
    endloop
  endfacet
  facet normal 0.0490576 0.998796 0
    outer loop
      vertex 8.62776 -13.9326 26
      vertex 10 -14 3
      vertex 8.62776 -13.9326 3
    endloop
  endfacet
  facet normal -0.970036 0.24296 0
    outer loop
      vertex 43.3972 -4.06398 3
      vertex 43.731 -2.73126 26
      vertex 43.731 -2.73126 3
    endloop
  endfacet
  facet normal -0.970036 0.24296 0
    outer loop
      vertex 43.731 -2.73126 26
      vertex 43.3972 -4.06398 3
      vertex 43.3972 -4.06398 26
    endloop
  endfacet
  facet normal 0.998796 -0.0490649 0
    outer loop
      vertex -4 0 26
      vertex -3.93259 1.37224 3
      vertex -3.93259 1.37224 26
    endloop
  endfacet
  facet normal 0.998796 -0.0490649 0
    outer loop
      vertex -3.93259 1.37224 3
      vertex -4 0 26
      vertex -4 0 3
    endloop
  endfacet
  facet normal 0 1 -0
    outer loop
      vertex 30 -14 3
      vertex 10 -14 26
      vertex 30 -14 26
    endloop
  endfacet
  facet normal 0 1 0
    outer loop
      vertex 10 -14 26
      vertex 30 -14 3
      vertex 10 -14 3
    endloop
  endfacet
  facet normal -0.998796 0.0490576 0
    outer loop
      vertex 43.9326 -1.37224 3
      vertex 44 0 26
      vertex 44 0 3
    endloop
  endfacet
  facet normal -0.998796 0.0490576 0
    outer loop
      vertex 44 0 26
      vertex 43.9326 -1.37224 3
      vertex 43.9326 -1.37224 26
    endloop
  endfacet
  facet normal 0.970031 -0.242981 0
    outer loop
      vertex -3.73099 2.73126 26
      vertex -3.39716 4.06398 3
      vertex -3.39716 4.06398 26
    endloop
  endfacet
  facet normal 0.970031 -0.242981 0
    outer loop
      vertex -3.39716 4.06398 3
      vertex -3.73099 2.73126 26
      vertex -3.73099 2.73126 3
    endloop
  endfacet
  facet normal 0.998796 0.0490649 0
    outer loop
      vertex -3.93259 -1.37224 26
      vertex -4 0 3
      vertex -4 0 26
    endloop
  endfacet
  facet normal 0.998796 0.0490649 0
    outer loop
      vertex -4 0 3
      vertex -3.93259 -1.37224 26
      vertex -3.93259 -1.37224 3
    endloop
  endfacet
  facet normal 0.90399 -0.427553 0
    outer loop
      vertex -2.93431 5.35757 26
      vertex -2.3469 6.59955 3
      vertex -2.3469 6.59955 26
    endloop
  endfacet
  facet normal 0.90399 -0.427553 0
    outer loop
      vertex -2.3469 6.59955 3
      vertex -2.93431 5.35757 26
      vertex -2.93431 5.35757 3
    endloop
  endfacet
  facet normal -0.989176 -0.146736 0
    outer loop
      vertex 43.9326 1.37224 3
      vertex 43.731 2.73126 26
      vertex 43.731 2.73126 3
    endloop
  endfacet
  facet normal -0.989176 -0.146736 0
    outer loop
      vertex 43.731 2.73126 26
      vertex 43.9326 1.37224 3
      vertex 43.9326 1.37224 26
    endloop
  endfacet
  facet normal 0.989176 0.146736 0
    outer loop
      vertex -3.73099 -2.73126 26
      vertex -3.93259 -1.37224 3
      vertex -3.93259 -1.37224 26
    endloop
  endfacet
  facet normal 0.989176 0.146736 0
    outer loop
      vertex -3.93259 -1.37224 3
      vertex -3.73099 -2.73126 26
      vertex -3.73099 -2.73126 3
    endloop
  endfacet
  facet normal 0.803211 0.595695 0
    outer loop
      vertex -0.822145 -8.88151 26
      vertex -1.64057 -7.77798 3
      vertex -1.64057 -7.77798 26
    endloop
  endfacet
  facet normal 0.803211 0.595695 0
    outer loop
      vertex -1.64057 -7.77798 3
      vertex -0.822145 -8.88151 26
      vertex -0.822145 -8.88151 3
    endloop
  endfacet
  facet normal 0.90399 0.427553 0
    outer loop
      vertex -2.3469 -6.59955 26
      vertex -2.93431 -5.35757 3
      vertex -2.93431 -5.35757 26
    endloop
  endfacet
  facet normal 0.90399 0.427553 0
    outer loop
      vertex -2.93431 -5.35757 3
      vertex -2.3469 -6.59955 26
      vertex -2.3469 -6.59955 3
    endloop
  endfacet
  facet normal -0.0490591 0.998796 0
    outer loop
      vertex 31.3722 -13.9326 3
      vertex 30 -14 26
      vertex 31.3722 -13.9326 26
    endloop
  endfacet
  facet normal -0.0490591 0.998796 0
    outer loop
      vertex 30 -14 26
      vertex 31.3722 -13.9326 3
      vertex 30 -14 3
    endloop
  endfacet
  facet normal 0.24296 0.970036 -0
    outer loop
      vertex 7.26873 -13.731 3
      vertex 5.93601 -13.3972 26
      vertex 7.26873 -13.731 26
    endloop
  endfacet
  facet normal 0.24296 0.970036 0
    outer loop
      vertex 5.93601 -13.3972 26
      vertex 7.26873 -13.731 3
      vertex 5.93601 -13.3972 3
    endloop
  endfacet
  facet normal 0.514093 0.857734 -0
    outer loop
      vertex 3.40044 -12.3469 3
      vertex 2.22202 -11.6406 26
      vertex 3.40044 -12.3469 26
    endloop
  endfacet
  facet normal 0.514093 0.857734 0
    outer loop
      vertex 2.22202 -11.6406 26
      vertex 3.40044 -12.3469 3
      vertex 2.22202 -11.6406 3
    endloop
  endfacet
  facet normal 0.336922 0.941533 -0
    outer loop
      vertex 5.93601 -13.3972 3
      vertex 4.64243 -12.9343 26
      vertex 5.93601 -13.3972 26
    endloop
  endfacet
  facet normal 0.336922 0.941533 0
    outer loop
      vertex 4.64243 -12.9343 26
      vertex 5.93601 -13.3972 3
      vertex 4.64243 -12.9343 3
    endloop
  endfacet
  facet normal -0.146728 0.989177 0
    outer loop
      vertex 32.7313 -13.731 3
      vertex 31.3722 -13.9326 26
      vertex 32.7313 -13.731 26
    endloop
  endfacet
  facet normal -0.146728 0.989177 0
    outer loop
      vertex 31.3722 -13.9326 26
      vertex 32.7313 -13.731 3
      vertex 31.3722 -13.9326 3
    endloop
  endfacet
  facet normal -0.427542 0.903996 0
    outer loop
      vertex 36.5996 -12.3469 3
      vertex 35.3576 -12.9343 26
      vertex 36.5996 -12.3469 26
    endloop
  endfacet
  facet normal -0.427542 0.903996 0
    outer loop
      vertex 35.3576 -12.9343 26
      vertex 36.5996 -12.3469 3
      vertex 35.3576 -12.9343 3
    endloop
  endfacet
  facet normal -0.336917 0.941534 0
    outer loop
      vertex 35.3576 -12.9343 3
      vertex 34.064 -13.3972 26
      vertex 35.3576 -12.9343 26
    endloop
  endfacet
  facet normal -0.336917 0.941534 0
    outer loop
      vertex 34.064 -13.3972 26
      vertex 35.3576 -12.9343 3
      vertex 34.064 -13.3972 3
    endloop
  endfacet
  facet normal -0.671538 0.74097 0
    outer loop
      vertex 39.8995 -9.89949 3
      vertex 38.8815 -10.8221 26
      vertex 39.8995 -9.89949 26
    endloop
  endfacet
  facet normal -0.671538 0.74097 0
    outer loop
      vertex 38.8815 -10.8221 26
      vertex 39.8995 -9.89949 3
      vertex 38.8815 -10.8221 3
    endloop
  endfacet
  facet normal -0.740967 0.671542 0
    outer loop
      vertex 39.8995 -9.89949 3
      vertex 40.8221 -8.88151 26
      vertex 40.8221 -8.88151 3
    endloop
  endfacet
  facet normal -0.740967 0.671542 0
    outer loop
      vertex 40.8221 -8.88151 26
      vertex 39.8995 -9.89949 3
      vertex 39.8995 -9.89949 26
    endloop
  endfacet
  facet normal -0.998796 -0.0490576 0
    outer loop
      vertex 44 0 3
      vertex 43.9326 1.37224 26
      vertex 43.9326 1.37224 3
    endloop
  endfacet
  facet normal -0.998796 -0.0490576 0
    outer loop
      vertex 43.9326 1.37224 26
      vertex 44 0 3
      vertex 44 0 26
    endloop
  endfacet
  facet normal -0.903993 0.427547 0
    outer loop
      vertex 42.3469 -6.59955 3
      vertex 42.9343 -5.35757 26
      vertex 42.9343 -5.35757 3
    endloop
  endfacet
  facet normal -0.903993 0.427547 0
    outer loop
      vertex 42.9343 -5.35757 26
      vertex 42.3469 -6.59955 3
      vertex 42.3469 -6.59955 26
    endloop
  endfacet
  facet normal -0.941533 0.33692 0
    outer loop
      vertex 42.9343 -5.35757 3
      vertex 43.3972 -4.06398 26
      vertex 43.3972 -4.06398 3
    endloop
  endfacet
  facet normal -0.941533 0.33692 0
    outer loop
      vertex 43.3972 -4.06398 26
      vertex 42.9343 -5.35757 3
      vertex 42.9343 -5.35757 26
    endloop
  endfacet
  facet normal 0.941545 -0.336887 0
    outer loop
      vertex -3.39716 4.06398 26
      vertex -2.93431 5.35757 3
      vertex -2.93431 5.35757 26
    endloop
  endfacet
  facet normal 0.941545 -0.336887 0
    outer loop
      vertex -2.93431 5.35757 3
      vertex -3.39716 4.06398 26
      vertex -3.39716 4.06398 3
    endloop
  endfacet
  facet normal 0.740949 -0.671562 0
    outer loop
      vertex -0.822145 8.88151 26
      vertex 0.100505 9.89949 3
      vertex 0.100505 9.89949 26
    endloop
  endfacet
  facet normal 0.740949 -0.671562 0
    outer loop
      vertex 0.100505 9.89949 3
      vertex -0.822145 8.88151 26
      vertex -0.822145 8.88151 3
    endloop
  endfacet
  facet normal 0.0490576 -0.998796 0
    outer loop
      vertex 8.62776 13.9326 3
      vertex 10 14 26
      vertex 8.62776 13.9326 26
    endloop
  endfacet
  facet normal 0.0490576 -0.998796 0
    outer loop
      vertex 10 14 26
      vertex 8.62776 13.9326 3
      vertex 10 14 3
    endloop
  endfacet
  facet normal 0.59573 -0.803184 0
    outer loop
      vertex 1.11849 10.8221 3
      vertex 2.22202 11.6406 26
      vertex 1.11849 10.8221 26
    endloop
  endfacet
  facet normal 0.59573 -0.803184 0
    outer loop
      vertex 2.22202 11.6406 26
      vertex 1.11849 10.8221 3
      vertex 2.22202 11.6406 3
    endloop
  endfacet
  facet normal -0.941533 -0.33692 0
    outer loop
      vertex 43.3972 4.06398 3
      vertex 42.9343 5.35757 26
      vertex 42.9343 5.35757 3
    endloop
  endfacet
  facet normal -0.941533 -0.33692 0
    outer loop
      vertex 42.9343 5.35757 26
      vertex 43.3972 4.06398 3
      vertex 43.3972 4.06398 26
    endloop
  endfacet
  facet normal 0 -1 0
    outer loop
      vertex 10 14 3
      vertex 30 14 26
      vertex 10 14 26
    endloop
  endfacet
  facet normal 0 -1 -0
    outer loop
      vertex 30 14 26
      vertex 10 14 3
      vertex 30 14 3
    endloop
  endfacet
  facet normal -0.146728 -0.989177 0
    outer loop
      vertex 31.3722 13.9326 3
      vertex 32.7313 13.731 26
      vertex 31.3722 13.9326 26
    endloop
  endfacet
  facet normal -0.146728 -0.989177 -0
    outer loop
      vertex 32.7313 13.731 26
      vertex 31.3722 13.9326 3
      vertex 32.7313 13.731 3
    endloop
  endfacet
  facet normal 0.941545 0.336887 0
    outer loop
      vertex -2.93431 -5.35757 26
      vertex -3.39716 -4.06398 3
      vertex -3.39716 -4.06398 26
    endloop
  endfacet
  facet normal 0.941545 0.336887 0
    outer loop
      vertex -3.39716 -4.06398 3
      vertex -2.93431 -5.35757 26
      vertex -2.93431 -5.35757 3
    endloop
  endfacet
  facet normal 0.146735 0.989176 -0
    outer loop
      vertex 8.62776 -13.9326 3
      vertex 7.26873 -13.731 26
      vertex 8.62776 -13.9326 26
    endloop
  endfacet
  facet normal 0.146735 0.989176 0
    outer loop
      vertex 7.26873 -13.731 26
      vertex 8.62776 -13.9326 3
      vertex 7.26873 -13.731 3
    endloop
  endfacet
  facet normal 0.59573 0.803184 -0
    outer loop
      vertex 2.22202 -11.6406 3
      vertex 1.11849 -10.8221 26
      vertex 2.22202 -11.6406 26
    endloop
  endfacet
  facet normal 0.59573 0.803184 0
    outer loop
      vertex 1.11849 -10.8221 26
      vertex 2.22202 -11.6406 3
      vertex 1.11849 -10.8221 3
    endloop
  endfacet
  facet normal -0.242964 0.970035 0
    outer loop
      vertex 34.064 -13.3972 3
      vertex 32.7313 -13.731 26
      vertex 34.064 -13.3972 26
    endloop
  endfacet
  facet normal -0.242964 0.970035 0
    outer loop
      vertex 32.7313 -13.731 26
      vertex 34.064 -13.3972 3
      vertex 32.7313 -13.731 3
    endloop
  endfacet
  facet normal -0.595741 0.803177 0
    outer loop
      vertex 38.8815 -10.8221 3
      vertex 37.778 -11.6406 26
      vertex 38.8815 -10.8221 26
    endloop
  endfacet
  facet normal -0.595741 0.803177 0
    outer loop
      vertex 37.778 -11.6406 26
      vertex 38.8815 -10.8221 3
      vertex 37.778 -11.6406 3
    endloop
  endfacet
  facet normal -0.5141 0.85773 0
    outer loop
      vertex 37.778 -11.6406 3
      vertex 36.5996 -12.3469 26
      vertex 37.778 -11.6406 26
    endloop
  endfacet
  facet normal -0.5141 0.85773 0
    outer loop
      vertex 36.5996 -12.3469 26
      vertex 37.778 -11.6406 3
      vertex 36.5996 -12.3469 3
    endloop
  endfacet
  facet normal -0.989176 0.146736 0
    outer loop
      vertex 43.731 -2.73126 3
      vertex 43.9326 -1.37224 26
      vertex 43.9326 -1.37224 3
    endloop
  endfacet
  facet normal -0.989176 0.146736 0
    outer loop
      vertex 43.9326 -1.37224 26
      vertex 43.731 -2.73126 3
      vertex 43.731 -2.73126 26
    endloop
  endfacet
  facet normal -0.857736 0.51409 0
    outer loop
      vertex 41.6406 -7.77798 3
      vertex 42.3469 -6.59955 26
      vertex 42.3469 -6.59955 3
    endloop
  endfacet
  facet normal -0.857736 0.51409 0
    outer loop
      vertex 42.3469 -6.59955 26
      vertex 41.6406 -7.77798 3
      vertex 41.6406 -7.77798 26
    endloop
  endfacet
  facet normal -0.803184 0.59573 0
    outer loop
      vertex 40.8221 -8.88151 3
      vertex 41.6406 -7.77798 26
      vertex 41.6406 -7.77798 3
    endloop
  endfacet
  facet normal -0.803184 0.59573 0
    outer loop
      vertex 41.6406 -7.77798 26
      vertex 40.8221 -8.88151 3
      vertex 40.8221 -8.88151 26
    endloop
  endfacet
  facet normal 0.989176 -0.146736 0
    outer loop
      vertex -3.93259 1.37224 26
      vertex -3.73099 2.73126 3
      vertex -3.73099 2.73126 26
    endloop
  endfacet
  facet normal 0.989176 -0.146736 0
    outer loop
      vertex -3.73099 2.73126 3
      vertex -3.93259 1.37224 26
      vertex -3.93259 1.37224 3
    endloop
  endfacet
  facet normal 0.857727 -0.514106 0
    outer loop
      vertex -2.3469 6.59955 26
      vertex -1.64057 7.77798 3
      vertex -1.64057 7.77798 26
    endloop
  endfacet
  facet normal 0.857727 -0.514106 0
    outer loop
      vertex -1.64057 7.77798 3
      vertex -2.3469 6.59955 26
      vertex -2.3469 6.59955 3
    endloop
  endfacet
  facet normal 0.803211 -0.595695 0
    outer loop
      vertex -1.64057 7.77798 26
      vertex -0.822145 8.88151 3
      vertex -0.822145 8.88151 26
    endloop
  endfacet
  facet normal 0.803211 -0.595695 0
    outer loop
      vertex -0.822145 8.88151 3
      vertex -1.64057 7.77798 26
      vertex -1.64057 7.77798 3
    endloop
  endfacet
  facet normal 0.24296 -0.970036 0
    outer loop
      vertex 5.93601 13.3972 3
      vertex 7.26873 13.731 26
      vertex 5.93601 13.3972 26
    endloop
  endfacet
  facet normal 0.24296 -0.970036 0
    outer loop
      vertex 7.26873 13.731 26
      vertex 5.93601 13.3972 3
      vertex 7.26873 13.731 3
    endloop
  endfacet
  facet normal 0.336922 -0.941533 0
    outer loop
      vertex 4.64243 12.9343 3
      vertex 5.93601 13.3972 26
      vertex 4.64243 12.9343 26
    endloop
  endfacet
  facet normal 0.336922 -0.941533 0
    outer loop
      vertex 5.93601 13.3972 26
      vertex 4.64243 12.9343 3
      vertex 5.93601 13.3972 3
    endloop
  endfacet
  facet normal 0.671544 -0.740965 0
    outer loop
      vertex 0.100505 9.89949 3
      vertex 1.11849 10.8221 26
      vertex 0.100505 9.89949 26
    endloop
  endfacet
  facet normal 0.671544 -0.740965 0
    outer loop
      vertex 1.11849 10.8221 26
      vertex 0.100505 9.89949 3
      vertex 1.11849 10.8221 3
    endloop
  endfacet
  facet normal -0.595741 -0.803177 0
    outer loop
      vertex 37.778 11.6406 3
      vertex 38.8815 10.8221 26
      vertex 37.778 11.6406 26
    endloop
  endfacet
  facet normal -0.595741 -0.803177 -0
    outer loop
      vertex 38.8815 10.8221 26
      vertex 37.778 11.6406 3
      vertex 38.8815 10.8221 3
    endloop
  endfacet
  facet normal -0.857736 -0.51409 0
    outer loop
      vertex 42.3469 6.59955 3
      vertex 41.6406 7.77798 26
      vertex 41.6406 7.77798 3
    endloop
  endfacet
  facet normal -0.857736 -0.51409 0
    outer loop
      vertex 41.6406 7.77798 26
      vertex 42.3469 6.59955 3
      vertex 42.3469 6.59955 26
    endloop
  endfacet
  facet normal -0.970036 -0.24296 0
    outer loop
      vertex 43.731 2.73126 3
      vertex 43.3972 4.06398 26
      vertex 43.3972 4.06398 3
    endloop
  endfacet
  facet normal -0.970036 -0.24296 0
    outer loop
      vertex 43.3972 4.06398 26
      vertex 43.731 2.73126 3
      vertex 43.731 2.73126 26
    endloop
  endfacet
  facet normal -0.0490591 -0.998796 0
    outer loop
      vertex 30 14 3
      vertex 31.3722 13.9326 26
      vertex 30 14 26
    endloop
  endfacet
  facet normal -0.0490591 -0.998796 -0
    outer loop
      vertex 31.3722 13.9326 26
      vertex 30 14 3
      vertex 31.3722 13.9326 3
    endloop
  endfacet
  facet normal 0.970031 0.242981 0
    outer loop
      vertex -3.39716 -4.06398 26
      vertex -3.73099 -2.73126 3
      vertex -3.73099 -2.73126 26
    endloop
  endfacet
  facet normal 0.970031 0.242981 0
    outer loop
      vertex -3.73099 -2.73126 3
      vertex -3.39716 -4.06398 26
      vertex -3.39716 -4.06398 3
    endloop
  endfacet
  facet normal 0.857727 0.514106 0
    outer loop
      vertex -1.64057 -7.77798 26
      vertex -2.3469 -6.59955 3
      vertex -2.3469 -6.59955 26
    endloop
  endfacet
  facet normal 0.857727 0.514106 0
    outer loop
      vertex -2.3469 -6.59955 3
      vertex -1.64057 -7.77798 26
      vertex -1.64057 -7.77798 3
    endloop
  endfacet
  facet normal 0.671544 0.740965 -0
    outer loop
      vertex 1.11849 -10.8221 3
      vertex 0.100505 -9.89949 26
      vertex 1.11849 -10.8221 26
    endloop
  endfacet
  facet normal 0.671544 0.740965 0
    outer loop
      vertex 0.100505 -9.89949 26
      vertex 1.11849 -10.8221 3
      vertex 0.100505 -9.89949 3
    endloop
  endfacet
  facet normal 0.740949 0.671562 0
    outer loop
      vertex 0.100505 -9.89949 26
      vertex -0.822145 -8.88151 3
      vertex -0.822145 -8.88151 26
    endloop
  endfacet
  facet normal 0.740949 0.671562 0
    outer loop
      vertex -0.822145 -8.88151 3
      vertex 0.100505 -9.89949 26
      vertex 0.100505 -9.89949 3
    endloop
  endfacet
  facet normal 0.427545 0.903994 -0
    outer loop
      vertex 4.64243 -12.9343 3
      vertex 3.40044 -12.3469 26
      vertex 4.64243 -12.9343 26
    endloop
  endfacet
  facet normal 0.427545 0.903994 0
    outer loop
      vertex 3.40044 -12.3469 26
      vertex 4.64243 -12.9343 3
      vertex 3.40044 -12.3469 3
    endloop
  endfacet
  facet normal 0.146735 -0.989176 0
    outer loop
      vertex 7.26873 13.731 3
      vertex 8.62776 13.9326 26
      vertex 7.26873 13.731 26
    endloop
  endfacet
  facet normal 0.146735 -0.989176 0
    outer loop
      vertex 8.62776 13.9326 26
      vertex 7.26873 13.731 3
      vertex 8.62776 13.9326 3
    endloop
  endfacet
  facet normal 0.427545 -0.903994 0
    outer loop
      vertex 3.40044 12.3469 3
      vertex 4.64243 12.9343 26
      vertex 3.40044 12.3469 26
    endloop
  endfacet
  facet normal 0.427545 -0.903994 0
    outer loop
      vertex 4.64243 12.9343 26
      vertex 3.40044 12.3469 3
      vertex 4.64243 12.9343 3
    endloop
  endfacet
  facet normal -0.336917 -0.941534 0
    outer loop
      vertex 34.064 13.3972 3
      vertex 35.3576 12.9343 26
      vertex 34.064 13.3972 26
    endloop
  endfacet
  facet normal -0.336917 -0.941534 -0
    outer loop
      vertex 35.3576 12.9343 26
      vertex 34.064 13.3972 3
      vertex 35.3576 12.9343 3
    endloop
  endfacet
  facet normal -0.903993 -0.427547 0
    outer loop
      vertex 42.9343 5.35757 3
      vertex 42.3469 6.59955 26
      vertex 42.3469 6.59955 3
    endloop
  endfacet
  facet normal -0.903993 -0.427547 0
    outer loop
      vertex 42.3469 6.59955 26
      vertex 42.9343 5.35757 3
      vertex 42.9343 5.35757 26
    endloop
  endfacet
  facet normal 0.514093 -0.857734 0
    outer loop
      vertex 2.22202 11.6406 3
      vertex 3.40044 12.3469 26
      vertex 2.22202 11.6406 26
    endloop
  endfacet
  facet normal 0.514093 -0.857734 0
    outer loop
      vertex 3.40044 12.3469 26
      vertex 2.22202 11.6406 3
      vertex 3.40044 12.3469 3
    endloop
  endfacet
  facet normal -0.427542 -0.903996 0
    outer loop
      vertex 35.3576 12.9343 3
      vertex 36.5996 12.3469 26
      vertex 35.3576 12.9343 26
    endloop
  endfacet
  facet normal -0.427542 -0.903996 -0
    outer loop
      vertex 36.5996 12.3469 26
      vertex 35.3576 12.9343 3
      vertex 36.5996 12.3469 3
    endloop
  endfacet
  facet normal -0.5141 -0.85773 0
    outer loop
      vertex 36.5996 12.3469 3
      vertex 37.778 11.6406 26
      vertex 36.5996 12.3469 26
    endloop
  endfacet
  facet normal -0.5141 -0.85773 -0
    outer loop
      vertex 37.778 11.6406 26
      vertex 36.5996 12.3469 3
      vertex 37.778 11.6406 3
    endloop
  endfacet
  facet normal -0.242964 -0.970035 0
    outer loop
      vertex 32.7313 13.731 3
      vertex 34.064 13.3972 26
      vertex 32.7313 13.731 26
    endloop
  endfacet
  facet normal -0.242964 -0.970035 -0
    outer loop
      vertex 34.064 13.3972 26
      vertex 32.7313 13.731 3
      vertex 34.064 13.3972 3
    endloop
  endfacet
  facet normal -0.671538 -0.74097 0
    outer loop
      vertex 38.8815 10.8221 3
      vertex 39.8995 9.89949 26
      vertex 38.8815 10.8221 26
    endloop
  endfacet
  facet normal -0.671538 -0.74097 -0
    outer loop
      vertex 39.8995 9.89949 26
      vertex 38.8815 10.8221 3
      vertex 39.8995 9.89949 3
    endloop
  endfacet
  facet normal -0.740967 -0.671542 0
    outer loop
      vertex 40.8221 8.88151 3
      vertex 39.8995 9.89949 26
      vertex 39.8995 9.89949 3
    endloop
  endfacet
  facet normal -0.740967 -0.671542 0
    outer loop
      vertex 39.8995 9.89949 26
      vertex 40.8221 8.88151 3
      vertex 40.8221 8.88151 26
    endloop
  endfacet
  facet normal 0.998797 0.049032 0
    outer loop
      vertex 38.5 0 30
      vertex 38.4591 0.833145 24
      vertex 38.4591 0.833145 30
    endloop
  endfacet
  facet normal 0.998797 0.049032 0
    outer loop
      vertex 38.4591 0.833145 24
      vertex 38.5 0 30
      vertex 38.5 0 24
    endloop
  endfacet
  facet normal -0.998797 0.049032 0
    outer loop
      vertex 21.5 0 24
      vertex 21.5409 0.833145 30
      vertex 21.5409 0.833145 24
    endloop
  endfacet
  facet normal -0.998797 0.049032 0
    outer loop
      vertex 21.5409 0.833145 30
      vertex 21.5 0 24
      vertex 21.5 0 30
    endloop
  endfacet
  facet normal 0.0490706 0.998795 -0
    outer loop
      vertex 30.8331 8.45907 24
      vertex 30 8.5 30
      vertex 30.8331 8.45907 30
    endloop
  endfacet
  facet normal 0.0490706 0.998795 0
    outer loop
      vertex 30 8.5 30
      vertex 30.8331 8.45907 24
      vertex 30 8.5 24
    endloop
  endfacet
  facet normal 0.740943 0.671568 0
    outer loop
      vertex 36.5706 5.39234 30
      vertex 36.0104 6.01041 24
      vertex 36.0104 6.01041 30
    endloop
  endfacet
  facet normal 0.740943 0.671568 0
    outer loop
      vertex 36.0104 6.01041 24
      vertex 36.5706 5.39234 30
      vertex 36.5706 5.39234 24
    endloop
  endfacet
  facet normal -0.671537 0.740971 0
    outer loop
      vertex 24.6077 6.57059 24
      vertex 23.9896 6.01041 30
      vertex 24.6077 6.57059 30
    endloop
  endfacet
  facet normal -0.671537 0.740971 0
    outer loop
      vertex 23.9896 6.01041 30
      vertex 24.6077 6.57059 24
      vertex 23.9896 6.01041 24
    endloop
  endfacet
  facet normal -0.336879 0.941548 0
    outer loop
      vertex 27.5326 8.13399 24
      vertex 26.7472 7.85298 30
      vertex 27.5326 8.13399 30
    endloop
  endfacet
  facet normal -0.336879 0.941548 0
    outer loop
      vertex 26.7472 7.85298 30
      vertex 27.5326 8.13399 24
      vertex 26.7472 7.85298 24
    endloop
  endfacet
  facet normal 0.941551 0.336872 0
    outer loop
      vertex 38.134 2.46742 30
      vertex 37.853 3.25281 24
      vertex 37.853 3.25281 30
    endloop
  endfacet
  facet normal 0.941551 0.336872 0
    outer loop
      vertex 37.853 3.25281 24
      vertex 38.134 2.46742 30
      vertex 38.134 2.46742 24
    endloop
  endfacet
  facet normal 0.989176 0.146735 0
    outer loop
      vertex 38.4591 0.833145 30
      vertex 38.3367 1.65827 24
      vertex 38.3367 1.65827 30
    endloop
  endfacet
  facet normal 0.989176 0.146735 0
    outer loop
      vertex 38.3367 1.65827 24
      vertex 38.4591 0.833145 30
      vertex 38.4591 0.833145 24
    endloop
  endfacet
  facet normal 0.427543 0.903995 -0
    outer loop
      vertex 34.0069 7.49633 24
      vertex 33.2528 7.85298 30
      vertex 34.0069 7.49633 30
    endloop
  endfacet
  facet normal 0.427543 0.903995 0
    outer loop
      vertex 33.2528 7.85298 30
      vertex 34.0069 7.49633 24
      vertex 33.2528 7.85298 24
    endloop
  endfacet
  facet normal -0.857751 0.514066 0
    outer loop
      vertex 22.5037 4.00687 24
      vertex 22.9325 4.72235 30
      vertex 22.9325 4.72235 24
    endloop
  endfacet
  facet normal -0.857751 0.514066 0
    outer loop
      vertex 22.9325 4.72235 30
      vertex 22.5037 4.00687 24
      vertex 22.5037 4.00687 30
    endloop
  endfacet
  facet normal -0.803207 0.595701 0
    outer loop
      vertex 22.9325 4.72235 24
      vertex 23.4294 5.39234 30
      vertex 23.4294 5.39234 24
    endloop
  endfacet
  facet normal -0.803207 0.595701 0
    outer loop
      vertex 23.4294 5.39234 30
      vertex 22.9325 4.72235 24
      vertex 22.9325 4.72235 30
    endloop
  endfacet
  facet normal -0.146722 0.989178 0
    outer loop
      vertex 29.1669 8.45907 24
      vertex 28.3417 8.33667 30
      vertex 29.1669 8.45907 30
    endloop
  endfacet
  facet normal -0.146722 0.989178 0
    outer loop
      vertex 28.3417 8.33667 30
      vertex 29.1669 8.45907 24
      vertex 28.3417 8.33667 24
    endloop
  endfacet
  facet normal 0.857751 -0.514066 0
    outer loop
      vertex 37.0675 -4.72235 30
      vertex 37.4963 -4.00687 24
      vertex 37.4963 -4.00687 30
    endloop
  endfacet
  facet normal 0.857751 -0.514066 0
    outer loop
      vertex 37.4963 -4.00687 24
      vertex 37.0675 -4.72235 30
      vertex 37.0675 -4.72235 24
    endloop
  endfacet
  facet normal 0.242993 -0.970028 0
    outer loop
      vertex 31.6583 -8.33667 24
      vertex 32.4674 -8.13399 30
      vertex 31.6583 -8.33667 30
    endloop
  endfacet
  facet normal 0.242993 -0.970028 0
    outer loop
      vertex 32.4674 -8.13399 30
      vertex 31.6583 -8.33667 24
      vertex 32.4674 -8.13399 24
    endloop
  endfacet
  facet normal 0.671537 -0.740971 0
    outer loop
      vertex 35.3923 -6.57059 24
      vertex 36.0104 -6.01041 30
      vertex 35.3923 -6.57059 30
    endloop
  endfacet
  facet normal 0.671537 -0.740971 0
    outer loop
      vertex 36.0104 -6.01041 30
      vertex 35.3923 -6.57059 24
      vertex 36.0104 -6.01041 24
    endloop
  endfacet
  facet normal 0.941551 -0.336872 0
    outer loop
      vertex 37.853 -3.25281 30
      vertex 38.134 -2.46742 24
      vertex 38.134 -2.46742 30
    endloop
  endfacet
  facet normal 0.941551 -0.336872 0
    outer loop
      vertex 38.134 -2.46742 24
      vertex 37.853 -3.25281 30
      vertex 37.853 -3.25281 24
    endloop
  endfacet
  facet normal -0.336879 -0.941548 0
    outer loop
      vertex 26.7472 -7.85298 24
      vertex 27.5326 -8.13399 30
      vertex 26.7472 -7.85298 30
    endloop
  endfacet
  facet normal -0.336879 -0.941548 -0
    outer loop
      vertex 27.5326 -8.13399 30
      vertex 26.7472 -7.85298 24
      vertex 27.5326 -8.13399 24
    endloop
  endfacet
  facet normal -0.803207 -0.595701 0
    outer loop
      vertex 23.4294 -5.39234 24
      vertex 22.9325 -4.72235 30
      vertex 22.9325 -4.72235 24
    endloop
  endfacet
  facet normal -0.803207 -0.595701 0
    outer loop
      vertex 22.9325 -4.72235 30
      vertex 23.4294 -5.39234 24
      vertex 23.4294 -5.39234 30
    endloop
  endfacet
  facet normal -0.941551 -0.336872 0
    outer loop
      vertex 22.147 -3.25281 24
      vertex 21.866 -2.46742 30
      vertex 21.866 -2.46742 24
    endloop
  endfacet
  facet normal -0.941551 -0.336872 0
    outer loop
      vertex 21.866 -2.46742 30
      vertex 22.147 -3.25281 24
      vertex 22.147 -3.25281 30
    endloop
  endfacet
  facet normal 0.970026 0.243001 0
    outer loop
      vertex 38.3367 1.65827 30
      vertex 38.134 2.46742 24
      vertex 38.134 2.46742 30
    endloop
  endfacet
  facet normal 0.970026 0.243001 0
    outer loop
      vertex 38.134 2.46742 24
      vertex 38.3367 1.65827 30
      vertex 38.3367 1.65827 24
    endloop
  endfacet
  facet normal 0.857751 0.514066 0
    outer loop
      vertex 37.4963 4.00687 30
      vertex 37.0675 4.72235 24
      vertex 37.0675 4.72235 30
    endloop
  endfacet
  facet normal 0.857751 0.514066 0
    outer loop
      vertex 37.0675 4.72235 24
      vertex 37.4963 4.00687 30
      vertex 37.4963 4.00687 24
    endloop
  endfacet
  facet normal 0.903963 0.42761 0
    outer loop
      vertex 37.853 3.25281 30
      vertex 37.4963 4.00687 24
      vertex 37.4963 4.00687 30
    endloop
  endfacet
  facet normal 0.903963 0.42761 0
    outer loop
      vertex 37.4963 4.00687 24
      vertex 37.853 3.25281 30
      vertex 37.853 3.25281 24
    endloop
  endfacet
  facet normal 0.242993 0.970028 -0
    outer loop
      vertex 32.4674 8.13399 24
      vertex 31.6583 8.33667 30
      vertex 32.4674 8.13399 30
    endloop
  endfacet
  facet normal 0.242993 0.970028 0
    outer loop
      vertex 31.6583 8.33667 30
      vertex 32.4674 8.13399 24
      vertex 31.6583 8.33667 24
    endloop
  endfacet
  facet normal 0.146722 0.989178 -0
    outer loop
      vertex 31.6583 8.33667 24
      vertex 30.8331 8.45907 30
      vertex 31.6583 8.33667 30
    endloop
  endfacet
  facet normal 0.146722 0.989178 0
    outer loop
      vertex 30.8331 8.45907 30
      vertex 31.6583 8.33667 24
      vertex 30.8331 8.45907 24
    endloop
  endfacet
  facet normal 0.595695 0.803211 -0
    outer loop
      vertex 35.3923 6.57059 24
      vertex 34.7223 7.06749 30
      vertex 35.3923 6.57059 30
    endloop
  endfacet
  facet normal 0.595695 0.803211 0
    outer loop
      vertex 34.7223 7.06749 30
      vertex 35.3923 6.57059 24
      vertex 34.7223 7.06749 24
    endloop
  endfacet
  facet normal 0.671537 0.740971 -0
    outer loop
      vertex 36.0104 6.01041 24
      vertex 35.3923 6.57059 30
      vertex 36.0104 6.01041 30
    endloop
  endfacet
  facet normal 0.671537 0.740971 0
    outer loop
      vertex 35.3923 6.57059 30
      vertex 36.0104 6.01041 24
      vertex 35.3923 6.57059 24
    endloop
  endfacet
  facet normal -0.970026 0.243001 0
    outer loop
      vertex 21.6633 1.65827 24
      vertex 21.866 2.46742 30
      vertex 21.866 2.46742 24
    endloop
  endfacet
  facet normal -0.970026 0.243001 0
    outer loop
      vertex 21.866 2.46742 30
      vertex 21.6633 1.65827 24
      vertex 21.6633 1.65827 30
    endloop
  endfacet
  facet normal -0.903963 0.42761 0
    outer loop
      vertex 22.147 3.25281 24
      vertex 22.5037 4.00687 30
      vertex 22.5037 4.00687 24
    endloop
  endfacet
  facet normal -0.903963 0.42761 0
    outer loop
      vertex 22.5037 4.00687 30
      vertex 22.147 3.25281 24
      vertex 22.147 3.25281 30
    endloop
  endfacet
  facet normal -0.989176 0.146735 0
    outer loop
      vertex 21.5409 0.833145 24
      vertex 21.6633 1.65827 30
      vertex 21.6633 1.65827 24
    endloop
  endfacet
  facet normal -0.989176 0.146735 0
    outer loop
      vertex 21.6633 1.65827 30
      vertex 21.5409 0.833145 24
      vertex 21.5409 0.833145 30
    endloop
  endfacet
  facet normal 0 0 1
    outer loop
      vertex 36.5 0 30
      vertex 38.5 0 30
      vertex 38.4591 0.833145 30
    endloop
  endfacet
  facet normal 0 0 1
    outer loop
      vertex 36.4687 0.637111 30
      vertex 38.4591 0.833145 30
      vertex 38.3367 1.65827 30
    endloop
  endfacet
  facet normal 0 0 1
    outer loop
      vertex 38.5 0 30
      vertex 36.5 0 30
      vertex 38.4591 -0.833145 30
    endloop
  endfacet
  facet normal 0 0 1
    outer loop
      vertex 36.3751 1.26809 30
      vertex 38.3367 1.65827 30
      vertex 38.134 2.46742 30
    endloop
  endfacet
  facet normal -0 0 1
    outer loop
      vertex 36.4687 -0.637111 30
      vertex 38.4591 -0.833145 30
      vertex 36.5 0 30
    endloop
  endfacet
  facet normal 0 0 1
    outer loop
      vertex 36.2201 1.88685 30
      vertex 38.134 2.46742 30
      vertex 37.853 3.25281 30
    endloop
  endfacet
  facet normal 0 0 1
    outer loop
      vertex 38.4591 -0.833145 30
      vertex 36.4687 -0.637111 30
      vertex 38.3367 -1.65827 30
    endloop
  endfacet
  facet normal 0 0 1
    outer loop
      vertex 36.0052 2.48744 30
      vertex 37.853 3.25281 30
      vertex 37.4963 4.00687 30
    endloop
  endfacet
  facet normal -0 0 1
    outer loop
      vertex 36.3751 -1.26809 30
      vertex 38.3367 -1.65827 30
      vertex 36.4687 -0.637111 30
    endloop
  endfacet
  facet normal 0 0 1
    outer loop
      vertex 35.7325 3.06408 30
      vertex 37.4963 4.00687 30
      vertex 37.0675 4.72235 30
    endloop
  endfacet
  facet normal 0 0 1
    outer loop
      vertex 38.3367 -1.65827 30
      vertex 36.3751 -1.26809 30
      vertex 38.134 -2.46742 30
    endloop
  endfacet
  facet normal 0 0 1
    outer loop
      vertex 35.4046 3.61121 30
      vertex 37.0675 4.72235 30
      vertex 36.5706 5.39234 30
    endloop
  endfacet
  facet normal -0 0 1
    outer loop
      vertex 36.2201 -1.88685 30
      vertex 38.134 -2.46742 30
      vertex 36.3751 -1.26809 30
    endloop
  endfacet
  facet normal 0 0 1
    outer loop
      vertex 38.134 -2.46742 30
      vertex 36.2201 -1.88685 30
      vertex 37.853 -3.25281 30
    endloop
  endfacet
  facet normal 0 0 1
    outer loop
      vertex 38.4591 0.833145 30
      vertex 36.4687 0.637111 30
      vertex 36.5 0 30
    endloop
  endfacet
  facet normal 0 0 1
    outer loop
      vertex 38.3367 1.65827 30
      vertex 36.3751 1.26809 30
      vertex 36.4687 0.637111 30
    endloop
  endfacet
  facet normal 0 0 1
    outer loop
      vertex 38.134 2.46742 30
      vertex 36.2201 1.88685 30
      vertex 36.3751 1.26809 30
    endloop
  endfacet
  facet normal 0 0 1
    outer loop
      vertex 35.0246 4.12356 30
      vertex 36.5706 5.39234 30
      vertex 36.0104 6.01041 30
    endloop
  endfacet
  facet normal 0 0 1
    outer loop
      vertex 37.853 3.25281 30
      vertex 36.0052 2.48744 30
      vertex 36.2201 1.88685 30
    endloop
  endfacet
  facet normal 0 0 1
    outer loop
      vertex 37.4963 4.00687 30
      vertex 35.7325 3.06408 30
      vertex 36.0052 2.48744 30
    endloop
  endfacet
  facet normal 0 0 1
    outer loop
      vertex 37.0675 4.72235 30
      vertex 35.4046 3.61121 30
      vertex 35.7325 3.06408 30
    endloop
  endfacet
  facet normal 0 0 1
    outer loop
      vertex 34.5962 4.59619 30
      vertex 36.0104 6.01041 30
      vertex 35.3923 6.57059 30
    endloop
  endfacet
  facet normal 0 0 1
    outer loop
      vertex 36.5706 5.39234 30
      vertex 35.0246 4.12356 30
      vertex 35.4046 3.61121 30
    endloop
  endfacet
  facet normal 0 0 1
    outer loop
      vertex 34.1236 5.02457 30
      vertex 35.3923 6.57059 30
      vertex 34.7223 7.06749 30
    endloop
  endfacet
  facet normal 0 0 1
    outer loop
      vertex 36.0104 6.01041 30
      vertex 34.5962 4.59619 30
      vertex 35.0246 4.12356 30
    endloop
  endfacet
  facet normal 0 0 1
    outer loop
      vertex 35.3923 6.57059 30
      vertex 34.1236 5.02457 30
      vertex 34.5962 4.59619 30
    endloop
  endfacet
  facet normal 0 0 1
    outer loop
      vertex 33.6112 5.40455 30
      vertex 34.7223 7.06749 30
      vertex 34.0069 7.49633 30
    endloop
  endfacet
  facet normal 0 0 1
    outer loop
      vertex 34.7223 7.06749 30
      vertex 33.6112 5.40455 30
      vertex 34.1236 5.02457 30
    endloop
  endfacet
  facet normal 0 0 1
    outer loop
      vertex 33.0641 5.73249 30
      vertex 34.0069 7.49633 30
      vertex 33.2528 7.85298 30
    endloop
  endfacet
  facet normal 0 0 1
    outer loop
      vertex 34.0069 7.49633 30
      vertex 33.0641 5.73249 30
      vertex 33.6112 5.40455 30
    endloop
  endfacet
  facet normal 0 0 1
    outer loop
      vertex 33.2528 7.85298 30
      vertex 32.4874 6.00522 30
      vertex 33.0641 5.73249 30
    endloop
  endfacet
  facet normal 0 0 1
    outer loop
      vertex 32.4674 8.13399 30
      vertex 32.4874 6.00522 30
      vertex 33.2528 7.85298 30
    endloop
  endfacet
  facet normal 0 0 1
    outer loop
      vertex 32.4674 8.13399 30
      vertex 31.8869 6.22011 30
      vertex 32.4874 6.00522 30
    endloop
  endfacet
  facet normal 0 0 1
    outer loop
      vertex 31.6583 8.33667 30
      vertex 31.8869 6.22011 30
      vertex 32.4674 8.13399 30
    endloop
  endfacet
  facet normal 0 0 1
    outer loop
      vertex 31.6583 8.33667 30
      vertex 31.2681 6.3751 30
      vertex 31.8869 6.22011 30
    endloop
  endfacet
  facet normal 0 0 1
    outer loop
      vertex 30.8331 8.45907 30
      vertex 31.2681 6.3751 30
      vertex 31.6583 8.33667 30
    endloop
  endfacet
  facet normal 0 0 1
    outer loop
      vertex 30.8331 8.45907 30
      vertex 30.6371 6.4687 30
      vertex 31.2681 6.3751 30
    endloop
  endfacet
  facet normal 0 0 1
    outer loop
      vertex 30 8.5 30
      vertex 30.6371 6.4687 30
      vertex 30.8331 8.45907 30
    endloop
  endfacet
  facet normal 0 0 1
    outer loop
      vertex 30 8.5 30
      vertex 30 6.5 30
      vertex 30.6371 6.4687 30
    endloop
  endfacet
  facet normal 0 0 1
    outer loop
      vertex 30 8.5 30
      vertex 29.3629 6.4687 30
      vertex 30 6.5 30
    endloop
  endfacet
  facet normal -0 0 1
    outer loop
      vertex 29.1669 8.45907 30
      vertex 29.3629 6.4687 30
      vertex 30 8.5 30
    endloop
  endfacet
  facet normal 0 0 1
    outer loop
      vertex 29.1669 8.45907 30
      vertex 28.7319 6.3751 30
      vertex 29.3629 6.4687 30
    endloop
  endfacet
  facet normal -0 0 1
    outer loop
      vertex 28.3417 8.33667 30
      vertex 28.7319 6.3751 30
      vertex 29.1669 8.45907 30
    endloop
  endfacet
  facet normal 0 0 1
    outer loop
      vertex 28.3417 8.33667 30
      vertex 28.1131 6.22011 30
      vertex 28.7319 6.3751 30
    endloop
  endfacet
  facet normal -0 0 1
    outer loop
      vertex 27.5326 8.13399 30
      vertex 28.1131 6.22011 30
      vertex 28.3417 8.33667 30
    endloop
  endfacet
  facet normal 0 0 1
    outer loop
      vertex 27.5326 8.13399 30
      vertex 27.5126 6.00522 30
      vertex 28.1131 6.22011 30
    endloop
  endfacet
  facet normal -0 0 1
    outer loop
      vertex 26.7472 7.85298 30
      vertex 27.5126 6.00522 30
      vertex 27.5326 8.13399 30
    endloop
  endfacet
  facet normal 0 0 1
    outer loop
      vertex 27.5126 6.00522 30
      vertex 26.7472 7.85298 30
      vertex 26.9359 5.73249 30
    endloop
  endfacet
  facet normal -0 0 1
    outer loop
      vertex 25.9931 7.49633 30
      vertex 26.9359 5.73249 30
      vertex 26.7472 7.85298 30
    endloop
  endfacet
  facet normal 0 0 1
    outer loop
      vertex 26.9359 5.73249 30
      vertex 25.9931 7.49633 30
      vertex 26.3888 5.40455 30
    endloop
  endfacet
  facet normal -0 0 1
    outer loop
      vertex 25.2777 7.06749 30
      vertex 26.3888 5.40455 30
      vertex 25.9931 7.49633 30
    endloop
  endfacet
  facet normal 0 0 1
    outer loop
      vertex 26.3888 5.40455 30
      vertex 25.2777 7.06749 30
      vertex 25.8764 5.02457 30
    endloop
  endfacet
  facet normal -0 0 1
    outer loop
      vertex 24.6077 6.57059 30
      vertex 25.8764 5.02457 30
      vertex 25.2777 7.06749 30
    endloop
  endfacet
  facet normal 0 0 1
    outer loop
      vertex 25.8764 5.02457 30
      vertex 24.6077 6.57059 30
      vertex 25.4038 4.59619 30
    endloop
  endfacet
  facet normal -0 0 1
    outer loop
      vertex 23.9896 6.01041 30
      vertex 25.4038 4.59619 30
      vertex 24.6077 6.57059 30
    endloop
  endfacet
  facet normal 0 0 1
    outer loop
      vertex 25.4038 4.59619 30
      vertex 23.9896 6.01041 30
      vertex 24.9754 4.12356 30
    endloop
  endfacet
  facet normal -0 0 1
    outer loop
      vertex 23.4294 5.39234 30
      vertex 24.9754 4.12356 30
      vertex 23.9896 6.01041 30
    endloop
  endfacet
  facet normal 0 0 1
    outer loop
      vertex 24.9754 4.12356 30
      vertex 23.4294 5.39234 30
      vertex 24.5954 3.61121 30
    endloop
  endfacet
  facet normal -0 0 1
    outer loop
      vertex 22.9325 4.72235 30
      vertex 24.5954 3.61121 30
      vertex 23.4294 5.39234 30
    endloop
  endfacet
  facet normal 0 0 1
    outer loop
      vertex 24.5954 3.61121 30
      vertex 22.9325 4.72235 30
      vertex 24.2675 3.06408 30
    endloop
  endfacet
  facet normal -0 0 1
    outer loop
      vertex 22.5037 4.00687 30
      vertex 24.2675 3.06408 30
      vertex 22.9325 4.72235 30
    endloop
  endfacet
  facet normal 0 0 1
    outer loop
      vertex 24.2675 3.06408 30
      vertex 22.5037 4.00687 30
      vertex 23.9948 2.48744 30
    endloop
  endfacet
  facet normal 0 0 1
    outer loop
      vertex 23.9948 2.48744 30
      vertex 22.147 3.25281 30
      vertex 23.7799 1.88685 30
    endloop
  endfacet
  facet normal -0 0 1
    outer loop
      vertex 22.147 3.25281 30
      vertex 23.9948 2.48744 30
      vertex 22.5037 4.00687 30
    endloop
  endfacet
  facet normal -0 0 1
    outer loop
      vertex 36.0052 -2.48744 30
      vertex 37.853 -3.25281 30
      vertex 36.2201 -1.88685 30
    endloop
  endfacet
  facet normal 0 0 1
    outer loop
      vertex 37.853 -3.25281 30
      vertex 36.0052 -2.48744 30
      vertex 37.4963 -4.00687 30
    endloop
  endfacet
  facet normal -0 0 1
    outer loop
      vertex 35.7325 -3.06408 30
      vertex 37.4963 -4.00687 30
      vertex 36.0052 -2.48744 30
    endloop
  endfacet
  facet normal 0 0 1
    outer loop
      vertex 37.4963 -4.00687 30
      vertex 35.7325 -3.06408 30
      vertex 37.0675 -4.72235 30
    endloop
  endfacet
  facet normal -0 0 1
    outer loop
      vertex 35.4046 -3.61121 30
      vertex 37.0675 -4.72235 30
      vertex 35.7325 -3.06408 30
    endloop
  endfacet
  facet normal 0 0 1
    outer loop
      vertex 37.0675 -4.72235 30
      vertex 35.4046 -3.61121 30
      vertex 36.5706 -5.39234 30
    endloop
  endfacet
  facet normal -0 0 1
    outer loop
      vertex 35.0246 -4.12356 30
      vertex 36.5706 -5.39234 30
      vertex 35.4046 -3.61121 30
    endloop
  endfacet
  facet normal 0 0 1
    outer loop
      vertex 36.5706 -5.39234 30
      vertex 35.0246 -4.12356 30
      vertex 36.0104 -6.01041 30
    endloop
  endfacet
  facet normal -0 0 1
    outer loop
      vertex 34.5962 -4.59619 30
      vertex 36.0104 -6.01041 30
      vertex 35.0246 -4.12356 30
    endloop
  endfacet
  facet normal 0 0 1
    outer loop
      vertex 36.0104 -6.01041 30
      vertex 34.5962 -4.59619 30
      vertex 35.3923 -6.57059 30
    endloop
  endfacet
  facet normal -0 0 1
    outer loop
      vertex 34.1236 -5.02457 30
      vertex 35.3923 -6.57059 30
      vertex 34.5962 -4.59619 30
    endloop
  endfacet
  facet normal 0 0 1
    outer loop
      vertex 35.3923 -6.57059 30
      vertex 34.1236 -5.02457 30
      vertex 34.7223 -7.06749 30
    endloop
  endfacet
  facet normal -0 0 1
    outer loop
      vertex 33.6112 -5.40455 30
      vertex 34.7223 -7.06749 30
      vertex 34.1236 -5.02457 30
    endloop
  endfacet
  facet normal 0 0 1
    outer loop
      vertex 34.7223 -7.06749 30
      vertex 33.6112 -5.40455 30
      vertex 34.0069 -7.49633 30
    endloop
  endfacet
  facet normal -0 0 1
    outer loop
      vertex 33.0641 -5.73249 30
      vertex 34.0069 -7.49633 30
      vertex 33.6112 -5.40455 30
    endloop
  endfacet
  facet normal 0 0 1
    outer loop
      vertex 34.0069 -7.49633 30
      vertex 33.0641 -5.73249 30
      vertex 33.2528 -7.85298 30
    endloop
  endfacet
  facet normal -0 0 1
    outer loop
      vertex 32.4874 -6.00522 30
      vertex 33.2528 -7.85298 30
      vertex 33.0641 -5.73249 30
    endloop
  endfacet
  facet normal 0 0 1
    outer loop
      vertex 32.4874 -6.00522 30
      vertex 32.4674 -8.13399 30
      vertex 33.2528 -7.85298 30
    endloop
  endfacet
  facet normal -0 0 1
    outer loop
      vertex 31.8869 -6.22011 30
      vertex 32.4674 -8.13399 30
      vertex 32.4874 -6.00522 30
    endloop
  endfacet
  facet normal 0 0 1
    outer loop
      vertex 31.8869 -6.22011 30
      vertex 31.6583 -8.33667 30
      vertex 32.4674 -8.13399 30
    endloop
  endfacet
  facet normal -0 0 1
    outer loop
      vertex 31.2681 -6.3751 30
      vertex 31.6583 -8.33667 30
      vertex 31.8869 -6.22011 30
    endloop
  endfacet
  facet normal 0 0 1
    outer loop
      vertex 31.2681 -6.3751 30
      vertex 30.8331 -8.45907 30
      vertex 31.6583 -8.33667 30
    endloop
  endfacet
  facet normal -0 0 1
    outer loop
      vertex 30.6371 -6.4687 30
      vertex 30.8331 -8.45907 30
      vertex 31.2681 -6.3751 30
    endloop
  endfacet
  facet normal -0 0 1
    outer loop
      vertex 30 -6.5 30
      vertex 30.8331 -8.45907 30
      vertex 30.6371 -6.4687 30
    endloop
  endfacet
  facet normal 0 0 1
    outer loop
      vertex 30 -6.5 30
      vertex 30 -8.5 30
      vertex 30.8331 -8.45907 30
    endloop
  endfacet
  facet normal 0 0 1
    outer loop
      vertex 29.3629 -6.4687 30
      vertex 30 -8.5 30
      vertex 30 -6.5 30
    endloop
  endfacet
  facet normal 0 0 1
    outer loop
      vertex 29.3629 -6.4687 30
      vertex 29.1669 -8.45907 30
      vertex 30 -8.5 30
    endloop
  endfacet
  facet normal 0 0 1
    outer loop
      vertex 28.7319 -6.3751 30
      vertex 29.1669 -8.45907 30
      vertex 29.3629 -6.4687 30
    endloop
  endfacet
  facet normal 0 0 1
    outer loop
      vertex 28.7319 -6.3751 30
      vertex 28.3417 -8.33667 30
      vertex 29.1669 -8.45907 30
    endloop
  endfacet
  facet normal 0 0 1
    outer loop
      vertex 28.1131 -6.22011 30
      vertex 28.3417 -8.33667 30
      vertex 28.7319 -6.3751 30
    endloop
  endfacet
  facet normal 0 0 1
    outer loop
      vertex 28.1131 -6.22011 30
      vertex 27.5326 -8.13399 30
      vertex 28.3417 -8.33667 30
    endloop
  endfacet
  facet normal 0 0 1
    outer loop
      vertex 27.5126 -6.00522 30
      vertex 27.5326 -8.13399 30
      vertex 28.1131 -6.22011 30
    endloop
  endfacet
  facet normal 0 0 1
    outer loop
      vertex 26.7472 -7.85298 30
      vertex 27.5126 -6.00522 30
      vertex 26.9359 -5.73249 30
    endloop
  endfacet
  facet normal 0 0 1
    outer loop
      vertex 27.5126 -6.00522 30
      vertex 26.7472 -7.85298 30
      vertex 27.5326 -8.13399 30
    endloop
  endfacet
  facet normal 0 0 1
    outer loop
      vertex 25.9931 -7.49633 30
      vertex 26.9359 -5.73249 30
      vertex 26.3888 -5.40455 30
    endloop
  endfacet
  facet normal 0 0 1
    outer loop
      vertex 26.9359 -5.73249 30
      vertex 25.9931 -7.49633 30
      vertex 26.7472 -7.85298 30
    endloop
  endfacet
  facet normal 0 0 1
    outer loop
      vertex 25.2777 -7.06749 30
      vertex 26.3888 -5.40455 30
      vertex 25.8764 -5.02457 30
    endloop
  endfacet
  facet normal 0 0 1
    outer loop
      vertex 24.6077 -6.57059 30
      vertex 25.8764 -5.02457 30
      vertex 25.4038 -4.59619 30
    endloop
  endfacet
  facet normal 0 0 1
    outer loop
      vertex 26.3888 -5.40455 30
      vertex 25.2777 -7.06749 30
      vertex 25.9931 -7.49633 30
    endloop
  endfacet
  facet normal 0 0 1
    outer loop
      vertex 23.9896 -6.01041 30
      vertex 25.4038 -4.59619 30
      vertex 24.9754 -4.12356 30
    endloop
  endfacet
  facet normal 0 0 1
    outer loop
      vertex 25.8764 -5.02457 30
      vertex 24.6077 -6.57059 30
      vertex 25.2777 -7.06749 30
    endloop
  endfacet
  facet normal 0 0 1
    outer loop
      vertex 23.4294 -5.39234 30
      vertex 24.9754 -4.12356 30
      vertex 24.5954 -3.61121 30
    endloop
  endfacet
  facet normal 0 0 1
    outer loop
      vertex 22.9325 -4.72235 30
      vertex 24.5954 -3.61121 30
      vertex 24.2675 -3.06408 30
    endloop
  endfacet
  facet normal 0 0 1
    outer loop
      vertex 22.5037 -4.00687 30
      vertex 24.2675 -3.06408 30
      vertex 23.9948 -2.48744 30
    endloop
  endfacet
  facet normal 0 0 1
    outer loop
      vertex 25.4038 -4.59619 30
      vertex 23.9896 -6.01041 30
      vertex 24.6077 -6.57059 30
    endloop
  endfacet
  facet normal 0 0 1
    outer loop
      vertex 22.147 -3.25281 30
      vertex 23.9948 -2.48744 30
      vertex 23.7799 -1.88685 30
    endloop
  endfacet
  facet normal 0 0 1
    outer loop
      vertex 21.866 -2.46742 30
      vertex 23.7799 -1.88685 30
      vertex 23.6249 -1.26809 30
    endloop
  endfacet
  facet normal 0 0 1
    outer loop
      vertex 21.6633 -1.65827 30
      vertex 23.6249 -1.26809 30
      vertex 23.5313 -0.637111 30
    endloop
  endfacet
  facet normal 0 0 1
    outer loop
      vertex 24.9754 -4.12356 30
      vertex 23.4294 -5.39234 30
      vertex 23.9896 -6.01041 30
    endloop
  endfacet
  facet normal 0 0 1
    outer loop
      vertex 21.5409 -0.833145 30
      vertex 23.5313 -0.637111 30
      vertex 23.5 0 30
    endloop
  endfacet
  facet normal -0 0 1
    outer loop
      vertex 21.866 2.46742 30
      vertex 23.7799 1.88685 30
      vertex 22.147 3.25281 30
    endloop
  endfacet
  facet normal 0 0 1
    outer loop
      vertex 23.7799 1.88685 30
      vertex 21.866 2.46742 30
      vertex 23.6249 1.26809 30
    endloop
  endfacet
  facet normal 0 0 1
    outer loop
      vertex 24.5954 -3.61121 30
      vertex 22.9325 -4.72235 30
      vertex 23.4294 -5.39234 30
    endloop
  endfacet
  facet normal -0 0 1
    outer loop
      vertex 21.6633 1.65827 30
      vertex 23.6249 1.26809 30
      vertex 21.866 2.46742 30
    endloop
  endfacet
  facet normal 0 0 1
    outer loop
      vertex 24.2675 -3.06408 30
      vertex 22.5037 -4.00687 30
      vertex 22.9325 -4.72235 30
    endloop
  endfacet
  facet normal 0 0 1
    outer loop
      vertex 23.6249 1.26809 30
      vertex 21.6633 1.65827 30
      vertex 23.5313 0.637111 30
    endloop
  endfacet
  facet normal 0 0 1
    outer loop
      vertex 23.9948 -2.48744 30
      vertex 22.147 -3.25281 30
      vertex 22.5037 -4.00687 30
    endloop
  endfacet
  facet normal -0 0 1
    outer loop
      vertex 21.5409 0.833145 30
      vertex 23.5313 0.637111 30
      vertex 21.6633 1.65827 30
    endloop
  endfacet
  facet normal 0 0 1
    outer loop
      vertex 23.7799 -1.88685 30
      vertex 21.866 -2.46742 30
      vertex 22.147 -3.25281 30
    endloop
  endfacet
  facet normal 0 0 1
    outer loop
      vertex 23.5313 0.637111 30
      vertex 21.5409 0.833145 30
      vertex 23.5 0 30
    endloop
  endfacet
  facet normal 0 0 1
    outer loop
      vertex 23.6249 -1.26809 30
      vertex 21.6633 -1.65827 30
      vertex 21.866 -2.46742 30
    endloop
  endfacet
  facet normal 0 0 1
    outer loop
      vertex 21.5 0 30
      vertex 23.5 0 30
      vertex 21.5409 0.833145 30
    endloop
  endfacet
  facet normal 0 0 1
    outer loop
      vertex 23.5313 -0.637111 30
      vertex 21.5409 -0.833145 30
      vertex 21.6633 -1.65827 30
    endloop
  endfacet
  facet normal 0 0 1
    outer loop
      vertex 23.5 0 30
      vertex 21.5 0 30
      vertex 21.5409 -0.833145 30
    endloop
  endfacet
  facet normal -0.514143 0.857704 0
    outer loop
      vertex 25.9931 7.49633 24
      vertex 25.2777 7.06749 30
      vertex 25.9931 7.49633 30
    endloop
  endfacet
  facet normal -0.514143 0.857704 0
    outer loop
      vertex 25.2777 7.06749 30
      vertex 25.9931 7.49633 24
      vertex 25.2777 7.06749 24
    endloop
  endfacet
  facet normal -0.0490706 0.998795 0
    outer loop
      vertex 30 8.5 24
      vertex 29.1669 8.45907 30
      vertex 30 8.5 30
    endloop
  endfacet
  facet normal -0.0490706 0.998795 0
    outer loop
      vertex 29.1669 8.45907 30
      vertex 30 8.5 24
      vertex 29.1669 8.45907 24
    endloop
  endfacet
  facet normal 0.0490706 -0.998795 0
    outer loop
      vertex 30 -8.5 24
      vertex 30.8331 -8.45907 30
      vertex 30 -8.5 30
    endloop
  endfacet
  facet normal 0.0490706 -0.998795 0
    outer loop
      vertex 30.8331 -8.45907 30
      vertex 30 -8.5 24
      vertex 30.8331 -8.45907 24
    endloop
  endfacet
  facet normal 0.427543 -0.903995 0
    outer loop
      vertex 33.2528 -7.85298 24
      vertex 34.0069 -7.49633 30
      vertex 33.2528 -7.85298 30
    endloop
  endfacet
  facet normal 0.427543 -0.903995 0
    outer loop
      vertex 34.0069 -7.49633 30
      vertex 33.2528 -7.85298 24
      vertex 34.0069 -7.49633 24
    endloop
  endfacet
  facet normal 0.595695 -0.803211 0
    outer loop
      vertex 34.7223 -7.06749 24
      vertex 35.3923 -6.57059 30
      vertex 34.7223 -7.06749 30
    endloop
  endfacet
  facet normal 0.595695 -0.803211 0
    outer loop
      vertex 35.3923 -6.57059 30
      vertex 34.7223 -7.06749 24
      vertex 35.3923 -6.57059 24
    endloop
  endfacet
  facet normal 0.514143 -0.857704 0
    outer loop
      vertex 34.0069 -7.49633 24
      vertex 34.7223 -7.06749 30
      vertex 34.0069 -7.49633 30
    endloop
  endfacet
  facet normal 0.514143 -0.857704 0
    outer loop
      vertex 34.7223 -7.06749 30
      vertex 34.0069 -7.49633 24
      vertex 34.7223 -7.06749 24
    endloop
  endfacet
  facet normal 0.740943 -0.671568 0
    outer loop
      vertex 36.0104 -6.01041 30
      vertex 36.5706 -5.39234 24
      vertex 36.5706 -5.39234 30
    endloop
  endfacet
  facet normal 0.740943 -0.671568 0
    outer loop
      vertex 36.5706 -5.39234 24
      vertex 36.0104 -6.01041 30
      vertex 36.0104 -6.01041 24
    endloop
  endfacet
  facet normal 0.803207 -0.595701 0
    outer loop
      vertex 36.5706 -5.39234 30
      vertex 37.0675 -4.72235 24
      vertex 37.0675 -4.72235 30
    endloop
  endfacet
  facet normal 0.803207 -0.595701 0
    outer loop
      vertex 37.0675 -4.72235 24
      vertex 36.5706 -5.39234 30
      vertex 36.5706 -5.39234 24
    endloop
  endfacet
  facet normal 0.998797 -0.049032 0
    outer loop
      vertex 38.4591 -0.833145 30
      vertex 38.5 0 24
      vertex 38.5 0 30
    endloop
  endfacet
  facet normal 0.998797 -0.049032 0
    outer loop
      vertex 38.5 0 24
      vertex 38.4591 -0.833145 30
      vertex 38.4591 -0.833145 24
    endloop
  endfacet
  facet normal -0.671537 -0.740971 0
    outer loop
      vertex 23.9896 -6.01041 24
      vertex 24.6077 -6.57059 30
      vertex 23.9896 -6.01041 30
    endloop
  endfacet
  facet normal -0.671537 -0.740971 -0
    outer loop
      vertex 24.6077 -6.57059 30
      vertex 23.9896 -6.01041 24
      vertex 24.6077 -6.57059 24
    endloop
  endfacet
  facet normal -0.595695 -0.803211 0
    outer loop
      vertex 24.6077 -6.57059 24
      vertex 25.2777 -7.06749 30
      vertex 24.6077 -6.57059 30
    endloop
  endfacet
  facet normal -0.595695 -0.803211 -0
    outer loop
      vertex 25.2777 -7.06749 30
      vertex 24.6077 -6.57059 24
      vertex 25.2777 -7.06749 24
    endloop
  endfacet
  facet normal -0.514143 -0.857704 0
    outer loop
      vertex 25.2777 -7.06749 24
      vertex 25.9931 -7.49633 30
      vertex 25.2777 -7.06749 30
    endloop
  endfacet
  facet normal -0.514143 -0.857704 -0
    outer loop
      vertex 25.9931 -7.49633 30
      vertex 25.2777 -7.06749 24
      vertex 25.9931 -7.49633 24
    endloop
  endfacet
  facet normal -0.146722 -0.989178 0
    outer loop
      vertex 28.3417 -8.33667 24
      vertex 29.1669 -8.45907 30
      vertex 28.3417 -8.33667 30
    endloop
  endfacet
  facet normal -0.146722 -0.989178 -0
    outer loop
      vertex 29.1669 -8.45907 30
      vertex 28.3417 -8.33667 24
      vertex 29.1669 -8.45907 24
    endloop
  endfacet
  facet normal -0.903963 -0.42761 0
    outer loop
      vertex 22.5037 -4.00687 24
      vertex 22.147 -3.25281 30
      vertex 22.147 -3.25281 24
    endloop
  endfacet
  facet normal -0.903963 -0.42761 0
    outer loop
      vertex 22.147 -3.25281 30
      vertex 22.5037 -4.00687 24
      vertex 22.5037 -4.00687 30
    endloop
  endfacet
  facet normal -0.857751 -0.514066 0
    outer loop
      vertex 22.9325 -4.72235 24
      vertex 22.5037 -4.00687 30
      vertex 22.5037 -4.00687 24
    endloop
  endfacet
  facet normal -0.857751 -0.514066 0
    outer loop
      vertex 22.5037 -4.00687 30
      vertex 22.9325 -4.72235 24
      vertex 22.9325 -4.72235 30
    endloop
  endfacet
  facet normal -0.998797 -0.049032 0
    outer loop
      vertex 21.5409 -0.833145 24
      vertex 21.5 0 30
      vertex 21.5 0 24
    endloop
  endfacet
  facet normal -0.998797 -0.049032 0
    outer loop
      vertex 21.5 0 30
      vertex 21.5409 -0.833145 24
      vertex 21.5409 -0.833145 30
    endloop
  endfacet
  facet normal -0.970026 -0.243001 0
    outer loop
      vertex 21.866 -2.46742 24
      vertex 21.6633 -1.65827 30
      vertex 21.6633 -1.65827 24
    endloop
  endfacet
  facet normal -0.970026 -0.243001 0
    outer loop
      vertex 21.6633 -1.65827 30
      vertex 21.866 -2.46742 24
      vertex 21.866 -2.46742 30
    endloop
  endfacet
  facet normal 0 0 -1
    outer loop
      vertex 36.5 0 24
      vertex 38.5 0 24
      vertex 38.4591 -0.833145 24
    endloop
  endfacet
  facet normal 0 0 -1
    outer loop
      vertex 36.4687 -0.637111 24
      vertex 38.4591 -0.833145 24
      vertex 38.3367 -1.65827 24
    endloop
  endfacet
  facet normal 0 0 -1
    outer loop
      vertex 38.5 0 24
      vertex 36.5 0 24
      vertex 38.4591 0.833145 24
    endloop
  endfacet
  facet normal 0 0 -1
    outer loop
      vertex 36.3751 -1.26809 24
      vertex 38.3367 -1.65827 24
      vertex 38.134 -2.46742 24
    endloop
  endfacet
  facet normal 0 0 -1
    outer loop
      vertex 36.4687 0.637111 24
      vertex 38.4591 0.833145 24
      vertex 36.5 0 24
    endloop
  endfacet
  facet normal 0 0 -1
    outer loop
      vertex 36.2201 -1.88685 24
      vertex 38.134 -2.46742 24
      vertex 37.853 -3.25281 24
    endloop
  endfacet
  facet normal -0 0 -1
    outer loop
      vertex 38.4591 0.833145 24
      vertex 36.4687 0.637111 24
      vertex 38.3367 1.65827 24
    endloop
  endfacet
  facet normal 0 0 -1
    outer loop
      vertex 36.0052 -2.48744 24
      vertex 37.853 -3.25281 24
      vertex 37.4963 -4.00687 24
    endloop
  endfacet
  facet normal 0 0 -1
    outer loop
      vertex 36.3751 1.26809 24
      vertex 38.3367 1.65827 24
      vertex 36.4687 0.637111 24
    endloop
  endfacet
  facet normal 0 0 -1
    outer loop
      vertex 35.7325 -3.06408 24
      vertex 37.4963 -4.00687 24
      vertex 37.0675 -4.72235 24
    endloop
  endfacet
  facet normal -0 0 -1
    outer loop
      vertex 38.3367 1.65827 24
      vertex 36.3751 1.26809 24
      vertex 38.134 2.46742 24
    endloop
  endfacet
  facet normal 0 0 -1
    outer loop
      vertex 35.4046 -3.61121 24
      vertex 37.0675 -4.72235 24
      vertex 36.5706 -5.39234 24
    endloop
  endfacet
  facet normal 0 0 -1
    outer loop
      vertex 36.2201 1.88685 24
      vertex 38.134 2.46742 24
      vertex 36.3751 1.26809 24
    endloop
  endfacet
  facet normal -0 0 -1
    outer loop
      vertex 38.134 2.46742 24
      vertex 36.2201 1.88685 24
      vertex 37.853 3.25281 24
    endloop
  endfacet
  facet normal 0 0 -1
    outer loop
      vertex 38.4591 -0.833145 24
      vertex 36.4687 -0.637111 24
      vertex 36.5 0 24
    endloop
  endfacet
  facet normal 0 0 -1
    outer loop
      vertex 38.3367 -1.65827 24
      vertex 36.3751 -1.26809 24
      vertex 36.4687 -0.637111 24
    endloop
  endfacet
  facet normal 0 0 -1
    outer loop
      vertex 38.134 -2.46742 24
      vertex 36.2201 -1.88685 24
      vertex 36.3751 -1.26809 24
    endloop
  endfacet
  facet normal 0 0 -1
    outer loop
      vertex 35.0246 -4.12356 24
      vertex 36.5706 -5.39234 24
      vertex 36.0104 -6.01041 24
    endloop
  endfacet
  facet normal 0 0 -1
    outer loop
      vertex 37.853 -3.25281 24
      vertex 36.0052 -2.48744 24
      vertex 36.2201 -1.88685 24
    endloop
  endfacet
  facet normal 0 0 -1
    outer loop
      vertex 37.4963 -4.00687 24
      vertex 35.7325 -3.06408 24
      vertex 36.0052 -2.48744 24
    endloop
  endfacet
  facet normal 0 0 -1
    outer loop
      vertex 37.0675 -4.72235 24
      vertex 35.4046 -3.61121 24
      vertex 35.7325 -3.06408 24
    endloop
  endfacet
  facet normal 0 0 -1
    outer loop
      vertex 34.5962 -4.59619 24
      vertex 36.0104 -6.01041 24
      vertex 35.3923 -6.57059 24
    endloop
  endfacet
  facet normal 0 0 -1
    outer loop
      vertex 36.5706 -5.39234 24
      vertex 35.0246 -4.12356 24
      vertex 35.4046 -3.61121 24
    endloop
  endfacet
  facet normal 0 0 -1
    outer loop
      vertex 34.1236 -5.02457 24
      vertex 35.3923 -6.57059 24
      vertex 34.7223 -7.06749 24
    endloop
  endfacet
  facet normal 0 0 -1
    outer loop
      vertex 36.0104 -6.01041 24
      vertex 34.5962 -4.59619 24
      vertex 35.0246 -4.12356 24
    endloop
  endfacet
  facet normal 0 0 -1
    outer loop
      vertex 35.3923 -6.57059 24
      vertex 34.1236 -5.02457 24
      vertex 34.5962 -4.59619 24
    endloop
  endfacet
  facet normal 0 0 -1
    outer loop
      vertex 33.6112 -5.40455 24
      vertex 34.7223 -7.06749 24
      vertex 34.0069 -7.49633 24
    endloop
  endfacet
  facet normal 0 0 -1
    outer loop
      vertex 34.7223 -7.06749 24
      vertex 33.6112 -5.40455 24
      vertex 34.1236 -5.02457 24
    endloop
  endfacet
  facet normal 0 0 -1
    outer loop
      vertex 33.0641 -5.73249 24
      vertex 34.0069 -7.49633 24
      vertex 33.2528 -7.85298 24
    endloop
  endfacet
  facet normal 0 0 -1
    outer loop
      vertex 34.0069 -7.49633 24
      vertex 33.0641 -5.73249 24
      vertex 33.6112 -5.40455 24
    endloop
  endfacet
  facet normal 0 0 -1
    outer loop
      vertex 33.2528 -7.85298 24
      vertex 32.4874 -6.00522 24
      vertex 33.0641 -5.73249 24
    endloop
  endfacet
  facet normal 0 0 -1
    outer loop
      vertex 32.4674 -8.13399 24
      vertex 32.4874 -6.00522 24
      vertex 33.2528 -7.85298 24
    endloop
  endfacet
  facet normal 0 0 -1
    outer loop
      vertex 32.4674 -8.13399 24
      vertex 31.8869 -6.22011 24
      vertex 32.4874 -6.00522 24
    endloop
  endfacet
  facet normal 0 0 -1
    outer loop
      vertex 31.6583 -8.33667 24
      vertex 31.8869 -6.22011 24
      vertex 32.4674 -8.13399 24
    endloop
  endfacet
  facet normal 0 0 -1
    outer loop
      vertex 31.6583 -8.33667 24
      vertex 31.2681 -6.3751 24
      vertex 31.8869 -6.22011 24
    endloop
  endfacet
  facet normal 0 0 -1
    outer loop
      vertex 30.8331 -8.45907 24
      vertex 31.2681 -6.3751 24
      vertex 31.6583 -8.33667 24
    endloop
  endfacet
  facet normal 0 0 -1
    outer loop
      vertex 30.8331 -8.45907 24
      vertex 30.6371 -6.4687 24
      vertex 31.2681 -6.3751 24
    endloop
  endfacet
  facet normal 0 0 -1
    outer loop
      vertex 30 -8.5 24
      vertex 30.6371 -6.4687 24
      vertex 30.8331 -8.45907 24
    endloop
  endfacet
  facet normal 0 0 -1
    outer loop
      vertex 30 -8.5 24
      vertex 30 -6.5 24
      vertex 30.6371 -6.4687 24
    endloop
  endfacet
  facet normal 0 0 -1
    outer loop
      vertex 30 -8.5 24
      vertex 29.3629 -6.4687 24
      vertex 30 -6.5 24
    endloop
  endfacet
  facet normal 0 0 -1
    outer loop
      vertex 29.1669 -8.45907 24
      vertex 29.3629 -6.4687 24
      vertex 30 -8.5 24
    endloop
  endfacet
  facet normal 0 0 -1
    outer loop
      vertex 29.1669 -8.45907 24
      vertex 28.7319 -6.3751 24
      vertex 29.3629 -6.4687 24
    endloop
  endfacet
  facet normal 0 0 -1
    outer loop
      vertex 28.3417 -8.33667 24
      vertex 28.7319 -6.3751 24
      vertex 29.1669 -8.45907 24
    endloop
  endfacet
  facet normal 0 0 -1
    outer loop
      vertex 28.3417 -8.33667 24
      vertex 28.1131 -6.22011 24
      vertex 28.7319 -6.3751 24
    endloop
  endfacet
  facet normal 0 0 -1
    outer loop
      vertex 27.5326 -8.13399 24
      vertex 28.1131 -6.22011 24
      vertex 28.3417 -8.33667 24
    endloop
  endfacet
  facet normal 0 0 -1
    outer loop
      vertex 27.5326 -8.13399 24
      vertex 27.5126 -6.00522 24
      vertex 28.1131 -6.22011 24
    endloop
  endfacet
  facet normal 0 0 -1
    outer loop
      vertex 26.7472 -7.85298 24
      vertex 27.5126 -6.00522 24
      vertex 27.5326 -8.13399 24
    endloop
  endfacet
  facet normal -0 0 -1
    outer loop
      vertex 27.5126 -6.00522 24
      vertex 26.7472 -7.85298 24
      vertex 26.9359 -5.73249 24
    endloop
  endfacet
  facet normal 0 0 -1
    outer loop
      vertex 25.9931 -7.49633 24
      vertex 26.9359 -5.73249 24
      vertex 26.7472 -7.85298 24
    endloop
  endfacet
  facet normal -0 0 -1
    outer loop
      vertex 26.9359 -5.73249 24
      vertex 25.9931 -7.49633 24
      vertex 26.3888 -5.40455 24
    endloop
  endfacet
  facet normal 0 0 -1
    outer loop
      vertex 25.2777 -7.06749 24
      vertex 26.3888 -5.40455 24
      vertex 25.9931 -7.49633 24
    endloop
  endfacet
  facet normal -0 0 -1
    outer loop
      vertex 26.3888 -5.40455 24
      vertex 25.2777 -7.06749 24
      vertex 25.8764 -5.02457 24
    endloop
  endfacet
  facet normal 0 0 -1
    outer loop
      vertex 24.6077 -6.57059 24
      vertex 25.8764 -5.02457 24
      vertex 25.2777 -7.06749 24
    endloop
  endfacet
  facet normal -0 0 -1
    outer loop
      vertex 25.8764 -5.02457 24
      vertex 24.6077 -6.57059 24
      vertex 25.4038 -4.59619 24
    endloop
  endfacet
  facet normal 0 0 -1
    outer loop
      vertex 23.9896 -6.01041 24
      vertex 25.4038 -4.59619 24
      vertex 24.6077 -6.57059 24
    endloop
  endfacet
  facet normal -0 0 -1
    outer loop
      vertex 25.4038 -4.59619 24
      vertex 23.9896 -6.01041 24
      vertex 24.9754 -4.12356 24
    endloop
  endfacet
  facet normal 0 0 -1
    outer loop
      vertex 23.4294 -5.39234 24
      vertex 24.9754 -4.12356 24
      vertex 23.9896 -6.01041 24
    endloop
  endfacet
  facet normal -0 0 -1
    outer loop
      vertex 24.9754 -4.12356 24
      vertex 23.4294 -5.39234 24
      vertex 24.5954 -3.61121 24
    endloop
  endfacet
  facet normal 0 0 -1
    outer loop
      vertex 22.9325 -4.72235 24
      vertex 24.5954 -3.61121 24
      vertex 23.4294 -5.39234 24
    endloop
  endfacet
  facet normal -0 0 -1
    outer loop
      vertex 24.5954 -3.61121 24
      vertex 22.9325 -4.72235 24
      vertex 24.2675 -3.06408 24
    endloop
  endfacet
  facet normal 0 0 -1
    outer loop
      vertex 22.5037 -4.00687 24
      vertex 24.2675 -3.06408 24
      vertex 22.9325 -4.72235 24
    endloop
  endfacet
  facet normal -0 0 -1
    outer loop
      vertex 24.2675 -3.06408 24
      vertex 22.5037 -4.00687 24
      vertex 23.9948 -2.48744 24
    endloop
  endfacet
  facet normal -0 0 -1
    outer loop
      vertex 23.9948 -2.48744 24
      vertex 22.147 -3.25281 24
      vertex 23.7799 -1.88685 24
    endloop
  endfacet
  facet normal 0 0 -1
    outer loop
      vertex 22.147 -3.25281 24
      vertex 23.9948 -2.48744 24
      vertex 22.5037 -4.00687 24
    endloop
  endfacet
  facet normal 0 0 -1
    outer loop
      vertex 36.0052 2.48744 24
      vertex 37.853 3.25281 24
      vertex 36.2201 1.88685 24
    endloop
  endfacet
  facet normal -0 0 -1
    outer loop
      vertex 37.853 3.25281 24
      vertex 36.0052 2.48744 24
      vertex 37.4963 4.00687 24
    endloop
  endfacet
  facet normal 0 0 -1
    outer loop
      vertex 35.7325 3.06408 24
      vertex 37.4963 4.00687 24
      vertex 36.0052 2.48744 24
    endloop
  endfacet
  facet normal -0 0 -1
    outer loop
      vertex 37.4963 4.00687 24
      vertex 35.7325 3.06408 24
      vertex 37.0675 4.72235 24
    endloop
  endfacet
  facet normal 0 0 -1
    outer loop
      vertex 35.4046 3.61121 24
      vertex 37.0675 4.72235 24
      vertex 35.7325 3.06408 24
    endloop
  endfacet
  facet normal -0 0 -1
    outer loop
      vertex 37.0675 4.72235 24
      vertex 35.4046 3.61121 24
      vertex 36.5706 5.39234 24
    endloop
  endfacet
  facet normal 0 0 -1
    outer loop
      vertex 35.0246 4.12356 24
      vertex 36.5706 5.39234 24
      vertex 35.4046 3.61121 24
    endloop
  endfacet
  facet normal -0 0 -1
    outer loop
      vertex 36.5706 5.39234 24
      vertex 35.0246 4.12356 24
      vertex 36.0104 6.01041 24
    endloop
  endfacet
  facet normal 0 0 -1
    outer loop
      vertex 34.5962 4.59619 24
      vertex 36.0104 6.01041 24
      vertex 35.0246 4.12356 24
    endloop
  endfacet
  facet normal -0 0 -1
    outer loop
      vertex 36.0104 6.01041 24
      vertex 34.5962 4.59619 24
      vertex 35.3923 6.57059 24
    endloop
  endfacet
  facet normal 0 0 -1
    outer loop
      vertex 34.1236 5.02457 24
      vertex 35.3923 6.57059 24
      vertex 34.5962 4.59619 24
    endloop
  endfacet
  facet normal -0 0 -1
    outer loop
      vertex 35.3923 6.57059 24
      vertex 34.1236 5.02457 24
      vertex 34.7223 7.06749 24
    endloop
  endfacet
  facet normal 0 0 -1
    outer loop
      vertex 33.6112 5.40455 24
      vertex 34.7223 7.06749 24
      vertex 34.1236 5.02457 24
    endloop
  endfacet
  facet normal -0 0 -1
    outer loop
      vertex 34.7223 7.06749 24
      vertex 33.6112 5.40455 24
      vertex 34.0069 7.49633 24
    endloop
  endfacet
  facet normal 0 0 -1
    outer loop
      vertex 33.0641 5.73249 24
      vertex 34.0069 7.49633 24
      vertex 33.6112 5.40455 24
    endloop
  endfacet
  facet normal -0 0 -1
    outer loop
      vertex 34.0069 7.49633 24
      vertex 33.0641 5.73249 24
      vertex 33.2528 7.85298 24
    endloop
  endfacet
  facet normal 0 0 -1
    outer loop
      vertex 32.4874 6.00522 24
      vertex 33.2528 7.85298 24
      vertex 33.0641 5.73249 24
    endloop
  endfacet
  facet normal 0 0 -1
    outer loop
      vertex 32.4874 6.00522 24
      vertex 32.4674 8.13399 24
      vertex 33.2528 7.85298 24
    endloop
  endfacet
  facet normal 0 0 -1
    outer loop
      vertex 31.8869 6.22011 24
      vertex 32.4674 8.13399 24
      vertex 32.4874 6.00522 24
    endloop
  endfacet
  facet normal 0 0 -1
    outer loop
      vertex 31.8869 6.22011 24
      vertex 31.6583 8.33667 24
      vertex 32.4674 8.13399 24
    endloop
  endfacet
  facet normal 0 0 -1
    outer loop
      vertex 31.2681 6.3751 24
      vertex 31.6583 8.33667 24
      vertex 31.8869 6.22011 24
    endloop
  endfacet
  facet normal 0 0 -1
    outer loop
      vertex 31.2681 6.3751 24
      vertex 30.8331 8.45907 24
      vertex 31.6583 8.33667 24
    endloop
  endfacet
  facet normal 0 0 -1
    outer loop
      vertex 30.6371 6.4687 24
      vertex 30.8331 8.45907 24
      vertex 31.2681 6.3751 24
    endloop
  endfacet
  facet normal 0 0 -1
    outer loop
      vertex 30 6.5 24
      vertex 30.8331 8.45907 24
      vertex 30.6371 6.4687 24
    endloop
  endfacet
  facet normal 0 0 -1
    outer loop
      vertex 30 6.5 24
      vertex 30 8.5 24
      vertex 30.8331 8.45907 24
    endloop
  endfacet
  facet normal 0 0 -1
    outer loop
      vertex 29.3629 6.4687 24
      vertex 30 8.5 24
      vertex 30 6.5 24
    endloop
  endfacet
  facet normal 0 0 -1
    outer loop
      vertex 29.3629 6.4687 24
      vertex 29.1669 8.45907 24
      vertex 30 8.5 24
    endloop
  endfacet
  facet normal 0 0 -1
    outer loop
      vertex 28.7319 6.3751 24
      vertex 29.1669 8.45907 24
      vertex 29.3629 6.4687 24
    endloop
  endfacet
  facet normal 0 0 -1
    outer loop
      vertex 28.7319 6.3751 24
      vertex 28.3417 8.33667 24
      vertex 29.1669 8.45907 24
    endloop
  endfacet
  facet normal 0 0 -1
    outer loop
      vertex 28.1131 6.22011 24
      vertex 28.3417 8.33667 24
      vertex 28.7319 6.3751 24
    endloop
  endfacet
  facet normal 0 0 -1
    outer loop
      vertex 28.1131 6.22011 24
      vertex 27.5326 8.13399 24
      vertex 28.3417 8.33667 24
    endloop
  endfacet
  facet normal 0 0 -1
    outer loop
      vertex 27.5126 6.00522 24
      vertex 27.5326 8.13399 24
      vertex 28.1131 6.22011 24
    endloop
  endfacet
  facet normal 0 0 -1
    outer loop
      vertex 26.7472 7.85298 24
      vertex 27.5126 6.00522 24
      vertex 26.9359 5.73249 24
    endloop
  endfacet
  facet normal 0 0 -1
    outer loop
      vertex 27.5126 6.00522 24
      vertex 26.7472 7.85298 24
      vertex 27.5326 8.13399 24
    endloop
  endfacet
  facet normal 0 0 -1
    outer loop
      vertex 25.9931 7.49633 24
      vertex 26.9359 5.73249 24
      vertex 26.3888 5.40455 24
    endloop
  endfacet
  facet normal 0 0 -1
    outer loop
      vertex 26.9359 5.73249 24
      vertex 25.9931 7.49633 24
      vertex 26.7472 7.85298 24
    endloop
  endfacet
  facet normal 0 0 -1
    outer loop
      vertex 25.2777 7.06749 24
      vertex 26.3888 5.40455 24
      vertex 25.8764 5.02457 24
    endloop
  endfacet
  facet normal 0 0 -1
    outer loop
      vertex 24.6077 6.57059 24
      vertex 25.8764 5.02457 24
      vertex 25.4038 4.59619 24
    endloop
  endfacet
  facet normal 0 0 -1
    outer loop
      vertex 26.3888 5.40455 24
      vertex 25.2777 7.06749 24
      vertex 25.9931 7.49633 24
    endloop
  endfacet
  facet normal 0 0 -1
    outer loop
      vertex 23.9896 6.01041 24
      vertex 25.4038 4.59619 24
      vertex 24.9754 4.12356 24
    endloop
  endfacet
  facet normal 0 0 -1
    outer loop
      vertex 25.8764 5.02457 24
      vertex 24.6077 6.57059 24
      vertex 25.2777 7.06749 24
    endloop
  endfacet
  facet normal 0 0 -1
    outer loop
      vertex 23.4294 5.39234 24
      vertex 24.9754 4.12356 24
      vertex 24.5954 3.61121 24
    endloop
  endfacet
  facet normal 0 0 -1
    outer loop
      vertex 22.9325 4.72235 24
      vertex 24.5954 3.61121 24
      vertex 24.2675 3.06408 24
    endloop
  endfacet
  facet normal 0 0 -1
    outer loop
      vertex 22.5037 4.00687 24
      vertex 24.2675 3.06408 24
      vertex 23.9948 2.48744 24
    endloop
  endfacet
  facet normal 0 0 -1
    outer loop
      vertex 25.4038 4.59619 24
      vertex 23.9896 6.01041 24
      vertex 24.6077 6.57059 24
    endloop
  endfacet
  facet normal 0 0 -1
    outer loop
      vertex 22.147 3.25281 24
      vertex 23.9948 2.48744 24
      vertex 23.7799 1.88685 24
    endloop
  endfacet
  facet normal 0 0 -1
    outer loop
      vertex 21.866 2.46742 24
      vertex 23.7799 1.88685 24
      vertex 23.6249 1.26809 24
    endloop
  endfacet
  facet normal 0 0 -1
    outer loop
      vertex 21.6633 1.65827 24
      vertex 23.6249 1.26809 24
      vertex 23.5313 0.637111 24
    endloop
  endfacet
  facet normal 0 0 -1
    outer loop
      vertex 24.9754 4.12356 24
      vertex 23.4294 5.39234 24
      vertex 23.9896 6.01041 24
    endloop
  endfacet
  facet normal 0 0 -1
    outer loop
      vertex 21.5409 0.833145 24
      vertex 23.5313 0.637111 24
      vertex 23.5 0 24
    endloop
  endfacet
  facet normal 0 0 -1
    outer loop
      vertex 21.866 -2.46742 24
      vertex 23.7799 -1.88685 24
      vertex 22.147 -3.25281 24
    endloop
  endfacet
  facet normal -0 0 -1
    outer loop
      vertex 23.7799 -1.88685 24
      vertex 21.866 -2.46742 24
      vertex 23.6249 -1.26809 24
    endloop
  endfacet
  facet normal 0 0 -1
    outer loop
      vertex 24.5954 3.61121 24
      vertex 22.9325 4.72235 24
      vertex 23.4294 5.39234 24
    endloop
  endfacet
  facet normal 0 0 -1
    outer loop
      vertex 21.6633 -1.65827 24
      vertex 23.6249 -1.26809 24
      vertex 21.866 -2.46742 24
    endloop
  endfacet
  facet normal 0 0 -1
    outer loop
      vertex 24.2675 3.06408 24
      vertex 22.5037 4.00687 24
      vertex 22.9325 4.72235 24
    endloop
  endfacet
  facet normal -0 0 -1
    outer loop
      vertex 23.6249 -1.26809 24
      vertex 21.6633 -1.65827 24
      vertex 23.5313 -0.637111 24
    endloop
  endfacet
  facet normal 0 0 -1
    outer loop
      vertex 23.9948 2.48744 24
      vertex 22.147 3.25281 24
      vertex 22.5037 4.00687 24
    endloop
  endfacet
  facet normal 0 0 -1
    outer loop
      vertex 21.5409 -0.833145 24
      vertex 23.5313 -0.637111 24
      vertex 21.6633 -1.65827 24
    endloop
  endfacet
  facet normal 0 0 -1
    outer loop
      vertex 23.7799 1.88685 24
      vertex 21.866 2.46742 24
      vertex 22.147 3.25281 24
    endloop
  endfacet
  facet normal -0 0 -1
    outer loop
      vertex 23.5313 -0.637111 24
      vertex 21.5409 -0.833145 24
      vertex 23.5 0 24
    endloop
  endfacet
  facet normal 0 0 -1
    outer loop
      vertex 23.6249 1.26809 24
      vertex 21.6633 1.65827 24
      vertex 21.866 2.46742 24
    endloop
  endfacet
  facet normal 0 0 -1
    outer loop
      vertex 21.5 0 24
      vertex 23.5 0 24
      vertex 21.5409 -0.833145 24
    endloop
  endfacet
  facet normal 0 0 -1
    outer loop
      vertex 23.5313 0.637111 24
      vertex 21.5409 0.833145 24
      vertex 21.6633 1.65827 24
    endloop
  endfacet
  facet normal 0 0 -1
    outer loop
      vertex 23.5 0 24
      vertex 21.5 0 24
      vertex 21.5409 0.833145 24
    endloop
  endfacet
  facet normal -0.989176 -0.146735 0
    outer loop
      vertex 21.6633 -1.65827 24
      vertex 21.5409 -0.833145 30
      vertex 21.5409 -0.833145 24
    endloop
  endfacet
  facet normal -0.989176 -0.146735 0
    outer loop
      vertex 21.5409 -0.833145 30
      vertex 21.6633 -1.65827 24
      vertex 21.6633 -1.65827 30
    endloop
  endfacet
  facet normal 0.803207 0.595701 0
    outer loop
      vertex 37.0675 4.72235 30
      vertex 36.5706 5.39234 24
      vertex 36.5706 5.39234 30
    endloop
  endfacet
  facet normal 0.803207 0.595701 0
    outer loop
      vertex 36.5706 5.39234 24
      vertex 37.0675 4.72235 30
      vertex 37.0675 4.72235 24
    endloop
  endfacet
  facet normal 0.336879 0.941548 -0
    outer loop
      vertex 33.2528 7.85298 24
      vertex 32.4674 8.13399 30
      vertex 33.2528 7.85298 30
    endloop
  endfacet
  facet normal 0.336879 0.941548 0
    outer loop
      vertex 32.4674 8.13399 30
      vertex 33.2528 7.85298 24
      vertex 32.4674 8.13399 24
    endloop
  endfacet
  facet normal 0.514143 0.857704 -0
    outer loop
      vertex 34.7223 7.06749 24
      vertex 34.0069 7.49633 30
      vertex 34.7223 7.06749 30
    endloop
  endfacet
  facet normal 0.514143 0.857704 0
    outer loop
      vertex 34.0069 7.49633 30
      vertex 34.7223 7.06749 24
      vertex 34.0069 7.49633 24
    endloop
  endfacet
  facet normal -0.740943 0.671568 0
    outer loop
      vertex 23.4294 5.39234 24
      vertex 23.9896 6.01041 30
      vertex 23.9896 6.01041 24
    endloop
  endfacet
  facet normal -0.740943 0.671568 0
    outer loop
      vertex 23.9896 6.01041 30
      vertex 23.4294 5.39234 24
      vertex 23.4294 5.39234 30
    endloop
  endfacet
  facet normal -0.941551 0.336872 0
    outer loop
      vertex 21.866 2.46742 24
      vertex 22.147 3.25281 30
      vertex 22.147 3.25281 24
    endloop
  endfacet
  facet normal -0.941551 0.336872 0
    outer loop
      vertex 22.147 3.25281 30
      vertex 21.866 2.46742 24
      vertex 21.866 2.46742 30
    endloop
  endfacet
  facet normal -0.595695 0.803211 0
    outer loop
      vertex 25.2777 7.06749 24
      vertex 24.6077 6.57059 30
      vertex 25.2777 7.06749 30
    endloop
  endfacet
  facet normal -0.595695 0.803211 0
    outer loop
      vertex 24.6077 6.57059 30
      vertex 25.2777 7.06749 24
      vertex 24.6077 6.57059 24
    endloop
  endfacet
  facet normal -0.427543 0.903995 0
    outer loop
      vertex 26.7472 7.85298 24
      vertex 25.9931 7.49633 30
      vertex 26.7472 7.85298 30
    endloop
  endfacet
  facet normal -0.427543 0.903995 0
    outer loop
      vertex 25.9931 7.49633 30
      vertex 26.7472 7.85298 24
      vertex 25.9931 7.49633 24
    endloop
  endfacet
  facet normal -0.242993 0.970028 0
    outer loop
      vertex 28.3417 8.33667 24
      vertex 27.5326 8.13399 30
      vertex 28.3417 8.33667 30
    endloop
  endfacet
  facet normal -0.242993 0.970028 0
    outer loop
      vertex 27.5326 8.13399 30
      vertex 28.3417 8.33667 24
      vertex 27.5326 8.13399 24
    endloop
  endfacet
  facet normal 0.146722 -0.989178 0
    outer loop
      vertex 30.8331 -8.45907 24
      vertex 31.6583 -8.33667 30
      vertex 30.8331 -8.45907 30
    endloop
  endfacet
  facet normal 0.146722 -0.989178 0
    outer loop
      vertex 31.6583 -8.33667 30
      vertex 30.8331 -8.45907 24
      vertex 31.6583 -8.33667 24
    endloop
  endfacet
  facet normal 0.336879 -0.941548 0
    outer loop
      vertex 32.4674 -8.13399 24
      vertex 33.2528 -7.85298 30
      vertex 32.4674 -8.13399 30
    endloop
  endfacet
  facet normal 0.336879 -0.941548 0
    outer loop
      vertex 33.2528 -7.85298 30
      vertex 32.4674 -8.13399 24
      vertex 33.2528 -7.85298 24
    endloop
  endfacet
  facet normal 0.903963 -0.42761 0
    outer loop
      vertex 37.4963 -4.00687 30
      vertex 37.853 -3.25281 24
      vertex 37.853 -3.25281 30
    endloop
  endfacet
  facet normal 0.903963 -0.42761 0
    outer loop
      vertex 37.853 -3.25281 24
      vertex 37.4963 -4.00687 30
      vertex 37.4963 -4.00687 24
    endloop
  endfacet
  facet normal 0.970026 -0.243001 0
    outer loop
      vertex 38.134 -2.46742 30
      vertex 38.3367 -1.65827 24
      vertex 38.3367 -1.65827 30
    endloop
  endfacet
  facet normal 0.970026 -0.243001 0
    outer loop
      vertex 38.3367 -1.65827 24
      vertex 38.134 -2.46742 30
      vertex 38.134 -2.46742 24
    endloop
  endfacet
  facet normal 0.989176 -0.146735 0
    outer loop
      vertex 38.3367 -1.65827 30
      vertex 38.4591 -0.833145 24
      vertex 38.4591 -0.833145 30
    endloop
  endfacet
  facet normal 0.989176 -0.146735 0
    outer loop
      vertex 38.4591 -0.833145 24
      vertex 38.3367 -1.65827 30
      vertex 38.3367 -1.65827 24
    endloop
  endfacet
  facet normal -0.427543 -0.903995 0
    outer loop
      vertex 25.9931 -7.49633 24
      vertex 26.7472 -7.85298 30
      vertex 25.9931 -7.49633 30
    endloop
  endfacet
  facet normal -0.427543 -0.903995 -0
    outer loop
      vertex 26.7472 -7.85298 30
      vertex 25.9931 -7.49633 24
      vertex 26.7472 -7.85298 24
    endloop
  endfacet
  facet normal -0.242993 -0.970028 0
    outer loop
      vertex 27.5326 -8.13399 24
      vertex 28.3417 -8.33667 30
      vertex 27.5326 -8.13399 30
    endloop
  endfacet
  facet normal -0.242993 -0.970028 -0
    outer loop
      vertex 28.3417 -8.33667 30
      vertex 27.5326 -8.13399 24
      vertex 28.3417 -8.33667 24
    endloop
  endfacet
  facet normal -0.0490706 -0.998795 0
    outer loop
      vertex 29.1669 -8.45907 24
      vertex 30 -8.5 30
      vertex 29.1669 -8.45907 30
    endloop
  endfacet
  facet normal -0.0490706 -0.998795 -0
    outer loop
      vertex 30 -8.5 30
      vertex 29.1669 -8.45907 24
      vertex 30 -8.5 24
    endloop
  endfacet
  facet normal -0.740943 -0.671568 0
    outer loop
      vertex 23.9896 -6.01041 24
      vertex 23.4294 -5.39234 30
      vertex 23.4294 -5.39234 24
    endloop
  endfacet
  facet normal -0.740943 -0.671568 0
    outer loop
      vertex 23.4294 -5.39234 30
      vertex 23.9896 -6.01041 24
      vertex 23.9896 -6.01041 30
    endloop
  endfacet
  facet normal -0.998795 -0.0490688 0
    outer loop
      vertex 36.5 0 24
      vertex 36.4687 0.637111 30
      vertex 36.4687 0.637111 24
    endloop
  endfacet
  facet normal -0.998795 -0.0490688 0
    outer loop
      vertex 36.4687 0.637111 30
      vertex 36.5 0 24
      vertex 36.5 0 30
    endloop
  endfacet
  facet normal 0.998795 -0.0490688 0
    outer loop
      vertex 23.5 0 30
      vertex 23.5313 0.637111 24
      vertex 23.5313 0.637111 30
    endloop
  endfacet
  facet normal 0.998795 -0.0490688 0
    outer loop
      vertex 23.5313 0.637111 24
      vertex 23.5 0 30
      vertex 23.5 0 24
    endloop
  endfacet
  facet normal -0.0490697 -0.998795 0
    outer loop
      vertex 30 6.5 24
      vertex 30.6371 6.4687 30
      vertex 30 6.5 30
    endloop
  endfacet
  facet normal -0.0490697 -0.998795 -0
    outer loop
      vertex 30.6371 6.4687 30
      vertex 30 6.5 24
      vertex 30.6371 6.4687 24
    endloop
  endfacet
  facet normal -0.671594 -0.74092 0
    outer loop
      vertex 34.1236 5.02457 24
      vertex 34.5962 4.59619 30
      vertex 34.1236 5.02457 30
    endloop
  endfacet
  facet normal -0.671594 -0.74092 -0
    outer loop
      vertex 34.5962 4.59619 30
      vertex 34.1236 5.02457 24
      vertex 34.5962 4.59619 24
    endloop
  endfacet
  facet normal 0.671594 -0.74092 0
    outer loop
      vertex 25.4038 4.59619 24
      vertex 25.8764 5.02457 30
      vertex 25.4038 4.59619 30
    endloop
  endfacet
  facet normal 0.671594 -0.74092 0
    outer loop
      vertex 25.8764 5.02457 30
      vertex 25.4038 4.59619 24
      vertex 25.8764 5.02457 24
    endloop
  endfacet
  facet normal 0.336928 -0.94153 0
    outer loop
      vertex 27.5126 6.00522 24
      vertex 28.1131 6.22011 30
      vertex 27.5126 6.00522 30
    endloop
  endfacet
  facet normal 0.336928 -0.94153 0
    outer loop
      vertex 28.1131 6.22011 30
      vertex 27.5126 6.00522 24
      vertex 28.1131 6.22011 24
    endloop
  endfacet
  facet normal -0.904008 -0.427516 0
    outer loop
      vertex 36.0052 2.48744 24
      vertex 35.7325 3.06408 30
      vertex 35.7325 3.06408 24
    endloop
  endfacet
  facet normal -0.904008 -0.427516 0
    outer loop
      vertex 35.7325 3.06408 30
      vertex 36.0052 2.48744 24
      vertex 36.0052 2.48744 30
    endloop
  endfacet
  facet normal -0.336928 -0.94153 0
    outer loop
      vertex 31.8869 6.22011 24
      vertex 32.4874 6.00522 30
      vertex 31.8869 6.22011 30
    endloop
  endfacet
  facet normal -0.336928 -0.94153 -0
    outer loop
      vertex 32.4874 6.00522 30
      vertex 31.8869 6.22011 24
      vertex 32.4874 6.00522 24
    endloop
  endfacet
  facet normal -0.242963 -0.970035 0
    outer loop
      vertex 31.2681 6.3751 24
      vertex 31.8869 6.22011 30
      vertex 31.2681 6.3751 30
    endloop
  endfacet
  facet normal -0.242963 -0.970035 -0
    outer loop
      vertex 31.8869 6.22011 30
      vertex 31.2681 6.3751 24
      vertex 31.8869 6.22011 24
    endloop
  endfacet
  facet normal 0.857754 -0.51406 0
    outer loop
      vertex 24.2675 3.06408 30
      vertex 24.5954 3.61121 24
      vertex 24.5954 3.61121 30
    endloop
  endfacet
  facet normal 0.857754 -0.51406 0
    outer loop
      vertex 24.5954 3.61121 24
      vertex 24.2675 3.06408 30
      vertex 24.2675 3.06408 24
    endloop
  endfacet
  facet normal 0.803196 -0.595715 0
    outer loop
      vertex 24.5954 3.61121 30
      vertex 24.9754 4.12356 24
      vertex 24.9754 4.12356 30
    endloop
  endfacet
  facet normal 0.803196 -0.595715 0
    outer loop
      vertex 24.9754 4.12356 24
      vertex 24.5954 3.61121 30
      vertex 24.5954 3.61121 24
    endloop
  endfacet
  facet normal 0.14673 -0.989177 0
    outer loop
      vertex 28.7319 6.3751 24
      vertex 29.3629 6.4687 30
      vertex 28.7319 6.3751 30
    endloop
  endfacet
  facet normal 0.14673 -0.989177 0
    outer loop
      vertex 29.3629 6.4687 30
      vertex 28.7319 6.3751 24
      vertex 29.3629 6.4687 24
    endloop
  endfacet
  facet normal -0.904008 0.427516 0
    outer loop
      vertex 35.7325 -3.06408 24
      vertex 36.0052 -2.48744 30
      vertex 36.0052 -2.48744 24
    endloop
  endfacet
  facet normal -0.904008 0.427516 0
    outer loop
      vertex 36.0052 -2.48744 30
      vertex 35.7325 -3.06408 24
      vertex 35.7325 -3.06408 30
    endloop
  endfacet
  facet normal -0.242963 0.970035 0
    outer loop
      vertex 31.8869 -6.22011 24
      vertex 31.2681 -6.3751 30
      vertex 31.8869 -6.22011 30
    endloop
  endfacet
  facet normal -0.242963 0.970035 0
    outer loop
      vertex 31.2681 -6.3751 30
      vertex 31.8869 -6.22011 24
      vertex 31.2681 -6.3751 24
    endloop
  endfacet
  facet normal -0.740925 0.671587 0
    outer loop
      vertex 34.5962 -4.59619 24
      vertex 35.0246 -4.12356 30
      vertex 35.0246 -4.12356 24
    endloop
  endfacet
  facet normal -0.740925 0.671587 0
    outer loop
      vertex 35.0246 -4.12356 30
      vertex 34.5962 -4.59619 24
      vertex 34.5962 -4.59619 30
    endloop
  endfacet
  facet normal -0.970028 0.242993 0
    outer loop
      vertex 36.2201 -1.88685 24
      vertex 36.3751 -1.26809 30
      vertex 36.3751 -1.26809 24
    endloop
  endfacet
  facet normal -0.970028 0.242993 0
    outer loop
      vertex 36.3751 -1.26809 30
      vertex 36.2201 -1.88685 24
      vertex 36.2201 -1.88685 30
    endloop
  endfacet
  facet normal 0.336928 0.94153 -0
    outer loop
      vertex 28.1131 -6.22011 24
      vertex 27.5126 -6.00522 30
      vertex 28.1131 -6.22011 30
    endloop
  endfacet
  facet normal 0.336928 0.94153 0
    outer loop
      vertex 27.5126 -6.00522 30
      vertex 28.1131 -6.22011 24
      vertex 27.5126 -6.00522 24
    endloop
  endfacet
  facet normal 0.803196 0.595715 0
    outer loop
      vertex 24.9754 -4.12356 30
      vertex 24.5954 -3.61121 24
      vertex 24.5954 -3.61121 30
    endloop
  endfacet
  facet normal 0.803196 0.595715 0
    outer loop
      vertex 24.5954 -3.61121 24
      vertex 24.9754 -4.12356 30
      vertex 24.9754 -4.12356 24
    endloop
  endfacet
  facet normal 0.941541 0.336897 0
    outer loop
      vertex 23.9948 -2.48744 30
      vertex 23.7799 -1.88685 24
      vertex 23.7799 -1.88685 30
    endloop
  endfacet
  facet normal 0.941541 0.336897 0
    outer loop
      vertex 23.7799 -1.88685 24
      vertex 23.9948 -2.48744 30
      vertex 23.9948 -2.48744 24
    endloop
  endfacet
  facet normal -0.970028 -0.242993 0
    outer loop
      vertex 36.3751 1.26809 24
      vertex 36.2201 1.88685 30
      vertex 36.2201 1.88685 24
    endloop
  endfacet
  facet normal -0.970028 -0.242993 0
    outer loop
      vertex 36.2201 1.88685 30
      vertex 36.3751 1.26809 24
      vertex 36.3751 1.26809 30
    endloop
  endfacet
  facet normal -0.989176 -0.146735 0
    outer loop
      vertex 36.4687 0.637111 24
      vertex 36.3751 1.26809 30
      vertex 36.3751 1.26809 24
    endloop
  endfacet
  facet normal -0.989176 -0.146735 0
    outer loop
      vertex 36.3751 1.26809 30
      vertex 36.4687 0.637111 24
      vertex 36.4687 0.637111 30
    endloop
  endfacet
  facet normal -0.941541 -0.336897 0
    outer loop
      vertex 36.2201 1.88685 24
      vertex 36.0052 2.48744 30
      vertex 36.0052 2.48744 24
    endloop
  endfacet
  facet normal -0.941541 -0.336897 0
    outer loop
      vertex 36.0052 2.48744 30
      vertex 36.2201 1.88685 24
      vertex 36.2201 1.88685 30
    endloop
  endfacet
  facet normal -0.803196 -0.595715 0
    outer loop
      vertex 35.4046 3.61121 24
      vertex 35.0246 4.12356 30
      vertex 35.0246 4.12356 24
    endloop
  endfacet
  facet normal -0.803196 -0.595715 0
    outer loop
      vertex 35.0246 4.12356 30
      vertex 35.4046 3.61121 24
      vertex 35.4046 3.61121 30
    endloop
  endfacet
  facet normal -0.857754 -0.51406 0
    outer loop
      vertex 35.7325 3.06408 24
      vertex 35.4046 3.61121 30
      vertex 35.4046 3.61121 24
    endloop
  endfacet
  facet normal -0.857754 -0.51406 0
    outer loop
      vertex 35.4046 3.61121 30
      vertex 35.7325 3.06408 24
      vertex 35.7325 3.06408 30
    endloop
  endfacet
  facet normal -0.14673 -0.989177 0
    outer loop
      vertex 30.6371 6.4687 24
      vertex 31.2681 6.3751 30
      vertex 30.6371 6.4687 30
    endloop
  endfacet
  facet normal -0.14673 -0.989177 -0
    outer loop
      vertex 31.2681 6.3751 30
      vertex 30.6371 6.4687 24
      vertex 31.2681 6.3751 24
    endloop
  endfacet
  facet normal -0.514127 -0.857714 0
    outer loop
      vertex 33.0641 5.73249 24
      vertex 33.6112 5.40455 30
      vertex 33.0641 5.73249 30
    endloop
  endfacet
  facet normal -0.514127 -0.857714 -0
    outer loop
      vertex 33.6112 5.40455 30
      vertex 33.0641 5.73249 24
      vertex 33.6112 5.40455 24
    endloop
  endfacet
  facet normal -0.595657 -0.803239 0
    outer loop
      vertex 33.6112 5.40455 24
      vertex 34.1236 5.02457 30
      vertex 33.6112 5.40455 30
    endloop
  endfacet
  facet normal -0.595657 -0.803239 -0
    outer loop
      vertex 34.1236 5.02457 30
      vertex 33.6112 5.40455 24
      vertex 34.1236 5.02457 24
    endloop
  endfacet
  facet normal 0.970028 -0.242993 0
    outer loop
      vertex 23.6249 1.26809 30
      vertex 23.7799 1.88685 24
      vertex 23.7799 1.88685 30
    endloop
  endfacet
  facet normal 0.970028 -0.242993 0
    outer loop
      vertex 23.7799 1.88685 24
      vertex 23.6249 1.26809 30
      vertex 23.6249 1.26809 24
    endloop
  endfacet
  facet normal 0.904008 -0.427516 0
    outer loop
      vertex 23.9948 2.48744 30
      vertex 24.2675 3.06408 24
      vertex 24.2675 3.06408 30
    endloop
  endfacet
  facet normal 0.904008 -0.427516 0
    outer loop
      vertex 24.2675 3.06408 24
      vertex 23.9948 2.48744 30
      vertex 23.9948 2.48744 24
    endloop
  endfacet
  facet normal 0.989176 -0.146735 0
    outer loop
      vertex 23.5313 0.637111 30
      vertex 23.6249 1.26809 24
      vertex 23.6249 1.26809 30
    endloop
  endfacet
  facet normal 0.989176 -0.146735 0
    outer loop
      vertex 23.6249 1.26809 24
      vertex 23.5313 0.637111 30
      vertex 23.5313 0.637111 24
    endloop
  endfacet
  facet normal 0.514127 -0.857714 0
    outer loop
      vertex 26.3888 5.40455 24
      vertex 26.9359 5.73249 30
      vertex 26.3888 5.40455 30
    endloop
  endfacet
  facet normal 0.514127 -0.857714 0
    outer loop
      vertex 26.9359 5.73249 30
      vertex 26.3888 5.40455 24
      vertex 26.9359 5.73249 24
    endloop
  endfacet
  facet normal 0.0490697 -0.998795 0
    outer loop
      vertex 29.3629 6.4687 24
      vertex 30 6.5 30
      vertex 29.3629 6.4687 30
    endloop
  endfacet
  facet normal 0.0490697 -0.998795 0
    outer loop
      vertex 30 6.5 30
      vertex 29.3629 6.4687 24
      vertex 30 6.5 24
    endloop
  endfacet
  facet normal -0.998795 0.0490688 0
    outer loop
      vertex 36.4687 -0.637111 24
      vertex 36.5 0 30
      vertex 36.5 0 24
    endloop
  endfacet
  facet normal -0.998795 0.0490688 0
    outer loop
      vertex 36.5 0 30
      vertex 36.4687 -0.637111 24
      vertex 36.4687 -0.637111 30
    endloop
  endfacet
  facet normal -0.0490697 0.998795 0
    outer loop
      vertex 30.6371 -6.4687 24
      vertex 30 -6.5 30
      vertex 30.6371 -6.4687 30
    endloop
  endfacet
  facet normal -0.0490697 0.998795 0
    outer loop
      vertex 30 -6.5 30
      vertex 30.6371 -6.4687 24
      vertex 30 -6.5 24
    endloop
  endfacet
  facet normal -0.427518 0.904007 0
    outer loop
      vertex 33.0641 -5.73249 24
      vertex 32.4874 -6.00522 30
      vertex 33.0641 -5.73249 30
    endloop
  endfacet
  facet normal -0.427518 0.904007 0
    outer loop
      vertex 32.4874 -6.00522 30
      vertex 33.0641 -5.73249 24
      vertex 32.4874 -6.00522 24
    endloop
  endfacet
  facet normal -0.595657 0.803239 0
    outer loop
      vertex 34.1236 -5.02457 24
      vertex 33.6112 -5.40455 30
      vertex 34.1236 -5.02457 30
    endloop
  endfacet
  facet normal -0.595657 0.803239 0
    outer loop
      vertex 33.6112 -5.40455 30
      vertex 34.1236 -5.02457 24
      vertex 33.6112 -5.40455 24
    endloop
  endfacet
  facet normal -0.514127 0.857714 0
    outer loop
      vertex 33.6112 -5.40455 24
      vertex 33.0641 -5.73249 30
      vertex 33.6112 -5.40455 30
    endloop
  endfacet
  facet normal -0.514127 0.857714 0
    outer loop
      vertex 33.0641 -5.73249 30
      vertex 33.6112 -5.40455 24
      vertex 33.0641 -5.73249 24
    endloop
  endfacet
  facet normal -0.803196 0.595715 0
    outer loop
      vertex 35.0246 -4.12356 24
      vertex 35.4046 -3.61121 30
      vertex 35.4046 -3.61121 24
    endloop
  endfacet
  facet normal -0.803196 0.595715 0
    outer loop
      vertex 35.4046 -3.61121 30
      vertex 35.0246 -4.12356 24
      vertex 35.0246 -4.12356 30
    endloop
  endfacet
  facet normal -0.857754 0.51406 0
    outer loop
      vertex 35.4046 -3.61121 24
      vertex 35.7325 -3.06408 30
      vertex 35.7325 -3.06408 24
    endloop
  endfacet
  facet normal -0.857754 0.51406 0
    outer loop
      vertex 35.7325 -3.06408 30
      vertex 35.4046 -3.61121 24
      vertex 35.4046 -3.61121 30
    endloop
  endfacet
  facet normal 0.671594 0.74092 -0
    outer loop
      vertex 25.8764 -5.02457 24
      vertex 25.4038 -4.59619 30
      vertex 25.8764 -5.02457 30
    endloop
  endfacet
  facet normal 0.671594 0.74092 0
    outer loop
      vertex 25.4038 -4.59619 30
      vertex 25.8764 -5.02457 24
      vertex 25.4038 -4.59619 24
    endloop
  endfacet
  facet normal 0.595657 0.803239 -0
    outer loop
      vertex 26.3888 -5.40455 24
      vertex 25.8764 -5.02457 30
      vertex 26.3888 -5.40455 30
    endloop
  endfacet
  facet normal 0.595657 0.803239 0
    outer loop
      vertex 25.8764 -5.02457 30
      vertex 26.3888 -5.40455 24
      vertex 25.8764 -5.02457 24
    endloop
  endfacet
  facet normal 0.514127 0.857714 -0
    outer loop
      vertex 26.9359 -5.73249 24
      vertex 26.3888 -5.40455 30
      vertex 26.9359 -5.73249 30
    endloop
  endfacet
  facet normal 0.514127 0.857714 0
    outer loop
      vertex 26.3888 -5.40455 30
      vertex 26.9359 -5.73249 24
      vertex 26.3888 -5.40455 24
    endloop
  endfacet
  facet normal 0.14673 0.989177 -0
    outer loop
      vertex 29.3629 -6.4687 24
      vertex 28.7319 -6.3751 30
      vertex 29.3629 -6.4687 30
    endloop
  endfacet
  facet normal 0.14673 0.989177 0
    outer loop
      vertex 28.7319 -6.3751 30
      vertex 29.3629 -6.4687 24
      vertex 28.7319 -6.3751 24
    endloop
  endfacet
  facet normal 0.904008 0.427516 0
    outer loop
      vertex 24.2675 -3.06408 30
      vertex 23.9948 -2.48744 24
      vertex 23.9948 -2.48744 30
    endloop
  endfacet
  facet normal 0.904008 0.427516 0
    outer loop
      vertex 23.9948 -2.48744 24
      vertex 24.2675 -3.06408 30
      vertex 24.2675 -3.06408 24
    endloop
  endfacet
  facet normal 0.857754 0.51406 0
    outer loop
      vertex 24.5954 -3.61121 30
      vertex 24.2675 -3.06408 24
      vertex 24.2675 -3.06408 30
    endloop
  endfacet
  facet normal 0.857754 0.51406 0
    outer loop
      vertex 24.2675 -3.06408 24
      vertex 24.5954 -3.61121 30
      vertex 24.5954 -3.61121 24
    endloop
  endfacet
  facet normal 0.998795 0.0490688 0
    outer loop
      vertex 23.5313 -0.637111 30
      vertex 23.5 0 24
      vertex 23.5 0 30
    endloop
  endfacet
  facet normal 0.998795 0.0490688 0
    outer loop
      vertex 23.5 0 24
      vertex 23.5313 -0.637111 30
      vertex 23.5313 -0.637111 24
    endloop
  endfacet
  facet normal 0.970028 0.242993 0
    outer loop
      vertex 23.7799 -1.88685 30
      vertex 23.6249 -1.26809 24
      vertex 23.6249 -1.26809 30
    endloop
  endfacet
  facet normal 0.970028 0.242993 0
    outer loop
      vertex 23.6249 -1.26809 24
      vertex 23.7799 -1.88685 30
      vertex 23.7799 -1.88685 24
    endloop
  endfacet
  facet normal 0.989176 0.146735 0
    outer loop
      vertex 23.6249 -1.26809 30
      vertex 23.5313 -0.637111 24
      vertex 23.5313 -0.637111 30
    endloop
  endfacet
  facet normal 0.989176 0.146735 0
    outer loop
      vertex 23.5313 -0.637111 24
      vertex 23.6249 -1.26809 30
      vertex 23.6249 -1.26809 24
    endloop
  endfacet
  facet normal -0.740925 -0.671587 0
    outer loop
      vertex 35.0246 4.12356 24
      vertex 34.5962 4.59619 30
      vertex 34.5962 4.59619 24
    endloop
  endfacet
  facet normal -0.740925 -0.671587 0
    outer loop
      vertex 34.5962 4.59619 30
      vertex 35.0246 4.12356 24
      vertex 35.0246 4.12356 30
    endloop
  endfacet
  facet normal -0.427518 -0.904007 0
    outer loop
      vertex 32.4874 6.00522 24
      vertex 33.0641 5.73249 30
      vertex 32.4874 6.00522 30
    endloop
  endfacet
  facet normal -0.427518 -0.904007 -0
    outer loop
      vertex 33.0641 5.73249 30
      vertex 32.4874 6.00522 24
      vertex 33.0641 5.73249 24
    endloop
  endfacet
  facet normal 0.740925 -0.671587 0
    outer loop
      vertex 24.9754 4.12356 30
      vertex 25.4038 4.59619 24
      vertex 25.4038 4.59619 30
    endloop
  endfacet
  facet normal 0.740925 -0.671587 0
    outer loop
      vertex 25.4038 4.59619 24
      vertex 24.9754 4.12356 30
      vertex 24.9754 4.12356 24
    endloop
  endfacet
  facet normal 0.941541 -0.336897 0
    outer loop
      vertex 23.7799 1.88685 30
      vertex 23.9948 2.48744 24
      vertex 23.9948 2.48744 30
    endloop
  endfacet
  facet normal 0.941541 -0.336897 0
    outer loop
      vertex 23.9948 2.48744 24
      vertex 23.7799 1.88685 30
      vertex 23.7799 1.88685 24
    endloop
  endfacet
  facet normal 0.595657 -0.803239 0
    outer loop
      vertex 25.8764 5.02457 24
      vertex 26.3888 5.40455 30
      vertex 25.8764 5.02457 30
    endloop
  endfacet
  facet normal 0.595657 -0.803239 0
    outer loop
      vertex 26.3888 5.40455 30
      vertex 25.8764 5.02457 24
      vertex 26.3888 5.40455 24
    endloop
  endfacet
  facet normal 0.427518 -0.904007 0
    outer loop
      vertex 26.9359 5.73249 24
      vertex 27.5126 6.00522 30
      vertex 26.9359 5.73249 30
    endloop
  endfacet
  facet normal 0.427518 -0.904007 0
    outer loop
      vertex 27.5126 6.00522 30
      vertex 26.9359 5.73249 24
      vertex 27.5126 6.00522 24
    endloop
  endfacet
  facet normal 0.242963 -0.970035 0
    outer loop
      vertex 28.1131 6.22011 24
      vertex 28.7319 6.3751 30
      vertex 28.1131 6.22011 30
    endloop
  endfacet
  facet normal 0.242963 -0.970035 0
    outer loop
      vertex 28.7319 6.3751 30
      vertex 28.1131 6.22011 24
      vertex 28.7319 6.3751 24
    endloop
  endfacet
  facet normal -0.14673 0.989177 0
    outer loop
      vertex 31.2681 -6.3751 24
      vertex 30.6371 -6.4687 30
      vertex 31.2681 -6.3751 30
    endloop
  endfacet
  facet normal -0.14673 0.989177 0
    outer loop
      vertex 30.6371 -6.4687 30
      vertex 31.2681 -6.3751 24
      vertex 30.6371 -6.4687 24
    endloop
  endfacet
  facet normal -0.336928 0.94153 0
    outer loop
      vertex 32.4874 -6.00522 24
      vertex 31.8869 -6.22011 30
      vertex 32.4874 -6.00522 30
    endloop
  endfacet
  facet normal -0.336928 0.94153 0
    outer loop
      vertex 31.8869 -6.22011 30
      vertex 32.4874 -6.00522 24
      vertex 31.8869 -6.22011 24
    endloop
  endfacet
  facet normal -0.671594 0.74092 0
    outer loop
      vertex 34.5962 -4.59619 24
      vertex 34.1236 -5.02457 30
      vertex 34.5962 -4.59619 30
    endloop
  endfacet
  facet normal -0.671594 0.74092 0
    outer loop
      vertex 34.1236 -5.02457 30
      vertex 34.5962 -4.59619 24
      vertex 34.1236 -5.02457 24
    endloop
  endfacet
  facet normal -0.941541 0.336897 0
    outer loop
      vertex 36.0052 -2.48744 24
      vertex 36.2201 -1.88685 30
      vertex 36.2201 -1.88685 24
    endloop
  endfacet
  facet normal -0.941541 0.336897 0
    outer loop
      vertex 36.2201 -1.88685 30
      vertex 36.0052 -2.48744 24
      vertex 36.0052 -2.48744 30
    endloop
  endfacet
  facet normal -0.989176 0.146735 0
    outer loop
      vertex 36.3751 -1.26809 24
      vertex 36.4687 -0.637111 30
      vertex 36.4687 -0.637111 24
    endloop
  endfacet
  facet normal -0.989176 0.146735 0
    outer loop
      vertex 36.4687 -0.637111 30
      vertex 36.3751 -1.26809 24
      vertex 36.3751 -1.26809 30
    endloop
  endfacet
  facet normal 0.427518 0.904007 -0
    outer loop
      vertex 27.5126 -6.00522 24
      vertex 26.9359 -5.73249 30
      vertex 27.5126 -6.00522 30
    endloop
  endfacet
  facet normal 0.427518 0.904007 0
    outer loop
      vertex 26.9359 -5.73249 30
      vertex 27.5126 -6.00522 24
      vertex 26.9359 -5.73249 24
    endloop
  endfacet
  facet normal 0.242963 0.970035 -0
    outer loop
      vertex 28.7319 -6.3751 24
      vertex 28.1131 -6.22011 30
      vertex 28.7319 -6.3751 30
    endloop
  endfacet
  facet normal 0.242963 0.970035 0
    outer loop
      vertex 28.1131 -6.22011 30
      vertex 28.7319 -6.3751 24
      vertex 28.1131 -6.22011 24
    endloop
  endfacet
  facet normal 0.0490697 0.998795 -0
    outer loop
      vertex 30 -6.5 24
      vertex 29.3629 -6.4687 30
      vertex 30 -6.5 30
    endloop
  endfacet
  facet normal 0.0490697 0.998795 0
    outer loop
      vertex 29.3629 -6.4687 30
      vertex 30 -6.5 24
      vertex 29.3629 -6.4687 24
    endloop
  endfacet
  facet normal 0.740925 0.671587 0
    outer loop
      vertex 25.4038 -4.59619 30
      vertex 24.9754 -4.12356 24
      vertex 24.9754 -4.12356 30
    endloop
  endfacet
  facet normal 0.740925 0.671587 0
    outer loop
      vertex 24.9754 -4.12356 24
      vertex 25.4038 -4.59619 30
      vertex 25.4038 -4.59619 24
    endloop
  endfacet
endsolid OpenSCAD_Model
