solid OpenSCAD_Model
  facet normal 0.989176 0.146733 0
    outer loop
      vertex 10.1537 16.4393 14
      vertex 10.0385 17.2159 0
      vertex 10.0385 17.2159 14
    endloop
  endfacet
  facet normal 0.989176 0.146733 0
    outer loop
      vertex 10.0385 17.2159 0
      vertex 10.1537 16.4393 14
      vertex 10.1537 16.4393 0
    endloop
  endfacet
  facet normal 1 -0 0
    outer loop
      vertex 10 18 14
      vertex 10 24 0
      vertex 10 24 14
    endloop
  endfacet
  facet normal 1 0 0
    outer loop
      vertex 10 24 0
      vertex 10 18 14
      vertex 10 18 0
    endloop
  endfacet
  facet normal 0.998797 0.0490418 0
    outer loop
      vertex 10.0385 17.2159 14
      vertex 10 18 0
      vertex 10 18 14
    endloop
  endfacet
  facet normal 0.998797 0.0490418 0
    outer loop
      vertex 10 18 0
      vertex 10.0385 17.2159 14
      vertex 10.0385 17.2159 0
    endloop
  endfacet
  facet normal 0.146733 -0.989176 0
    outer loop
      vertex 16.4393 31.8463 0
      vertex 17.2159 31.9615 14
      vertex 16.4393 31.8463 14
    endloop
  endfacet
  facet normal 0.146733 -0.989176 0
    outer loop
      vertex 17.2159 31.9615 14
      vertex 16.4393 31.8463 0
      vertex 17.2159 31.9615 0
    endloop
  endfacet
  facet normal -0.94154 -0.336901 0
    outer loop
      vertex 39.6555 26.3223 0
      vertex 39.391 27.0615 14
      vertex 39.391 27.0615 0
    endloop
  endfacet
  facet normal -0.94154 -0.336901 0
    outer loop
      vertex 39.391 27.0615 14
      vertex 39.6555 26.3223 0
      vertex 39.6555 26.3223 14
    endloop
  endfacet
  facet normal 0.90402 -0.427489 0
    outer loop
      vertex 10.609 27.0615 14
      vertex 10.9446 27.7712 0
      vertex 10.9446 27.7712 14
    endloop
  endfacet
  facet normal 0.90402 -0.427489 0
    outer loop
      vertex 10.9446 27.7712 0
      vertex 10.609 27.0615 14
      vertex 10.609 27.0615 0
    endloop
  endfacet
  facet normal 0.336901 -0.94154 0
    outer loop
      vertex 14.9385 31.391 0
      vertex 15.6777 31.6555 14
      vertex 14.9385 31.391 14
    endloop
  endfacet
  facet normal 0.336901 -0.94154 0
    outer loop
      vertex 15.6777 31.6555 14
      vertex 14.9385 31.391 0
      vertex 15.6777 31.6555 0
    endloop
  endfacet
  facet normal -0.0490418 0.998797 0
    outer loop
      vertex 32.7841 10.0385 0
      vertex 32 10 14
      vertex 32.7841 10.0385 14
    endloop
  endfacet
  facet normal -0.0490418 0.998797 0
    outer loop
      vertex 32 10 14
      vertex 32.7841 10.0385 0
      vertex 32 10 0
    endloop
  endfacet
  facet normal 0.514084 0.85774 -0
    outer loop
      vertex 14.2288 10.9446 0
      vertex 13.5554 11.3482 14
      vertex 14.2288 10.9446 14
    endloop
  endfacet
  facet normal 0.514084 0.85774 0
    outer loop
      vertex 13.5554 11.3482 14
      vertex 14.2288 10.9446 0
      vertex 13.5554 11.3482 0
    endloop
  endfacet
  facet normal 0.970023 -0.243015 0
    outer loop
      vertex 10.1537 25.5607 14
      vertex 10.3445 26.3223 0
      vertex 10.3445 26.3223 14
    endloop
  endfacet
  facet normal 0.970023 -0.243015 0
    outer loop
      vertex 10.3445 26.3223 0
      vertex 10.1537 25.5607 14
      vertex 10.1537 25.5607 0
    endloop
  endfacet
  facet normal -0.90402 -0.427489 0
    outer loop
      vertex 39.391 27.0615 0
      vertex 39.0554 27.7712 14
      vertex 39.0554 27.7712 0
    endloop
  endfacet
  facet normal -0.90402 -0.427489 0
    outer loop
      vertex 39.0554 27.7712 14
      vertex 39.391 27.0615 0
      vertex 39.391 27.0615 14
    endloop
  endfacet
  facet normal -0.427489 -0.90402 0
    outer loop
      vertex 35.0615 31.391 0
      vertex 35.7712 31.0554 14
      vertex 35.0615 31.391 14
    endloop
  endfacet
  facet normal -0.427489 -0.90402 -0
    outer loop
      vertex 35.7712 31.0554 14
      vertex 35.0615 31.391 0
      vertex 35.7712 31.0554 0
    endloop
  endfacet
  facet normal -0.0490418 -0.998797 0
    outer loop
      vertex 32 32 0
      vertex 32.7841 31.9615 14
      vertex 32 32 14
    endloop
  endfacet
  facet normal -0.0490418 -0.998797 -0
    outer loop
      vertex 32.7841 31.9615 14
      vertex 32 32 0
      vertex 32.7841 31.9615 0
    endloop
  endfacet
  facet normal 0 -1 0
    outer loop
      vertex 18 32 0
      vertex 32 32 14
      vertex 18 32 14
    endloop
  endfacet
  facet normal 0 -1 -0
    outer loop
      vertex 32 32 14
      vertex 18 32 0
      vertex 32 32 0
    endloop
  endfacet
  facet normal -0.243015 -0.970023 0
    outer loop
      vertex 33.5607 31.8463 0
      vertex 34.3223 31.6555 14
      vertex 33.5607 31.8463 14
    endloop
  endfacet
  facet normal -0.243015 -0.970023 -0
    outer loop
      vertex 34.3223 31.6555 14
      vertex 33.5607 31.8463 0
      vertex 34.3223 31.6555 0
    endloop
  endfacet
  facet normal 0.427489 -0.90402 0
    outer loop
      vertex 14.2288 31.0554 0
      vertex 14.9385 31.391 14
      vertex 14.2288 31.0554 14
    endloop
  endfacet
  facet normal 0.427489 -0.90402 0
    outer loop
      vertex 14.9385 31.391 14
      vertex 14.2288 31.0554 0
      vertex 14.9385 31.391 0
    endloop
  endfacet
  facet normal 0.94154 -0.336901 0
    outer loop
      vertex 10.3445 26.3223 14
      vertex 10.609 27.0615 0
      vertex 10.609 27.0615 14
    endloop
  endfacet
  facet normal 0.94154 -0.336901 0
    outer loop
      vertex 10.609 27.0615 0
      vertex 10.3445 26.3223 14
      vertex 10.3445 26.3223 0
    endloop
  endfacet
  facet normal 0.998797 -0.0490418 0
    outer loop
      vertex 10 24 14
      vertex 10.0385 24.7841 0
      vertex 10.0385 24.7841 14
    endloop
  endfacet
  facet normal 0.998797 -0.0490418 0
    outer loop
      vertex 10.0385 24.7841 0
      vertex 10 24 14
      vertex 10 24 0
    endloop
  endfacet
  facet normal -0.51414 0.857706 0
    outer loop
      vertex 36.4445 11.3482 0
      vertex 35.7712 10.9446 14
      vertex 36.4445 11.3482 14
    endloop
  endfacet
  facet normal -0.51414 0.857706 0
    outer loop
      vertex 35.7712 10.9446 14
      vertex 36.4445 11.3482 0
      vertex 35.7712 10.9446 0
    endloop
  endfacet
  facet normal -0.90402 0.427489 0
    outer loop
      vertex 39.0554 14.2288 0
      vertex 39.391 14.9385 14
      vertex 39.391 14.9385 0
    endloop
  endfacet
  facet normal -0.90402 0.427489 0
    outer loop
      vertex 39.391 14.9385 14
      vertex 39.0554 14.2288 0
      vertex 39.0554 14.2288 14
    endloop
  endfacet
  facet normal -0.94154 0.336901 0
    outer loop
      vertex 39.391 14.9385 0
      vertex 39.6555 15.6777 14
      vertex 39.6555 15.6777 0
    endloop
  endfacet
  facet normal -0.94154 0.336901 0
    outer loop
      vertex 39.6555 15.6777 14
      vertex 39.391 14.9385 0
      vertex 39.391 14.9385 14
    endloop
  endfacet
  facet normal -0.970023 0.243015 0
    outer loop
      vertex 39.6555 15.6777 0
      vertex 39.8463 16.4393 14
      vertex 39.8463 16.4393 0
    endloop
  endfacet
  facet normal -0.970023 0.243015 0
    outer loop
      vertex 39.8463 16.4393 14
      vertex 39.6555 15.6777 0
      vertex 39.6555 15.6777 14
    endloop
  endfacet
  facet normal 0.0490418 0.998797 -0
    outer loop
      vertex 18 10 0
      vertex 17.2159 10.0385 14
      vertex 18 10 14
    endloop
  endfacet
  facet normal 0.0490418 0.998797 0
    outer loop
      vertex 17.2159 10.0385 14
      vertex 18 10 0
      vertex 17.2159 10.0385 0
    endloop
  endfacet
  facet normal 0 1 -0
    outer loop
      vertex 32 10 0
      vertex 18 10 14
      vertex 32 10 14
    endloop
  endfacet
  facet normal 0 1 0
    outer loop
      vertex 18 10 14
      vertex 32 10 0
      vertex 18 10 0
    endloop
  endfacet
  facet normal -0.671613 -0.740902 0
    outer loop
      vertex 37.0751 30.1841 0
      vertex 37.6568 29.6568 14
      vertex 37.0751 30.1841 14
    endloop
  endfacet
  facet normal -0.671613 -0.740902 -0
    outer loop
      vertex 37.6568 29.6568 14
      vertex 37.0751 30.1841 0
      vertex 37.6568 29.6568 0
    endloop
  endfacet
  facet normal -0.59563 -0.803259 0
    outer loop
      vertex 36.4445 30.6517 0
      vertex 37.0751 30.1841 14
      vertex 36.4445 30.6517 14
    endloop
  endfacet
  facet normal -0.59563 -0.803259 -0
    outer loop
      vertex 37.0751 30.1841 14
      vertex 36.4445 30.6517 0
      vertex 37.0751 30.1841 0
    endloop
  endfacet
  facet normal -0.146733 -0.989176 0
    outer loop
      vertex 32.7841 31.9615 0
      vertex 33.5607 31.8463 14
      vertex 32.7841 31.9615 14
    endloop
  endfacet
  facet normal -0.146733 -0.989176 -0
    outer loop
      vertex 33.5607 31.8463 14
      vertex 32.7841 31.9615 0
      vertex 33.5607 31.8463 0
    endloop
  endfacet
  facet normal 0.67155 -0.740959 0
    outer loop
      vertex 12.3431 29.6568 0
      vertex 12.9249 30.1841 14
      vertex 12.3431 29.6568 14
    endloop
  endfacet
  facet normal 0.67155 -0.740959 0
    outer loop
      vertex 12.9249 30.1841 14
      vertex 12.3431 29.6568 0
      vertex 12.9249 30.1841 0
    endloop
  endfacet
  facet normal 0.857706 -0.51414 0
    outer loop
      vertex 10.9446 27.7712 14
      vertex 11.3482 28.4445 0
      vertex 11.3482 28.4445 14
    endloop
  endfacet
  facet normal 0.857706 -0.51414 0
    outer loop
      vertex 11.3482 28.4445 0
      vertex 10.9446 27.7712 14
      vertex 10.9446 27.7712 0
    endloop
  endfacet
  facet normal 0.740965 -0.671543 0
    outer loop
      vertex 11.8159 29.0751 14
      vertex 12.3431 29.6568 0
      vertex 12.3431 29.6568 14
    endloop
  endfacet
  facet normal 0.740965 -0.671543 0
    outer loop
      vertex 12.3431 29.6568 0
      vertex 11.8159 29.0751 14
      vertex 11.8159 29.0751 0
    endloop
  endfacet
  facet normal 0.989176 -0.146733 0
    outer loop
      vertex 10.0385 24.7841 14
      vertex 10.1537 25.5607 0
      vertex 10.1537 25.5607 14
    endloop
  endfacet
  facet normal 0.989176 -0.146733 0
    outer loop
      vertex 10.1537 25.5607 0
      vertex 10.0385 24.7841 14
      vertex 10.0385 24.7841 0
    endloop
  endfacet
  facet normal -0.336901 0.94154 0
    outer loop
      vertex 35.0615 10.609 0
      vertex 34.3223 10.3445 14
      vertex 35.0615 10.609 14
    endloop
  endfacet
  facet normal -0.336901 0.94154 0
    outer loop
      vertex 34.3223 10.3445 14
      vertex 35.0615 10.609 0
      vertex 34.3223 10.3445 0
    endloop
  endfacet
  facet normal -0.427489 0.90402 0
    outer loop
      vertex 35.7712 10.9446 0
      vertex 35.0615 10.609 14
      vertex 35.7712 10.9446 14
    endloop
  endfacet
  facet normal -0.427489 0.90402 0
    outer loop
      vertex 35.0615 10.609 14
      vertex 35.7712 10.9446 0
      vertex 35.0615 10.609 0
    endloop
  endfacet
  facet normal -0.671543 0.740965 0
    outer loop
      vertex 37.6568 12.3431 0
      vertex 37.0751 11.8159 14
      vertex 37.6568 12.3431 14
    endloop
  endfacet
  facet normal -0.671543 0.740965 0
    outer loop
      vertex 37.0751 11.8159 14
      vertex 37.6568 12.3431 0
      vertex 37.0751 11.8159 0
    endloop
  endfacet
  facet normal -0.146733 0.989176 0
    outer loop
      vertex 33.5607 10.1537 0
      vertex 32.7841 10.0385 14
      vertex 33.5607 10.1537 14
    endloop
  endfacet
  facet normal -0.146733 0.989176 0
    outer loop
      vertex 32.7841 10.0385 14
      vertex 33.5607 10.1537 0
      vertex 32.7841 10.0385 0
    endloop
  endfacet
  facet normal 0.243015 0.970023 -0
    outer loop
      vertex 16.4393 10.1537 0
      vertex 15.6777 10.3445 14
      vertex 16.4393 10.1537 14
    endloop
  endfacet
  facet normal 0.243015 0.970023 0
    outer loop
      vertex 15.6777 10.3445 14
      vertex 16.4393 10.1537 0
      vertex 15.6777 10.3445 0
    endloop
  endfacet
  facet normal 0.146733 0.989176 -0
    outer loop
      vertex 17.2159 10.0385 0
      vertex 16.4393 10.1537 14
      vertex 17.2159 10.0385 14
    endloop
  endfacet
  facet normal 0.146733 0.989176 0
    outer loop
      vertex 16.4393 10.1537 14
      vertex 17.2159 10.0385 0
      vertex 16.4393 10.1537 0
    endloop
  endfacet
  facet normal 0.427489 0.90402 -0
    outer loop
      vertex 14.9385 10.609 0
      vertex 14.2288 10.9446 14
      vertex 14.9385 10.609 14
    endloop
  endfacet
  facet normal 0.427489 0.90402 0
    outer loop
      vertex 14.2288 10.9446 14
      vertex 14.9385 10.609 0
      vertex 14.2288 10.9446 0
    endloop
  endfacet
  facet normal 0.741023 0.67148 0
    outer loop
      vertex 12.3431 12.3431 14
      vertex 11.8159 12.9249 0
      vertex 11.8159 12.9249 14
    endloop
  endfacet
  facet normal 0.741023 0.67148 0
    outer loop
      vertex 11.8159 12.9249 0
      vertex 12.3431 12.3431 14
      vertex 12.3431 12.3431 0
    endloop
  endfacet
  facet normal 0.90402 0.427489 0
    outer loop
      vertex 10.9446 14.2288 14
      vertex 10.609 14.9385 0
      vertex 10.609 14.9385 14
    endloop
  endfacet
  facet normal 0.90402 0.427489 0
    outer loop
      vertex 10.609 14.9385 0
      vertex 10.9446 14.2288 14
      vertex 10.9446 14.2288 0
    endloop
  endfacet
  facet normal 0.970023 0.243015 0
    outer loop
      vertex 10.3445 15.6777 14
      vertex 10.1537 16.4393 0
      vertex 10.1537 16.4393 14
    endloop
  endfacet
  facet normal 0.970023 0.243015 0
    outer loop
      vertex 10.1537 16.4393 0
      vertex 10.3445 15.6777 14
      vertex 10.3445 15.6777 0
    endloop
  endfacet
  facet normal -0.989186 -0.146667 0
    outer loop
      vertex 39.8553 25.5 0
      vertex 39.8463 25.5607 14
      vertex 39.8463 25.5607 0
    endloop
  endfacet
  facet normal -0.989186 -0.146667 0
    outer loop
      vertex 39.8463 25.5607 14
      vertex 39.8553 25.5 0
      vertex 39.8553 25.5 14
    endloop
  endfacet
  facet normal -0.970023 -0.243015 0
    outer loop
      vertex 39.8463 25.5607 0
      vertex 39.6555 26.3223 14
      vertex 39.6555 26.3223 0
    endloop
  endfacet
  facet normal -0.970023 -0.243015 0
    outer loop
      vertex 39.6555 26.3223 14
      vertex 39.8463 25.5607 0
      vertex 39.8463 25.5607 14
    endloop
  endfacet
  facet normal -0.803259 -0.59563 0
    outer loop
      vertex 38.6517 28.4445 0
      vertex 38.1841 29.0751 14
      vertex 38.1841 29.0751 0
    endloop
  endfacet
  facet normal -0.803259 -0.59563 0
    outer loop
      vertex 38.1841 29.0751 14
      vertex 38.6517 28.4445 0
      vertex 38.6517 28.4445 14
    endloop
  endfacet
  facet normal -0.85765 -0.514233 0
    outer loop
      vertex 39.0554 27.7712 0
      vertex 38.6517 28.4445 14
      vertex 38.6517 28.4445 0
    endloop
  endfacet
  facet normal -0.85765 -0.514233 0
    outer loop
      vertex 38.6517 28.4445 14
      vertex 39.0554 27.7712 0
      vertex 39.0554 27.7712 14
    endloop
  endfacet
  facet normal -0.336901 -0.94154 0
    outer loop
      vertex 34.3223 31.6555 0
      vertex 35.0615 31.391 14
      vertex 34.3223 31.6555 14
    endloop
  endfacet
  facet normal -0.336901 -0.94154 -0
    outer loop
      vertex 35.0615 31.391 14
      vertex 34.3223 31.6555 0
      vertex 35.0615 31.391 0
    endloop
  endfacet
  facet normal -0.514233 -0.85765 0
    outer loop
      vertex 35.7712 31.0554 0
      vertex 36.4445 30.6517 14
      vertex 35.7712 31.0554 14
    endloop
  endfacet
  facet normal -0.514233 -0.85765 -0
    outer loop
      vertex 36.4445 30.6517 14
      vertex 35.7712 31.0554 0
      vertex 36.4445 30.6517 0
    endloop
  endfacet
  facet normal -0.740902 -0.671613 0
    outer loop
      vertex 38.1841 29.0751 0
      vertex 37.6568 29.6568 14
      vertex 37.6568 29.6568 0
    endloop
  endfacet
  facet normal -0.740902 -0.671613 0
    outer loop
      vertex 37.6568 29.6568 14
      vertex 38.1841 29.0751 0
      vertex 38.1841 29.0751 14
    endloop
  endfacet
  facet normal 0.0490418 -0.998797 0
    outer loop
      vertex 17.2159 31.9615 0
      vertex 18 32 14
      vertex 17.2159 31.9615 14
    endloop
  endfacet
  facet normal 0.0490418 -0.998797 0
    outer loop
      vertex 18 32 14
      vertex 17.2159 31.9615 0
      vertex 18 32 0
    endloop
  endfacet
  facet normal 0.243015 -0.970023 0
    outer loop
      vertex 15.6777 31.6555 0
      vertex 16.4393 31.8463 14
      vertex 15.6777 31.6555 14
    endloop
  endfacet
  facet normal 0.243015 -0.970023 0
    outer loop
      vertex 16.4393 31.8463 14
      vertex 15.6777 31.6555 0
      vertex 16.4393 31.8463 0
    endloop
  endfacet
  facet normal 0.595691 -0.803214 0
    outer loop
      vertex 12.9249 30.1841 0
      vertex 13.5554 30.6517 14
      vertex 12.9249 30.1841 14
    endloop
  endfacet
  facet normal 0.595691 -0.803214 0
    outer loop
      vertex 13.5554 30.6517 14
      vertex 12.9249 30.1841 0
      vertex 13.5554 30.6517 0
    endloop
  endfacet
  facet normal 0.514177 -0.857684 0
    outer loop
      vertex 13.5554 30.6517 0
      vertex 14.2288 31.0554 14
      vertex 13.5554 30.6517 14
    endloop
  endfacet
  facet normal 0.514177 -0.857684 0
    outer loop
      vertex 14.2288 31.0554 14
      vertex 13.5554 30.6517 0
      vertex 14.2288 31.0554 0
    endloop
  endfacet
  facet normal 0.803198 -0.595712 0
    outer loop
      vertex 11.3482 28.4445 14
      vertex 11.8159 29.0751 0
      vertex 11.8159 29.0751 14
    endloop
  endfacet
  facet normal 0.803198 -0.595712 0
    outer loop
      vertex 11.8159 29.0751 0
      vertex 11.3482 28.4445 14
      vertex 11.3482 28.4445 0
    endloop
  endfacet
  facet normal -0.595712 0.803198 0
    outer loop
      vertex 37.0751 11.8159 0
      vertex 36.4445 11.3482 14
      vertex 37.0751 11.8159 14
    endloop
  endfacet
  facet normal -0.595712 0.803198 0
    outer loop
      vertex 36.4445 11.3482 14
      vertex 37.0751 11.8159 0
      vertex 36.4445 11.3482 0
    endloop
  endfacet
  facet normal -0.803214 0.595691 0
    outer loop
      vertex 38.1841 12.9249 0
      vertex 38.6517 13.5554 14
      vertex 38.6517 13.5554 0
    endloop
  endfacet
  facet normal -0.803214 0.595691 0
    outer loop
      vertex 38.6517 13.5554 14
      vertex 38.1841 12.9249 0
      vertex 38.1841 12.9249 14
    endloop
  endfacet
  facet normal -0.740959 0.67155 0
    outer loop
      vertex 37.6568 12.3431 0
      vertex 38.1841 12.9249 14
      vertex 38.1841 12.9249 0
    endloop
  endfacet
  facet normal -0.740959 0.67155 0
    outer loop
      vertex 38.1841 12.9249 14
      vertex 37.6568 12.3431 0
      vertex 37.6568 12.3431 14
    endloop
  endfacet
  facet normal -0.989186 0.146667 0
    outer loop
      vertex 39.8463 16.4393 0
      vertex 39.8553 16.5 14
      vertex 39.8553 16.5 0
    endloop
  endfacet
  facet normal -0.989186 0.146667 0
    outer loop
      vertex 39.8553 16.5 14
      vertex 39.8463 16.4393 0
      vertex 39.8463 16.4393 14
    endloop
  endfacet
  facet normal 0.595773 0.803153 -0
    outer loop
      vertex 13.5554 11.3482 0
      vertex 12.9249 11.8159 14
      vertex 13.5554 11.3482 14
    endloop
  endfacet
  facet normal 0.595773 0.803153 0
    outer loop
      vertex 12.9249 11.8159 14
      vertex 13.5554 11.3482 0
      vertex 12.9249 11.8159 0
    endloop
  endfacet
  facet normal 0.94154 0.336901 0
    outer loop
      vertex 10.609 14.9385 14
      vertex 10.3445 15.6777 0
      vertex 10.3445 15.6777 14
    endloop
  endfacet
  facet normal 0.94154 0.336901 0
    outer loop
      vertex 10.3445 15.6777 0
      vertex 10.609 14.9385 14
      vertex 10.609 14.9385 0
    endloop
  endfacet
  facet normal 0.85774 0.514084 0
    outer loop
      vertex 11.3482 13.5554 14
      vertex 10.9446 14.2288 0
      vertex 10.9446 14.2288 14
    endloop
  endfacet
  facet normal 0.85774 0.514084 0
    outer loop
      vertex 10.9446 14.2288 0
      vertex 11.3482 13.5554 14
      vertex 11.3482 13.5554 0
    endloop
  endfacet
  facet normal 0.803153 0.595773 0
    outer loop
      vertex 11.8159 12.9249 14
      vertex 11.3482 13.5554 0
      vertex 11.3482 13.5554 14
    endloop
  endfacet
  facet normal 0.803153 0.595773 0
    outer loop
      vertex 11.3482 13.5554 0
      vertex 11.8159 12.9249 14
      vertex 11.8159 12.9249 0
    endloop
  endfacet
  facet normal -0.857684 0.514177 0
    outer loop
      vertex 38.6517 13.5554 0
      vertex 39.0554 14.2288 14
      vertex 39.0554 14.2288 0
    endloop
  endfacet
  facet normal -0.857684 0.514177 0
    outer loop
      vertex 39.0554 14.2288 14
      vertex 38.6517 13.5554 0
      vertex 38.6517 13.5554 14
    endloop
  endfacet
  facet normal -0.243015 0.970023 0
    outer loop
      vertex 34.3223 10.3445 0
      vertex 33.5607 10.1537 14
      vertex 34.3223 10.3445 14
    endloop
  endfacet
  facet normal -0.243015 0.970023 0
    outer loop
      vertex 33.5607 10.1537 14
      vertex 34.3223 10.3445 0
      vertex 33.5607 10.1537 0
    endloop
  endfacet
  facet normal 0.336901 0.94154 -0
    outer loop
      vertex 15.6777 10.3445 0
      vertex 14.9385 10.609 14
      vertex 15.6777 10.3445 14
    endloop
  endfacet
  facet normal 0.336901 0.94154 0
    outer loop
      vertex 14.9385 10.609 14
      vertex 15.6777 10.3445 0
      vertex 14.9385 10.609 0
    endloop
  endfacet
  facet normal 0.67148 0.741023 -0
    outer loop
      vertex 12.9249 11.8159 0
      vertex 12.3431 12.3431 14
      vertex 12.9249 11.8159 14
    endloop
  endfacet
  facet normal 0.67148 0.741023 0
    outer loop
      vertex 12.3431 12.3431 14
      vertex 12.9249 11.8159 0
      vertex 12.3431 12.3431 0
    endloop
  endfacet
  facet normal 0.989186 0.146667 0
    outer loop
      vertex 46.1537 16.4393 14
      vertex 46.1447 16.5 0
      vertex 46.1447 16.5 14
    endloop
  endfacet
  facet normal 0.989186 0.146667 0
    outer loop
      vertex 46.1447 16.5 0
      vertex 46.1537 16.4393 14
      vertex 46.1537 16.4393 0
    endloop
  endfacet
  facet normal -0.336901 -0.94154 0
    outer loop
      vertex 64.3223 31.6555 0
      vertex 65.0615 31.391 14
      vertex 64.3223 31.6555 14
    endloop
  endfacet
  facet normal -0.336901 -0.94154 -0
    outer loop
      vertex 65.0615 31.391 14
      vertex 64.3223 31.6555 0
      vertex 65.0615 31.391 0
    endloop
  endfacet
  facet normal -0.336901 0.94154 0
    outer loop
      vertex 65.0615 10.609 0
      vertex 64.3223 10.3445 14
      vertex 65.0615 10.609 14
    endloop
  endfacet
  facet normal -0.336901 0.94154 0
    outer loop
      vertex 64.3223 10.3445 14
      vertex 65.0615 10.609 0
      vertex 64.3223 10.3445 0
    endloop
  endfacet
  facet normal -0.243015 -0.970023 0
    outer loop
      vertex 63.5607 31.8463 0
      vertex 64.3223 31.6555 14
      vertex 63.5607 31.8463 14
    endloop
  endfacet
  facet normal -0.243015 -0.970023 -0
    outer loop
      vertex 64.3223 31.6555 14
      vertex 63.5607 31.8463 0
      vertex 64.3223 31.6555 0
    endloop
  endfacet
  facet normal 0.989186 -0.146667 0
    outer loop
      vertex 46.1447 25.5 14
      vertex 46.1537 25.5607 0
      vertex 46.1537 25.5607 14
    endloop
  endfacet
  facet normal 0.989186 -0.146667 0
    outer loop
      vertex 46.1537 25.5607 0
      vertex 46.1447 25.5 14
      vertex 46.1447 25.5 0
    endloop
  endfacet
  facet normal -0.998797 0.0490418 0
    outer loop
      vertex 69.9615 17.2159 0
      vertex 70 18 14
      vertex 70 18 0
    endloop
  endfacet
  facet normal -0.998797 0.0490418 0
    outer loop
      vertex 70 18 14
      vertex 69.9615 17.2159 0
      vertex 69.9615 17.2159 14
    endloop
  endfacet
  facet normal 0.514084 0.85774 -0
    outer loop
      vertex 50.2288 10.9446 0
      vertex 49.5554 11.3482 14
      vertex 50.2288 10.9446 14
    endloop
  endfacet
  facet normal 0.514084 0.85774 0
    outer loop
      vertex 49.5554 11.3482 14
      vertex 50.2288 10.9446 0
      vertex 49.5554 11.3482 0
    endloop
  endfacet
  facet normal 0 1 -0
    outer loop
      vertex 62 10 0
      vertex 54 10 14
      vertex 62 10 14
    endloop
  endfacet
  facet normal 0 1 0
    outer loop
      vertex 54 10 14
      vertex 62 10 0
      vertex 54 10 0
    endloop
  endfacet
  facet normal -0.94154 -0.336901 0
    outer loop
      vertex 69.6555 26.3223 0
      vertex 69.391 27.0615 14
      vertex 69.391 27.0615 0
    endloop
  endfacet
  facet normal -0.94154 -0.336901 0
    outer loop
      vertex 69.391 27.0615 14
      vertex 69.6555 26.3223 0
      vertex 69.6555 26.3223 14
    endloop
  endfacet
  facet normal -0.90402 -0.427489 0
    outer loop
      vertex 69.391 27.0615 0
      vertex 69.0554 27.7712 14
      vertex 69.0554 27.7712 0
    endloop
  endfacet
  facet normal -0.90402 -0.427489 0
    outer loop
      vertex 69.0554 27.7712 14
      vertex 69.391 27.0615 0
      vertex 69.391 27.0615 14
    endloop
  endfacet
  facet normal -0.146733 -0.989176 0
    outer loop
      vertex 62.7841 31.9615 0
      vertex 63.5607 31.8463 14
      vertex 62.7841 31.9615 14
    endloop
  endfacet
  facet normal -0.146733 -0.989176 -0
    outer loop
      vertex 63.5607 31.8463 14
      vertex 62.7841 31.9615 0
      vertex 63.5607 31.8463 0
    endloop
  endfacet
  facet normal 0 -1 0
    outer loop
      vertex 54 32 0
      vertex 62 32 14
      vertex 54 32 14
    endloop
  endfacet
  facet normal 0 -1 -0
    outer loop
      vertex 62 32 14
      vertex 54 32 0
      vertex 62 32 0
    endloop
  endfacet
  facet normal 0.146733 -0.989176 0
    outer loop
      vertex 52.4393 31.8463 0
      vertex 53.2159 31.9615 14
      vertex 52.4393 31.8463 14
    endloop
  endfacet
  facet normal 0.146733 -0.989176 0
    outer loop
      vertex 53.2159 31.9615 14
      vertex 52.4393 31.8463 0
      vertex 53.2159 31.9615 0
    endloop
  endfacet
  facet normal 0.427489 -0.90402 0
    outer loop
      vertex 50.2288 31.0554 0
      vertex 50.9385 31.391 14
      vertex 50.2288 31.0554 14
    endloop
  endfacet
  facet normal 0.427489 -0.90402 0
    outer loop
      vertex 50.9385 31.391 14
      vertex 50.2288 31.0554 0
      vertex 50.9385 31.391 0
    endloop
  endfacet
  facet normal 0.514177 -0.857684 0
    outer loop
      vertex 49.5554 30.6517 0
      vertex 50.2288 31.0554 14
      vertex 49.5554 30.6517 14
    endloop
  endfacet
  facet normal 0.514177 -0.857684 0
    outer loop
      vertex 50.2288 31.0554 14
      vertex 49.5554 30.6517 0
      vertex 50.2288 31.0554 0
    endloop
  endfacet
  facet normal 0.94154 -0.336901 0
    outer loop
      vertex 46.3445 26.3223 14
      vertex 46.609 27.0615 0
      vertex 46.609 27.0615 14
    endloop
  endfacet
  facet normal 0.94154 -0.336901 0
    outer loop
      vertex 46.609 27.0615 0
      vertex 46.3445 26.3223 14
      vertex 46.3445 26.3223 0
    endloop
  endfacet
  facet normal -0.51414 0.857706 0
    outer loop
      vertex 66.4445 11.3482 0
      vertex 65.7712 10.9446 14
      vertex 66.4445 11.3482 14
    endloop
  endfacet
  facet normal -0.51414 0.857706 0
    outer loop
      vertex 65.7712 10.9446 14
      vertex 66.4445 11.3482 0
      vertex 65.7712 10.9446 0
    endloop
  endfacet
  facet normal -0.90402 0.427489 0
    outer loop
      vertex 69.0554 14.2288 0
      vertex 69.391 14.9385 14
      vertex 69.391 14.9385 0
    endloop
  endfacet
  facet normal -0.90402 0.427489 0
    outer loop
      vertex 69.391 14.9385 14
      vertex 69.0554 14.2288 0
      vertex 69.0554 14.2288 14
    endloop
  endfacet
  facet normal -0.94154 0.336901 0
    outer loop
      vertex 69.391 14.9385 0
      vertex 69.6555 15.6777 14
      vertex 69.6555 15.6777 0
    endloop
  endfacet
  facet normal -0.94154 0.336901 0
    outer loop
      vertex 69.6555 15.6777 14
      vertex 69.391 14.9385 0
      vertex 69.391 14.9385 14
    endloop
  endfacet
  facet normal 0.146733 0.989176 -0
    outer loop
      vertex 53.2159 10.0385 0
      vertex 52.4393 10.1537 14
      vertex 53.2159 10.0385 14
    endloop
  endfacet
  facet normal 0.146733 0.989176 0
    outer loop
      vertex 52.4393 10.1537 14
      vertex 53.2159 10.0385 0
      vertex 52.4393 10.1537 0
    endloop
  endfacet
  facet normal -0.671613 -0.740902 0
    outer loop
      vertex 67.0751 30.1841 0
      vertex 67.6568 29.6568 14
      vertex 67.0751 30.1841 14
    endloop
  endfacet
  facet normal -0.671613 -0.740902 -0
    outer loop
      vertex 67.6568 29.6568 14
      vertex 67.0751 30.1841 0
      vertex 67.6568 29.6568 0
    endloop
  endfacet
  facet normal -0.0490418 -0.998797 0
    outer loop
      vertex 62 32 0
      vertex 62.7841 31.9615 14
      vertex 62 32 14
    endloop
  endfacet
  facet normal -0.0490418 -0.998797 -0
    outer loop
      vertex 62.7841 31.9615 14
      vertex 62 32 0
      vertex 62.7841 31.9615 0
    endloop
  endfacet
  facet normal 0.0490418 -0.998797 0
    outer loop
      vertex 53.2159 31.9615 0
      vertex 54 32 14
      vertex 53.2159 31.9615 14
    endloop
  endfacet
  facet normal 0.0490418 -0.998797 0
    outer loop
      vertex 54 32 14
      vertex 53.2159 31.9615 0
      vertex 54 32 0
    endloop
  endfacet
  facet normal 0.336901 -0.94154 0
    outer loop
      vertex 50.9385 31.391 0
      vertex 51.6777 31.6555 14
      vertex 50.9385 31.391 14
    endloop
  endfacet
  facet normal 0.336901 -0.94154 0
    outer loop
      vertex 51.6777 31.6555 14
      vertex 50.9385 31.391 0
      vertex 51.6777 31.6555 0
    endloop
  endfacet
  facet normal 0.595691 -0.803214 0
    outer loop
      vertex 48.9249 30.1841 0
      vertex 49.5554 30.6517 14
      vertex 48.9249 30.1841 14
    endloop
  endfacet
  facet normal 0.595691 -0.803214 0
    outer loop
      vertex 49.5554 30.6517 14
      vertex 48.9249 30.1841 0
      vertex 49.5554 30.6517 0
    endloop
  endfacet
  facet normal 0.90402 -0.427489 0
    outer loop
      vertex 46.609 27.0615 14
      vertex 46.9446 27.7712 0
      vertex 46.9446 27.7712 14
    endloop
  endfacet
  facet normal 0.90402 -0.427489 0
    outer loop
      vertex 46.9446 27.7712 0
      vertex 46.609 27.0615 14
      vertex 46.609 27.0615 0
    endloop
  endfacet
  facet normal 0.67155 -0.740959 0
    outer loop
      vertex 48.3431 29.6568 0
      vertex 48.9249 30.1841 14
      vertex 48.3431 29.6568 14
    endloop
  endfacet
  facet normal 0.67155 -0.740959 0
    outer loop
      vertex 48.9249 30.1841 14
      vertex 48.3431 29.6568 0
      vertex 48.9249 30.1841 0
    endloop
  endfacet
  facet normal 0.857706 -0.51414 0
    outer loop
      vertex 46.9446 27.7712 14
      vertex 47.3482 28.4445 0
      vertex 47.3482 28.4445 14
    endloop
  endfacet
  facet normal 0.857706 -0.51414 0
    outer loop
      vertex 47.3482 28.4445 0
      vertex 46.9446 27.7712 14
      vertex 46.9446 27.7712 0
    endloop
  endfacet
  facet normal 0.740965 -0.671543 0
    outer loop
      vertex 47.8159 29.0751 14
      vertex 48.3431 29.6568 0
      vertex 48.3431 29.6568 14
    endloop
  endfacet
  facet normal 0.740965 -0.671543 0
    outer loop
      vertex 48.3431 29.6568 0
      vertex 47.8159 29.0751 14
      vertex 47.8159 29.0751 0
    endloop
  endfacet
  facet normal 0.970023 -0.243015 0
    outer loop
      vertex 46.1537 25.5607 14
      vertex 46.3445 26.3223 0
      vertex 46.3445 26.3223 14
    endloop
  endfacet
  facet normal 0.970023 -0.243015 0
    outer loop
      vertex 46.3445 26.3223 0
      vertex 46.1537 25.5607 14
      vertex 46.1537 25.5607 0
    endloop
  endfacet
  facet normal -0.998797 -0.0490418 0
    outer loop
      vertex 70 24 0
      vertex 69.9615 24.7841 14
      vertex 69.9615 24.7841 0
    endloop
  endfacet
  facet normal -0.998797 -0.0490418 0
    outer loop
      vertex 69.9615 24.7841 14
      vertex 70 24 0
      vertex 70 24 14
    endloop
  endfacet
  facet normal -1 0 0
    outer loop
      vertex 70 18 0
      vertex 70 24 14
      vertex 70 24 0
    endloop
  endfacet
  facet normal -1 -0 0
    outer loop
      vertex 70 24 14
      vertex 70 18 0
      vertex 70 18 14
    endloop
  endfacet
  facet normal -0.427489 0.90402 0
    outer loop
      vertex 65.7712 10.9446 0
      vertex 65.0615 10.609 14
      vertex 65.7712 10.9446 14
    endloop
  endfacet
  facet normal -0.427489 0.90402 0
    outer loop
      vertex 65.0615 10.609 14
      vertex 65.7712 10.9446 0
      vertex 65.0615 10.609 0
    endloop
  endfacet
  facet normal -0.671543 0.740965 0
    outer loop
      vertex 67.6568 12.3431 0
      vertex 67.0751 11.8159 14
      vertex 67.6568 12.3431 14
    endloop
  endfacet
  facet normal -0.671543 0.740965 0
    outer loop
      vertex 67.0751 11.8159 14
      vertex 67.6568 12.3431 0
      vertex 67.0751 11.8159 0
    endloop
  endfacet
  facet normal -0.970023 0.243015 0
    outer loop
      vertex 69.6555 15.6777 0
      vertex 69.8463 16.4393 14
      vertex 69.8463 16.4393 0
    endloop
  endfacet
  facet normal -0.970023 0.243015 0
    outer loop
      vertex 69.8463 16.4393 14
      vertex 69.6555 15.6777 0
      vertex 69.6555 15.6777 14
    endloop
  endfacet
  facet normal 0.427489 0.90402 -0
    outer loop
      vertex 50.9385 10.609 0
      vertex 50.2288 10.9446 14
      vertex 50.9385 10.609 14
    endloop
  endfacet
  facet normal 0.427489 0.90402 0
    outer loop
      vertex 50.2288 10.9446 14
      vertex 50.9385 10.609 0
      vertex 50.2288 10.9446 0
    endloop
  endfacet
  facet normal 0.741023 0.67148 0
    outer loop
      vertex 48.3431 12.3431 14
      vertex 47.8159 12.9249 0
      vertex 47.8159 12.9249 14
    endloop
  endfacet
  facet normal 0.741023 0.67148 0
    outer loop
      vertex 47.8159 12.9249 0
      vertex 48.3431 12.3431 14
      vertex 48.3431 12.3431 0
    endloop
  endfacet
  facet normal 0.90402 0.427489 0
    outer loop
      vertex 46.9446 14.2288 14
      vertex 46.609 14.9385 0
      vertex 46.609 14.9385 14
    endloop
  endfacet
  facet normal 0.90402 0.427489 0
    outer loop
      vertex 46.609 14.9385 0
      vertex 46.9446 14.2288 14
      vertex 46.9446 14.2288 0
    endloop
  endfacet
  facet normal 0.970023 0.243015 0
    outer loop
      vertex 46.3445 15.6777 14
      vertex 46.1537 16.4393 0
      vertex 46.1537 16.4393 14
    endloop
  endfacet
  facet normal 0.970023 0.243015 0
    outer loop
      vertex 46.1537 16.4393 0
      vertex 46.3445 15.6777 14
      vertex 46.3445 15.6777 0
    endloop
  endfacet
  facet normal 0.0490418 0.998797 -0
    outer loop
      vertex 54 10 0
      vertex 53.2159 10.0385 14
      vertex 54 10 14
    endloop
  endfacet
  facet normal 0.0490418 0.998797 0
    outer loop
      vertex 53.2159 10.0385 14
      vertex 54 10 0
      vertex 53.2159 10.0385 0
    endloop
  endfacet
  facet normal 0.243015 0.970023 -0
    outer loop
      vertex 52.4393 10.1537 0
      vertex 51.6777 10.3445 14
      vertex 52.4393 10.1537 14
    endloop
  endfacet
  facet normal 0.243015 0.970023 0
    outer loop
      vertex 51.6777 10.3445 14
      vertex 52.4393 10.1537 0
      vertex 51.6777 10.3445 0
    endloop
  endfacet
  facet normal -0.0490418 0.998797 0
    outer loop
      vertex 62.7841 10.0385 0
      vertex 62 10 14
      vertex 62.7841 10.0385 14
    endloop
  endfacet
  facet normal -0.0490418 0.998797 0
    outer loop
      vertex 62 10 14
      vertex 62.7841 10.0385 0
      vertex 62 10 0
    endloop
  endfacet
  facet normal -0.146733 0.989176 0
    outer loop
      vertex 63.5607 10.1537 0
      vertex 62.7841 10.0385 14
      vertex 63.5607 10.1537 14
    endloop
  endfacet
  facet normal -0.146733 0.989176 0
    outer loop
      vertex 62.7841 10.0385 14
      vertex 63.5607 10.1537 0
      vertex 62.7841 10.0385 0
    endloop
  endfacet
  facet normal -0.740902 -0.671613 0
    outer loop
      vertex 68.1841 29.0751 0
      vertex 67.6568 29.6568 14
      vertex 67.6568 29.6568 0
    endloop
  endfacet
  facet normal -0.740902 -0.671613 0
    outer loop
      vertex 67.6568 29.6568 14
      vertex 68.1841 29.0751 0
      vertex 68.1841 29.0751 14
    endloop
  endfacet
  facet normal -0.427489 -0.90402 0
    outer loop
      vertex 65.0615 31.391 0
      vertex 65.7712 31.0554 14
      vertex 65.0615 31.391 14
    endloop
  endfacet
  facet normal -0.427489 -0.90402 -0
    outer loop
      vertex 65.7712 31.0554 14
      vertex 65.0615 31.391 0
      vertex 65.7712 31.0554 0
    endloop
  endfacet
  facet normal -0.85765 -0.514233 0
    outer loop
      vertex 69.0554 27.7712 0
      vertex 68.6517 28.4445 14
      vertex 68.6517 28.4445 0
    endloop
  endfacet
  facet normal -0.85765 -0.514233 0
    outer loop
      vertex 68.6517 28.4445 14
      vertex 69.0554 27.7712 0
      vertex 69.0554 27.7712 14
    endloop
  endfacet
  facet normal 0.243015 -0.970023 0
    outer loop
      vertex 51.6777 31.6555 0
      vertex 52.4393 31.8463 14
      vertex 51.6777 31.6555 14
    endloop
  endfacet
  facet normal 0.243015 -0.970023 0
    outer loop
      vertex 52.4393 31.8463 14
      vertex 51.6777 31.6555 0
      vertex 52.4393 31.8463 0
    endloop
  endfacet
  facet normal 0.803198 -0.595712 0
    outer loop
      vertex 47.3482 28.4445 14
      vertex 47.8159 29.0751 0
      vertex 47.8159 29.0751 14
    endloop
  endfacet
  facet normal 0.803198 -0.595712 0
    outer loop
      vertex 47.8159 29.0751 0
      vertex 47.3482 28.4445 14
      vertex 47.3482 28.4445 0
    endloop
  endfacet
  facet normal -0.595712 0.803198 0
    outer loop
      vertex 67.0751 11.8159 0
      vertex 66.4445 11.3482 14
      vertex 67.0751 11.8159 14
    endloop
  endfacet
  facet normal -0.595712 0.803198 0
    outer loop
      vertex 66.4445 11.3482 14
      vertex 67.0751 11.8159 0
      vertex 66.4445 11.3482 0
    endloop
  endfacet
  facet normal -0.803214 0.595691 0
    outer loop
      vertex 68.1841 12.9249 0
      vertex 68.6517 13.5554 14
      vertex 68.6517 13.5554 0
    endloop
  endfacet
  facet normal -0.803214 0.595691 0
    outer loop
      vertex 68.6517 13.5554 14
      vertex 68.1841 12.9249 0
      vertex 68.1841 12.9249 14
    endloop
  endfacet
  facet normal -0.740959 0.67155 0
    outer loop
      vertex 67.6568 12.3431 0
      vertex 68.1841 12.9249 14
      vertex 68.1841 12.9249 0
    endloop
  endfacet
  facet normal -0.740959 0.67155 0
    outer loop
      vertex 68.1841 12.9249 14
      vertex 67.6568 12.3431 0
      vertex 67.6568 12.3431 14
    endloop
  endfacet
  facet normal -0.989176 0.146733 0
    outer loop
      vertex 69.8463 16.4393 0
      vertex 69.9615 17.2159 14
      vertex 69.9615 17.2159 0
    endloop
  endfacet
  facet normal -0.989176 0.146733 0
    outer loop
      vertex 69.9615 17.2159 14
      vertex 69.8463 16.4393 0
      vertex 69.8463 16.4393 14
    endloop
  endfacet
  facet normal 0.595773 0.803153 -0
    outer loop
      vertex 49.5554 11.3482 0
      vertex 48.9249 11.8159 14
      vertex 49.5554 11.3482 14
    endloop
  endfacet
  facet normal 0.595773 0.803153 0
    outer loop
      vertex 48.9249 11.8159 14
      vertex 49.5554 11.3482 0
      vertex 48.9249 11.8159 0
    endloop
  endfacet
  facet normal 0.94154 0.336901 0
    outer loop
      vertex 46.609 14.9385 14
      vertex 46.3445 15.6777 0
      vertex 46.3445 15.6777 14
    endloop
  endfacet
  facet normal 0.94154 0.336901 0
    outer loop
      vertex 46.3445 15.6777 0
      vertex 46.609 14.9385 14
      vertex 46.609 14.9385 0
    endloop
  endfacet
  facet normal 0.85774 0.514084 0
    outer loop
      vertex 47.3482 13.5554 14
      vertex 46.9446 14.2288 0
      vertex 46.9446 14.2288 14
    endloop
  endfacet
  facet normal 0.85774 0.514084 0
    outer loop
      vertex 46.9446 14.2288 0
      vertex 47.3482 13.5554 14
      vertex 47.3482 13.5554 0
    endloop
  endfacet
  facet normal -0.514233 -0.85765 0
    outer loop
      vertex 65.7712 31.0554 0
      vertex 66.4445 30.6517 14
      vertex 65.7712 31.0554 14
    endloop
  endfacet
  facet normal -0.514233 -0.85765 -0
    outer loop
      vertex 66.4445 30.6517 14
      vertex 65.7712 31.0554 0
      vertex 66.4445 30.6517 0
    endloop
  endfacet
  facet normal -0.59563 -0.803259 0
    outer loop
      vertex 66.4445 30.6517 0
      vertex 67.0751 30.1841 14
      vertex 66.4445 30.6517 14
    endloop
  endfacet
  facet normal -0.59563 -0.803259 -0
    outer loop
      vertex 67.0751 30.1841 14
      vertex 66.4445 30.6517 0
      vertex 67.0751 30.1841 0
    endloop
  endfacet
  facet normal -0.970023 -0.243015 0
    outer loop
      vertex 69.8463 25.5607 0
      vertex 69.6555 26.3223 14
      vertex 69.6555 26.3223 0
    endloop
  endfacet
  facet normal -0.970023 -0.243015 0
    outer loop
      vertex 69.6555 26.3223 14
      vertex 69.8463 25.5607 0
      vertex 69.8463 25.5607 14
    endloop
  endfacet
  facet normal -0.803259 -0.59563 0
    outer loop
      vertex 68.6517 28.4445 0
      vertex 68.1841 29.0751 14
      vertex 68.1841 29.0751 0
    endloop
  endfacet
  facet normal -0.803259 -0.59563 0
    outer loop
      vertex 68.1841 29.0751 14
      vertex 68.6517 28.4445 0
      vertex 68.6517 28.4445 14
    endloop
  endfacet
  facet normal -0.857684 0.514177 0
    outer loop
      vertex 68.6517 13.5554 0
      vertex 69.0554 14.2288 14
      vertex 69.0554 14.2288 0
    endloop
  endfacet
  facet normal -0.857684 0.514177 0
    outer loop
      vertex 69.0554 14.2288 14
      vertex 68.6517 13.5554 0
      vertex 68.6517 13.5554 14
    endloop
  endfacet
  facet normal 0.336901 0.94154 -0
    outer loop
      vertex 51.6777 10.3445 0
      vertex 50.9385 10.609 14
      vertex 51.6777 10.3445 14
    endloop
  endfacet
  facet normal 0.336901 0.94154 0
    outer loop
      vertex 50.9385 10.609 14
      vertex 51.6777 10.3445 0
      vertex 50.9385 10.609 0
    endloop
  endfacet
  facet normal 0.67148 0.741023 -0
    outer loop
      vertex 48.9249 11.8159 0
      vertex 48.3431 12.3431 14
      vertex 48.9249 11.8159 14
    endloop
  endfacet
  facet normal 0.67148 0.741023 0
    outer loop
      vertex 48.3431 12.3431 14
      vertex 48.9249 11.8159 0
      vertex 48.3431 12.3431 0
    endloop
  endfacet
  facet normal 0.803153 0.595773 0
    outer loop
      vertex 47.8159 12.9249 14
      vertex 47.3482 13.5554 0
      vertex 47.3482 13.5554 14
    endloop
  endfacet
  facet normal 0.803153 0.595773 0
    outer loop
      vertex 47.3482 13.5554 0
      vertex 47.8159 12.9249 14
      vertex 47.8159 12.9249 0
    endloop
  endfacet
  facet normal -0.243015 0.970023 0
    outer loop
      vertex 64.3223 10.3445 0
      vertex 63.5607 10.1537 14
      vertex 64.3223 10.3445 14
    endloop
  endfacet
  facet normal -0.243015 0.970023 0
    outer loop
      vertex 63.5607 10.1537 14
      vertex 64.3223 10.3445 0
      vertex 63.5607 10.1537 0
    endloop
  endfacet
  facet normal -0.989176 -0.146733 0
    outer loop
      vertex 69.9615 24.7841 0
      vertex 69.8463 25.5607 14
      vertex 69.8463 25.5607 0
    endloop
  endfacet
  facet normal -0.989176 -0.146733 0
    outer loop
      vertex 69.8463 25.5607 14
      vertex 69.9615 24.7841 0
      vertex 69.9615 24.7841 14
    endloop
  endfacet
  facet normal -0.85774 -0.514084 0
    outer loop
      vertex 6.41107 5.75423 0
      vertex 6.33035 5.88891 14
      vertex 6.33035 5.88891 0
    endloop
  endfacet
  facet normal -0.85774 -0.514084 0
    outer loop
      vertex 6.33035 5.88891 14
      vertex 6.41107 5.75423 0
      vertex 6.41107 5.75423 14
    endloop
  endfacet
  facet normal -0.336845 -0.94156 0
    outer loop
      vertex 5.46445 6.5311 0
      vertex 5.61229 6.47821 14
      vertex 5.46445 6.5311 14
    endloop
  endfacet
  facet normal -0.336845 -0.94156 -0
    outer loop
      vertex 5.61229 6.47821 14
      vertex 5.46445 6.5311 0
      vertex 5.61229 6.47821 0
    endloop
  endfacet
  facet normal 0.427569 -0.903983 0
    outer loop
      vertex 4.24576 6.41107 0
      vertex 4.38771 6.47821 14
      vertex 4.24576 6.41107 14
    endloop
  endfacet
  facet normal 0.427569 -0.903983 0
    outer loop
      vertex 4.38771 6.47821 14
      vertex 4.24576 6.41107 0
      vertex 4.38771 6.47821 0
    endloop
  endfacet
  facet normal 0.94154 -0.336901 0
    outer loop
      vertex 3.46889 5.46445 14
      vertex 3.52179 5.61229 0
      vertex 3.52179 5.61229 14
    endloop
  endfacet
  facet normal 0.94154 -0.336901 0
    outer loop
      vertex 3.52179 5.61229 0
      vertex 3.46889 5.46445 14
      vertex 3.46889 5.46445 0
    endloop
  endfacet
  facet normal -0.998794 0.0491022 0
    outer loop
      vertex 6.59229 4.84317 0
      vertex 6.6 5 14
      vertex 6.6 5 0
    endloop
  endfacet
  facet normal -0.998794 0.0491022 0
    outer loop
      vertex 6.6 5 14
      vertex 6.59229 4.84317 0
      vertex 6.59229 4.84317 14
    endloop
  endfacet
  facet normal 0.998797 0.0490387 0
    outer loop
      vertex 3.4077 4.84317 14
      vertex 3.4 5 0
      vertex 3.4 5 14
    endloop
  endfacet
  facet normal 0.998797 0.0490387 0
    outer loop
      vertex 3.4 5 0
      vertex 3.4077 4.84317 14
      vertex 3.4077 4.84317 0
    endloop
  endfacet
  facet normal 0.671578 -0.740933 0
    outer loop
      vertex 3.86863 6.13137 0
      vertex 3.98497 6.23682 14
      vertex 3.86863 6.13137 14
    endloop
  endfacet
  facet normal 0.671578 -0.740933 0
    outer loop
      vertex 3.98497 6.23682 14
      vertex 3.86863 6.13137 0
      vertex 3.98497 6.23682 0
    endloop
  endfacet
  facet normal 0.0490387 0.998797 -0
    outer loop
      vertex 5 3.4 0
      vertex 4.84317 3.4077 14
      vertex 5 3.4 14
    endloop
  endfacet
  facet normal 0.0490387 0.998797 0
    outer loop
      vertex 4.84317 3.4077 14
      vertex 5 3.4 0
      vertex 4.84317 3.4077 0
    endloop
  endfacet
  facet normal -0.24297 0.970034 0
    outer loop
      vertex 5.46445 3.46889 0
      vertex 5.31214 3.43074 14
      vertex 5.46445 3.46889 14
    endloop
  endfacet
  facet normal -0.24297 0.970034 0
    outer loop
      vertex 5.31214 3.43074 14
      vertex 5.46445 3.46889 0
      vertex 5.31214 3.43074 0
    endloop
  endfacet
  facet normal -0.989184 -0.14668 0
    outer loop
      vertex 6.59229 5.15683 0
      vertex 6.56926 5.31214 14
      vertex 6.56926 5.31214 0
    endloop
  endfacet
  facet normal -0.989184 -0.14668 0
    outer loop
      vertex 6.56926 5.31214 14
      vertex 6.59229 5.15683 0
      vertex 6.59229 5.15683 14
    endloop
  endfacet
  facet normal -0.803229 -0.595671 0
    outer loop
      vertex 6.33035 5.88891 0
      vertex 6.23682 6.01503 14
      vertex 6.23682 6.01503 0
    endloop
  endfacet
  facet normal -0.803229 -0.595671 0
    outer loop
      vertex 6.23682 6.01503 14
      vertex 6.33035 5.88891 0
      vertex 6.33035 5.88891 14
    endloop
  endfacet
  facet normal -0.671578 -0.740933 0
    outer loop
      vertex 6.01503 6.23682 0
      vertex 6.13137 6.13137 14
      vertex 6.01503 6.23682 14
    endloop
  endfacet
  facet normal -0.671578 -0.740933 -0
    outer loop
      vertex 6.13137 6.13137 14
      vertex 6.01503 6.23682 0
      vertex 6.13137 6.13137 0
    endloop
  endfacet
  facet normal -0.740933 -0.671578 0
    outer loop
      vertex 6.23682 6.01503 0
      vertex 6.13137 6.13137 14
      vertex 6.13137 6.13137 0
    endloop
  endfacet
  facet normal -0.740933 -0.671578 0
    outer loop
      vertex 6.13137 6.13137 14
      vertex 6.23682 6.01503 0
      vertex 6.23682 6.01503 14
    endloop
  endfacet
  facet normal 0.0491022 -0.998794 0
    outer loop
      vertex 4.84317 6.59229 0
      vertex 5 6.6 14
      vertex 4.84317 6.59229 14
    endloop
  endfacet
  facet normal 0.0491022 -0.998794 0
    outer loop
      vertex 5 6.6 14
      vertex 4.84317 6.59229 0
      vertex 5 6.6 0
    endloop
  endfacet
  facet normal -0.24303 -0.970019 0
    outer loop
      vertex 5.31214 6.56926 0
      vertex 5.46445 6.5311 14
      vertex 5.31214 6.56926 14
    endloop
  endfacet
  facet normal -0.24303 -0.970019 -0
    outer loop
      vertex 5.46445 6.5311 14
      vertex 5.31214 6.56926 0
      vertex 5.46445 6.5311 0
    endloop
  endfacet
  facet normal -0.14668 -0.989184 0
    outer loop
      vertex 5.15683 6.59229 0
      vertex 5.31214 6.56926 14
      vertex 5.15683 6.59229 14
    endloop
  endfacet
  facet normal -0.14668 -0.989184 -0
    outer loop
      vertex 5.31214 6.56926 14
      vertex 5.15683 6.59229 0
      vertex 5.31214 6.56926 0
    endloop
  endfacet
  facet normal -0.0491022 -0.998794 0
    outer loop
      vertex 5 6.6 0
      vertex 5.15683 6.59229 14
      vertex 5 6.6 14
    endloop
  endfacet
  facet normal -0.0491022 -0.998794 -0
    outer loop
      vertex 5.15683 6.59229 14
      vertex 5 6.6 0
      vertex 5.15683 6.59229 0
    endloop
  endfacet
  facet normal -0.595671 -0.803229 0
    outer loop
      vertex 5.88891 6.33035 0
      vertex 6.01503 6.23682 14
      vertex 5.88891 6.33035 14
    endloop
  endfacet
  facet normal -0.595671 -0.803229 -0
    outer loop
      vertex 6.01503 6.23682 14
      vertex 5.88891 6.33035 0
      vertex 6.01503 6.23682 0
    endloop
  endfacet
  facet normal -0.514084 -0.85774 0
    outer loop
      vertex 5.75423 6.41107 0
      vertex 5.88891 6.33035 14
      vertex 5.75423 6.41107 14
    endloop
  endfacet
  facet normal -0.514084 -0.85774 -0
    outer loop
      vertex 5.88891 6.33035 14
      vertex 5.75423 6.41107 0
      vertex 5.88891 6.33035 0
    endloop
  endfacet
  facet normal 0.989175 -0.146743 0
    outer loop
      vertex 3.4077 5.15683 14
      vertex 3.43074 5.31214 0
      vertex 3.43074 5.31214 14
    endloop
  endfacet
  facet normal 0.989175 -0.146743 0
    outer loop
      vertex 3.43074 5.31214 0
      vertex 3.4077 5.15683 14
      vertex 3.4077 5.15683 0
    endloop
  endfacet
  facet normal 0.998797 -0.0490387 0
    outer loop
      vertex 3.4 5 14
      vertex 3.4077 5.15683 0
      vertex 3.4077 5.15683 14
    endloop
  endfacet
  facet normal 0.998797 -0.0490387 0
    outer loop
      vertex 3.4077 5.15683 0
      vertex 3.4 5 14
      vertex 3.4 5 0
    endloop
  endfacet
  facet normal 0.803229 -0.595671 0
    outer loop
      vertex 3.66965 5.88891 14
      vertex 3.76318 6.01503 0
      vertex 3.76318 6.01503 14
    endloop
  endfacet
  facet normal 0.803229 -0.595671 0
    outer loop
      vertex 3.76318 6.01503 0
      vertex 3.66965 5.88891 14
      vertex 3.66965 5.88891 0
    endloop
  endfacet
  facet normal 0.85774 -0.514084 0
    outer loop
      vertex 3.58893 5.75423 14
      vertex 3.66965 5.88891 0
      vertex 3.66965 5.88891 14
    endloop
  endfacet
  facet normal 0.85774 -0.514084 0
    outer loop
      vertex 3.66965 5.88891 0
      vertex 3.58893 5.75423 14
      vertex 3.58893 5.75423 0
    endloop
  endfacet
  facet normal 0.146671 -0.989185 0
    outer loop
      vertex 4.68785 6.56926 0
      vertex 4.84317 6.59229 14
      vertex 4.68785 6.56926 14
    endloop
  endfacet
  facet normal 0.146671 -0.989185 0
    outer loop
      vertex 4.84317 6.59229 14
      vertex 4.68785 6.56926 0
      vertex 4.84317 6.59229 0
    endloop
  endfacet
  facet normal 0.24303 -0.970019 0
    outer loop
      vertex 4.53554 6.5311 0
      vertex 4.68785 6.56926 14
      vertex 4.53554 6.5311 14
    endloop
  endfacet
  facet normal 0.24303 -0.970019 0
    outer loop
      vertex 4.68785 6.56926 14
      vertex 4.53554 6.5311 0
      vertex 4.68785 6.56926 0
    endloop
  endfacet
  facet normal 0.514112 -0.857723 0
    outer loop
      vertex 4.11109 6.33035 0
      vertex 4.24576 6.41107 14
      vertex 4.11109 6.33035 14
    endloop
  endfacet
  facet normal 0.514112 -0.857723 0
    outer loop
      vertex 4.24576 6.41107 14
      vertex 4.11109 6.33035 0
      vertex 4.24576 6.41107 0
    endloop
  endfacet
  facet normal 0.595671 -0.803229 0
    outer loop
      vertex 3.98497 6.23682 0
      vertex 4.11109 6.33035 14
      vertex 3.98497 6.23682 14
    endloop
  endfacet
  facet normal 0.595671 -0.803229 0
    outer loop
      vertex 4.11109 6.33035 14
      vertex 3.98497 6.23682 0
      vertex 4.11109 6.33035 0
    endloop
  endfacet
  facet normal 0.740933 -0.671578 0
    outer loop
      vertex 3.76318 6.01503 14
      vertex 3.86863 6.13137 0
      vertex 3.86863 6.13137 14
    endloop
  endfacet
  facet normal 0.740933 -0.671578 0
    outer loop
      vertex 3.86863 6.13137 0
      vertex 3.76318 6.01503 14
      vertex 3.76318 6.01503 0
    endloop
  endfacet
  facet normal -0.998794 -0.0491022 0
    outer loop
      vertex 6.6 5 0
      vertex 6.59229 5.15683 14
      vertex 6.59229 5.15683 0
    endloop
  endfacet
  facet normal -0.998794 -0.0491022 0
    outer loop
      vertex 6.59229 5.15683 14
      vertex 6.6 5 0
      vertex 6.6 5 14
    endloop
  endfacet
  facet normal -0.803229 0.595671 0
    outer loop
      vertex 6.23682 3.98497 0
      vertex 6.33035 4.11109 14
      vertex 6.33035 4.11109 0
    endloop
  endfacet
  facet normal -0.803229 0.595671 0
    outer loop
      vertex 6.33035 4.11109 14
      vertex 6.23682 3.98497 0
      vertex 6.23682 3.98497 14
    endloop
  endfacet
  facet normal -0.146743 0.989175 0
    outer loop
      vertex 5.31214 3.43074 0
      vertex 5.15683 3.4077 14
      vertex 5.31214 3.43074 14
    endloop
  endfacet
  facet normal -0.146743 0.989175 0
    outer loop
      vertex 5.15683 3.4077 14
      vertex 5.31214 3.43074 0
      vertex 5.15683 3.4077 0
    endloop
  endfacet
  facet normal -0.336901 0.94154 0
    outer loop
      vertex 5.61229 3.52179 0
      vertex 5.46445 3.46889 14
      vertex 5.61229 3.52179 14
    endloop
  endfacet
  facet normal -0.336901 0.94154 0
    outer loop
      vertex 5.46445 3.46889 14
      vertex 5.61229 3.52179 0
      vertex 5.46445 3.46889 0
    endloop
  endfacet
  facet normal -0.903971 -0.427594 0
    outer loop
      vertex 6.47821 5.61229 0
      vertex 6.41107 5.75423 14
      vertex 6.41107 5.75423 0
    endloop
  endfacet
  facet normal -0.903971 -0.427594 0
    outer loop
      vertex 6.41107 5.75423 14
      vertex 6.47821 5.61229 0
      vertex 6.47821 5.61229 14
    endloop
  endfacet
  facet normal -0.94156 -0.336845 0
    outer loop
      vertex 6.5311 5.46445 0
      vertex 6.47821 5.61229 14
      vertex 6.47821 5.61229 0
    endloop
  endfacet
  facet normal -0.94156 -0.336845 0
    outer loop
      vertex 6.47821 5.61229 14
      vertex 6.5311 5.46445 0
      vertex 6.5311 5.46445 14
    endloop
  endfacet
  facet normal -0.970019 -0.24303 0
    outer loop
      vertex 6.56926 5.31214 0
      vertex 6.5311 5.46445 14
      vertex 6.5311 5.46445 0
    endloop
  endfacet
  facet normal -0.970019 -0.24303 0
    outer loop
      vertex 6.5311 5.46445 14
      vertex 6.56926 5.31214 0
      vertex 6.56926 5.31214 14
    endloop
  endfacet
  facet normal -0.427594 -0.903971 0
    outer loop
      vertex 5.61229 6.47821 0
      vertex 5.75423 6.41107 14
      vertex 5.61229 6.47821 14
    endloop
  endfacet
  facet normal -0.427594 -0.903971 -0
    outer loop
      vertex 5.75423 6.41107 14
      vertex 5.61229 6.47821 0
      vertex 5.75423 6.41107 0
    endloop
  endfacet
  facet normal 0.970034 -0.24297 0
    outer loop
      vertex 3.43074 5.31214 14
      vertex 3.46889 5.46445 0
      vertex 3.46889 5.46445 14
    endloop
  endfacet
  facet normal 0.970034 -0.24297 0
    outer loop
      vertex 3.46889 5.46445 0
      vertex 3.43074 5.31214 14
      vertex 3.43074 5.31214 0
    endloop
  endfacet
  facet normal 0.903971 -0.427594 0
    outer loop
      vertex 3.52179 5.61229 14
      vertex 3.58893 5.75423 0
      vertex 3.58893 5.75423 14
    endloop
  endfacet
  facet normal 0.903971 -0.427594 0
    outer loop
      vertex 3.58893 5.75423 0
      vertex 3.52179 5.61229 14
      vertex 3.52179 5.61229 0
    endloop
  endfacet
  facet normal 0.336865 -0.941553 0
    outer loop
      vertex 4.38771 6.47821 0
      vertex 4.53554 6.5311 14
      vertex 4.38771 6.47821 14
    endloop
  endfacet
  facet normal 0.336865 -0.941553 0
    outer loop
      vertex 4.53554 6.5311 14
      vertex 4.38771 6.47821 0
      vertex 4.53554 6.5311 0
    endloop
  endfacet
  facet normal -0.970019 0.24303 0
    outer loop
      vertex 6.5311 4.53554 0
      vertex 6.56926 4.68785 14
      vertex 6.56926 4.68785 0
    endloop
  endfacet
  facet normal -0.970019 0.24303 0
    outer loop
      vertex 6.56926 4.68785 14
      vertex 6.5311 4.53554 0
      vertex 6.5311 4.53554 14
    endloop
  endfacet
  facet normal -0.941553 0.336865 0
    outer loop
      vertex 6.47821 4.38771 0
      vertex 6.5311 4.53554 14
      vertex 6.5311 4.53554 0
    endloop
  endfacet
  facet normal -0.941553 0.336865 0
    outer loop
      vertex 6.5311 4.53554 14
      vertex 6.47821 4.38771 0
      vertex 6.47821 4.38771 14
    endloop
  endfacet
  facet normal -0.903983 0.427569 0
    outer loop
      vertex 6.41107 4.24576 0
      vertex 6.47821 4.38771 14
      vertex 6.47821 4.38771 0
    endloop
  endfacet
  facet normal -0.903983 0.427569 0
    outer loop
      vertex 6.47821 4.38771 14
      vertex 6.41107 4.24576 0
      vertex 6.41107 4.24576 14
    endloop
  endfacet
  facet normal 0.427569 0.903983 -0
    outer loop
      vertex 4.38771 3.52179 0
      vertex 4.24576 3.58893 14
      vertex 4.38771 3.52179 14
    endloop
  endfacet
  facet normal 0.427569 0.903983 0
    outer loop
      vertex 4.24576 3.58893 14
      vertex 4.38771 3.52179 0
      vertex 4.24576 3.58893 0
    endloop
  endfacet
  facet normal 0.989176 0.146733 0
    outer loop
      vertex 3.43074 4.68785 14
      vertex 3.4077 4.84317 0
      vertex 3.4077 4.84317 14
    endloop
  endfacet
  facet normal 0.989176 0.146733 0
    outer loop
      vertex 3.4077 4.84317 0
      vertex 3.43074 4.68785 14
      vertex 3.43074 4.68785 0
    endloop
  endfacet
  facet normal 0.941533 0.336921 0
    outer loop
      vertex 3.52179 4.38771 14
      vertex 3.46889 4.53554 0
      vertex 3.46889 4.53554 14
    endloop
  endfacet
  facet normal 0.941533 0.336921 0
    outer loop
      vertex 3.46889 4.53554 0
      vertex 3.52179 4.38771 14
      vertex 3.52179 4.38771 0
    endloop
  endfacet
  facet normal 0.740933 0.671578 0
    outer loop
      vertex 3.86863 3.86863 14
      vertex 3.76318 3.98497 0
      vertex 3.76318 3.98497 14
    endloop
  endfacet
  facet normal 0.740933 0.671578 0
    outer loop
      vertex 3.76318 3.98497 0
      vertex 3.86863 3.86863 14
      vertex 3.86863 3.86863 0
    endloop
  endfacet
  facet normal 0.857723 0.514112 0
    outer loop
      vertex 3.66965 4.11109 14
      vertex 3.58893 4.24576 0
      vertex 3.58893 4.24576 14
    endloop
  endfacet
  facet normal 0.857723 0.514112 0
    outer loop
      vertex 3.58893 4.24576 0
      vertex 3.66965 4.11109 14
      vertex 3.66965 4.11109 0
    endloop
  endfacet
  facet normal 0.803229 0.595671 0
    outer loop
      vertex 3.76318 3.98497 14
      vertex 3.66965 4.11109 0
      vertex 3.66965 4.11109 14
    endloop
  endfacet
  facet normal 0.803229 0.595671 0
    outer loop
      vertex 3.66965 4.11109 0
      vertex 3.76318 3.98497 14
      vertex 3.76318 3.98497 0
    endloop
  endfacet
  facet normal -0.989185 0.146671 0
    outer loop
      vertex 6.56926 4.68785 0
      vertex 6.59229 4.84317 14
      vertex 6.59229 4.84317 0
    endloop
  endfacet
  facet normal -0.989185 0.146671 0
    outer loop
      vertex 6.59229 4.84317 14
      vertex 6.56926 4.68785 0
      vertex 6.56926 4.68785 14
    endloop
  endfacet
  facet normal -0.514084 0.85774 0
    outer loop
      vertex 5.88891 3.66965 0
      vertex 5.75423 3.58893 14
      vertex 5.88891 3.66965 14
    endloop
  endfacet
  facet normal -0.514084 0.85774 0
    outer loop
      vertex 5.75423 3.58893 14
      vertex 5.88891 3.66965 0
      vertex 5.75423 3.58893 0
    endloop
  endfacet
  facet normal -0.671578 0.740933 0
    outer loop
      vertex 6.13137 3.86863 0
      vertex 6.01503 3.76318 14
      vertex 6.13137 3.86863 14
    endloop
  endfacet
  facet normal -0.671578 0.740933 0
    outer loop
      vertex 6.01503 3.76318 14
      vertex 6.13137 3.86863 0
      vertex 6.01503 3.76318 0
    endloop
  endfacet
  facet normal -0.857723 0.514112 0
    outer loop
      vertex 6.33035 4.11109 0
      vertex 6.41107 4.24576 14
      vertex 6.41107 4.24576 0
    endloop
  endfacet
  facet normal -0.857723 0.514112 0
    outer loop
      vertex 6.41107 4.24576 14
      vertex 6.33035 4.11109 0
      vertex 6.33035 4.11109 14
    endloop
  endfacet
  facet normal 0.595671 0.803229 -0
    outer loop
      vertex 4.11109 3.66965 0
      vertex 3.98497 3.76318 14
      vertex 4.11109 3.66965 14
    endloop
  endfacet
  facet normal 0.595671 0.803229 0
    outer loop
      vertex 3.98497 3.76318 14
      vertex 4.11109 3.66965 0
      vertex 3.98497 3.76318 0
    endloop
  endfacet
  facet normal -0.0490387 0.998797 0
    outer loop
      vertex 5.15683 3.4077 0
      vertex 5 3.4 14
      vertex 5.15683 3.4077 14
    endloop
  endfacet
  facet normal -0.0490387 0.998797 0
    outer loop
      vertex 5 3.4 14
      vertex 5.15683 3.4077 0
      vertex 5 3.4 0
    endloop
  endfacet
  facet normal 0.336921 0.941533 -0
    outer loop
      vertex 4.53554 3.46889 0
      vertex 4.38771 3.52179 14
      vertex 4.53554 3.46889 14
    endloop
  endfacet
  facet normal 0.336921 0.941533 0
    outer loop
      vertex 4.38771 3.52179 14
      vertex 4.53554 3.46889 0
      vertex 4.38771 3.52179 0
    endloop
  endfacet
  facet normal 0.24297 0.970034 -0
    outer loop
      vertex 4.68785 3.43074 0
      vertex 4.53554 3.46889 14
      vertex 4.68785 3.43074 14
    endloop
  endfacet
  facet normal 0.24297 0.970034 0
    outer loop
      vertex 4.53554 3.46889 14
      vertex 4.68785 3.43074 0
      vertex 4.53554 3.46889 0
    endloop
  endfacet
  facet normal 0.146733 0.989176 -0
    outer loop
      vertex 4.84317 3.4077 0
      vertex 4.68785 3.43074 14
      vertex 4.84317 3.4077 14
    endloop
  endfacet
  facet normal 0.146733 0.989176 0
    outer loop
      vertex 4.68785 3.43074 14
      vertex 4.84317 3.4077 0
      vertex 4.68785 3.43074 0
    endloop
  endfacet
  facet normal 0.514112 0.857723 -0
    outer loop
      vertex 4.24576 3.58893 0
      vertex 4.11109 3.66965 14
      vertex 4.24576 3.58893 14
    endloop
  endfacet
  facet normal 0.514112 0.857723 0
    outer loop
      vertex 4.11109 3.66965 14
      vertex 4.24576 3.58893 0
      vertex 4.11109 3.66965 0
    endloop
  endfacet
  facet normal 0.970034 0.24297 0
    outer loop
      vertex 3.46889 4.53554 14
      vertex 3.43074 4.68785 0
      vertex 3.43074 4.68785 14
    endloop
  endfacet
  facet normal 0.970034 0.24297 0
    outer loop
      vertex 3.43074 4.68785 0
      vertex 3.46889 4.53554 14
      vertex 3.46889 4.53554 0
    endloop
  endfacet
  facet normal 0.903983 0.427569 0
    outer loop
      vertex 3.58893 4.24576 14
      vertex 3.52179 4.38771 0
      vertex 3.52179 4.38771 14
    endloop
  endfacet
  facet normal 0.903983 0.427569 0
    outer loop
      vertex 3.52179 4.38771 0
      vertex 3.58893 4.24576 14
      vertex 3.58893 4.24576 0
    endloop
  endfacet
  facet normal 0.671578 0.740933 -0
    outer loop
      vertex 3.98497 3.76318 0
      vertex 3.86863 3.86863 14
      vertex 3.98497 3.76318 14
    endloop
  endfacet
  facet normal 0.671578 0.740933 0
    outer loop
      vertex 3.86863 3.86863 14
      vertex 3.98497 3.76318 0
      vertex 3.86863 3.86863 0
    endloop
  endfacet
  facet normal -0.427594 0.903971 0
    outer loop
      vertex 5.75423 3.58893 0
      vertex 5.61229 3.52179 14
      vertex 5.75423 3.58893 14
    endloop
  endfacet
  facet normal -0.427594 0.903971 0
    outer loop
      vertex 5.61229 3.52179 14
      vertex 5.75423 3.58893 0
      vertex 5.61229 3.52179 0
    endloop
  endfacet
  facet normal -0.595671 0.803229 0
    outer loop
      vertex 6.01503 3.76318 0
      vertex 5.88891 3.66965 14
      vertex 6.01503 3.76318 14
    endloop
  endfacet
  facet normal -0.595671 0.803229 0
    outer loop
      vertex 5.88891 3.66965 14
      vertex 6.01503 3.76318 0
      vertex 5.88891 3.66965 0
    endloop
  endfacet
  facet normal -0.740933 0.671578 0
    outer loop
      vertex 6.13137 3.86863 0
      vertex 6.23682 3.98497 14
      vertex 6.23682 3.98497 0
    endloop
  endfacet
  facet normal -0.740933 0.671578 0
    outer loop
      vertex 6.23682 3.98497 14
      vertex 6.13137 3.86863 0
      vertex 6.13137 3.86863 14
    endloop
  endfacet
  facet normal -0.857796 -0.51399 0
    outer loop
      vertex 76.4111 5.75423 0
      vertex 76.3304 5.88891 14
      vertex 76.3304 5.88891 0
    endloop
  endfacet
  facet normal -0.857796 -0.51399 0
    outer loop
      vertex 76.3304 5.88891 14
      vertex 76.4111 5.75423 0
      vertex 76.4111 5.75423 14
    endloop
  endfacet
  facet normal -0.336926 -0.941531 0
    outer loop
      vertex 75.4645 6.5311 0
      vertex 75.6123 6.47821 14
      vertex 75.4645 6.5311 14
    endloop
  endfacet
  facet normal -0.336926 -0.941531 -0
    outer loop
      vertex 75.6123 6.47821 14
      vertex 75.4645 6.5311 0
      vertex 75.6123 6.47821 0
    endloop
  endfacet
  facet normal 0.427692 -0.903925 0
    outer loop
      vertex 74.2458 6.41107 0
      vertex 74.3877 6.47821 14
      vertex 74.2458 6.41107 14
    endloop
  endfacet
  facet normal 0.427692 -0.903925 0
    outer loop
      vertex 74.3877 6.47821 14
      vertex 74.2458 6.41107 0
      vertex 74.3877 6.47821 0
    endloop
  endfacet
  facet normal 0.94154 -0.336901 0
    outer loop
      vertex 73.4689 5.46445 14
      vertex 73.5218 5.61229 0
      vertex 73.5218 5.61229 14
    endloop
  endfacet
  facet normal 0.94154 -0.336901 0
    outer loop
      vertex 73.5218 5.61229 0
      vertex 73.4689 5.46445 14
      vertex 73.4689 5.46445 0
    endloop
  endfacet
  facet normal -0.998797 0.0490387 0
    outer loop
      vertex 76.5923 4.84317 0
      vertex 76.6 5 14
      vertex 76.6 5 0
    endloop
  endfacet
  facet normal -0.998797 0.0490387 0
    outer loop
      vertex 76.6 5 14
      vertex 76.5923 4.84317 0
      vertex 76.5923 4.84317 14
    endloop
  endfacet
  facet normal 0.998797 0.0490387 0
    outer loop
      vertex 73.4077 4.84317 14
      vertex 73.4 5 0
      vertex 73.4 5 14
    endloop
  endfacet
  facet normal 0.998797 0.0490387 0
    outer loop
      vertex 73.4 5 0
      vertex 73.4077 4.84317 14
      vertex 73.4077 4.84317 0
    endloop
  endfacet
  facet normal 0.671388 -0.741106 0
    outer loop
      vertex 73.8686 6.13137 0
      vertex 73.985 6.23682 14
      vertex 73.8686 6.13137 14
    endloop
  endfacet
  facet normal 0.671388 -0.741106 0
    outer loop
      vertex 73.985 6.23682 14
      vertex 73.8686 6.13137 0
      vertex 73.985 6.23682 0
    endloop
  endfacet
  facet normal -0.941533 0.336921 0
    outer loop
      vertex 76.4782 4.38771 0
      vertex 76.5311 4.53554 14
      vertex 76.5311 4.53554 0
    endloop
  endfacet
  facet normal -0.941533 0.336921 0
    outer loop
      vertex 76.5311 4.53554 14
      vertex 76.4782 4.38771 0
      vertex 76.4782 4.38771 14
    endloop
  endfacet
  facet normal 0.049048 0.998796 -0
    outer loop
      vertex 75 3.4 0
      vertex 74.8432 3.4077 14
      vertex 75 3.4 14
    endloop
  endfacet
  facet normal 0.049048 0.998796 0
    outer loop
      vertex 74.8432 3.4077 14
      vertex 75 3.4 0
      vertex 74.8432 3.4077 0
    endloop
  endfacet
  facet normal -0.242835 0.970068 0
    outer loop
      vertex 75.4645 3.46889 0
      vertex 75.3121 3.43074 14
      vertex 75.4645 3.46889 14
    endloop
  endfacet
  facet normal -0.242835 0.970068 0
    outer loop
      vertex 75.3121 3.43074 14
      vertex 75.4645 3.46889 0
      vertex 75.3121 3.43074 0
    endloop
  endfacet
  facet normal -0.989212 -0.146493 0
    outer loop
      vertex 76.5923 5.15683 0
      vertex 76.5693 5.31214 14
      vertex 76.5693 5.31214 0
    endloop
  endfacet
  facet normal -0.989212 -0.146493 0
    outer loop
      vertex 76.5693 5.31214 14
      vertex 76.5923 5.15683 0
      vertex 76.5923 5.15683 14
    endloop
  endfacet
  facet normal -0.803015 -0.595958 0
    outer loop
      vertex 76.3304 5.88891 0
      vertex 76.2368 6.01503 14
      vertex 76.2368 6.01503 0
    endloop
  endfacet
  facet normal -0.803015 -0.595958 0
    outer loop
      vertex 76.2368 6.01503 14
      vertex 76.3304 5.88891 0
      vertex 76.3304 5.88891 14
    endloop
  endfacet
  facet normal -0.671388 -0.741106 0
    outer loop
      vertex 76.015 6.23682 0
      vertex 76.1314 6.13137 14
      vertex 76.015 6.23682 14
    endloop
  endfacet
  facet normal -0.671388 -0.741106 -0
    outer loop
      vertex 76.1314 6.13137 14
      vertex 76.015 6.23682 0
      vertex 76.1314 6.13137 0
    endloop
  endfacet
  facet normal 0.0491116 -0.998793 0
    outer loop
      vertex 74.8432 6.59229 0
      vertex 75 6.6 14
      vertex 74.8432 6.59229 14
    endloop
  endfacet
  facet normal 0.0491116 -0.998793 0
    outer loop
      vertex 75 6.6 14
      vertex 74.8432 6.59229 0
      vertex 75 6.6 0
    endloop
  endfacet
  facet normal -0.242895 -0.970053 0
    outer loop
      vertex 75.3121 6.56926 0
      vertex 75.4645 6.5311 14
      vertex 75.3121 6.56926 14
    endloop
  endfacet
  facet normal -0.242895 -0.970053 -0
    outer loop
      vertex 75.4645 6.5311 14
      vertex 75.3121 6.56926 0
      vertex 75.4645 6.5311 0
    endloop
  endfacet
  facet normal -0.146689 -0.989183 0
    outer loop
      vertex 75.1568 6.59229 0
      vertex 75.3121 6.56926 14
      vertex 75.1568 6.59229 14
    endloop
  endfacet
  facet normal -0.146689 -0.989183 -0
    outer loop
      vertex 75.3121 6.56926 14
      vertex 75.1568 6.59229 0
      vertex 75.3121 6.56926 0
    endloop
  endfacet
  facet normal -0.595732 -0.803184 0
    outer loop
      vertex 75.8889 6.33035 0
      vertex 76.015 6.23682 14
      vertex 75.8889 6.33035 14
    endloop
  endfacet
  facet normal -0.595732 -0.803184 -0
    outer loop
      vertex 76.015 6.23682 14
      vertex 75.8889 6.33035 0
      vertex 76.015 6.23682 0
    endloop
  endfacet
  facet normal -0.514027 -0.857774 0
    outer loop
      vertex 75.7542 6.41107 0
      vertex 75.8889 6.33035 14
      vertex 75.7542 6.41107 14
    endloop
  endfacet
  facet normal -0.514027 -0.857774 -0
    outer loop
      vertex 75.8889 6.33035 14
      vertex 75.7542 6.41107 0
      vertex 75.8889 6.33035 0
    endloop
  endfacet
  facet normal 0.989212 -0.146493 0
    outer loop
      vertex 73.4077 5.15683 14
      vertex 73.4307 5.31214 0
      vertex 73.4307 5.31214 14
    endloop
  endfacet
  facet normal 0.989212 -0.146493 0
    outer loop
      vertex 73.4307 5.31214 0
      vertex 73.4077 5.15683 14
      vertex 73.4077 5.15683 0
    endloop
  endfacet
  facet normal 0.998797 -0.0490387 0
    outer loop
      vertex 73.4 5 14
      vertex 73.4077 5.15683 0
      vertex 73.4077 5.15683 14
    endloop
  endfacet
  facet normal 0.998797 -0.0490387 0
    outer loop
      vertex 73.4077 5.15683 0
      vertex 73.4 5 14
      vertex 73.4 5 0
    endloop
  endfacet
  facet normal 0.803015 -0.595958 0
    outer loop
      vertex 73.6696 5.88891 14
      vertex 73.7632 6.01503 0
      vertex 73.7632 6.01503 14
    endloop
  endfacet
  facet normal 0.803015 -0.595958 0
    outer loop
      vertex 73.7632 6.01503 0
      vertex 73.6696 5.88891 14
      vertex 73.6696 5.88891 0
    endloop
  endfacet
  facet normal 0.857796 -0.51399 0
    outer loop
      vertex 73.5889 5.75423 14
      vertex 73.6696 5.88891 0
      vertex 73.6696 5.88891 14
    endloop
  endfacet
  facet normal 0.857796 -0.51399 0
    outer loop
      vertex 73.6696 5.88891 0
      vertex 73.5889 5.75423 14
      vertex 73.5889 5.75423 0
    endloop
  endfacet
  facet normal 0.146689 -0.989183 0
    outer loop
      vertex 74.6879 6.56926 0
      vertex 74.8432 6.59229 14
      vertex 74.6879 6.56926 14
    endloop
  endfacet
  facet normal 0.146689 -0.989183 0
    outer loop
      vertex 74.8432 6.59229 14
      vertex 74.6879 6.56926 0
      vertex 74.8432 6.59229 0
    endloop
  endfacet
  facet normal 0.242895 -0.970053 0
    outer loop
      vertex 74.5355 6.5311 0
      vertex 74.6879 6.56926 14
      vertex 74.5355 6.5311 14
    endloop
  endfacet
  facet normal 0.242895 -0.970053 0
    outer loop
      vertex 74.6879 6.56926 14
      vertex 74.5355 6.5311 0
      vertex 74.6879 6.56926 0
    endloop
  endfacet
  facet normal 0.514027 -0.857774 0
    outer loop
      vertex 74.1111 6.33035 0
      vertex 74.2458 6.41107 14
      vertex 74.1111 6.33035 14
    endloop
  endfacet
  facet normal 0.514027 -0.857774 0
    outer loop
      vertex 74.2458 6.41107 14
      vertex 74.1111 6.33035 0
      vertex 74.2458 6.41107 0
    endloop
  endfacet
  facet normal 0.595732 -0.803184 0
    outer loop
      vertex 73.985 6.23682 0
      vertex 74.1111 6.33035 14
      vertex 73.985 6.23682 14
    endloop
  endfacet
  facet normal 0.595732 -0.803184 0
    outer loop
      vertex 74.1111 6.33035 14
      vertex 73.985 6.23682 0
      vertex 74.1111 6.33035 0
    endloop
  endfacet
  facet normal 0.741092 -0.671404 0
    outer loop
      vertex 73.7632 6.01503 14
      vertex 73.8686 6.13137 0
      vertex 73.8686 6.13137 14
    endloop
  endfacet
  facet normal 0.741092 -0.671404 0
    outer loop
      vertex 73.8686 6.13137 0
      vertex 73.7632 6.01503 14
      vertex 73.7632 6.01503 0
    endloop
  endfacet
  facet normal -0.998797 -0.0490387 0
    outer loop
      vertex 76.6 5 0
      vertex 76.5923 5.15683 14
      vertex 76.5923 5.15683 0
    endloop
  endfacet
  facet normal -0.998797 -0.0490387 0
    outer loop
      vertex 76.5923 5.15683 14
      vertex 76.6 5 0
      vertex 76.6 5 14
    endloop
  endfacet
  facet normal -0.857779 0.514018 0
    outer loop
      vertex 76.3304 4.11109 0
      vertex 76.4111 4.24576 14
      vertex 76.4111 4.24576 0
    endloop
  endfacet
  facet normal -0.857779 0.514018 0
    outer loop
      vertex 76.4111 4.24576 14
      vertex 76.3304 4.11109 0
      vertex 76.3304 4.11109 14
    endloop
  endfacet
  facet normal 0.741092 0.671404 0
    outer loop
      vertex 73.8686 3.86863 14
      vertex 73.7632 3.98497 0
      vertex 73.7632 3.98497 14
    endloop
  endfacet
  facet normal 0.741092 0.671404 0
    outer loop
      vertex 73.7632 3.98497 0
      vertex 73.8686 3.86863 14
      vertex 73.8686 3.86863 0
    endloop
  endfacet
  facet normal 0.941533 0.336921 0
    outer loop
      vertex 73.5218 4.38771 14
      vertex 73.4689 4.53554 0
      vertex 73.4689 4.53554 14
    endloop
  endfacet
  facet normal 0.941533 0.336921 0
    outer loop
      vertex 73.4689 4.53554 0
      vertex 73.5218 4.38771 14
      vertex 73.5218 4.38771 0
    endloop
  endfacet
  facet normal -0.146752 0.989173 0
    outer loop
      vertex 75.3121 3.43074 0
      vertex 75.1568 3.4077 14
      vertex 75.3121 3.43074 14
    endloop
  endfacet
  facet normal -0.146752 0.989173 0
    outer loop
      vertex 75.1568 3.4077 14
      vertex 75.3121 3.43074 0
      vertex 75.1568 3.4077 0
    endloop
  endfacet
  facet normal -0.90407 -0.427385 0
    outer loop
      vertex 76.4782 5.61229 0
      vertex 76.4111 5.75423 14
      vertex 76.4111 5.75423 0
    endloop
  endfacet
  facet normal -0.90407 -0.427385 0
    outer loop
      vertex 76.4111 5.75423 14
      vertex 76.4782 5.61229 0
      vertex 76.4782 5.61229 14
    endloop
  endfacet
  facet normal -0.94154 -0.336901 0
    outer loop
      vertex 76.5311 5.46445 0
      vertex 76.4782 5.61229 14
      vertex 76.4782 5.61229 0
    endloop
  endfacet
  facet normal -0.94154 -0.336901 0
    outer loop
      vertex 76.4782 5.61229 14
      vertex 76.5311 5.46445 0
      vertex 76.5311 5.46445 14
    endloop
  endfacet
  facet normal -0.969959 -0.24327 0
    outer loop
      vertex 76.5693 5.31214 0
      vertex 76.5311 5.46445 14
      vertex 76.5311 5.46445 0
    endloop
  endfacet
  facet normal -0.969959 -0.24327 0
    outer loop
      vertex 76.5311 5.46445 14
      vertex 76.5693 5.31214 0
      vertex 76.5693 5.31214 14
    endloop
  endfacet
  facet normal -0.741092 -0.671404 0
    outer loop
      vertex 76.2368 6.01503 0
      vertex 76.1314 6.13137 14
      vertex 76.1314 6.13137 0
    endloop
  endfacet
  facet normal -0.741092 -0.671404 0
    outer loop
      vertex 76.1314 6.13137 14
      vertex 76.2368 6.01503 0
      vertex 76.2368 6.01503 14
    endloop
  endfacet
  facet normal -0.0491116 -0.998793 0
    outer loop
      vertex 75 6.6 0
      vertex 75.1568 6.59229 14
      vertex 75 6.6 14
    endloop
  endfacet
  facet normal -0.0491116 -0.998793 -0
    outer loop
      vertex 75.1568 6.59229 14
      vertex 75 6.6 0
      vertex 75.1568 6.59229 0
    endloop
  endfacet
  facet normal -0.427692 -0.903925 0
    outer loop
      vertex 75.6123 6.47821 0
      vertex 75.7542 6.41107 14
      vertex 75.6123 6.47821 14
    endloop
  endfacet
  facet normal -0.427692 -0.903925 -0
    outer loop
      vertex 75.7542 6.41107 14
      vertex 75.6123 6.47821 0
      vertex 75.7542 6.41107 0
    endloop
  endfacet
  facet normal 0.969959 -0.24327 0
    outer loop
      vertex 73.4307 5.31214 14
      vertex 73.4689 5.46445 0
      vertex 73.4689 5.46445 14
    endloop
  endfacet
  facet normal 0.969959 -0.24327 0
    outer loop
      vertex 73.4689 5.46445 0
      vertex 73.4307 5.31214 14
      vertex 73.4307 5.31214 0
    endloop
  endfacet
  facet normal 0.90407 -0.427385 0
    outer loop
      vertex 73.5218 5.61229 14
      vertex 73.5889 5.75423 0
      vertex 73.5889 5.75423 14
    endloop
  endfacet
  facet normal 0.90407 -0.427385 0
    outer loop
      vertex 73.5889 5.75423 0
      vertex 73.5218 5.61229 14
      vertex 73.5218 5.61229 0
    endloop
  endfacet
  facet normal 0.336926 -0.941531 0
    outer loop
      vertex 74.3877 6.47821 0
      vertex 74.5355 6.5311 14
      vertex 74.3877 6.47821 14
    endloop
  endfacet
  facet normal 0.336926 -0.941531 0
    outer loop
      vertex 74.5355 6.5311 14
      vertex 74.3877 6.47821 0
      vertex 74.5355 6.5311 0
    endloop
  endfacet
  facet normal -0.969959 0.24327 0
    outer loop
      vertex 76.5311 4.53554 0
      vertex 76.5693 4.68785 14
      vertex 76.5693 4.68785 0
    endloop
  endfacet
  facet normal -0.969959 0.24327 0
    outer loop
      vertex 76.5693 4.68785 14
      vertex 76.5311 4.53554 0
      vertex 76.5311 4.53554 14
    endloop
  endfacet
  facet normal -0.671388 0.741106 0
    outer loop
      vertex 76.1314 3.86863 0
      vertex 76.015 3.76318 14
      vertex 76.1314 3.86863 14
    endloop
  endfacet
  facet normal -0.671388 0.741106 0
    outer loop
      vertex 76.015 3.76318 14
      vertex 76.1314 3.86863 0
      vertex 76.015 3.76318 0
    endloop
  endfacet
  facet normal -0.904081 0.427361 0
    outer loop
      vertex 76.4111 4.24576 0
      vertex 76.4782 4.38771 14
      vertex 76.4782 4.38771 0
    endloop
  endfacet
  facet normal -0.904081 0.427361 0
    outer loop
      vertex 76.4782 4.38771 14
      vertex 76.4111 4.24576 0
      vertex 76.4111 4.24576 14
    endloop
  endfacet
  facet normal -0.803015 0.595958 0
    outer loop
      vertex 76.2368 3.98497 0
      vertex 76.3304 4.11109 14
      vertex 76.3304 4.11109 0
    endloop
  endfacet
  facet normal -0.803015 0.595958 0
    outer loop
      vertex 76.3304 4.11109 14
      vertex 76.2368 3.98497 0
      vertex 76.2368 3.98497 14
    endloop
  endfacet
  facet normal 0.595732 0.803184 -0
    outer loop
      vertex 74.1111 3.66965 0
      vertex 73.985 3.76318 14
      vertex 74.1111 3.66965 14
    endloop
  endfacet
  facet normal 0.595732 0.803184 0
    outer loop
      vertex 73.985 3.76318 14
      vertex 74.1111 3.66965 0
      vertex 73.985 3.76318 0
    endloop
  endfacet
  facet normal 0.336982 0.941511 -0
    outer loop
      vertex 74.5355 3.46889 0
      vertex 74.3877 3.52179 14
      vertex 74.5355 3.46889 14
    endloop
  endfacet
  facet normal 0.336982 0.941511 0
    outer loop
      vertex 74.3877 3.52179 14
      vertex 74.5355 3.46889 0
      vertex 74.3877 3.52179 0
    endloop
  endfacet
  facet normal 0.989213 0.146484 0
    outer loop
      vertex 73.4307 4.68785 14
      vertex 73.4077 4.84317 0
      vertex 73.4077 4.84317 14
    endloop
  endfacet
  facet normal 0.989213 0.146484 0
    outer loop
      vertex 73.4077 4.84317 0
      vertex 73.4307 4.68785 14
      vertex 73.4307 4.68785 0
    endloop
  endfacet
  facet normal 0.904081 0.427361 0
    outer loop
      vertex 73.5889 4.24576 14
      vertex 73.5218 4.38771 0
      vertex 73.5218 4.38771 14
    endloop
  endfacet
  facet normal 0.904081 0.427361 0
    outer loop
      vertex 73.5218 4.38771 0
      vertex 73.5889 4.24576 14
      vertex 73.5889 4.24576 0
    endloop
  endfacet
  facet normal 0.671388 0.741106 -0
    outer loop
      vertex 73.985 3.76318 0
      vertex 73.8686 3.86863 14
      vertex 73.985 3.76318 14
    endloop
  endfacet
  facet normal 0.671388 0.741106 0
    outer loop
      vertex 73.8686 3.86863 14
      vertex 73.985 3.76318 0
      vertex 73.8686 3.86863 0
    endloop
  endfacet
  facet normal 0.857779 0.514018 0
    outer loop
      vertex 73.6696 4.11109 14
      vertex 73.5889 4.24576 0
      vertex 73.5889 4.24576 14
    endloop
  endfacet
  facet normal 0.857779 0.514018 0
    outer loop
      vertex 73.5889 4.24576 0
      vertex 73.6696 4.11109 14
      vertex 73.6696 4.11109 0
    endloop
  endfacet
  facet normal -0.336982 0.941511 0
    outer loop
      vertex 75.6123 3.52179 0
      vertex 75.4645 3.46889 14
      vertex 75.6123 3.52179 14
    endloop
  endfacet
  facet normal -0.336982 0.941511 0
    outer loop
      vertex 75.4645 3.46889 14
      vertex 75.6123 3.52179 0
      vertex 75.4645 3.46889 0
    endloop
  endfacet
  facet normal -0.989213 0.146484 0
    outer loop
      vertex 76.5693 4.68785 0
      vertex 76.5923 4.84317 14
      vertex 76.5923 4.84317 0
    endloop
  endfacet
  facet normal -0.989213 0.146484 0
    outer loop
      vertex 76.5923 4.84317 14
      vertex 76.5693 4.68785 0
      vertex 76.5693 4.68785 14
    endloop
  endfacet
  facet normal -0.049048 0.998796 0
    outer loop
      vertex 75.1568 3.4077 0
      vertex 75 3.4 14
      vertex 75.1568 3.4077 14
    endloop
  endfacet
  facet normal -0.049048 0.998796 0
    outer loop
      vertex 75 3.4 14
      vertex 75.1568 3.4077 0
      vertex 75 3.4 0
    endloop
  endfacet
  facet normal 0.242835 0.970068 -0
    outer loop
      vertex 74.6879 3.43074 0
      vertex 74.5355 3.46889 14
      vertex 74.6879 3.43074 14
    endloop
  endfacet
  facet normal 0.242835 0.970068 0
    outer loop
      vertex 74.5355 3.46889 14
      vertex 74.6879 3.43074 0
      vertex 74.5355 3.46889 0
    endloop
  endfacet
  facet normal 0.427692 0.903925 -0
    outer loop
      vertex 74.3877 3.52179 0
      vertex 74.2458 3.58893 14
      vertex 74.3877 3.52179 14
    endloop
  endfacet
  facet normal 0.427692 0.903925 0
    outer loop
      vertex 74.2458 3.58893 14
      vertex 74.3877 3.52179 0
      vertex 74.2458 3.58893 0
    endloop
  endfacet
  facet normal 0.969959 0.24327 0
    outer loop
      vertex 73.4689 4.53554 14
      vertex 73.4307 4.68785 0
      vertex 73.4307 4.68785 14
    endloop
  endfacet
  facet normal 0.969959 0.24327 0
    outer loop
      vertex 73.4307 4.68785 0
      vertex 73.4689 4.53554 14
      vertex 73.4689 4.53554 0
    endloop
  endfacet
  facet normal 0.803015 0.595958 0
    outer loop
      vertex 73.7632 3.98497 14
      vertex 73.6696 4.11109 0
      vertex 73.6696 4.11109 14
    endloop
  endfacet
  facet normal 0.803015 0.595958 0
    outer loop
      vertex 73.6696 4.11109 0
      vertex 73.7632 3.98497 14
      vertex 73.7632 3.98497 0
    endloop
  endfacet
  facet normal -0.427692 0.903925 0
    outer loop
      vertex 75.7542 3.58893 0
      vertex 75.6123 3.52179 14
      vertex 75.7542 3.58893 14
    endloop
  endfacet
  facet normal -0.427692 0.903925 0
    outer loop
      vertex 75.6123 3.52179 14
      vertex 75.7542 3.58893 0
      vertex 75.6123 3.52179 0
    endloop
  endfacet
  facet normal -0.595732 0.803184 0
    outer loop
      vertex 76.015 3.76318 0
      vertex 75.8889 3.66965 14
      vertex 76.015 3.76318 14
    endloop
  endfacet
  facet normal -0.595732 0.803184 0
    outer loop
      vertex 75.8889 3.66965 14
      vertex 76.015 3.76318 0
      vertex 75.8889 3.66965 0
    endloop
  endfacet
  facet normal -0.514027 0.857774 0
    outer loop
      vertex 75.8889 3.66965 0
      vertex 75.7542 3.58893 14
      vertex 75.8889 3.66965 14
    endloop
  endfacet
  facet normal -0.514027 0.857774 0
    outer loop
      vertex 75.7542 3.58893 14
      vertex 75.8889 3.66965 0
      vertex 75.7542 3.58893 0
    endloop
  endfacet
  facet normal -0.741092 0.671404 0
    outer loop
      vertex 76.1314 3.86863 0
      vertex 76.2368 3.98497 14
      vertex 76.2368 3.98497 0
    endloop
  endfacet
  facet normal -0.741092 0.671404 0
    outer loop
      vertex 76.2368 3.98497 14
      vertex 76.1314 3.86863 0
      vertex 76.1314 3.86863 14
    endloop
  endfacet
  facet normal 0.146752 0.989173 -0
    outer loop
      vertex 74.8432 3.4077 0
      vertex 74.6879 3.43074 14
      vertex 74.8432 3.4077 14
    endloop
  endfacet
  facet normal 0.146752 0.989173 0
    outer loop
      vertex 74.6879 3.43074 14
      vertex 74.8432 3.4077 0
      vertex 74.6879 3.43074 0
    endloop
  endfacet
  facet normal 0.514027 0.857774 -0
    outer loop
      vertex 74.2458 3.58893 0
      vertex 74.1111 3.66965 14
      vertex 74.2458 3.58893 14
    endloop
  endfacet
  facet normal 0.514027 0.857774 0
    outer loop
      vertex 74.1111 3.66965 14
      vertex 74.2458 3.58893 0
      vertex 74.1111 3.66965 0
    endloop
  endfacet
  facet normal -0.857774 -0.514027 0
    outer loop
      vertex 6.41107 45.7542 0
      vertex 6.33035 45.8889 14
      vertex 6.33035 45.8889 0
    endloop
  endfacet
  facet normal -0.857774 -0.514027 0
    outer loop
      vertex 6.33035 45.8889 14
      vertex 6.41107 45.7542 0
      vertex 6.41107 45.7542 14
    endloop
  endfacet
  facet normal -0.336901 -0.94154 0
    outer loop
      vertex 5.46445 46.5311 0
      vertex 5.61229 46.4782 14
      vertex 5.46445 46.5311 14
    endloop
  endfacet
  facet normal -0.336901 -0.94154 -0
    outer loop
      vertex 5.61229 46.4782 14
      vertex 5.46445 46.5311 0
      vertex 5.61229 46.4782 0
    endloop
  endfacet
  facet normal 0.427361 -0.904081 0
    outer loop
      vertex 4.24576 46.4111 0
      vertex 4.38771 46.4782 14
      vertex 4.24576 46.4111 14
    endloop
  endfacet
  facet normal 0.427361 -0.904081 0
    outer loop
      vertex 4.38771 46.4782 14
      vertex 4.24576 46.4111 0
      vertex 4.38771 46.4782 0
    endloop
  endfacet
  facet normal 0.941511 -0.336982 0
    outer loop
      vertex 3.46889 45.4645 14
      vertex 3.52179 45.6123 0
      vertex 3.52179 45.6123 14
    endloop
  endfacet
  facet normal 0.941511 -0.336982 0
    outer loop
      vertex 3.52179 45.6123 0
      vertex 3.46889 45.4645 14
      vertex 3.46889 45.4645 0
    endloop
  endfacet
  facet normal -0.998793 0.0491116 0
    outer loop
      vertex 6.59229 44.8432 0
      vertex 6.6 45 14
      vertex 6.6 45 0
    endloop
  endfacet
  facet normal -0.998793 0.0491116 0
    outer loop
      vertex 6.6 45 14
      vertex 6.59229 44.8432 0
      vertex 6.59229 44.8432 14
    endloop
  endfacet
  facet normal -0.0490387 -0.998797 0
    outer loop
      vertex 5 46.6 0
      vertex 5.15683 46.5923 14
      vertex 5 46.6 14
    endloop
  endfacet
  facet normal -0.0490387 -0.998797 -0
    outer loop
      vertex 5.15683 46.5923 14
      vertex 5 46.6 0
      vertex 5.15683 46.5923 0
    endloop
  endfacet
  facet normal -0.51399 -0.857796 0
    outer loop
      vertex 5.75423 46.4111 0
      vertex 5.88891 46.3304 14
      vertex 5.75423 46.4111 14
    endloop
  endfacet
  facet normal -0.51399 -0.857796 -0
    outer loop
      vertex 5.88891 46.3304 14
      vertex 5.75423 46.4111 0
      vertex 5.88891 46.3304 0
    endloop
  endfacet
  facet normal 0.998796 -0.049048 0
    outer loop
      vertex 3.4 45 14
      vertex 3.4077 45.1568 0
      vertex 3.4077 45.1568 14
    endloop
  endfacet
  facet normal 0.998796 -0.049048 0
    outer loop
      vertex 3.4077 45.1568 0
      vertex 3.4 45 14
      vertex 3.4 45 0
    endloop
  endfacet
  facet normal 0.803184 -0.595732 0
    outer loop
      vertex 3.66965 45.8889 14
      vertex 3.76318 46.015 0
      vertex 3.76318 46.015 14
    endloop
  endfacet
  facet normal 0.803184 -0.595732 0
    outer loop
      vertex 3.76318 46.015 0
      vertex 3.66965 45.8889 14
      vertex 3.66965 45.8889 0
    endloop
  endfacet
  facet normal 0.24327 -0.969959 0
    outer loop
      vertex 4.53554 46.5311 0
      vertex 4.68785 46.5693 14
      vertex 4.53554 46.5311 14
    endloop
  endfacet
  facet normal 0.24327 -0.969959 0
    outer loop
      vertex 4.68785 46.5693 14
      vertex 4.53554 46.5311 0
      vertex 4.68785 46.5693 0
    endloop
  endfacet
  facet normal 0.595958 0.803015 -0
    outer loop
      vertex 4.11109 43.6696 0
      vertex 3.98497 43.7632 14
      vertex 4.11109 43.6696 14
    endloop
  endfacet
  facet normal 0.595958 0.803015 0
    outer loop
      vertex 3.98497 43.7632 14
      vertex 4.11109 43.6696 0
      vertex 3.98497 43.7632 0
    endloop
  endfacet
  facet normal 0.857774 0.514027 0
    outer loop
      vertex 3.66965 44.1111 14
      vertex 3.58893 44.2458 0
      vertex 3.58893 44.2458 14
    endloop
  endfacet
  facet normal 0.857774 0.514027 0
    outer loop
      vertex 3.58893 44.2458 0
      vertex 3.66965 44.1111 14
      vertex 3.66965 44.1111 0
    endloop
  endfacet
  facet normal -0.989183 -0.146689 0
    outer loop
      vertex 6.59229 45.1568 0
      vertex 6.56926 45.3121 14
      vertex 6.56926 45.3121 0
    endloop
  endfacet
  facet normal -0.989183 -0.146689 0
    outer loop
      vertex 6.56926 45.3121 14
      vertex 6.59229 45.1568 0
      vertex 6.59229 45.1568 14
    endloop
  endfacet
  facet normal -0.803184 -0.595732 0
    outer loop
      vertex 6.33035 45.8889 0
      vertex 6.23682 46.015 14
      vertex 6.23682 46.015 0
    endloop
  endfacet
  facet normal -0.803184 -0.595732 0
    outer loop
      vertex 6.23682 46.015 14
      vertex 6.33035 45.8889 0
      vertex 6.33035 45.8889 14
    endloop
  endfacet
  facet normal -0.671404 -0.741092 0
    outer loop
      vertex 6.01503 46.2368 0
      vertex 6.13137 46.1314 14
      vertex 6.01503 46.2368 14
    endloop
  endfacet
  facet normal -0.671404 -0.741092 -0
    outer loop
      vertex 6.13137 46.1314 14
      vertex 6.01503 46.2368 0
      vertex 6.13137 46.1314 0
    endloop
  endfacet
  facet normal -0.741106 -0.671388 0
    outer loop
      vertex 6.23682 46.015 0
      vertex 6.13137 46.1314 14
      vertex 6.13137 46.1314 0
    endloop
  endfacet
  facet normal -0.741106 -0.671388 0
    outer loop
      vertex 6.13137 46.1314 14
      vertex 6.23682 46.015 0
      vertex 6.23682 46.015 14
    endloop
  endfacet
  facet normal 0.0490387 -0.998797 0
    outer loop
      vertex 4.84317 46.5923 0
      vertex 5 46.6 14
      vertex 4.84317 46.5923 14
    endloop
  endfacet
  facet normal 0.0490387 -0.998797 0
    outer loop
      vertex 5 46.6 14
      vertex 4.84317 46.5923 0
      vertex 5 46.6 0
    endloop
  endfacet
  facet normal -0.24327 -0.969959 0
    outer loop
      vertex 5.31214 46.5693 0
      vertex 5.46445 46.5311 14
      vertex 5.31214 46.5693 14
    endloop
  endfacet
  facet normal -0.24327 -0.969959 -0
    outer loop
      vertex 5.46445 46.5311 14
      vertex 5.31214 46.5693 0
      vertex 5.46445 46.5311 0
    endloop
  endfacet
  facet normal -0.146493 -0.989212 0
    outer loop
      vertex 5.15683 46.5923 0
      vertex 5.31214 46.5693 14
      vertex 5.15683 46.5923 14
    endloop
  endfacet
  facet normal -0.146493 -0.989212 -0
    outer loop
      vertex 5.31214 46.5693 14
      vertex 5.15683 46.5923 0
      vertex 5.31214 46.5693 0
    endloop
  endfacet
  facet normal -0.427385 -0.90407 0
    outer loop
      vertex 5.61229 46.4782 0
      vertex 5.75423 46.4111 14
      vertex 5.61229 46.4782 14
    endloop
  endfacet
  facet normal -0.427385 -0.90407 -0
    outer loop
      vertex 5.75423 46.4111 14
      vertex 5.61229 46.4782 0
      vertex 5.75423 46.4111 0
    endloop
  endfacet
  facet normal -0.595958 -0.803015 0
    outer loop
      vertex 5.88891 46.3304 0
      vertex 6.01503 46.2368 14
      vertex 5.88891 46.3304 14
    endloop
  endfacet
  facet normal -0.595958 -0.803015 -0
    outer loop
      vertex 6.01503 46.2368 14
      vertex 5.88891 46.3304 0
      vertex 6.01503 46.2368 0
    endloop
  endfacet
  facet normal 0.970068 -0.242835 0
    outer loop
      vertex 3.43074 45.3121 14
      vertex 3.46889 45.4645 0
      vertex 3.46889 45.4645 14
    endloop
  endfacet
  facet normal 0.970068 -0.242835 0
    outer loop
      vertex 3.46889 45.4645 0
      vertex 3.43074 45.3121 14
      vertex 3.43074 45.3121 0
    endloop
  endfacet
  facet normal 0.989173 -0.146752 0
    outer loop
      vertex 3.4077 45.1568 14
      vertex 3.43074 45.3121 0
      vertex 3.43074 45.3121 14
    endloop
  endfacet
  facet normal 0.989173 -0.146752 0
    outer loop
      vertex 3.43074 45.3121 0
      vertex 3.4077 45.1568 14
      vertex 3.4077 45.1568 0
    endloop
  endfacet
  facet normal 0.903925 -0.427692 0
    outer loop
      vertex 3.52179 45.6123 14
      vertex 3.58893 45.7542 0
      vertex 3.58893 45.7542 14
    endloop
  endfacet
  facet normal 0.903925 -0.427692 0
    outer loop
      vertex 3.58893 45.7542 0
      vertex 3.52179 45.6123 14
      vertex 3.52179 45.6123 0
    endloop
  endfacet
  facet normal 0.857774 -0.514027 0
    outer loop
      vertex 3.58893 45.7542 14
      vertex 3.66965 45.8889 0
      vertex 3.66965 45.8889 14
    endloop
  endfacet
  facet normal 0.857774 -0.514027 0
    outer loop
      vertex 3.66965 45.8889 0
      vertex 3.58893 45.7542 14
      vertex 3.58893 45.7542 0
    endloop
  endfacet
  facet normal 0.336921 -0.941533 0
    outer loop
      vertex 4.38771 46.4782 0
      vertex 4.53554 46.5311 14
      vertex 4.38771 46.4782 14
    endloop
  endfacet
  facet normal 0.336921 -0.941533 0
    outer loop
      vertex 4.53554 46.5311 14
      vertex 4.38771 46.4782 0
      vertex 4.53554 46.5311 0
    endloop
  endfacet
  facet normal 0.146484 -0.989213 0
    outer loop
      vertex 4.68785 46.5693 0
      vertex 4.84317 46.5923 14
      vertex 4.68785 46.5693 14
    endloop
  endfacet
  facet normal 0.146484 -0.989213 0
    outer loop
      vertex 4.84317 46.5923 14
      vertex 4.68785 46.5693 0
      vertex 4.84317 46.5923 0
    endloop
  endfacet
  facet normal 0.595958 -0.803015 0
    outer loop
      vertex 3.98497 46.2368 0
      vertex 4.11109 46.3304 14
      vertex 3.98497 46.2368 14
    endloop
  endfacet
  facet normal 0.595958 -0.803015 0
    outer loop
      vertex 4.11109 46.3304 14
      vertex 3.98497 46.2368 0
      vertex 4.11109 46.3304 0
    endloop
  endfacet
  facet normal 0.671404 -0.741092 0
    outer loop
      vertex 3.86863 46.1314 0
      vertex 3.98497 46.2368 14
      vertex 3.86863 46.1314 14
    endloop
  endfacet
  facet normal 0.671404 -0.741092 0
    outer loop
      vertex 3.98497 46.2368 14
      vertex 3.86863 46.1314 0
      vertex 3.98497 46.2368 0
    endloop
  endfacet
  facet normal 0.514018 -0.857779 0
    outer loop
      vertex 4.11109 46.3304 0
      vertex 4.24576 46.4111 14
      vertex 4.11109 46.3304 14
    endloop
  endfacet
  facet normal 0.514018 -0.857779 0
    outer loop
      vertex 4.24576 46.4111 14
      vertex 4.11109 46.3304 0
      vertex 4.24576 46.4111 0
    endloop
  endfacet
  facet normal 0.741106 -0.671388 0
    outer loop
      vertex 3.76318 46.015 14
      vertex 3.86863 46.1314 0
      vertex 3.86863 46.1314 14
    endloop
  endfacet
  facet normal 0.741106 -0.671388 0
    outer loop
      vertex 3.86863 46.1314 0
      vertex 3.76318 46.015 14
      vertex 3.76318 46.015 0
    endloop
  endfacet
  facet normal -0.998793 -0.0491116 0
    outer loop
      vertex 6.6 45 0
      vertex 6.59229 45.1568 14
      vertex 6.59229 45.1568 0
    endloop
  endfacet
  facet normal -0.998793 -0.0491116 0
    outer loop
      vertex 6.59229 45.1568 14
      vertex 6.6 45 0
      vertex 6.6 45 14
    endloop
  endfacet
  facet normal -0.970053 0.242895 0
    outer loop
      vertex 6.5311 44.5355 0
      vertex 6.56926 44.6879 14
      vertex 6.56926 44.6879 0
    endloop
  endfacet
  facet normal -0.970053 0.242895 0
    outer loop
      vertex 6.56926 44.6879 14
      vertex 6.5311 44.5355 0
      vertex 6.5311 44.5355 14
    endloop
  endfacet
  facet normal 0.741106 0.671388 0
    outer loop
      vertex 3.86863 43.8686 14
      vertex 3.76318 43.985 0
      vertex 3.76318 43.985 14
    endloop
  endfacet
  facet normal 0.741106 0.671388 0
    outer loop
      vertex 3.76318 43.985 0
      vertex 3.86863 43.8686 14
      vertex 3.86863 43.8686 0
    endloop
  endfacet
  facet normal -0.146493 0.989212 0
    outer loop
      vertex 5.31214 43.4307 0
      vertex 5.15683 43.4077 14
      vertex 5.31214 43.4307 14
    endloop
  endfacet
  facet normal -0.146493 0.989212 0
    outer loop
      vertex 5.15683 43.4077 14
      vertex 5.31214 43.4307 0
      vertex 5.15683 43.4077 0
    endloop
  endfacet
  facet normal -0.903925 -0.427692 0
    outer loop
      vertex 6.47821 45.6123 0
      vertex 6.41107 45.7542 14
      vertex 6.41107 45.7542 0
    endloop
  endfacet
  facet normal -0.903925 -0.427692 0
    outer loop
      vertex 6.41107 45.7542 14
      vertex 6.47821 45.6123 0
      vertex 6.47821 45.6123 14
    endloop
  endfacet
  facet normal -0.941531 -0.336926 0
    outer loop
      vertex 6.5311 45.4645 0
      vertex 6.47821 45.6123 14
      vertex 6.47821 45.6123 0
    endloop
  endfacet
  facet normal -0.941531 -0.336926 0
    outer loop
      vertex 6.47821 45.6123 14
      vertex 6.5311 45.4645 0
      vertex 6.5311 45.4645 14
    endloop
  endfacet
  facet normal 0.998796 0.049048 0
    outer loop
      vertex 3.4077 44.8432 14
      vertex 3.4 45 0
      vertex 3.4 45 14
    endloop
  endfacet
  facet normal 0.998796 0.049048 0
    outer loop
      vertex 3.4 45 0
      vertex 3.4077 44.8432 14
      vertex 3.4077 44.8432 0
    endloop
  endfacet
  facet normal -0.989183 0.146689 0
    outer loop
      vertex 6.56926 44.6879 0
      vertex 6.59229 44.8432 14
      vertex 6.59229 44.8432 0
    endloop
  endfacet
  facet normal -0.989183 0.146689 0
    outer loop
      vertex 6.59229 44.8432 14
      vertex 6.56926 44.6879 0
      vertex 6.56926 44.6879 14
    endloop
  endfacet
  facet normal -0.803184 0.595732 0
    outer loop
      vertex 6.23682 43.985 0
      vertex 6.33035 44.1111 14
      vertex 6.33035 44.1111 0
    endloop
  endfacet
  facet normal -0.803184 0.595732 0
    outer loop
      vertex 6.33035 44.1111 14
      vertex 6.23682 43.985 0
      vertex 6.23682 43.985 14
    endloop
  endfacet
  facet normal -0.903925 0.427692 0
    outer loop
      vertex 6.41107 44.2458 0
      vertex 6.47821 44.3877 14
      vertex 6.47821 44.3877 0
    endloop
  endfacet
  facet normal -0.903925 0.427692 0
    outer loop
      vertex 6.47821 44.3877 14
      vertex 6.41107 44.2458 0
      vertex 6.41107 44.2458 14
    endloop
  endfacet
  facet normal -0.857774 0.514027 0
    outer loop
      vertex 6.33035 44.1111 0
      vertex 6.41107 44.2458 14
      vertex 6.41107 44.2458 0
    endloop
  endfacet
  facet normal -0.857774 0.514027 0
    outer loop
      vertex 6.41107 44.2458 14
      vertex 6.33035 44.1111 0
      vertex 6.33035 44.1111 14
    endloop
  endfacet
  facet normal 0.0490387 0.998797 -0
    outer loop
      vertex 5 43.4 0
      vertex 4.84317 43.4077 14
      vertex 5 43.4 14
    endloop
  endfacet
  facet normal 0.0490387 0.998797 0
    outer loop
      vertex 4.84317 43.4077 14
      vertex 5 43.4 0
      vertex 4.84317 43.4077 0
    endloop
  endfacet
  facet normal 0.989173 0.146752 0
    outer loop
      vertex 3.43074 44.6879 14
      vertex 3.4077 44.8432 0
      vertex 3.4077 44.8432 14
    endloop
  endfacet
  facet normal 0.989173 0.146752 0
    outer loop
      vertex 3.4077 44.8432 0
      vertex 3.43074 44.6879 14
      vertex 3.43074 44.6879 0
    endloop
  endfacet
  facet normal 0.941511 0.336982 0
    outer loop
      vertex 3.52179 44.3877 14
      vertex 3.46889 44.5355 0
      vertex 3.46889 44.5355 14
    endloop
  endfacet
  facet normal 0.941511 0.336982 0
    outer loop
      vertex 3.46889 44.5355 0
      vertex 3.52179 44.3877 14
      vertex 3.52179 44.3877 0
    endloop
  endfacet
  facet normal 0.671404 0.741092 -0
    outer loop
      vertex 3.98497 43.7632 0
      vertex 3.86863 43.8686 14
      vertex 3.98497 43.7632 14
    endloop
  endfacet
  facet normal 0.671404 0.741092 0
    outer loop
      vertex 3.86863 43.8686 14
      vertex 3.98497 43.7632 0
      vertex 3.86863 43.8686 0
    endloop
  endfacet
  facet normal -0.336901 0.94154 0
    outer loop
      vertex 5.61229 43.5218 0
      vertex 5.46445 43.4689 14
      vertex 5.61229 43.5218 14
    endloop
  endfacet
  facet normal -0.336901 0.94154 0
    outer loop
      vertex 5.46445 43.4689 14
      vertex 5.61229 43.5218 0
      vertex 5.46445 43.4689 0
    endloop
  endfacet
  facet normal -0.24327 0.969959 0
    outer loop
      vertex 5.46445 43.4689 0
      vertex 5.31214 43.4307 14
      vertex 5.46445 43.4689 14
    endloop
  endfacet
  facet normal -0.24327 0.969959 0
    outer loop
      vertex 5.31214 43.4307 14
      vertex 5.46445 43.4689 0
      vertex 5.31214 43.4307 0
    endloop
  endfacet
  facet normal -0.970053 -0.242895 0
    outer loop
      vertex 6.56926 45.3121 0
      vertex 6.5311 45.4645 14
      vertex 6.5311 45.4645 0
    endloop
  endfacet
  facet normal -0.970053 -0.242895 0
    outer loop
      vertex 6.5311 45.4645 14
      vertex 6.56926 45.3121 0
      vertex 6.56926 45.3121 14
    endloop
  endfacet
  facet normal -0.671404 0.741092 0
    outer loop
      vertex 6.13137 43.8686 0
      vertex 6.01503 43.7632 14
      vertex 6.13137 43.8686 14
    endloop
  endfacet
  facet normal -0.671404 0.741092 0
    outer loop
      vertex 6.01503 43.7632 14
      vertex 6.13137 43.8686 0
      vertex 6.01503 43.7632 0
    endloop
  endfacet
  facet normal -0.941531 0.336926 0
    outer loop
      vertex 6.47821 44.3877 0
      vertex 6.5311 44.5355 14
      vertex 6.5311 44.5355 0
    endloop
  endfacet
  facet normal -0.941531 0.336926 0
    outer loop
      vertex 6.5311 44.5355 14
      vertex 6.47821 44.3877 0
      vertex 6.47821 44.3877 14
    endloop
  endfacet
  facet normal -0.0490387 0.998797 0
    outer loop
      vertex 5.15683 43.4077 0
      vertex 5 43.4 14
      vertex 5.15683 43.4077 14
    endloop
  endfacet
  facet normal -0.0490387 0.998797 0
    outer loop
      vertex 5 43.4 14
      vertex 5.15683 43.4077 0
      vertex 5 43.4 0
    endloop
  endfacet
  facet normal 0.336921 0.941533 -0
    outer loop
      vertex 4.53554 43.4689 0
      vertex 4.38771 43.5218 14
      vertex 4.53554 43.4689 14
    endloop
  endfacet
  facet normal 0.336921 0.941533 0
    outer loop
      vertex 4.38771 43.5218 14
      vertex 4.53554 43.4689 0
      vertex 4.38771 43.5218 0
    endloop
  endfacet
  facet normal 0.427361 0.904081 -0
    outer loop
      vertex 4.38771 43.5218 0
      vertex 4.24576 43.5889 14
      vertex 4.38771 43.5218 14
    endloop
  endfacet
  facet normal 0.427361 0.904081 0
    outer loop
      vertex 4.24576 43.5889 14
      vertex 4.38771 43.5218 0
      vertex 4.24576 43.5889 0
    endloop
  endfacet
  facet normal 0.24327 0.969959 -0
    outer loop
      vertex 4.68785 43.4307 0
      vertex 4.53554 43.4689 14
      vertex 4.68785 43.4307 14
    endloop
  endfacet
  facet normal 0.24327 0.969959 0
    outer loop
      vertex 4.53554 43.4689 14
      vertex 4.68785 43.4307 0
      vertex 4.53554 43.4689 0
    endloop
  endfacet
  facet normal 0.146484 0.989213 -0
    outer loop
      vertex 4.84317 43.4077 0
      vertex 4.68785 43.4307 14
      vertex 4.84317 43.4077 14
    endloop
  endfacet
  facet normal 0.146484 0.989213 0
    outer loop
      vertex 4.68785 43.4307 14
      vertex 4.84317 43.4077 0
      vertex 4.68785 43.4307 0
    endloop
  endfacet
  facet normal 0.970068 0.242835 0
    outer loop
      vertex 3.46889 44.5355 14
      vertex 3.43074 44.6879 0
      vertex 3.43074 44.6879 14
    endloop
  endfacet
  facet normal 0.970068 0.242835 0
    outer loop
      vertex 3.43074 44.6879 0
      vertex 3.46889 44.5355 14
      vertex 3.46889 44.5355 0
    endloop
  endfacet
  facet normal 0.903925 0.427692 0
    outer loop
      vertex 3.58893 44.2458 14
      vertex 3.52179 44.3877 0
      vertex 3.52179 44.3877 14
    endloop
  endfacet
  facet normal 0.903925 0.427692 0
    outer loop
      vertex 3.52179 44.3877 0
      vertex 3.58893 44.2458 14
      vertex 3.58893 44.2458 0
    endloop
  endfacet
  facet normal 0.803184 0.595732 0
    outer loop
      vertex 3.76318 43.985 14
      vertex 3.66965 44.1111 0
      vertex 3.66965 44.1111 14
    endloop
  endfacet
  facet normal 0.803184 0.595732 0
    outer loop
      vertex 3.66965 44.1111 0
      vertex 3.76318 43.985 14
      vertex 3.76318 43.985 0
    endloop
  endfacet
  facet normal -0.427385 0.90407 0
    outer loop
      vertex 5.75423 43.5889 0
      vertex 5.61229 43.5218 14
      vertex 5.75423 43.5889 14
    endloop
  endfacet
  facet normal -0.427385 0.90407 0
    outer loop
      vertex 5.61229 43.5218 14
      vertex 5.75423 43.5889 0
      vertex 5.61229 43.5218 0
    endloop
  endfacet
  facet normal -0.741106 0.671388 0
    outer loop
      vertex 6.13137 43.8686 0
      vertex 6.23682 43.985 14
      vertex 6.23682 43.985 0
    endloop
  endfacet
  facet normal -0.741106 0.671388 0
    outer loop
      vertex 6.23682 43.985 14
      vertex 6.13137 43.8686 0
      vertex 6.13137 43.8686 14
    endloop
  endfacet
  facet normal -0.595958 0.803015 0
    outer loop
      vertex 6.01503 43.7632 0
      vertex 5.88891 43.6696 14
      vertex 6.01503 43.7632 14
    endloop
  endfacet
  facet normal -0.595958 0.803015 0
    outer loop
      vertex 5.88891 43.6696 14
      vertex 6.01503 43.7632 0
      vertex 5.88891 43.6696 0
    endloop
  endfacet
  facet normal -0.51399 0.857796 0
    outer loop
      vertex 5.88891 43.6696 0
      vertex 5.75423 43.5889 14
      vertex 5.88891 43.6696 14
    endloop
  endfacet
  facet normal -0.51399 0.857796 0
    outer loop
      vertex 5.75423 43.5889 14
      vertex 5.88891 43.6696 0
      vertex 5.75423 43.5889 0
    endloop
  endfacet
  facet normal 0.514018 0.857779 -0
    outer loop
      vertex 4.24576 43.5889 0
      vertex 4.11109 43.6696 14
      vertex 4.24576 43.5889 14
    endloop
  endfacet
  facet normal 0.514018 0.857779 0
    outer loop
      vertex 4.11109 43.6696 14
      vertex 4.24576 43.5889 0
      vertex 4.11109 43.6696 0
    endloop
  endfacet
  facet normal -0.998796 -0.049048 0
    outer loop
      vertex 76.6 45 0
      vertex 76.5923 45.1568 14
      vertex 76.5923 45.1568 0
    endloop
  endfacet
  facet normal -0.998796 -0.049048 0
    outer loop
      vertex 76.5923 45.1568 14
      vertex 76.6 45 0
      vertex 76.6 45 14
    endloop
  endfacet
  facet normal 0.049048 -0.998796 0
    outer loop
      vertex 74.8432 46.5923 0
      vertex 75 46.6 14
      vertex 74.8432 46.5923 14
    endloop
  endfacet
  facet normal 0.049048 -0.998796 0
    outer loop
      vertex 75 46.6 14
      vertex 74.8432 46.5923 0
      vertex 75 46.6 0
    endloop
  endfacet
  facet normal -0.671213 -0.741264 0
    outer loop
      vertex 76.015 46.2368 0
      vertex 76.1314 46.1314 14
      vertex 76.015 46.2368 14
    endloop
  endfacet
  facet normal -0.671213 -0.741264 -0
    outer loop
      vertex 76.1314 46.1314 14
      vertex 76.015 46.2368 0
      vertex 76.1314 46.1314 0
    endloop
  endfacet
  facet normal 0.741264 -0.671213 0
    outer loop
      vertex 73.7632 46.015 14
      vertex 73.8686 46.1314 0
      vertex 73.8686 46.1314 14
    endloop
  endfacet
  facet normal 0.741264 -0.671213 0
    outer loop
      vertex 73.8686 46.1314 0
      vertex 73.7632 46.015 14
      vertex 73.7632 46.015 0
    endloop
  endfacet
  facet normal 0.427484 -0.904023 0
    outer loop
      vertex 74.2458 46.4111 0
      vertex 74.3877 46.4782 14
      vertex 74.2458 46.4111 14
    endloop
  endfacet
  facet normal 0.427484 -0.904023 0
    outer loop
      vertex 74.3877 46.4782 14
      vertex 74.2458 46.4111 0
      vertex 74.3877 46.4782 0
    endloop
  endfacet
  facet normal -0.904023 -0.427484 0
    outer loop
      vertex 76.4782 45.6123 0
      vertex 76.4111 45.7542 14
      vertex 76.4111 45.7542 0
    endloop
  endfacet
  facet normal -0.904023 -0.427484 0
    outer loop
      vertex 76.4111 45.7542 14
      vertex 76.4782 45.6123 0
      vertex 76.4782 45.6123 14
    endloop
  endfacet
  facet normal -0.336982 -0.941511 0
    outer loop
      vertex 75.4645 46.5311 0
      vertex 75.6123 46.4782 14
      vertex 75.4645 46.5311 14
    endloop
  endfacet
  facet normal -0.336982 -0.941511 -0
    outer loop
      vertex 75.6123 46.4782 14
      vertex 75.4645 46.5311 0
      vertex 75.6123 46.4782 0
    endloop
  endfacet
  facet normal 0.904023 -0.427484 0
    outer loop
      vertex 73.5218 45.6123 14
      vertex 73.5889 45.7542 0
      vertex 73.5889 45.7542 14
    endloop
  endfacet
  facet normal 0.904023 -0.427484 0
    outer loop
      vertex 73.5889 45.7542 0
      vertex 73.5218 45.6123 14
      vertex 73.5218 45.6123 0
    endloop
  endfacet
  facet normal 0.85783 -0.513934 0
    outer loop
      vertex 73.5889 45.7542 14
      vertex 73.6696 45.8889 0
      vertex 73.6696 45.8889 14
    endloop
  endfacet
  facet normal 0.85783 -0.513934 0
    outer loop
      vertex 73.6696 45.8889 0
      vertex 73.5889 45.7542 14
      vertex 73.5889 45.7542 0
    endloop
  endfacet
  facet normal 0.998796 0.049048 0
    outer loop
      vertex 73.4077 44.8432 14
      vertex 73.4 45 0
      vertex 73.4 45 14
    endloop
  endfacet
  facet normal 0.998796 0.049048 0
    outer loop
      vertex 73.4 45 0
      vertex 73.4077 44.8432 14
      vertex 73.4077 44.8432 0
    endloop
  endfacet
  facet normal -0.146502 0.98921 0
    outer loop
      vertex 75.3121 43.4307 0
      vertex 75.1568 43.4077 14
      vertex 75.3121 43.4307 14
    endloop
  endfacet
  facet normal -0.146502 0.98921 0
    outer loop
      vertex 75.1568 43.4077 14
      vertex 75.3121 43.4307 0
      vertex 75.1568 43.4077 0
    endloop
  endfacet
  facet normal -0.969993 -0.243135 0
    outer loop
      vertex 76.5693 45.3121 0
      vertex 76.5311 45.4645 14
      vertex 76.5311 45.4645 0
    endloop
  endfacet
  facet normal -0.969993 -0.243135 0
    outer loop
      vertex 76.5311 45.4645 14
      vertex 76.5693 45.3121 0
      vertex 76.5693 45.3121 14
    endloop
  endfacet
  facet normal -0.98921 -0.146502 0
    outer loop
      vertex 76.5923 45.1568 0
      vertex 76.5693 45.3121 14
      vertex 76.5693 45.3121 0
    endloop
  endfacet
  facet normal -0.98921 -0.146502 0
    outer loop
      vertex 76.5693 45.3121 14
      vertex 76.5923 45.1568 0
      vertex 76.5923 45.1568 14
    endloop
  endfacet
  facet normal -0.941511 -0.336982 0
    outer loop
      vertex 76.5311 45.4645 0
      vertex 76.4782 45.6123 14
      vertex 76.4782 45.6123 0
    endloop
  endfacet
  facet normal -0.941511 -0.336982 0
    outer loop
      vertex 76.4782 45.6123 14
      vertex 76.5311 45.4645 0
      vertex 76.5311 45.4645 14
    endloop
  endfacet
  facet normal -0.80297 -0.596019 0
    outer loop
      vertex 76.3304 45.8889 0
      vertex 76.2368 46.015 14
      vertex 76.2368 46.015 0
    endloop
  endfacet
  facet normal -0.80297 -0.596019 0
    outer loop
      vertex 76.2368 46.015 14
      vertex 76.3304 45.8889 0
      vertex 76.3304 45.8889 14
    endloop
  endfacet
  facet normal -0.741264 -0.671213 0
    outer loop
      vertex 76.2368 46.015 0
      vertex 76.1314 46.1314 14
      vertex 76.1314 46.1314 0
    endloop
  endfacet
  facet normal -0.741264 -0.671213 0
    outer loop
      vertex 76.1314 46.1314 14
      vertex 76.2368 46.015 0
      vertex 76.2368 46.015 14
    endloop
  endfacet
  facet normal -0.243135 -0.969993 0
    outer loop
      vertex 75.3121 46.5693 0
      vertex 75.4645 46.5311 14
      vertex 75.3121 46.5693 14
    endloop
  endfacet
  facet normal -0.243135 -0.969993 -0
    outer loop
      vertex 75.4645 46.5311 14
      vertex 75.3121 46.5693 0
      vertex 75.4645 46.5311 0
    endloop
  endfacet
  facet normal -0.146502 -0.98921 0
    outer loop
      vertex 75.1568 46.5923 0
      vertex 75.3121 46.5693 14
      vertex 75.1568 46.5923 14
    endloop
  endfacet
  facet normal -0.146502 -0.98921 -0
    outer loop
      vertex 75.3121 46.5693 14
      vertex 75.1568 46.5923 0
      vertex 75.3121 46.5693 0
    endloop
  endfacet
  facet normal -0.596019 -0.80297 0
    outer loop
      vertex 75.8889 46.3304 0
      vertex 76.015 46.2368 14
      vertex 75.8889 46.3304 14
    endloop
  endfacet
  facet normal -0.596019 -0.80297 -0
    outer loop
      vertex 76.015 46.2368 14
      vertex 75.8889 46.3304 0
      vertex 76.015 46.2368 0
    endloop
  endfacet
  facet normal -0.513934 -0.85783 0
    outer loop
      vertex 75.7542 46.4111 0
      vertex 75.8889 46.3304 14
      vertex 75.7542 46.4111 14
    endloop
  endfacet
  facet normal -0.513934 -0.85783 -0
    outer loop
      vertex 75.8889 46.3304 14
      vertex 75.7542 46.4111 0
      vertex 75.8889 46.3304 0
    endloop
  endfacet
  facet normal 0.80297 -0.596019 0
    outer loop
      vertex 73.6696 45.8889 14
      vertex 73.7632 46.015 0
      vertex 73.7632 46.015 14
    endloop
  endfacet
  facet normal 0.80297 -0.596019 0
    outer loop
      vertex 73.7632 46.015 0
      vertex 73.6696 45.8889 14
      vertex 73.6696 45.8889 0
    endloop
  endfacet
  facet normal 0.941511 -0.336982 0
    outer loop
      vertex 73.4689 45.4645 14
      vertex 73.5218 45.6123 0
      vertex 73.5218 45.6123 14
    endloop
  endfacet
  facet normal 0.941511 -0.336982 0
    outer loop
      vertex 73.5218 45.6123 0
      vertex 73.4689 45.4645 14
      vertex 73.4689 45.4645 0
    endloop
  endfacet
  facet normal 0.969993 -0.243135 0
    outer loop
      vertex 73.4307 45.3121 14
      vertex 73.4689 45.4645 0
      vertex 73.4689 45.4645 14
    endloop
  endfacet
  facet normal 0.969993 -0.243135 0
    outer loop
      vertex 73.4689 45.4645 0
      vertex 73.4307 45.3121 14
      vertex 73.4307 45.3121 0
    endloop
  endfacet
  facet normal 0.98921 -0.146502 0
    outer loop
      vertex 73.4077 45.1568 14
      vertex 73.4307 45.3121 0
      vertex 73.4307 45.3121 14
    endloop
  endfacet
  facet normal 0.98921 -0.146502 0
    outer loop
      vertex 73.4307 45.3121 0
      vertex 73.4077 45.1568 14
      vertex 73.4077 45.1568 0
    endloop
  endfacet
  facet normal 0.998796 -0.049048 0
    outer loop
      vertex 73.4 45 14
      vertex 73.4077 45.1568 0
      vertex 73.4077 45.1568 14
    endloop
  endfacet
  facet normal 0.998796 -0.049048 0
    outer loop
      vertex 73.4077 45.1568 0
      vertex 73.4 45 14
      vertex 73.4 45 0
    endloop
  endfacet
  facet normal 0.513934 -0.85783 0
    outer loop
      vertex 74.1111 46.3304 0
      vertex 74.2458 46.4111 14
      vertex 74.1111 46.3304 14
    endloop
  endfacet
  facet normal 0.513934 -0.85783 0
    outer loop
      vertex 74.2458 46.4111 14
      vertex 74.1111 46.3304 0
      vertex 74.2458 46.4111 0
    endloop
  endfacet
  facet normal 0.596019 -0.80297 0
    outer loop
      vertex 73.985 46.2368 0
      vertex 74.1111 46.3304 14
      vertex 73.985 46.2368 14
    endloop
  endfacet
  facet normal 0.596019 -0.80297 0
    outer loop
      vertex 74.1111 46.3304 14
      vertex 73.985 46.2368 0
      vertex 74.1111 46.3304 0
    endloop
  endfacet
  facet normal 0.671213 -0.741264 0
    outer loop
      vertex 73.8686 46.1314 0
      vertex 73.985 46.2368 14
      vertex 73.8686 46.1314 14
    endloop
  endfacet
  facet normal 0.671213 -0.741264 0
    outer loop
      vertex 73.985 46.2368 14
      vertex 73.8686 46.1314 0
      vertex 73.985 46.2368 0
    endloop
  endfacet
  facet normal 0.146502 -0.98921 0
    outer loop
      vertex 74.6879 46.5693 0
      vertex 74.8432 46.5923 14
      vertex 74.6879 46.5693 14
    endloop
  endfacet
  facet normal 0.146502 -0.98921 0
    outer loop
      vertex 74.8432 46.5923 14
      vertex 74.6879 46.5693 0
      vertex 74.8432 46.5923 0
    endloop
  endfacet
  facet normal 0.336982 -0.941511 0
    outer loop
      vertex 74.3877 46.4782 0
      vertex 74.5355 46.5311 14
      vertex 74.3877 46.4782 14
    endloop
  endfacet
  facet normal 0.336982 -0.941511 0
    outer loop
      vertex 74.5355 46.5311 14
      vertex 74.3877 46.4782 0
      vertex 74.5355 46.5311 0
    endloop
  endfacet
  facet normal 0.243135 -0.969993 0
    outer loop
      vertex 74.5355 46.5311 0
      vertex 74.6879 46.5693 14
      vertex 74.5355 46.5311 14
    endloop
  endfacet
  facet normal 0.243135 -0.969993 0
    outer loop
      vertex 74.6879 46.5693 14
      vertex 74.5355 46.5311 0
      vertex 74.6879 46.5693 0
    endloop
  endfacet
  facet normal -0.998796 0.049048 0
    outer loop
      vertex 76.5923 44.8432 0
      vertex 76.6 45 14
      vertex 76.6 45 0
    endloop
  endfacet
  facet normal -0.998796 0.049048 0
    outer loop
      vertex 76.6 45 14
      vertex 76.5923 44.8432 0
      vertex 76.5923 44.8432 14
    endloop
  endfacet
  facet normal 0.336982 0.941511 -0
    outer loop
      vertex 74.5355 43.4689 0
      vertex 74.3877 43.5218 14
      vertex 74.5355 43.4689 14
    endloop
  endfacet
  facet normal 0.336982 0.941511 0
    outer loop
      vertex 74.3877 43.5218 14
      vertex 74.5355 43.4689 0
      vertex 74.3877 43.5218 0
    endloop
  endfacet
  facet normal 0.741264 0.671213 0
    outer loop
      vertex 73.8686 43.8686 14
      vertex 73.7632 43.985 0
      vertex 73.7632 43.985 14
    endloop
  endfacet
  facet normal 0.741264 0.671213 0
    outer loop
      vertex 73.7632 43.985 0
      vertex 73.8686 43.8686 14
      vertex 73.8686 43.8686 0
    endloop
  endfacet
  facet normal 0.904023 0.427484 0
    outer loop
      vertex 73.5889 44.2458 14
      vertex 73.5218 44.3877 0
      vertex 73.5218 44.3877 14
    endloop
  endfacet
  facet normal 0.904023 0.427484 0
    outer loop
      vertex 73.5218 44.3877 0
      vertex 73.5889 44.2458 14
      vertex 73.5889 44.2458 0
    endloop
  endfacet
  facet normal -0.336982 0.941511 0
    outer loop
      vertex 75.6123 43.5218 0
      vertex 75.4645 43.4689 14
      vertex 75.6123 43.5218 14
    endloop
  endfacet
  facet normal -0.336982 0.941511 0
    outer loop
      vertex 75.4645 43.4689 14
      vertex 75.6123 43.5218 0
      vertex 75.4645 43.4689 0
    endloop
  endfacet
  facet normal -0.243135 0.969993 0
    outer loop
      vertex 75.4645 43.4689 0
      vertex 75.3121 43.4307 14
      vertex 75.4645 43.4689 14
    endloop
  endfacet
  facet normal -0.243135 0.969993 0
    outer loop
      vertex 75.3121 43.4307 14
      vertex 75.4645 43.4689 0
      vertex 75.3121 43.4307 0
    endloop
  endfacet
  facet normal -0.85783 -0.513934 0
    outer loop
      vertex 76.4111 45.7542 0
      vertex 76.3304 45.8889 14
      vertex 76.3304 45.8889 0
    endloop
  endfacet
  facet normal -0.85783 -0.513934 0
    outer loop
      vertex 76.3304 45.8889 14
      vertex 76.4111 45.7542 0
      vertex 76.4111 45.7542 14
    endloop
  endfacet
  facet normal -0.049048 -0.998796 0
    outer loop
      vertex 75 46.6 0
      vertex 75.1568 46.5923 14
      vertex 75 46.6 14
    endloop
  endfacet
  facet normal -0.049048 -0.998796 -0
    outer loop
      vertex 75.1568 46.5923 14
      vertex 75 46.6 0
      vertex 75.1568 46.5923 0
    endloop
  endfacet
  facet normal -0.427484 -0.904023 0
    outer loop
      vertex 75.6123 46.4782 0
      vertex 75.7542 46.4111 14
      vertex 75.6123 46.4782 14
    endloop
  endfacet
  facet normal -0.427484 -0.904023 -0
    outer loop
      vertex 75.7542 46.4111 14
      vertex 75.6123 46.4782 0
      vertex 75.7542 46.4111 0
    endloop
  endfacet
  facet normal -0.969993 0.243135 0
    outer loop
      vertex 76.5311 44.5355 0
      vertex 76.5693 44.6879 14
      vertex 76.5693 44.6879 0
    endloop
  endfacet
  facet normal -0.969993 0.243135 0
    outer loop
      vertex 76.5693 44.6879 14
      vertex 76.5311 44.5355 0
      vertex 76.5311 44.5355 14
    endloop
  endfacet
  facet normal -0.671213 0.741264 0
    outer loop
      vertex 76.1314 43.8686 0
      vertex 76.015 43.7632 14
      vertex 76.1314 43.8686 14
    endloop
  endfacet
  facet normal -0.671213 0.741264 0
    outer loop
      vertex 76.015 43.7632 14
      vertex 76.1314 43.8686 0
      vertex 76.015 43.7632 0
    endloop
  endfacet
  facet normal -0.904023 0.427484 0
    outer loop
      vertex 76.4111 44.2458 0
      vertex 76.4782 44.3877 14
      vertex 76.4782 44.3877 0
    endloop
  endfacet
  facet normal -0.904023 0.427484 0
    outer loop
      vertex 76.4782 44.3877 14
      vertex 76.4111 44.2458 0
      vertex 76.4111 44.2458 14
    endloop
  endfacet
  facet normal -0.80297 0.596019 0
    outer loop
      vertex 76.2368 43.985 0
      vertex 76.3304 44.1111 14
      vertex 76.3304 44.1111 0
    endloop
  endfacet
  facet normal -0.80297 0.596019 0
    outer loop
      vertex 76.3304 44.1111 14
      vertex 76.2368 43.985 0
      vertex 76.2368 43.985 14
    endloop
  endfacet
  facet normal 0.049048 0.998796 -0
    outer loop
      vertex 75 43.4 0
      vertex 74.8432 43.4077 14
      vertex 75 43.4 14
    endloop
  endfacet
  facet normal 0.049048 0.998796 0
    outer loop
      vertex 74.8432 43.4077 14
      vertex 75 43.4 0
      vertex 74.8432 43.4077 0
    endloop
  endfacet
  facet normal 0.513934 0.85783 -0
    outer loop
      vertex 74.2458 43.5889 0
      vertex 74.1111 43.6696 14
      vertex 74.2458 43.5889 14
    endloop
  endfacet
  facet normal 0.513934 0.85783 0
    outer loop
      vertex 74.1111 43.6696 14
      vertex 74.2458 43.5889 0
      vertex 74.1111 43.6696 0
    endloop
  endfacet
  facet normal 0.85783 0.513934 0
    outer loop
      vertex 73.6696 44.1111 14
      vertex 73.5889 44.2458 0
      vertex 73.5889 44.2458 14
    endloop
  endfacet
  facet normal 0.85783 0.513934 0
    outer loop
      vertex 73.5889 44.2458 0
      vertex 73.6696 44.1111 14
      vertex 73.6696 44.1111 0
    endloop
  endfacet
  facet normal 0.941511 0.336982 0
    outer loop
      vertex 73.5218 44.3877 14
      vertex 73.4689 44.5355 0
      vertex 73.4689 44.5355 14
    endloop
  endfacet
  facet normal 0.941511 0.336982 0
    outer loop
      vertex 73.4689 44.5355 0
      vertex 73.5218 44.3877 14
      vertex 73.5218 44.3877 0
    endloop
  endfacet
  facet normal 0.98921 0.146502 0
    outer loop
      vertex 73.4307 44.6879 14
      vertex 73.4077 44.8432 0
      vertex 73.4077 44.8432 14
    endloop
  endfacet
  facet normal 0.98921 0.146502 0
    outer loop
      vertex 73.4077 44.8432 0
      vertex 73.4307 44.6879 14
      vertex 73.4307 44.6879 0
    endloop
  endfacet
  facet normal -0.427484 0.904023 0
    outer loop
      vertex 75.7542 43.5889 0
      vertex 75.6123 43.5218 14
      vertex 75.7542 43.5889 14
    endloop
  endfacet
  facet normal -0.427484 0.904023 0
    outer loop
      vertex 75.6123 43.5218 14
      vertex 75.7542 43.5889 0
      vertex 75.6123 43.5218 0
    endloop
  endfacet
  facet normal -0.98921 0.146502 0
    outer loop
      vertex 76.5693 44.6879 0
      vertex 76.5923 44.8432 14
      vertex 76.5923 44.8432 0
    endloop
  endfacet
  facet normal -0.98921 0.146502 0
    outer loop
      vertex 76.5923 44.8432 14
      vertex 76.5693 44.6879 0
      vertex 76.5693 44.6879 14
    endloop
  endfacet
  facet normal -0.513934 0.85783 0
    outer loop
      vertex 75.8889 43.6696 0
      vertex 75.7542 43.5889 14
      vertex 75.8889 43.6696 14
    endloop
  endfacet
  facet normal -0.513934 0.85783 0
    outer loop
      vertex 75.7542 43.5889 14
      vertex 75.8889 43.6696 0
      vertex 75.7542 43.5889 0
    endloop
  endfacet
  facet normal -0.941511 0.336982 0
    outer loop
      vertex 76.4782 44.3877 0
      vertex 76.5311 44.5355 14
      vertex 76.5311 44.5355 0
    endloop
  endfacet
  facet normal -0.941511 0.336982 0
    outer loop
      vertex 76.5311 44.5355 14
      vertex 76.4782 44.3877 0
      vertex 76.4782 44.3877 14
    endloop
  endfacet
  facet normal -0.85783 0.513934 0
    outer loop
      vertex 76.3304 44.1111 0
      vertex 76.4111 44.2458 14
      vertex 76.4111 44.2458 0
    endloop
  endfacet
  facet normal -0.85783 0.513934 0
    outer loop
      vertex 76.4111 44.2458 14
      vertex 76.3304 44.1111 0
      vertex 76.3304 44.1111 14
    endloop
  endfacet
  facet normal -0.049048 0.998796 0
    outer loop
      vertex 75.1568 43.4077 0
      vertex 75 43.4 14
      vertex 75.1568 43.4077 14
    endloop
  endfacet
  facet normal -0.049048 0.998796 0
    outer loop
      vertex 75 43.4 14
      vertex 75.1568 43.4077 0
      vertex 75 43.4 0
    endloop
  endfacet
  facet normal 0.243135 0.969993 -0
    outer loop
      vertex 74.6879 43.4307 0
      vertex 74.5355 43.4689 14
      vertex 74.6879 43.4307 14
    endloop
  endfacet
  facet normal 0.243135 0.969993 0
    outer loop
      vertex 74.5355 43.4689 14
      vertex 74.6879 43.4307 0
      vertex 74.5355 43.4689 0
    endloop
  endfacet
  facet normal 0.427484 0.904023 -0
    outer loop
      vertex 74.3877 43.5218 0
      vertex 74.2458 43.5889 14
      vertex 74.3877 43.5218 14
    endloop
  endfacet
  facet normal 0.427484 0.904023 0
    outer loop
      vertex 74.2458 43.5889 14
      vertex 74.3877 43.5218 0
      vertex 74.2458 43.5889 0
    endloop
  endfacet
  facet normal 0.596019 0.80297 -0
    outer loop
      vertex 74.1111 43.6696 0
      vertex 73.985 43.7632 14
      vertex 74.1111 43.6696 14
    endloop
  endfacet
  facet normal 0.596019 0.80297 0
    outer loop
      vertex 73.985 43.7632 14
      vertex 74.1111 43.6696 0
      vertex 73.985 43.7632 0
    endloop
  endfacet
  facet normal 0.671213 0.741264 -0
    outer loop
      vertex 73.985 43.7632 0
      vertex 73.8686 43.8686 14
      vertex 73.985 43.7632 14
    endloop
  endfacet
  facet normal 0.671213 0.741264 0
    outer loop
      vertex 73.8686 43.8686 14
      vertex 73.985 43.7632 0
      vertex 73.8686 43.8686 0
    endloop
  endfacet
  facet normal 0.80297 0.596019 0
    outer loop
      vertex 73.7632 43.985 14
      vertex 73.6696 44.1111 0
      vertex 73.6696 44.1111 14
    endloop
  endfacet
  facet normal 0.80297 0.596019 0
    outer loop
      vertex 73.6696 44.1111 0
      vertex 73.7632 43.985 14
      vertex 73.7632 43.985 0
    endloop
  endfacet
  facet normal 0.969993 0.243135 0
    outer loop
      vertex 73.4689 44.5355 14
      vertex 73.4307 44.6879 0
      vertex 73.4307 44.6879 14
    endloop
  endfacet
  facet normal 0.969993 0.243135 0
    outer loop
      vertex 73.4307 44.6879 0
      vertex 73.4689 44.5355 14
      vertex 73.4689 44.5355 0
    endloop
  endfacet
  facet normal -0.596019 0.80297 0
    outer loop
      vertex 76.015 43.7632 0
      vertex 75.8889 43.6696 14
      vertex 76.015 43.7632 14
    endloop
  endfacet
  facet normal -0.596019 0.80297 0
    outer loop
      vertex 75.8889 43.6696 14
      vertex 76.015 43.7632 0
      vertex 75.8889 43.6696 0
    endloop
  endfacet
  facet normal -0.741264 0.671213 0
    outer loop
      vertex 76.1314 43.8686 0
      vertex 76.2368 43.985 14
      vertex 76.2368 43.985 0
    endloop
  endfacet
  facet normal -0.741264 0.671213 0
    outer loop
      vertex 76.2368 43.985 14
      vertex 76.1314 43.8686 0
      vertex 76.1314 43.8686 14
    endloop
  endfacet
  facet normal 0.146502 0.98921 -0
    outer loop
      vertex 74.8432 43.4077 0
      vertex 74.6879 43.4307 14
      vertex 74.8432 43.4077 14
    endloop
  endfacet
  facet normal 0.146502 0.98921 0
    outer loop
      vertex 74.6879 43.4307 14
      vertex 74.8432 43.4077 0
      vertex 74.6879 43.4307 0
    endloop
  endfacet
  facet normal 0 0 -1
    outer loop
      vertex 5.88891 6.33035 0
      vertex 11.8159 12.9249 0
      vertex 6.01503 6.23682 0
    endloop
  endfacet
  facet normal 0 0 -1
    outer loop
      vertex 10 24 0
      vertex 6.59229 44.8432 0
      vertex 6.6 45 0
    endloop
  endfacet
  facet normal 0 0 -1
    outer loop
      vertex 5.75423 6.41107 0
      vertex 11.8159 12.9249 0
      vertex 5.88891 6.33035 0
    endloop
  endfacet
  facet normal 0 0 -1
    outer loop
      vertex 10 24 0
      vertex 6.56926 44.6879 0
      vertex 6.59229 44.8432 0
    endloop
  endfacet
  facet normal -0 0 -1
    outer loop
      vertex 11.8159 12.9249 0
      vertex 5.75423 6.41107 0
      vertex 11.3482 13.5554 0
    endloop
  endfacet
  facet normal 0 0 -1
    outer loop
      vertex 10 24 0
      vertex 6.5311 44.5355 0
      vertex 6.56926 44.6879 0
    endloop
  endfacet
  facet normal 0 0 -1
    outer loop
      vertex 5.61229 6.47821 0
      vertex 11.3482 13.5554 0
      vertex 5.75423 6.41107 0
    endloop
  endfacet
  facet normal 0 0 -1
    outer loop
      vertex 10 24 0
      vertex 6.47821 44.3877 0
      vertex 6.5311 44.5355 0
    endloop
  endfacet
  facet normal 0 0 -1
    outer loop
      vertex 5.46445 6.5311 0
      vertex 11.3482 13.5554 0
      vertex 5.61229 6.47821 0
    endloop
  endfacet
  facet normal 0 0 -1
    outer loop
      vertex 10 24 0
      vertex 6.41107 44.2458 0
      vertex 6.47821 44.3877 0
    endloop
  endfacet
  facet normal -0 0 -1
    outer loop
      vertex 11.3482 13.5554 0
      vertex 5.46445 6.5311 0
      vertex 10.9446 14.2288 0
    endloop
  endfacet
  facet normal 0 0 -1
    outer loop
      vertex 10 24 0
      vertex 6.33035 44.1111 0
      vertex 6.41107 44.2458 0
    endloop
  endfacet
  facet normal 0 0 -1
    outer loop
      vertex 5.31214 6.56926 0
      vertex 10.9446 14.2288 0
      vertex 5.46445 6.5311 0
    endloop
  endfacet
  facet normal 0 0 -1
    outer loop
      vertex 10 24 0
      vertex 6.23682 43.985 0
      vertex 6.33035 44.1111 0
    endloop
  endfacet
  facet normal 0 0 -1
    outer loop
      vertex 5.15683 6.59229 0
      vertex 10.9446 14.2288 0
      vertex 5.31214 6.56926 0
    endloop
  endfacet
  facet normal 0 0 -1
    outer loop
      vertex 10 24 0
      vertex 6.13137 43.8686 0
      vertex 6.23682 43.985 0
    endloop
  endfacet
  facet normal -0 0 -1
    outer loop
      vertex 10.9446 14.2288 0
      vertex 5.15683 6.59229 0
      vertex 10.609 14.9385 0
    endloop
  endfacet
  facet normal 0 0 -1
    outer loop
      vertex 10 24 0
      vertex 6.01503 43.7632 0
      vertex 6.13137 43.8686 0
    endloop
  endfacet
  facet normal 0 0 -1
    outer loop
      vertex 5 6.6 0
      vertex 10.609 14.9385 0
      vertex 5.15683 6.59229 0
    endloop
  endfacet
  facet normal 0 0 -1
    outer loop
      vertex 10 24 0
      vertex 5.88891 43.6696 0
      vertex 6.01503 43.7632 0
    endloop
  endfacet
  facet normal 0 0 -1
    outer loop
      vertex 4.84317 6.59229 0
      vertex 10.609 14.9385 0
      vertex 5 6.6 0
    endloop
  endfacet
  facet normal 0 0 -1
    outer loop
      vertex 10 24 0
      vertex 5.75423 43.5889 0
      vertex 5.88891 43.6696 0
    endloop
  endfacet
  facet normal -0 0 -1
    outer loop
      vertex 10.609 14.9385 0
      vertex 4.84317 6.59229 0
      vertex 10.3445 15.6777 0
    endloop
  endfacet
  facet normal 0 0 -1
    outer loop
      vertex 10 24 0
      vertex 5.61229 43.5218 0
      vertex 5.75423 43.5889 0
    endloop
  endfacet
  facet normal 0 0 -1
    outer loop
      vertex 0 8 0
      vertex 10.3445 15.6777 0
      vertex 4.84317 6.59229 0
    endloop
  endfacet
  facet normal 0 0 -1
    outer loop
      vertex 10 24 0
      vertex 5.46445 43.4689 0
      vertex 5.61229 43.5218 0
    endloop
  endfacet
  facet normal -0 0 -1
    outer loop
      vertex 10.3445 15.6777 0
      vertex 0 8 0
      vertex 10.1537 16.4393 0
    endloop
  endfacet
  facet normal 0 0 -1
    outer loop
      vertex 10 24 0
      vertex 5.31214 43.4307 0
      vertex 5.46445 43.4689 0
    endloop
  endfacet
  facet normal -0 0 -1
    outer loop
      vertex 10.1537 16.4393 0
      vertex 0 8 0
      vertex 10.0385 17.2159 0
    endloop
  endfacet
  facet normal 0 0 -1
    outer loop
      vertex 10 24 0
      vertex 5.15683 43.4077 0
      vertex 5.31214 43.4307 0
    endloop
  endfacet
  facet normal -0 0 -1
    outer loop
      vertex 10 18 0
      vertex 0 8 0
      vertex 10 24 0
    endloop
  endfacet
  facet normal 0 0 -1
    outer loop
      vertex 0 42 0
      vertex 10 24 0
      vertex 0 8 0
    endloop
  endfacet
  facet normal -0 0 -1
    outer loop
      vertex 10.0385 17.2159 0
      vertex 0 8 0
      vertex 10 18 0
    endloop
  endfacet
  facet normal 0 -0 -1
    outer loop
      vertex 5 43.4 0
      vertex 10 24 0
      vertex 0 42 0
    endloop
  endfacet
  facet normal 0 0 -1
    outer loop
      vertex 0 8 0
      vertex 4.84317 6.59229 0
      vertex 4.68785 6.56926 0
    endloop
  endfacet
  facet normal 0 0 -1
    outer loop
      vertex 10 24 0
      vertex 5 43.4 0
      vertex 5.15683 43.4077 0
    endloop
  endfacet
  facet normal 0 0 -1
    outer loop
      vertex 0 8 0
      vertex 4.68785 6.56926 0
      vertex 4.53554 6.5311 0
    endloop
  endfacet
  facet normal -0 0 -1
    outer loop
      vertex 5 43.4 0
      vertex 0 42 0
      vertex 4.84317 43.4077 0
    endloop
  endfacet
  facet normal 0 0 -1
    outer loop
      vertex 0 8 0
      vertex 4.53554 6.5311 0
      vertex 4.38771 6.47821 0
    endloop
  endfacet
  facet normal -0 0 -1
    outer loop
      vertex 4.84317 43.4077 0
      vertex 0 42 0
      vertex 4.68785 43.4307 0
    endloop
  endfacet
  facet normal 0 0 -1
    outer loop
      vertex 0 8 0
      vertex 4.38771 6.47821 0
      vertex 4.24576 6.41107 0
    endloop
  endfacet
  facet normal -0 0 -1
    outer loop
      vertex 4.68785 43.4307 0
      vertex 0 42 0
      vertex 4.53554 43.4689 0
    endloop
  endfacet
  facet normal 0 0 -1
    outer loop
      vertex 0 8 0
      vertex 4.24576 6.41107 0
      vertex 4.11109 6.33035 0
    endloop
  endfacet
  facet normal -0 0 -1
    outer loop
      vertex 4.53554 43.4689 0
      vertex 0 42 0
      vertex 4.38771 43.5218 0
    endloop
  endfacet
  facet normal 0 0 -1
    outer loop
      vertex 0 8 0
      vertex 4.11109 6.33035 0
      vertex 3.98497 6.23682 0
    endloop
  endfacet
  facet normal -0 0 -1
    outer loop
      vertex 4.38771 43.5218 0
      vertex 0 42 0
      vertex 4.24576 43.5889 0
    endloop
  endfacet
  facet normal 0 0 -1
    outer loop
      vertex 0 8 0
      vertex 3.98497 6.23682 0
      vertex 3.86863 6.13137 0
    endloop
  endfacet
  facet normal -0 0 -1
    outer loop
      vertex 4.24576 43.5889 0
      vertex 0 42 0
      vertex 4.11109 43.6696 0
    endloop
  endfacet
  facet normal 0 0 -1
    outer loop
      vertex 0 8 0
      vertex 3.86863 6.13137 0
      vertex 3.76318 6.01503 0
    endloop
  endfacet
  facet normal -0 0 -1
    outer loop
      vertex 4.11109 43.6696 0
      vertex 0 42 0
      vertex 3.98497 43.7632 0
    endloop
  endfacet
  facet normal 0 0 -1
    outer loop
      vertex 0 8 0
      vertex 3.76318 6.01503 0
      vertex 3.66965 5.88891 0
    endloop
  endfacet
  facet normal -0 0 -1
    outer loop
      vertex 3.98497 43.7632 0
      vertex 0 42 0
      vertex 3.86863 43.8686 0
    endloop
  endfacet
  facet normal 0 0 -1
    outer loop
      vertex 0 8 0
      vertex 3.66965 5.88891 0
      vertex 3.58893 5.75423 0
    endloop
  endfacet
  facet normal 0 -0 -1
    outer loop
      vertex 0.0385132 42.7841 0
      vertex 3.86863 43.8686 0
      vertex 0 42 0
    endloop
  endfacet
  facet normal 0 0 -1
    outer loop
      vertex 0 8 0
      vertex 3.58893 5.75423 0
      vertex 3.52179 5.61229 0
    endloop
  endfacet
  facet normal -0 0 -1
    outer loop
      vertex 3.86863 43.8686 0
      vertex 0.0385132 42.7841 0
      vertex 3.76318 43.985 0
    endloop
  endfacet
  facet normal 0 0 -1
    outer loop
      vertex 0 8 0
      vertex 3.52179 5.61229 0
      vertex 3.46889 5.46445 0
    endloop
  endfacet
  facet normal -0 0 -1
    outer loop
      vertex 3.76318 43.985 0
      vertex 0.0385132 42.7841 0
      vertex 3.66965 44.1111 0
    endloop
  endfacet
  facet normal 0 0 -1
    outer loop
      vertex 0 8 0
      vertex 3.46889 5.46445 0
      vertex 3.43074 5.31214 0
    endloop
  endfacet
  facet normal 0 -0 -1
    outer loop
      vertex 0.153717 43.5607 0
      vertex 3.66965 44.1111 0
      vertex 0.0385132 42.7841 0
    endloop
  endfacet
  facet normal 0 0 -1
    outer loop
      vertex 0 8 0
      vertex 3.43074 5.31214 0
      vertex 3.4077 5.15683 0
    endloop
  endfacet
  facet normal -0 0 -1
    outer loop
      vertex 3.66965 44.1111 0
      vertex 0.153717 43.5607 0
      vertex 3.58893 44.2458 0
    endloop
  endfacet
  facet normal 0 0 -1
    outer loop
      vertex 0 8 0
      vertex 3.4077 5.15683 0
      vertex 3.4 5 0
    endloop
  endfacet
  facet normal 0 -0 -1
    outer loop
      vertex 0.344467 44.3223 0
      vertex 3.58893 44.2458 0
      vertex 0.153717 43.5607 0
    endloop
  endfacet
  facet normal 0 0 -1
    outer loop
      vertex 6.59229 45.1568 0
      vertex 8 50 0
      vertex 6.6 45 0
    endloop
  endfacet
  facet normal 0 0 -1
    outer loop
      vertex 6.56926 45.3121 0
      vertex 8 50 0
      vertex 6.59229 45.1568 0
    endloop
  endfacet
  facet normal 0 0 -1
    outer loop
      vertex 6.5311 45.4645 0
      vertex 8 50 0
      vertex 6.56926 45.3121 0
    endloop
  endfacet
  facet normal 0 0 -1
    outer loop
      vertex 6.47821 45.6123 0
      vertex 8 50 0
      vertex 6.5311 45.4645 0
    endloop
  endfacet
  facet normal 0 0 -1
    outer loop
      vertex 6.41107 45.7542 0
      vertex 8 50 0
      vertex 6.47821 45.6123 0
    endloop
  endfacet
  facet normal 0 0 -1
    outer loop
      vertex 6.33035 45.8889 0
      vertex 8 50 0
      vertex 6.41107 45.7542 0
    endloop
  endfacet
  facet normal 0 0 -1
    outer loop
      vertex 6.23682 46.015 0
      vertex 8 50 0
      vertex 6.33035 45.8889 0
    endloop
  endfacet
  facet normal 0 0 -1
    outer loop
      vertex 6.13137 46.1314 0
      vertex 8 50 0
      vertex 6.23682 46.015 0
    endloop
  endfacet
  facet normal 0 0 -1
    outer loop
      vertex 8 50 0
      vertex 6.13137 46.1314 0
      vertex 7.21585 49.9615 0
    endloop
  endfacet
  facet normal 0 0 -1
    outer loop
      vertex 6.01503 46.2368 0
      vertex 7.21585 49.9615 0
      vertex 6.13137 46.1314 0
    endloop
  endfacet
  facet normal 0 0 -1
    outer loop
      vertex 5.88891 46.3304 0
      vertex 7.21585 49.9615 0
      vertex 6.01503 46.2368 0
    endloop
  endfacet
  facet normal 0 0 -1
    outer loop
      vertex 7.21585 49.9615 0
      vertex 5.88891 46.3304 0
      vertex 6.43927 49.8463 0
    endloop
  endfacet
  facet normal 0 0 -1
    outer loop
      vertex 5.75423 46.4111 0
      vertex 6.43927 49.8463 0
      vertex 5.88891 46.3304 0
    endloop
  endfacet
  facet normal 0 0 -1
    outer loop
      vertex 5.75423 46.4111 0
      vertex 5.67772 49.6555 0
      vertex 6.43927 49.8463 0
    endloop
  endfacet
  facet normal 0 0 -1
    outer loop
      vertex 5.61229 46.4782 0
      vertex 5.67772 49.6555 0
      vertex 5.75423 46.4111 0
    endloop
  endfacet
  facet normal 0 0 -1
    outer loop
      vertex 5.46445 46.5311 0
      vertex 5.67772 49.6555 0
      vertex 5.61229 46.4782 0
    endloop
  endfacet
  facet normal 0 0 -1
    outer loop
      vertex 4.93852 49.391 0
      vertex 5.46445 46.5311 0
      vertex 5.31214 46.5693 0
    endloop
  endfacet
  facet normal 0 0 -1
    outer loop
      vertex 4.93852 49.391 0
      vertex 5.31214 46.5693 0
      vertex 5.15683 46.5923 0
    endloop
  endfacet
  facet normal 0 0 -1
    outer loop
      vertex 4.22882 49.0554 0
      vertex 5.15683 46.5923 0
      vertex 5 46.6 0
    endloop
  endfacet
  facet normal 0 0 -1
    outer loop
      vertex 5.46445 46.5311 0
      vertex 4.93852 49.391 0
      vertex 5.67772 49.6555 0
    endloop
  endfacet
  facet normal 0 0 -1
    outer loop
      vertex 4.22882 49.0554 0
      vertex 5 46.6 0
      vertex 4.84317 46.5923 0
    endloop
  endfacet
  facet normal 0 0 -1
    outer loop
      vertex 4.22882 49.0554 0
      vertex 4.84317 46.5923 0
      vertex 4.68785 46.5693 0
    endloop
  endfacet
  facet normal 0 0 -1
    outer loop
      vertex 3.55544 48.6517 0
      vertex 4.68785 46.5693 0
      vertex 4.53554 46.5311 0
    endloop
  endfacet
  facet normal 0 0 -1
    outer loop
      vertex 3.55544 48.6517 0
      vertex 4.53554 46.5311 0
      vertex 4.38771 46.4782 0
    endloop
  endfacet
  facet normal 0 0 -1
    outer loop
      vertex 2.92485 48.1841 0
      vertex 4.38771 46.4782 0
      vertex 4.24576 46.4111 0
    endloop
  endfacet
  facet normal 0 0 -1
    outer loop
      vertex 5.15683 46.5923 0
      vertex 4.22882 49.0554 0
      vertex 4.93852 49.391 0
    endloop
  endfacet
  facet normal 0 0 -1
    outer loop
      vertex 2.92485 48.1841 0
      vertex 4.24576 46.4111 0
      vertex 4.11109 46.3304 0
    endloop
  endfacet
  facet normal 0 0 -1
    outer loop
      vertex 2.92485 48.1841 0
      vertex 4.11109 46.3304 0
      vertex 3.98497 46.2368 0
    endloop
  endfacet
  facet normal 0 0 -1
    outer loop
      vertex 2.34314 47.6568 0
      vertex 3.98497 46.2368 0
      vertex 3.86863 46.1314 0
    endloop
  endfacet
  facet normal 0 0 -1
    outer loop
      vertex 2.34314 47.6568 0
      vertex 3.86863 46.1314 0
      vertex 3.76318 46.015 0
    endloop
  endfacet
  facet normal 0 0 -1
    outer loop
      vertex 1.8159 47.0751 0
      vertex 3.76318 46.015 0
      vertex 3.66965 45.8889 0
    endloop
  endfacet
  facet normal 0 0 -1
    outer loop
      vertex 1.8159 47.0751 0
      vertex 3.66965 45.8889 0
      vertex 3.58893 45.7542 0
    endloop
  endfacet
  facet normal 0 0 -1
    outer loop
      vertex 4.68785 46.5693 0
      vertex 3.55544 48.6517 0
      vertex 4.22882 49.0554 0
    endloop
  endfacet
  facet normal 0 0 -1
    outer loop
      vertex 1.8159 47.0751 0
      vertex 3.58893 45.7542 0
      vertex 3.52179 45.6123 0
    endloop
  endfacet
  facet normal 0 0 -1
    outer loop
      vertex 1.34824 46.4445 0
      vertex 3.52179 45.6123 0
      vertex 3.46889 45.4645 0
    endloop
  endfacet
  facet normal 0 0 -1
    outer loop
      vertex 1.34824 46.4445 0
      vertex 3.46889 45.4645 0
      vertex 3.43074 45.3121 0
    endloop
  endfacet
  facet normal 0 0 -1
    outer loop
      vertex 0.944626 45.7712 0
      vertex 3.43074 45.3121 0
      vertex 3.4077 45.1568 0
    endloop
  endfacet
  facet normal 0 0 -1
    outer loop
      vertex 0.944626 45.7712 0
      vertex 3.4077 45.1568 0
      vertex 3.4 45 0
    endloop
  endfacet
  facet normal 0 0 -1
    outer loop
      vertex 4.38771 46.4782 0
      vertex 2.92485 48.1841 0
      vertex 3.55544 48.6517 0
    endloop
  endfacet
  facet normal 0 0 -1
    outer loop
      vertex 3.58893 44.2458 0
      vertex 0.344467 44.3223 0
      vertex 3.52179 44.3877 0
    endloop
  endfacet
  facet normal 0 0 -1
    outer loop
      vertex 0 8 0
      vertex 2.92485 1.8159 0
      vertex 2.34314 2.34314 0
    endloop
  endfacet
  facet normal -0 0 -1
    outer loop
      vertex 3.52179 44.3877 0
      vertex 0.344467 44.3223 0
      vertex 3.46889 44.5355 0
    endloop
  endfacet
  facet normal 0 0 -1
    outer loop
      vertex 0 8 0
      vertex 2.34314 2.34314 0
      vertex 1.8159 2.92485 0
    endloop
  endfacet
  facet normal 0 -0 -1
    outer loop
      vertex 0.608963 45.0615 0
      vertex 3.46889 44.5355 0
      vertex 0.344467 44.3223 0
    endloop
  endfacet
  facet normal 0 0 -1
    outer loop
      vertex 0 8 0
      vertex 1.8159 2.92485 0
      vertex 1.34824 3.55544 0
    endloop
  endfacet
  facet normal 0 0 -1
    outer loop
      vertex 3.98497 46.2368 0
      vertex 2.34314 47.6568 0
      vertex 2.92485 48.1841 0
    endloop
  endfacet
  facet normal 0 0 -1
    outer loop
      vertex 0 8 0
      vertex 1.34824 3.55544 0
      vertex 0.944626 4.22882 0
    endloop
  endfacet
  facet normal 0 0 -1
    outer loop
      vertex 3.76318 46.015 0
      vertex 1.8159 47.0751 0
      vertex 2.34314 47.6568 0
    endloop
  endfacet
  facet normal 0 0 -1
    outer loop
      vertex 0 8 0
      vertex 0.944626 4.22882 0
      vertex 0.608963 4.93852 0
    endloop
  endfacet
  facet normal 0 0 -1
    outer loop
      vertex 3.52179 45.6123 0
      vertex 1.34824 46.4445 0
      vertex 1.8159 47.0751 0
    endloop
  endfacet
  facet normal 0 0 -1
    outer loop
      vertex 0 8 0
      vertex 0.608963 4.93852 0
      vertex 0.344467 5.67772 0
    endloop
  endfacet
  facet normal 0 0 -1
    outer loop
      vertex 3.43074 45.3121 0
      vertex 0.944626 45.7712 0
      vertex 1.34824 46.4445 0
    endloop
  endfacet
  facet normal 0 0 -1
    outer loop
      vertex 0 8 0
      vertex 0.344467 5.67772 0
      vertex 0.153717 6.43927 0
    endloop
  endfacet
  facet normal 0 0 -1
    outer loop
      vertex 3.4077 44.8432 0
      vertex 0.944626 45.7712 0
      vertex 3.4 45 0
    endloop
  endfacet
  facet normal 0 0 -1
    outer loop
      vertex 0 8 0
      vertex 0.153717 6.43927 0
      vertex 0.0385132 7.21585 0
    endloop
  endfacet
  facet normal 0 -0 -1
    outer loop
      vertex 0.944626 45.7712 0
      vertex 3.4077 44.8432 0
      vertex 0.608963 45.0615 0
    endloop
  endfacet
  facet normal 0 0 -1
    outer loop
      vertex 3.43074 44.6879 0
      vertex 0.608963 45.0615 0
      vertex 3.4077 44.8432 0
    endloop
  endfacet
  facet normal 0 0 -1
    outer loop
      vertex 3.46889 44.5355 0
      vertex 0.608963 45.0615 0
      vertex 3.43074 44.6879 0
    endloop
  endfacet
  facet normal -0 0 -1
    outer loop
      vertex 74.3877 43.5218 0
      vertex 66.4445 30.6517 0
      vertex 74.2458 43.5889 0
    endloop
  endfacet
  facet normal -0 0 -1
    outer loop
      vertex 74.2458 43.5889 0
      vertex 66.4445 30.6517 0
      vertex 74.1111 43.6696 0
    endloop
  endfacet
  facet normal 0 0 -1
    outer loop
      vertex 65.7712 31.0554 0
      vertex 74.1111 43.6696 0
      vertex 66.4445 30.6517 0
    endloop
  endfacet
  facet normal -0 0 -1
    outer loop
      vertex 74.1111 43.6696 0
      vertex 65.7712 31.0554 0
      vertex 73.985 43.7632 0
    endloop
  endfacet
  facet normal -0 0 -1
    outer loop
      vertex 73.985 43.7632 0
      vertex 65.7712 31.0554 0
      vertex 73.8686 43.8686 0
    endloop
  endfacet
  facet normal 0 0 -1
    outer loop
      vertex 65.0615 31.391 0
      vertex 73.8686 43.8686 0
      vertex 65.7712 31.0554 0
    endloop
  endfacet
  facet normal -0 0 -1
    outer loop
      vertex 73.8686 43.8686 0
      vertex 65.0615 31.391 0
      vertex 73.7632 43.985 0
    endloop
  endfacet
  facet normal 0 0 -1
    outer loop
      vertex 64.3223 31.6555 0
      vertex 73.7632 43.985 0
      vertex 65.0615 31.391 0
    endloop
  endfacet
  facet normal -0 0 -1
    outer loop
      vertex 73.7632 43.985 0
      vertex 64.3223 31.6555 0
      vertex 73.6696 44.1111 0
    endloop
  endfacet
  facet normal -0 0 -1
    outer loop
      vertex 73.6696 44.1111 0
      vertex 64.3223 31.6555 0
      vertex 73.5889 44.2458 0
    endloop
  endfacet
  facet normal 0 0 -1
    outer loop
      vertex 63.5607 31.8463 0
      vertex 73.5889 44.2458 0
      vertex 64.3223 31.6555 0
    endloop
  endfacet
  facet normal -0 0 -1
    outer loop
      vertex 73.5889 44.2458 0
      vertex 63.5607 31.8463 0
      vertex 73.5218 44.3877 0
    endloop
  endfacet
  facet normal -0 0 -1
    outer loop
      vertex 73.5218 44.3877 0
      vertex 63.5607 31.8463 0
      vertex 73.4689 44.5355 0
    endloop
  endfacet
  facet normal 0 0 -1
    outer loop
      vertex 62.7841 31.9615 0
      vertex 73.4689 44.5355 0
      vertex 63.5607 31.8463 0
    endloop
  endfacet
  facet normal -0 0 -1
    outer loop
      vertex 73.4689 44.5355 0
      vertex 62.7841 31.9615 0
      vertex 73.4307 44.6879 0
    endloop
  endfacet
  facet normal 0 0 -1
    outer loop
      vertex 62 32 0
      vertex 73.4307 44.6879 0
      vertex 62.7841 31.9615 0
    endloop
  endfacet
  facet normal -0 0 -1
    outer loop
      vertex 73.4307 44.6879 0
      vertex 62 32 0
      vertex 72 50 0
    endloop
  endfacet
  facet normal 0 0 -1
    outer loop
      vertex 54 32 0
      vertex 72 50 0
      vertex 62 32 0
    endloop
  endfacet
  facet normal 0 0 -1
    outer loop
      vertex 53.2159 31.9615 0
      vertex 72 50 0
      vertex 54 32 0
    endloop
  endfacet
  facet normal 0 0 -1
    outer loop
      vertex 52.4393 31.8463 0
      vertex 72 50 0
      vertex 53.2159 31.9615 0
    endloop
  endfacet
  facet normal 0 0 -1
    outer loop
      vertex 51.6777 31.6555 0
      vertex 72 50 0
      vertex 52.4393 31.8463 0
    endloop
  endfacet
  facet normal 0 0 -1
    outer loop
      vertex 34.3223 31.6555 0
      vertex 51.6777 31.6555 0
      vertex 50.9385 31.391 0
    endloop
  endfacet
  facet normal 0 0 -1
    outer loop
      vertex 35.0615 31.391 0
      vertex 50.9385 31.391 0
      vertex 50.2288 31.0554 0
    endloop
  endfacet
  facet normal 0 0 -1
    outer loop
      vertex 35.7712 31.0554 0
      vertex 50.2288 31.0554 0
      vertex 49.5554 30.6517 0
    endloop
  endfacet
  facet normal 0 0 -1
    outer loop
      vertex 36.4445 30.6517 0
      vertex 49.5554 30.6517 0
      vertex 48.9249 30.1841 0
    endloop
  endfacet
  facet normal 0 0 -1
    outer loop
      vertex 39.8553 25.5 0
      vertex 46.1537 25.5607 0
      vertex 46.1447 25.5 0
    endloop
  endfacet
  facet normal 0 0 -1
    outer loop
      vertex 39.8463 25.5607 0
      vertex 46.1537 25.5607 0
      vertex 39.8553 25.5 0
    endloop
  endfacet
  facet normal 0 0 -1
    outer loop
      vertex 46.1537 25.5607 0
      vertex 39.8463 25.5607 0
      vertex 46.3445 26.3223 0
    endloop
  endfacet
  facet normal 0 0 -1
    outer loop
      vertex 39.6555 26.3223 0
      vertex 46.3445 26.3223 0
      vertex 39.8463 25.5607 0
    endloop
  endfacet
  facet normal 0 0 -1
    outer loop
      vertex 46.3445 26.3223 0
      vertex 39.6555 26.3223 0
      vertex 46.609 27.0615 0
    endloop
  endfacet
  facet normal 0 0 -1
    outer loop
      vertex 39.391 27.0615 0
      vertex 46.609 27.0615 0
      vertex 39.6555 26.3223 0
    endloop
  endfacet
  facet normal 0 0 -1
    outer loop
      vertex 46.609 27.0615 0
      vertex 39.391 27.0615 0
      vertex 46.9446 27.7712 0
    endloop
  endfacet
  facet normal 0 0 -1
    outer loop
      vertex 39.0554 27.7712 0
      vertex 46.9446 27.7712 0
      vertex 39.391 27.0615 0
    endloop
  endfacet
  facet normal 0 0 -1
    outer loop
      vertex 46.9446 27.7712 0
      vertex 39.0554 27.7712 0
      vertex 47.3482 28.4445 0
    endloop
  endfacet
  facet normal 0 0 -1
    outer loop
      vertex 38.6517 28.4445 0
      vertex 47.3482 28.4445 0
      vertex 39.0554 27.7712 0
    endloop
  endfacet
  facet normal 0 0 -1
    outer loop
      vertex 47.3482 28.4445 0
      vertex 38.6517 28.4445 0
      vertex 47.8159 29.0751 0
    endloop
  endfacet
  facet normal 0 0 -1
    outer loop
      vertex 38.1841 29.0751 0
      vertex 47.8159 29.0751 0
      vertex 38.6517 28.4445 0
    endloop
  endfacet
  facet normal 0 0 -1
    outer loop
      vertex 47.8159 29.0751 0
      vertex 38.1841 29.0751 0
      vertex 48.3431 29.6568 0
    endloop
  endfacet
  facet normal 0 0 -1
    outer loop
      vertex 37.6568 29.6568 0
      vertex 48.3431 29.6568 0
      vertex 38.1841 29.0751 0
    endloop
  endfacet
  facet normal 0 0 -1
    outer loop
      vertex 48.3431 29.6568 0
      vertex 37.6568 29.6568 0
      vertex 48.9249 30.1841 0
    endloop
  endfacet
  facet normal 0 0 -1
    outer loop
      vertex 37.0751 30.1841 0
      vertex 48.9249 30.1841 0
      vertex 37.6568 29.6568 0
    endloop
  endfacet
  facet normal 0 0 -1
    outer loop
      vertex 36.4445 30.6517 0
      vertex 48.9249 30.1841 0
      vertex 37.0751 30.1841 0
    endloop
  endfacet
  facet normal 0 0 -1
    outer loop
      vertex 49.5554 30.6517 0
      vertex 36.4445 30.6517 0
      vertex 35.7712 31.0554 0
    endloop
  endfacet
  facet normal 0 0 -1
    outer loop
      vertex 50.2288 31.0554 0
      vertex 35.7712 31.0554 0
      vertex 35.0615 31.391 0
    endloop
  endfacet
  facet normal 0 0 -1
    outer loop
      vertex 50.9385 31.391 0
      vertex 35.0615 31.391 0
      vertex 34.3223 31.6555 0
    endloop
  endfacet
  facet normal 0 0 -1
    outer loop
      vertex 51.6777 31.6555 0
      vertex 34.3223 31.6555 0
      vertex 72 50 0
    endloop
  endfacet
  facet normal 0 0 -1
    outer loop
      vertex 33.5607 31.8463 0
      vertex 72 50 0
      vertex 34.3223 31.6555 0
    endloop
  endfacet
  facet normal 0 0 -1
    outer loop
      vertex 8 50 0
      vertex 33.5607 31.8463 0
      vertex 32.7841 31.9615 0
    endloop
  endfacet
  facet normal 0 0 -1
    outer loop
      vertex 8 50 0
      vertex 32.7841 31.9615 0
      vertex 32 32 0
    endloop
  endfacet
  facet normal 0 0 -1
    outer loop
      vertex 8 50 0
      vertex 32 32 0
      vertex 18 32 0
    endloop
  endfacet
  facet normal 0 0 -1
    outer loop
      vertex 6.6 45 0
      vertex 18 32 0
      vertex 17.2159 31.9615 0
    endloop
  endfacet
  facet normal 0 0 -1
    outer loop
      vertex 6.6 45 0
      vertex 17.2159 31.9615 0
      vertex 16.4393 31.8463 0
    endloop
  endfacet
  facet normal 0 0 -1
    outer loop
      vertex 6.6 45 0
      vertex 16.4393 31.8463 0
      vertex 15.6777 31.6555 0
    endloop
  endfacet
  facet normal 0 0 -1
    outer loop
      vertex 6.01503 6.23682 0
      vertex 12.3431 12.3431 0
      vertex 6.13137 6.13137 0
    endloop
  endfacet
  facet normal 0 0 -1
    outer loop
      vertex 33.5607 31.8463 0
      vertex 8 50 0
      vertex 72 50 0
    endloop
  endfacet
  facet normal 0 0 -1
    outer loop
      vertex 6.6 45 0
      vertex 15.6777 31.6555 0
      vertex 14.9385 31.391 0
    endloop
  endfacet
  facet normal 0 0 -1
    outer loop
      vertex 6.6 45 0
      vertex 14.9385 31.391 0
      vertex 14.2288 31.0554 0
    endloop
  endfacet
  facet normal 0 0 -1
    outer loop
      vertex 6.6 45 0
      vertex 14.2288 31.0554 0
      vertex 13.5554 30.6517 0
    endloop
  endfacet
  facet normal 0 0 -1
    outer loop
      vertex 6.6 45 0
      vertex 13.5554 30.6517 0
      vertex 12.9249 30.1841 0
    endloop
  endfacet
  facet normal 0 0 -1
    outer loop
      vertex 6.6 45 0
      vertex 12.9249 30.1841 0
      vertex 12.3431 29.6568 0
    endloop
  endfacet
  facet normal 0 0 -1
    outer loop
      vertex 6.6 45 0
      vertex 12.3431 29.6568 0
      vertex 11.8159 29.0751 0
    endloop
  endfacet
  facet normal 0 0 -1
    outer loop
      vertex 6.6 45 0
      vertex 11.8159 29.0751 0
      vertex 11.3482 28.4445 0
    endloop
  endfacet
  facet normal 0 0 -1
    outer loop
      vertex 6.6 45 0
      vertex 11.3482 28.4445 0
      vertex 10.9446 27.7712 0
    endloop
  endfacet
  facet normal 0 0 -1
    outer loop
      vertex 6.6 45 0
      vertex 10.9446 27.7712 0
      vertex 10.609 27.0615 0
    endloop
  endfacet
  facet normal 0 0 -1
    outer loop
      vertex 6.6 45 0
      vertex 10.609 27.0615 0
      vertex 10.3445 26.3223 0
    endloop
  endfacet
  facet normal 0 0 -1
    outer loop
      vertex 6.6 45 0
      vertex 10.3445 26.3223 0
      vertex 10.1537 25.5607 0
    endloop
  endfacet
  facet normal 0 0 -1
    outer loop
      vertex 6.6 45 0
      vertex 10.1537 25.5607 0
      vertex 10.0385 24.7841 0
    endloop
  endfacet
  facet normal -0 0 -1
    outer loop
      vertex 12.3431 12.3431 0
      vertex 6.01503 6.23682 0
      vertex 11.8159 12.9249 0
    endloop
  endfacet
  facet normal 0 0 -1
    outer loop
      vertex 6.13137 3.86863 0
      vertex 8 0 0
      vertex 7.21585 0.0385132 0
    endloop
  endfacet
  facet normal 0 0 -1
    outer loop
      vertex 10 24 0
      vertex 6.6 45 0
      vertex 10.0385 24.7841 0
    endloop
  endfacet
  facet normal 0 0 -1
    outer loop
      vertex 18 32 0
      vertex 6.6 45 0
      vertex 8 50 0
    endloop
  endfacet
  facet normal 0 0 -1
    outer loop
      vertex 8 0 0
      vertex 6.59229 4.84317 0
      vertex 6.6 5 0
    endloop
  endfacet
  facet normal 0 0 -1
    outer loop
      vertex 8 0 0
      vertex 6.56926 4.68785 0
      vertex 6.59229 4.84317 0
    endloop
  endfacet
  facet normal 0 0 -1
    outer loop
      vertex 8 0 0
      vertex 6.5311 4.53554 0
      vertex 6.56926 4.68785 0
    endloop
  endfacet
  facet normal 0 0 -1
    outer loop
      vertex 8 0 0
      vertex 6.47821 4.38771 0
      vertex 6.5311 4.53554 0
    endloop
  endfacet
  facet normal 0 0 -1
    outer loop
      vertex 5.88891 3.66965 0
      vertex 7.21585 0.0385132 0
      vertex 6.43927 0.153717 0
    endloop
  endfacet
  facet normal 0 0 -1
    outer loop
      vertex 8 0 0
      vertex 6.41107 4.24576 0
      vertex 6.47821 4.38771 0
    endloop
  endfacet
  facet normal 0 0 -1
    outer loop
      vertex 8 0 0
      vertex 6.33035 4.11109 0
      vertex 6.41107 4.24576 0
    endloop
  endfacet
  facet normal 0 0 -1
    outer loop
      vertex 8 0 0
      vertex 6.23682 3.98497 0
      vertex 6.33035 4.11109 0
    endloop
  endfacet
  facet normal 0 0 -1
    outer loop
      vertex 8 0 0
      vertex 6.13137 3.86863 0
      vertex 6.23682 3.98497 0
    endloop
  endfacet
  facet normal 0 0 -1
    outer loop
      vertex 7.21585 0.0385132 0
      vertex 6.01503 3.76318 0
      vertex 6.13137 3.86863 0
    endloop
  endfacet
  facet normal 0 0 -1
    outer loop
      vertex 7.21585 0.0385132 0
      vertex 5.88891 3.66965 0
      vertex 6.01503 3.76318 0
    endloop
  endfacet
  facet normal 0 0 -1
    outer loop
      vertex 6.43927 0.153717 0
      vertex 5.75423 3.58893 0
      vertex 5.88891 3.66965 0
    endloop
  endfacet
  facet normal 0 0 -1
    outer loop
      vertex 5.67772 0.344467 0
      vertex 5.75423 3.58893 0
      vertex 6.43927 0.153717 0
    endloop
  endfacet
  facet normal 0 0 -1
    outer loop
      vertex 5.67772 0.344467 0
      vertex 5.61229 3.52179 0
      vertex 5.75423 3.58893 0
    endloop
  endfacet
  facet normal 0 0 -1
    outer loop
      vertex 5.67772 0.344467 0
      vertex 5.46445 3.46889 0
      vertex 5.61229 3.52179 0
    endloop
  endfacet
  facet normal 0 0 -1
    outer loop
      vertex 4.93852 0.608963 0
      vertex 5.46445 3.46889 0
      vertex 5.67772 0.344467 0
    endloop
  endfacet
  facet normal 0 0 -1
    outer loop
      vertex 5.46445 3.46889 0
      vertex 4.93852 0.608963 0
      vertex 5.31214 3.43074 0
    endloop
  endfacet
  facet normal 0 0 -1
    outer loop
      vertex 5.31214 3.43074 0
      vertex 4.93852 0.608963 0
      vertex 5.15683 3.4077 0
    endloop
  endfacet
  facet normal 0 0 -1
    outer loop
      vertex 4.22882 0.944626 0
      vertex 5.15683 3.4077 0
      vertex 4.93852 0.608963 0
    endloop
  endfacet
  facet normal 0 0 -1
    outer loop
      vertex 5.15683 3.4077 0
      vertex 4.22882 0.944626 0
      vertex 5 3.4 0
    endloop
  endfacet
  facet normal -0 0 -1
    outer loop
      vertex 5 3.4 0
      vertex 4.22882 0.944626 0
      vertex 4.84317 3.4077 0
    endloop
  endfacet
  facet normal -0 0 -1
    outer loop
      vertex 4.84317 3.4077 0
      vertex 4.22882 0.944626 0
      vertex 4.68785 3.43074 0
    endloop
  endfacet
  facet normal 0 0 -1
    outer loop
      vertex 3.55544 1.34824 0
      vertex 4.68785 3.43074 0
      vertex 4.22882 0.944626 0
    endloop
  endfacet
  facet normal -0 0 -1
    outer loop
      vertex 4.68785 3.43074 0
      vertex 3.55544 1.34824 0
      vertex 4.53554 3.46889 0
    endloop
  endfacet
  facet normal -0 0 -1
    outer loop
      vertex 4.53554 3.46889 0
      vertex 3.55544 1.34824 0
      vertex 4.38771 3.52179 0
    endloop
  endfacet
  facet normal 0 0 -1
    outer loop
      vertex 2.92485 1.8159 0
      vertex 4.38771 3.52179 0
      vertex 3.55544 1.34824 0
    endloop
  endfacet
  facet normal -0 0 -1
    outer loop
      vertex 4.38771 3.52179 0
      vertex 2.92485 1.8159 0
      vertex 4.24576 3.58893 0
    endloop
  endfacet
  facet normal -0 0 -1
    outer loop
      vertex 4.24576 3.58893 0
      vertex 2.92485 1.8159 0
      vertex 4.11109 3.66965 0
    endloop
  endfacet
  facet normal -0 0 -1
    outer loop
      vertex 4.11109 3.66965 0
      vertex 2.92485 1.8159 0
      vertex 3.98497 3.76318 0
    endloop
  endfacet
  facet normal -0 0 -1
    outer loop
      vertex 3.98497 3.76318 0
      vertex 2.92485 1.8159 0
      vertex 3.86863 3.86863 0
    endloop
  endfacet
  facet normal -0 0 -1
    outer loop
      vertex 3.86863 3.86863 0
      vertex 2.92485 1.8159 0
      vertex 3.76318 3.98497 0
    endloop
  endfacet
  facet normal -0 0 -1
    outer loop
      vertex 3.76318 3.98497 0
      vertex 2.92485 1.8159 0
      vertex 3.66965 4.11109 0
    endloop
  endfacet
  facet normal -0 0 -1
    outer loop
      vertex 3.66965 4.11109 0
      vertex 2.92485 1.8159 0
      vertex 3.58893 4.24576 0
    endloop
  endfacet
  facet normal -0 0 -1
    outer loop
      vertex 3.58893 4.24576 0
      vertex 2.92485 1.8159 0
      vertex 3.52179 4.38771 0
    endloop
  endfacet
  facet normal -0 0 -1
    outer loop
      vertex 3.52179 4.38771 0
      vertex 2.92485 1.8159 0
      vertex 3.46889 4.53554 0
    endloop
  endfacet
  facet normal -0 0 -1
    outer loop
      vertex 3.46889 4.53554 0
      vertex 2.92485 1.8159 0
      vertex 3.43074 4.68785 0
    endloop
  endfacet
  facet normal 0 0 -1
    outer loop
      vertex 0 8 0
      vertex 3.43074 4.68785 0
      vertex 2.92485 1.8159 0
    endloop
  endfacet
  facet normal 0 0 -1
    outer loop
      vertex 3.4077 4.84317 0
      vertex 0 8 0
      vertex 3.4 5 0
    endloop
  endfacet
  facet normal 0 0 -1
    outer loop
      vertex 3.43074 4.68785 0
      vertex 0 8 0
      vertex 3.4077 4.84317 0
    endloop
  endfacet
  facet normal 0 0 -1
    outer loop
      vertex 76.3304 5.88891 0
      vertex 79.8463 6.43927 0
      vertex 76.4111 5.75423 0
    endloop
  endfacet
  facet normal 0 0 -1
    outer loop
      vertex 76.9 28 0
      vertex 76.5923 44.8432 0
      vertex 76.6 45 0
    endloop
  endfacet
  facet normal -0 0 -1
    outer loop
      vertex 79.8463 6.43927 0
      vertex 76.3304 5.88891 0
      vertex 79.9615 7.21585 0
    endloop
  endfacet
  facet normal 0 0 -1
    outer loop
      vertex 76.9 28 0
      vertex 76.5693 44.6879 0
      vertex 76.5923 44.8432 0
    endloop
  endfacet
  facet normal 0 0 -1
    outer loop
      vertex 76.2368 6.01503 0
      vertex 79.9615 7.21585 0
      vertex 76.3304 5.88891 0
    endloop
  endfacet
  facet normal 0 0 -1
    outer loop
      vertex 76.9 28 0
      vertex 76.5311 44.5355 0
      vertex 76.5693 44.6879 0
    endloop
  endfacet
  facet normal 0 0 -1
    outer loop
      vertex 76.1314 6.13137 0
      vertex 79.9615 7.21585 0
      vertex 76.2368 6.01503 0
    endloop
  endfacet
  facet normal 0 0 -1
    outer loop
      vertex 76.9 28 0
      vertex 76.4782 44.3877 0
      vertex 76.5311 44.5355 0
    endloop
  endfacet
  facet normal -0 0 -1
    outer loop
      vertex 79.9615 7.21585 0
      vertex 76.1314 6.13137 0
      vertex 80 8 0
    endloop
  endfacet
  facet normal 0 0 -1
    outer loop
      vertex 76.9 28 0
      vertex 76.4111 44.2458 0
      vertex 76.4782 44.3877 0
    endloop
  endfacet
  facet normal 0 0 -1
    outer loop
      vertex 76.015 6.23682 0
      vertex 80 8 0
      vertex 76.1314 6.13137 0
    endloop
  endfacet
  facet normal 0 0 -1
    outer loop
      vertex 76.9 28 0
      vertex 76.3304 44.1111 0
      vertex 76.4111 44.2458 0
    endloop
  endfacet
  facet normal 0 0 -1
    outer loop
      vertex 75.8889 6.33035 0
      vertex 80 8 0
      vertex 76.015 6.23682 0
    endloop
  endfacet
  facet normal 0 0 -1
    outer loop
      vertex 76.9 28 0
      vertex 76.2368 43.985 0
      vertex 76.3304 44.1111 0
    endloop
  endfacet
  facet normal 0 0 -1
    outer loop
      vertex 75.7542 6.41107 0
      vertex 80 8 0
      vertex 75.8889 6.33035 0
    endloop
  endfacet
  facet normal 0 0 -1
    outer loop
      vertex 70 24 0
      vertex 76.9 28 0
      vertex 70 18 0
    endloop
  endfacet
  facet normal 0 0 -1
    outer loop
      vertex 75.6123 6.47821 0
      vertex 80 8 0
      vertex 75.7542 6.41107 0
    endloop
  endfacet
  facet normal 0 0 -1
    outer loop
      vertex 76.9 28 0
      vertex 76.1314 43.8686 0
      vertex 76.2368 43.985 0
    endloop
  endfacet
  facet normal 0 0 -1
    outer loop
      vertex 76.9 14 0
      vertex 70 18 0
      vertex 76.9 28 0
    endloop
  endfacet
  facet normal 0 0 -1
    outer loop
      vertex 76.9 28 0
      vertex 76.015 43.7632 0
      vertex 76.1314 43.8686 0
    endloop
  endfacet
  facet normal 0 0 -1
    outer loop
      vertex 75.4645 6.5311 0
      vertex 80 8 0
      vertex 75.6123 6.47821 0
    endloop
  endfacet
  facet normal 0 0 -1
    outer loop
      vertex 76.9 28 0
      vertex 75.8889 43.6696 0
      vertex 76.015 43.7632 0
    endloop
  endfacet
  facet normal -0 0 -1
    outer loop
      vertex 80 8 0
      vertex 75.4645 6.5311 0
      vertex 76.9 14 0
    endloop
  endfacet
  facet normal 0 0 -1
    outer loop
      vertex 76.9 28 0
      vertex 75.7542 43.5889 0
      vertex 75.8889 43.6696 0
    endloop
  endfacet
  facet normal 0 0 -1
    outer loop
      vertex 75.3121 6.56926 0
      vertex 76.9 14 0
      vertex 75.4645 6.5311 0
    endloop
  endfacet
  facet normal 0 0 -1
    outer loop
      vertex 76.9 28 0
      vertex 75.6123 43.5218 0
      vertex 75.7542 43.5889 0
    endloop
  endfacet
  facet normal 0 0 -1
    outer loop
      vertex 75.1568 6.59229 0
      vertex 76.9 14 0
      vertex 75.3121 6.56926 0
    endloop
  endfacet
  facet normal 0 0 -1
    outer loop
      vertex 76.9 28 0
      vertex 75.4645 43.4689 0
      vertex 75.6123 43.5218 0
    endloop
  endfacet
  facet normal 0 0 -1
    outer loop
      vertex 75 6.6 0
      vertex 76.9 14 0
      vertex 75.1568 6.59229 0
    endloop
  endfacet
  facet normal 0 0 -1
    outer loop
      vertex 76.9 28 0
      vertex 75.3121 43.4307 0
      vertex 75.4645 43.4689 0
    endloop
  endfacet
  facet normal 0 0 -1
    outer loop
      vertex 74.8432 6.59229 0
      vertex 76.9 14 0
      vertex 75 6.6 0
    endloop
  endfacet
  facet normal 0 0 -1
    outer loop
      vertex 76.9 28 0
      vertex 75.1568 43.4077 0
      vertex 75.3121 43.4307 0
    endloop
  endfacet
  facet normal 0 0 -1
    outer loop
      vertex 74.6879 6.56926 0
      vertex 76.9 14 0
      vertex 74.8432 6.59229 0
    endloop
  endfacet
  facet normal 0 0 -1
    outer loop
      vertex 76.9 28 0
      vertex 75 43.4 0
      vertex 75.1568 43.4077 0
    endloop
  endfacet
  facet normal 0 0 -1
    outer loop
      vertex 74.5355 6.5311 0
      vertex 76.9 14 0
      vertex 74.6879 6.56926 0
    endloop
  endfacet
  facet normal 0 0 -1
    outer loop
      vertex 76.9 28 0
      vertex 74.8432 43.4077 0
      vertex 75 43.4 0
    endloop
  endfacet
  facet normal 0 0 -1
    outer loop
      vertex 68.6517 13.5554 0
      vertex 76.9 14 0
      vertex 74.5355 6.5311 0
    endloop
  endfacet
  facet normal 0 0 -1
    outer loop
      vertex 76.9 28 0
      vertex 74.6879 43.4307 0
      vertex 74.8432 43.4077 0
    endloop
  endfacet
  facet normal 0 0 -1
    outer loop
      vertex 68.6517 13.5554 0
      vertex 74.5355 6.5311 0
      vertex 74.3877 6.47821 0
    endloop
  endfacet
  facet normal 0 0 -1
    outer loop
      vertex 68.6517 28.4445 0
      vertex 76.9 28 0
      vertex 69.0554 27.7712 0
    endloop
  endfacet
  facet normal 0 0 -1
    outer loop
      vertex 68.6517 13.5554 0
      vertex 74.3877 6.47821 0
      vertex 74.2458 6.41107 0
    endloop
  endfacet
  facet normal 0 0 -1
    outer loop
      vertex 69.0554 27.7712 0
      vertex 76.9 28 0
      vertex 69.391 27.0615 0
    endloop
  endfacet
  facet normal 0 0 -1
    outer loop
      vertex 68.1841 12.9249 0
      vertex 74.2458 6.41107 0
      vertex 74.1111 6.33035 0
    endloop
  endfacet
  facet normal 0 0 -1
    outer loop
      vertex 69.6555 26.3223 0
      vertex 76.9 28 0
      vertex 69.8463 25.5607 0
    endloop
  endfacet
  facet normal 0 0 -1
    outer loop
      vertex 68.1841 12.9249 0
      vertex 74.1111 6.33035 0
      vertex 73.985 6.23682 0
    endloop
  endfacet
  facet normal 0 0 -1
    outer loop
      vertex 69.8463 25.5607 0
      vertex 76.9 28 0
      vertex 69.9615 24.7841 0
    endloop
  endfacet
  facet normal 0 0 -1
    outer loop
      vertex 67.6568 12.3431 0
      vertex 73.985 6.23682 0
      vertex 73.8686 6.13137 0
    endloop
  endfacet
  facet normal 0 0 -1
    outer loop
      vertex 69.9615 24.7841 0
      vertex 76.9 28 0
      vertex 70 24 0
    endloop
  endfacet
  facet normal 0 0 -1
    outer loop
      vertex 67.6568 12.3431 0
      vertex 73.8686 6.13137 0
      vertex 73.7632 6.01503 0
    endloop
  endfacet
  facet normal 0 0 -1
    outer loop
      vertex 69.391 27.0615 0
      vertex 76.9 28 0
      vertex 69.6555 26.3223 0
    endloop
  endfacet
  facet normal 0 0 -1
    outer loop
      vertex 67.0751 11.8159 0
      vertex 73.7632 6.01503 0
      vertex 73.6696 5.88891 0
    endloop
  endfacet
  facet normal 0 0 -1
    outer loop
      vertex 68.1841 29.0751 0
      vertex 76.9 28 0
      vertex 68.6517 28.4445 0
    endloop
  endfacet
  facet normal 0 0 -1
    outer loop
      vertex 67.0751 11.8159 0
      vertex 73.6696 5.88891 0
      vertex 73.5889 5.75423 0
    endloop
  endfacet
  facet normal 0 0 -1
    outer loop
      vertex 67.6568 29.6568 0
      vertex 76.9 28 0
      vertex 68.1841 29.0751 0
    endloop
  endfacet
  facet normal 0 0 -1
    outer loop
      vertex 66.4445 11.3482 0
      vertex 73.5889 5.75423 0
      vertex 73.5218 5.61229 0
    endloop
  endfacet
  facet normal 0 0 -1
    outer loop
      vertex 76.9 28 0
      vertex 67.6568 29.6568 0
      vertex 74.6879 43.4307 0
    endloop
  endfacet
  facet normal 0 0 -1
    outer loop
      vertex 66.4445 11.3482 0
      vertex 73.5218 5.61229 0
      vertex 73.4689 5.46445 0
    endloop
  endfacet
  facet normal -0 0 -1
    outer loop
      vertex 74.6879 43.4307 0
      vertex 67.6568 29.6568 0
      vertex 74.5355 43.4689 0
    endloop
  endfacet
  facet normal 0 0 -1
    outer loop
      vertex 65.7712 10.9446 0
      vertex 73.4689 5.46445 0
      vertex 73.4307 5.31214 0
    endloop
  endfacet
  facet normal 0 0 -1
    outer loop
      vertex 67.0751 30.1841 0
      vertex 74.5355 43.4689 0
      vertex 67.6568 29.6568 0
    endloop
  endfacet
  facet normal 0 0 -1
    outer loop
      vertex 65.7712 10.9446 0
      vertex 73.4307 5.31214 0
      vertex 73.4077 5.15683 0
    endloop
  endfacet
  facet normal -0 0 -1
    outer loop
      vertex 74.5355 43.4689 0
      vertex 67.0751 30.1841 0
      vertex 74.3877 43.5218 0
    endloop
  endfacet
  facet normal 0 0 -1
    outer loop
      vertex 65.0615 10.609 0
      vertex 73.4077 5.15683 0
      vertex 73.4 5 0
    endloop
  endfacet
  facet normal 0 0 -1
    outer loop
      vertex 66.4445 30.6517 0
      vertex 74.3877 43.5218 0
      vertex 67.0751 30.1841 0
    endloop
  endfacet
  facet normal 0 0 -1
    outer loop
      vertex 79.391 4.93852 0
      vertex 76.5311 5.46445 0
      vertex 79.6555 5.67772 0
    endloop
  endfacet
  facet normal 0 0 -1
    outer loop
      vertex 76.5311 5.46445 0
      vertex 79.391 4.93852 0
      vertex 76.5693 5.31214 0
    endloop
  endfacet
  facet normal 0 0 -1
    outer loop
      vertex 76.5693 5.31214 0
      vertex 79.391 4.93852 0
      vertex 76.5923 5.15683 0
    endloop
  endfacet
  facet normal 0 0 -1
    outer loop
      vertex 79.0554 4.22882 0
      vertex 76.5923 5.15683 0
      vertex 79.391 4.93852 0
    endloop
  endfacet
  facet normal 0 0 -1
    outer loop
      vertex 76.5923 5.15683 0
      vertex 79.0554 4.22882 0
      vertex 76.6 5 0
    endloop
  endfacet
  facet normal 0 0 -1
    outer loop
      vertex 76.5693 4.68785 0
      vertex 79.0554 4.22882 0
      vertex 78.6517 3.55544 0
    endloop
  endfacet
  facet normal 0 0 -1
    outer loop
      vertex 76.4782 4.38771 0
      vertex 78.6517 3.55544 0
      vertex 78.1841 2.92485 0
    endloop
  endfacet
  facet normal 0 0 -1
    outer loop
      vertex 76.2368 3.98497 0
      vertex 78.1841 2.92485 0
      vertex 77.6568 2.34314 0
    endloop
  endfacet
  facet normal 0 0 -1
    outer loop
      vertex 76.015 3.76318 0
      vertex 77.6568 2.34314 0
      vertex 77.0751 1.8159 0
    endloop
  endfacet
  facet normal 0 0 -1
    outer loop
      vertex 76.4782 5.61229 0
      vertex 79.6555 5.67772 0
      vertex 76.5311 5.46445 0
    endloop
  endfacet
  facet normal 0 0 -1
    outer loop
      vertex 76.4111 5.75423 0
      vertex 79.6555 5.67772 0
      vertex 76.4782 5.61229 0
    endloop
  endfacet
  facet normal 0 0 -1
    outer loop
      vertex 80 8 0
      vertex 76.9 14 0
      vertex 80 14 0
    endloop
  endfacet
  facet normal 0 0 -1
    outer loop
      vertex 79.0554 4.22882 0
      vertex 76.5923 4.84317 0
      vertex 76.6 5 0
    endloop
  endfacet
  facet normal 0 0 -1
    outer loop
      vertex 79.0554 4.22882 0
      vertex 76.5693 4.68785 0
      vertex 76.5923 4.84317 0
    endloop
  endfacet
  facet normal 0 0 -1
    outer loop
      vertex 78.6517 3.55544 0
      vertex 76.5311 4.53554 0
      vertex 76.5693 4.68785 0
    endloop
  endfacet
  facet normal 0 0 -1
    outer loop
      vertex 78.6517 3.55544 0
      vertex 76.4782 4.38771 0
      vertex 76.5311 4.53554 0
    endloop
  endfacet
  facet normal 0 0 -1
    outer loop
      vertex 75.6123 3.52179 0
      vertex 77.0751 1.8159 0
      vertex 76.4445 1.34824 0
    endloop
  endfacet
  facet normal 0 0 -1
    outer loop
      vertex 78.1841 2.92485 0
      vertex 76.4111 4.24576 0
      vertex 76.4782 4.38771 0
    endloop
  endfacet
  facet normal 0 0 -1
    outer loop
      vertex 78.1841 2.92485 0
      vertex 76.3304 4.11109 0
      vertex 76.4111 4.24576 0
    endloop
  endfacet
  facet normal 0 0 -1
    outer loop
      vertex 78.1841 2.92485 0
      vertex 76.2368 3.98497 0
      vertex 76.3304 4.11109 0
    endloop
  endfacet
  facet normal 0 0 -1
    outer loop
      vertex 77.6568 2.34314 0
      vertex 76.1314 3.86863 0
      vertex 76.2368 3.98497 0
    endloop
  endfacet
  facet normal 0 0 -1
    outer loop
      vertex 77.6568 2.34314 0
      vertex 76.015 3.76318 0
      vertex 76.1314 3.86863 0
    endloop
  endfacet
  facet normal 0 0 -1
    outer loop
      vertex 77.0751 1.8159 0
      vertex 75.8889 3.66965 0
      vertex 76.015 3.76318 0
    endloop
  endfacet
  facet normal 0 0 -1
    outer loop
      vertex 75.3121 3.43074 0
      vertex 76.4445 1.34824 0
      vertex 75.7712 0.944626 0
    endloop
  endfacet
  facet normal 0 0 -1
    outer loop
      vertex 77.0751 1.8159 0
      vertex 75.7542 3.58893 0
      vertex 75.8889 3.66965 0
    endloop
  endfacet
  facet normal 0 0 -1
    outer loop
      vertex 77.0751 1.8159 0
      vertex 75.6123 3.52179 0
      vertex 75.7542 3.58893 0
    endloop
  endfacet
  facet normal 0 0 -1
    outer loop
      vertex 76.4445 1.34824 0
      vertex 75.4645 3.46889 0
      vertex 75.6123 3.52179 0
    endloop
  endfacet
  facet normal 0 0 -1
    outer loop
      vertex 76.4445 1.34824 0
      vertex 75.3121 3.43074 0
      vertex 75.4645 3.46889 0
    endloop
  endfacet
  facet normal 0 0 -1
    outer loop
      vertex 75.7712 0.944626 0
      vertex 75.1568 3.4077 0
      vertex 75.3121 3.43074 0
    endloop
  endfacet
  facet normal 0 0 -1
    outer loop
      vertex 74.8432 3.4077 0
      vertex 75.7712 0.944626 0
      vertex 75.0615 0.608963 0
    endloop
  endfacet
  facet normal 0 0 -1
    outer loop
      vertex 75.7712 0.944626 0
      vertex 75 3.4 0
      vertex 75.1568 3.4077 0
    endloop
  endfacet
  facet normal 0 0 -1
    outer loop
      vertex 75.7712 0.944626 0
      vertex 74.8432 3.4077 0
      vertex 75 3.4 0
    endloop
  endfacet
  facet normal 0 0 -1
    outer loop
      vertex 75.0615 0.608963 0
      vertex 74.6879 3.43074 0
      vertex 74.8432 3.4077 0
    endloop
  endfacet
  facet normal 0 0 -1
    outer loop
      vertex 75.0615 0.608963 0
      vertex 74.5355 3.46889 0
      vertex 74.6879 3.43074 0
    endloop
  endfacet
  facet normal 0 0 -1
    outer loop
      vertex 74.3223 0.344467 0
      vertex 74.5355 3.46889 0
      vertex 75.0615 0.608963 0
    endloop
  endfacet
  facet normal -0 0 -1
    outer loop
      vertex 74.5355 3.46889 0
      vertex 74.3223 0.344467 0
      vertex 74.3877 3.52179 0
    endloop
  endfacet
  facet normal 0 0 -1
    outer loop
      vertex 74.3223 0.344467 0
      vertex 74.2458 3.58893 0
      vertex 74.3877 3.52179 0
    endloop
  endfacet
  facet normal 0 0 -1
    outer loop
      vertex 73.5607 0.153717 0
      vertex 74.2458 3.58893 0
      vertex 74.3223 0.344467 0
    endloop
  endfacet
  facet normal -0 0 -1
    outer loop
      vertex 74.2458 3.58893 0
      vertex 73.5607 0.153717 0
      vertex 74.1111 3.66965 0
    endloop
  endfacet
  facet normal 0 0 -1
    outer loop
      vertex 72.7841 0.0385132 0
      vertex 74.1111 3.66965 0
      vertex 73.5607 0.153717 0
    endloop
  endfacet
  facet normal -0 0 -1
    outer loop
      vertex 74.1111 3.66965 0
      vertex 72.7841 0.0385132 0
      vertex 73.985 3.76318 0
    endloop
  endfacet
  facet normal -0 0 -1
    outer loop
      vertex 73.985 3.76318 0
      vertex 72.7841 0.0385132 0
      vertex 73.8686 3.86863 0
    endloop
  endfacet
  facet normal 0 0 -1
    outer loop
      vertex 72 0 0
      vertex 73.8686 3.86863 0
      vertex 72.7841 0.0385132 0
    endloop
  endfacet
  facet normal -0 0 -1
    outer loop
      vertex 73.8686 3.86863 0
      vertex 72 0 0
      vertex 73.7632 3.98497 0
    endloop
  endfacet
  facet normal -0 0 -1
    outer loop
      vertex 73.7632 3.98497 0
      vertex 72 0 0
      vertex 73.6696 4.11109 0
    endloop
  endfacet
  facet normal -0 0 -1
    outer loop
      vertex 73.6696 4.11109 0
      vertex 72 0 0
      vertex 73.5889 4.24576 0
    endloop
  endfacet
  facet normal -0 0 -1
    outer loop
      vertex 73.5889 4.24576 0
      vertex 72 0 0
      vertex 73.5218 4.38771 0
    endloop
  endfacet
  facet normal -0 0 -1
    outer loop
      vertex 73.5218 4.38771 0
      vertex 72 0 0
      vertex 73.4689 4.53554 0
    endloop
  endfacet
  facet normal -0 0 -1
    outer loop
      vertex 73.4689 4.53554 0
      vertex 72 0 0
      vertex 73.4307 4.68785 0
    endloop
  endfacet
  facet normal 0 0 -1
    outer loop
      vertex 64.3223 10.3445 0
      vertex 73.4077 4.84317 0
      vertex 72 0 0
    endloop
  endfacet
  facet normal -0 0 -1
    outer loop
      vertex 73.4307 4.68785 0
      vertex 72 0 0
      vertex 73.4077 4.84317 0
    endloop
  endfacet
  facet normal 0 0 -1
    outer loop
      vertex 76.9 28 0
      vertex 80 42 0
      vertex 80 28 0
    endloop
  endfacet
  facet normal 0 0 -1
    outer loop
      vertex 76.6 45 0
      vertex 80 42 0
      vertex 76.9 28 0
    endloop
  endfacet
  facet normal 0 0 -1
    outer loop
      vertex 80 42 0
      vertex 76.6 45 0
      vertex 79.9615 42.7841 0
    endloop
  endfacet
  facet normal 0 0 -1
    outer loop
      vertex 79.9615 42.7841 0
      vertex 76.6 45 0
      vertex 79.8463 43.5607 0
    endloop
  endfacet
  facet normal 0 0 -1
    outer loop
      vertex 79.8463 43.5607 0
      vertex 76.6 45 0
      vertex 79.6555 44.3223 0
    endloop
  endfacet
  facet normal -0 0 -1
    outer loop
      vertex 79.391 45.0615 0
      vertex 76.6 45 0
      vertex 79.0554 45.7712 0
    endloop
  endfacet
  facet normal 0 0 -1
    outer loop
      vertex 76.5923 45.1568 0
      vertex 79.0554 45.7712 0
      vertex 76.6 45 0
    endloop
  endfacet
  facet normal 0 0 -1
    outer loop
      vertex 76.5693 45.3121 0
      vertex 79.0554 45.7712 0
      vertex 76.5923 45.1568 0
    endloop
  endfacet
  facet normal -0 0 -1
    outer loop
      vertex 79.0554 45.7712 0
      vertex 76.5693 45.3121 0
      vertex 78.6517 46.4445 0
    endloop
  endfacet
  facet normal 0 0 -1
    outer loop
      vertex 79.6555 44.3223 0
      vertex 76.6 45 0
      vertex 79.391 45.0615 0
    endloop
  endfacet
  facet normal 0 0 -1
    outer loop
      vertex 79.6555 5.67772 0
      vertex 76.4111 5.75423 0
      vertex 79.8463 6.43927 0
    endloop
  endfacet
  facet normal 0 0 -1
    outer loop
      vertex 76.5311 45.4645 0
      vertex 78.6517 46.4445 0
      vertex 76.5693 45.3121 0
    endloop
  endfacet
  facet normal 0 0 -1
    outer loop
      vertex 76.4782 45.6123 0
      vertex 78.6517 46.4445 0
      vertex 76.5311 45.4645 0
    endloop
  endfacet
  facet normal -0 0 -1
    outer loop
      vertex 78.6517 46.4445 0
      vertex 76.4782 45.6123 0
      vertex 78.1841 47.0751 0
    endloop
  endfacet
  facet normal 0 0 -1
    outer loop
      vertex 76.4111 45.7542 0
      vertex 78.1841 47.0751 0
      vertex 76.4782 45.6123 0
    endloop
  endfacet
  facet normal 0 0 -1
    outer loop
      vertex 76.3304 45.8889 0
      vertex 78.1841 47.0751 0
      vertex 76.4111 45.7542 0
    endloop
  endfacet
  facet normal 0 0 -1
    outer loop
      vertex 76.2368 46.015 0
      vertex 78.1841 47.0751 0
      vertex 76.3304 45.8889 0
    endloop
  endfacet
  facet normal -0 0 -1
    outer loop
      vertex 78.1841 47.0751 0
      vertex 76.2368 46.015 0
      vertex 77.6568 47.6568 0
    endloop
  endfacet
  facet normal 0 0 -1
    outer loop
      vertex 76.1314 46.1314 0
      vertex 77.6568 47.6568 0
      vertex 76.2368 46.015 0
    endloop
  endfacet
  facet normal 0 0 -1
    outer loop
      vertex 76.015 46.2368 0
      vertex 77.6568 47.6568 0
      vertex 76.1314 46.1314 0
    endloop
  endfacet
  facet normal -0 0 -1
    outer loop
      vertex 77.6568 47.6568 0
      vertex 76.015 46.2368 0
      vertex 77.0751 48.1841 0
    endloop
  endfacet
  facet normal 0 0 -1
    outer loop
      vertex 75.8889 46.3304 0
      vertex 77.0751 48.1841 0
      vertex 76.015 46.2368 0
    endloop
  endfacet
  facet normal 0 0 -1
    outer loop
      vertex 75.7542 46.4111 0
      vertex 77.0751 48.1841 0
      vertex 75.8889 46.3304 0
    endloop
  endfacet
  facet normal 0 0 -1
    outer loop
      vertex 75.6123 46.4782 0
      vertex 77.0751 48.1841 0
      vertex 75.7542 46.4111 0
    endloop
  endfacet
  facet normal -0 0 -1
    outer loop
      vertex 77.0751 48.1841 0
      vertex 75.6123 46.4782 0
      vertex 76.4445 48.6517 0
    endloop
  endfacet
  facet normal 0 0 -1
    outer loop
      vertex 75.4645 46.5311 0
      vertex 76.4445 48.6517 0
      vertex 75.6123 46.4782 0
    endloop
  endfacet
  facet normal 0 0 -1
    outer loop
      vertex 75.3121 46.5693 0
      vertex 76.4445 48.6517 0
      vertex 75.4645 46.5311 0
    endloop
  endfacet
  facet normal -0 0 -1
    outer loop
      vertex 76.4445 48.6517 0
      vertex 75.3121 46.5693 0
      vertex 75.7712 49.0554 0
    endloop
  endfacet
  facet normal 0 0 -1
    outer loop
      vertex 75.1568 46.5923 0
      vertex 75.7712 49.0554 0
      vertex 75.3121 46.5693 0
    endloop
  endfacet
  facet normal 0 0 -1
    outer loop
      vertex 75 46.6 0
      vertex 75.7712 49.0554 0
      vertex 75.1568 46.5923 0
    endloop
  endfacet
  facet normal 0 0 -1
    outer loop
      vertex 74.8432 46.5923 0
      vertex 75.7712 49.0554 0
      vertex 75 46.6 0
    endloop
  endfacet
  facet normal -0 0 -1
    outer loop
      vertex 75.7712 49.0554 0
      vertex 74.8432 46.5923 0
      vertex 75.0615 49.391 0
    endloop
  endfacet
  facet normal 0 0 -1
    outer loop
      vertex 74.6879 46.5693 0
      vertex 75.0615 49.391 0
      vertex 74.8432 46.5923 0
    endloop
  endfacet
  facet normal 0 0 -1
    outer loop
      vertex 74.5355 46.5311 0
      vertex 75.0615 49.391 0
      vertex 74.6879 46.5693 0
    endloop
  endfacet
  facet normal 0 0 -1
    outer loop
      vertex 74.3223 49.6555 0
      vertex 74.5355 46.5311 0
      vertex 74.3877 46.4782 0
    endloop
  endfacet
  facet normal 0 0 -1
    outer loop
      vertex 74.5355 46.5311 0
      vertex 74.3223 49.6555 0
      vertex 75.0615 49.391 0
    endloop
  endfacet
  facet normal 0 0 -1
    outer loop
      vertex 74.2458 46.4111 0
      vertex 74.3223 49.6555 0
      vertex 74.3877 46.4782 0
    endloop
  endfacet
  facet normal 0 0 -1
    outer loop
      vertex 73.5607 49.8463 0
      vertex 74.2458 46.4111 0
      vertex 74.1111 46.3304 0
    endloop
  endfacet
  facet normal 0 0 -1
    outer loop
      vertex 72.7841 49.9615 0
      vertex 74.1111 46.3304 0
      vertex 73.985 46.2368 0
    endloop
  endfacet
  facet normal 0 0 -1
    outer loop
      vertex 72.7841 49.9615 0
      vertex 73.985 46.2368 0
      vertex 73.8686 46.1314 0
    endloop
  endfacet
  facet normal 0 0 -1
    outer loop
      vertex 72 50 0
      vertex 73.8686 46.1314 0
      vertex 73.7632 46.015 0
    endloop
  endfacet
  facet normal 0 0 -1
    outer loop
      vertex 72 50 0
      vertex 73.7632 46.015 0
      vertex 73.6696 45.8889 0
    endloop
  endfacet
  facet normal 0 0 -1
    outer loop
      vertex 72 50 0
      vertex 73.6696 45.8889 0
      vertex 73.5889 45.7542 0
    endloop
  endfacet
  facet normal 0 0 -1
    outer loop
      vertex 74.2458 46.4111 0
      vertex 73.5607 49.8463 0
      vertex 74.3223 49.6555 0
    endloop
  endfacet
  facet normal 0 0 -1
    outer loop
      vertex 72 50 0
      vertex 73.5889 45.7542 0
      vertex 73.5218 45.6123 0
    endloop
  endfacet
  facet normal 0 0 -1
    outer loop
      vertex 72 50 0
      vertex 73.5218 45.6123 0
      vertex 73.4689 45.4645 0
    endloop
  endfacet
  facet normal 0 0 -1
    outer loop
      vertex 72 50 0
      vertex 73.4689 45.4645 0
      vertex 73.4307 45.3121 0
    endloop
  endfacet
  facet normal 0 0 -1
    outer loop
      vertex 72 50 0
      vertex 73.4307 45.3121 0
      vertex 73.4077 45.1568 0
    endloop
  endfacet
  facet normal 0 0 -1
    outer loop
      vertex 72 50 0
      vertex 73.4077 45.1568 0
      vertex 73.4 45 0
    endloop
  endfacet
  facet normal 0 0 -1
    outer loop
      vertex 74.1111 46.3304 0
      vertex 72.7841 49.9615 0
      vertex 73.5607 49.8463 0
    endloop
  endfacet
  facet normal 0 0 -1
    outer loop
      vertex 73.4307 44.6879 0
      vertex 72 50 0
      vertex 73.4077 44.8432 0
    endloop
  endfacet
  facet normal 0 -0 -1
    outer loop
      vertex 65.0615 10.609 0
      vertex 73.4077 4.84317 0
      vertex 64.3223 10.3445 0
    endloop
  endfacet
  facet normal 0 0 -1
    outer loop
      vertex 73.4077 44.8432 0
      vertex 72 50 0
      vertex 73.4 45 0
    endloop
  endfacet
  facet normal 0 0 -1
    outer loop
      vertex 73.8686 46.1314 0
      vertex 72 50 0
      vertex 72.7841 49.9615 0
    endloop
  endfacet
  facet normal 0 0 -1
    outer loop
      vertex 76.9 14 0
      vertex 69.9615 17.2159 0
      vertex 70 18 0
    endloop
  endfacet
  facet normal 0 0 -1
    outer loop
      vertex 76.9 14 0
      vertex 69.8463 16.4393 0
      vertex 69.9615 17.2159 0
    endloop
  endfacet
  facet normal 0 0 -1
    outer loop
      vertex 76.9 14 0
      vertex 69.6555 15.6777 0
      vertex 69.8463 16.4393 0
    endloop
  endfacet
  facet normal 0 0 -1
    outer loop
      vertex 76.9 14 0
      vertex 69.391 14.9385 0
      vertex 69.6555 15.6777 0
    endloop
  endfacet
  facet normal 0 0 -1
    outer loop
      vertex 76.9 14 0
      vertex 69.0554 14.2288 0
      vertex 69.391 14.9385 0
    endloop
  endfacet
  facet normal -0 0 -1
    outer loop
      vertex 76.9 14 0
      vertex 68.6517 13.5554 0
      vertex 69.0554 14.2288 0
    endloop
  endfacet
  facet normal 0 0 -1
    outer loop
      vertex 74.2458 6.41107 0
      vertex 68.1841 12.9249 0
      vertex 68.6517 13.5554 0
    endloop
  endfacet
  facet normal 0 0 -1
    outer loop
      vertex 73.985 6.23682 0
      vertex 67.6568 12.3431 0
      vertex 68.1841 12.9249 0
    endloop
  endfacet
  facet normal 0 0 -1
    outer loop
      vertex 73.7632 6.01503 0
      vertex 67.0751 11.8159 0
      vertex 67.6568 12.3431 0
    endloop
  endfacet
  facet normal 0 0 -1
    outer loop
      vertex 73.5889 5.75423 0
      vertex 66.4445 11.3482 0
      vertex 67.0751 11.8159 0
    endloop
  endfacet
  facet normal 0 0 -1
    outer loop
      vertex 73.4689 5.46445 0
      vertex 65.7712 10.9446 0
      vertex 66.4445 11.3482 0
    endloop
  endfacet
  facet normal 0 0 -1
    outer loop
      vertex 73.4077 5.15683 0
      vertex 65.0615 10.609 0
      vertex 65.7712 10.9446 0
    endloop
  endfacet
  facet normal 0 0 -1
    outer loop
      vertex 73.4077 4.84317 0
      vertex 65.0615 10.609 0
      vertex 73.4 5 0
    endloop
  endfacet
  facet normal 0 0 -1
    outer loop
      vertex 72 0 0
      vertex 63.5607 10.1537 0
      vertex 64.3223 10.3445 0
    endloop
  endfacet
  facet normal 0 0 -1
    outer loop
      vertex 72 0 0
      vertex 62.7841 10.0385 0
      vertex 63.5607 10.1537 0
    endloop
  endfacet
  facet normal 0 0 -1
    outer loop
      vertex 72 0 0
      vertex 62 10 0
      vertex 62.7841 10.0385 0
    endloop
  endfacet
  facet normal 0 0 -1
    outer loop
      vertex 72 0 0
      vertex 54 10 0
      vertex 62 10 0
    endloop
  endfacet
  facet normal 0 0 -1
    outer loop
      vertex 72 0 0
      vertex 53.2159 10.0385 0
      vertex 54 10 0
    endloop
  endfacet
  facet normal 0 0 -1
    outer loop
      vertex 72 0 0
      vertex 52.4393 10.1537 0
      vertex 53.2159 10.0385 0
    endloop
  endfacet
  facet normal 0 0 -1
    outer loop
      vertex 33.5607 10.1537 0
      vertex 52.4393 10.1537 0
      vertex 72 0 0
    endloop
  endfacet
  facet normal 0 0 -1
    outer loop
      vertex 52.4393 10.1537 0
      vertex 33.5607 10.1537 0
      vertex 51.6777 10.3445 0
    endloop
  endfacet
  facet normal 0 -0 -1
    outer loop
      vertex 34.3223 10.3445 0
      vertex 51.6777 10.3445 0
      vertex 33.5607 10.1537 0
    endloop
  endfacet
  facet normal 0 0 -1
    outer loop
      vertex 46.1537 16.4393 0
      vertex 39.8553 16.5 0
      vertex 46.1447 16.5 0
    endloop
  endfacet
  facet normal 0 0 -1
    outer loop
      vertex 39.8463 16.4393 0
      vertex 46.1537 16.4393 0
      vertex 46.3445 15.6777 0
    endloop
  endfacet
  facet normal 0 0 -1
    outer loop
      vertex 39.6555 15.6777 0
      vertex 46.3445 15.6777 0
      vertex 46.609 14.9385 0
    endloop
  endfacet
  facet normal 0 0 -1
    outer loop
      vertex 39.391 14.9385 0
      vertex 46.609 14.9385 0
      vertex 46.9446 14.2288 0
    endloop
  endfacet
  facet normal 0 0 -1
    outer loop
      vertex 39.0554 14.2288 0
      vertex 46.9446 14.2288 0
      vertex 47.3482 13.5554 0
    endloop
  endfacet
  facet normal 0 0 -1
    outer loop
      vertex 38.6517 13.5554 0
      vertex 47.3482 13.5554 0
      vertex 47.8159 12.9249 0
    endloop
  endfacet
  facet normal 0 0 -1
    outer loop
      vertex 38.1841 12.9249 0
      vertex 47.8159 12.9249 0
      vertex 48.3431 12.3431 0
    endloop
  endfacet
  facet normal 0 0 -1
    outer loop
      vertex 37.6568 12.3431 0
      vertex 48.3431 12.3431 0
      vertex 48.9249 11.8159 0
    endloop
  endfacet
  facet normal 0 0 -1
    outer loop
      vertex 37.0751 11.8159 0
      vertex 48.9249 11.8159 0
      vertex 49.5554 11.3482 0
    endloop
  endfacet
  facet normal 0 0 -1
    outer loop
      vertex 36.4445 11.3482 0
      vertex 49.5554 11.3482 0
      vertex 50.2288 10.9446 0
    endloop
  endfacet
  facet normal 0 0 -1
    outer loop
      vertex 46.1537 16.4393 0
      vertex 39.8463 16.4393 0
      vertex 39.8553 16.5 0
    endloop
  endfacet
  facet normal 0 0 -1
    outer loop
      vertex 46.3445 15.6777 0
      vertex 39.6555 15.6777 0
      vertex 39.8463 16.4393 0
    endloop
  endfacet
  facet normal 0 -0 -1
    outer loop
      vertex 35.0615 10.609 0
      vertex 50.9385 10.609 0
      vertex 34.3223 10.3445 0
    endloop
  endfacet
  facet normal 0 0 -1
    outer loop
      vertex 46.609 14.9385 0
      vertex 39.391 14.9385 0
      vertex 39.6555 15.6777 0
    endloop
  endfacet
  facet normal 0 0 -1
    outer loop
      vertex 46.9446 14.2288 0
      vertex 39.0554 14.2288 0
      vertex 39.391 14.9385 0
    endloop
  endfacet
  facet normal 0 0 -1
    outer loop
      vertex 47.3482 13.5554 0
      vertex 38.6517 13.5554 0
      vertex 39.0554 14.2288 0
    endloop
  endfacet
  facet normal 0 0 -1
    outer loop
      vertex 47.8159 12.9249 0
      vertex 38.1841 12.9249 0
      vertex 38.6517 13.5554 0
    endloop
  endfacet
  facet normal 0 0 -1
    outer loop
      vertex 48.3431 12.3431 0
      vertex 37.6568 12.3431 0
      vertex 38.1841 12.9249 0
    endloop
  endfacet
  facet normal 0 0 -1
    outer loop
      vertex 48.9249 11.8159 0
      vertex 37.0751 11.8159 0
      vertex 37.6568 12.3431 0
    endloop
  endfacet
  facet normal 0 0 -1
    outer loop
      vertex 49.5554 11.3482 0
      vertex 36.4445 11.3482 0
      vertex 37.0751 11.8159 0
    endloop
  endfacet
  facet normal 0 0 -1
    outer loop
      vertex 50.2288 10.9446 0
      vertex 35.7712 10.9446 0
      vertex 36.4445 11.3482 0
    endloop
  endfacet
  facet normal -0 0 -1
    outer loop
      vertex 50.2288 10.9446 0
      vertex 35.0615 10.609 0
      vertex 35.7712 10.9446 0
    endloop
  endfacet
  facet normal 0 0 -1
    outer loop
      vertex 50.9385 10.609 0
      vertex 35.0615 10.609 0
      vertex 50.2288 10.9446 0
    endloop
  endfacet
  facet normal 0 0 -1
    outer loop
      vertex 51.6777 10.3445 0
      vertex 34.3223 10.3445 0
      vertex 50.9385 10.609 0
    endloop
  endfacet
  facet normal 0 0 -1
    outer loop
      vertex 72 0 0
      vertex 32.7841 10.0385 0
      vertex 33.5607 10.1537 0
    endloop
  endfacet
  facet normal 0 0 -1
    outer loop
      vertex 8 0 0
      vertex 32.7841 10.0385 0
      vertex 72 0 0
    endloop
  endfacet
  facet normal 0 0 -1
    outer loop
      vertex 32.7841 10.0385 0
      vertex 8 0 0
      vertex 32 10 0
    endloop
  endfacet
  facet normal -0 0 -1
    outer loop
      vertex 32 10 0
      vertex 8 0 0
      vertex 18 10 0
    endloop
  endfacet
  facet normal -0 0 -1
    outer loop
      vertex 18 10 0
      vertex 8 0 0
      vertex 17.2159 10.0385 0
    endloop
  endfacet
  facet normal 0 0 -1
    outer loop
      vertex 6.13137 6.13137 0
      vertex 12.3431 12.3431 0
      vertex 6.23682 6.01503 0
    endloop
  endfacet
  facet normal -0 0 -1
    outer loop
      vertex 12.9249 11.8159 0
      vertex 6.23682 6.01503 0
      vertex 12.3431 12.3431 0
    endloop
  endfacet
  facet normal 0 0 -1
    outer loop
      vertex 6.23682 6.01503 0
      vertex 12.9249 11.8159 0
      vertex 6.33035 5.88891 0
    endloop
  endfacet
  facet normal 0 0 -1
    outer loop
      vertex 6.33035 5.88891 0
      vertex 12.9249 11.8159 0
      vertex 6.41107 5.75423 0
    endloop
  endfacet
  facet normal -0 0 -1
    outer loop
      vertex 13.5554 11.3482 0
      vertex 6.41107 5.75423 0
      vertex 12.9249 11.8159 0
    endloop
  endfacet
  facet normal 0 0 -1
    outer loop
      vertex 6.41107 5.75423 0
      vertex 13.5554 11.3482 0
      vertex 6.47821 5.61229 0
    endloop
  endfacet
  facet normal 0 0 -1
    outer loop
      vertex 6.47821 5.61229 0
      vertex 13.5554 11.3482 0
      vertex 6.5311 5.46445 0
    endloop
  endfacet
  facet normal -0 0 -1
    outer loop
      vertex 14.2288 10.9446 0
      vertex 6.5311 5.46445 0
      vertex 13.5554 11.3482 0
    endloop
  endfacet
  facet normal 0 0 -1
    outer loop
      vertex 6.5311 5.46445 0
      vertex 14.2288 10.9446 0
      vertex 6.56926 5.31214 0
    endloop
  endfacet
  facet normal 0 0 -1
    outer loop
      vertex 6.56926 5.31214 0
      vertex 14.2288 10.9446 0
      vertex 6.59229 5.15683 0
    endloop
  endfacet
  facet normal -0 0 -1
    outer loop
      vertex 14.9385 10.609 0
      vertex 6.59229 5.15683 0
      vertex 14.2288 10.9446 0
    endloop
  endfacet
  facet normal 0 0 -1
    outer loop
      vertex 6.59229 5.15683 0
      vertex 14.9385 10.609 0
      vertex 6.6 5 0
    endloop
  endfacet
  facet normal -0 0 -1
    outer loop
      vertex 15.6777 10.3445 0
      vertex 6.6 5 0
      vertex 14.9385 10.609 0
    endloop
  endfacet
  facet normal 0 0 -1
    outer loop
      vertex 6.6 5 0
      vertex 15.6777 10.3445 0
      vertex 8 0 0
    endloop
  endfacet
  facet normal -0 0 -1
    outer loop
      vertex 16.4393 10.1537 0
      vertex 8 0 0
      vertex 15.6777 10.3445 0
    endloop
  endfacet
  facet normal -0 0 -1
    outer loop
      vertex 17.2159 10.0385 0
      vertex 8 0 0
      vertex 16.4393 10.1537 0
    endloop
  endfacet
  facet normal -0.989175 -0.146742 0
    outer loop
      vertex 0.153717 6.43927 0
      vertex 0.0385132 7.21585 14
      vertex 0.0385132 7.21585 0
    endloop
  endfacet
  facet normal -0.989175 -0.146742 0
    outer loop
      vertex 0.0385132 7.21585 14
      vertex 0.153717 6.43927 0
      vertex 0.153717 6.43927 14
    endloop
  endfacet
  facet normal -1 0 0
    outer loop
      vertex 0 8 0
      vertex 0 42 14
      vertex 0 42 0
    endloop
  endfacet
  facet normal -1 -0 0
    outer loop
      vertex 0 42 14
      vertex 0 8 0
      vertex 0 8 14
    endloop
  endfacet
  facet normal -0.998796 -0.0490555 0
    outer loop
      vertex 0.0385132 7.21585 0
      vertex 0 8 14
      vertex 0 8 0
    endloop
  endfacet
  facet normal -0.998796 -0.0490555 0
    outer loop
      vertex 0 8 14
      vertex 0.0385132 7.21585 0
      vertex 0.0385132 7.21585 14
    endloop
  endfacet
  facet normal -0.146742 -0.989175 0
    outer loop
      vertex 6.43927 0.153717 0
      vertex 7.21585 0.0385132 14
      vertex 6.43927 0.153717 14
    endloop
  endfacet
  facet normal -0.146742 -0.989175 -0
    outer loop
      vertex 7.21585 0.0385132 14
      vertex 6.43927 0.153717 0
      vertex 7.21585 0.0385132 0
    endloop
  endfacet
  facet normal 0.0490418 0.998797 -0
    outer loop
      vertex 72.7841 49.9615 0
      vertex 72 50 14
      vertex 72.7841 49.9615 14
    endloop
  endfacet
  facet normal 0.0490418 0.998797 0
    outer loop
      vertex 72 50 14
      vertex 72.7841 49.9615 0
      vertex 72 50 0
    endloop
  endfacet
  facet normal 0.427555 -0.903989 0
    outer loop
      vertex 75.0615 0.608963 0
      vertex 75.7712 0.944626 14
      vertex 75.0615 0.608963 14
    endloop
  endfacet
  facet normal 0.427555 -0.903989 0
    outer loop
      vertex 75.7712 0.944626 14
      vertex 75.0615 0.608963 0
      vertex 75.7712 0.944626 0
    endloop
  endfacet
  facet normal -0.903989 0.427555 0
    outer loop
      vertex 0.608963 45.0615 0
      vertex 0.944626 45.7712 14
      vertex 0.944626 45.7712 0
    endloop
  endfacet
  facet normal -0.903989 0.427555 0
    outer loop
      vertex 0.944626 45.7712 14
      vertex 0.608963 45.0615 0
      vertex 0.608963 45.0615 14
    endloop
  endfacet
  facet normal -0.998796 0.0490586 0
    outer loop
      vertex 0 42 0
      vertex 0.0385132 42.7841 14
      vertex 0.0385132 42.7841 0
    endloop
  endfacet
  facet normal -0.998796 0.0490586 0
    outer loop
      vertex 0.0385132 42.7841 14
      vertex 0 42 0
      vertex 0 42 14
    endloop
  endfacet
  facet normal 0.998797 -0.0490387 0
    outer loop
      vertex 79.9615 7.21585 14
      vertex 80 8 0
      vertex 80 8 14
    endloop
  endfacet
  facet normal 0.998797 -0.0490387 0
    outer loop
      vertex 80 8 0
      vertex 79.9615 7.21585 14
      vertex 79.9615 7.21585 0
    endloop
  endfacet
  facet normal 1 -0 0
    outer loop
      vertex 80 8 14
      vertex 80 14 0
      vertex 80 14 14
    endloop
  endfacet
  facet normal 1 0 0
    outer loop
      vertex 80 14 0
      vertex 80 8 14
      vertex 80 8 0
    endloop
  endfacet
  facet normal 1 -0 0
    outer loop
      vertex 80 28 14
      vertex 80 42 0
      vertex 80 42 14
    endloop
  endfacet
  facet normal 1 0 0
    outer loop
      vertex 80 42 0
      vertex 80 28 14
      vertex 80 28 0
    endloop
  endfacet
  facet normal -0.671565 -0.740946 0
    outer loop
      vertex 2.34314 2.34314 0
      vertex 2.92485 1.8159 14
      vertex 2.34314 2.34314 14
    endloop
  endfacet
  facet normal -0.671565 -0.740946 -0
    outer loop
      vertex 2.92485 1.8159 14
      vertex 2.34314 2.34314 0
      vertex 2.92485 1.8159 0
    endloop
  endfacet
  facet normal 0 1 -0
    outer loop
      vertex 72 50 0
      vertex 8 50 14
      vertex 72 50 14
    endloop
  endfacet
  facet normal 0 1 0
    outer loop
      vertex 8 50 14
      vertex 72 50 0
      vertex 8 50 0
    endloop
  endfacet
  facet normal -0 0 1
    outer loop
      vertex 5.61229 43.5218 14
      vertex 13.5554 30.6517 14
      vertex 5.75423 43.5889 14
    endloop
  endfacet
  facet normal 0 0 1
    outer loop
      vertex 10 24 14
      vertex 6.59229 5.15683 14
      vertex 6.6 5 14
    endloop
  endfacet
  facet normal 0 0 1
    outer loop
      vertex 13.5554 30.6517 14
      vertex 5.61229 43.5218 14
      vertex 12.9249 30.1841 14
    endloop
  endfacet
  facet normal 0 0 1
    outer loop
      vertex 10 24 14
      vertex 6.56926 5.31214 14
      vertex 6.59229 5.15683 14
    endloop
  endfacet
  facet normal -0 0 1
    outer loop
      vertex 5.46445 43.4689 14
      vertex 12.9249 30.1841 14
      vertex 5.61229 43.5218 14
    endloop
  endfacet
  facet normal 0 0 1
    outer loop
      vertex 10 24 14
      vertex 6.5311 5.46445 14
      vertex 6.56926 5.31214 14
    endloop
  endfacet
  facet normal 0 0 1
    outer loop
      vertex 12.9249 30.1841 14
      vertex 5.46445 43.4689 14
      vertex 12.3431 29.6568 14
    endloop
  endfacet
  facet normal 0 0 1
    outer loop
      vertex 10 24 14
      vertex 6.47821 5.61229 14
      vertex 6.5311 5.46445 14
    endloop
  endfacet
  facet normal -0 0 1
    outer loop
      vertex 5.31214 43.4307 14
      vertex 12.3431 29.6568 14
      vertex 5.46445 43.4689 14
    endloop
  endfacet
  facet normal 0 0 1
    outer loop
      vertex 10 24 14
      vertex 6.41107 5.75423 14
      vertex 6.47821 5.61229 14
    endloop
  endfacet
  facet normal -0 0 1
    outer loop
      vertex 5.15683 43.4077 14
      vertex 12.3431 29.6568 14
      vertex 5.31214 43.4307 14
    endloop
  endfacet
  facet normal 0 0 1
    outer loop
      vertex 10 24 14
      vertex 6.33035 5.88891 14
      vertex 6.41107 5.75423 14
    endloop
  endfacet
  facet normal 0 0 1
    outer loop
      vertex 12.3431 29.6568 14
      vertex 5.15683 43.4077 14
      vertex 11.8159 29.0751 14
    endloop
  endfacet
  facet normal 0 0 1
    outer loop
      vertex 10 24 14
      vertex 6.23682 6.01503 14
      vertex 6.33035 5.88891 14
    endloop
  endfacet
  facet normal -0 0 1
    outer loop
      vertex 5 43.4 14
      vertex 11.8159 29.0751 14
      vertex 5.15683 43.4077 14
    endloop
  endfacet
  facet normal 0 0 1
    outer loop
      vertex 10 24 14
      vertex 6.13137 6.13137 14
      vertex 6.23682 6.01503 14
    endloop
  endfacet
  facet normal -0 0 1
    outer loop
      vertex 0 42 14
      vertex 11.8159 29.0751 14
      vertex 5 43.4 14
    endloop
  endfacet
  facet normal 0 0 1
    outer loop
      vertex 10 24 14
      vertex 6.01503 6.23682 14
      vertex 6.13137 6.13137 14
    endloop
  endfacet
  facet normal 0 0 1
    outer loop
      vertex 11.8159 29.0751 14
      vertex 0 42 14
      vertex 11.3482 28.4445 14
    endloop
  endfacet
  facet normal 0 0 1
    outer loop
      vertex 10 24 14
      vertex 5.88891 6.33035 14
      vertex 6.01503 6.23682 14
    endloop
  endfacet
  facet normal 0 0 1
    outer loop
      vertex 11.3482 28.4445 14
      vertex 0 42 14
      vertex 10.9446 27.7712 14
    endloop
  endfacet
  facet normal 0 0 1
    outer loop
      vertex 10 24 14
      vertex 5.75423 6.41107 14
      vertex 5.88891 6.33035 14
    endloop
  endfacet
  facet normal 0 0 1
    outer loop
      vertex 10.9446 27.7712 14
      vertex 0 42 14
      vertex 10.609 27.0615 14
    endloop
  endfacet
  facet normal 0 0 1
    outer loop
      vertex 10 24 14
      vertex 5.61229 6.47821 14
      vertex 5.75423 6.41107 14
    endloop
  endfacet
  facet normal 0 0 1
    outer loop
      vertex 10.609 27.0615 14
      vertex 0 42 14
      vertex 10.3445 26.3223 14
    endloop
  endfacet
  facet normal 0 0 1
    outer loop
      vertex 10 24 14
      vertex 5.46445 6.5311 14
      vertex 5.61229 6.47821 14
    endloop
  endfacet
  facet normal 0 0 1
    outer loop
      vertex 10.3445 26.3223 14
      vertex 0 42 14
      vertex 10.1537 25.5607 14
    endloop
  endfacet
  facet normal 0 0 1
    outer loop
      vertex 10 24 14
      vertex 5.31214 6.56926 14
      vertex 5.46445 6.5311 14
    endloop
  endfacet
  facet normal 0 0 1
    outer loop
      vertex 10.1537 25.5607 14
      vertex 0 42 14
      vertex 10.0385 24.7841 14
    endloop
  endfacet
  facet normal 0 0 1
    outer loop
      vertex 10 24 14
      vertex 5.15683 6.59229 14
      vertex 5.31214 6.56926 14
    endloop
  endfacet
  facet normal 0 0 1
    outer loop
      vertex 10.0385 24.7841 14
      vertex 0 42 14
      vertex 10 24 14
    endloop
  endfacet
  facet normal 0 0 1
    outer loop
      vertex 0 8 14
      vertex 10 24 14
      vertex 0 42 14
    endloop
  endfacet
  facet normal 0 0 1
    outer loop
      vertex 0 42 14
      vertex 5 43.4 14
      vertex 4.84317 43.4077 14
    endloop
  endfacet
  facet normal 0 -0 1
    outer loop
      vertex 5 6.6 14
      vertex 10 24 14
      vertex 0 8 14
    endloop
  endfacet
  facet normal 0 0 1
    outer loop
      vertex 0 42 14
      vertex 4.84317 43.4077 14
      vertex 4.68785 43.4307 14
    endloop
  endfacet
  facet normal 0 0 1
    outer loop
      vertex 10 24 14
      vertex 5 6.6 14
      vertex 5.15683 6.59229 14
    endloop
  endfacet
  facet normal 0 0 1
    outer loop
      vertex 0 42 14
      vertex 4.68785 43.4307 14
      vertex 4.53554 43.4689 14
    endloop
  endfacet
  facet normal 0 0 1
    outer loop
      vertex 5 6.6 14
      vertex 0 8 14
      vertex 4.84317 6.59229 14
    endloop
  endfacet
  facet normal 0 0 1
    outer loop
      vertex 0 42 14
      vertex 4.53554 43.4689 14
      vertex 4.38771 43.5218 14
    endloop
  endfacet
  facet normal 0 0 1
    outer loop
      vertex 4.84317 6.59229 14
      vertex 0 8 14
      vertex 4.68785 6.56926 14
    endloop
  endfacet
  facet normal 0 0 1
    outer loop
      vertex 0 42 14
      vertex 4.38771 43.5218 14
      vertex 4.24576 43.5889 14
    endloop
  endfacet
  facet normal 0 0 1
    outer loop
      vertex 4.68785 6.56926 14
      vertex 0 8 14
      vertex 4.53554 6.5311 14
    endloop
  endfacet
  facet normal 0 0 1
    outer loop
      vertex 0 42 14
      vertex 4.24576 43.5889 14
      vertex 4.11109 43.6696 14
    endloop
  endfacet
  facet normal 0 0 1
    outer loop
      vertex 4.53554 6.5311 14
      vertex 0 8 14
      vertex 4.38771 6.47821 14
    endloop
  endfacet
  facet normal 0 0 1
    outer loop
      vertex 0 42 14
      vertex 4.11109 43.6696 14
      vertex 3.98497 43.7632 14
    endloop
  endfacet
  facet normal 0 0 1
    outer loop
      vertex 4.38771 6.47821 14
      vertex 0 8 14
      vertex 4.24576 6.41107 14
    endloop
  endfacet
  facet normal 0 0 1
    outer loop
      vertex 0 42 14
      vertex 3.98497 43.7632 14
      vertex 3.86863 43.8686 14
    endloop
  endfacet
  facet normal 0 0 1
    outer loop
      vertex 4.24576 6.41107 14
      vertex 0 8 14
      vertex 4.11109 6.33035 14
    endloop
  endfacet
  facet normal 0 0 1
    outer loop
      vertex 0 42 14
      vertex 3.86863 43.8686 14
      vertex 3.76318 43.985 14
    endloop
  endfacet
  facet normal 0 0 1
    outer loop
      vertex 4.11109 6.33035 14
      vertex 0 8 14
      vertex 3.98497 6.23682 14
    endloop
  endfacet
  facet normal 0 0 1
    outer loop
      vertex 0 42 14
      vertex 3.76318 43.985 14
      vertex 3.66965 44.1111 14
    endloop
  endfacet
  facet normal 0 0 1
    outer loop
      vertex 3.98497 6.23682 14
      vertex 0 8 14
      vertex 3.86863 6.13137 14
    endloop
  endfacet
  facet normal 0 0 1
    outer loop
      vertex 0 42 14
      vertex 3.66965 44.1111 14
      vertex 3.58893 44.2458 14
    endloop
  endfacet
  facet normal -0 -0 1
    outer loop
      vertex 0.0385132 7.21585 14
      vertex 3.86863 6.13137 14
      vertex 0 8 14
    endloop
  endfacet
  facet normal 0 0 1
    outer loop
      vertex 0 42 14
      vertex 3.58893 44.2458 14
      vertex 3.52179 44.3877 14
    endloop
  endfacet
  facet normal 0 0 1
    outer loop
      vertex 3.86863 6.13137 14
      vertex 0.0385132 7.21585 14
      vertex 3.76318 6.01503 14
    endloop
  endfacet
  facet normal 0 0 1
    outer loop
      vertex 0 42 14
      vertex 3.52179 44.3877 14
      vertex 3.46889 44.5355 14
    endloop
  endfacet
  facet normal 0 0 1
    outer loop
      vertex 3.76318 6.01503 14
      vertex 0.0385132 7.21585 14
      vertex 3.66965 5.88891 14
    endloop
  endfacet
  facet normal 0 0 1
    outer loop
      vertex 0 42 14
      vertex 3.46889 44.5355 14
      vertex 3.43074 44.6879 14
    endloop
  endfacet
  facet normal -0 -0 1
    outer loop
      vertex 0.153717 6.43927 14
      vertex 3.66965 5.88891 14
      vertex 0.0385132 7.21585 14
    endloop
  endfacet
  facet normal 0 0 1
    outer loop
      vertex 0 42 14
      vertex 3.43074 44.6879 14
      vertex 3.4077 44.8432 14
    endloop
  endfacet
  facet normal 0 0 1
    outer loop
      vertex 3.66965 5.88891 14
      vertex 0.153717 6.43927 14
      vertex 3.58893 5.75423 14
    endloop
  endfacet
  facet normal 0 0 1
    outer loop
      vertex 0 42 14
      vertex 3.4077 44.8432 14
      vertex 3.4 45 14
    endloop
  endfacet
  facet normal 0 -0 1
    outer loop
      vertex 0.344467 5.67772 14
      vertex 3.58893 5.75423 14
      vertex 0.153717 6.43927 14
    endloop
  endfacet
  facet normal 0 0 1
    outer loop
      vertex 15.6777 10.3445 14
      vertex 6.59229 4.84317 14
      vertex 8 0 14
    endloop
  endfacet
  facet normal -0 0 1
    outer loop
      vertex 6.56926 4.68785 14
      vertex 8 0 14
      vertex 6.59229 4.84317 14
    endloop
  endfacet
  facet normal -0 0 1
    outer loop
      vertex 6.5311 4.53554 14
      vertex 8 0 14
      vertex 6.56926 4.68785 14
    endloop
  endfacet
  facet normal -0 0 1
    outer loop
      vertex 6.47821 4.38771 14
      vertex 8 0 14
      vertex 6.5311 4.53554 14
    endloop
  endfacet
  facet normal -0 0 1
    outer loop
      vertex 6.41107 4.24576 14
      vertex 8 0 14
      vertex 6.47821 4.38771 14
    endloop
  endfacet
  facet normal -0 0 1
    outer loop
      vertex 6.33035 4.11109 14
      vertex 8 0 14
      vertex 6.41107 4.24576 14
    endloop
  endfacet
  facet normal -0 0 1
    outer loop
      vertex 6.23682 3.98497 14
      vertex 8 0 14
      vertex 6.33035 4.11109 14
    endloop
  endfacet
  facet normal -0 0 1
    outer loop
      vertex 6.13137 3.86863 14
      vertex 8 0 14
      vertex 6.23682 3.98497 14
    endloop
  endfacet
  facet normal 0 0 1
    outer loop
      vertex 8 0 14
      vertex 6.13137 3.86863 14
      vertex 7.21585 0.0385132 14
    endloop
  endfacet
  facet normal -0 0 1
    outer loop
      vertex 6.01503 3.76318 14
      vertex 7.21585 0.0385132 14
      vertex 6.13137 3.86863 14
    endloop
  endfacet
  facet normal -0 0 1
    outer loop
      vertex 5.88891 3.66965 14
      vertex 7.21585 0.0385132 14
      vertex 6.01503 3.76318 14
    endloop
  endfacet
  facet normal 0 0 1
    outer loop
      vertex 7.21585 0.0385132 14
      vertex 5.88891 3.66965 14
      vertex 6.43927 0.153717 14
    endloop
  endfacet
  facet normal -0 0 1
    outer loop
      vertex 5.75423 3.58893 14
      vertex 6.43927 0.153717 14
      vertex 5.88891 3.66965 14
    endloop
  endfacet
  facet normal 0 0 1
    outer loop
      vertex 5.75423 3.58893 14
      vertex 5.67772 0.344467 14
      vertex 6.43927 0.153717 14
    endloop
  endfacet
  facet normal -0 0 1
    outer loop
      vertex 5.61229 3.52179 14
      vertex 5.67772 0.344467 14
      vertex 5.75423 3.58893 14
    endloop
  endfacet
  facet normal -0 0 1
    outer loop
      vertex 5.46445 3.46889 14
      vertex 5.67772 0.344467 14
      vertex 5.61229 3.52179 14
    endloop
  endfacet
  facet normal 0 0 1
    outer loop
      vertex 4.93852 0.608963 14
      vertex 5.46445 3.46889 14
      vertex 5.31214 3.43074 14
    endloop
  endfacet
  facet normal 0 0 1
    outer loop
      vertex 4.93852 0.608963 14
      vertex 5.31214 3.43074 14
      vertex 5.15683 3.4077 14
    endloop
  endfacet
  facet normal 0 0 1
    outer loop
      vertex 4.22882 0.944626 14
      vertex 5.15683 3.4077 14
      vertex 5 3.4 14
    endloop
  endfacet
  facet normal 0 0 1
    outer loop
      vertex 5.46445 3.46889 14
      vertex 4.93852 0.608963 14
      vertex 5.67772 0.344467 14
    endloop
  endfacet
  facet normal 0 0 1
    outer loop
      vertex 4.22882 0.944626 14
      vertex 5 3.4 14
      vertex 4.84317 3.4077 14
    endloop
  endfacet
  facet normal 0 0 1
    outer loop
      vertex 4.22882 0.944626 14
      vertex 4.84317 3.4077 14
      vertex 4.68785 3.43074 14
    endloop
  endfacet
  facet normal 0 0 1
    outer loop
      vertex 3.55544 1.34824 14
      vertex 4.68785 3.43074 14
      vertex 4.53554 3.46889 14
    endloop
  endfacet
  facet normal 0 0 1
    outer loop
      vertex 3.55544 1.34824 14
      vertex 4.53554 3.46889 14
      vertex 4.38771 3.52179 14
    endloop
  endfacet
  facet normal 0 0 1
    outer loop
      vertex 2.92485 1.8159 14
      vertex 4.38771 3.52179 14
      vertex 4.24576 3.58893 14
    endloop
  endfacet
  facet normal 0 0 1
    outer loop
      vertex 5.15683 3.4077 14
      vertex 4.22882 0.944626 14
      vertex 4.93852 0.608963 14
    endloop
  endfacet
  facet normal 0 0 1
    outer loop
      vertex 2.92485 1.8159 14
      vertex 4.24576 3.58893 14
      vertex 4.11109 3.66965 14
    endloop
  endfacet
  facet normal 0 0 1
    outer loop
      vertex 2.92485 1.8159 14
      vertex 4.11109 3.66965 14
      vertex 3.98497 3.76318 14
    endloop
  endfacet
  facet normal 0 0 1
    outer loop
      vertex 2.34314 2.34314 14
      vertex 3.98497 3.76318 14
      vertex 3.86863 3.86863 14
    endloop
  endfacet
  facet normal 0 0 1
    outer loop
      vertex 2.34314 2.34314 14
      vertex 3.86863 3.86863 14
      vertex 3.76318 3.98497 14
    endloop
  endfacet
  facet normal 0 0 1
    outer loop
      vertex 1.8159 2.92485 14
      vertex 3.76318 3.98497 14
      vertex 3.66965 4.11109 14
    endloop
  endfacet
  facet normal 0 0 1
    outer loop
      vertex 1.8159 2.92485 14
      vertex 3.66965 4.11109 14
      vertex 3.58893 4.24576 14
    endloop
  endfacet
  facet normal 0 0 1
    outer loop
      vertex 4.68785 3.43074 14
      vertex 3.55544 1.34824 14
      vertex 4.22882 0.944626 14
    endloop
  endfacet
  facet normal 0 0 1
    outer loop
      vertex 1.8159 2.92485 14
      vertex 3.58893 4.24576 14
      vertex 3.52179 4.38771 14
    endloop
  endfacet
  facet normal 0 0 1
    outer loop
      vertex 1.34824 3.55544 14
      vertex 3.52179 4.38771 14
      vertex 3.46889 4.53554 14
    endloop
  endfacet
  facet normal 0 0 1
    outer loop
      vertex 1.34824 3.55544 14
      vertex 3.46889 4.53554 14
      vertex 3.43074 4.68785 14
    endloop
  endfacet
  facet normal 0 0 1
    outer loop
      vertex 0.944626 4.22882 14
      vertex 3.43074 4.68785 14
      vertex 3.4077 4.84317 14
    endloop
  endfacet
  facet normal 0 0 1
    outer loop
      vertex 0.944626 4.22882 14
      vertex 3.4077 4.84317 14
      vertex 3.4 5 14
    endloop
  endfacet
  facet normal 0 0 1
    outer loop
      vertex 4.38771 3.52179 14
      vertex 2.92485 1.8159 14
      vertex 3.55544 1.34824 14
    endloop
  endfacet
  facet normal 0 0 1
    outer loop
      vertex 3.58893 5.75423 14
      vertex 0.344467 5.67772 14
      vertex 3.52179 5.61229 14
    endloop
  endfacet
  facet normal 0 0 1
    outer loop
      vertex 0 42 14
      vertex 2.92485 48.1841 14
      vertex 2.34314 47.6568 14
    endloop
  endfacet
  facet normal 0 0 1
    outer loop
      vertex 3.52179 5.61229 14
      vertex 0.344467 5.67772 14
      vertex 3.46889 5.46445 14
    endloop
  endfacet
  facet normal 0 0 1
    outer loop
      vertex 0 42 14
      vertex 2.34314 47.6568 14
      vertex 1.8159 47.0751 14
    endloop
  endfacet
  facet normal 0 -0 1
    outer loop
      vertex 0.608963 4.93852 14
      vertex 3.46889 5.46445 14
      vertex 0.344467 5.67772 14
    endloop
  endfacet
  facet normal 0 0 1
    outer loop
      vertex 0 42 14
      vertex 1.8159 47.0751 14
      vertex 1.34824 46.4445 14
    endloop
  endfacet
  facet normal 0 0 1
    outer loop
      vertex 3.98497 3.76318 14
      vertex 2.34314 2.34314 14
      vertex 2.92485 1.8159 14
    endloop
  endfacet
  facet normal 0 0 1
    outer loop
      vertex 0 42 14
      vertex 1.34824 46.4445 14
      vertex 0.944626 45.7712 14
    endloop
  endfacet
  facet normal 0 0 1
    outer loop
      vertex 3.76318 3.98497 14
      vertex 1.8159 2.92485 14
      vertex 2.34314 2.34314 14
    endloop
  endfacet
  facet normal 0 0 1
    outer loop
      vertex 0 42 14
      vertex 0.944626 45.7712 14
      vertex 0.608963 45.0615 14
    endloop
  endfacet
  facet normal 0 0 1
    outer loop
      vertex 3.52179 4.38771 14
      vertex 1.34824 3.55544 14
      vertex 1.8159 2.92485 14
    endloop
  endfacet
  facet normal 0 0 1
    outer loop
      vertex 0 42 14
      vertex 0.608963 45.0615 14
      vertex 0.344467 44.3223 14
    endloop
  endfacet
  facet normal 0 0 1
    outer loop
      vertex 3.43074 4.68785 14
      vertex 0.944626 4.22882 14
      vertex 1.34824 3.55544 14
    endloop
  endfacet
  facet normal 0 0 1
    outer loop
      vertex 0 42 14
      vertex 0.344467 44.3223 14
      vertex 0.153717 43.5607 14
    endloop
  endfacet
  facet normal 0 0 1
    outer loop
      vertex 3.4077 5.15683 14
      vertex 0.944626 4.22882 14
      vertex 3.4 5 14
    endloop
  endfacet
  facet normal 0 0 1
    outer loop
      vertex 0 42 14
      vertex 0.153717 43.5607 14
      vertex 0.0385132 42.7841 14
    endloop
  endfacet
  facet normal 0 -0 1
    outer loop
      vertex 0.944626 4.22882 14
      vertex 3.4077 5.15683 14
      vertex 0.608963 4.93852 14
    endloop
  endfacet
  facet normal 0 0 1
    outer loop
      vertex 3.43074 5.31214 14
      vertex 0.608963 4.93852 14
      vertex 3.4077 5.15683 14
    endloop
  endfacet
  facet normal 0 0 1
    outer loop
      vertex 3.46889 5.46445 14
      vertex 0.608963 4.93852 14
      vertex 3.43074 5.31214 14
    endloop
  endfacet
  facet normal 0 0 1
    outer loop
      vertex 73.985 6.23682 14
      vertex 67.6568 12.3431 14
      vertex 73.8686 6.13137 14
    endloop
  endfacet
  facet normal 0 0 1
    outer loop
      vertex 73.8686 6.13137 14
      vertex 67.6568 12.3431 14
      vertex 73.7632 6.01503 14
    endloop
  endfacet
  facet normal -0 0 1
    outer loop
      vertex 67.0751 11.8159 14
      vertex 73.7632 6.01503 14
      vertex 67.6568 12.3431 14
    endloop
  endfacet
  facet normal 0 0 1
    outer loop
      vertex 73.7632 6.01503 14
      vertex 67.0751 11.8159 14
      vertex 73.6696 5.88891 14
    endloop
  endfacet
  facet normal 0 0 1
    outer loop
      vertex 73.6696 5.88891 14
      vertex 67.0751 11.8159 14
      vertex 73.5889 5.75423 14
    endloop
  endfacet
  facet normal -0 0 1
    outer loop
      vertex 66.4445 11.3482 14
      vertex 73.5889 5.75423 14
      vertex 67.0751 11.8159 14
    endloop
  endfacet
  facet normal 0 0 1
    outer loop
      vertex 73.5889 5.75423 14
      vertex 66.4445 11.3482 14
      vertex 73.5218 5.61229 14
    endloop
  endfacet
  facet normal 0 0 1
    outer loop
      vertex 73.5218 5.61229 14
      vertex 66.4445 11.3482 14
      vertex 73.4689 5.46445 14
    endloop
  endfacet
  facet normal -0 0 1
    outer loop
      vertex 65.7712 10.9446 14
      vertex 73.4689 5.46445 14
      vertex 66.4445 11.3482 14
    endloop
  endfacet
  facet normal 0 0 1
    outer loop
      vertex 73.4689 5.46445 14
      vertex 65.7712 10.9446 14
      vertex 73.4307 5.31214 14
    endloop
  endfacet
  facet normal 0 0 1
    outer loop
      vertex 73.4307 5.31214 14
      vertex 65.7712 10.9446 14
      vertex 73.4077 5.15683 14
    endloop
  endfacet
  facet normal -0 0 1
    outer loop
      vertex 65.0615 10.609 14
      vertex 73.4077 5.15683 14
      vertex 65.7712 10.9446 14
    endloop
  endfacet
  facet normal -0 0 1
    outer loop
      vertex 64.3223 10.3445 14
      vertex 73.4077 5.15683 14
      vertex 65.0615 10.609 14
    endloop
  endfacet
  facet normal 0 0 1
    outer loop
      vertex 73.4077 5.15683 14
      vertex 64.3223 10.3445 14
      vertex 72 0 14
    endloop
  endfacet
  facet normal -0 0 1
    outer loop
      vertex 63.5607 10.1537 14
      vertex 72 0 14
      vertex 64.3223 10.3445 14
    endloop
  endfacet
  facet normal -0 0 1
    outer loop
      vertex 62.7841 10.0385 14
      vertex 72 0 14
      vertex 63.5607 10.1537 14
    endloop
  endfacet
  facet normal -0 0 1
    outer loop
      vertex 62 10 14
      vertex 72 0 14
      vertex 62.7841 10.0385 14
    endloop
  endfacet
  facet normal -0 0 1
    outer loop
      vertex 54 10 14
      vertex 72 0 14
      vertex 62 10 14
    endloop
  endfacet
  facet normal 0 0 1
    outer loop
      vertex 53.2159 10.0385 14
      vertex 72 0 14
      vertex 54 10 14
    endloop
  endfacet
  facet normal 0 0 1
    outer loop
      vertex 52.4393 10.1537 14
      vertex 72 0 14
      vertex 53.2159 10.0385 14
    endloop
  endfacet
  facet normal 0 0 1
    outer loop
      vertex 33.5607 10.1537 14
      vertex 52.4393 10.1537 14
      vertex 51.6777 10.3445 14
    endloop
  endfacet
  facet normal 0 0 1
    outer loop
      vertex 34.3223 10.3445 14
      vertex 51.6777 10.3445 14
      vertex 50.9385 10.609 14
    endloop
  endfacet
  facet normal 0 0 1
    outer loop
      vertex 35.0615 10.609 14
      vertex 50.9385 10.609 14
      vertex 50.2288 10.9446 14
    endloop
  endfacet
  facet normal -0 0 1
    outer loop
      vertex 39.8553 16.5 14
      vertex 46.1537 16.4393 14
      vertex 46.1447 16.5 14
    endloop
  endfacet
  facet normal 0 0 1
    outer loop
      vertex 39.8463 16.4393 14
      vertex 46.1537 16.4393 14
      vertex 39.8553 16.5 14
    endloop
  endfacet
  facet normal 0 0 1
    outer loop
      vertex 46.1537 16.4393 14
      vertex 39.8463 16.4393 14
      vertex 46.3445 15.6777 14
    endloop
  endfacet
  facet normal 0 0 1
    outer loop
      vertex 39.6555 15.6777 14
      vertex 46.3445 15.6777 14
      vertex 39.8463 16.4393 14
    endloop
  endfacet
  facet normal 0 0 1
    outer loop
      vertex 46.3445 15.6777 14
      vertex 39.6555 15.6777 14
      vertex 46.609 14.9385 14
    endloop
  endfacet
  facet normal 0 0 1
    outer loop
      vertex 39.391 14.9385 14
      vertex 46.609 14.9385 14
      vertex 39.6555 15.6777 14
    endloop
  endfacet
  facet normal 0 0 1
    outer loop
      vertex 46.609 14.9385 14
      vertex 39.391 14.9385 14
      vertex 46.9446 14.2288 14
    endloop
  endfacet
  facet normal 0 0 1
    outer loop
      vertex 39.0554 14.2288 14
      vertex 46.9446 14.2288 14
      vertex 39.391 14.9385 14
    endloop
  endfacet
  facet normal 0 0 1
    outer loop
      vertex 46.9446 14.2288 14
      vertex 39.0554 14.2288 14
      vertex 47.3482 13.5554 14
    endloop
  endfacet
  facet normal 0 0 1
    outer loop
      vertex 38.6517 13.5554 14
      vertex 47.3482 13.5554 14
      vertex 39.0554 14.2288 14
    endloop
  endfacet
  facet normal 0 0 1
    outer loop
      vertex 47.3482 13.5554 14
      vertex 38.6517 13.5554 14
      vertex 47.8159 12.9249 14
    endloop
  endfacet
  facet normal 0 0 1
    outer loop
      vertex 38.1841 12.9249 14
      vertex 47.8159 12.9249 14
      vertex 38.6517 13.5554 14
    endloop
  endfacet
  facet normal 0 0 1
    outer loop
      vertex 47.8159 12.9249 14
      vertex 38.1841 12.9249 14
      vertex 48.3431 12.3431 14
    endloop
  endfacet
  facet normal 0 0 1
    outer loop
      vertex 37.6568 12.3431 14
      vertex 48.3431 12.3431 14
      vertex 38.1841 12.9249 14
    endloop
  endfacet
  facet normal 0 0 1
    outer loop
      vertex 48.3431 12.3431 14
      vertex 37.6568 12.3431 14
      vertex 48.9249 11.8159 14
    endloop
  endfacet
  facet normal 0 0 1
    outer loop
      vertex 37.0751 11.8159 14
      vertex 48.9249 11.8159 14
      vertex 37.6568 12.3431 14
    endloop
  endfacet
  facet normal 0 0 1
    outer loop
      vertex 48.9249 11.8159 14
      vertex 37.0751 11.8159 14
      vertex 49.5554 11.3482 14
    endloop
  endfacet
  facet normal 0 0 1
    outer loop
      vertex 36.4445 11.3482 14
      vertex 49.5554 11.3482 14
      vertex 37.0751 11.8159 14
    endloop
  endfacet
  facet normal 0 0 1
    outer loop
      vertex 49.5554 11.3482 14
      vertex 36.4445 11.3482 14
      vertex 50.2288 10.9446 14
    endloop
  endfacet
  facet normal 0 0 1
    outer loop
      vertex 35.7712 10.9446 14
      vertex 50.2288 10.9446 14
      vertex 36.4445 11.3482 14
    endloop
  endfacet
  facet normal 0 0 1
    outer loop
      vertex 35.0615 10.609 14
      vertex 50.2288 10.9446 14
      vertex 35.7712 10.9446 14
    endloop
  endfacet
  facet normal 0 0 1
    outer loop
      vertex 50.9385 10.609 14
      vertex 35.0615 10.609 14
      vertex 34.3223 10.3445 14
    endloop
  endfacet
  facet normal 0 0 1
    outer loop
      vertex 51.6777 10.3445 14
      vertex 34.3223 10.3445 14
      vertex 33.5607 10.1537 14
    endloop
  endfacet
  facet normal 0 0 1
    outer loop
      vertex 52.4393 10.1537 14
      vertex 33.5607 10.1537 14
      vertex 72 0 14
    endloop
  endfacet
  facet normal -0 0 1
    outer loop
      vertex 32.7841 10.0385 14
      vertex 72 0 14
      vertex 33.5607 10.1537 14
    endloop
  endfacet
  facet normal 0 0 1
    outer loop
      vertex 8 0 14
      vertex 32.7841 10.0385 14
      vertex 32 10 14
    endloop
  endfacet
  facet normal 0 0 1
    outer loop
      vertex 8 0 14
      vertex 32 10 14
      vertex 18 10 14
    endloop
  endfacet
  facet normal 0 0 1
    outer loop
      vertex 8 0 14
      vertex 18 10 14
      vertex 17.2159 10.0385 14
    endloop
  endfacet
  facet normal 0 0 1
    outer loop
      vertex 8 0 14
      vertex 17.2159 10.0385 14
      vertex 16.4393 10.1537 14
    endloop
  endfacet
  facet normal -0 0 1
    outer loop
      vertex 5.75423 43.5889 14
      vertex 13.5554 30.6517 14
      vertex 5.88891 43.6696 14
    endloop
  endfacet
  facet normal 0 0 1
    outer loop
      vertex 32.7841 10.0385 14
      vertex 8 0 14
      vertex 72 0 14
    endloop
  endfacet
  facet normal 0 0 1
    outer loop
      vertex 15.6777 10.3445 14
      vertex 8 0 14
      vertex 16.4393 10.1537 14
    endloop
  endfacet
  facet normal 0 0 1
    outer loop
      vertex 6.59229 4.84317 14
      vertex 14.9385 10.609 14
      vertex 6.6 5 14
    endloop
  endfacet
  facet normal 0 0 1
    outer loop
      vertex 6.6 5 14
      vertex 14.9385 10.609 14
      vertex 14.2288 10.9446 14
    endloop
  endfacet
  facet normal 0 0 1
    outer loop
      vertex 6.6 5 14
      vertex 14.2288 10.9446 14
      vertex 13.5554 11.3482 14
    endloop
  endfacet
  facet normal 0 0 1
    outer loop
      vertex 6.6 5 14
      vertex 13.5554 11.3482 14
      vertex 12.9249 11.8159 14
    endloop
  endfacet
  facet normal 0 0 1
    outer loop
      vertex 6.6 5 14
      vertex 12.9249 11.8159 14
      vertex 12.3431 12.3431 14
    endloop
  endfacet
  facet normal 0 0 1
    outer loop
      vertex 6.6 5 14
      vertex 12.3431 12.3431 14
      vertex 11.8159 12.9249 14
    endloop
  endfacet
  facet normal 0 0 1
    outer loop
      vertex 6.6 5 14
      vertex 11.8159 12.9249 14
      vertex 11.3482 13.5554 14
    endloop
  endfacet
  facet normal 0 0 1
    outer loop
      vertex 6.6 5 14
      vertex 11.3482 13.5554 14
      vertex 10.9446 14.2288 14
    endloop
  endfacet
  facet normal 0 0 1
    outer loop
      vertex 6.6 5 14
      vertex 10.9446 14.2288 14
      vertex 10.609 14.9385 14
    endloop
  endfacet
  facet normal 0 0 1
    outer loop
      vertex 6.6 5 14
      vertex 10.609 14.9385 14
      vertex 10.3445 15.6777 14
    endloop
  endfacet
  facet normal 0 0 1
    outer loop
      vertex 6.6 5 14
      vertex 10.3445 15.6777 14
      vertex 10.1537 16.4393 14
    endloop
  endfacet
  facet normal 0 0 1
    outer loop
      vertex 6.6 5 14
      vertex 10.1537 16.4393 14
      vertex 10.0385 17.2159 14
    endloop
  endfacet
  facet normal 0 0 1
    outer loop
      vertex 10 24 14
      vertex 6.6 5 14
      vertex 10 18 14
    endloop
  endfacet
  facet normal 0 0 1
    outer loop
      vertex 6.13137 46.1314 14
      vertex 8 50 14
      vertex 7.21585 49.9615 14
    endloop
  endfacet
  facet normal 0 0 1
    outer loop
      vertex 6.6 5 14
      vertex 10.0385 17.2159 14
      vertex 10 18 14
    endloop
  endfacet
  facet normal 0 0 1
    outer loop
      vertex 14.9385 10.609 14
      vertex 6.59229 4.84317 14
      vertex 15.6777 10.3445 14
    endloop
  endfacet
  facet normal 0 0 1
    outer loop
      vertex 8 50 14
      vertex 6.59229 45.1568 14
      vertex 6.6 45 14
    endloop
  endfacet
  facet normal 0 0 1
    outer loop
      vertex 8 50 14
      vertex 6.56926 45.3121 14
      vertex 6.59229 45.1568 14
    endloop
  endfacet
  facet normal 0 0 1
    outer loop
      vertex 8 50 14
      vertex 6.5311 45.4645 14
      vertex 6.56926 45.3121 14
    endloop
  endfacet
  facet normal 0 0 1
    outer loop
      vertex 8 50 14
      vertex 6.47821 45.6123 14
      vertex 6.5311 45.4645 14
    endloop
  endfacet
  facet normal 0 0 1
    outer loop
      vertex 5.88891 46.3304 14
      vertex 7.21585 49.9615 14
      vertex 6.43927 49.8463 14
    endloop
  endfacet
  facet normal 0 0 1
    outer loop
      vertex 8 50 14
      vertex 6.41107 45.7542 14
      vertex 6.47821 45.6123 14
    endloop
  endfacet
  facet normal 0 0 1
    outer loop
      vertex 8 50 14
      vertex 6.33035 45.8889 14
      vertex 6.41107 45.7542 14
    endloop
  endfacet
  facet normal 0 0 1
    outer loop
      vertex 8 50 14
      vertex 6.23682 46.015 14
      vertex 6.33035 45.8889 14
    endloop
  endfacet
  facet normal 0 0 1
    outer loop
      vertex 8 50 14
      vertex 6.13137 46.1314 14
      vertex 6.23682 46.015 14
    endloop
  endfacet
  facet normal 0 0 1
    outer loop
      vertex 7.21585 49.9615 14
      vertex 6.01503 46.2368 14
      vertex 6.13137 46.1314 14
    endloop
  endfacet
  facet normal 0 0 1
    outer loop
      vertex 7.21585 49.9615 14
      vertex 5.88891 46.3304 14
      vertex 6.01503 46.2368 14
    endloop
  endfacet
  facet normal 0 0 1
    outer loop
      vertex 6.43927 49.8463 14
      vertex 5.75423 46.4111 14
      vertex 5.88891 46.3304 14
    endloop
  endfacet
  facet normal -0 0 1
    outer loop
      vertex 5.67772 49.6555 14
      vertex 5.75423 46.4111 14
      vertex 6.43927 49.8463 14
    endloop
  endfacet
  facet normal 0 0 1
    outer loop
      vertex 5.67772 49.6555 14
      vertex 5.61229 46.4782 14
      vertex 5.75423 46.4111 14
    endloop
  endfacet
  facet normal 0 0 1
    outer loop
      vertex 5.67772 49.6555 14
      vertex 5.46445 46.5311 14
      vertex 5.61229 46.4782 14
    endloop
  endfacet
  facet normal -0 0 1
    outer loop
      vertex 4.93852 49.391 14
      vertex 5.46445 46.5311 14
      vertex 5.67772 49.6555 14
    endloop
  endfacet
  facet normal 0 0 1
    outer loop
      vertex 5.46445 46.5311 14
      vertex 4.93852 49.391 14
      vertex 5.31214 46.5693 14
    endloop
  endfacet
  facet normal 0 0 1
    outer loop
      vertex 5.31214 46.5693 14
      vertex 4.93852 49.391 14
      vertex 5.15683 46.5923 14
    endloop
  endfacet
  facet normal -0 0 1
    outer loop
      vertex 4.22882 49.0554 14
      vertex 5.15683 46.5923 14
      vertex 4.93852 49.391 14
    endloop
  endfacet
  facet normal 0 0 1
    outer loop
      vertex 5.15683 46.5923 14
      vertex 4.22882 49.0554 14
      vertex 5 46.6 14
    endloop
  endfacet
  facet normal 0 0 1
    outer loop
      vertex 5 46.6 14
      vertex 4.22882 49.0554 14
      vertex 4.84317 46.5923 14
    endloop
  endfacet
  facet normal 0 0 1
    outer loop
      vertex 4.84317 46.5923 14
      vertex 4.22882 49.0554 14
      vertex 4.68785 46.5693 14
    endloop
  endfacet
  facet normal -0 0 1
    outer loop
      vertex 3.55544 48.6517 14
      vertex 4.68785 46.5693 14
      vertex 4.22882 49.0554 14
    endloop
  endfacet
  facet normal 0 0 1
    outer loop
      vertex 4.68785 46.5693 14
      vertex 3.55544 48.6517 14
      vertex 4.53554 46.5311 14
    endloop
  endfacet
  facet normal 0 0 1
    outer loop
      vertex 4.53554 46.5311 14
      vertex 3.55544 48.6517 14
      vertex 4.38771 46.4782 14
    endloop
  endfacet
  facet normal -0 0 1
    outer loop
      vertex 2.92485 48.1841 14
      vertex 4.38771 46.4782 14
      vertex 3.55544 48.6517 14
    endloop
  endfacet
  facet normal 0 0 1
    outer loop
      vertex 4.38771 46.4782 14
      vertex 2.92485 48.1841 14
      vertex 4.24576 46.4111 14
    endloop
  endfacet
  facet normal 0 0 1
    outer loop
      vertex 4.24576 46.4111 14
      vertex 2.92485 48.1841 14
      vertex 4.11109 46.3304 14
    endloop
  endfacet
  facet normal 0 0 1
    outer loop
      vertex 4.11109 46.3304 14
      vertex 2.92485 48.1841 14
      vertex 3.98497 46.2368 14
    endloop
  endfacet
  facet normal 0 0 1
    outer loop
      vertex 3.98497 46.2368 14
      vertex 2.92485 48.1841 14
      vertex 3.86863 46.1314 14
    endloop
  endfacet
  facet normal 0 0 1
    outer loop
      vertex 3.86863 46.1314 14
      vertex 2.92485 48.1841 14
      vertex 3.76318 46.015 14
    endloop
  endfacet
  facet normal 0 0 1
    outer loop
      vertex 3.76318 46.015 14
      vertex 2.92485 48.1841 14
      vertex 3.66965 45.8889 14
    endloop
  endfacet
  facet normal 0 0 1
    outer loop
      vertex 3.66965 45.8889 14
      vertex 2.92485 48.1841 14
      vertex 3.58893 45.7542 14
    endloop
  endfacet
  facet normal 0 0 1
    outer loop
      vertex 3.58893 45.7542 14
      vertex 2.92485 48.1841 14
      vertex 3.52179 45.6123 14
    endloop
  endfacet
  facet normal 0 0 1
    outer loop
      vertex 3.52179 45.6123 14
      vertex 2.92485 48.1841 14
      vertex 3.46889 45.4645 14
    endloop
  endfacet
  facet normal 0 0 1
    outer loop
      vertex 3.46889 45.4645 14
      vertex 2.92485 48.1841 14
      vertex 3.43074 45.3121 14
    endloop
  endfacet
  facet normal 0 0 1
    outer loop
      vertex 0 42 14
      vertex 3.43074 45.3121 14
      vertex 2.92485 48.1841 14
    endloop
  endfacet
  facet normal 0 0 1
    outer loop
      vertex 3.4077 45.1568 14
      vertex 0 42 14
      vertex 3.4 45 14
    endloop
  endfacet
  facet normal 0 0 1
    outer loop
      vertex 3.43074 45.3121 14
      vertex 0 42 14
      vertex 3.4077 45.1568 14
    endloop
  endfacet
  facet normal 0 0 1
    outer loop
      vertex 79.6555 44.3223 14
      vertex 76.4111 44.2458 14
      vertex 79.8463 43.5607 14
    endloop
  endfacet
  facet normal 0 0 1
    outer loop
      vertex 76.9 28 14
      vertex 76.5923 5.15683 14
      vertex 76.6 5 14
    endloop
  endfacet
  facet normal -0 0 1
    outer loop
      vertex 76.3304 44.1111 14
      vertex 79.8463 43.5607 14
      vertex 76.4111 44.2458 14
    endloop
  endfacet
  facet normal 0 0 1
    outer loop
      vertex 76.9 28 14
      vertex 76.5693 5.31214 14
      vertex 76.5923 5.15683 14
    endloop
  endfacet
  facet normal 0 0 1
    outer loop
      vertex 79.8463 43.5607 14
      vertex 76.3304 44.1111 14
      vertex 79.9615 42.7841 14
    endloop
  endfacet
  facet normal 0 0 1
    outer loop
      vertex 76.9 28 14
      vertex 76.5311 5.46445 14
      vertex 76.5693 5.31214 14
    endloop
  endfacet
  facet normal -0 0 1
    outer loop
      vertex 76.2368 43.985 14
      vertex 79.9615 42.7841 14
      vertex 76.3304 44.1111 14
    endloop
  endfacet
  facet normal 0 0 1
    outer loop
      vertex 76.9 28 14
      vertex 76.4782 5.61229 14
      vertex 76.5311 5.46445 14
    endloop
  endfacet
  facet normal -0 0 1
    outer loop
      vertex 76.1314 43.8686 14
      vertex 79.9615 42.7841 14
      vertex 76.2368 43.985 14
    endloop
  endfacet
  facet normal 0 0 1
    outer loop
      vertex 76.9 28 14
      vertex 76.4111 5.75423 14
      vertex 76.4782 5.61229 14
    endloop
  endfacet
  facet normal 0 0 1
    outer loop
      vertex 79.9615 42.7841 14
      vertex 76.1314 43.8686 14
      vertex 80 42 14
    endloop
  endfacet
  facet normal 0 0 1
    outer loop
      vertex 76.9 28 14
      vertex 76.3304 5.88891 14
      vertex 76.4111 5.75423 14
    endloop
  endfacet
  facet normal -0 0 1
    outer loop
      vertex 76.015 43.7632 14
      vertex 80 42 14
      vertex 76.1314 43.8686 14
    endloop
  endfacet
  facet normal 0 0 1
    outer loop
      vertex 76.9 28 14
      vertex 76.2368 6.01503 14
      vertex 76.3304 5.88891 14
    endloop
  endfacet
  facet normal -0 0 1
    outer loop
      vertex 75.8889 43.6696 14
      vertex 80 42 14
      vertex 76.015 43.7632 14
    endloop
  endfacet
  facet normal 0 0 1
    outer loop
      vertex 70 18 14
      vertex 76.9 28 14
      vertex 70 24 14
    endloop
  endfacet
  facet normal -0 0 1
    outer loop
      vertex 75.7542 43.5889 14
      vertex 80 42 14
      vertex 75.8889 43.6696 14
    endloop
  endfacet
  facet normal 0 0 1
    outer loop
      vertex 76.9 28 14
      vertex 76.1314 6.13137 14
      vertex 76.2368 6.01503 14
    endloop
  endfacet
  facet normal -0 0 1
    outer loop
      vertex 75.6123 43.5218 14
      vertex 80 42 14
      vertex 75.7542 43.5889 14
    endloop
  endfacet
  facet normal 0 0 1
    outer loop
      vertex 76.9 28 14
      vertex 76.015 6.23682 14
      vertex 76.1314 6.13137 14
    endloop
  endfacet
  facet normal -0 0 1
    outer loop
      vertex 75.4645 43.4689 14
      vertex 80 42 14
      vertex 75.6123 43.5218 14
    endloop
  endfacet
  facet normal 0 0 1
    outer loop
      vertex 76.9 28 14
      vertex 75.8889 6.33035 14
      vertex 76.015 6.23682 14
    endloop
  endfacet
  facet normal -0 0 1
    outer loop
      vertex 75.3121 43.4307 14
      vertex 80 42 14
      vertex 75.4645 43.4689 14
    endloop
  endfacet
  facet normal -0 0 1
    outer loop
      vertex 70 18 14
      vertex 75.8889 6.33035 14
      vertex 76.9 28 14
    endloop
  endfacet
  facet normal -0 0 1
    outer loop
      vertex 75.1568 43.4077 14
      vertex 80 42 14
      vertex 75.3121 43.4307 14
    endloop
  endfacet
  facet normal -0 0 1
    outer loop
      vertex 69.9615 17.2159 14
      vertex 75.8889 6.33035 14
      vertex 70 18 14
    endloop
  endfacet
  facet normal 0 0 1
    outer loop
      vertex 80 42 14
      vertex 75.1568 43.4077 14
      vertex 76.9 28 14
    endloop
  endfacet
  facet normal 0 0 1
    outer loop
      vertex 75.8889 6.33035 14
      vertex 69.9615 17.2159 14
      vertex 75.7542 6.41107 14
    endloop
  endfacet
  facet normal -0 0 1
    outer loop
      vertex 75 43.4 14
      vertex 76.9 28 14
      vertex 75.1568 43.4077 14
    endloop
  endfacet
  facet normal 0 0 1
    outer loop
      vertex 75.7542 6.41107 14
      vertex 69.9615 17.2159 14
      vertex 75.6123 6.47821 14
    endloop
  endfacet
  facet normal 0 0 1
    outer loop
      vertex 74.8432 43.4077 14
      vertex 76.9 28 14
      vertex 75 43.4 14
    endloop
  endfacet
  facet normal -0 0 1
    outer loop
      vertex 69.8463 16.4393 14
      vertex 75.6123 6.47821 14
      vertex 69.9615 17.2159 14
    endloop
  endfacet
  facet normal 0 0 1
    outer loop
      vertex 74.6879 43.4307 14
      vertex 76.9 28 14
      vertex 74.8432 43.4077 14
    endloop
  endfacet
  facet normal 0 0 1
    outer loop
      vertex 75.6123 6.47821 14
      vertex 69.8463 16.4393 14
      vertex 75.4645 6.5311 14
    endloop
  endfacet
  facet normal 0 0 1
    outer loop
      vertex 76.9 28 14
      vertex 74.6879 43.4307 14
      vertex 67.6568 29.6568 14
    endloop
  endfacet
  facet normal 0 0 1
    outer loop
      vertex 75.4645 6.5311 14
      vertex 69.8463 16.4393 14
      vertex 75.3121 6.56926 14
    endloop
  endfacet
  facet normal 0 0 1
    outer loop
      vertex 67.6568 29.6568 14
      vertex 74.6879 43.4307 14
      vertex 74.5355 43.4689 14
    endloop
  endfacet
  facet normal -0 0 1
    outer loop
      vertex 69.6555 15.6777 14
      vertex 75.3121 6.56926 14
      vertex 69.8463 16.4393 14
    endloop
  endfacet
  facet normal 0 0 1
    outer loop
      vertex 67.0751 30.1841 14
      vertex 74.5355 43.4689 14
      vertex 74.3877 43.5218 14
    endloop
  endfacet
  facet normal 0 0 1
    outer loop
      vertex 75.3121 6.56926 14
      vertex 69.6555 15.6777 14
      vertex 75.1568 6.59229 14
    endloop
  endfacet
  facet normal 0 0 1
    outer loop
      vertex 66.4445 30.6517 14
      vertex 74.3877 43.5218 14
      vertex 74.2458 43.5889 14
    endloop
  endfacet
  facet normal -0 0 1
    outer loop
      vertex 69.391 14.9385 14
      vertex 75.1568 6.59229 14
      vertex 69.6555 15.6777 14
    endloop
  endfacet
  facet normal 0 0 1
    outer loop
      vertex 66.4445 30.6517 14
      vertex 74.2458 43.5889 14
      vertex 74.1111 43.6696 14
    endloop
  endfacet
  facet normal 0 0 1
    outer loop
      vertex 75.1568 6.59229 14
      vertex 69.391 14.9385 14
      vertex 75 6.6 14
    endloop
  endfacet
  facet normal 0 0 1
    outer loop
      vertex 65.7712 31.0554 14
      vertex 74.1111 43.6696 14
      vertex 73.985 43.7632 14
    endloop
  endfacet
  facet normal 0 0 1
    outer loop
      vertex 75 6.6 14
      vertex 69.391 14.9385 14
      vertex 74.8432 6.59229 14
    endloop
  endfacet
  facet normal 0 0 1
    outer loop
      vertex 65.7712 31.0554 14
      vertex 73.985 43.7632 14
      vertex 73.8686 43.8686 14
    endloop
  endfacet
  facet normal -0 0 1
    outer loop
      vertex 69.0554 14.2288 14
      vertex 74.8432 6.59229 14
      vertex 69.391 14.9385 14
    endloop
  endfacet
  facet normal 0 0 1
    outer loop
      vertex 65.0615 31.391 14
      vertex 73.8686 43.8686 14
      vertex 73.7632 43.985 14
    endloop
  endfacet
  facet normal 0 0 1
    outer loop
      vertex 74.8432 6.59229 14
      vertex 69.0554 14.2288 14
      vertex 74.6879 6.56926 14
    endloop
  endfacet
  facet normal 0 0 1
    outer loop
      vertex 64.3223 31.6555 14
      vertex 73.7632 43.985 14
      vertex 73.6696 44.1111 14
    endloop
  endfacet
  facet normal 0 0 1
    outer loop
      vertex 74.6879 6.56926 14
      vertex 69.0554 14.2288 14
      vertex 74.5355 6.5311 14
    endloop
  endfacet
  facet normal 0 0 1
    outer loop
      vertex 64.3223 31.6555 14
      vertex 73.6696 44.1111 14
      vertex 73.5889 44.2458 14
    endloop
  endfacet
  facet normal -0 0 1
    outer loop
      vertex 68.6517 13.5554 14
      vertex 74.5355 6.5311 14
      vertex 69.0554 14.2288 14
    endloop
  endfacet
  facet normal 0 0 1
    outer loop
      vertex 63.5607 31.8463 14
      vertex 73.5889 44.2458 14
      vertex 73.5218 44.3877 14
    endloop
  endfacet
  facet normal 0 0 1
    outer loop
      vertex 74.5355 6.5311 14
      vertex 68.6517 13.5554 14
      vertex 74.3877 6.47821 14
    endloop
  endfacet
  facet normal 0 0 1
    outer loop
      vertex 63.5607 31.8463 14
      vertex 73.5218 44.3877 14
      vertex 73.4689 44.5355 14
    endloop
  endfacet
  facet normal 0 0 1
    outer loop
      vertex 74.3877 6.47821 14
      vertex 68.6517 13.5554 14
      vertex 74.2458 6.41107 14
    endloop
  endfacet
  facet normal 0 0 1
    outer loop
      vertex 62.7841 31.9615 14
      vertex 73.4689 44.5355 14
      vertex 73.4307 44.6879 14
    endloop
  endfacet
  facet normal -0 0 1
    outer loop
      vertex 68.1841 12.9249 14
      vertex 74.2458 6.41107 14
      vertex 68.6517 13.5554 14
    endloop
  endfacet
  facet normal 0 0 1
    outer loop
      vertex 62 32 14
      vertex 73.4307 44.6879 14
      vertex 73.4077 44.8432 14
    endloop
  endfacet
  facet normal 0 0 1
    outer loop
      vertex 74.2458 6.41107 14
      vertex 68.1841 12.9249 14
      vertex 74.1111 6.33035 14
    endloop
  endfacet
  facet normal 0 0 1
    outer loop
      vertex 62 32 14
      vertex 73.4077 44.8432 14
      vertex 73.4 45 14
    endloop
  endfacet
  facet normal 0 0 1
    outer loop
      vertex 74.1111 6.33035 14
      vertex 68.1841 12.9249 14
      vertex 73.985 6.23682 14
    endloop
  endfacet
  facet normal 0 0 1
    outer loop
      vertex 79.391 45.0615 14
      vertex 76.5311 44.5355 14
      vertex 79.6555 44.3223 14
    endloop
  endfacet
  facet normal 0 0 1
    outer loop
      vertex 76.5311 44.5355 14
      vertex 79.391 45.0615 14
      vertex 76.5693 44.6879 14
    endloop
  endfacet
  facet normal 0 0 1
    outer loop
      vertex 76.5693 44.6879 14
      vertex 79.391 45.0615 14
      vertex 76.5923 44.8432 14
    endloop
  endfacet
  facet normal 0 0 1
    outer loop
      vertex 79.0554 45.7712 14
      vertex 76.5923 44.8432 14
      vertex 79.391 45.0615 14
    endloop
  endfacet
  facet normal 0 0 1
    outer loop
      vertex 76.5923 44.8432 14
      vertex 79.0554 45.7712 14
      vertex 76.6 45 14
    endloop
  endfacet
  facet normal 0 0 1
    outer loop
      vertex 76.5693 45.3121 14
      vertex 79.0554 45.7712 14
      vertex 78.6517 46.4445 14
    endloop
  endfacet
  facet normal 0 0 1
    outer loop
      vertex 76.4782 45.6123 14
      vertex 78.6517 46.4445 14
      vertex 78.1841 47.0751 14
    endloop
  endfacet
  facet normal 0 0 1
    outer loop
      vertex 76.2368 46.015 14
      vertex 78.1841 47.0751 14
      vertex 77.6568 47.6568 14
    endloop
  endfacet
  facet normal 0 0 1
    outer loop
      vertex 76.015 46.2368 14
      vertex 77.6568 47.6568 14
      vertex 77.0751 48.1841 14
    endloop
  endfacet
  facet normal -0 0 1
    outer loop
      vertex 76.4782 44.3877 14
      vertex 79.6555 44.3223 14
      vertex 76.5311 44.5355 14
    endloop
  endfacet
  facet normal 0 0 1
    outer loop
      vertex 76.4111 44.2458 14
      vertex 79.6555 44.3223 14
      vertex 76.4782 44.3877 14
    endloop
  endfacet
  facet normal 0 0 1
    outer loop
      vertex 80 42 14
      vertex 76.9 28 14
      vertex 80 28 14
    endloop
  endfacet
  facet normal 0 0 1
    outer loop
      vertex 79.0554 45.7712 14
      vertex 76.5923 45.1568 14
      vertex 76.6 45 14
    endloop
  endfacet
  facet normal 0 0 1
    outer loop
      vertex 79.0554 45.7712 14
      vertex 76.5693 45.3121 14
      vertex 76.5923 45.1568 14
    endloop
  endfacet
  facet normal 0 0 1
    outer loop
      vertex 78.6517 46.4445 14
      vertex 76.5311 45.4645 14
      vertex 76.5693 45.3121 14
    endloop
  endfacet
  facet normal 0 0 1
    outer loop
      vertex 78.6517 46.4445 14
      vertex 76.4782 45.6123 14
      vertex 76.5311 45.4645 14
    endloop
  endfacet
  facet normal 0 0 1
    outer loop
      vertex 75.6123 46.4782 14
      vertex 77.0751 48.1841 14
      vertex 76.4445 48.6517 14
    endloop
  endfacet
  facet normal 0 0 1
    outer loop
      vertex 78.1841 47.0751 14
      vertex 76.4111 45.7542 14
      vertex 76.4782 45.6123 14
    endloop
  endfacet
  facet normal 0 0 1
    outer loop
      vertex 78.1841 47.0751 14
      vertex 76.3304 45.8889 14
      vertex 76.4111 45.7542 14
    endloop
  endfacet
  facet normal 0 0 1
    outer loop
      vertex 78.1841 47.0751 14
      vertex 76.2368 46.015 14
      vertex 76.3304 45.8889 14
    endloop
  endfacet
  facet normal 0 0 1
    outer loop
      vertex 77.6568 47.6568 14
      vertex 76.1314 46.1314 14
      vertex 76.2368 46.015 14
    endloop
  endfacet
  facet normal 0 0 1
    outer loop
      vertex 77.6568 47.6568 14
      vertex 76.015 46.2368 14
      vertex 76.1314 46.1314 14
    endloop
  endfacet
  facet normal 0 0 1
    outer loop
      vertex 77.0751 48.1841 14
      vertex 75.8889 46.3304 14
      vertex 76.015 46.2368 14
    endloop
  endfacet
  facet normal 0 0 1
    outer loop
      vertex 75.3121 46.5693 14
      vertex 76.4445 48.6517 14
      vertex 75.7712 49.0554 14
    endloop
  endfacet
  facet normal 0 0 1
    outer loop
      vertex 77.0751 48.1841 14
      vertex 75.7542 46.4111 14
      vertex 75.8889 46.3304 14
    endloop
  endfacet
  facet normal 0 0 1
    outer loop
      vertex 77.0751 48.1841 14
      vertex 75.6123 46.4782 14
      vertex 75.7542 46.4111 14
    endloop
  endfacet
  facet normal 0 0 1
    outer loop
      vertex 76.4445 48.6517 14
      vertex 75.4645 46.5311 14
      vertex 75.6123 46.4782 14
    endloop
  endfacet
  facet normal 0 0 1
    outer loop
      vertex 76.4445 48.6517 14
      vertex 75.3121 46.5693 14
      vertex 75.4645 46.5311 14
    endloop
  endfacet
  facet normal 0 0 1
    outer loop
      vertex 75.7712 49.0554 14
      vertex 75.1568 46.5923 14
      vertex 75.3121 46.5693 14
    endloop
  endfacet
  facet normal 0 0 1
    outer loop
      vertex 74.8432 46.5923 14
      vertex 75.7712 49.0554 14
      vertex 75.0615 49.391 14
    endloop
  endfacet
  facet normal 0 0 1
    outer loop
      vertex 75.7712 49.0554 14
      vertex 75 46.6 14
      vertex 75.1568 46.5923 14
    endloop
  endfacet
  facet normal 0 0 1
    outer loop
      vertex 75.7712 49.0554 14
      vertex 74.8432 46.5923 14
      vertex 75 46.6 14
    endloop
  endfacet
  facet normal 0 0 1
    outer loop
      vertex 75.0615 49.391 14
      vertex 74.6879 46.5693 14
      vertex 74.8432 46.5923 14
    endloop
  endfacet
  facet normal 0 0 1
    outer loop
      vertex 75.0615 49.391 14
      vertex 74.5355 46.5311 14
      vertex 74.6879 46.5693 14
    endloop
  endfacet
  facet normal 0 0 1
    outer loop
      vertex 74.3223 49.6555 14
      vertex 74.5355 46.5311 14
      vertex 75.0615 49.391 14
    endloop
  endfacet
  facet normal 0 0 1
    outer loop
      vertex 74.5355 46.5311 14
      vertex 74.3223 49.6555 14
      vertex 74.3877 46.4782 14
    endloop
  endfacet
  facet normal 0 0 1
    outer loop
      vertex 74.3223 49.6555 14
      vertex 74.2458 46.4111 14
      vertex 74.3877 46.4782 14
    endloop
  endfacet
  facet normal 0 0 1
    outer loop
      vertex 73.5607 49.8463 14
      vertex 74.2458 46.4111 14
      vertex 74.3223 49.6555 14
    endloop
  endfacet
  facet normal 0 0 1
    outer loop
      vertex 74.2458 46.4111 14
      vertex 73.5607 49.8463 14
      vertex 74.1111 46.3304 14
    endloop
  endfacet
  facet normal 0 0 1
    outer loop
      vertex 72.7841 49.9615 14
      vertex 74.1111 46.3304 14
      vertex 73.5607 49.8463 14
    endloop
  endfacet
  facet normal 0 0 1
    outer loop
      vertex 74.1111 46.3304 14
      vertex 72.7841 49.9615 14
      vertex 73.985 46.2368 14
    endloop
  endfacet
  facet normal 0 0 1
    outer loop
      vertex 73.985 46.2368 14
      vertex 72.7841 49.9615 14
      vertex 73.8686 46.1314 14
    endloop
  endfacet
  facet normal 0 0 1
    outer loop
      vertex 72 50 14
      vertex 73.8686 46.1314 14
      vertex 72.7841 49.9615 14
    endloop
  endfacet
  facet normal 0 0 1
    outer loop
      vertex 73.8686 46.1314 14
      vertex 72 50 14
      vertex 73.7632 46.015 14
    endloop
  endfacet
  facet normal 0 0 1
    outer loop
      vertex 73.7632 46.015 14
      vertex 72 50 14
      vertex 73.6696 45.8889 14
    endloop
  endfacet
  facet normal 0 0 1
    outer loop
      vertex 73.6696 45.8889 14
      vertex 72 50 14
      vertex 73.5889 45.7542 14
    endloop
  endfacet
  facet normal 0 0 1
    outer loop
      vertex 73.5889 45.7542 14
      vertex 72 50 14
      vertex 73.5218 45.6123 14
    endloop
  endfacet
  facet normal 0 0 1
    outer loop
      vertex 73.5218 45.6123 14
      vertex 72 50 14
      vertex 73.4689 45.4645 14
    endloop
  endfacet
  facet normal 0 0 1
    outer loop
      vertex 73.4689 45.4645 14
      vertex 72 50 14
      vertex 73.4307 45.3121 14
    endloop
  endfacet
  facet normal 0 0 1
    outer loop
      vertex 73.4077 45.1568 14
      vertex 72 50 14
      vertex 73.4 45 14
    endloop
  endfacet
  facet normal 0 0 1
    outer loop
      vertex 73.4307 45.3121 14
      vertex 72 50 14
      vertex 73.4077 45.1568 14
    endloop
  endfacet
  facet normal -0 0 1
    outer loop
      vertex 76.9 14 14
      vertex 80 8 14
      vertex 80 14 14
    endloop
  endfacet
  facet normal 0 0 1
    outer loop
      vertex 76.6 5 14
      vertex 80 8 14
      vertex 76.9 14 14
    endloop
  endfacet
  facet normal 0 0 1
    outer loop
      vertex 80 8 14
      vertex 76.6 5 14
      vertex 79.9615 7.21585 14
    endloop
  endfacet
  facet normal 0 0 1
    outer loop
      vertex 79.9615 7.21585 14
      vertex 76.6 5 14
      vertex 79.8463 6.43927 14
    endloop
  endfacet
  facet normal 0 0 1
    outer loop
      vertex 79.8463 6.43927 14
      vertex 76.6 5 14
      vertex 79.6555 5.67772 14
    endloop
  endfacet
  facet normal 0 0 1
    outer loop
      vertex 79.391 4.93852 14
      vertex 76.6 5 14
      vertex 79.0554 4.22882 14
    endloop
  endfacet
  facet normal -0 0 1
    outer loop
      vertex 76.5923 4.84317 14
      vertex 79.0554 4.22882 14
      vertex 76.6 5 14
    endloop
  endfacet
  facet normal -0 0 1
    outer loop
      vertex 76.5693 4.68785 14
      vertex 79.0554 4.22882 14
      vertex 76.5923 4.84317 14
    endloop
  endfacet
  facet normal 0 0 1
    outer loop
      vertex 79.0554 4.22882 14
      vertex 76.5693 4.68785 14
      vertex 78.6517 3.55544 14
    endloop
  endfacet
  facet normal 0 0 1
    outer loop
      vertex 79.6555 5.67772 14
      vertex 76.6 5 14
      vertex 79.391 4.93852 14
    endloop
  endfacet
  facet normal 0 0 1
    outer loop
      vertex 76.9 28 14
      vertex 76.6 5 14
      vertex 76.9 14 14
    endloop
  endfacet
  facet normal -0 0 1
    outer loop
      vertex 76.5311 4.53554 14
      vertex 78.6517 3.55544 14
      vertex 76.5693 4.68785 14
    endloop
  endfacet
  facet normal -0 0 1
    outer loop
      vertex 76.4782 4.38771 14
      vertex 78.6517 3.55544 14
      vertex 76.5311 4.53554 14
    endloop
  endfacet
  facet normal 0 0 1
    outer loop
      vertex 78.6517 3.55544 14
      vertex 76.4782 4.38771 14
      vertex 78.1841 2.92485 14
    endloop
  endfacet
  facet normal -0 0 1
    outer loop
      vertex 76.4111 4.24576 14
      vertex 78.1841 2.92485 14
      vertex 76.4782 4.38771 14
    endloop
  endfacet
  facet normal -0 0 1
    outer loop
      vertex 76.3304 4.11109 14
      vertex 78.1841 2.92485 14
      vertex 76.4111 4.24576 14
    endloop
  endfacet
  facet normal -0 0 1
    outer loop
      vertex 76.2368 3.98497 14
      vertex 78.1841 2.92485 14
      vertex 76.3304 4.11109 14
    endloop
  endfacet
  facet normal 0 0 1
    outer loop
      vertex 78.1841 2.92485 14
      vertex 76.2368 3.98497 14
      vertex 77.6568 2.34314 14
    endloop
  endfacet
  facet normal -0 0 1
    outer loop
      vertex 76.1314 3.86863 14
      vertex 77.6568 2.34314 14
      vertex 76.2368 3.98497 14
    endloop
  endfacet
  facet normal -0 0 1
    outer loop
      vertex 76.015 3.76318 14
      vertex 77.6568 2.34314 14
      vertex 76.1314 3.86863 14
    endloop
  endfacet
  facet normal 0 0 1
    outer loop
      vertex 77.6568 2.34314 14
      vertex 76.015 3.76318 14
      vertex 77.0751 1.8159 14
    endloop
  endfacet
  facet normal -0 0 1
    outer loop
      vertex 75.8889 3.66965 14
      vertex 77.0751 1.8159 14
      vertex 76.015 3.76318 14
    endloop
  endfacet
  facet normal -0 0 1
    outer loop
      vertex 75.7542 3.58893 14
      vertex 77.0751 1.8159 14
      vertex 75.8889 3.66965 14
    endloop
  endfacet
  facet normal -0 0 1
    outer loop
      vertex 75.6123 3.52179 14
      vertex 77.0751 1.8159 14
      vertex 75.7542 3.58893 14
    endloop
  endfacet
  facet normal 0 0 1
    outer loop
      vertex 77.0751 1.8159 14
      vertex 75.6123 3.52179 14
      vertex 76.4445 1.34824 14
    endloop
  endfacet
  facet normal -0 0 1
    outer loop
      vertex 75.4645 3.46889 14
      vertex 76.4445 1.34824 14
      vertex 75.6123 3.52179 14
    endloop
  endfacet
  facet normal -0 0 1
    outer loop
      vertex 75.3121 3.43074 14
      vertex 76.4445 1.34824 14
      vertex 75.4645 3.46889 14
    endloop
  endfacet
  facet normal 0 0 1
    outer loop
      vertex 76.4445 1.34824 14
      vertex 75.3121 3.43074 14
      vertex 75.7712 0.944626 14
    endloop
  endfacet
  facet normal -0 0 1
    outer loop
      vertex 75.1568 3.4077 14
      vertex 75.7712 0.944626 14
      vertex 75.3121 3.43074 14
    endloop
  endfacet
  facet normal -0 0 1
    outer loop
      vertex 75 3.4 14
      vertex 75.7712 0.944626 14
      vertex 75.1568 3.4077 14
    endloop
  endfacet
  facet normal 0 0 1
    outer loop
      vertex 74.8432 3.4077 14
      vertex 75.7712 0.944626 14
      vertex 75 3.4 14
    endloop
  endfacet
  facet normal 0 0 1
    outer loop
      vertex 75.7712 0.944626 14
      vertex 74.8432 3.4077 14
      vertex 75.0615 0.608963 14
    endloop
  endfacet
  facet normal 0 0 1
    outer loop
      vertex 74.6879 3.43074 14
      vertex 75.0615 0.608963 14
      vertex 74.8432 3.4077 14
    endloop
  endfacet
  facet normal 0 0 1
    outer loop
      vertex 74.5355 3.46889 14
      vertex 75.0615 0.608963 14
      vertex 74.6879 3.43074 14
    endloop
  endfacet
  facet normal 0 0 1
    outer loop
      vertex 74.3223 0.344467 14
      vertex 74.5355 3.46889 14
      vertex 74.3877 3.52179 14
    endloop
  endfacet
  facet normal 0 0 1
    outer loop
      vertex 74.5355 3.46889 14
      vertex 74.3223 0.344467 14
      vertex 75.0615 0.608963 14
    endloop
  endfacet
  facet normal 0 0 1
    outer loop
      vertex 74.2458 3.58893 14
      vertex 74.3223 0.344467 14
      vertex 74.3877 3.52179 14
    endloop
  endfacet
  facet normal 0 0 1
    outer loop
      vertex 73.5607 0.153717 14
      vertex 74.2458 3.58893 14
      vertex 74.1111 3.66965 14
    endloop
  endfacet
  facet normal 0 0 1
    outer loop
      vertex 72.7841 0.0385132 14
      vertex 74.1111 3.66965 14
      vertex 73.985 3.76318 14
    endloop
  endfacet
  facet normal 0 0 1
    outer loop
      vertex 72.7841 0.0385132 14
      vertex 73.985 3.76318 14
      vertex 73.8686 3.86863 14
    endloop
  endfacet
  facet normal 0 0 1
    outer loop
      vertex 72 0 14
      vertex 73.8686 3.86863 14
      vertex 73.7632 3.98497 14
    endloop
  endfacet
  facet normal 0 0 1
    outer loop
      vertex 72 0 14
      vertex 73.7632 3.98497 14
      vertex 73.6696 4.11109 14
    endloop
  endfacet
  facet normal 0 0 1
    outer loop
      vertex 72 0 14
      vertex 73.6696 4.11109 14
      vertex 73.5889 4.24576 14
    endloop
  endfacet
  facet normal 0 0 1
    outer loop
      vertex 74.2458 3.58893 14
      vertex 73.5607 0.153717 14
      vertex 74.3223 0.344467 14
    endloop
  endfacet
  facet normal 0 0 1
    outer loop
      vertex 72 0 14
      vertex 73.5889 4.24576 14
      vertex 73.5218 4.38771 14
    endloop
  endfacet
  facet normal 0 0 1
    outer loop
      vertex 72 0 14
      vertex 73.5218 4.38771 14
      vertex 73.4689 4.53554 14
    endloop
  endfacet
  facet normal 0 0 1
    outer loop
      vertex 72 0 14
      vertex 73.4689 4.53554 14
      vertex 73.4307 4.68785 14
    endloop
  endfacet
  facet normal 0 0 1
    outer loop
      vertex 72 0 14
      vertex 73.4307 4.68785 14
      vertex 73.4077 4.84317 14
    endloop
  endfacet
  facet normal 0 0 1
    outer loop
      vertex 72 0 14
      vertex 73.4077 4.84317 14
      vertex 73.4 5 14
    endloop
  endfacet
  facet normal 0 0 1
    outer loop
      vertex 74.1111 3.66965 14
      vertex 72.7841 0.0385132 14
      vertex 73.5607 0.153717 14
    endloop
  endfacet
  facet normal -0 0 1
    outer loop
      vertex 67.6568 12.3431 14
      vertex 73.985 6.23682 14
      vertex 68.1841 12.9249 14
    endloop
  endfacet
  facet normal 0 0 1
    outer loop
      vertex 62 32 14
      vertex 73.4 45 14
      vertex 72 50 14
    endloop
  endfacet
  facet normal 0 0 1
    outer loop
      vertex 73.4077 5.15683 14
      vertex 72 0 14
      vertex 73.4 5 14
    endloop
  endfacet
  facet normal 0 0 1
    outer loop
      vertex 73.8686 3.86863 14
      vertex 72 0 14
      vertex 72.7841 0.0385132 14
    endloop
  endfacet
  facet normal 0 0 1
    outer loop
      vertex 76.9 28 14
      vertex 69.9615 24.7841 14
      vertex 70 24 14
    endloop
  endfacet
  facet normal 0 0 1
    outer loop
      vertex 76.9 28 14
      vertex 69.8463 25.5607 14
      vertex 69.9615 24.7841 14
    endloop
  endfacet
  facet normal 0 0 1
    outer loop
      vertex 76.9 28 14
      vertex 69.6555 26.3223 14
      vertex 69.8463 25.5607 14
    endloop
  endfacet
  facet normal 0 0 1
    outer loop
      vertex 76.9 28 14
      vertex 69.391 27.0615 14
      vertex 69.6555 26.3223 14
    endloop
  endfacet
  facet normal 0 0 1
    outer loop
      vertex 76.9 28 14
      vertex 69.0554 27.7712 14
      vertex 69.391 27.0615 14
    endloop
  endfacet
  facet normal 0 0 1
    outer loop
      vertex 76.9 28 14
      vertex 68.6517 28.4445 14
      vertex 69.0554 27.7712 14
    endloop
  endfacet
  facet normal 0 0 1
    outer loop
      vertex 76.9 28 14
      vertex 68.1841 29.0751 14
      vertex 68.6517 28.4445 14
    endloop
  endfacet
  facet normal 0 0 1
    outer loop
      vertex 76.9 28 14
      vertex 67.6568 29.6568 14
      vertex 68.1841 29.0751 14
    endloop
  endfacet
  facet normal 0 0 1
    outer loop
      vertex 74.5355 43.4689 14
      vertex 67.0751 30.1841 14
      vertex 67.6568 29.6568 14
    endloop
  endfacet
  facet normal 0 0 1
    outer loop
      vertex 74.3877 43.5218 14
      vertex 66.4445 30.6517 14
      vertex 67.0751 30.1841 14
    endloop
  endfacet
  facet normal 0 0 1
    outer loop
      vertex 74.1111 43.6696 14
      vertex 65.7712 31.0554 14
      vertex 66.4445 30.6517 14
    endloop
  endfacet
  facet normal 0 0 1
    outer loop
      vertex 73.8686 43.8686 14
      vertex 65.0615 31.391 14
      vertex 65.7712 31.0554 14
    endloop
  endfacet
  facet normal 0 0 1
    outer loop
      vertex 73.7632 43.985 14
      vertex 64.3223 31.6555 14
      vertex 65.0615 31.391 14
    endloop
  endfacet
  facet normal 0 0 1
    outer loop
      vertex 73.5889 44.2458 14
      vertex 63.5607 31.8463 14
      vertex 64.3223 31.6555 14
    endloop
  endfacet
  facet normal 0 0 1
    outer loop
      vertex 73.4689 44.5355 14
      vertex 62.7841 31.9615 14
      vertex 63.5607 31.8463 14
    endloop
  endfacet
  facet normal 0 0 1
    outer loop
      vertex 73.4307 44.6879 14
      vertex 62 32 14
      vertex 62.7841 31.9615 14
    endloop
  endfacet
  facet normal 0 0 1
    outer loop
      vertex 72 50 14
      vertex 54 32 14
      vertex 62 32 14
    endloop
  endfacet
  facet normal 0 0 1
    outer loop
      vertex 72 50 14
      vertex 53.2159 31.9615 14
      vertex 54 32 14
    endloop
  endfacet
  facet normal 0 0 1
    outer loop
      vertex 72 50 14
      vertex 52.4393 31.8463 14
      vertex 53.2159 31.9615 14
    endloop
  endfacet
  facet normal 0 0 1
    outer loop
      vertex 72 50 14
      vertex 51.6777 31.6555 14
      vertex 52.4393 31.8463 14
    endloop
  endfacet
  facet normal 0 0 1
    outer loop
      vertex 34.3223 31.6555 14
      vertex 51.6777 31.6555 14
      vertex 72 50 14
    endloop
  endfacet
  facet normal 0 0 1
    outer loop
      vertex 51.6777 31.6555 14
      vertex 34.3223 31.6555 14
      vertex 50.9385 31.391 14
    endloop
  endfacet
  facet normal 0 -0 1
    outer loop
      vertex 35.0615 31.391 14
      vertex 50.9385 31.391 14
      vertex 34.3223 31.6555 14
    endloop
  endfacet
  facet normal 0 0 1
    outer loop
      vertex 50.9385 31.391 14
      vertex 35.0615 31.391 14
      vertex 50.2288 31.0554 14
    endloop
  endfacet
  facet normal 0 0 1
    outer loop
      vertex 46.1537 25.5607 14
      vertex 39.8553 25.5 14
      vertex 46.1447 25.5 14
    endloop
  endfacet
  facet normal 0 0 1
    outer loop
      vertex 39.8463 25.5607 14
      vertex 46.1537 25.5607 14
      vertex 46.3445 26.3223 14
    endloop
  endfacet
  facet normal 0 0 1
    outer loop
      vertex 39.6555 26.3223 14
      vertex 46.3445 26.3223 14
      vertex 46.609 27.0615 14
    endloop
  endfacet
  facet normal 0 0 1
    outer loop
      vertex 39.391 27.0615 14
      vertex 46.609 27.0615 14
      vertex 46.9446 27.7712 14
    endloop
  endfacet
  facet normal 0 0 1
    outer loop
      vertex 39.0554 27.7712 14
      vertex 46.9446 27.7712 14
      vertex 47.3482 28.4445 14
    endloop
  endfacet
  facet normal 0 0 1
    outer loop
      vertex 38.6517 28.4445 14
      vertex 47.3482 28.4445 14
      vertex 47.8159 29.0751 14
    endloop
  endfacet
  facet normal 0 0 1
    outer loop
      vertex 38.1841 29.0751 14
      vertex 47.8159 29.0751 14
      vertex 48.3431 29.6568 14
    endloop
  endfacet
  facet normal 0 0 1
    outer loop
      vertex 37.6568 29.6568 14
      vertex 48.3431 29.6568 14
      vertex 48.9249 30.1841 14
    endloop
  endfacet
  facet normal 0 0 1
    outer loop
      vertex 50.2288 31.0554 14
      vertex 35.7712 31.0554 14
      vertex 49.5554 30.6517 14
    endloop
  endfacet
  facet normal 0 0 1
    outer loop
      vertex 46.1537 25.5607 14
      vertex 39.8463 25.5607 14
      vertex 39.8553 25.5 14
    endloop
  endfacet
  facet normal 0 0 1
    outer loop
      vertex 46.3445 26.3223 14
      vertex 39.6555 26.3223 14
      vertex 39.8463 25.5607 14
    endloop
  endfacet
  facet normal 0 0 1
    outer loop
      vertex 46.609 27.0615 14
      vertex 39.391 27.0615 14
      vertex 39.6555 26.3223 14
    endloop
  endfacet
  facet normal 0 0 1
    outer loop
      vertex 46.9446 27.7712 14
      vertex 39.0554 27.7712 14
      vertex 39.391 27.0615 14
    endloop
  endfacet
  facet normal 0 0 1
    outer loop
      vertex 47.3482 28.4445 14
      vertex 38.6517 28.4445 14
      vertex 39.0554 27.7712 14
    endloop
  endfacet
  facet normal 0 0 1
    outer loop
      vertex 47.8159 29.0751 14
      vertex 38.1841 29.0751 14
      vertex 38.6517 28.4445 14
    endloop
  endfacet
  facet normal 0 0 1
    outer loop
      vertex 48.3431 29.6568 14
      vertex 37.6568 29.6568 14
      vertex 38.1841 29.0751 14
    endloop
  endfacet
  facet normal 0 0 1
    outer loop
      vertex 48.9249 30.1841 14
      vertex 37.0751 30.1841 14
      vertex 37.6568 29.6568 14
    endloop
  endfacet
  facet normal 0 0 1
    outer loop
      vertex 48.9249 30.1841 14
      vertex 36.4445 30.6517 14
      vertex 37.0751 30.1841 14
    endloop
  endfacet
  facet normal 0 0 1
    outer loop
      vertex 49.5554 30.6517 14
      vertex 36.4445 30.6517 14
      vertex 48.9249 30.1841 14
    endloop
  endfacet
  facet normal 0 -0 1
    outer loop
      vertex 36.4445 30.6517 14
      vertex 49.5554 30.6517 14
      vertex 35.7712 31.0554 14
    endloop
  endfacet
  facet normal 0 -0 1
    outer loop
      vertex 35.7712 31.0554 14
      vertex 50.2288 31.0554 14
      vertex 35.0615 31.391 14
    endloop
  endfacet
  facet normal 0 0 1
    outer loop
      vertex 72 50 14
      vertex 33.5607 31.8463 14
      vertex 34.3223 31.6555 14
    endloop
  endfacet
  facet normal -0 0 1
    outer loop
      vertex 8 50 14
      vertex 33.5607 31.8463 14
      vertex 72 50 14
    endloop
  endfacet
  facet normal 0 0 1
    outer loop
      vertex 33.5607 31.8463 14
      vertex 8 50 14
      vertex 32.7841 31.9615 14
    endloop
  endfacet
  facet normal 0 0 1
    outer loop
      vertex 32.7841 31.9615 14
      vertex 8 50 14
      vertex 32 32 14
    endloop
  endfacet
  facet normal 0 0 1
    outer loop
      vertex 32 32 14
      vertex 8 50 14
      vertex 18 32 14
    endloop
  endfacet
  facet normal -0 0 1
    outer loop
      vertex 6.6 45 14
      vertex 18 32 14
      vertex 8 50 14
    endloop
  endfacet
  facet normal -0 0 1
    outer loop
      vertex 6.59229 44.8432 14
      vertex 18 32 14
      vertex 6.6 45 14
    endloop
  endfacet
  facet normal 0 0 1
    outer loop
      vertex 14.2288 31.0554 14
      vertex 5.88891 43.6696 14
      vertex 13.5554 30.6517 14
    endloop
  endfacet
  facet normal -0 0 1
    outer loop
      vertex 5.88891 43.6696 14
      vertex 14.2288 31.0554 14
      vertex 6.01503 43.7632 14
    endloop
  endfacet
  facet normal -0 0 1
    outer loop
      vertex 6.01503 43.7632 14
      vertex 14.2288 31.0554 14
      vertex 6.13137 43.8686 14
    endloop
  endfacet
  facet normal 0 0 1
    outer loop
      vertex 14.9385 31.391 14
      vertex 6.13137 43.8686 14
      vertex 14.2288 31.0554 14
    endloop
  endfacet
  facet normal -0 0 1
    outer loop
      vertex 6.13137 43.8686 14
      vertex 14.9385 31.391 14
      vertex 6.23682 43.985 14
    endloop
  endfacet
  facet normal 0 0 1
    outer loop
      vertex 15.6777 31.6555 14
      vertex 6.23682 43.985 14
      vertex 14.9385 31.391 14
    endloop
  endfacet
  facet normal -0 0 1
    outer loop
      vertex 6.23682 43.985 14
      vertex 15.6777 31.6555 14
      vertex 6.33035 44.1111 14
    endloop
  endfacet
  facet normal -0 0 1
    outer loop
      vertex 6.33035 44.1111 14
      vertex 15.6777 31.6555 14
      vertex 6.41107 44.2458 14
    endloop
  endfacet
  facet normal 0 0 1
    outer loop
      vertex 16.4393 31.8463 14
      vertex 6.41107 44.2458 14
      vertex 15.6777 31.6555 14
    endloop
  endfacet
  facet normal -0 0 1
    outer loop
      vertex 6.41107 44.2458 14
      vertex 16.4393 31.8463 14
      vertex 6.47821 44.3877 14
    endloop
  endfacet
  facet normal -0 0 1
    outer loop
      vertex 6.47821 44.3877 14
      vertex 16.4393 31.8463 14
      vertex 6.5311 44.5355 14
    endloop
  endfacet
  facet normal 0 0 1
    outer loop
      vertex 17.2159 31.9615 14
      vertex 6.5311 44.5355 14
      vertex 16.4393 31.8463 14
    endloop
  endfacet
  facet normal -0 0 1
    outer loop
      vertex 6.5311 44.5355 14
      vertex 17.2159 31.9615 14
      vertex 6.56926 44.6879 14
    endloop
  endfacet
  facet normal 0 0 1
    outer loop
      vertex 18 32 14
      vertex 6.56926 44.6879 14
      vertex 17.2159 31.9615 14
    endloop
  endfacet
  facet normal -0 0 1
    outer loop
      vertex 6.56926 44.6879 14
      vertex 18 32 14
      vertex 6.59229 44.8432 14
    endloop
  endfacet
  facet normal -0.74094 0.671571 0
    outer loop
      vertex 1.8159 47.0751 0
      vertex 2.34314 47.6568 14
      vertex 2.34314 47.6568 0
    endloop
  endfacet
  facet normal -0.74094 0.671571 0
    outer loop
      vertex 2.34314 47.6568 14
      vertex 1.8159 47.0751 0
      vertex 1.8159 47.0751 14
    endloop
  endfacet
  facet normal 0.998797 0.0490418 0
    outer loop
      vertex 80 42 14
      vertex 79.9615 42.7841 0
      vertex 79.9615 42.7841 14
    endloop
  endfacet
  facet normal 0.998797 0.0490418 0
    outer loop
      vertex 79.9615 42.7841 0
      vertex 80 42 14
      vertex 80 42 0
    endloop
  endfacet
  facet normal -0.0490555 -0.998796 0
    outer loop
      vertex 7.21585 0.0385132 0
      vertex 8 0 14
      vertex 7.21585 0.0385132 14
    endloop
  endfacet
  facet normal -0.0490555 -0.998796 -0
    outer loop
      vertex 8 0 14
      vertex 7.21585 0.0385132 0
      vertex 8 0 0
    endloop
  endfacet
  facet normal -0.336901 0.94154 0
    outer loop
      vertex 5.67772 49.6555 0
      vertex 4.93852 49.391 14
      vertex 5.67772 49.6555 14
    endloop
  endfacet
  facet normal -0.336901 0.94154 0
    outer loop
      vertex 4.93852 49.391 14
      vertex 5.67772 49.6555 0
      vertex 4.93852 49.391 0
    endloop
  endfacet
  facet normal -0.0490387 0.998797 0
    outer loop
      vertex 8 50 0
      vertex 7.21585 49.9615 14
      vertex 8 50 14
    endloop
  endfacet
  facet normal -0.0490387 0.998797 0
    outer loop
      vertex 7.21585 49.9615 14
      vertex 8 50 0
      vertex 7.21585 49.9615 0
    endloop
  endfacet
  facet normal -0.146737 0.989176 0
    outer loop
      vertex 7.21585 49.9615 0
      vertex 6.43927 49.8463 14
      vertex 7.21585 49.9615 14
    endloop
  endfacet
  facet normal -0.146737 0.989176 0
    outer loop
      vertex 6.43927 49.8463 14
      vertex 7.21585 49.9615 0
      vertex 6.43927 49.8463 0
    endloop
  endfacet
  facet normal -0.427489 0.90402 0
    outer loop
      vertex 4.93852 49.391 0
      vertex 4.22882 49.0554 14
      vertex 4.93852 49.391 14
    endloop
  endfacet
  facet normal -0.427489 0.90402 0
    outer loop
      vertex 4.22882 49.0554 14
      vertex 4.93852 49.391 0
      vertex 4.22882 49.0554 0
    endloop
  endfacet
  facet normal -0.595636 0.803255 0
    outer loop
      vertex 3.55544 48.6517 0
      vertex 2.92485 48.1841 14
      vertex 3.55544 48.6517 14
    endloop
  endfacet
  facet normal -0.595636 0.803255 0
    outer loop
      vertex 2.92485 48.1841 14
      vertex 3.55544 48.6517 0
      vertex 2.92485 48.1841 0
    endloop
  endfacet
  facet normal -0.671607 0.740908 0
    outer loop
      vertex 2.92485 48.1841 0
      vertex 2.34314 47.6568 14
      vertex 2.92485 48.1841 14
    endloop
  endfacet
  facet normal -0.671607 0.740908 0
    outer loop
      vertex 2.34314 47.6568 14
      vertex 2.92485 48.1841 0
      vertex 2.34314 47.6568 0
    endloop
  endfacet
  facet normal -0.941542 0.336897 0
    outer loop
      vertex 0.344467 44.3223 0
      vertex 0.608963 45.0615 14
      vertex 0.608963 45.0615 0
    endloop
  endfacet
  facet normal -0.941542 0.336897 0
    outer loop
      vertex 0.608963 45.0615 14
      vertex 0.344467 44.3223 0
      vertex 0.344467 44.3223 14
    endloop
  endfacet
  facet normal -0.857699 0.514153 0
    outer loop
      vertex 0.944626 45.7712 0
      vertex 1.34824 46.4445 14
      vertex 1.34824 46.4445 0
    endloop
  endfacet
  facet normal -0.857699 0.514153 0
    outer loop
      vertex 1.34824 46.4445 14
      vertex 0.944626 45.7712 0
      vertex 0.944626 45.7712 14
    endloop
  endfacet
  facet normal 0.671571 -0.74094 0
    outer loop
      vertex 77.0751 1.8159 0
      vertex 77.6568 2.34314 14
      vertex 77.0751 1.8159 14
    endloop
  endfacet
  facet normal 0.671571 -0.74094 0
    outer loop
      vertex 77.6568 2.34314 14
      vertex 77.0751 1.8159 0
      vertex 77.6568 2.34314 0
    endloop
  endfacet
  facet normal 0.94154 -0.336901 0
    outer loop
      vertex 79.391 4.93852 14
      vertex 79.6555 5.67772 0
      vertex 79.6555 5.67772 14
    endloop
  endfacet
  facet normal 0.94154 -0.336901 0
    outer loop
      vertex 79.6555 5.67772 0
      vertex 79.391 4.93852 14
      vertex 79.391 4.93852 0
    endloop
  endfacet
  facet normal -0.336897 -0.941542 0
    outer loop
      vertex 4.93852 0.608963 0
      vertex 5.67772 0.344467 14
      vertex 4.93852 0.608963 14
    endloop
  endfacet
  facet normal -0.336897 -0.941542 -0
    outer loop
      vertex 5.67772 0.344467 14
      vertex 4.93852 0.608963 0
      vertex 5.67772 0.344467 0
    endloop
  endfacet
  facet normal -0.803218 -0.595685 0
    outer loop
      vertex 1.8159 2.92485 0
      vertex 1.34824 3.55544 14
      vertex 1.34824 3.55544 0
    endloop
  endfacet
  facet normal -0.803218 -0.595685 0
    outer loop
      vertex 1.34824 3.55544 14
      vertex 1.8159 2.92485 0
      vertex 1.8159 2.92485 14
    endloop
  endfacet
  facet normal 0 -1 0
    outer loop
      vertex 8 0 0
      vertex 72 0 14
      vertex 8 0 14
    endloop
  endfacet
  facet normal 0 -1 -0
    outer loop
      vertex 72 0 14
      vertex 8 0 0
      vertex 72 0 0
    endloop
  endfacet
  facet normal 0.242955 -0.970038 0
    outer loop
      vertex 73.5607 0.153717 0
      vertex 74.3223 0.344467 14
      vertex 73.5607 0.153717 14
    endloop
  endfacet
  facet normal 0.242955 -0.970038 0
    outer loop
      vertex 74.3223 0.344467 14
      vertex 73.5607 0.153717 0
      vertex 74.3223 0.344467 0
    endloop
  endfacet
  facet normal 0.0490586 -0.998796 0
    outer loop
      vertex 72 0 0
      vertex 72.7841 0.0385132 14
      vertex 72 0 14
    endloop
  endfacet
  facet normal 0.0490586 -0.998796 0
    outer loop
      vertex 72.7841 0.0385132 14
      vertex 72 0 0
      vertex 72.7841 0.0385132 0
    endloop
  endfacet
  facet normal 0.671613 0.740902 -0
    outer loop
      vertex 77.6568 47.6568 0
      vertex 77.0751 48.1841 14
      vertex 77.6568 47.6568 14
    endloop
  endfacet
  facet normal 0.671613 0.740902 0
    outer loop
      vertex 77.0751 48.1841 14
      vertex 77.6568 47.6568 0
      vertex 77.0751 48.1841 0
    endloop
  endfacet
  facet normal 0.59563 0.803259 -0
    outer loop
      vertex 77.0751 48.1841 0
      vertex 76.4445 48.6517 14
      vertex 77.0751 48.1841 14
    endloop
  endfacet
  facet normal 0.59563 0.803259 0
    outer loop
      vertex 76.4445 48.6517 14
      vertex 77.0751 48.1841 0
      vertex 76.4445 48.6517 0
    endloop
  endfacet
  facet normal 0.970023 0.243015 0
    outer loop
      vertex 79.8463 43.5607 14
      vertex 79.6555 44.3223 0
      vertex 79.6555 44.3223 14
    endloop
  endfacet
  facet normal 0.970023 0.243015 0
    outer loop
      vertex 79.6555 44.3223 0
      vertex 79.8463 43.5607 14
      vertex 79.8463 43.5607 0
    endloop
  endfacet
  facet normal 0.90402 0.427489 0
    outer loop
      vertex 79.391 45.0615 14
      vertex 79.0554 45.7712 0
      vertex 79.0554 45.7712 14
    endloop
  endfacet
  facet normal 0.90402 0.427489 0
    outer loop
      vertex 79.0554 45.7712 0
      vertex 79.391 45.0615 14
      vertex 79.391 45.0615 0
    endloop
  endfacet
  facet normal -0.24303 0.970019 0
    outer loop
      vertex 6.43927 49.8463 0
      vertex 5.67772 49.6555 14
      vertex 6.43927 49.8463 14
    endloop
  endfacet
  facet normal -0.24303 0.970019 0
    outer loop
      vertex 5.67772 49.6555 14
      vertex 6.43927 49.8463 0
      vertex 5.67772 49.6555 0
    endloop
  endfacet
  facet normal -0.514189 0.857677 0
    outer loop
      vertex 4.22882 49.0554 0
      vertex 3.55544 48.6517 14
      vertex 4.22882 49.0554 14
    endloop
  endfacet
  facet normal -0.514189 0.857677 0
    outer loop
      vertex 3.55544 48.6517 14
      vertex 4.22882 49.0554 0
      vertex 3.55544 48.6517 0
    endloop
  endfacet
  facet normal -0.989175 0.146738 0
    outer loop
      vertex 0.0385132 42.7841 0
      vertex 0.153717 43.5607 14
      vertex 0.153717 43.5607 0
    endloop
  endfacet
  facet normal -0.989175 0.146738 0
    outer loop
      vertex 0.153717 43.5607 14
      vertex 0.0385132 42.7841 0
      vertex 0.0385132 42.7841 14
    endloop
  endfacet
  facet normal -0.970038 0.242955 0
    outer loop
      vertex 0.153717 43.5607 0
      vertex 0.344467 44.3223 14
      vertex 0.344467 44.3223 0
    endloop
  endfacet
  facet normal -0.970038 0.242955 0
    outer loop
      vertex 0.344467 44.3223 14
      vertex 0.153717 43.5607 0
      vertex 0.153717 43.5607 14
    endloop
  endfacet
  facet normal -0.803223 0.595679 0
    outer loop
      vertex 1.34824 46.4445 0
      vertex 1.8159 47.0751 14
      vertex 1.8159 47.0751 0
    endloop
  endfacet
  facet normal -0.803223 0.595679 0
    outer loop
      vertex 1.8159 47.0751 14
      vertex 1.34824 46.4445 0
      vertex 1.34824 46.4445 14
    endloop
  endfacet
  facet normal 0.514153 -0.857699 0
    outer loop
      vertex 75.7712 0.944626 0
      vertex 76.4445 1.34824 14
      vertex 75.7712 0.944626 14
    endloop
  endfacet
  facet normal 0.514153 -0.857699 0
    outer loop
      vertex 76.4445 1.34824 14
      vertex 75.7712 0.944626 0
      vertex 76.4445 1.34824 0
    endloop
  endfacet
  facet normal 0.740908 -0.671607 0
    outer loop
      vertex 77.6568 2.34314 14
      vertex 78.1841 2.92485 0
      vertex 78.1841 2.92485 14
    endloop
  endfacet
  facet normal 0.740908 -0.671607 0
    outer loop
      vertex 78.1841 2.92485 0
      vertex 77.6568 2.34314 14
      vertex 77.6568 2.34314 0
    endloop
  endfacet
  facet normal 0.989176 -0.146737 0
    outer loop
      vertex 79.8463 6.43927 14
      vertex 79.9615 7.21585 0
      vertex 79.9615 7.21585 14
    endloop
  endfacet
  facet normal 0.989176 -0.146737 0
    outer loop
      vertex 79.9615 7.21585 0
      vertex 79.8463 6.43927 14
      vertex 79.8463 6.43927 0
    endloop
  endfacet
  facet normal 0.970019 -0.24303 0
    outer loop
      vertex 79.6555 5.67772 14
      vertex 79.8463 6.43927 0
      vertex 79.8463 6.43927 14
    endloop
  endfacet
  facet normal 0.970019 -0.24303 0
    outer loop
      vertex 79.8463 6.43927 0
      vertex 79.6555 5.67772 14
      vertex 79.6555 5.67772 0
    endloop
  endfacet
  facet normal 0.90402 -0.427489 0
    outer loop
      vertex 79.0554 4.22882 14
      vertex 79.391 4.93852 0
      vertex 79.391 4.93852 14
    endloop
  endfacet
  facet normal 0.90402 -0.427489 0
    outer loop
      vertex 79.391 4.93852 0
      vertex 79.0554 4.22882 14
      vertex 79.0554 4.22882 0
    endloop
  endfacet
  facet normal 0.803255 -0.595636 0
    outer loop
      vertex 78.1841 2.92485 14
      vertex 78.6517 3.55544 0
      vertex 78.6517 3.55544 14
    endloop
  endfacet
  facet normal 0.803255 -0.595636 0
    outer loop
      vertex 78.6517 3.55544 0
      vertex 78.1841 2.92485 14
      vertex 78.1841 2.92485 0
    endloop
  endfacet
  facet normal -0.595685 -0.803218 0
    outer loop
      vertex 2.92485 1.8159 0
      vertex 3.55544 1.34824 14
      vertex 2.92485 1.8159 14
    endloop
  endfacet
  facet normal -0.595685 -0.803218 -0
    outer loop
      vertex 3.55544 1.34824 14
      vertex 2.92485 1.8159 0
      vertex 3.55544 1.34824 0
    endloop
  endfacet
  facet normal -0.427555 -0.903989 0
    outer loop
      vertex 4.22882 0.944626 0
      vertex 4.93852 0.608963 14
      vertex 4.22882 0.944626 14
    endloop
  endfacet
  facet normal -0.427555 -0.903989 -0
    outer loop
      vertex 4.93852 0.608963 14
      vertex 4.22882 0.944626 0
      vertex 4.93852 0.608963 0
    endloop
  endfacet
  facet normal -0.24297 -0.970034 0
    outer loop
      vertex 5.67772 0.344467 0
      vertex 6.43927 0.153717 14
      vertex 5.67772 0.344467 14
    endloop
  endfacet
  facet normal -0.24297 -0.970034 -0
    outer loop
      vertex 6.43927 0.153717 14
      vertex 5.67772 0.344467 0
      vertex 6.43927 0.153717 0
    endloop
  endfacet
  facet normal -0.740946 -0.671565 0
    outer loop
      vertex 2.34314 2.34314 0
      vertex 1.8159 2.92485 14
      vertex 1.8159 2.92485 0
    endloop
  endfacet
  facet normal -0.740946 -0.671565 0
    outer loop
      vertex 1.8159 2.92485 14
      vertex 2.34314 2.34314 0
      vertex 2.34314 2.34314 14
    endloop
  endfacet
  facet normal -0.903989 -0.427555 0
    outer loop
      vertex 0.944626 4.22882 0
      vertex 0.608963 4.93852 14
      vertex 0.608963 4.93852 0
    endloop
  endfacet
  facet normal -0.903989 -0.427555 0
    outer loop
      vertex 0.608963 4.93852 14
      vertex 0.944626 4.22882 0
      vertex 0.944626 4.22882 14
    endloop
  endfacet
  facet normal -0.970034 -0.24297 0
    outer loop
      vertex 0.344467 5.67772 0
      vertex 0.153717 6.43927 14
      vertex 0.153717 6.43927 0
    endloop
  endfacet
  facet normal -0.970034 -0.24297 0
    outer loop
      vertex 0.153717 6.43927 14
      vertex 0.344467 5.67772 0
      vertex 0.344467 5.67772 14
    endloop
  endfacet
  facet normal 0.146738 -0.989175 0
    outer loop
      vertex 72.7841 0.0385132 0
      vertex 73.5607 0.153717 14
      vertex 72.7841 0.0385132 14
    endloop
  endfacet
  facet normal 0.146738 -0.989175 0
    outer loop
      vertex 73.5607 0.153717 14
      vertex 72.7841 0.0385132 0
      vertex 73.5607 0.153717 0
    endloop
  endfacet
  facet normal 0.336897 -0.941542 0
    outer loop
      vertex 74.3223 0.344467 0
      vertex 75.0615 0.608963 14
      vertex 74.3223 0.344467 14
    endloop
  endfacet
  facet normal 0.336897 -0.941542 0
    outer loop
      vertex 75.0615 0.608963 14
      vertex 74.3223 0.344467 0
      vertex 75.0615 0.608963 0
    endloop
  endfacet
  facet normal 0.514233 0.85765 -0
    outer loop
      vertex 76.4445 48.6517 0
      vertex 75.7712 49.0554 14
      vertex 76.4445 48.6517 14
    endloop
  endfacet
  facet normal 0.514233 0.85765 0
    outer loop
      vertex 75.7712 49.0554 14
      vertex 76.4445 48.6517 0
      vertex 75.7712 49.0554 0
    endloop
  endfacet
  facet normal 0.336901 0.94154 -0
    outer loop
      vertex 75.0615 49.391 0
      vertex 74.3223 49.6555 14
      vertex 75.0615 49.391 14
    endloop
  endfacet
  facet normal 0.336901 0.94154 0
    outer loop
      vertex 74.3223 49.6555 14
      vertex 75.0615 49.391 0
      vertex 74.3223 49.6555 0
    endloop
  endfacet
  facet normal 0.427489 0.90402 -0
    outer loop
      vertex 75.7712 49.0554 0
      vertex 75.0615 49.391 14
      vertex 75.7712 49.0554 14
    endloop
  endfacet
  facet normal 0.427489 0.90402 0
    outer loop
      vertex 75.0615 49.391 14
      vertex 75.7712 49.0554 0
      vertex 75.0615 49.391 0
    endloop
  endfacet
  facet normal 0.146733 0.989176 -0
    outer loop
      vertex 73.5607 49.8463 0
      vertex 72.7841 49.9615 14
      vertex 73.5607 49.8463 14
    endloop
  endfacet
  facet normal 0.146733 0.989176 0
    outer loop
      vertex 72.7841 49.9615 14
      vertex 73.5607 49.8463 0
      vertex 72.7841 49.9615 0
    endloop
  endfacet
  facet normal 0.243015 0.970023 -0
    outer loop
      vertex 74.3223 49.6555 0
      vertex 73.5607 49.8463 14
      vertex 74.3223 49.6555 14
    endloop
  endfacet
  facet normal 0.243015 0.970023 0
    outer loop
      vertex 73.5607 49.8463 14
      vertex 74.3223 49.6555 0
      vertex 73.5607 49.8463 0
    endloop
  endfacet
  facet normal 0.989176 0.146733 0
    outer loop
      vertex 79.9615 42.7841 14
      vertex 79.8463 43.5607 0
      vertex 79.8463 43.5607 14
    endloop
  endfacet
  facet normal 0.989176 0.146733 0
    outer loop
      vertex 79.8463 43.5607 0
      vertex 79.9615 42.7841 14
      vertex 79.9615 42.7841 0
    endloop
  endfacet
  facet normal 0.94154 0.336901 0
    outer loop
      vertex 79.6555 44.3223 14
      vertex 79.391 45.0615 0
      vertex 79.391 45.0615 14
    endloop
  endfacet
  facet normal 0.94154 0.336901 0
    outer loop
      vertex 79.391 45.0615 0
      vertex 79.6555 44.3223 14
      vertex 79.6555 44.3223 0
    endloop
  endfacet
  facet normal 0.803259 0.59563 0
    outer loop
      vertex 78.6517 46.4445 14
      vertex 78.1841 47.0751 0
      vertex 78.1841 47.0751 14
    endloop
  endfacet
  facet normal 0.803259 0.59563 0
    outer loop
      vertex 78.1841 47.0751 0
      vertex 78.6517 46.4445 14
      vertex 78.6517 46.4445 0
    endloop
  endfacet
  facet normal 0.85765 0.514233 0
    outer loop
      vertex 79.0554 45.7712 14
      vertex 78.6517 46.4445 0
      vertex 78.6517 46.4445 14
    endloop
  endfacet
  facet normal 0.85765 0.514233 0
    outer loop
      vertex 78.6517 46.4445 0
      vertex 79.0554 45.7712 14
      vertex 79.0554 45.7712 0
    endloop
  endfacet
  facet normal 0.595679 -0.803223 0
    outer loop
      vertex 76.4445 1.34824 0
      vertex 77.0751 1.8159 14
      vertex 76.4445 1.34824 14
    endloop
  endfacet
  facet normal 0.595679 -0.803223 0
    outer loop
      vertex 77.0751 1.8159 14
      vertex 76.4445 1.34824 0
      vertex 77.0751 1.8159 0
    endloop
  endfacet
  facet normal 0.857677 -0.514189 0
    outer loop
      vertex 78.6517 3.55544 14
      vertex 79.0554 4.22882 0
      vertex 79.0554 4.22882 14
    endloop
  endfacet
  facet normal 0.857677 -0.514189 0
    outer loop
      vertex 79.0554 4.22882 0
      vertex 78.6517 3.55544 14
      vertex 78.6517 3.55544 0
    endloop
  endfacet
  facet normal -0.514108 -0.857725 0
    outer loop
      vertex 3.55544 1.34824 0
      vertex 4.22882 0.944626 14
      vertex 3.55544 1.34824 14
    endloop
  endfacet
  facet normal -0.514108 -0.857725 -0
    outer loop
      vertex 4.22882 0.944626 14
      vertex 3.55544 1.34824 0
      vertex 4.22882 0.944626 0
    endloop
  endfacet
  facet normal -0.857725 -0.514108 0
    outer loop
      vertex 1.34824 3.55544 0
      vertex 0.944626 4.22882 14
      vertex 0.944626 4.22882 0
    endloop
  endfacet
  facet normal -0.857725 -0.514108 0
    outer loop
      vertex 0.944626 4.22882 14
      vertex 1.34824 3.55544 0
      vertex 1.34824 3.55544 14
    endloop
  endfacet
  facet normal -0.941542 -0.336897 0
    outer loop
      vertex 0.608963 4.93852 0
      vertex 0.344467 5.67772 14
      vertex 0.344467 5.67772 0
    endloop
  endfacet
  facet normal -0.941542 -0.336897 0
    outer loop
      vertex 0.344467 5.67772 14
      vertex 0.608963 4.93852 0
      vertex 0.608963 4.93852 14
    endloop
  endfacet
  facet normal 0.740902 0.671613 0
    outer loop
      vertex 78.1841 47.0751 14
      vertex 77.6568 47.6568 0
      vertex 77.6568 47.6568 14
    endloop
  endfacet
  facet normal 0.740902 0.671613 0
    outer loop
      vertex 77.6568 47.6568 0
      vertex 78.1841 47.0751 14
      vertex 78.1841 47.0751 0
    endloop
  endfacet
  facet normal 0 -1 0
    outer loop
      vertex 39.8553 25.5 0
      vertex 46.1447 25.5 14
      vertex 39.8553 25.5 14
    endloop
  endfacet
  facet normal 0 -1 -0
    outer loop
      vertex 46.1447 25.5 14
      vertex 39.8553 25.5 0
      vertex 46.1447 25.5 0
    endloop
  endfacet
  facet normal 0 1 -0
    outer loop
      vertex 46.1447 16.5 0
      vertex 39.8553 16.5 14
      vertex 46.1447 16.5 14
    endloop
  endfacet
  facet normal 0 1 0
    outer loop
      vertex 39.8553 16.5 14
      vertex 46.1447 16.5 0
      vertex 39.8553 16.5 0
    endloop
  endfacet
  facet normal 1 -0 0
    outer loop
      vertex 76.9 14 14
      vertex 76.9 28 0
      vertex 76.9 28 14
    endloop
  endfacet
  facet normal 1 0 0
    outer loop
      vertex 76.9 28 0
      vertex 76.9 14 14
      vertex 76.9 14 0
    endloop
  endfacet
  facet normal 0 -1 0
    outer loop
      vertex 76.9 28 0
      vertex 80 28 14
      vertex 76.9 28 14
    endloop
  endfacet
  facet normal 0 -1 -0
    outer loop
      vertex 80 28 14
      vertex 76.9 28 0
      vertex 80 28 0
    endloop
  endfacet
  facet normal 0 1 -0
    outer loop
      vertex 80 14 0
      vertex 76.9 14 14
      vertex 80 14 14
    endloop
  endfacet
  facet normal 0 1 0
    outer loop
      vertex 76.9 14 14
      vertex 80 14 0
      vertex 76.9 14 0
    endloop
  endfacet
endsolid OpenSCAD_Model
