solid OpenSCAD_Model
  facet normal -0.998786 -0.0492599 0
    outer loop
      vertex 18.6 16 0
      vertex 18.5971 16.0588 3
      vertex 18.5971 16.0588 0
    endloop
  endfacet
  facet normal -0.998786 -0.0492599 0
    outer loop
      vertex 18.5971 16.0588 3
      vertex 18.6 16 0
      vertex 18.6 16 3
    endloop
  endfacet
  facet normal 0.0492599 -0.998786 0
    outer loop
      vertex 17.9412 16.5971 0
      vertex 18 16.6 3
      vertex 17.9412 16.5971 3
    endloop
  endfacet
  facet normal 0.0492599 -0.998786 0
    outer loop
      vertex 18 16.6 3
      vertex 17.9412 16.5971 0
      vertex 18 16.6 0
    endloop
  endfacet
  facet normal -0.670558 -0.741857 0
    outer loop
      vertex 18.3806 16.4638 0
      vertex 18.4243 16.4243 3
      vertex 18.3806 16.4638 3
    endloop
  endfacet
  facet normal -0.670558 -0.741857 -0
    outer loop
      vertex 18.4243 16.4243 3
      vertex 18.3806 16.4638 0
      vertex 18.4243 16.4243 0
    endloop
  endfacet
  facet normal 0.741857 -0.670558 0
    outer loop
      vertex 17.5362 16.3806 3
      vertex 17.5757 16.4243 0
      vertex 17.5757 16.4243 3
    endloop
  endfacet
  facet normal 0.741857 -0.670558 0
    outer loop
      vertex 17.5757 16.4243 0
      vertex 17.5362 16.3806 3
      vertex 17.5362 16.3806 0
    endloop
  endfacet
  facet normal 0.426697 -0.904394 0
    outer loop
      vertex 17.7172 16.5292 0
      vertex 17.7704 16.5543 3
      vertex 17.7172 16.5292 3
    endloop
  endfacet
  facet normal 0.426697 -0.904394 0
    outer loop
      vertex 17.7704 16.5543 3
      vertex 17.7172 16.5292 0
      vertex 17.7704 16.5543 0
    endloop
  endfacet
  facet normal -0.904394 -0.426697 0
    outer loop
      vertex 18.5543 16.2296 0
      vertex 18.5292 16.2828 3
      vertex 18.5292 16.2828 0
    endloop
  endfacet
  facet normal -0.904394 -0.426697 0
    outer loop
      vertex 18.5292 16.2828 3
      vertex 18.5543 16.2296 0
      vertex 18.5543 16.2296 3
    endloop
  endfacet
  facet normal -0.338058 -0.941125 0
    outer loop
      vertex 18.1742 16.5742 0
      vertex 18.2296 16.5543 3
      vertex 18.1742 16.5742 3
    endloop
  endfacet
  facet normal -0.338058 -0.941125 -0
    outer loop
      vertex 18.2296 16.5543 3
      vertex 18.1742 16.5742 0
      vertex 18.2296 16.5543 0
    endloop
  endfacet
  facet normal -0.514496 -0.857493 0
    outer loop
      vertex 18.2828 16.5292 0
      vertex 18.3333 16.4989 3
      vertex 18.2828 16.5292 3
    endloop
  endfacet
  facet normal -0.514496 -0.857493 -0
    outer loop
      vertex 18.3333 16.4989 3
      vertex 18.2828 16.5292 0
      vertex 18.3333 16.4989 0
    endloop
  endfacet
  facet normal 0.941125 -0.338058 0
    outer loop
      vertex 17.4258 16.1742 3
      vertex 17.4457 16.2296 0
      vertex 17.4457 16.2296 3
    endloop
  endfacet
  facet normal 0.941125 -0.338058 0
    outer loop
      vertex 17.4457 16.2296 0
      vertex 17.4258 16.1742 3
      vertex 17.4258 16.1742 0
    endloop
  endfacet
  facet normal 0.242935 -0.970042 0
    outer loop
      vertex 17.8258 16.5742 0
      vertex 17.8829 16.5885 3
      vertex 17.8258 16.5742 3
    endloop
  endfacet
  facet normal 0.242935 -0.970042 0
    outer loop
      vertex 17.8829 16.5885 3
      vertex 17.8258 16.5742 0
      vertex 17.8829 16.5885 0
    endloop
  endfacet
  facet normal -0.970042 -0.242935 0
    outer loop
      vertex 18.5885 16.1171 0
      vertex 18.5742 16.1742 3
      vertex 18.5742 16.1742 0
    endloop
  endfacet
  facet normal -0.970042 -0.242935 0
    outer loop
      vertex 18.5742 16.1742 3
      vertex 18.5885 16.1171 0
      vertex 18.5885 16.1171 3
    endloop
  endfacet
  facet normal -0.989294 -0.145934 0
    outer loop
      vertex 18.5971 16.0588 0
      vertex 18.5885 16.1171 3
      vertex 18.5885 16.1171 0
    endloop
  endfacet
  facet normal -0.989294 -0.145934 0
    outer loop
      vertex 18.5885 16.1171 3
      vertex 18.5971 16.0588 0
      vertex 18.5971 16.0588 3
    endloop
  endfacet
  facet normal -0.941125 -0.338058 0
    outer loop
      vertex 18.5742 16.1742 0
      vertex 18.5543 16.2296 3
      vertex 18.5543 16.2296 0
    endloop
  endfacet
  facet normal -0.941125 -0.338058 0
    outer loop
      vertex 18.5543 16.2296 3
      vertex 18.5742 16.1742 0
      vertex 18.5742 16.1742 3
    endloop
  endfacet
  facet normal -0.803046 -0.595918 0
    outer loop
      vertex 18.4989 16.3333 0
      vertex 18.4638 16.3806 3
      vertex 18.4638 16.3806 0
    endloop
  endfacet
  facet normal -0.803046 -0.595918 0
    outer loop
      vertex 18.4638 16.3806 3
      vertex 18.4989 16.3333 0
      vertex 18.4989 16.3333 3
    endloop
  endfacet
  facet normal -0.741857 -0.670558 0
    outer loop
      vertex 18.4638 16.3806 0
      vertex 18.4243 16.4243 3
      vertex 18.4243 16.4243 0
    endloop
  endfacet
  facet normal -0.741857 -0.670558 0
    outer loop
      vertex 18.4243 16.4243 3
      vertex 18.4638 16.3806 0
      vertex 18.4638 16.3806 3
    endloop
  endfacet
  facet normal -0.857493 -0.514496 0
    outer loop
      vertex 18.5292 16.2828 0
      vertex 18.4989 16.3333 3
      vertex 18.4989 16.3333 0
    endloop
  endfacet
  facet normal -0.857493 -0.514496 0
    outer loop
      vertex 18.4989 16.3333 3
      vertex 18.5292 16.2828 0
      vertex 18.5292 16.2828 3
    endloop
  endfacet
  facet normal -0.145934 -0.989294 0
    outer loop
      vertex 18.0588 16.5971 0
      vertex 18.1171 16.5885 3
      vertex 18.0588 16.5971 3
    endloop
  endfacet
  facet normal -0.145934 -0.989294 -0
    outer loop
      vertex 18.1171 16.5885 3
      vertex 18.0588 16.5971 0
      vertex 18.1171 16.5885 0
    endloop
  endfacet
  facet normal -0.242935 -0.970042 0
    outer loop
      vertex 18.1171 16.5885 0
      vertex 18.1742 16.5742 3
      vertex 18.1171 16.5885 3
    endloop
  endfacet
  facet normal -0.242935 -0.970042 -0
    outer loop
      vertex 18.1742 16.5742 3
      vertex 18.1171 16.5885 0
      vertex 18.1742 16.5742 0
    endloop
  endfacet
  facet normal -0.0492599 -0.998786 0
    outer loop
      vertex 18 16.6 0
      vertex 18.0588 16.5971 3
      vertex 18 16.6 3
    endloop
  endfacet
  facet normal -0.0492599 -0.998786 -0
    outer loop
      vertex 18.0588 16.5971 3
      vertex 18 16.6 0
      vertex 18.0588 16.5971 0
    endloop
  endfacet
  facet normal -0.426697 -0.904394 0
    outer loop
      vertex 18.2296 16.5543 0
      vertex 18.2828 16.5292 3
      vertex 18.2296 16.5543 3
    endloop
  endfacet
  facet normal -0.426697 -0.904394 -0
    outer loop
      vertex 18.2828 16.5292 3
      vertex 18.2296 16.5543 0
      vertex 18.2828 16.5292 0
    endloop
  endfacet
  facet normal -0.595918 -0.803046 0
    outer loop
      vertex 18.3333 16.4989 0
      vertex 18.3806 16.4638 3
      vertex 18.3333 16.4989 3
    endloop
  endfacet
  facet normal -0.595918 -0.803046 -0
    outer loop
      vertex 18.3806 16.4638 3
      vertex 18.3333 16.4989 0
      vertex 18.3806 16.4638 0
    endloop
  endfacet
  facet normal 0.989294 -0.145934 0
    outer loop
      vertex 17.4029 16.0588 3
      vertex 17.4115 16.1171 0
      vertex 17.4115 16.1171 3
    endloop
  endfacet
  facet normal 0.989294 -0.145934 0
    outer loop
      vertex 17.4115 16.1171 0
      vertex 17.4029 16.0588 3
      vertex 17.4029 16.0588 0
    endloop
  endfacet
  facet normal 0.857493 -0.514496 0
    outer loop
      vertex 17.4708 16.2828 3
      vertex 17.5011 16.3333 0
      vertex 17.5011 16.3333 3
    endloop
  endfacet
  facet normal 0.857493 -0.514496 0
    outer loop
      vertex 17.5011 16.3333 0
      vertex 17.4708 16.2828 3
      vertex 17.4708 16.2828 0
    endloop
  endfacet
  facet normal 0.803046 -0.595918 0
    outer loop
      vertex 17.5011 16.3333 3
      vertex 17.5362 16.3806 0
      vertex 17.5362 16.3806 3
    endloop
  endfacet
  facet normal 0.803046 -0.595918 0
    outer loop
      vertex 17.5362 16.3806 0
      vertex 17.5011 16.3333 3
      vertex 17.5011 16.3333 0
    endloop
  endfacet
  facet normal 0.904394 -0.426697 0
    outer loop
      vertex 17.4457 16.2296 3
      vertex 17.4708 16.2828 0
      vertex 17.4708 16.2828 3
    endloop
  endfacet
  facet normal 0.904394 -0.426697 0
    outer loop
      vertex 17.4708 16.2828 0
      vertex 17.4457 16.2296 3
      vertex 17.4457 16.2296 0
    endloop
  endfacet
  facet normal 0.970042 -0.242935 0
    outer loop
      vertex 17.4115 16.1171 3
      vertex 17.4258 16.1742 0
      vertex 17.4258 16.1742 3
    endloop
  endfacet
  facet normal 0.970042 -0.242935 0
    outer loop
      vertex 17.4258 16.1742 0
      vertex 17.4115 16.1171 3
      vertex 17.4115 16.1171 0
    endloop
  endfacet
  facet normal 0.998786 -0.0492599 0
    outer loop
      vertex 17.4 16 3
      vertex 17.4029 16.0588 0
      vertex 17.4029 16.0588 3
    endloop
  endfacet
  facet normal 0.998786 -0.0492599 0
    outer loop
      vertex 17.4029 16.0588 0
      vertex 17.4 16 3
      vertex 17.4 16 0
    endloop
  endfacet
  facet normal 0.595918 -0.803046 0
    outer loop
      vertex 17.6194 16.4638 0
      vertex 17.6667 16.4989 3
      vertex 17.6194 16.4638 3
    endloop
  endfacet
  facet normal 0.595918 -0.803046 0
    outer loop
      vertex 17.6667 16.4989 3
      vertex 17.6194 16.4638 0
      vertex 17.6667 16.4989 0
    endloop
  endfacet
  facet normal 0.514496 -0.857493 0
    outer loop
      vertex 17.6667 16.4989 0
      vertex 17.7172 16.5292 3
      vertex 17.6667 16.4989 3
    endloop
  endfacet
  facet normal 0.514496 -0.857493 0
    outer loop
      vertex 17.7172 16.5292 3
      vertex 17.6667 16.4989 0
      vertex 17.7172 16.5292 0
    endloop
  endfacet
  facet normal 0.670558 -0.741857 0
    outer loop
      vertex 17.5757 16.4243 0
      vertex 17.6194 16.4638 3
      vertex 17.5757 16.4243 3
    endloop
  endfacet
  facet normal 0.670558 -0.741857 0
    outer loop
      vertex 17.6194 16.4638 3
      vertex 17.5757 16.4243 0
      vertex 17.6194 16.4638 0
    endloop
  endfacet
  facet normal 0.338058 -0.941125 0
    outer loop
      vertex 17.7704 16.5543 0
      vertex 17.8258 16.5742 3
      vertex 17.7704 16.5543 3
    endloop
  endfacet
  facet normal 0.338058 -0.941125 0
    outer loop
      vertex 17.8258 16.5742 3
      vertex 17.7704 16.5543 0
      vertex 17.8258 16.5742 0
    endloop
  endfacet
  facet normal 0.145934 -0.989294 0
    outer loop
      vertex 17.8829 16.5885 0
      vertex 17.9412 16.5971 3
      vertex 17.8829 16.5885 3
    endloop
  endfacet
  facet normal 0.145934 -0.989294 0
    outer loop
      vertex 17.9412 16.5971 3
      vertex 17.8829 16.5885 0
      vertex 17.9412 16.5971 0
    endloop
  endfacet
  facet normal -0.998786 0.0492599 0
    outer loop
      vertex 18.5971 15.9412 0
      vertex 18.6 16 3
      vertex 18.6 16 0
    endloop
  endfacet
  facet normal -0.998786 0.0492599 0
    outer loop
      vertex 18.6 16 3
      vertex 18.5971 15.9412 0
      vertex 18.5971 15.9412 3
    endloop
  endfacet
  facet normal -0.145934 0.989294 0
    outer loop
      vertex 18.1171 15.4115 0
      vertex 18.0588 15.4029 3
      vertex 18.1171 15.4115 3
    endloop
  endfacet
  facet normal -0.145934 0.989294 0
    outer loop
      vertex 18.0588 15.4029 3
      vertex 18.1171 15.4115 0
      vertex 18.0588 15.4029 0
    endloop
  endfacet
  facet normal -0.338058 0.941125 0
    outer loop
      vertex 18.2296 15.4457 0
      vertex 18.1742 15.4258 3
      vertex 18.2296 15.4457 3
    endloop
  endfacet
  facet normal -0.338058 0.941125 0
    outer loop
      vertex 18.1742 15.4258 3
      vertex 18.2296 15.4457 0
      vertex 18.1742 15.4258 0
    endloop
  endfacet
  facet normal -0.670558 0.741857 0
    outer loop
      vertex 18.4243 15.5757 0
      vertex 18.3806 15.5362 3
      vertex 18.4243 15.5757 3
    endloop
  endfacet
  facet normal -0.670558 0.741857 0
    outer loop
      vertex 18.3806 15.5362 3
      vertex 18.4243 15.5757 0
      vertex 18.3806 15.5362 0
    endloop
  endfacet
  facet normal -0.514496 0.857493 0
    outer loop
      vertex 18.3333 15.5011 0
      vertex 18.2828 15.4708 3
      vertex 18.3333 15.5011 3
    endloop
  endfacet
  facet normal -0.514496 0.857493 0
    outer loop
      vertex 18.2828 15.4708 3
      vertex 18.3333 15.5011 0
      vertex 18.2828 15.4708 0
    endloop
  endfacet
  facet normal -0.803046 0.595918 0
    outer loop
      vertex 18.4638 15.6194 0
      vertex 18.4989 15.6667 3
      vertex 18.4989 15.6667 0
    endloop
  endfacet
  facet normal -0.803046 0.595918 0
    outer loop
      vertex 18.4989 15.6667 3
      vertex 18.4638 15.6194 0
      vertex 18.4638 15.6194 3
    endloop
  endfacet
  facet normal -0.904394 0.426697 0
    outer loop
      vertex 18.5292 15.7172 0
      vertex 18.5543 15.7704 3
      vertex 18.5543 15.7704 0
    endloop
  endfacet
  facet normal -0.904394 0.426697 0
    outer loop
      vertex 18.5543 15.7704 3
      vertex 18.5292 15.7172 0
      vertex 18.5292 15.7172 3
    endloop
  endfacet
  facet normal -0.970042 0.242935 0
    outer loop
      vertex 18.5742 15.8258 0
      vertex 18.5885 15.8829 3
      vertex 18.5885 15.8829 0
    endloop
  endfacet
  facet normal -0.970042 0.242935 0
    outer loop
      vertex 18.5885 15.8829 3
      vertex 18.5742 15.8258 0
      vertex 18.5742 15.8258 3
    endloop
  endfacet
  facet normal 0.595918 0.803046 -0
    outer loop
      vertex 17.6667 15.5011 0
      vertex 17.6194 15.5362 3
      vertex 17.6667 15.5011 3
    endloop
  endfacet
  facet normal 0.595918 0.803046 0
    outer loop
      vertex 17.6194 15.5362 3
      vertex 17.6667 15.5011 0
      vertex 17.6194 15.5362 0
    endloop
  endfacet
  facet normal 0.426697 0.904394 -0
    outer loop
      vertex 17.7704 15.4457 0
      vertex 17.7172 15.4708 3
      vertex 17.7704 15.4457 3
    endloop
  endfacet
  facet normal 0.426697 0.904394 0
    outer loop
      vertex 17.7172 15.4708 3
      vertex 17.7704 15.4457 0
      vertex 17.7172 15.4708 0
    endloop
  endfacet
  facet normal 0.242935 0.970042 -0
    outer loop
      vertex 17.8829 15.4115 0
      vertex 17.8258 15.4258 3
      vertex 17.8829 15.4115 3
    endloop
  endfacet
  facet normal 0.242935 0.970042 0
    outer loop
      vertex 17.8258 15.4258 3
      vertex 17.8829 15.4115 0
      vertex 17.8258 15.4258 0
    endloop
  endfacet
  facet normal 0.0492599 0.998786 -0
    outer loop
      vertex 18 15.4 0
      vertex 17.9412 15.4029 3
      vertex 18 15.4 3
    endloop
  endfacet
  facet normal 0.0492599 0.998786 0
    outer loop
      vertex 17.9412 15.4029 3
      vertex 18 15.4 0
      vertex 17.9412 15.4029 0
    endloop
  endfacet
  facet normal 0.857493 0.514496 0
    outer loop
      vertex 17.5011 15.6667 3
      vertex 17.4708 15.7172 0
      vertex 17.4708 15.7172 3
    endloop
  endfacet
  facet normal 0.857493 0.514496 0
    outer loop
      vertex 17.4708 15.7172 0
      vertex 17.5011 15.6667 3
      vertex 17.5011 15.6667 0
    endloop
  endfacet
  facet normal 0.741857 0.670558 0
    outer loop
      vertex 17.5757 15.5757 3
      vertex 17.5362 15.6194 0
      vertex 17.5362 15.6194 3
    endloop
  endfacet
  facet normal 0.741857 0.670558 0
    outer loop
      vertex 17.5362 15.6194 0
      vertex 17.5757 15.5757 3
      vertex 17.5757 15.5757 0
    endloop
  endfacet
  facet normal 0.941125 0.338058 0
    outer loop
      vertex 17.4457 15.7704 3
      vertex 17.4258 15.8258 0
      vertex 17.4258 15.8258 3
    endloop
  endfacet
  facet normal 0.941125 0.338058 0
    outer loop
      vertex 17.4258 15.8258 0
      vertex 17.4457 15.7704 3
      vertex 17.4457 15.7704 0
    endloop
  endfacet
  facet normal 0.989294 0.145934 0
    outer loop
      vertex 17.4115 15.8829 3
      vertex 17.4029 15.9412 0
      vertex 17.4029 15.9412 3
    endloop
  endfacet
  facet normal 0.989294 0.145934 0
    outer loop
      vertex 17.4029 15.9412 0
      vertex 17.4115 15.8829 3
      vertex 17.4115 15.8829 0
    endloop
  endfacet
  facet normal 0.998786 0.0492599 0
    outer loop
      vertex 17.4029 15.9412 3
      vertex 17.4 16 0
      vertex 17.4 16 3
    endloop
  endfacet
  facet normal 0.998786 0.0492599 0
    outer loop
      vertex 17.4 16 0
      vertex 17.4029 15.9412 3
      vertex 17.4029 15.9412 0
    endloop
  endfacet
  facet normal -0.242935 0.970042 0
    outer loop
      vertex 18.1742 15.4258 0
      vertex 18.1171 15.4115 3
      vertex 18.1742 15.4258 3
    endloop
  endfacet
  facet normal -0.242935 0.970042 0
    outer loop
      vertex 18.1171 15.4115 3
      vertex 18.1742 15.4258 0
      vertex 18.1171 15.4115 0
    endloop
  endfacet
  facet normal -0.426697 0.904394 0
    outer loop
      vertex 18.2828 15.4708 0
      vertex 18.2296 15.4457 3
      vertex 18.2828 15.4708 3
    endloop
  endfacet
  facet normal -0.426697 0.904394 0
    outer loop
      vertex 18.2296 15.4457 3
      vertex 18.2828 15.4708 0
      vertex 18.2296 15.4457 0
    endloop
  endfacet
  facet normal -0.741857 0.670558 0
    outer loop
      vertex 18.4243 15.5757 0
      vertex 18.4638 15.6194 3
      vertex 18.4638 15.6194 0
    endloop
  endfacet
  facet normal -0.741857 0.670558 0
    outer loop
      vertex 18.4638 15.6194 3
      vertex 18.4243 15.5757 0
      vertex 18.4243 15.5757 3
    endloop
  endfacet
  facet normal -0.595918 0.803046 0
    outer loop
      vertex 18.3806 15.5362 0
      vertex 18.3333 15.5011 3
      vertex 18.3806 15.5362 3
    endloop
  endfacet
  facet normal -0.595918 0.803046 0
    outer loop
      vertex 18.3333 15.5011 3
      vertex 18.3806 15.5362 0
      vertex 18.3333 15.5011 0
    endloop
  endfacet
  facet normal -0.857493 0.514496 0
    outer loop
      vertex 18.4989 15.6667 0
      vertex 18.5292 15.7172 3
      vertex 18.5292 15.7172 0
    endloop
  endfacet
  facet normal -0.857493 0.514496 0
    outer loop
      vertex 18.5292 15.7172 3
      vertex 18.4989 15.6667 0
      vertex 18.4989 15.6667 3
    endloop
  endfacet
  facet normal -0.941125 0.338058 0
    outer loop
      vertex 18.5543 15.7704 0
      vertex 18.5742 15.8258 3
      vertex 18.5742 15.8258 0
    endloop
  endfacet
  facet normal -0.941125 0.338058 0
    outer loop
      vertex 18.5742 15.8258 3
      vertex 18.5543 15.7704 0
      vertex 18.5543 15.7704 3
    endloop
  endfacet
  facet normal -0.989294 0.145934 0
    outer loop
      vertex 18.5885 15.8829 0
      vertex 18.5971 15.9412 3
      vertex 18.5971 15.9412 0
    endloop
  endfacet
  facet normal -0.989294 0.145934 0
    outer loop
      vertex 18.5971 15.9412 3
      vertex 18.5885 15.8829 0
      vertex 18.5885 15.8829 3
    endloop
  endfacet
  facet normal 0.514496 0.857493 -0
    outer loop
      vertex 17.7172 15.4708 0
      vertex 17.6667 15.5011 3
      vertex 17.7172 15.4708 3
    endloop
  endfacet
  facet normal 0.514496 0.857493 0
    outer loop
      vertex 17.6667 15.5011 3
      vertex 17.7172 15.4708 0
      vertex 17.6667 15.5011 0
    endloop
  endfacet
  facet normal 0.338058 0.941125 -0
    outer loop
      vertex 17.8258 15.4258 0
      vertex 17.7704 15.4457 3
      vertex 17.8258 15.4258 3
    endloop
  endfacet
  facet normal 0.338058 0.941125 0
    outer loop
      vertex 17.7704 15.4457 3
      vertex 17.8258 15.4258 0
      vertex 17.7704 15.4457 0
    endloop
  endfacet
  facet normal 0.145934 0.989294 -0
    outer loop
      vertex 17.9412 15.4029 0
      vertex 17.8829 15.4115 3
      vertex 17.9412 15.4029 3
    endloop
  endfacet
  facet normal 0.145934 0.989294 0
    outer loop
      vertex 17.8829 15.4115 3
      vertex 17.9412 15.4029 0
      vertex 17.8829 15.4115 0
    endloop
  endfacet
  facet normal -0.0492599 0.998786 0
    outer loop
      vertex 18.0588 15.4029 0
      vertex 18 15.4 3
      vertex 18.0588 15.4029 3
    endloop
  endfacet
  facet normal -0.0492599 0.998786 0
    outer loop
      vertex 18 15.4 3
      vertex 18.0588 15.4029 0
      vertex 18 15.4 0
    endloop
  endfacet
  facet normal 0.803046 0.595918 0
    outer loop
      vertex 17.5362 15.6194 3
      vertex 17.5011 15.6667 0
      vertex 17.5011 15.6667 3
    endloop
  endfacet
  facet normal 0.803046 0.595918 0
    outer loop
      vertex 17.5011 15.6667 0
      vertex 17.5362 15.6194 3
      vertex 17.5362 15.6194 0
    endloop
  endfacet
  facet normal 0.670558 0.741857 -0
    outer loop
      vertex 17.6194 15.5362 0
      vertex 17.5757 15.5757 3
      vertex 17.6194 15.5362 3
    endloop
  endfacet
  facet normal 0.670558 0.741857 0
    outer loop
      vertex 17.5757 15.5757 3
      vertex 17.6194 15.5362 0
      vertex 17.5757 15.5757 0
    endloop
  endfacet
  facet normal 0.904394 0.426697 0
    outer loop
      vertex 17.4708 15.7172 3
      vertex 17.4457 15.7704 0
      vertex 17.4457 15.7704 3
    endloop
  endfacet
  facet normal 0.904394 0.426697 0
    outer loop
      vertex 17.4457 15.7704 0
      vertex 17.4708 15.7172 3
      vertex 17.4708 15.7172 0
    endloop
  endfacet
  facet normal 0.970042 0.242935 0
    outer loop
      vertex 17.4258 15.8258 3
      vertex 17.4115 15.8829 0
      vertex 17.4115 15.8829 3
    endloop
  endfacet
  facet normal 0.970042 0.242935 0
    outer loop
      vertex 17.4115 15.8829 0
      vertex 17.4258 15.8258 3
      vertex 17.4258 15.8258 0
    endloop
  endfacet
  facet normal -0.998786 -0.0492599 0
    outer loop
      vertex 18.6 24 0
      vertex 18.5971 24.0588 3
      vertex 18.5971 24.0588 0
    endloop
  endfacet
  facet normal -0.998786 -0.0492599 0
    outer loop
      vertex 18.5971 24.0588 3
      vertex 18.6 24 0
      vertex 18.6 24 3
    endloop
  endfacet
  facet normal 0.0492599 -0.998786 0
    outer loop
      vertex 17.9412 24.5971 0
      vertex 18 24.6 3
      vertex 17.9412 24.5971 3
    endloop
  endfacet
  facet normal 0.0492599 -0.998786 0
    outer loop
      vertex 18 24.6 3
      vertex 17.9412 24.5971 0
      vertex 18 24.6 0
    endloop
  endfacet
  facet normal -0.0492599 0.998786 0
    outer loop
      vertex 18.0588 23.4029 0
      vertex 18 23.4 3
      vertex 18.0588 23.4029 3
    endloop
  endfacet
  facet normal -0.0492599 0.998786 0
    outer loop
      vertex 18 23.4 3
      vertex 18.0588 23.4029 0
      vertex 18 23.4 0
    endloop
  endfacet
  facet normal 0.670558 0.741857 -0
    outer loop
      vertex 17.6194 23.5362 0
      vertex 17.5757 23.5757 3
      vertex 17.6194 23.5362 3
    endloop
  endfacet
  facet normal 0.670558 0.741857 0
    outer loop
      vertex 17.5757 23.5757 3
      vertex 17.6194 23.5362 0
      vertex 17.5757 23.5757 0
    endloop
  endfacet
  facet normal -0.670558 -0.741857 0
    outer loop
      vertex 18.3806 24.4638 0
      vertex 18.4243 24.4243 3
      vertex 18.3806 24.4638 3
    endloop
  endfacet
  facet normal -0.670558 -0.741857 -0
    outer loop
      vertex 18.4243 24.4243 3
      vertex 18.3806 24.4638 0
      vertex 18.4243 24.4243 0
    endloop
  endfacet
  facet normal 0.741857 -0.670558 0
    outer loop
      vertex 17.5362 24.3806 3
      vertex 17.5757 24.4243 0
      vertex 17.5757 24.4243 3
    endloop
  endfacet
  facet normal 0.741857 -0.670558 0
    outer loop
      vertex 17.5757 24.4243 0
      vertex 17.5362 24.3806 3
      vertex 17.5362 24.3806 0
    endloop
  endfacet
  facet normal 0.426697 -0.904394 0
    outer loop
      vertex 17.7172 24.5292 0
      vertex 17.7704 24.5543 3
      vertex 17.7172 24.5292 3
    endloop
  endfacet
  facet normal 0.426697 -0.904394 0
    outer loop
      vertex 17.7704 24.5543 3
      vertex 17.7172 24.5292 0
      vertex 17.7704 24.5543 0
    endloop
  endfacet
  facet normal 0.904394 0.426697 0
    outer loop
      vertex 17.4708 23.7172 3
      vertex 17.4457 23.7704 0
      vertex 17.4457 23.7704 3
    endloop
  endfacet
  facet normal 0.904394 0.426697 0
    outer loop
      vertex 17.4457 23.7704 0
      vertex 17.4708 23.7172 3
      vertex 17.4708 23.7172 0
    endloop
  endfacet
  facet normal -0.904394 -0.426697 0
    outer loop
      vertex 18.5543 24.2296 0
      vertex 18.5292 24.2828 3
      vertex 18.5292 24.2828 0
    endloop
  endfacet
  facet normal -0.904394 -0.426697 0
    outer loop
      vertex 18.5292 24.2828 3
      vertex 18.5543 24.2296 0
      vertex 18.5543 24.2296 3
    endloop
  endfacet
  facet normal -0.338058 -0.941125 0
    outer loop
      vertex 18.1742 24.5742 0
      vertex 18.2296 24.5543 3
      vertex 18.1742 24.5742 3
    endloop
  endfacet
  facet normal -0.338058 -0.941125 -0
    outer loop
      vertex 18.2296 24.5543 3
      vertex 18.1742 24.5742 0
      vertex 18.2296 24.5543 0
    endloop
  endfacet
  facet normal -0.514496 -0.857493 0
    outer loop
      vertex 18.2828 24.5292 0
      vertex 18.3333 24.4989 3
      vertex 18.2828 24.5292 3
    endloop
  endfacet
  facet normal -0.514496 -0.857493 -0
    outer loop
      vertex 18.3333 24.4989 3
      vertex 18.2828 24.5292 0
      vertex 18.3333 24.4989 0
    endloop
  endfacet
  facet normal 0.941125 -0.338058 0
    outer loop
      vertex 17.4258 24.1742 3
      vertex 17.4457 24.2296 0
      vertex 17.4457 24.2296 3
    endloop
  endfacet
  facet normal 0.941125 -0.338058 0
    outer loop
      vertex 17.4457 24.2296 0
      vertex 17.4258 24.1742 3
      vertex 17.4258 24.1742 0
    endloop
  endfacet
  facet normal 0.242935 -0.970042 0
    outer loop
      vertex 17.8258 24.5742 0
      vertex 17.8829 24.5885 3
      vertex 17.8258 24.5742 3
    endloop
  endfacet
  facet normal 0.242935 -0.970042 0
    outer loop
      vertex 17.8829 24.5885 3
      vertex 17.8258 24.5742 0
      vertex 17.8829 24.5885 0
    endloop
  endfacet
  facet normal -0.970042 -0.242935 0
    outer loop
      vertex 18.5885 24.1171 0
      vertex 18.5742 24.1742 3
      vertex 18.5742 24.1742 0
    endloop
  endfacet
  facet normal -0.970042 -0.242935 0
    outer loop
      vertex 18.5742 24.1742 3
      vertex 18.5885 24.1171 0
      vertex 18.5885 24.1171 3
    endloop
  endfacet
  facet normal -0.989294 -0.145934 0
    outer loop
      vertex 18.5971 24.0588 0
      vertex 18.5885 24.1171 3
      vertex 18.5885 24.1171 0
    endloop
  endfacet
  facet normal -0.989294 -0.145934 0
    outer loop
      vertex 18.5885 24.1171 3
      vertex 18.5971 24.0588 0
      vertex 18.5971 24.0588 3
    endloop
  endfacet
  facet normal -0.941125 -0.338058 0
    outer loop
      vertex 18.5742 24.1742 0
      vertex 18.5543 24.2296 3
      vertex 18.5543 24.2296 0
    endloop
  endfacet
  facet normal -0.941125 -0.338058 0
    outer loop
      vertex 18.5543 24.2296 3
      vertex 18.5742 24.1742 0
      vertex 18.5742 24.1742 3
    endloop
  endfacet
  facet normal -0.803046 -0.595918 0
    outer loop
      vertex 18.4989 24.3333 0
      vertex 18.4638 24.3806 3
      vertex 18.4638 24.3806 0
    endloop
  endfacet
  facet normal -0.803046 -0.595918 0
    outer loop
      vertex 18.4638 24.3806 3
      vertex 18.4989 24.3333 0
      vertex 18.4989 24.3333 3
    endloop
  endfacet
  facet normal -0.741857 -0.670558 0
    outer loop
      vertex 18.4638 24.3806 0
      vertex 18.4243 24.4243 3
      vertex 18.4243 24.4243 0
    endloop
  endfacet
  facet normal -0.741857 -0.670558 0
    outer loop
      vertex 18.4243 24.4243 3
      vertex 18.4638 24.3806 0
      vertex 18.4638 24.3806 3
    endloop
  endfacet
  facet normal -0.857493 -0.514496 0
    outer loop
      vertex 18.5292 24.2828 0
      vertex 18.4989 24.3333 3
      vertex 18.4989 24.3333 0
    endloop
  endfacet
  facet normal -0.857493 -0.514496 0
    outer loop
      vertex 18.4989 24.3333 3
      vertex 18.5292 24.2828 0
      vertex 18.5292 24.2828 3
    endloop
  endfacet
  facet normal -0.145934 -0.989294 0
    outer loop
      vertex 18.0588 24.5971 0
      vertex 18.1171 24.5885 3
      vertex 18.0588 24.5971 3
    endloop
  endfacet
  facet normal -0.145934 -0.989294 -0
    outer loop
      vertex 18.1171 24.5885 3
      vertex 18.0588 24.5971 0
      vertex 18.1171 24.5885 0
    endloop
  endfacet
  facet normal -0.242935 -0.970042 0
    outer loop
      vertex 18.1171 24.5885 0
      vertex 18.1742 24.5742 3
      vertex 18.1171 24.5885 3
    endloop
  endfacet
  facet normal -0.242935 -0.970042 -0
    outer loop
      vertex 18.1742 24.5742 3
      vertex 18.1171 24.5885 0
      vertex 18.1742 24.5742 0
    endloop
  endfacet
  facet normal -0.0492599 -0.998786 0
    outer loop
      vertex 18 24.6 0
      vertex 18.0588 24.5971 3
      vertex 18 24.6 3
    endloop
  endfacet
  facet normal -0.0492599 -0.998786 -0
    outer loop
      vertex 18.0588 24.5971 3
      vertex 18 24.6 0
      vertex 18.0588 24.5971 0
    endloop
  endfacet
  facet normal -0.426697 -0.904394 0
    outer loop
      vertex 18.2296 24.5543 0
      vertex 18.2828 24.5292 3
      vertex 18.2296 24.5543 3
    endloop
  endfacet
  facet normal -0.426697 -0.904394 -0
    outer loop
      vertex 18.2828 24.5292 3
      vertex 18.2296 24.5543 0
      vertex 18.2828 24.5292 0
    endloop
  endfacet
  facet normal -0.595918 -0.803046 0
    outer loop
      vertex 18.3333 24.4989 0
      vertex 18.3806 24.4638 3
      vertex 18.3333 24.4989 3
    endloop
  endfacet
  facet normal -0.595918 -0.803046 -0
    outer loop
      vertex 18.3806 24.4638 3
      vertex 18.3333 24.4989 0
      vertex 18.3806 24.4638 0
    endloop
  endfacet
  facet normal 0.989294 -0.145934 0
    outer loop
      vertex 17.4029 24.0588 3
      vertex 17.4115 24.1171 0
      vertex 17.4115 24.1171 3
    endloop
  endfacet
  facet normal 0.989294 -0.145934 0
    outer loop
      vertex 17.4115 24.1171 0
      vertex 17.4029 24.0588 3
      vertex 17.4029 24.0588 0
    endloop
  endfacet
  facet normal 0.857493 -0.514496 0
    outer loop
      vertex 17.4708 24.2828 3
      vertex 17.5011 24.3333 0
      vertex 17.5011 24.3333 3
    endloop
  endfacet
  facet normal 0.857493 -0.514496 0
    outer loop
      vertex 17.5011 24.3333 0
      vertex 17.4708 24.2828 3
      vertex 17.4708 24.2828 0
    endloop
  endfacet
  facet normal 0.803046 -0.595918 0
    outer loop
      vertex 17.5011 24.3333 3
      vertex 17.5362 24.3806 0
      vertex 17.5362 24.3806 3
    endloop
  endfacet
  facet normal 0.803046 -0.595918 0
    outer loop
      vertex 17.5362 24.3806 0
      vertex 17.5011 24.3333 3
      vertex 17.5011 24.3333 0
    endloop
  endfacet
  facet normal 0.904394 -0.426697 0
    outer loop
      vertex 17.4457 24.2296 3
      vertex 17.4708 24.2828 0
      vertex 17.4708 24.2828 3
    endloop
  endfacet
  facet normal 0.904394 -0.426697 0
    outer loop
      vertex 17.4708 24.2828 0
      vertex 17.4457 24.2296 3
      vertex 17.4457 24.2296 0
    endloop
  endfacet
  facet normal 0.970042 -0.242935 0
    outer loop
      vertex 17.4115 24.1171 3
      vertex 17.4258 24.1742 0
      vertex 17.4258 24.1742 3
    endloop
  endfacet
  facet normal 0.970042 -0.242935 0
    outer loop
      vertex 17.4258 24.1742 0
      vertex 17.4115 24.1171 3
      vertex 17.4115 24.1171 0
    endloop
  endfacet
  facet normal 0.998786 -0.0492599 0
    outer loop
      vertex 17.4 24 3
      vertex 17.4029 24.0588 0
      vertex 17.4029 24.0588 3
    endloop
  endfacet
  facet normal 0.998786 -0.0492599 0
    outer loop
      vertex 17.4029 24.0588 0
      vertex 17.4 24 3
      vertex 17.4 24 0
    endloop
  endfacet
  facet normal 0.595918 -0.803046 0
    outer loop
      vertex 17.6194 24.4638 0
      vertex 17.6667 24.4989 3
      vertex 17.6194 24.4638 3
    endloop
  endfacet
  facet normal 0.595918 -0.803046 0
    outer loop
      vertex 17.6667 24.4989 3
      vertex 17.6194 24.4638 0
      vertex 17.6667 24.4989 0
    endloop
  endfacet
  facet normal 0.514496 -0.857493 0
    outer loop
      vertex 17.6667 24.4989 0
      vertex 17.7172 24.5292 3
      vertex 17.6667 24.4989 3
    endloop
  endfacet
  facet normal 0.514496 -0.857493 0
    outer loop
      vertex 17.7172 24.5292 3
      vertex 17.6667 24.4989 0
      vertex 17.7172 24.5292 0
    endloop
  endfacet
  facet normal 0.670558 -0.741857 0
    outer loop
      vertex 17.5757 24.4243 0
      vertex 17.6194 24.4638 3
      vertex 17.5757 24.4243 3
    endloop
  endfacet
  facet normal 0.670558 -0.741857 0
    outer loop
      vertex 17.6194 24.4638 3
      vertex 17.5757 24.4243 0
      vertex 17.6194 24.4638 0
    endloop
  endfacet
  facet normal 0.338058 -0.941125 0
    outer loop
      vertex 17.7704 24.5543 0
      vertex 17.8258 24.5742 3
      vertex 17.7704 24.5543 3
    endloop
  endfacet
  facet normal 0.338058 -0.941125 0
    outer loop
      vertex 17.8258 24.5742 3
      vertex 17.7704 24.5543 0
      vertex 17.8258 24.5742 0
    endloop
  endfacet
  facet normal 0.145934 -0.989294 0
    outer loop
      vertex 17.8829 24.5885 0
      vertex 17.9412 24.5971 3
      vertex 17.8829 24.5885 3
    endloop
  endfacet
  facet normal 0.145934 -0.989294 0
    outer loop
      vertex 17.9412 24.5971 3
      vertex 17.8829 24.5885 0
      vertex 17.9412 24.5971 0
    endloop
  endfacet
  facet normal -0.145934 0.989294 0
    outer loop
      vertex 18.1171 23.4115 0
      vertex 18.0588 23.4029 3
      vertex 18.1171 23.4115 3
    endloop
  endfacet
  facet normal -0.145934 0.989294 0
    outer loop
      vertex 18.0588 23.4029 3
      vertex 18.1171 23.4115 0
      vertex 18.0588 23.4029 0
    endloop
  endfacet
  facet normal -0.338058 0.941125 0
    outer loop
      vertex 18.2296 23.4457 0
      vertex 18.1742 23.4258 3
      vertex 18.2296 23.4457 3
    endloop
  endfacet
  facet normal -0.338058 0.941125 0
    outer loop
      vertex 18.1742 23.4258 3
      vertex 18.2296 23.4457 0
      vertex 18.1742 23.4258 0
    endloop
  endfacet
  facet normal -0.670558 0.741857 0
    outer loop
      vertex 18.4243 23.5757 0
      vertex 18.3806 23.5362 3
      vertex 18.4243 23.5757 3
    endloop
  endfacet
  facet normal -0.670558 0.741857 0
    outer loop
      vertex 18.3806 23.5362 3
      vertex 18.4243 23.5757 0
      vertex 18.3806 23.5362 0
    endloop
  endfacet
  facet normal -0.514496 0.857493 0
    outer loop
      vertex 18.3333 23.5011 0
      vertex 18.2828 23.4708 3
      vertex 18.3333 23.5011 3
    endloop
  endfacet
  facet normal -0.514496 0.857493 0
    outer loop
      vertex 18.2828 23.4708 3
      vertex 18.3333 23.5011 0
      vertex 18.2828 23.4708 0
    endloop
  endfacet
  facet normal -0.803046 0.595918 0
    outer loop
      vertex 18.4638 23.6194 0
      vertex 18.4989 23.6667 3
      vertex 18.4989 23.6667 0
    endloop
  endfacet
  facet normal -0.803046 0.595918 0
    outer loop
      vertex 18.4989 23.6667 3
      vertex 18.4638 23.6194 0
      vertex 18.4638 23.6194 3
    endloop
  endfacet
  facet normal -0.904394 0.426697 0
    outer loop
      vertex 18.5292 23.7172 0
      vertex 18.5543 23.7704 3
      vertex 18.5543 23.7704 0
    endloop
  endfacet
  facet normal -0.904394 0.426697 0
    outer loop
      vertex 18.5543 23.7704 3
      vertex 18.5292 23.7172 0
      vertex 18.5292 23.7172 3
    endloop
  endfacet
  facet normal -0.970042 0.242935 0
    outer loop
      vertex 18.5742 23.8258 0
      vertex 18.5885 23.8829 3
      vertex 18.5885 23.8829 0
    endloop
  endfacet
  facet normal -0.970042 0.242935 0
    outer loop
      vertex 18.5885 23.8829 3
      vertex 18.5742 23.8258 0
      vertex 18.5742 23.8258 3
    endloop
  endfacet
  facet normal -0.998786 0.0492599 0
    outer loop
      vertex 18.5971 23.9412 0
      vertex 18.6 24 3
      vertex 18.6 24 0
    endloop
  endfacet
  facet normal -0.998786 0.0492599 0
    outer loop
      vertex 18.6 24 3
      vertex 18.5971 23.9412 0
      vertex 18.5971 23.9412 3
    endloop
  endfacet
  facet normal 0.595918 0.803046 -0
    outer loop
      vertex 17.6667 23.5011 0
      vertex 17.6194 23.5362 3
      vertex 17.6667 23.5011 3
    endloop
  endfacet
  facet normal 0.595918 0.803046 0
    outer loop
      vertex 17.6194 23.5362 3
      vertex 17.6667 23.5011 0
      vertex 17.6194 23.5362 0
    endloop
  endfacet
  facet normal 0.426697 0.904394 -0
    outer loop
      vertex 17.7704 23.4457 0
      vertex 17.7172 23.4708 3
      vertex 17.7704 23.4457 3
    endloop
  endfacet
  facet normal 0.426697 0.904394 0
    outer loop
      vertex 17.7172 23.4708 3
      vertex 17.7704 23.4457 0
      vertex 17.7172 23.4708 0
    endloop
  endfacet
  facet normal 0.242935 0.970042 -0
    outer loop
      vertex 17.8829 23.4115 0
      vertex 17.8258 23.4258 3
      vertex 17.8829 23.4115 3
    endloop
  endfacet
  facet normal 0.242935 0.970042 0
    outer loop
      vertex 17.8258 23.4258 3
      vertex 17.8829 23.4115 0
      vertex 17.8258 23.4258 0
    endloop
  endfacet
  facet normal 0.0492599 0.998786 -0
    outer loop
      vertex 18 23.4 0
      vertex 17.9412 23.4029 3
      vertex 18 23.4 3
    endloop
  endfacet
  facet normal 0.0492599 0.998786 0
    outer loop
      vertex 17.9412 23.4029 3
      vertex 18 23.4 0
      vertex 17.9412 23.4029 0
    endloop
  endfacet
  facet normal 0.857493 0.514496 0
    outer loop
      vertex 17.5011 23.6667 3
      vertex 17.4708 23.7172 0
      vertex 17.4708 23.7172 3
    endloop
  endfacet
  facet normal 0.857493 0.514496 0
    outer loop
      vertex 17.4708 23.7172 0
      vertex 17.5011 23.6667 3
      vertex 17.5011 23.6667 0
    endloop
  endfacet
  facet normal 0.741857 0.670558 0
    outer loop
      vertex 17.5757 23.5757 3
      vertex 17.5362 23.6194 0
      vertex 17.5362 23.6194 3
    endloop
  endfacet
  facet normal 0.741857 0.670558 0
    outer loop
      vertex 17.5362 23.6194 0
      vertex 17.5757 23.5757 3
      vertex 17.5757 23.5757 0
    endloop
  endfacet
  facet normal 0.941125 0.338058 0
    outer loop
      vertex 17.4457 23.7704 3
      vertex 17.4258 23.8258 0
      vertex 17.4258 23.8258 3
    endloop
  endfacet
  facet normal 0.941125 0.338058 0
    outer loop
      vertex 17.4258 23.8258 0
      vertex 17.4457 23.7704 3
      vertex 17.4457 23.7704 0
    endloop
  endfacet
  facet normal 0.989294 0.145934 0
    outer loop
      vertex 17.4115 23.8829 3
      vertex 17.4029 23.9412 0
      vertex 17.4029 23.9412 3
    endloop
  endfacet
  facet normal 0.989294 0.145934 0
    outer loop
      vertex 17.4029 23.9412 0
      vertex 17.4115 23.8829 3
      vertex 17.4115 23.8829 0
    endloop
  endfacet
  facet normal 0.998786 0.0492599 0
    outer loop
      vertex 17.4029 23.9412 3
      vertex 17.4 24 0
      vertex 17.4 24 3
    endloop
  endfacet
  facet normal 0.998786 0.0492599 0
    outer loop
      vertex 17.4 24 0
      vertex 17.4029 23.9412 3
      vertex 17.4029 23.9412 0
    endloop
  endfacet
  facet normal -0.242935 0.970042 0
    outer loop
      vertex 18.1742 23.4258 0
      vertex 18.1171 23.4115 3
      vertex 18.1742 23.4258 3
    endloop
  endfacet
  facet normal -0.242935 0.970042 0
    outer loop
      vertex 18.1171 23.4115 3
      vertex 18.1742 23.4258 0
      vertex 18.1171 23.4115 0
    endloop
  endfacet
  facet normal -0.426697 0.904394 0
    outer loop
      vertex 18.2828 23.4708 0
      vertex 18.2296 23.4457 3
      vertex 18.2828 23.4708 3
    endloop
  endfacet
  facet normal -0.426697 0.904394 0
    outer loop
      vertex 18.2296 23.4457 3
      vertex 18.2828 23.4708 0
      vertex 18.2296 23.4457 0
    endloop
  endfacet
  facet normal -0.741857 0.670558 0
    outer loop
      vertex 18.4243 23.5757 0
      vertex 18.4638 23.6194 3
      vertex 18.4638 23.6194 0
    endloop
  endfacet
  facet normal -0.741857 0.670558 0
    outer loop
      vertex 18.4638 23.6194 3
      vertex 18.4243 23.5757 0
      vertex 18.4243 23.5757 3
    endloop
  endfacet
  facet normal -0.595918 0.803046 0
    outer loop
      vertex 18.3806 23.5362 0
      vertex 18.3333 23.5011 3
      vertex 18.3806 23.5362 3
    endloop
  endfacet
  facet normal -0.595918 0.803046 0
    outer loop
      vertex 18.3333 23.5011 3
      vertex 18.3806 23.5362 0
      vertex 18.3333 23.5011 0
    endloop
  endfacet
  facet normal -0.857493 0.514496 0
    outer loop
      vertex 18.4989 23.6667 0
      vertex 18.5292 23.7172 3
      vertex 18.5292 23.7172 0
    endloop
  endfacet
  facet normal -0.857493 0.514496 0
    outer loop
      vertex 18.5292 23.7172 3
      vertex 18.4989 23.6667 0
      vertex 18.4989 23.6667 3
    endloop
  endfacet
  facet normal -0.941125 0.338058 0
    outer loop
      vertex 18.5543 23.7704 0
      vertex 18.5742 23.8258 3
      vertex 18.5742 23.8258 0
    endloop
  endfacet
  facet normal -0.941125 0.338058 0
    outer loop
      vertex 18.5742 23.8258 3
      vertex 18.5543 23.7704 0
      vertex 18.5543 23.7704 3
    endloop
  endfacet
  facet normal -0.989294 0.145934 0
    outer loop
      vertex 18.5885 23.8829 0
      vertex 18.5971 23.9412 3
      vertex 18.5971 23.9412 0
    endloop
  endfacet
  facet normal -0.989294 0.145934 0
    outer loop
      vertex 18.5971 23.9412 3
      vertex 18.5885 23.8829 0
      vertex 18.5885 23.8829 3
    endloop
  endfacet
  facet normal 0.514496 0.857493 -0
    outer loop
      vertex 17.7172 23.4708 0
      vertex 17.6667 23.5011 3
      vertex 17.7172 23.4708 3
    endloop
  endfacet
  facet normal 0.514496 0.857493 0
    outer loop
      vertex 17.6667 23.5011 3
      vertex 17.7172 23.4708 0
      vertex 17.6667 23.5011 0
    endloop
  endfacet
  facet normal 0.338058 0.941125 -0
    outer loop
      vertex 17.8258 23.4258 0
      vertex 17.7704 23.4457 3
      vertex 17.8258 23.4258 3
    endloop
  endfacet
  facet normal 0.338058 0.941125 0
    outer loop
      vertex 17.7704 23.4457 3
      vertex 17.8258 23.4258 0
      vertex 17.7704 23.4457 0
    endloop
  endfacet
  facet normal 0.145934 0.989294 -0
    outer loop
      vertex 17.9412 23.4029 0
      vertex 17.8829 23.4115 3
      vertex 17.9412 23.4029 3
    endloop
  endfacet
  facet normal 0.145934 0.989294 0
    outer loop
      vertex 17.8829 23.4115 3
      vertex 17.9412 23.4029 0
      vertex 17.8829 23.4115 0
    endloop
  endfacet
  facet normal 0.803046 0.595918 0
    outer loop
      vertex 17.5362 23.6194 3
      vertex 17.5011 23.6667 0
      vertex 17.5011 23.6667 3
    endloop
  endfacet
  facet normal 0.803046 0.595918 0
    outer loop
      vertex 17.5011 23.6667 0
      vertex 17.5362 23.6194 3
      vertex 17.5362 23.6194 0
    endloop
  endfacet
  facet normal 0.970042 0.242935 0
    outer loop
      vertex 17.4258 23.8258 3
      vertex 17.4115 23.8829 0
      vertex 17.4115 23.8829 3
    endloop
  endfacet
  facet normal 0.970042 0.242935 0
    outer loop
      vertex 17.4115 23.8829 0
      vertex 17.4258 23.8258 3
      vertex 17.4258 23.8258 0
    endloop
  endfacet
  facet normal -0.998786 -0.0492599 0
    outer loop
      vertex 26.6 16 0
      vertex 26.5971 16.0588 3
      vertex 26.5971 16.0588 0
    endloop
  endfacet
  facet normal -0.998786 -0.0492599 0
    outer loop
      vertex 26.5971 16.0588 3
      vertex 26.6 16 0
      vertex 26.6 16 3
    endloop
  endfacet
  facet normal 0.0492599 -0.998786 0
    outer loop
      vertex 25.9412 16.5971 0
      vertex 26 16.6 3
      vertex 25.9412 16.5971 3
    endloop
  endfacet
  facet normal 0.0492599 -0.998786 0
    outer loop
      vertex 26 16.6 3
      vertex 25.9412 16.5971 0
      vertex 26 16.6 0
    endloop
  endfacet
  facet normal -0.0492599 0.998786 0
    outer loop
      vertex 26.0588 15.4029 0
      vertex 26 15.4 3
      vertex 26.0588 15.4029 3
    endloop
  endfacet
  facet normal -0.0492599 0.998786 0
    outer loop
      vertex 26 15.4 3
      vertex 26.0588 15.4029 0
      vertex 26 15.4 0
    endloop
  endfacet
  facet normal 0.670558 0.741857 -0
    outer loop
      vertex 25.6194 15.5362 0
      vertex 25.5757 15.5757 3
      vertex 25.6194 15.5362 3
    endloop
  endfacet
  facet normal 0.670558 0.741857 0
    outer loop
      vertex 25.5757 15.5757 3
      vertex 25.6194 15.5362 0
      vertex 25.5757 15.5757 0
    endloop
  endfacet
  facet normal -0.670558 -0.741857 0
    outer loop
      vertex 26.3806 16.4638 0
      vertex 26.4243 16.4243 3
      vertex 26.3806 16.4638 3
    endloop
  endfacet
  facet normal -0.670558 -0.741857 -0
    outer loop
      vertex 26.4243 16.4243 3
      vertex 26.3806 16.4638 0
      vertex 26.4243 16.4243 0
    endloop
  endfacet
  facet normal 0.741857 -0.670558 0
    outer loop
      vertex 25.5362 16.3806 3
      vertex 25.5757 16.4243 0
      vertex 25.5757 16.4243 3
    endloop
  endfacet
  facet normal 0.741857 -0.670558 0
    outer loop
      vertex 25.5757 16.4243 0
      vertex 25.5362 16.3806 3
      vertex 25.5362 16.3806 0
    endloop
  endfacet
  facet normal 0.426697 -0.904394 0
    outer loop
      vertex 25.7172 16.5292 0
      vertex 25.7704 16.5543 3
      vertex 25.7172 16.5292 3
    endloop
  endfacet
  facet normal 0.426697 -0.904394 0
    outer loop
      vertex 25.7704 16.5543 3
      vertex 25.7172 16.5292 0
      vertex 25.7704 16.5543 0
    endloop
  endfacet
  facet normal 0.941125 0.338058 0
    outer loop
      vertex 25.4457 15.7704 3
      vertex 25.4258 15.8258 0
      vertex 25.4258 15.8258 3
    endloop
  endfacet
  facet normal 0.941125 0.338058 0
    outer loop
      vertex 25.4258 15.8258 0
      vertex 25.4457 15.7704 3
      vertex 25.4457 15.7704 0
    endloop
  endfacet
  facet normal -0.904394 -0.426697 0
    outer loop
      vertex 26.5543 16.2296 0
      vertex 26.5292 16.2828 3
      vertex 26.5292 16.2828 0
    endloop
  endfacet
  facet normal -0.904394 -0.426697 0
    outer loop
      vertex 26.5292 16.2828 3
      vertex 26.5543 16.2296 0
      vertex 26.5543 16.2296 3
    endloop
  endfacet
  facet normal -0.338058 -0.941125 0
    outer loop
      vertex 26.1742 16.5742 0
      vertex 26.2296 16.5543 3
      vertex 26.1742 16.5742 3
    endloop
  endfacet
  facet normal -0.338058 -0.941125 -0
    outer loop
      vertex 26.2296 16.5543 3
      vertex 26.1742 16.5742 0
      vertex 26.2296 16.5543 0
    endloop
  endfacet
  facet normal 0.904394 -0.426697 0
    outer loop
      vertex 25.4457 16.2296 3
      vertex 25.4708 16.2828 0
      vertex 25.4708 16.2828 3
    endloop
  endfacet
  facet normal 0.904394 -0.426697 0
    outer loop
      vertex 25.4708 16.2828 0
      vertex 25.4457 16.2296 3
      vertex 25.4457 16.2296 0
    endloop
  endfacet
  facet normal 0.857493 -0.514496 0
    outer loop
      vertex 25.4708 16.2828 3
      vertex 25.5011 16.3333 0
      vertex 25.5011 16.3333 3
    endloop
  endfacet
  facet normal 0.857493 -0.514496 0
    outer loop
      vertex 25.5011 16.3333 0
      vertex 25.4708 16.2828 3
      vertex 25.4708 16.2828 0
    endloop
  endfacet
  facet normal 0.242935 -0.970042 0
    outer loop
      vertex 25.8258 16.5742 0
      vertex 25.8829 16.5885 3
      vertex 25.8258 16.5742 3
    endloop
  endfacet
  facet normal 0.242935 -0.970042 0
    outer loop
      vertex 25.8829 16.5885 3
      vertex 25.8258 16.5742 0
      vertex 25.8829 16.5885 0
    endloop
  endfacet
  facet normal -0.904394 0.426697 0
    outer loop
      vertex 26.5292 15.7172 0
      vertex 26.5543 15.7704 3
      vertex 26.5543 15.7704 0
    endloop
  endfacet
  facet normal -0.904394 0.426697 0
    outer loop
      vertex 26.5543 15.7704 3
      vertex 26.5292 15.7172 0
      vertex 26.5292 15.7172 3
    endloop
  endfacet
  facet normal -0.338058 0.941125 0
    outer loop
      vertex 26.2296 15.4457 0
      vertex 26.1742 15.4258 3
      vertex 26.2296 15.4457 3
    endloop
  endfacet
  facet normal -0.338058 0.941125 0
    outer loop
      vertex 26.1742 15.4258 3
      vertex 26.2296 15.4457 0
      vertex 26.1742 15.4258 0
    endloop
  endfacet
  facet normal -0.741857 0.670558 0
    outer loop
      vertex 26.4243 15.5757 0
      vertex 26.4638 15.6194 3
      vertex 26.4638 15.6194 0
    endloop
  endfacet
  facet normal -0.741857 0.670558 0
    outer loop
      vertex 26.4638 15.6194 3
      vertex 26.4243 15.5757 0
      vertex 26.4243 15.5757 3
    endloop
  endfacet
  facet normal 0.242935 0.970042 -0
    outer loop
      vertex 25.8829 15.4115 0
      vertex 25.8258 15.4258 3
      vertex 25.8829 15.4115 3
    endloop
  endfacet
  facet normal 0.242935 0.970042 0
    outer loop
      vertex 25.8258 15.4258 3
      vertex 25.8829 15.4115 0
      vertex 25.8258 15.4258 0
    endloop
  endfacet
  facet normal 0.741857 0.670558 0
    outer loop
      vertex 25.5757 15.5757 3
      vertex 25.5362 15.6194 0
      vertex 25.5362 15.6194 3
    endloop
  endfacet
  facet normal 0.741857 0.670558 0
    outer loop
      vertex 25.5362 15.6194 0
      vertex 25.5757 15.5757 3
      vertex 25.5757 15.5757 0
    endloop
  endfacet
  facet normal -0.970042 -0.242935 0
    outer loop
      vertex 26.5885 16.1171 0
      vertex 26.5742 16.1742 3
      vertex 26.5742 16.1742 0
    endloop
  endfacet
  facet normal -0.970042 -0.242935 0
    outer loop
      vertex 26.5742 16.1742 3
      vertex 26.5885 16.1171 0
      vertex 26.5885 16.1171 3
    endloop
  endfacet
  facet normal -0.989294 -0.145934 0
    outer loop
      vertex 26.5971 16.0588 0
      vertex 26.5885 16.1171 3
      vertex 26.5885 16.1171 0
    endloop
  endfacet
  facet normal -0.989294 -0.145934 0
    outer loop
      vertex 26.5885 16.1171 3
      vertex 26.5971 16.0588 0
      vertex 26.5971 16.0588 3
    endloop
  endfacet
  facet normal -0.941125 -0.338058 0
    outer loop
      vertex 26.5742 16.1742 0
      vertex 26.5543 16.2296 3
      vertex 26.5543 16.2296 0
    endloop
  endfacet
  facet normal -0.941125 -0.338058 0
    outer loop
      vertex 26.5543 16.2296 3
      vertex 26.5742 16.1742 0
      vertex 26.5742 16.1742 3
    endloop
  endfacet
  facet normal -0.803046 -0.595918 0
    outer loop
      vertex 26.4989 16.3333 0
      vertex 26.4638 16.3806 3
      vertex 26.4638 16.3806 0
    endloop
  endfacet
  facet normal -0.803046 -0.595918 0
    outer loop
      vertex 26.4638 16.3806 3
      vertex 26.4989 16.3333 0
      vertex 26.4989 16.3333 3
    endloop
  endfacet
  facet normal -0.741857 -0.670558 0
    outer loop
      vertex 26.4638 16.3806 0
      vertex 26.4243 16.4243 3
      vertex 26.4243 16.4243 0
    endloop
  endfacet
  facet normal -0.741857 -0.670558 0
    outer loop
      vertex 26.4243 16.4243 3
      vertex 26.4638 16.3806 0
      vertex 26.4638 16.3806 3
    endloop
  endfacet
  facet normal -0.857493 -0.514496 0
    outer loop
      vertex 26.5292 16.2828 0
      vertex 26.4989 16.3333 3
      vertex 26.4989 16.3333 0
    endloop
  endfacet
  facet normal -0.857493 -0.514496 0
    outer loop
      vertex 26.4989 16.3333 3
      vertex 26.5292 16.2828 0
      vertex 26.5292 16.2828 3
    endloop
  endfacet
  facet normal -0.145934 -0.989294 0
    outer loop
      vertex 26.0588 16.5971 0
      vertex 26.1171 16.5885 3
      vertex 26.0588 16.5971 3
    endloop
  endfacet
  facet normal -0.145934 -0.989294 -0
    outer loop
      vertex 26.1171 16.5885 3
      vertex 26.0588 16.5971 0
      vertex 26.1171 16.5885 0
    endloop
  endfacet
  facet normal -0.242935 -0.970042 0
    outer loop
      vertex 26.1171 16.5885 0
      vertex 26.1742 16.5742 3
      vertex 26.1171 16.5885 3
    endloop
  endfacet
  facet normal -0.242935 -0.970042 -0
    outer loop
      vertex 26.1742 16.5742 3
      vertex 26.1171 16.5885 0
      vertex 26.1742 16.5742 0
    endloop
  endfacet
  facet normal -0.0492599 -0.998786 0
    outer loop
      vertex 26 16.6 0
      vertex 26.0588 16.5971 3
      vertex 26 16.6 3
    endloop
  endfacet
  facet normal -0.0492599 -0.998786 -0
    outer loop
      vertex 26.0588 16.5971 3
      vertex 26 16.6 0
      vertex 26.0588 16.5971 0
    endloop
  endfacet
  facet normal -0.514496 -0.857493 0
    outer loop
      vertex 26.2828 16.5292 0
      vertex 26.3333 16.4989 3
      vertex 26.2828 16.5292 3
    endloop
  endfacet
  facet normal -0.514496 -0.857493 -0
    outer loop
      vertex 26.3333 16.4989 3
      vertex 26.2828 16.5292 0
      vertex 26.3333 16.4989 0
    endloop
  endfacet
  facet normal -0.426697 -0.904394 0
    outer loop
      vertex 26.2296 16.5543 0
      vertex 26.2828 16.5292 3
      vertex 26.2296 16.5543 3
    endloop
  endfacet
  facet normal -0.426697 -0.904394 -0
    outer loop
      vertex 26.2828 16.5292 3
      vertex 26.2296 16.5543 0
      vertex 26.2828 16.5292 0
    endloop
  endfacet
  facet normal -0.595918 -0.803046 0
    outer loop
      vertex 26.3333 16.4989 0
      vertex 26.3806 16.4638 3
      vertex 26.3333 16.4989 3
    endloop
  endfacet
  facet normal -0.595918 -0.803046 -0
    outer loop
      vertex 26.3806 16.4638 3
      vertex 26.3333 16.4989 0
      vertex 26.3806 16.4638 0
    endloop
  endfacet
  facet normal 0.989294 -0.145934 0
    outer loop
      vertex 25.4029 16.0588 3
      vertex 25.4115 16.1171 0
      vertex 25.4115 16.1171 3
    endloop
  endfacet
  facet normal 0.989294 -0.145934 0
    outer loop
      vertex 25.4115 16.1171 0
      vertex 25.4029 16.0588 3
      vertex 25.4029 16.0588 0
    endloop
  endfacet
  facet normal 0.803046 -0.595918 0
    outer loop
      vertex 25.5011 16.3333 3
      vertex 25.5362 16.3806 0
      vertex 25.5362 16.3806 3
    endloop
  endfacet
  facet normal 0.803046 -0.595918 0
    outer loop
      vertex 25.5362 16.3806 0
      vertex 25.5011 16.3333 3
      vertex 25.5011 16.3333 0
    endloop
  endfacet
  facet normal 0.941125 -0.338058 0
    outer loop
      vertex 25.4258 16.1742 3
      vertex 25.4457 16.2296 0
      vertex 25.4457 16.2296 3
    endloop
  endfacet
  facet normal 0.941125 -0.338058 0
    outer loop
      vertex 25.4457 16.2296 0
      vertex 25.4258 16.1742 3
      vertex 25.4258 16.1742 0
    endloop
  endfacet
  facet normal 0.970042 -0.242935 0
    outer loop
      vertex 25.4115 16.1171 3
      vertex 25.4258 16.1742 0
      vertex 25.4258 16.1742 3
    endloop
  endfacet
  facet normal 0.970042 -0.242935 0
    outer loop
      vertex 25.4258 16.1742 0
      vertex 25.4115 16.1171 3
      vertex 25.4115 16.1171 0
    endloop
  endfacet
  facet normal 0.998786 -0.0492599 0
    outer loop
      vertex 25.4 16 3
      vertex 25.4029 16.0588 0
      vertex 25.4029 16.0588 3
    endloop
  endfacet
  facet normal 0.998786 -0.0492599 0
    outer loop
      vertex 25.4029 16.0588 0
      vertex 25.4 16 3
      vertex 25.4 16 0
    endloop
  endfacet
  facet normal 0.514496 -0.857493 0
    outer loop
      vertex 25.6667 16.4989 0
      vertex 25.7172 16.5292 3
      vertex 25.6667 16.4989 3
    endloop
  endfacet
  facet normal 0.514496 -0.857493 0
    outer loop
      vertex 25.7172 16.5292 3
      vertex 25.6667 16.4989 0
      vertex 25.7172 16.5292 0
    endloop
  endfacet
  facet normal 0.595918 -0.803046 0
    outer loop
      vertex 25.6194 16.4638 0
      vertex 25.6667 16.4989 3
      vertex 25.6194 16.4638 3
    endloop
  endfacet
  facet normal 0.595918 -0.803046 0
    outer loop
      vertex 25.6667 16.4989 3
      vertex 25.6194 16.4638 0
      vertex 25.6667 16.4989 0
    endloop
  endfacet
  facet normal 0.670558 -0.741857 0
    outer loop
      vertex 25.5757 16.4243 0
      vertex 25.6194 16.4638 3
      vertex 25.5757 16.4243 3
    endloop
  endfacet
  facet normal 0.670558 -0.741857 0
    outer loop
      vertex 25.6194 16.4638 3
      vertex 25.5757 16.4243 0
      vertex 25.6194 16.4638 0
    endloop
  endfacet
  facet normal 0.338058 -0.941125 0
    outer loop
      vertex 25.7704 16.5543 0
      vertex 25.8258 16.5742 3
      vertex 25.7704 16.5543 3
    endloop
  endfacet
  facet normal 0.338058 -0.941125 0
    outer loop
      vertex 25.8258 16.5742 3
      vertex 25.7704 16.5543 0
      vertex 25.8258 16.5742 0
    endloop
  endfacet
  facet normal 0.145934 -0.989294 0
    outer loop
      vertex 25.8829 16.5885 0
      vertex 25.9412 16.5971 3
      vertex 25.8829 16.5885 3
    endloop
  endfacet
  facet normal 0.145934 -0.989294 0
    outer loop
      vertex 25.9412 16.5971 3
      vertex 25.8829 16.5885 0
      vertex 25.9412 16.5971 0
    endloop
  endfacet
  facet normal -0.998786 0.0492599 0
    outer loop
      vertex 26.5971 15.9412 0
      vertex 26.6 16 3
      vertex 26.6 16 0
    endloop
  endfacet
  facet normal -0.998786 0.0492599 0
    outer loop
      vertex 26.6 16 3
      vertex 26.5971 15.9412 0
      vertex 26.5971 15.9412 3
    endloop
  endfacet
  facet normal -0.145934 0.989294 0
    outer loop
      vertex 26.1171 15.4115 0
      vertex 26.0588 15.4029 3
      vertex 26.1171 15.4115 3
    endloop
  endfacet
  facet normal -0.145934 0.989294 0
    outer loop
      vertex 26.0588 15.4029 3
      vertex 26.1171 15.4115 0
      vertex 26.0588 15.4029 0
    endloop
  endfacet
  facet normal -0.514496 0.857493 0
    outer loop
      vertex 26.3333 15.5011 0
      vertex 26.2828 15.4708 3
      vertex 26.3333 15.5011 3
    endloop
  endfacet
  facet normal -0.514496 0.857493 0
    outer loop
      vertex 26.2828 15.4708 3
      vertex 26.3333 15.5011 0
      vertex 26.2828 15.4708 0
    endloop
  endfacet
  facet normal -0.670558 0.741857 0
    outer loop
      vertex 26.4243 15.5757 0
      vertex 26.3806 15.5362 3
      vertex 26.4243 15.5757 3
    endloop
  endfacet
  facet normal -0.670558 0.741857 0
    outer loop
      vertex 26.3806 15.5362 3
      vertex 26.4243 15.5757 0
      vertex 26.3806 15.5362 0
    endloop
  endfacet
  facet normal -0.595918 0.803046 0
    outer loop
      vertex 26.3806 15.5362 0
      vertex 26.3333 15.5011 3
      vertex 26.3806 15.5362 3
    endloop
  endfacet
  facet normal -0.595918 0.803046 0
    outer loop
      vertex 26.3333 15.5011 3
      vertex 26.3806 15.5362 0
      vertex 26.3333 15.5011 0
    endloop
  endfacet
  facet normal -0.803046 0.595918 0
    outer loop
      vertex 26.4638 15.6194 0
      vertex 26.4989 15.6667 3
      vertex 26.4989 15.6667 0
    endloop
  endfacet
  facet normal -0.803046 0.595918 0
    outer loop
      vertex 26.4989 15.6667 3
      vertex 26.4638 15.6194 0
      vertex 26.4638 15.6194 3
    endloop
  endfacet
  facet normal -0.857493 0.514496 0
    outer loop
      vertex 26.4989 15.6667 0
      vertex 26.5292 15.7172 3
      vertex 26.5292 15.7172 0
    endloop
  endfacet
  facet normal -0.857493 0.514496 0
    outer loop
      vertex 26.5292 15.7172 3
      vertex 26.4989 15.6667 0
      vertex 26.4989 15.6667 3
    endloop
  endfacet
  facet normal -0.989294 0.145934 0
    outer loop
      vertex 26.5885 15.8829 0
      vertex 26.5971 15.9412 3
      vertex 26.5971 15.9412 0
    endloop
  endfacet
  facet normal -0.989294 0.145934 0
    outer loop
      vertex 26.5971 15.9412 3
      vertex 26.5885 15.8829 0
      vertex 26.5885 15.8829 3
    endloop
  endfacet
  facet normal -0.970042 0.242935 0
    outer loop
      vertex 26.5742 15.8258 0
      vertex 26.5885 15.8829 3
      vertex 26.5885 15.8829 0
    endloop
  endfacet
  facet normal -0.970042 0.242935 0
    outer loop
      vertex 26.5885 15.8829 3
      vertex 26.5742 15.8258 0
      vertex 26.5742 15.8258 3
    endloop
  endfacet
  facet normal 0.595918 0.803046 -0
    outer loop
      vertex 25.6667 15.5011 0
      vertex 25.6194 15.5362 3
      vertex 25.6667 15.5011 3
    endloop
  endfacet
  facet normal 0.595918 0.803046 0
    outer loop
      vertex 25.6194 15.5362 3
      vertex 25.6667 15.5011 0
      vertex 25.6194 15.5362 0
    endloop
  endfacet
  facet normal 0.514496 0.857493 -0
    outer loop
      vertex 25.7172 15.4708 0
      vertex 25.6667 15.5011 3
      vertex 25.7172 15.4708 3
    endloop
  endfacet
  facet normal 0.514496 0.857493 0
    outer loop
      vertex 25.6667 15.5011 3
      vertex 25.7172 15.4708 0
      vertex 25.6667 15.5011 0
    endloop
  endfacet
  facet normal 0.426697 0.904394 -0
    outer loop
      vertex 25.7704 15.4457 0
      vertex 25.7172 15.4708 3
      vertex 25.7704 15.4457 3
    endloop
  endfacet
  facet normal 0.426697 0.904394 0
    outer loop
      vertex 25.7172 15.4708 3
      vertex 25.7704 15.4457 0
      vertex 25.7172 15.4708 0
    endloop
  endfacet
  facet normal 0.0492599 0.998786 -0
    outer loop
      vertex 26 15.4 0
      vertex 25.9412 15.4029 3
      vertex 26 15.4 3
    endloop
  endfacet
  facet normal 0.0492599 0.998786 0
    outer loop
      vertex 25.9412 15.4029 3
      vertex 26 15.4 0
      vertex 25.9412 15.4029 0
    endloop
  endfacet
  facet normal 0.857493 0.514496 0
    outer loop
      vertex 25.5011 15.6667 3
      vertex 25.4708 15.7172 0
      vertex 25.4708 15.7172 3
    endloop
  endfacet
  facet normal 0.857493 0.514496 0
    outer loop
      vertex 25.4708 15.7172 0
      vertex 25.5011 15.6667 3
      vertex 25.5011 15.6667 0
    endloop
  endfacet
  facet normal 0.904394 0.426697 0
    outer loop
      vertex 25.4708 15.7172 3
      vertex 25.4457 15.7704 0
      vertex 25.4457 15.7704 3
    endloop
  endfacet
  facet normal 0.904394 0.426697 0
    outer loop
      vertex 25.4457 15.7704 0
      vertex 25.4708 15.7172 3
      vertex 25.4708 15.7172 0
    endloop
  endfacet
  facet normal 0.989294 0.145934 0
    outer loop
      vertex 25.4115 15.8829 3
      vertex 25.4029 15.9412 0
      vertex 25.4029 15.9412 3
    endloop
  endfacet
  facet normal 0.989294 0.145934 0
    outer loop
      vertex 25.4029 15.9412 0
      vertex 25.4115 15.8829 3
      vertex 25.4115 15.8829 0
    endloop
  endfacet
  facet normal 0.998786 0.0492599 0
    outer loop
      vertex 25.4029 15.9412 3
      vertex 25.4 16 0
      vertex 25.4 16 3
    endloop
  endfacet
  facet normal 0.998786 0.0492599 0
    outer loop
      vertex 25.4 16 0
      vertex 25.4029 15.9412 3
      vertex 25.4029 15.9412 0
    endloop
  endfacet
  facet normal -0.242935 0.970042 0
    outer loop
      vertex 26.1742 15.4258 0
      vertex 26.1171 15.4115 3
      vertex 26.1742 15.4258 3
    endloop
  endfacet
  facet normal -0.242935 0.970042 0
    outer loop
      vertex 26.1171 15.4115 3
      vertex 26.1742 15.4258 0
      vertex 26.1171 15.4115 0
    endloop
  endfacet
  facet normal -0.426697 0.904394 0
    outer loop
      vertex 26.2828 15.4708 0
      vertex 26.2296 15.4457 3
      vertex 26.2828 15.4708 3
    endloop
  endfacet
  facet normal -0.426697 0.904394 0
    outer loop
      vertex 26.2296 15.4457 3
      vertex 26.2828 15.4708 0
      vertex 26.2296 15.4457 0
    endloop
  endfacet
  facet normal -0.941125 0.338058 0
    outer loop
      vertex 26.5543 15.7704 0
      vertex 26.5742 15.8258 3
      vertex 26.5742 15.8258 0
    endloop
  endfacet
  facet normal -0.941125 0.338058 0
    outer loop
      vertex 26.5742 15.8258 3
      vertex 26.5543 15.7704 0
      vertex 26.5543 15.7704 3
    endloop
  endfacet
  facet normal 0.338058 0.941125 -0
    outer loop
      vertex 25.8258 15.4258 0
      vertex 25.7704 15.4457 3
      vertex 25.8258 15.4258 3
    endloop
  endfacet
  facet normal 0.338058 0.941125 0
    outer loop
      vertex 25.7704 15.4457 3
      vertex 25.8258 15.4258 0
      vertex 25.7704 15.4457 0
    endloop
  endfacet
  facet normal 0.145934 0.989294 -0
    outer loop
      vertex 25.9412 15.4029 0
      vertex 25.8829 15.4115 3
      vertex 25.9412 15.4029 3
    endloop
  endfacet
  facet normal 0.145934 0.989294 0
    outer loop
      vertex 25.8829 15.4115 3
      vertex 25.9412 15.4029 0
      vertex 25.8829 15.4115 0
    endloop
  endfacet
  facet normal 0.803046 0.595918 0
    outer loop
      vertex 25.5362 15.6194 3
      vertex 25.5011 15.6667 0
      vertex 25.5011 15.6667 3
    endloop
  endfacet
  facet normal 0.803046 0.595918 0
    outer loop
      vertex 25.5011 15.6667 0
      vertex 25.5362 15.6194 3
      vertex 25.5362 15.6194 0
    endloop
  endfacet
  facet normal 0.970042 0.242935 0
    outer loop
      vertex 25.4258 15.8258 3
      vertex 25.4115 15.8829 0
      vertex 25.4115 15.8829 3
    endloop
  endfacet
  facet normal 0.970042 0.242935 0
    outer loop
      vertex 25.4115 15.8829 0
      vertex 25.4258 15.8258 3
      vertex 25.4258 15.8258 0
    endloop
  endfacet
  facet normal -0.998786 -0.0492599 0
    outer loop
      vertex 26.6 24 0
      vertex 26.5971 24.0588 3
      vertex 26.5971 24.0588 0
    endloop
  endfacet
  facet normal -0.998786 -0.0492599 0
    outer loop
      vertex 26.5971 24.0588 3
      vertex 26.6 24 0
      vertex 26.6 24 3
    endloop
  endfacet
  facet normal 0.0492599 -0.998786 0
    outer loop
      vertex 25.9412 24.5971 0
      vertex 26 24.6 3
      vertex 25.9412 24.5971 3
    endloop
  endfacet
  facet normal 0.0492599 -0.998786 0
    outer loop
      vertex 26 24.6 3
      vertex 25.9412 24.5971 0
      vertex 26 24.6 0
    endloop
  endfacet
  facet normal -0.0492599 0.998786 0
    outer loop
      vertex 26.0588 23.4029 0
      vertex 26 23.4 3
      vertex 26.0588 23.4029 3
    endloop
  endfacet
  facet normal -0.0492599 0.998786 0
    outer loop
      vertex 26 23.4 3
      vertex 26.0588 23.4029 0
      vertex 26 23.4 0
    endloop
  endfacet
  facet normal -0.670558 -0.741857 0
    outer loop
      vertex 26.3806 24.4638 0
      vertex 26.4243 24.4243 3
      vertex 26.3806 24.4638 3
    endloop
  endfacet
  facet normal -0.670558 -0.741857 -0
    outer loop
      vertex 26.4243 24.4243 3
      vertex 26.3806 24.4638 0
      vertex 26.4243 24.4243 0
    endloop
  endfacet
  facet normal 0.741857 -0.670558 0
    outer loop
      vertex 25.5362 24.3806 3
      vertex 25.5757 24.4243 0
      vertex 25.5757 24.4243 3
    endloop
  endfacet
  facet normal 0.741857 -0.670558 0
    outer loop
      vertex 25.5757 24.4243 0
      vertex 25.5362 24.3806 3
      vertex 25.5362 24.3806 0
    endloop
  endfacet
  facet normal 0.426697 -0.904394 0
    outer loop
      vertex 25.7172 24.5292 0
      vertex 25.7704 24.5543 3
      vertex 25.7172 24.5292 3
    endloop
  endfacet
  facet normal 0.426697 -0.904394 0
    outer loop
      vertex 25.7704 24.5543 3
      vertex 25.7172 24.5292 0
      vertex 25.7704 24.5543 0
    endloop
  endfacet
  facet normal 0.941125 0.338058 0
    outer loop
      vertex 25.4457 23.7704 3
      vertex 25.4258 23.8258 0
      vertex 25.4258 23.8258 3
    endloop
  endfacet
  facet normal 0.941125 0.338058 0
    outer loop
      vertex 25.4258 23.8258 0
      vertex 25.4457 23.7704 3
      vertex 25.4457 23.7704 0
    endloop
  endfacet
  facet normal -0.904394 -0.426697 0
    outer loop
      vertex 26.5543 24.2296 0
      vertex 26.5292 24.2828 3
      vertex 26.5292 24.2828 0
    endloop
  endfacet
  facet normal -0.904394 -0.426697 0
    outer loop
      vertex 26.5292 24.2828 3
      vertex 26.5543 24.2296 0
      vertex 26.5543 24.2296 3
    endloop
  endfacet
  facet normal -0.338058 -0.941125 0
    outer loop
      vertex 26.1742 24.5742 0
      vertex 26.2296 24.5543 3
      vertex 26.1742 24.5742 3
    endloop
  endfacet
  facet normal -0.338058 -0.941125 -0
    outer loop
      vertex 26.2296 24.5543 3
      vertex 26.1742 24.5742 0
      vertex 26.2296 24.5543 0
    endloop
  endfacet
  facet normal 0.904394 -0.426697 0
    outer loop
      vertex 25.4457 24.2296 3
      vertex 25.4708 24.2828 0
      vertex 25.4708 24.2828 3
    endloop
  endfacet
  facet normal 0.904394 -0.426697 0
    outer loop
      vertex 25.4708 24.2828 0
      vertex 25.4457 24.2296 3
      vertex 25.4457 24.2296 0
    endloop
  endfacet
  facet normal 0.857493 -0.514496 0
    outer loop
      vertex 25.4708 24.2828 3
      vertex 25.5011 24.3333 0
      vertex 25.5011 24.3333 3
    endloop
  endfacet
  facet normal 0.857493 -0.514496 0
    outer loop
      vertex 25.5011 24.3333 0
      vertex 25.4708 24.2828 3
      vertex 25.4708 24.2828 0
    endloop
  endfacet
  facet normal 0.242935 -0.970042 0
    outer loop
      vertex 25.8258 24.5742 0
      vertex 25.8829 24.5885 3
      vertex 25.8258 24.5742 3
    endloop
  endfacet
  facet normal 0.242935 -0.970042 0
    outer loop
      vertex 25.8829 24.5885 3
      vertex 25.8258 24.5742 0
      vertex 25.8829 24.5885 0
    endloop
  endfacet
  facet normal -0.904394 0.426697 0
    outer loop
      vertex 26.5292 23.7172 0
      vertex 26.5543 23.7704 3
      vertex 26.5543 23.7704 0
    endloop
  endfacet
  facet normal -0.904394 0.426697 0
    outer loop
      vertex 26.5543 23.7704 3
      vertex 26.5292 23.7172 0
      vertex 26.5292 23.7172 3
    endloop
  endfacet
  facet normal -0.338058 0.941125 0
    outer loop
      vertex 26.2296 23.4457 0
      vertex 26.1742 23.4258 3
      vertex 26.2296 23.4457 3
    endloop
  endfacet
  facet normal -0.338058 0.941125 0
    outer loop
      vertex 26.1742 23.4258 3
      vertex 26.2296 23.4457 0
      vertex 26.1742 23.4258 0
    endloop
  endfacet
  facet normal -0.741857 0.670558 0
    outer loop
      vertex 26.4243 23.5757 0
      vertex 26.4638 23.6194 3
      vertex 26.4638 23.6194 0
    endloop
  endfacet
  facet normal -0.741857 0.670558 0
    outer loop
      vertex 26.4638 23.6194 3
      vertex 26.4243 23.5757 0
      vertex 26.4243 23.5757 3
    endloop
  endfacet
  facet normal 0.242935 0.970042 -0
    outer loop
      vertex 25.8829 23.4115 0
      vertex 25.8258 23.4258 3
      vertex 25.8829 23.4115 3
    endloop
  endfacet
  facet normal 0.242935 0.970042 0
    outer loop
      vertex 25.8258 23.4258 3
      vertex 25.8829 23.4115 0
      vertex 25.8258 23.4258 0
    endloop
  endfacet
  facet normal 0.670558 0.741857 -0
    outer loop
      vertex 25.6194 23.5362 0
      vertex 25.5757 23.5757 3
      vertex 25.6194 23.5362 3
    endloop
  endfacet
  facet normal 0.670558 0.741857 0
    outer loop
      vertex 25.5757 23.5757 3
      vertex 25.6194 23.5362 0
      vertex 25.5757 23.5757 0
    endloop
  endfacet
  facet normal 0.741857 0.670558 0
    outer loop
      vertex 25.5757 23.5757 3
      vertex 25.5362 23.6194 0
      vertex 25.5362 23.6194 3
    endloop
  endfacet
  facet normal 0.741857 0.670558 0
    outer loop
      vertex 25.5362 23.6194 0
      vertex 25.5757 23.5757 3
      vertex 25.5757 23.5757 0
    endloop
  endfacet
  facet normal -0.970042 -0.242935 0
    outer loop
      vertex 26.5885 24.1171 0
      vertex 26.5742 24.1742 3
      vertex 26.5742 24.1742 0
    endloop
  endfacet
  facet normal -0.970042 -0.242935 0
    outer loop
      vertex 26.5742 24.1742 3
      vertex 26.5885 24.1171 0
      vertex 26.5885 24.1171 3
    endloop
  endfacet
  facet normal -0.989294 -0.145934 0
    outer loop
      vertex 26.5971 24.0588 0
      vertex 26.5885 24.1171 3
      vertex 26.5885 24.1171 0
    endloop
  endfacet
  facet normal -0.989294 -0.145934 0
    outer loop
      vertex 26.5885 24.1171 3
      vertex 26.5971 24.0588 0
      vertex 26.5971 24.0588 3
    endloop
  endfacet
  facet normal -0.941125 -0.338058 0
    outer loop
      vertex 26.5742 24.1742 0
      vertex 26.5543 24.2296 3
      vertex 26.5543 24.2296 0
    endloop
  endfacet
  facet normal -0.941125 -0.338058 0
    outer loop
      vertex 26.5543 24.2296 3
      vertex 26.5742 24.1742 0
      vertex 26.5742 24.1742 3
    endloop
  endfacet
  facet normal -0.803046 -0.595918 0
    outer loop
      vertex 26.4989 24.3333 0
      vertex 26.4638 24.3806 3
      vertex 26.4638 24.3806 0
    endloop
  endfacet
  facet normal -0.803046 -0.595918 0
    outer loop
      vertex 26.4638 24.3806 3
      vertex 26.4989 24.3333 0
      vertex 26.4989 24.3333 3
    endloop
  endfacet
  facet normal -0.741857 -0.670558 0
    outer loop
      vertex 26.4638 24.3806 0
      vertex 26.4243 24.4243 3
      vertex 26.4243 24.4243 0
    endloop
  endfacet
  facet normal -0.741857 -0.670558 0
    outer loop
      vertex 26.4243 24.4243 3
      vertex 26.4638 24.3806 0
      vertex 26.4638 24.3806 3
    endloop
  endfacet
  facet normal -0.857493 -0.514496 0
    outer loop
      vertex 26.5292 24.2828 0
      vertex 26.4989 24.3333 3
      vertex 26.4989 24.3333 0
    endloop
  endfacet
  facet normal -0.857493 -0.514496 0
    outer loop
      vertex 26.4989 24.3333 3
      vertex 26.5292 24.2828 0
      vertex 26.5292 24.2828 3
    endloop
  endfacet
  facet normal -0.145934 -0.989294 0
    outer loop
      vertex 26.0588 24.5971 0
      vertex 26.1171 24.5885 3
      vertex 26.0588 24.5971 3
    endloop
  endfacet
  facet normal -0.145934 -0.989294 -0
    outer loop
      vertex 26.1171 24.5885 3
      vertex 26.0588 24.5971 0
      vertex 26.1171 24.5885 0
    endloop
  endfacet
  facet normal -0.242935 -0.970042 0
    outer loop
      vertex 26.1171 24.5885 0
      vertex 26.1742 24.5742 3
      vertex 26.1171 24.5885 3
    endloop
  endfacet
  facet normal -0.242935 -0.970042 -0
    outer loop
      vertex 26.1742 24.5742 3
      vertex 26.1171 24.5885 0
      vertex 26.1742 24.5742 0
    endloop
  endfacet
  facet normal -0.0492599 -0.998786 0
    outer loop
      vertex 26 24.6 0
      vertex 26.0588 24.5971 3
      vertex 26 24.6 3
    endloop
  endfacet
  facet normal -0.0492599 -0.998786 -0
    outer loop
      vertex 26.0588 24.5971 3
      vertex 26 24.6 0
      vertex 26.0588 24.5971 0
    endloop
  endfacet
  facet normal -0.514496 -0.857493 0
    outer loop
      vertex 26.2828 24.5292 0
      vertex 26.3333 24.4989 3
      vertex 26.2828 24.5292 3
    endloop
  endfacet
  facet normal -0.514496 -0.857493 -0
    outer loop
      vertex 26.3333 24.4989 3
      vertex 26.2828 24.5292 0
      vertex 26.3333 24.4989 0
    endloop
  endfacet
  facet normal -0.426697 -0.904394 0
    outer loop
      vertex 26.2296 24.5543 0
      vertex 26.2828 24.5292 3
      vertex 26.2296 24.5543 3
    endloop
  endfacet
  facet normal -0.426697 -0.904394 -0
    outer loop
      vertex 26.2828 24.5292 3
      vertex 26.2296 24.5543 0
      vertex 26.2828 24.5292 0
    endloop
  endfacet
  facet normal -0.595918 -0.803046 0
    outer loop
      vertex 26.3333 24.4989 0
      vertex 26.3806 24.4638 3
      vertex 26.3333 24.4989 3
    endloop
  endfacet
  facet normal -0.595918 -0.803046 -0
    outer loop
      vertex 26.3806 24.4638 3
      vertex 26.3333 24.4989 0
      vertex 26.3806 24.4638 0
    endloop
  endfacet
  facet normal 0.989294 -0.145934 0
    outer loop
      vertex 25.4029 24.0588 3
      vertex 25.4115 24.1171 0
      vertex 25.4115 24.1171 3
    endloop
  endfacet
  facet normal 0.989294 -0.145934 0
    outer loop
      vertex 25.4115 24.1171 0
      vertex 25.4029 24.0588 3
      vertex 25.4029 24.0588 0
    endloop
  endfacet
  facet normal 0.803046 -0.595918 0
    outer loop
      vertex 25.5011 24.3333 3
      vertex 25.5362 24.3806 0
      vertex 25.5362 24.3806 3
    endloop
  endfacet
  facet normal 0.803046 -0.595918 0
    outer loop
      vertex 25.5362 24.3806 0
      vertex 25.5011 24.3333 3
      vertex 25.5011 24.3333 0
    endloop
  endfacet
  facet normal 0.941125 -0.338058 0
    outer loop
      vertex 25.4258 24.1742 3
      vertex 25.4457 24.2296 0
      vertex 25.4457 24.2296 3
    endloop
  endfacet
  facet normal 0.941125 -0.338058 0
    outer loop
      vertex 25.4457 24.2296 0
      vertex 25.4258 24.1742 3
      vertex 25.4258 24.1742 0
    endloop
  endfacet
  facet normal 0.970042 -0.242935 0
    outer loop
      vertex 25.4115 24.1171 3
      vertex 25.4258 24.1742 0
      vertex 25.4258 24.1742 3
    endloop
  endfacet
  facet normal 0.970042 -0.242935 0
    outer loop
      vertex 25.4258 24.1742 0
      vertex 25.4115 24.1171 3
      vertex 25.4115 24.1171 0
    endloop
  endfacet
  facet normal 0.998786 -0.0492599 0
    outer loop
      vertex 25.4 24 3
      vertex 25.4029 24.0588 0
      vertex 25.4029 24.0588 3
    endloop
  endfacet
  facet normal 0.998786 -0.0492599 0
    outer loop
      vertex 25.4029 24.0588 0
      vertex 25.4 24 3
      vertex 25.4 24 0
    endloop
  endfacet
  facet normal 0.595918 -0.803046 0
    outer loop
      vertex 25.6194 24.4638 0
      vertex 25.6667 24.4989 3
      vertex 25.6194 24.4638 3
    endloop
  endfacet
  facet normal 0.595918 -0.803046 0
    outer loop
      vertex 25.6667 24.4989 3
      vertex 25.6194 24.4638 0
      vertex 25.6667 24.4989 0
    endloop
  endfacet
  facet normal 0.670558 -0.741857 0
    outer loop
      vertex 25.5757 24.4243 0
      vertex 25.6194 24.4638 3
      vertex 25.5757 24.4243 3
    endloop
  endfacet
  facet normal 0.670558 -0.741857 0
    outer loop
      vertex 25.6194 24.4638 3
      vertex 25.5757 24.4243 0
      vertex 25.6194 24.4638 0
    endloop
  endfacet
  facet normal 0.145934 -0.989294 0
    outer loop
      vertex 25.8829 24.5885 0
      vertex 25.9412 24.5971 3
      vertex 25.8829 24.5885 3
    endloop
  endfacet
  facet normal 0.145934 -0.989294 0
    outer loop
      vertex 25.9412 24.5971 3
      vertex 25.8829 24.5885 0
      vertex 25.9412 24.5971 0
    endloop
  endfacet
  facet normal -0.998786 0.0492599 0
    outer loop
      vertex 26.5971 23.9412 0
      vertex 26.6 24 3
      vertex 26.6 24 0
    endloop
  endfacet
  facet normal -0.998786 0.0492599 0
    outer loop
      vertex 26.6 24 3
      vertex 26.5971 23.9412 0
      vertex 26.5971 23.9412 3
    endloop
  endfacet
  facet normal -0.145934 0.989294 0
    outer loop
      vertex 26.1171 23.4115 0
      vertex 26.0588 23.4029 3
      vertex 26.1171 23.4115 3
    endloop
  endfacet
  facet normal -0.145934 0.989294 0
    outer loop
      vertex 26.0588 23.4029 3
      vertex 26.1171 23.4115 0
      vertex 26.0588 23.4029 0
    endloop
  endfacet
  facet normal -0.514496 0.857493 0
    outer loop
      vertex 26.3333 23.5011 0
      vertex 26.2828 23.4708 3
      vertex 26.3333 23.5011 3
    endloop
  endfacet
  facet normal -0.514496 0.857493 0
    outer loop
      vertex 26.2828 23.4708 3
      vertex 26.3333 23.5011 0
      vertex 26.2828 23.4708 0
    endloop
  endfacet
  facet normal -0.670558 0.741857 0
    outer loop
      vertex 26.4243 23.5757 0
      vertex 26.3806 23.5362 3
      vertex 26.4243 23.5757 3
    endloop
  endfacet
  facet normal -0.670558 0.741857 0
    outer loop
      vertex 26.3806 23.5362 3
      vertex 26.4243 23.5757 0
      vertex 26.3806 23.5362 0
    endloop
  endfacet
  facet normal -0.595918 0.803046 0
    outer loop
      vertex 26.3806 23.5362 0
      vertex 26.3333 23.5011 3
      vertex 26.3806 23.5362 3
    endloop
  endfacet
  facet normal -0.595918 0.803046 0
    outer loop
      vertex 26.3333 23.5011 3
      vertex 26.3806 23.5362 0
      vertex 26.3333 23.5011 0
    endloop
  endfacet
  facet normal -0.803046 0.595918 0
    outer loop
      vertex 26.4638 23.6194 0
      vertex 26.4989 23.6667 3
      vertex 26.4989 23.6667 0
    endloop
  endfacet
  facet normal -0.803046 0.595918 0
    outer loop
      vertex 26.4989 23.6667 3
      vertex 26.4638 23.6194 0
      vertex 26.4638 23.6194 3
    endloop
  endfacet
  facet normal -0.857493 0.514496 0
    outer loop
      vertex 26.4989 23.6667 0
      vertex 26.5292 23.7172 3
      vertex 26.5292 23.7172 0
    endloop
  endfacet
  facet normal -0.857493 0.514496 0
    outer loop
      vertex 26.5292 23.7172 3
      vertex 26.4989 23.6667 0
      vertex 26.4989 23.6667 3
    endloop
  endfacet
  facet normal -0.989294 0.145934 0
    outer loop
      vertex 26.5885 23.8829 0
      vertex 26.5971 23.9412 3
      vertex 26.5971 23.9412 0
    endloop
  endfacet
  facet normal -0.989294 0.145934 0
    outer loop
      vertex 26.5971 23.9412 3
      vertex 26.5885 23.8829 0
      vertex 26.5885 23.8829 3
    endloop
  endfacet
  facet normal -0.970042 0.242935 0
    outer loop
      vertex 26.5742 23.8258 0
      vertex 26.5885 23.8829 3
      vertex 26.5885 23.8829 0
    endloop
  endfacet
  facet normal -0.970042 0.242935 0
    outer loop
      vertex 26.5885 23.8829 3
      vertex 26.5742 23.8258 0
      vertex 26.5742 23.8258 3
    endloop
  endfacet
  facet normal 0.595918 0.803046 -0
    outer loop
      vertex 25.6667 23.5011 0
      vertex 25.6194 23.5362 3
      vertex 25.6667 23.5011 3
    endloop
  endfacet
  facet normal 0.595918 0.803046 0
    outer loop
      vertex 25.6194 23.5362 3
      vertex 25.6667 23.5011 0
      vertex 25.6194 23.5362 0
    endloop
  endfacet
  facet normal 0.514496 0.857493 -0
    outer loop
      vertex 25.7172 23.4708 0
      vertex 25.6667 23.5011 3
      vertex 25.7172 23.4708 3
    endloop
  endfacet
  facet normal 0.514496 0.857493 0
    outer loop
      vertex 25.6667 23.5011 3
      vertex 25.7172 23.4708 0
      vertex 25.6667 23.5011 0
    endloop
  endfacet
  facet normal 0.426697 0.904394 -0
    outer loop
      vertex 25.7704 23.4457 0
      vertex 25.7172 23.4708 3
      vertex 25.7704 23.4457 3
    endloop
  endfacet
  facet normal 0.426697 0.904394 0
    outer loop
      vertex 25.7172 23.4708 3
      vertex 25.7704 23.4457 0
      vertex 25.7172 23.4708 0
    endloop
  endfacet
  facet normal 0.0492599 0.998786 -0
    outer loop
      vertex 26 23.4 0
      vertex 25.9412 23.4029 3
      vertex 26 23.4 3
    endloop
  endfacet
  facet normal 0.0492599 0.998786 0
    outer loop
      vertex 25.9412 23.4029 3
      vertex 26 23.4 0
      vertex 25.9412 23.4029 0
    endloop
  endfacet
  facet normal 0.857493 0.514496 0
    outer loop
      vertex 25.5011 23.6667 3
      vertex 25.4708 23.7172 0
      vertex 25.4708 23.7172 3
    endloop
  endfacet
  facet normal 0.857493 0.514496 0
    outer loop
      vertex 25.4708 23.7172 0
      vertex 25.5011 23.6667 3
      vertex 25.5011 23.6667 0
    endloop
  endfacet
  facet normal 0.904394 0.426697 0
    outer loop
      vertex 25.4708 23.7172 3
      vertex 25.4457 23.7704 0
      vertex 25.4457 23.7704 3
    endloop
  endfacet
  facet normal 0.904394 0.426697 0
    outer loop
      vertex 25.4457 23.7704 0
      vertex 25.4708 23.7172 3
      vertex 25.4708 23.7172 0
    endloop
  endfacet
  facet normal 0.989294 0.145934 0
    outer loop
      vertex 25.4115 23.8829 3
      vertex 25.4029 23.9412 0
      vertex 25.4029 23.9412 3
    endloop
  endfacet
  facet normal 0.989294 0.145934 0
    outer loop
      vertex 25.4029 23.9412 0
      vertex 25.4115 23.8829 3
      vertex 25.4115 23.8829 0
    endloop
  endfacet
  facet normal 0.998786 0.0492599 0
    outer loop
      vertex 25.4029 23.9412 3
      vertex 25.4 24 0
      vertex 25.4 24 3
    endloop
  endfacet
  facet normal 0.998786 0.0492599 0
    outer loop
      vertex 25.4 24 0
      vertex 25.4029 23.9412 3
      vertex 25.4029 23.9412 0
    endloop
  endfacet
  facet normal 0.514496 -0.857493 0
    outer loop
      vertex 25.6667 24.4989 0
      vertex 25.7172 24.5292 3
      vertex 25.6667 24.4989 3
    endloop
  endfacet
  facet normal 0.514496 -0.857493 0
    outer loop
      vertex 25.7172 24.5292 3
      vertex 25.6667 24.4989 0
      vertex 25.7172 24.5292 0
    endloop
  endfacet
  facet normal 0.338058 -0.941125 0
    outer loop
      vertex 25.7704 24.5543 0
      vertex 25.8258 24.5742 3
      vertex 25.7704 24.5543 3
    endloop
  endfacet
  facet normal 0.338058 -0.941125 0
    outer loop
      vertex 25.8258 24.5742 3
      vertex 25.7704 24.5543 0
      vertex 25.8258 24.5742 0
    endloop
  endfacet
  facet normal -0.242935 0.970042 0
    outer loop
      vertex 26.1742 23.4258 0
      vertex 26.1171 23.4115 3
      vertex 26.1742 23.4258 3
    endloop
  endfacet
  facet normal -0.242935 0.970042 0
    outer loop
      vertex 26.1171 23.4115 3
      vertex 26.1742 23.4258 0
      vertex 26.1171 23.4115 0
    endloop
  endfacet
  facet normal -0.426697 0.904394 0
    outer loop
      vertex 26.2828 23.4708 0
      vertex 26.2296 23.4457 3
      vertex 26.2828 23.4708 3
    endloop
  endfacet
  facet normal -0.426697 0.904394 0
    outer loop
      vertex 26.2296 23.4457 3
      vertex 26.2828 23.4708 0
      vertex 26.2296 23.4457 0
    endloop
  endfacet
  facet normal -0.941125 0.338058 0
    outer loop
      vertex 26.5543 23.7704 0
      vertex 26.5742 23.8258 3
      vertex 26.5742 23.8258 0
    endloop
  endfacet
  facet normal -0.941125 0.338058 0
    outer loop
      vertex 26.5742 23.8258 3
      vertex 26.5543 23.7704 0
      vertex 26.5543 23.7704 3
    endloop
  endfacet
  facet normal 0.338058 0.941125 -0
    outer loop
      vertex 25.8258 23.4258 0
      vertex 25.7704 23.4457 3
      vertex 25.8258 23.4258 3
    endloop
  endfacet
  facet normal 0.338058 0.941125 0
    outer loop
      vertex 25.7704 23.4457 3
      vertex 25.8258 23.4258 0
      vertex 25.7704 23.4457 0
    endloop
  endfacet
  facet normal 0.145934 0.989294 -0
    outer loop
      vertex 25.9412 23.4029 0
      vertex 25.8829 23.4115 3
      vertex 25.9412 23.4029 3
    endloop
  endfacet
  facet normal 0.145934 0.989294 0
    outer loop
      vertex 25.8829 23.4115 3
      vertex 25.9412 23.4029 0
      vertex 25.8829 23.4115 0
    endloop
  endfacet
  facet normal 0.803046 0.595918 0
    outer loop
      vertex 25.5362 23.6194 3
      vertex 25.5011 23.6667 0
      vertex 25.5011 23.6667 3
    endloop
  endfacet
  facet normal 0.803046 0.595918 0
    outer loop
      vertex 25.5011 23.6667 0
      vertex 25.5362 23.6194 3
      vertex 25.5362 23.6194 0
    endloop
  endfacet
  facet normal 0.970042 0.242935 0
    outer loop
      vertex 25.4258 23.8258 3
      vertex 25.4115 23.8829 0
      vertex 25.4115 23.8829 3
    endloop
  endfacet
  facet normal 0.970042 0.242935 0
    outer loop
      vertex 25.4115 23.8829 0
      vertex 25.4258 23.8258 3
      vertex 25.4258 23.8258 0
    endloop
  endfacet
  facet normal -0.998786 -0.0492599 0
    outer loop
      vertex 54.6 16 0
      vertex 54.5971 16.0588 3
      vertex 54.5971 16.0588 0
    endloop
  endfacet
  facet normal -0.998786 -0.0492599 0
    outer loop
      vertex 54.5971 16.0588 3
      vertex 54.6 16 0
      vertex 54.6 16 3
    endloop
  endfacet
  facet normal 0.0492599 -0.998786 0
    outer loop
      vertex 53.9412 16.5971 0
      vertex 54 16.6 3
      vertex 53.9412 16.5971 3
    endloop
  endfacet
  facet normal 0.0492599 -0.998786 0
    outer loop
      vertex 54 16.6 3
      vertex 53.9412 16.5971 0
      vertex 54 16.6 0
    endloop
  endfacet
  facet normal -0.0492599 0.998786 0
    outer loop
      vertex 54.0588 15.4029 0
      vertex 54 15.4 3
      vertex 54.0588 15.4029 3
    endloop
  endfacet
  facet normal -0.0492599 0.998786 0
    outer loop
      vertex 54 15.4 3
      vertex 54.0588 15.4029 0
      vertex 54 15.4 0
    endloop
  endfacet
  facet normal -0.670558 -0.741857 0
    outer loop
      vertex 54.3806 16.4638 0
      vertex 54.4243 16.4243 3
      vertex 54.3806 16.4638 3
    endloop
  endfacet
  facet normal -0.670558 -0.741857 -0
    outer loop
      vertex 54.4243 16.4243 3
      vertex 54.3806 16.4638 0
      vertex 54.4243 16.4243 0
    endloop
  endfacet
  facet normal 0.741857 -0.670558 0
    outer loop
      vertex 53.5362 16.3806 3
      vertex 53.5757 16.4243 0
      vertex 53.5757 16.4243 3
    endloop
  endfacet
  facet normal 0.741857 -0.670558 0
    outer loop
      vertex 53.5757 16.4243 0
      vertex 53.5362 16.3806 3
      vertex 53.5362 16.3806 0
    endloop
  endfacet
  facet normal 0.426697 -0.904394 0
    outer loop
      vertex 53.7172 16.5292 0
      vertex 53.7704 16.5543 3
      vertex 53.7172 16.5292 3
    endloop
  endfacet
  facet normal 0.426697 -0.904394 0
    outer loop
      vertex 53.7704 16.5543 3
      vertex 53.7172 16.5292 0
      vertex 53.7704 16.5543 0
    endloop
  endfacet
  facet normal -0.904394 -0.426697 0
    outer loop
      vertex 54.5543 16.2296 0
      vertex 54.5292 16.2828 3
      vertex 54.5292 16.2828 0
    endloop
  endfacet
  facet normal -0.904394 -0.426697 0
    outer loop
      vertex 54.5292 16.2828 3
      vertex 54.5543 16.2296 0
      vertex 54.5543 16.2296 3
    endloop
  endfacet
  facet normal -0.338058 -0.941125 0
    outer loop
      vertex 54.1742 16.5742 0
      vertex 54.2296 16.5543 3
      vertex 54.1742 16.5742 3
    endloop
  endfacet
  facet normal -0.338058 -0.941125 -0
    outer loop
      vertex 54.2296 16.5543 3
      vertex 54.1742 16.5742 0
      vertex 54.2296 16.5543 0
    endloop
  endfacet
  facet normal -0.514496 -0.857493 0
    outer loop
      vertex 54.2828 16.5292 0
      vertex 54.3333 16.4989 3
      vertex 54.2828 16.5292 3
    endloop
  endfacet
  facet normal -0.514496 -0.857493 -0
    outer loop
      vertex 54.3333 16.4989 3
      vertex 54.2828 16.5292 0
      vertex 54.3333 16.4989 0
    endloop
  endfacet
  facet normal 0.941125 -0.338058 0
    outer loop
      vertex 53.4258 16.1742 3
      vertex 53.4457 16.2296 0
      vertex 53.4457 16.2296 3
    endloop
  endfacet
  facet normal 0.941125 -0.338058 0
    outer loop
      vertex 53.4457 16.2296 0
      vertex 53.4258 16.1742 3
      vertex 53.4258 16.1742 0
    endloop
  endfacet
  facet normal 0.242935 -0.970042 0
    outer loop
      vertex 53.8258 16.5742 0
      vertex 53.8829 16.5885 3
      vertex 53.8258 16.5742 3
    endloop
  endfacet
  facet normal 0.242935 -0.970042 0
    outer loop
      vertex 53.8829 16.5885 3
      vertex 53.8258 16.5742 0
      vertex 53.8829 16.5885 0
    endloop
  endfacet
  facet normal 0.670558 0.741857 -0
    outer loop
      vertex 53.6194 15.5362 0
      vertex 53.5757 15.5757 3
      vertex 53.6194 15.5362 3
    endloop
  endfacet
  facet normal 0.670558 0.741857 0
    outer loop
      vertex 53.5757 15.5757 3
      vertex 53.6194 15.5362 0
      vertex 53.5757 15.5757 0
    endloop
  endfacet
  facet normal -0.970042 -0.242935 0
    outer loop
      vertex 54.5885 16.1171 0
      vertex 54.5742 16.1742 3
      vertex 54.5742 16.1742 0
    endloop
  endfacet
  facet normal -0.970042 -0.242935 0
    outer loop
      vertex 54.5742 16.1742 3
      vertex 54.5885 16.1171 0
      vertex 54.5885 16.1171 3
    endloop
  endfacet
  facet normal -0.989294 -0.145934 0
    outer loop
      vertex 54.5971 16.0588 0
      vertex 54.5885 16.1171 3
      vertex 54.5885 16.1171 0
    endloop
  endfacet
  facet normal -0.989294 -0.145934 0
    outer loop
      vertex 54.5885 16.1171 3
      vertex 54.5971 16.0588 0
      vertex 54.5971 16.0588 3
    endloop
  endfacet
  facet normal -0.941125 -0.338058 0
    outer loop
      vertex 54.5742 16.1742 0
      vertex 54.5543 16.2296 3
      vertex 54.5543 16.2296 0
    endloop
  endfacet
  facet normal -0.941125 -0.338058 0
    outer loop
      vertex 54.5543 16.2296 3
      vertex 54.5742 16.1742 0
      vertex 54.5742 16.1742 3
    endloop
  endfacet
  facet normal -0.803046 -0.595918 0
    outer loop
      vertex 54.4989 16.3333 0
      vertex 54.4638 16.3806 3
      vertex 54.4638 16.3806 0
    endloop
  endfacet
  facet normal -0.803046 -0.595918 0
    outer loop
      vertex 54.4638 16.3806 3
      vertex 54.4989 16.3333 0
      vertex 54.4989 16.3333 3
    endloop
  endfacet
  facet normal -0.741857 -0.670558 0
    outer loop
      vertex 54.4638 16.3806 0
      vertex 54.4243 16.4243 3
      vertex 54.4243 16.4243 0
    endloop
  endfacet
  facet normal -0.741857 -0.670558 0
    outer loop
      vertex 54.4243 16.4243 3
      vertex 54.4638 16.3806 0
      vertex 54.4638 16.3806 3
    endloop
  endfacet
  facet normal -0.857493 -0.514496 0
    outer loop
      vertex 54.5292 16.2828 0
      vertex 54.4989 16.3333 3
      vertex 54.4989 16.3333 0
    endloop
  endfacet
  facet normal -0.857493 -0.514496 0
    outer loop
      vertex 54.4989 16.3333 3
      vertex 54.5292 16.2828 0
      vertex 54.5292 16.2828 3
    endloop
  endfacet
  facet normal -0.145934 -0.989294 0
    outer loop
      vertex 54.0588 16.5971 0
      vertex 54.1171 16.5885 3
      vertex 54.0588 16.5971 3
    endloop
  endfacet
  facet normal -0.145934 -0.989294 -0
    outer loop
      vertex 54.1171 16.5885 3
      vertex 54.0588 16.5971 0
      vertex 54.1171 16.5885 0
    endloop
  endfacet
  facet normal -0.242935 -0.970042 0
    outer loop
      vertex 54.1171 16.5885 0
      vertex 54.1742 16.5742 3
      vertex 54.1171 16.5885 3
    endloop
  endfacet
  facet normal -0.242935 -0.970042 -0
    outer loop
      vertex 54.1742 16.5742 3
      vertex 54.1171 16.5885 0
      vertex 54.1742 16.5742 0
    endloop
  endfacet
  facet normal -0.0492599 -0.998786 0
    outer loop
      vertex 54 16.6 0
      vertex 54.0588 16.5971 3
      vertex 54 16.6 3
    endloop
  endfacet
  facet normal -0.0492599 -0.998786 -0
    outer loop
      vertex 54.0588 16.5971 3
      vertex 54 16.6 0
      vertex 54.0588 16.5971 0
    endloop
  endfacet
  facet normal -0.426697 -0.904394 0
    outer loop
      vertex 54.2296 16.5543 0
      vertex 54.2828 16.5292 3
      vertex 54.2296 16.5543 3
    endloop
  endfacet
  facet normal -0.426697 -0.904394 -0
    outer loop
      vertex 54.2828 16.5292 3
      vertex 54.2296 16.5543 0
      vertex 54.2828 16.5292 0
    endloop
  endfacet
  facet normal -0.595918 -0.803046 0
    outer loop
      vertex 54.3333 16.4989 0
      vertex 54.3806 16.4638 3
      vertex 54.3333 16.4989 3
    endloop
  endfacet
  facet normal -0.595918 -0.803046 -0
    outer loop
      vertex 54.3806 16.4638 3
      vertex 54.3333 16.4989 0
      vertex 54.3806 16.4638 0
    endloop
  endfacet
  facet normal 0.989294 -0.145934 0
    outer loop
      vertex 53.4029 16.0588 3
      vertex 53.4115 16.1171 0
      vertex 53.4115 16.1171 3
    endloop
  endfacet
  facet normal 0.989294 -0.145934 0
    outer loop
      vertex 53.4115 16.1171 0
      vertex 53.4029 16.0588 3
      vertex 53.4029 16.0588 0
    endloop
  endfacet
  facet normal 0.857493 -0.514496 0
    outer loop
      vertex 53.4708 16.2828 3
      vertex 53.5011 16.3333 0
      vertex 53.5011 16.3333 3
    endloop
  endfacet
  facet normal 0.857493 -0.514496 0
    outer loop
      vertex 53.5011 16.3333 0
      vertex 53.4708 16.2828 3
      vertex 53.4708 16.2828 0
    endloop
  endfacet
  facet normal 0.803046 -0.595918 0
    outer loop
      vertex 53.5011 16.3333 3
      vertex 53.5362 16.3806 0
      vertex 53.5362 16.3806 3
    endloop
  endfacet
  facet normal 0.803046 -0.595918 0
    outer loop
      vertex 53.5362 16.3806 0
      vertex 53.5011 16.3333 3
      vertex 53.5011 16.3333 0
    endloop
  endfacet
  facet normal 0.904394 -0.426697 0
    outer loop
      vertex 53.4457 16.2296 3
      vertex 53.4708 16.2828 0
      vertex 53.4708 16.2828 3
    endloop
  endfacet
  facet normal 0.904394 -0.426697 0
    outer loop
      vertex 53.4708 16.2828 0
      vertex 53.4457 16.2296 3
      vertex 53.4457 16.2296 0
    endloop
  endfacet
  facet normal 0.970042 -0.242935 0
    outer loop
      vertex 53.4115 16.1171 3
      vertex 53.4258 16.1742 0
      vertex 53.4258 16.1742 3
    endloop
  endfacet
  facet normal 0.970042 -0.242935 0
    outer loop
      vertex 53.4258 16.1742 0
      vertex 53.4115 16.1171 3
      vertex 53.4115 16.1171 0
    endloop
  endfacet
  facet normal 0.998786 -0.0492599 0
    outer loop
      vertex 53.4 16 3
      vertex 53.4029 16.0588 0
      vertex 53.4029 16.0588 3
    endloop
  endfacet
  facet normal 0.998786 -0.0492599 0
    outer loop
      vertex 53.4029 16.0588 0
      vertex 53.4 16 3
      vertex 53.4 16 0
    endloop
  endfacet
  facet normal 0.595918 -0.803046 0
    outer loop
      vertex 53.6194 16.4638 0
      vertex 53.6667 16.4989 3
      vertex 53.6194 16.4638 3
    endloop
  endfacet
  facet normal 0.595918 -0.803046 0
    outer loop
      vertex 53.6667 16.4989 3
      vertex 53.6194 16.4638 0
      vertex 53.6667 16.4989 0
    endloop
  endfacet
  facet normal 0.514496 -0.857493 0
    outer loop
      vertex 53.6667 16.4989 0
      vertex 53.7172 16.5292 3
      vertex 53.6667 16.4989 3
    endloop
  endfacet
  facet normal 0.514496 -0.857493 0
    outer loop
      vertex 53.7172 16.5292 3
      vertex 53.6667 16.4989 0
      vertex 53.7172 16.5292 0
    endloop
  endfacet
  facet normal 0.670558 -0.741857 0
    outer loop
      vertex 53.5757 16.4243 0
      vertex 53.6194 16.4638 3
      vertex 53.5757 16.4243 3
    endloop
  endfacet
  facet normal 0.670558 -0.741857 0
    outer loop
      vertex 53.6194 16.4638 3
      vertex 53.5757 16.4243 0
      vertex 53.6194 16.4638 0
    endloop
  endfacet
  facet normal 0.338058 -0.941125 0
    outer loop
      vertex 53.7704 16.5543 0
      vertex 53.8258 16.5742 3
      vertex 53.7704 16.5543 3
    endloop
  endfacet
  facet normal 0.338058 -0.941125 0
    outer loop
      vertex 53.8258 16.5742 3
      vertex 53.7704 16.5543 0
      vertex 53.8258 16.5742 0
    endloop
  endfacet
  facet normal 0.145934 -0.989294 0
    outer loop
      vertex 53.8829 16.5885 0
      vertex 53.9412 16.5971 3
      vertex 53.8829 16.5885 3
    endloop
  endfacet
  facet normal 0.145934 -0.989294 0
    outer loop
      vertex 53.9412 16.5971 3
      vertex 53.8829 16.5885 0
      vertex 53.9412 16.5971 0
    endloop
  endfacet
  facet normal -0.145934 0.989294 0
    outer loop
      vertex 54.1171 15.4115 0
      vertex 54.0588 15.4029 3
      vertex 54.1171 15.4115 3
    endloop
  endfacet
  facet normal -0.145934 0.989294 0
    outer loop
      vertex 54.0588 15.4029 3
      vertex 54.1171 15.4115 0
      vertex 54.0588 15.4029 0
    endloop
  endfacet
  facet normal -0.338058 0.941125 0
    outer loop
      vertex 54.2296 15.4457 0
      vertex 54.1742 15.4258 3
      vertex 54.2296 15.4457 3
    endloop
  endfacet
  facet normal -0.338058 0.941125 0
    outer loop
      vertex 54.1742 15.4258 3
      vertex 54.2296 15.4457 0
      vertex 54.1742 15.4258 0
    endloop
  endfacet
  facet normal -0.670558 0.741857 0
    outer loop
      vertex 54.4243 15.5757 0
      vertex 54.3806 15.5362 3
      vertex 54.4243 15.5757 3
    endloop
  endfacet
  facet normal -0.670558 0.741857 0
    outer loop
      vertex 54.3806 15.5362 3
      vertex 54.4243 15.5757 0
      vertex 54.3806 15.5362 0
    endloop
  endfacet
  facet normal -0.514496 0.857493 0
    outer loop
      vertex 54.3333 15.5011 0
      vertex 54.2828 15.4708 3
      vertex 54.3333 15.5011 3
    endloop
  endfacet
  facet normal -0.514496 0.857493 0
    outer loop
      vertex 54.2828 15.4708 3
      vertex 54.3333 15.5011 0
      vertex 54.2828 15.4708 0
    endloop
  endfacet
  facet normal -0.803046 0.595918 0
    outer loop
      vertex 54.4638 15.6194 0
      vertex 54.4989 15.6667 3
      vertex 54.4989 15.6667 0
    endloop
  endfacet
  facet normal -0.803046 0.595918 0
    outer loop
      vertex 54.4989 15.6667 3
      vertex 54.4638 15.6194 0
      vertex 54.4638 15.6194 3
    endloop
  endfacet
  facet normal -0.904394 0.426697 0
    outer loop
      vertex 54.5292 15.7172 0
      vertex 54.5543 15.7704 3
      vertex 54.5543 15.7704 0
    endloop
  endfacet
  facet normal -0.904394 0.426697 0
    outer loop
      vertex 54.5543 15.7704 3
      vertex 54.5292 15.7172 0
      vertex 54.5292 15.7172 3
    endloop
  endfacet
  facet normal -0.970042 0.242935 0
    outer loop
      vertex 54.5742 15.8258 0
      vertex 54.5885 15.8829 3
      vertex 54.5885 15.8829 0
    endloop
  endfacet
  facet normal -0.970042 0.242935 0
    outer loop
      vertex 54.5885 15.8829 3
      vertex 54.5742 15.8258 0
      vertex 54.5742 15.8258 3
    endloop
  endfacet
  facet normal -0.998786 0.0492599 0
    outer loop
      vertex 54.5971 15.9412 0
      vertex 54.6 16 3
      vertex 54.6 16 0
    endloop
  endfacet
  facet normal -0.998786 0.0492599 0
    outer loop
      vertex 54.6 16 3
      vertex 54.5971 15.9412 0
      vertex 54.5971 15.9412 3
    endloop
  endfacet
  facet normal 0.595918 0.803046 -0
    outer loop
      vertex 53.6667 15.5011 0
      vertex 53.6194 15.5362 3
      vertex 53.6667 15.5011 3
    endloop
  endfacet
  facet normal 0.595918 0.803046 0
    outer loop
      vertex 53.6194 15.5362 3
      vertex 53.6667 15.5011 0
      vertex 53.6194 15.5362 0
    endloop
  endfacet
  facet normal 0.426697 0.904394 -0
    outer loop
      vertex 53.7704 15.4457 0
      vertex 53.7172 15.4708 3
      vertex 53.7704 15.4457 3
    endloop
  endfacet
  facet normal 0.426697 0.904394 0
    outer loop
      vertex 53.7172 15.4708 3
      vertex 53.7704 15.4457 0
      vertex 53.7172 15.4708 0
    endloop
  endfacet
  facet normal 0.242935 0.970042 -0
    outer loop
      vertex 53.8829 15.4115 0
      vertex 53.8258 15.4258 3
      vertex 53.8829 15.4115 3
    endloop
  endfacet
  facet normal 0.242935 0.970042 0
    outer loop
      vertex 53.8258 15.4258 3
      vertex 53.8829 15.4115 0
      vertex 53.8258 15.4258 0
    endloop
  endfacet
  facet normal 0.0492599 0.998786 -0
    outer loop
      vertex 54 15.4 0
      vertex 53.9412 15.4029 3
      vertex 54 15.4 3
    endloop
  endfacet
  facet normal 0.0492599 0.998786 0
    outer loop
      vertex 53.9412 15.4029 3
      vertex 54 15.4 0
      vertex 53.9412 15.4029 0
    endloop
  endfacet
  facet normal 0.803046 0.595918 0
    outer loop
      vertex 53.5362 15.6194 3
      vertex 53.5011 15.6667 0
      vertex 53.5011 15.6667 3
    endloop
  endfacet
  facet normal 0.803046 0.595918 0
    outer loop
      vertex 53.5011 15.6667 0
      vertex 53.5362 15.6194 3
      vertex 53.5362 15.6194 0
    endloop
  endfacet
  facet normal 0.857493 0.514496 0
    outer loop
      vertex 53.5011 15.6667 3
      vertex 53.4708 15.7172 0
      vertex 53.4708 15.7172 3
    endloop
  endfacet
  facet normal 0.857493 0.514496 0
    outer loop
      vertex 53.4708 15.7172 0
      vertex 53.5011 15.6667 3
      vertex 53.5011 15.6667 0
    endloop
  endfacet
  facet normal 0.741857 0.670558 0
    outer loop
      vertex 53.5757 15.5757 3
      vertex 53.5362 15.6194 0
      vertex 53.5362 15.6194 3
    endloop
  endfacet
  facet normal 0.741857 0.670558 0
    outer loop
      vertex 53.5362 15.6194 0
      vertex 53.5757 15.5757 3
      vertex 53.5757 15.5757 0
    endloop
  endfacet
  facet normal 0.941125 0.338058 0
    outer loop
      vertex 53.4457 15.7704 3
      vertex 53.4258 15.8258 0
      vertex 53.4258 15.8258 3
    endloop
  endfacet
  facet normal 0.941125 0.338058 0
    outer loop
      vertex 53.4258 15.8258 0
      vertex 53.4457 15.7704 3
      vertex 53.4457 15.7704 0
    endloop
  endfacet
  facet normal 0.904394 0.426697 0
    outer loop
      vertex 53.4708 15.7172 3
      vertex 53.4457 15.7704 0
      vertex 53.4457 15.7704 3
    endloop
  endfacet
  facet normal 0.904394 0.426697 0
    outer loop
      vertex 53.4457 15.7704 0
      vertex 53.4708 15.7172 3
      vertex 53.4708 15.7172 0
    endloop
  endfacet
  facet normal 0.989294 0.145934 0
    outer loop
      vertex 53.4115 15.8829 3
      vertex 53.4029 15.9412 0
      vertex 53.4029 15.9412 3
    endloop
  endfacet
  facet normal 0.989294 0.145934 0
    outer loop
      vertex 53.4029 15.9412 0
      vertex 53.4115 15.8829 3
      vertex 53.4115 15.8829 0
    endloop
  endfacet
  facet normal 0.998786 0.0492599 0
    outer loop
      vertex 53.4029 15.9412 3
      vertex 53.4 16 0
      vertex 53.4 16 3
    endloop
  endfacet
  facet normal 0.998786 0.0492599 0
    outer loop
      vertex 53.4 16 0
      vertex 53.4029 15.9412 3
      vertex 53.4029 15.9412 0
    endloop
  endfacet
  facet normal -0.242935 0.970042 0
    outer loop
      vertex 54.1742 15.4258 0
      vertex 54.1171 15.4115 3
      vertex 54.1742 15.4258 3
    endloop
  endfacet
  facet normal -0.242935 0.970042 0
    outer loop
      vertex 54.1171 15.4115 3
      vertex 54.1742 15.4258 0
      vertex 54.1171 15.4115 0
    endloop
  endfacet
  facet normal -0.426697 0.904394 0
    outer loop
      vertex 54.2828 15.4708 0
      vertex 54.2296 15.4457 3
      vertex 54.2828 15.4708 3
    endloop
  endfacet
  facet normal -0.426697 0.904394 0
    outer loop
      vertex 54.2296 15.4457 3
      vertex 54.2828 15.4708 0
      vertex 54.2296 15.4457 0
    endloop
  endfacet
  facet normal -0.741857 0.670558 0
    outer loop
      vertex 54.4243 15.5757 0
      vertex 54.4638 15.6194 3
      vertex 54.4638 15.6194 0
    endloop
  endfacet
  facet normal -0.741857 0.670558 0
    outer loop
      vertex 54.4638 15.6194 3
      vertex 54.4243 15.5757 0
      vertex 54.4243 15.5757 3
    endloop
  endfacet
  facet normal -0.595918 0.803046 0
    outer loop
      vertex 54.3806 15.5362 0
      vertex 54.3333 15.5011 3
      vertex 54.3806 15.5362 3
    endloop
  endfacet
  facet normal -0.595918 0.803046 0
    outer loop
      vertex 54.3333 15.5011 3
      vertex 54.3806 15.5362 0
      vertex 54.3333 15.5011 0
    endloop
  endfacet
  facet normal -0.857493 0.514496 0
    outer loop
      vertex 54.4989 15.6667 0
      vertex 54.5292 15.7172 3
      vertex 54.5292 15.7172 0
    endloop
  endfacet
  facet normal -0.857493 0.514496 0
    outer loop
      vertex 54.5292 15.7172 3
      vertex 54.4989 15.6667 0
      vertex 54.4989 15.6667 3
    endloop
  endfacet
  facet normal -0.941125 0.338058 0
    outer loop
      vertex 54.5543 15.7704 0
      vertex 54.5742 15.8258 3
      vertex 54.5742 15.8258 0
    endloop
  endfacet
  facet normal -0.941125 0.338058 0
    outer loop
      vertex 54.5742 15.8258 3
      vertex 54.5543 15.7704 0
      vertex 54.5543 15.7704 3
    endloop
  endfacet
  facet normal -0.989294 0.145934 0
    outer loop
      vertex 54.5885 15.8829 0
      vertex 54.5971 15.9412 3
      vertex 54.5971 15.9412 0
    endloop
  endfacet
  facet normal -0.989294 0.145934 0
    outer loop
      vertex 54.5971 15.9412 3
      vertex 54.5885 15.8829 0
      vertex 54.5885 15.8829 3
    endloop
  endfacet
  facet normal 0.514496 0.857493 -0
    outer loop
      vertex 53.7172 15.4708 0
      vertex 53.6667 15.5011 3
      vertex 53.7172 15.4708 3
    endloop
  endfacet
  facet normal 0.514496 0.857493 0
    outer loop
      vertex 53.6667 15.5011 3
      vertex 53.7172 15.4708 0
      vertex 53.6667 15.5011 0
    endloop
  endfacet
  facet normal 0.338058 0.941125 -0
    outer loop
      vertex 53.8258 15.4258 0
      vertex 53.7704 15.4457 3
      vertex 53.8258 15.4258 3
    endloop
  endfacet
  facet normal 0.338058 0.941125 0
    outer loop
      vertex 53.7704 15.4457 3
      vertex 53.8258 15.4258 0
      vertex 53.7704 15.4457 0
    endloop
  endfacet
  facet normal 0.145934 0.989294 -0
    outer loop
      vertex 53.9412 15.4029 0
      vertex 53.8829 15.4115 3
      vertex 53.9412 15.4029 3
    endloop
  endfacet
  facet normal 0.145934 0.989294 0
    outer loop
      vertex 53.8829 15.4115 3
      vertex 53.9412 15.4029 0
      vertex 53.8829 15.4115 0
    endloop
  endfacet
  facet normal 0.970042 0.242935 0
    outer loop
      vertex 53.4258 15.8258 3
      vertex 53.4115 15.8829 0
      vertex 53.4115 15.8829 3
    endloop
  endfacet
  facet normal 0.970042 0.242935 0
    outer loop
      vertex 53.4115 15.8829 0
      vertex 53.4258 15.8258 3
      vertex 53.4258 15.8258 0
    endloop
  endfacet
  facet normal -0.998786 -0.0492599 0
    outer loop
      vertex 54.6 24 0
      vertex 54.5971 24.0588 3
      vertex 54.5971 24.0588 0
    endloop
  endfacet
  facet normal -0.998786 -0.0492599 0
    outer loop
      vertex 54.5971 24.0588 3
      vertex 54.6 24 0
      vertex 54.6 24 3
    endloop
  endfacet
  facet normal 0.0492599 -0.998786 0
    outer loop
      vertex 53.9412 24.5971 0
      vertex 54 24.6 3
      vertex 53.9412 24.5971 3
    endloop
  endfacet
  facet normal 0.0492599 -0.998786 0
    outer loop
      vertex 54 24.6 3
      vertex 53.9412 24.5971 0
      vertex 54 24.6 0
    endloop
  endfacet
  facet normal -0.670558 -0.741857 0
    outer loop
      vertex 54.3806 24.4638 0
      vertex 54.4243 24.4243 3
      vertex 54.3806 24.4638 3
    endloop
  endfacet
  facet normal -0.670558 -0.741857 -0
    outer loop
      vertex 54.4243 24.4243 3
      vertex 54.3806 24.4638 0
      vertex 54.4243 24.4243 0
    endloop
  endfacet
  facet normal 0.741857 -0.670558 0
    outer loop
      vertex 53.5362 24.3806 3
      vertex 53.5757 24.4243 0
      vertex 53.5757 24.4243 3
    endloop
  endfacet
  facet normal 0.741857 -0.670558 0
    outer loop
      vertex 53.5757 24.4243 0
      vertex 53.5362 24.3806 3
      vertex 53.5362 24.3806 0
    endloop
  endfacet
  facet normal 0.426697 -0.904394 0
    outer loop
      vertex 53.7172 24.5292 0
      vertex 53.7704 24.5543 3
      vertex 53.7172 24.5292 3
    endloop
  endfacet
  facet normal 0.426697 -0.904394 0
    outer loop
      vertex 53.7704 24.5543 3
      vertex 53.7172 24.5292 0
      vertex 53.7704 24.5543 0
    endloop
  endfacet
  facet normal 0.941125 0.338058 0
    outer loop
      vertex 53.4457 23.7704 3
      vertex 53.4258 23.8258 0
      vertex 53.4258 23.8258 3
    endloop
  endfacet
  facet normal 0.941125 0.338058 0
    outer loop
      vertex 53.4258 23.8258 0
      vertex 53.4457 23.7704 3
      vertex 53.4457 23.7704 0
    endloop
  endfacet
  facet normal -0.904394 -0.426697 0
    outer loop
      vertex 54.5543 24.2296 0
      vertex 54.5292 24.2828 3
      vertex 54.5292 24.2828 0
    endloop
  endfacet
  facet normal -0.904394 -0.426697 0
    outer loop
      vertex 54.5292 24.2828 3
      vertex 54.5543 24.2296 0
      vertex 54.5543 24.2296 3
    endloop
  endfacet
  facet normal -0.338058 -0.941125 0
    outer loop
      vertex 54.1742 24.5742 0
      vertex 54.2296 24.5543 3
      vertex 54.1742 24.5742 3
    endloop
  endfacet
  facet normal -0.338058 -0.941125 -0
    outer loop
      vertex 54.2296 24.5543 3
      vertex 54.1742 24.5742 0
      vertex 54.2296 24.5543 0
    endloop
  endfacet
  facet normal 0.904394 -0.426697 0
    outer loop
      vertex 53.4457 24.2296 3
      vertex 53.4708 24.2828 0
      vertex 53.4708 24.2828 3
    endloop
  endfacet
  facet normal 0.904394 -0.426697 0
    outer loop
      vertex 53.4708 24.2828 0
      vertex 53.4457 24.2296 3
      vertex 53.4457 24.2296 0
    endloop
  endfacet
  facet normal 0.857493 -0.514496 0
    outer loop
      vertex 53.4708 24.2828 3
      vertex 53.5011 24.3333 0
      vertex 53.5011 24.3333 3
    endloop
  endfacet
  facet normal 0.857493 -0.514496 0
    outer loop
      vertex 53.5011 24.3333 0
      vertex 53.4708 24.2828 3
      vertex 53.4708 24.2828 0
    endloop
  endfacet
  facet normal 0.242935 -0.970042 0
    outer loop
      vertex 53.8258 24.5742 0
      vertex 53.8829 24.5885 3
      vertex 53.8258 24.5742 3
    endloop
  endfacet
  facet normal 0.242935 -0.970042 0
    outer loop
      vertex 53.8829 24.5885 3
      vertex 53.8258 24.5742 0
      vertex 53.8829 24.5885 0
    endloop
  endfacet
  facet normal -0.904394 0.426697 0
    outer loop
      vertex 54.5292 23.7172 0
      vertex 54.5543 23.7704 3
      vertex 54.5543 23.7704 0
    endloop
  endfacet
  facet normal -0.904394 0.426697 0
    outer loop
      vertex 54.5543 23.7704 3
      vertex 54.5292 23.7172 0
      vertex 54.5292 23.7172 3
    endloop
  endfacet
  facet normal -0.338058 0.941125 0
    outer loop
      vertex 54.2296 23.4457 0
      vertex 54.1742 23.4258 3
      vertex 54.2296 23.4457 3
    endloop
  endfacet
  facet normal -0.338058 0.941125 0
    outer loop
      vertex 54.1742 23.4258 3
      vertex 54.2296 23.4457 0
      vertex 54.1742 23.4258 0
    endloop
  endfacet
  facet normal -0.741857 0.670558 0
    outer loop
      vertex 54.4243 23.5757 0
      vertex 54.4638 23.6194 3
      vertex 54.4638 23.6194 0
    endloop
  endfacet
  facet normal -0.741857 0.670558 0
    outer loop
      vertex 54.4638 23.6194 3
      vertex 54.4243 23.5757 0
      vertex 54.4243 23.5757 3
    endloop
  endfacet
  facet normal 0.242935 0.970042 -0
    outer loop
      vertex 53.8829 23.4115 0
      vertex 53.8258 23.4258 3
      vertex 53.8829 23.4115 3
    endloop
  endfacet
  facet normal 0.242935 0.970042 0
    outer loop
      vertex 53.8258 23.4258 3
      vertex 53.8829 23.4115 0
      vertex 53.8258 23.4258 0
    endloop
  endfacet
  facet normal 0.670558 0.741857 -0
    outer loop
      vertex 53.6194 23.5362 0
      vertex 53.5757 23.5757 3
      vertex 53.6194 23.5362 3
    endloop
  endfacet
  facet normal 0.670558 0.741857 0
    outer loop
      vertex 53.5757 23.5757 3
      vertex 53.6194 23.5362 0
      vertex 53.5757 23.5757 0
    endloop
  endfacet
  facet normal 0.741857 0.670558 0
    outer loop
      vertex 53.5757 23.5757 3
      vertex 53.5362 23.6194 0
      vertex 53.5362 23.6194 3
    endloop
  endfacet
  facet normal 0.741857 0.670558 0
    outer loop
      vertex 53.5362 23.6194 0
      vertex 53.5757 23.5757 3
      vertex 53.5757 23.5757 0
    endloop
  endfacet
  facet normal -0.970042 -0.242935 0
    outer loop
      vertex 54.5885 24.1171 0
      vertex 54.5742 24.1742 3
      vertex 54.5742 24.1742 0
    endloop
  endfacet
  facet normal -0.970042 -0.242935 0
    outer loop
      vertex 54.5742 24.1742 3
      vertex 54.5885 24.1171 0
      vertex 54.5885 24.1171 3
    endloop
  endfacet
  facet normal -0.989294 -0.145934 0
    outer loop
      vertex 54.5971 24.0588 0
      vertex 54.5885 24.1171 3
      vertex 54.5885 24.1171 0
    endloop
  endfacet
  facet normal -0.989294 -0.145934 0
    outer loop
      vertex 54.5885 24.1171 3
      vertex 54.5971 24.0588 0
      vertex 54.5971 24.0588 3
    endloop
  endfacet
  facet normal -0.941125 -0.338058 0
    outer loop
      vertex 54.5742 24.1742 0
      vertex 54.5543 24.2296 3
      vertex 54.5543 24.2296 0
    endloop
  endfacet
  facet normal -0.941125 -0.338058 0
    outer loop
      vertex 54.5543 24.2296 3
      vertex 54.5742 24.1742 0
      vertex 54.5742 24.1742 3
    endloop
  endfacet
  facet normal -0.803046 -0.595918 0
    outer loop
      vertex 54.4989 24.3333 0
      vertex 54.4638 24.3806 3
      vertex 54.4638 24.3806 0
    endloop
  endfacet
  facet normal -0.803046 -0.595918 0
    outer loop
      vertex 54.4638 24.3806 3
      vertex 54.4989 24.3333 0
      vertex 54.4989 24.3333 3
    endloop
  endfacet
  facet normal -0.741857 -0.670558 0
    outer loop
      vertex 54.4638 24.3806 0
      vertex 54.4243 24.4243 3
      vertex 54.4243 24.4243 0
    endloop
  endfacet
  facet normal -0.741857 -0.670558 0
    outer loop
      vertex 54.4243 24.4243 3
      vertex 54.4638 24.3806 0
      vertex 54.4638 24.3806 3
    endloop
  endfacet
  facet normal -0.857493 -0.514496 0
    outer loop
      vertex 54.5292 24.2828 0
      vertex 54.4989 24.3333 3
      vertex 54.4989 24.3333 0
    endloop
  endfacet
  facet normal -0.857493 -0.514496 0
    outer loop
      vertex 54.4989 24.3333 3
      vertex 54.5292 24.2828 0
      vertex 54.5292 24.2828 3
    endloop
  endfacet
  facet normal -0.145934 -0.989294 0
    outer loop
      vertex 54.0588 24.5971 0
      vertex 54.1171 24.5885 3
      vertex 54.0588 24.5971 3
    endloop
  endfacet
  facet normal -0.145934 -0.989294 -0
    outer loop
      vertex 54.1171 24.5885 3
      vertex 54.0588 24.5971 0
      vertex 54.1171 24.5885 0
    endloop
  endfacet
  facet normal -0.242935 -0.970042 0
    outer loop
      vertex 54.1171 24.5885 0
      vertex 54.1742 24.5742 3
      vertex 54.1171 24.5885 3
    endloop
  endfacet
  facet normal -0.242935 -0.970042 -0
    outer loop
      vertex 54.1742 24.5742 3
      vertex 54.1171 24.5885 0
      vertex 54.1742 24.5742 0
    endloop
  endfacet
  facet normal -0.0492599 -0.998786 0
    outer loop
      vertex 54 24.6 0
      vertex 54.0588 24.5971 3
      vertex 54 24.6 3
    endloop
  endfacet
  facet normal -0.0492599 -0.998786 -0
    outer loop
      vertex 54.0588 24.5971 3
      vertex 54 24.6 0
      vertex 54.0588 24.5971 0
    endloop
  endfacet
  facet normal -0.514496 -0.857493 0
    outer loop
      vertex 54.2828 24.5292 0
      vertex 54.3333 24.4989 3
      vertex 54.2828 24.5292 3
    endloop
  endfacet
  facet normal -0.514496 -0.857493 -0
    outer loop
      vertex 54.3333 24.4989 3
      vertex 54.2828 24.5292 0
      vertex 54.3333 24.4989 0
    endloop
  endfacet
  facet normal -0.426697 -0.904394 0
    outer loop
      vertex 54.2296 24.5543 0
      vertex 54.2828 24.5292 3
      vertex 54.2296 24.5543 3
    endloop
  endfacet
  facet normal -0.426697 -0.904394 -0
    outer loop
      vertex 54.2828 24.5292 3
      vertex 54.2296 24.5543 0
      vertex 54.2828 24.5292 0
    endloop
  endfacet
  facet normal -0.595918 -0.803046 0
    outer loop
      vertex 54.3333 24.4989 0
      vertex 54.3806 24.4638 3
      vertex 54.3333 24.4989 3
    endloop
  endfacet
  facet normal -0.595918 -0.803046 -0
    outer loop
      vertex 54.3806 24.4638 3
      vertex 54.3333 24.4989 0
      vertex 54.3806 24.4638 0
    endloop
  endfacet
  facet normal 0.989294 -0.145934 0
    outer loop
      vertex 53.4029 24.0588 3
      vertex 53.4115 24.1171 0
      vertex 53.4115 24.1171 3
    endloop
  endfacet
  facet normal 0.989294 -0.145934 0
    outer loop
      vertex 53.4115 24.1171 0
      vertex 53.4029 24.0588 3
      vertex 53.4029 24.0588 0
    endloop
  endfacet
  facet normal 0.803046 -0.595918 0
    outer loop
      vertex 53.5011 24.3333 3
      vertex 53.5362 24.3806 0
      vertex 53.5362 24.3806 3
    endloop
  endfacet
  facet normal 0.803046 -0.595918 0
    outer loop
      vertex 53.5362 24.3806 0
      vertex 53.5011 24.3333 3
      vertex 53.5011 24.3333 0
    endloop
  endfacet
  facet normal 0.941125 -0.338058 0
    outer loop
      vertex 53.4258 24.1742 3
      vertex 53.4457 24.2296 0
      vertex 53.4457 24.2296 3
    endloop
  endfacet
  facet normal 0.941125 -0.338058 0
    outer loop
      vertex 53.4457 24.2296 0
      vertex 53.4258 24.1742 3
      vertex 53.4258 24.1742 0
    endloop
  endfacet
  facet normal 0.998786 -0.0492599 0
    outer loop
      vertex 53.4 24 3
      vertex 53.4029 24.0588 0
      vertex 53.4029 24.0588 3
    endloop
  endfacet
  facet normal 0.998786 -0.0492599 0
    outer loop
      vertex 53.4029 24.0588 0
      vertex 53.4 24 3
      vertex 53.4 24 0
    endloop
  endfacet
  facet normal 0.514496 -0.857493 0
    outer loop
      vertex 53.6667 24.4989 0
      vertex 53.7172 24.5292 3
      vertex 53.6667 24.4989 3
    endloop
  endfacet
  facet normal 0.514496 -0.857493 0
    outer loop
      vertex 53.7172 24.5292 3
      vertex 53.6667 24.4989 0
      vertex 53.7172 24.5292 0
    endloop
  endfacet
  facet normal 0.595918 -0.803046 0
    outer loop
      vertex 53.6194 24.4638 0
      vertex 53.6667 24.4989 3
      vertex 53.6194 24.4638 3
    endloop
  endfacet
  facet normal 0.595918 -0.803046 0
    outer loop
      vertex 53.6667 24.4989 3
      vertex 53.6194 24.4638 0
      vertex 53.6667 24.4989 0
    endloop
  endfacet
  facet normal 0.670558 -0.741857 0
    outer loop
      vertex 53.5757 24.4243 0
      vertex 53.6194 24.4638 3
      vertex 53.5757 24.4243 3
    endloop
  endfacet
  facet normal 0.670558 -0.741857 0
    outer loop
      vertex 53.6194 24.4638 3
      vertex 53.5757 24.4243 0
      vertex 53.6194 24.4638 0
    endloop
  endfacet
  facet normal 0.338058 -0.941125 0
    outer loop
      vertex 53.7704 24.5543 0
      vertex 53.8258 24.5742 3
      vertex 53.7704 24.5543 3
    endloop
  endfacet
  facet normal 0.338058 -0.941125 0
    outer loop
      vertex 53.8258 24.5742 3
      vertex 53.7704 24.5543 0
      vertex 53.8258 24.5742 0
    endloop
  endfacet
  facet normal 0.145934 -0.989294 0
    outer loop
      vertex 53.8829 24.5885 0
      vertex 53.9412 24.5971 3
      vertex 53.8829 24.5885 3
    endloop
  endfacet
  facet normal 0.145934 -0.989294 0
    outer loop
      vertex 53.9412 24.5971 3
      vertex 53.8829 24.5885 0
      vertex 53.9412 24.5971 0
    endloop
  endfacet
  facet normal -0.145934 0.989294 0
    outer loop
      vertex 54.1171 23.4115 0
      vertex 54.0588 23.4029 3
      vertex 54.1171 23.4115 3
    endloop
  endfacet
  facet normal -0.145934 0.989294 0
    outer loop
      vertex 54.0588 23.4029 3
      vertex 54.1171 23.4115 0
      vertex 54.0588 23.4029 0
    endloop
  endfacet
  facet normal -0.514496 0.857493 0
    outer loop
      vertex 54.3333 23.5011 0
      vertex 54.2828 23.4708 3
      vertex 54.3333 23.5011 3
    endloop
  endfacet
  facet normal -0.514496 0.857493 0
    outer loop
      vertex 54.2828 23.4708 3
      vertex 54.3333 23.5011 0
      vertex 54.2828 23.4708 0
    endloop
  endfacet
  facet normal -0.670558 0.741857 0
    outer loop
      vertex 54.4243 23.5757 0
      vertex 54.3806 23.5362 3
      vertex 54.4243 23.5757 3
    endloop
  endfacet
  facet normal -0.670558 0.741857 0
    outer loop
      vertex 54.3806 23.5362 3
      vertex 54.4243 23.5757 0
      vertex 54.3806 23.5362 0
    endloop
  endfacet
  facet normal -0.595918 0.803046 0
    outer loop
      vertex 54.3806 23.5362 0
      vertex 54.3333 23.5011 3
      vertex 54.3806 23.5362 3
    endloop
  endfacet
  facet normal -0.595918 0.803046 0
    outer loop
      vertex 54.3333 23.5011 3
      vertex 54.3806 23.5362 0
      vertex 54.3333 23.5011 0
    endloop
  endfacet
  facet normal -0.803046 0.595918 0
    outer loop
      vertex 54.4638 23.6194 0
      vertex 54.4989 23.6667 3
      vertex 54.4989 23.6667 0
    endloop
  endfacet
  facet normal -0.803046 0.595918 0
    outer loop
      vertex 54.4989 23.6667 3
      vertex 54.4638 23.6194 0
      vertex 54.4638 23.6194 3
    endloop
  endfacet
  facet normal -0.857493 0.514496 0
    outer loop
      vertex 54.4989 23.6667 0
      vertex 54.5292 23.7172 3
      vertex 54.5292 23.7172 0
    endloop
  endfacet
  facet normal -0.857493 0.514496 0
    outer loop
      vertex 54.5292 23.7172 3
      vertex 54.4989 23.6667 0
      vertex 54.4989 23.6667 3
    endloop
  endfacet
  facet normal -0.989294 0.145934 0
    outer loop
      vertex 54.5885 23.8829 0
      vertex 54.5971 23.9412 3
      vertex 54.5971 23.9412 0
    endloop
  endfacet
  facet normal -0.989294 0.145934 0
    outer loop
      vertex 54.5971 23.9412 3
      vertex 54.5885 23.8829 0
      vertex 54.5885 23.8829 3
    endloop
  endfacet
  facet normal -0.970042 0.242935 0
    outer loop
      vertex 54.5742 23.8258 0
      vertex 54.5885 23.8829 3
      vertex 54.5885 23.8829 0
    endloop
  endfacet
  facet normal -0.970042 0.242935 0
    outer loop
      vertex 54.5885 23.8829 3
      vertex 54.5742 23.8258 0
      vertex 54.5742 23.8258 3
    endloop
  endfacet
  facet normal -0.998786 0.0492599 0
    outer loop
      vertex 54.5971 23.9412 0
      vertex 54.6 24 3
      vertex 54.6 24 0
    endloop
  endfacet
  facet normal -0.998786 0.0492599 0
    outer loop
      vertex 54.6 24 3
      vertex 54.5971 23.9412 0
      vertex 54.5971 23.9412 3
    endloop
  endfacet
  facet normal 0.595918 0.803046 -0
    outer loop
      vertex 53.6667 23.5011 0
      vertex 53.6194 23.5362 3
      vertex 53.6667 23.5011 3
    endloop
  endfacet
  facet normal 0.595918 0.803046 0
    outer loop
      vertex 53.6194 23.5362 3
      vertex 53.6667 23.5011 0
      vertex 53.6194 23.5362 0
    endloop
  endfacet
  facet normal 0.514496 0.857493 -0
    outer loop
      vertex 53.7172 23.4708 0
      vertex 53.6667 23.5011 3
      vertex 53.7172 23.4708 3
    endloop
  endfacet
  facet normal 0.514496 0.857493 0
    outer loop
      vertex 53.6667 23.5011 3
      vertex 53.7172 23.4708 0
      vertex 53.6667 23.5011 0
    endloop
  endfacet
  facet normal 0.426697 0.904394 -0
    outer loop
      vertex 53.7704 23.4457 0
      vertex 53.7172 23.4708 3
      vertex 53.7704 23.4457 3
    endloop
  endfacet
  facet normal 0.426697 0.904394 0
    outer loop
      vertex 53.7172 23.4708 3
      vertex 53.7704 23.4457 0
      vertex 53.7172 23.4708 0
    endloop
  endfacet
  facet normal 0.0492599 0.998786 -0
    outer loop
      vertex 54 23.4 0
      vertex 53.9412 23.4029 3
      vertex 54 23.4 3
    endloop
  endfacet
  facet normal 0.0492599 0.998786 0
    outer loop
      vertex 53.9412 23.4029 3
      vertex 54 23.4 0
      vertex 53.9412 23.4029 0
    endloop
  endfacet
  facet normal 0.857493 0.514496 0
    outer loop
      vertex 53.5011 23.6667 3
      vertex 53.4708 23.7172 0
      vertex 53.4708 23.7172 3
    endloop
  endfacet
  facet normal 0.857493 0.514496 0
    outer loop
      vertex 53.4708 23.7172 0
      vertex 53.5011 23.6667 3
      vertex 53.5011 23.6667 0
    endloop
  endfacet
  facet normal 0.904394 0.426697 0
    outer loop
      vertex 53.4708 23.7172 3
      vertex 53.4457 23.7704 0
      vertex 53.4457 23.7704 3
    endloop
  endfacet
  facet normal 0.904394 0.426697 0
    outer loop
      vertex 53.4457 23.7704 0
      vertex 53.4708 23.7172 3
      vertex 53.4708 23.7172 0
    endloop
  endfacet
  facet normal 0.989294 0.145934 0
    outer loop
      vertex 53.4115 23.8829 3
      vertex 53.4029 23.9412 0
      vertex 53.4029 23.9412 3
    endloop
  endfacet
  facet normal 0.989294 0.145934 0
    outer loop
      vertex 53.4029 23.9412 0
      vertex 53.4115 23.8829 3
      vertex 53.4115 23.8829 0
    endloop
  endfacet
  facet normal 0.970042 -0.242935 0
    outer loop
      vertex 53.4115 24.1171 3
      vertex 53.4258 24.1742 0
      vertex 53.4258 24.1742 3
    endloop
  endfacet
  facet normal 0.970042 -0.242935 0
    outer loop
      vertex 53.4258 24.1742 0
      vertex 53.4115 24.1171 3
      vertex 53.4115 24.1171 0
    endloop
  endfacet
  facet normal 0.998786 0.0492599 0
    outer loop
      vertex 53.4029 23.9412 3
      vertex 53.4 24 0
      vertex 53.4 24 3
    endloop
  endfacet
  facet normal 0.998786 0.0492599 0
    outer loop
      vertex 53.4 24 0
      vertex 53.4029 23.9412 3
      vertex 53.4029 23.9412 0
    endloop
  endfacet
  facet normal -0.242935 0.970042 0
    outer loop
      vertex 54.1742 23.4258 0
      vertex 54.1171 23.4115 3
      vertex 54.1742 23.4258 3
    endloop
  endfacet
  facet normal -0.242935 0.970042 0
    outer loop
      vertex 54.1171 23.4115 3
      vertex 54.1742 23.4258 0
      vertex 54.1171 23.4115 0
    endloop
  endfacet
  facet normal -0.426697 0.904394 0
    outer loop
      vertex 54.2828 23.4708 0
      vertex 54.2296 23.4457 3
      vertex 54.2828 23.4708 3
    endloop
  endfacet
  facet normal -0.426697 0.904394 0
    outer loop
      vertex 54.2296 23.4457 3
      vertex 54.2828 23.4708 0
      vertex 54.2296 23.4457 0
    endloop
  endfacet
  facet normal -0.941125 0.338058 0
    outer loop
      vertex 54.5543 23.7704 0
      vertex 54.5742 23.8258 3
      vertex 54.5742 23.8258 0
    endloop
  endfacet
  facet normal -0.941125 0.338058 0
    outer loop
      vertex 54.5742 23.8258 3
      vertex 54.5543 23.7704 0
      vertex 54.5543 23.7704 3
    endloop
  endfacet
  facet normal 0.338058 0.941125 -0
    outer loop
      vertex 53.8258 23.4258 0
      vertex 53.7704 23.4457 3
      vertex 53.8258 23.4258 3
    endloop
  endfacet
  facet normal 0.338058 0.941125 0
    outer loop
      vertex 53.7704 23.4457 3
      vertex 53.8258 23.4258 0
      vertex 53.7704 23.4457 0
    endloop
  endfacet
  facet normal 0.145934 0.989294 -0
    outer loop
      vertex 53.9412 23.4029 0
      vertex 53.8829 23.4115 3
      vertex 53.9412 23.4029 3
    endloop
  endfacet
  facet normal 0.145934 0.989294 0
    outer loop
      vertex 53.8829 23.4115 3
      vertex 53.9412 23.4029 0
      vertex 53.8829 23.4115 0
    endloop
  endfacet
  facet normal -0.0492599 0.998786 0
    outer loop
      vertex 54.0588 23.4029 0
      vertex 54 23.4 3
      vertex 54.0588 23.4029 3
    endloop
  endfacet
  facet normal -0.0492599 0.998786 0
    outer loop
      vertex 54 23.4 3
      vertex 54.0588 23.4029 0
      vertex 54 23.4 0
    endloop
  endfacet
  facet normal 0.803046 0.595918 0
    outer loop
      vertex 53.5362 23.6194 3
      vertex 53.5011 23.6667 0
      vertex 53.5011 23.6667 3
    endloop
  endfacet
  facet normal 0.803046 0.595918 0
    outer loop
      vertex 53.5011 23.6667 0
      vertex 53.5362 23.6194 3
      vertex 53.5362 23.6194 0
    endloop
  endfacet
  facet normal 0.970042 0.242935 0
    outer loop
      vertex 53.4258 23.8258 3
      vertex 53.4115 23.8829 0
      vertex 53.4115 23.8829 3
    endloop
  endfacet
  facet normal 0.970042 0.242935 0
    outer loop
      vertex 53.4115 23.8829 0
      vertex 53.4258 23.8258 3
      vertex 53.4258 23.8258 0
    endloop
  endfacet
  facet normal -0.998786 -0.0492599 0
    outer loop
      vertex 62.6 16 0
      vertex 62.5971 16.0588 3
      vertex 62.5971 16.0588 0
    endloop
  endfacet
  facet normal -0.998786 -0.0492599 0
    outer loop
      vertex 62.5971 16.0588 3
      vertex 62.6 16 0
      vertex 62.6 16 3
    endloop
  endfacet
  facet normal 0.0492599 -0.998786 0
    outer loop
      vertex 61.9412 16.5971 0
      vertex 62 16.6 3
      vertex 61.9412 16.5971 3
    endloop
  endfacet
  facet normal 0.0492599 -0.998786 0
    outer loop
      vertex 62 16.6 3
      vertex 61.9412 16.5971 0
      vertex 62 16.6 0
    endloop
  endfacet
  facet normal -0.670558 -0.741857 0
    outer loop
      vertex 62.3806 16.4638 0
      vertex 62.4243 16.4243 3
      vertex 62.3806 16.4638 3
    endloop
  endfacet
  facet normal -0.670558 -0.741857 -0
    outer loop
      vertex 62.4243 16.4243 3
      vertex 62.3806 16.4638 0
      vertex 62.4243 16.4243 0
    endloop
  endfacet
  facet normal 0.741857 -0.670558 0
    outer loop
      vertex 61.5362 16.3806 3
      vertex 61.5757 16.4243 0
      vertex 61.5757 16.4243 3
    endloop
  endfacet
  facet normal 0.741857 -0.670558 0
    outer loop
      vertex 61.5757 16.4243 0
      vertex 61.5362 16.3806 3
      vertex 61.5362 16.3806 0
    endloop
  endfacet
  facet normal 0.426697 -0.904394 0
    outer loop
      vertex 61.7172 16.5292 0
      vertex 61.7704 16.5543 3
      vertex 61.7172 16.5292 3
    endloop
  endfacet
  facet normal 0.426697 -0.904394 0
    outer loop
      vertex 61.7704 16.5543 3
      vertex 61.7172 16.5292 0
      vertex 61.7704 16.5543 0
    endloop
  endfacet
  facet normal -0.904394 -0.426697 0
    outer loop
      vertex 62.5543 16.2296 0
      vertex 62.5292 16.2828 3
      vertex 62.5292 16.2828 0
    endloop
  endfacet
  facet normal -0.904394 -0.426697 0
    outer loop
      vertex 62.5292 16.2828 3
      vertex 62.5543 16.2296 0
      vertex 62.5543 16.2296 3
    endloop
  endfacet
  facet normal -0.338058 -0.941125 0
    outer loop
      vertex 62.1742 16.5742 0
      vertex 62.2296 16.5543 3
      vertex 62.1742 16.5742 3
    endloop
  endfacet
  facet normal -0.338058 -0.941125 -0
    outer loop
      vertex 62.2296 16.5543 3
      vertex 62.1742 16.5742 0
      vertex 62.2296 16.5543 0
    endloop
  endfacet
  facet normal -0.514496 -0.857493 0
    outer loop
      vertex 62.2828 16.5292 0
      vertex 62.3333 16.4989 3
      vertex 62.2828 16.5292 3
    endloop
  endfacet
  facet normal -0.514496 -0.857493 -0
    outer loop
      vertex 62.3333 16.4989 3
      vertex 62.2828 16.5292 0
      vertex 62.3333 16.4989 0
    endloop
  endfacet
  facet normal 0.941125 -0.338058 0
    outer loop
      vertex 61.4258 16.1742 3
      vertex 61.4457 16.2296 0
      vertex 61.4457 16.2296 3
    endloop
  endfacet
  facet normal 0.941125 -0.338058 0
    outer loop
      vertex 61.4457 16.2296 0
      vertex 61.4258 16.1742 3
      vertex 61.4258 16.1742 0
    endloop
  endfacet
  facet normal 0.242935 -0.970042 0
    outer loop
      vertex 61.8258 16.5742 0
      vertex 61.8829 16.5885 3
      vertex 61.8258 16.5742 3
    endloop
  endfacet
  facet normal 0.242935 -0.970042 0
    outer loop
      vertex 61.8829 16.5885 3
      vertex 61.8258 16.5742 0
      vertex 61.8829 16.5885 0
    endloop
  endfacet
  facet normal -0.970042 -0.242935 0
    outer loop
      vertex 62.5885 16.1171 0
      vertex 62.5742 16.1742 3
      vertex 62.5742 16.1742 0
    endloop
  endfacet
  facet normal -0.970042 -0.242935 0
    outer loop
      vertex 62.5742 16.1742 3
      vertex 62.5885 16.1171 0
      vertex 62.5885 16.1171 3
    endloop
  endfacet
  facet normal -0.989294 -0.145934 0
    outer loop
      vertex 62.5971 16.0588 0
      vertex 62.5885 16.1171 3
      vertex 62.5885 16.1171 0
    endloop
  endfacet
  facet normal -0.989294 -0.145934 0
    outer loop
      vertex 62.5885 16.1171 3
      vertex 62.5971 16.0588 0
      vertex 62.5971 16.0588 3
    endloop
  endfacet
  facet normal -0.941125 -0.338058 0
    outer loop
      vertex 62.5742 16.1742 0
      vertex 62.5543 16.2296 3
      vertex 62.5543 16.2296 0
    endloop
  endfacet
  facet normal -0.941125 -0.338058 0
    outer loop
      vertex 62.5543 16.2296 3
      vertex 62.5742 16.1742 0
      vertex 62.5742 16.1742 3
    endloop
  endfacet
  facet normal -0.803046 -0.595918 0
    outer loop
      vertex 62.4989 16.3333 0
      vertex 62.4638 16.3806 3
      vertex 62.4638 16.3806 0
    endloop
  endfacet
  facet normal -0.803046 -0.595918 0
    outer loop
      vertex 62.4638 16.3806 3
      vertex 62.4989 16.3333 0
      vertex 62.4989 16.3333 3
    endloop
  endfacet
  facet normal -0.741857 -0.670558 0
    outer loop
      vertex 62.4638 16.3806 0
      vertex 62.4243 16.4243 3
      vertex 62.4243 16.4243 0
    endloop
  endfacet
  facet normal -0.741857 -0.670558 0
    outer loop
      vertex 62.4243 16.4243 3
      vertex 62.4638 16.3806 0
      vertex 62.4638 16.3806 3
    endloop
  endfacet
  facet normal -0.857493 -0.514496 0
    outer loop
      vertex 62.5292 16.2828 0
      vertex 62.4989 16.3333 3
      vertex 62.4989 16.3333 0
    endloop
  endfacet
  facet normal -0.857493 -0.514496 0
    outer loop
      vertex 62.4989 16.3333 3
      vertex 62.5292 16.2828 0
      vertex 62.5292 16.2828 3
    endloop
  endfacet
  facet normal -0.145934 -0.989294 0
    outer loop
      vertex 62.0588 16.5971 0
      vertex 62.1171 16.5885 3
      vertex 62.0588 16.5971 3
    endloop
  endfacet
  facet normal -0.145934 -0.989294 -0
    outer loop
      vertex 62.1171 16.5885 3
      vertex 62.0588 16.5971 0
      vertex 62.1171 16.5885 0
    endloop
  endfacet
  facet normal -0.242935 -0.970042 0
    outer loop
      vertex 62.1171 16.5885 0
      vertex 62.1742 16.5742 3
      vertex 62.1171 16.5885 3
    endloop
  endfacet
  facet normal -0.242935 -0.970042 -0
    outer loop
      vertex 62.1742 16.5742 3
      vertex 62.1171 16.5885 0
      vertex 62.1742 16.5742 0
    endloop
  endfacet
  facet normal -0.0492599 -0.998786 0
    outer loop
      vertex 62 16.6 0
      vertex 62.0588 16.5971 3
      vertex 62 16.6 3
    endloop
  endfacet
  facet normal -0.0492599 -0.998786 -0
    outer loop
      vertex 62.0588 16.5971 3
      vertex 62 16.6 0
      vertex 62.0588 16.5971 0
    endloop
  endfacet
  facet normal -0.426697 -0.904394 0
    outer loop
      vertex 62.2296 16.5543 0
      vertex 62.2828 16.5292 3
      vertex 62.2296 16.5543 3
    endloop
  endfacet
  facet normal -0.426697 -0.904394 -0
    outer loop
      vertex 62.2828 16.5292 3
      vertex 62.2296 16.5543 0
      vertex 62.2828 16.5292 0
    endloop
  endfacet
  facet normal -0.595918 -0.803046 0
    outer loop
      vertex 62.3333 16.4989 0
      vertex 62.3806 16.4638 3
      vertex 62.3333 16.4989 3
    endloop
  endfacet
  facet normal -0.595918 -0.803046 -0
    outer loop
      vertex 62.3806 16.4638 3
      vertex 62.3333 16.4989 0
      vertex 62.3806 16.4638 0
    endloop
  endfacet
  facet normal 0.989294 -0.145934 0
    outer loop
      vertex 61.4029 16.0588 3
      vertex 61.4115 16.1171 0
      vertex 61.4115 16.1171 3
    endloop
  endfacet
  facet normal 0.989294 -0.145934 0
    outer loop
      vertex 61.4115 16.1171 0
      vertex 61.4029 16.0588 3
      vertex 61.4029 16.0588 0
    endloop
  endfacet
  facet normal 0.857493 -0.514496 0
    outer loop
      vertex 61.4708 16.2828 3
      vertex 61.5011 16.3333 0
      vertex 61.5011 16.3333 3
    endloop
  endfacet
  facet normal 0.857493 -0.514496 0
    outer loop
      vertex 61.5011 16.3333 0
      vertex 61.4708 16.2828 3
      vertex 61.4708 16.2828 0
    endloop
  endfacet
  facet normal 0.803046 -0.595918 0
    outer loop
      vertex 61.5011 16.3333 3
      vertex 61.5362 16.3806 0
      vertex 61.5362 16.3806 3
    endloop
  endfacet
  facet normal 0.803046 -0.595918 0
    outer loop
      vertex 61.5362 16.3806 0
      vertex 61.5011 16.3333 3
      vertex 61.5011 16.3333 0
    endloop
  endfacet
  facet normal 0.904394 -0.426697 0
    outer loop
      vertex 61.4457 16.2296 3
      vertex 61.4708 16.2828 0
      vertex 61.4708 16.2828 3
    endloop
  endfacet
  facet normal 0.904394 -0.426697 0
    outer loop
      vertex 61.4708 16.2828 0
      vertex 61.4457 16.2296 3
      vertex 61.4457 16.2296 0
    endloop
  endfacet
  facet normal 0.970042 -0.242935 0
    outer loop
      vertex 61.4115 16.1171 3
      vertex 61.4258 16.1742 0
      vertex 61.4258 16.1742 3
    endloop
  endfacet
  facet normal 0.970042 -0.242935 0
    outer loop
      vertex 61.4258 16.1742 0
      vertex 61.4115 16.1171 3
      vertex 61.4115 16.1171 0
    endloop
  endfacet
  facet normal 0.998786 -0.0492599 0
    outer loop
      vertex 61.4 16 3
      vertex 61.4029 16.0588 0
      vertex 61.4029 16.0588 3
    endloop
  endfacet
  facet normal 0.998786 -0.0492599 0
    outer loop
      vertex 61.4029 16.0588 0
      vertex 61.4 16 3
      vertex 61.4 16 0
    endloop
  endfacet
  facet normal 0.595918 -0.803046 0
    outer loop
      vertex 61.6194 16.4638 0
      vertex 61.6667 16.4989 3
      vertex 61.6194 16.4638 3
    endloop
  endfacet
  facet normal 0.595918 -0.803046 0
    outer loop
      vertex 61.6667 16.4989 3
      vertex 61.6194 16.4638 0
      vertex 61.6667 16.4989 0
    endloop
  endfacet
  facet normal 0.514496 -0.857493 0
    outer loop
      vertex 61.6667 16.4989 0
      vertex 61.7172 16.5292 3
      vertex 61.6667 16.4989 3
    endloop
  endfacet
  facet normal 0.514496 -0.857493 0
    outer loop
      vertex 61.7172 16.5292 3
      vertex 61.6667 16.4989 0
      vertex 61.7172 16.5292 0
    endloop
  endfacet
  facet normal 0.670558 -0.741857 0
    outer loop
      vertex 61.5757 16.4243 0
      vertex 61.6194 16.4638 3
      vertex 61.5757 16.4243 3
    endloop
  endfacet
  facet normal 0.670558 -0.741857 0
    outer loop
      vertex 61.6194 16.4638 3
      vertex 61.5757 16.4243 0
      vertex 61.6194 16.4638 0
    endloop
  endfacet
  facet normal 0.338058 -0.941125 0
    outer loop
      vertex 61.7704 16.5543 0
      vertex 61.8258 16.5742 3
      vertex 61.7704 16.5543 3
    endloop
  endfacet
  facet normal 0.338058 -0.941125 0
    outer loop
      vertex 61.8258 16.5742 3
      vertex 61.7704 16.5543 0
      vertex 61.8258 16.5742 0
    endloop
  endfacet
  facet normal 0.145934 -0.989294 0
    outer loop
      vertex 61.8829 16.5885 0
      vertex 61.9412 16.5971 3
      vertex 61.8829 16.5885 3
    endloop
  endfacet
  facet normal 0.145934 -0.989294 0
    outer loop
      vertex 61.9412 16.5971 3
      vertex 61.8829 16.5885 0
      vertex 61.9412 16.5971 0
    endloop
  endfacet
  facet normal -0.145934 0.989294 0
    outer loop
      vertex 62.1171 15.4115 0
      vertex 62.0588 15.4029 3
      vertex 62.1171 15.4115 3
    endloop
  endfacet
  facet normal -0.145934 0.989294 0
    outer loop
      vertex 62.0588 15.4029 3
      vertex 62.1171 15.4115 0
      vertex 62.0588 15.4029 0
    endloop
  endfacet
  facet normal -0.338058 0.941125 0
    outer loop
      vertex 62.2296 15.4457 0
      vertex 62.1742 15.4258 3
      vertex 62.2296 15.4457 3
    endloop
  endfacet
  facet normal -0.338058 0.941125 0
    outer loop
      vertex 62.1742 15.4258 3
      vertex 62.2296 15.4457 0
      vertex 62.1742 15.4258 0
    endloop
  endfacet
  facet normal -0.670558 0.741857 0
    outer loop
      vertex 62.4243 15.5757 0
      vertex 62.3806 15.5362 3
      vertex 62.4243 15.5757 3
    endloop
  endfacet
  facet normal -0.670558 0.741857 0
    outer loop
      vertex 62.3806 15.5362 3
      vertex 62.4243 15.5757 0
      vertex 62.3806 15.5362 0
    endloop
  endfacet
  facet normal -0.514496 0.857493 0
    outer loop
      vertex 62.3333 15.5011 0
      vertex 62.2828 15.4708 3
      vertex 62.3333 15.5011 3
    endloop
  endfacet
  facet normal -0.514496 0.857493 0
    outer loop
      vertex 62.2828 15.4708 3
      vertex 62.3333 15.5011 0
      vertex 62.2828 15.4708 0
    endloop
  endfacet
  facet normal -0.803046 0.595918 0
    outer loop
      vertex 62.4638 15.6194 0
      vertex 62.4989 15.6667 3
      vertex 62.4989 15.6667 0
    endloop
  endfacet
  facet normal -0.803046 0.595918 0
    outer loop
      vertex 62.4989 15.6667 3
      vertex 62.4638 15.6194 0
      vertex 62.4638 15.6194 3
    endloop
  endfacet
  facet normal -0.904394 0.426697 0
    outer loop
      vertex 62.5292 15.7172 0
      vertex 62.5543 15.7704 3
      vertex 62.5543 15.7704 0
    endloop
  endfacet
  facet normal -0.904394 0.426697 0
    outer loop
      vertex 62.5543 15.7704 3
      vertex 62.5292 15.7172 0
      vertex 62.5292 15.7172 3
    endloop
  endfacet
  facet normal -0.970042 0.242935 0
    outer loop
      vertex 62.5742 15.8258 0
      vertex 62.5885 15.8829 3
      vertex 62.5885 15.8829 0
    endloop
  endfacet
  facet normal -0.970042 0.242935 0
    outer loop
      vertex 62.5885 15.8829 3
      vertex 62.5742 15.8258 0
      vertex 62.5742 15.8258 3
    endloop
  endfacet
  facet normal -0.998786 0.0492599 0
    outer loop
      vertex 62.5971 15.9412 0
      vertex 62.6 16 3
      vertex 62.6 16 0
    endloop
  endfacet
  facet normal -0.998786 0.0492599 0
    outer loop
      vertex 62.6 16 3
      vertex 62.5971 15.9412 0
      vertex 62.5971 15.9412 3
    endloop
  endfacet
  facet normal 0.595918 0.803046 -0
    outer loop
      vertex 61.6667 15.5011 0
      vertex 61.6194 15.5362 3
      vertex 61.6667 15.5011 3
    endloop
  endfacet
  facet normal 0.595918 0.803046 0
    outer loop
      vertex 61.6194 15.5362 3
      vertex 61.6667 15.5011 0
      vertex 61.6194 15.5362 0
    endloop
  endfacet
  facet normal 0.426697 0.904394 -0
    outer loop
      vertex 61.7704 15.4457 0
      vertex 61.7172 15.4708 3
      vertex 61.7704 15.4457 3
    endloop
  endfacet
  facet normal 0.426697 0.904394 0
    outer loop
      vertex 61.7172 15.4708 3
      vertex 61.7704 15.4457 0
      vertex 61.7172 15.4708 0
    endloop
  endfacet
  facet normal 0.242935 0.970042 -0
    outer loop
      vertex 61.8829 15.4115 0
      vertex 61.8258 15.4258 3
      vertex 61.8829 15.4115 3
    endloop
  endfacet
  facet normal 0.242935 0.970042 0
    outer loop
      vertex 61.8258 15.4258 3
      vertex 61.8829 15.4115 0
      vertex 61.8258 15.4258 0
    endloop
  endfacet
  facet normal 0.0492599 0.998786 -0
    outer loop
      vertex 62 15.4 0
      vertex 61.9412 15.4029 3
      vertex 62 15.4 3
    endloop
  endfacet
  facet normal 0.0492599 0.998786 0
    outer loop
      vertex 61.9412 15.4029 3
      vertex 62 15.4 0
      vertex 61.9412 15.4029 0
    endloop
  endfacet
  facet normal 0.803046 0.595918 0
    outer loop
      vertex 61.5362 15.6194 3
      vertex 61.5011 15.6667 0
      vertex 61.5011 15.6667 3
    endloop
  endfacet
  facet normal 0.803046 0.595918 0
    outer loop
      vertex 61.5011 15.6667 0
      vertex 61.5362 15.6194 3
      vertex 61.5362 15.6194 0
    endloop
  endfacet
  facet normal 0.857493 0.514496 0
    outer loop
      vertex 61.5011 15.6667 3
      vertex 61.4708 15.7172 0
      vertex 61.4708 15.7172 3
    endloop
  endfacet
  facet normal 0.857493 0.514496 0
    outer loop
      vertex 61.4708 15.7172 0
      vertex 61.5011 15.6667 3
      vertex 61.5011 15.6667 0
    endloop
  endfacet
  facet normal 0.741857 0.670558 0
    outer loop
      vertex 61.5757 15.5757 3
      vertex 61.5362 15.6194 0
      vertex 61.5362 15.6194 3
    endloop
  endfacet
  facet normal 0.741857 0.670558 0
    outer loop
      vertex 61.5362 15.6194 0
      vertex 61.5757 15.5757 3
      vertex 61.5757 15.5757 0
    endloop
  endfacet
  facet normal 0.941125 0.338058 0
    outer loop
      vertex 61.4457 15.7704 3
      vertex 61.4258 15.8258 0
      vertex 61.4258 15.8258 3
    endloop
  endfacet
  facet normal 0.941125 0.338058 0
    outer loop
      vertex 61.4258 15.8258 0
      vertex 61.4457 15.7704 3
      vertex 61.4457 15.7704 0
    endloop
  endfacet
  facet normal 0.904394 0.426697 0
    outer loop
      vertex 61.4708 15.7172 3
      vertex 61.4457 15.7704 0
      vertex 61.4457 15.7704 3
    endloop
  endfacet
  facet normal 0.904394 0.426697 0
    outer loop
      vertex 61.4457 15.7704 0
      vertex 61.4708 15.7172 3
      vertex 61.4708 15.7172 0
    endloop
  endfacet
  facet normal 0.989294 0.145934 0
    outer loop
      vertex 61.4115 15.8829 3
      vertex 61.4029 15.9412 0
      vertex 61.4029 15.9412 3
    endloop
  endfacet
  facet normal 0.989294 0.145934 0
    outer loop
      vertex 61.4029 15.9412 0
      vertex 61.4115 15.8829 3
      vertex 61.4115 15.8829 0
    endloop
  endfacet
  facet normal 0.998786 0.0492599 0
    outer loop
      vertex 61.4029 15.9412 3
      vertex 61.4 16 0
      vertex 61.4 16 3
    endloop
  endfacet
  facet normal 0.998786 0.0492599 0
    outer loop
      vertex 61.4 16 0
      vertex 61.4029 15.9412 3
      vertex 61.4029 15.9412 0
    endloop
  endfacet
  facet normal -0.242935 0.970042 0
    outer loop
      vertex 62.1742 15.4258 0
      vertex 62.1171 15.4115 3
      vertex 62.1742 15.4258 3
    endloop
  endfacet
  facet normal -0.242935 0.970042 0
    outer loop
      vertex 62.1171 15.4115 3
      vertex 62.1742 15.4258 0
      vertex 62.1171 15.4115 0
    endloop
  endfacet
  facet normal -0.426697 0.904394 0
    outer loop
      vertex 62.2828 15.4708 0
      vertex 62.2296 15.4457 3
      vertex 62.2828 15.4708 3
    endloop
  endfacet
  facet normal -0.426697 0.904394 0
    outer loop
      vertex 62.2296 15.4457 3
      vertex 62.2828 15.4708 0
      vertex 62.2296 15.4457 0
    endloop
  endfacet
  facet normal -0.741857 0.670558 0
    outer loop
      vertex 62.4243 15.5757 0
      vertex 62.4638 15.6194 3
      vertex 62.4638 15.6194 0
    endloop
  endfacet
  facet normal -0.741857 0.670558 0
    outer loop
      vertex 62.4638 15.6194 3
      vertex 62.4243 15.5757 0
      vertex 62.4243 15.5757 3
    endloop
  endfacet
  facet normal -0.595918 0.803046 0
    outer loop
      vertex 62.3806 15.5362 0
      vertex 62.3333 15.5011 3
      vertex 62.3806 15.5362 3
    endloop
  endfacet
  facet normal -0.595918 0.803046 0
    outer loop
      vertex 62.3333 15.5011 3
      vertex 62.3806 15.5362 0
      vertex 62.3333 15.5011 0
    endloop
  endfacet
  facet normal -0.857493 0.514496 0
    outer loop
      vertex 62.4989 15.6667 0
      vertex 62.5292 15.7172 3
      vertex 62.5292 15.7172 0
    endloop
  endfacet
  facet normal -0.857493 0.514496 0
    outer loop
      vertex 62.5292 15.7172 3
      vertex 62.4989 15.6667 0
      vertex 62.4989 15.6667 3
    endloop
  endfacet
  facet normal -0.941125 0.338058 0
    outer loop
      vertex 62.5543 15.7704 0
      vertex 62.5742 15.8258 3
      vertex 62.5742 15.8258 0
    endloop
  endfacet
  facet normal -0.941125 0.338058 0
    outer loop
      vertex 62.5742 15.8258 3
      vertex 62.5543 15.7704 0
      vertex 62.5543 15.7704 3
    endloop
  endfacet
  facet normal -0.989294 0.145934 0
    outer loop
      vertex 62.5885 15.8829 0
      vertex 62.5971 15.9412 3
      vertex 62.5971 15.9412 0
    endloop
  endfacet
  facet normal -0.989294 0.145934 0
    outer loop
      vertex 62.5971 15.9412 3
      vertex 62.5885 15.8829 0
      vertex 62.5885 15.8829 3
    endloop
  endfacet
  facet normal 0.514496 0.857493 -0
    outer loop
      vertex 61.7172 15.4708 0
      vertex 61.6667 15.5011 3
      vertex 61.7172 15.4708 3
    endloop
  endfacet
  facet normal 0.514496 0.857493 0
    outer loop
      vertex 61.6667 15.5011 3
      vertex 61.7172 15.4708 0
      vertex 61.6667 15.5011 0
    endloop
  endfacet
  facet normal 0.338058 0.941125 -0
    outer loop
      vertex 61.8258 15.4258 0
      vertex 61.7704 15.4457 3
      vertex 61.8258 15.4258 3
    endloop
  endfacet
  facet normal 0.338058 0.941125 0
    outer loop
      vertex 61.7704 15.4457 3
      vertex 61.8258 15.4258 0
      vertex 61.7704 15.4457 0
    endloop
  endfacet
  facet normal 0.145934 0.989294 -0
    outer loop
      vertex 61.9412 15.4029 0
      vertex 61.8829 15.4115 3
      vertex 61.9412 15.4029 3
    endloop
  endfacet
  facet normal 0.145934 0.989294 0
    outer loop
      vertex 61.8829 15.4115 3
      vertex 61.9412 15.4029 0
      vertex 61.8829 15.4115 0
    endloop
  endfacet
  facet normal -0.0492599 0.998786 0
    outer loop
      vertex 62.0588 15.4029 0
      vertex 62 15.4 3
      vertex 62.0588 15.4029 3
    endloop
  endfacet
  facet normal -0.0492599 0.998786 0
    outer loop
      vertex 62 15.4 3
      vertex 62.0588 15.4029 0
      vertex 62 15.4 0
    endloop
  endfacet
  facet normal 0.670558 0.741857 -0
    outer loop
      vertex 61.6194 15.5362 0
      vertex 61.5757 15.5757 3
      vertex 61.6194 15.5362 3
    endloop
  endfacet
  facet normal 0.670558 0.741857 0
    outer loop
      vertex 61.5757 15.5757 3
      vertex 61.6194 15.5362 0
      vertex 61.5757 15.5757 0
    endloop
  endfacet
  facet normal 0.970042 0.242935 0
    outer loop
      vertex 61.4258 15.8258 3
      vertex 61.4115 15.8829 0
      vertex 61.4115 15.8829 3
    endloop
  endfacet
  facet normal 0.970042 0.242935 0
    outer loop
      vertex 61.4115 15.8829 0
      vertex 61.4258 15.8258 3
      vertex 61.4258 15.8258 0
    endloop
  endfacet
  facet normal -0.595918 -0.803046 0
    outer loop
      vertex 62.3333 24.4989 0
      vertex 62.3806 24.4638 3
      vertex 62.3333 24.4989 3
    endloop
  endfacet
  facet normal -0.595918 -0.803046 -0
    outer loop
      vertex 62.3806 24.4638 3
      vertex 62.3333 24.4989 0
      vertex 62.3806 24.4638 0
    endloop
  endfacet
  facet normal 0.426697 -0.904394 0
    outer loop
      vertex 61.7172 24.5292 0
      vertex 61.7704 24.5543 3
      vertex 61.7172 24.5292 3
    endloop
  endfacet
  facet normal 0.426697 -0.904394 0
    outer loop
      vertex 61.7704 24.5543 3
      vertex 61.7172 24.5292 0
      vertex 61.7704 24.5543 0
    endloop
  endfacet
  facet normal 0.941125 -0.338058 0
    outer loop
      vertex 61.4258 24.1742 3
      vertex 61.4457 24.2296 0
      vertex 61.4457 24.2296 3
    endloop
  endfacet
  facet normal 0.941125 -0.338058 0
    outer loop
      vertex 61.4457 24.2296 0
      vertex 61.4258 24.1742 3
      vertex 61.4258 24.1742 0
    endloop
  endfacet
  facet normal -0.941125 0.338058 0
    outer loop
      vertex 62.5543 23.7704 0
      vertex 62.5742 23.8258 3
      vertex 62.5742 23.8258 0
    endloop
  endfacet
  facet normal -0.941125 0.338058 0
    outer loop
      vertex 62.5742 23.8258 3
      vertex 62.5543 23.7704 0
      vertex 62.5543 23.7704 3
    endloop
  endfacet
  facet normal -0.904394 -0.426697 0
    outer loop
      vertex 62.5543 24.2296 0
      vertex 62.5292 24.2828 3
      vertex 62.5292 24.2828 0
    endloop
  endfacet
  facet normal -0.904394 -0.426697 0
    outer loop
      vertex 62.5292 24.2828 3
      vertex 62.5543 24.2296 0
      vertex 62.5543 24.2296 3
    endloop
  endfacet
  facet normal -0.857493 -0.514496 0
    outer loop
      vertex 62.5292 24.2828 0
      vertex 62.4989 24.3333 3
      vertex 62.4989 24.3333 0
    endloop
  endfacet
  facet normal -0.857493 -0.514496 0
    outer loop
      vertex 62.4989 24.3333 3
      vertex 62.5292 24.2828 0
      vertex 62.5292 24.2828 3
    endloop
  endfacet
  facet normal -0.338058 -0.941125 0
    outer loop
      vertex 62.1742 24.5742 0
      vertex 62.2296 24.5543 3
      vertex 62.1742 24.5742 3
    endloop
  endfacet
  facet normal -0.338058 -0.941125 -0
    outer loop
      vertex 62.2296 24.5543 3
      vertex 62.1742 24.5742 0
      vertex 62.2296 24.5543 0
    endloop
  endfacet
  facet normal -0.0492599 -0.998786 0
    outer loop
      vertex 62 24.6 0
      vertex 62.0588 24.5971 3
      vertex 62 24.6 3
    endloop
  endfacet
  facet normal -0.0492599 -0.998786 -0
    outer loop
      vertex 62.0588 24.5971 3
      vertex 62 24.6 0
      vertex 62.0588 24.5971 0
    endloop
  endfacet
  facet normal 0.998786 -0.0492599 0
    outer loop
      vertex 61.4 24 3
      vertex 61.4029 24.0588 0
      vertex 61.4029 24.0588 3
    endloop
  endfacet
  facet normal 0.998786 -0.0492599 0
    outer loop
      vertex 61.4029 24.0588 0
      vertex 61.4 24 3
      vertex 61.4 24 0
    endloop
  endfacet
  facet normal 0.803046 -0.595918 0
    outer loop
      vertex 61.5011 24.3333 3
      vertex 61.5362 24.3806 0
      vertex 61.5362 24.3806 3
    endloop
  endfacet
  facet normal 0.803046 -0.595918 0
    outer loop
      vertex 61.5362 24.3806 0
      vertex 61.5011 24.3333 3
      vertex 61.5011 24.3333 0
    endloop
  endfacet
  facet normal 0.242935 -0.970042 0
    outer loop
      vertex 61.8258 24.5742 0
      vertex 61.8829 24.5885 3
      vertex 61.8258 24.5742 3
    endloop
  endfacet
  facet normal 0.242935 -0.970042 0
    outer loop
      vertex 61.8829 24.5885 3
      vertex 61.8258 24.5742 0
      vertex 61.8829 24.5885 0
    endloop
  endfacet
  facet normal -0.998786 0.0492599 0
    outer loop
      vertex 62.5971 23.9412 0
      vertex 62.6 24 3
      vertex 62.6 24 0
    endloop
  endfacet
  facet normal -0.998786 0.0492599 0
    outer loop
      vertex 62.6 24 3
      vertex 62.5971 23.9412 0
      vertex 62.5971 23.9412 3
    endloop
  endfacet
  facet normal -0.803046 0.595918 0
    outer loop
      vertex 62.4638 23.6194 0
      vertex 62.4989 23.6667 3
      vertex 62.4989 23.6667 0
    endloop
  endfacet
  facet normal -0.803046 0.595918 0
    outer loop
      vertex 62.4989 23.6667 3
      vertex 62.4638 23.6194 0
      vertex 62.4638 23.6194 3
    endloop
  endfacet
  facet normal 0.0492599 0.998786 -0
    outer loop
      vertex 62 23.4 0
      vertex 61.9412 23.4029 3
      vertex 62 23.4 3
    endloop
  endfacet
  facet normal 0.0492599 0.998786 0
    outer loop
      vertex 61.9412 23.4029 3
      vertex 62 23.4 0
      vertex 61.9412 23.4029 0
    endloop
  endfacet
  facet normal 0.595918 0.803046 -0
    outer loop
      vertex 61.6667 23.5011 0
      vertex 61.6194 23.5362 3
      vertex 61.6667 23.5011 3
    endloop
  endfacet
  facet normal 0.595918 0.803046 0
    outer loop
      vertex 61.6194 23.5362 3
      vertex 61.6667 23.5011 0
      vertex 61.6194 23.5362 0
    endloop
  endfacet
  facet normal 0.904394 0.426697 0
    outer loop
      vertex 61.4708 23.7172 3
      vertex 61.4457 23.7704 0
      vertex 61.4457 23.7704 3
    endloop
  endfacet
  facet normal 0.904394 0.426697 0
    outer loop
      vertex 61.4457 23.7704 0
      vertex 61.4708 23.7172 3
      vertex 61.4708 23.7172 0
    endloop
  endfacet
  facet normal 0.741857 0.670558 0
    outer loop
      vertex 61.5757 23.5757 3
      vertex 61.5362 23.6194 0
      vertex 61.5362 23.6194 3
    endloop
  endfacet
  facet normal 0.741857 0.670558 0
    outer loop
      vertex 61.5362 23.6194 0
      vertex 61.5757 23.5757 3
      vertex 61.5757 23.5757 0
    endloop
  endfacet
  facet normal -0.989294 -0.145934 0
    outer loop
      vertex 62.5971 24.0588 0
      vertex 62.5885 24.1171 3
      vertex 62.5885 24.1171 0
    endloop
  endfacet
  facet normal -0.989294 -0.145934 0
    outer loop
      vertex 62.5885 24.1171 3
      vertex 62.5971 24.0588 0
      vertex 62.5971 24.0588 3
    endloop
  endfacet
  facet normal -0.970042 -0.242935 0
    outer loop
      vertex 62.5885 24.1171 0
      vertex 62.5742 24.1742 3
      vertex 62.5742 24.1742 0
    endloop
  endfacet
  facet normal -0.970042 -0.242935 0
    outer loop
      vertex 62.5742 24.1742 3
      vertex 62.5885 24.1171 0
      vertex 62.5885 24.1171 3
    endloop
  endfacet
  facet normal -0.941125 -0.338058 0
    outer loop
      vertex 62.5742 24.1742 0
      vertex 62.5543 24.2296 3
      vertex 62.5543 24.2296 0
    endloop
  endfacet
  facet normal -0.941125 -0.338058 0
    outer loop
      vertex 62.5543 24.2296 3
      vertex 62.5742 24.1742 0
      vertex 62.5742 24.1742 3
    endloop
  endfacet
  facet normal -0.741857 -0.670558 0
    outer loop
      vertex 62.4638 24.3806 0
      vertex 62.4243 24.4243 3
      vertex 62.4243 24.4243 0
    endloop
  endfacet
  facet normal -0.741857 -0.670558 0
    outer loop
      vertex 62.4243 24.4243 3
      vertex 62.4638 24.3806 0
      vertex 62.4638 24.3806 3
    endloop
  endfacet
  facet normal -0.803046 -0.595918 0
    outer loop
      vertex 62.4989 24.3333 0
      vertex 62.4638 24.3806 3
      vertex 62.4638 24.3806 0
    endloop
  endfacet
  facet normal -0.803046 -0.595918 0
    outer loop
      vertex 62.4638 24.3806 3
      vertex 62.4989 24.3333 0
      vertex 62.4989 24.3333 3
    endloop
  endfacet
  facet normal -0.670558 -0.741857 0
    outer loop
      vertex 62.3806 24.4638 0
      vertex 62.4243 24.4243 3
      vertex 62.3806 24.4638 3
    endloop
  endfacet
  facet normal -0.670558 -0.741857 -0
    outer loop
      vertex 62.4243 24.4243 3
      vertex 62.3806 24.4638 0
      vertex 62.4243 24.4243 0
    endloop
  endfacet
  facet normal -0.514496 -0.857493 0
    outer loop
      vertex 62.2828 24.5292 0
      vertex 62.3333 24.4989 3
      vertex 62.2828 24.5292 3
    endloop
  endfacet
  facet normal -0.514496 -0.857493 -0
    outer loop
      vertex 62.3333 24.4989 3
      vertex 62.2828 24.5292 0
      vertex 62.3333 24.4989 0
    endloop
  endfacet
  facet normal 0.0492599 -0.998786 0
    outer loop
      vertex 61.9412 24.5971 0
      vertex 62 24.6 3
      vertex 61.9412 24.5971 3
    endloop
  endfacet
  facet normal 0.0492599 -0.998786 0
    outer loop
      vertex 62 24.6 3
      vertex 61.9412 24.5971 0
      vertex 62 24.6 0
    endloop
  endfacet
  facet normal -0.426697 -0.904394 0
    outer loop
      vertex 62.2296 24.5543 0
      vertex 62.2828 24.5292 3
      vertex 62.2296 24.5543 3
    endloop
  endfacet
  facet normal -0.426697 -0.904394 -0
    outer loop
      vertex 62.2828 24.5292 3
      vertex 62.2296 24.5543 0
      vertex 62.2828 24.5292 0
    endloop
  endfacet
  facet normal -0.242935 -0.970042 0
    outer loop
      vertex 62.1171 24.5885 0
      vertex 62.1742 24.5742 3
      vertex 62.1171 24.5885 3
    endloop
  endfacet
  facet normal -0.242935 -0.970042 -0
    outer loop
      vertex 62.1742 24.5742 3
      vertex 62.1171 24.5885 0
      vertex 62.1742 24.5742 0
    endloop
  endfacet
  facet normal -0.145934 -0.989294 0
    outer loop
      vertex 62.0588 24.5971 0
      vertex 62.1171 24.5885 3
      vertex 62.0588 24.5971 3
    endloop
  endfacet
  facet normal -0.145934 -0.989294 -0
    outer loop
      vertex 62.1171 24.5885 3
      vertex 62.0588 24.5971 0
      vertex 62.1171 24.5885 0
    endloop
  endfacet
  facet normal 0.970042 -0.242935 0
    outer loop
      vertex 61.4115 24.1171 3
      vertex 61.4258 24.1742 0
      vertex 61.4258 24.1742 3
    endloop
  endfacet
  facet normal 0.970042 -0.242935 0
    outer loop
      vertex 61.4258 24.1742 0
      vertex 61.4115 24.1171 3
      vertex 61.4115 24.1171 0
    endloop
  endfacet
  facet normal 0.989294 -0.145934 0
    outer loop
      vertex 61.4029 24.0588 3
      vertex 61.4115 24.1171 0
      vertex 61.4115 24.1171 3
    endloop
  endfacet
  facet normal 0.989294 -0.145934 0
    outer loop
      vertex 61.4115 24.1171 0
      vertex 61.4029 24.0588 3
      vertex 61.4029 24.0588 0
    endloop
  endfacet
  facet normal 0.904394 -0.426697 0
    outer loop
      vertex 61.4457 24.2296 3
      vertex 61.4708 24.2828 0
      vertex 61.4708 24.2828 3
    endloop
  endfacet
  facet normal 0.904394 -0.426697 0
    outer loop
      vertex 61.4708 24.2828 0
      vertex 61.4457 24.2296 3
      vertex 61.4457 24.2296 0
    endloop
  endfacet
  facet normal 0.857493 -0.514496 0
    outer loop
      vertex 61.4708 24.2828 3
      vertex 61.5011 24.3333 0
      vertex 61.5011 24.3333 3
    endloop
  endfacet
  facet normal 0.857493 -0.514496 0
    outer loop
      vertex 61.5011 24.3333 0
      vertex 61.4708 24.2828 3
      vertex 61.4708 24.2828 0
    endloop
  endfacet
  facet normal 0.338058 -0.941125 0
    outer loop
      vertex 61.7704 24.5543 0
      vertex 61.8258 24.5742 3
      vertex 61.7704 24.5543 3
    endloop
  endfacet
  facet normal 0.338058 -0.941125 0
    outer loop
      vertex 61.8258 24.5742 3
      vertex 61.7704 24.5543 0
      vertex 61.8258 24.5742 0
    endloop
  endfacet
  facet normal 0.145934 -0.989294 0
    outer loop
      vertex 61.8829 24.5885 0
      vertex 61.9412 24.5971 3
      vertex 61.8829 24.5885 3
    endloop
  endfacet
  facet normal 0.145934 -0.989294 0
    outer loop
      vertex 61.9412 24.5971 3
      vertex 61.8829 24.5885 0
      vertex 61.9412 24.5971 0
    endloop
  endfacet
  facet normal 0.595918 -0.803046 0
    outer loop
      vertex 61.6194 24.4638 0
      vertex 61.6667 24.4989 3
      vertex 61.6194 24.4638 3
    endloop
  endfacet
  facet normal 0.595918 -0.803046 0
    outer loop
      vertex 61.6667 24.4989 3
      vertex 61.6194 24.4638 0
      vertex 61.6667 24.4989 0
    endloop
  endfacet
  facet normal 0.670558 -0.741857 0
    outer loop
      vertex 61.5757 24.4243 0
      vertex 61.6194 24.4638 3
      vertex 61.5757 24.4243 3
    endloop
  endfacet
  facet normal 0.670558 -0.741857 0
    outer loop
      vertex 61.6194 24.4638 3
      vertex 61.5757 24.4243 0
      vertex 61.6194 24.4638 0
    endloop
  endfacet
  facet normal 0.514496 -0.857493 0
    outer loop
      vertex 61.6667 24.4989 0
      vertex 61.7172 24.5292 3
      vertex 61.6667 24.4989 3
    endloop
  endfacet
  facet normal 0.514496 -0.857493 0
    outer loop
      vertex 61.7172 24.5292 3
      vertex 61.6667 24.4989 0
      vertex 61.7172 24.5292 0
    endloop
  endfacet
  facet normal 0.741857 -0.670558 0
    outer loop
      vertex 61.5362 24.3806 3
      vertex 61.5757 24.4243 0
      vertex 61.5757 24.4243 3
    endloop
  endfacet
  facet normal 0.741857 -0.670558 0
    outer loop
      vertex 61.5757 24.4243 0
      vertex 61.5362 24.3806 3
      vertex 61.5362 24.3806 0
    endloop
  endfacet
  facet normal -0.998786 -0.0492599 0
    outer loop
      vertex 62.6 24 0
      vertex 62.5971 24.0588 3
      vertex 62.5971 24.0588 0
    endloop
  endfacet
  facet normal -0.998786 -0.0492599 0
    outer loop
      vertex 62.5971 24.0588 3
      vertex 62.6 24 0
      vertex 62.6 24 3
    endloop
  endfacet
  facet normal -0.145934 0.989294 0
    outer loop
      vertex 62.1171 23.4115 0
      vertex 62.0588 23.4029 3
      vertex 62.1171 23.4115 3
    endloop
  endfacet
  facet normal -0.145934 0.989294 0
    outer loop
      vertex 62.0588 23.4029 3
      vertex 62.1171 23.4115 0
      vertex 62.0588 23.4029 0
    endloop
  endfacet
  facet normal -0.970042 0.242935 0
    outer loop
      vertex 62.5742 23.8258 0
      vertex 62.5885 23.8829 3
      vertex 62.5885 23.8829 0
    endloop
  endfacet
  facet normal -0.970042 0.242935 0
    outer loop
      vertex 62.5885 23.8829 3
      vertex 62.5742 23.8258 0
      vertex 62.5742 23.8258 3
    endloop
  endfacet
  facet normal -0.338058 0.941125 0
    outer loop
      vertex 62.2296 23.4457 0
      vertex 62.1742 23.4258 3
      vertex 62.2296 23.4457 3
    endloop
  endfacet
  facet normal -0.338058 0.941125 0
    outer loop
      vertex 62.1742 23.4258 3
      vertex 62.2296 23.4457 0
      vertex 62.1742 23.4258 0
    endloop
  endfacet
  facet normal -0.670558 0.741857 0
    outer loop
      vertex 62.4243 23.5757 0
      vertex 62.3806 23.5362 3
      vertex 62.4243 23.5757 3
    endloop
  endfacet
  facet normal -0.670558 0.741857 0
    outer loop
      vertex 62.3806 23.5362 3
      vertex 62.4243 23.5757 0
      vertex 62.3806 23.5362 0
    endloop
  endfacet
  facet normal -0.514496 0.857493 0
    outer loop
      vertex 62.3333 23.5011 0
      vertex 62.2828 23.4708 3
      vertex 62.3333 23.5011 3
    endloop
  endfacet
  facet normal -0.514496 0.857493 0
    outer loop
      vertex 62.2828 23.4708 3
      vertex 62.3333 23.5011 0
      vertex 62.2828 23.4708 0
    endloop
  endfacet
  facet normal -0.904394 0.426697 0
    outer loop
      vertex 62.5292 23.7172 0
      vertex 62.5543 23.7704 3
      vertex 62.5543 23.7704 0
    endloop
  endfacet
  facet normal -0.904394 0.426697 0
    outer loop
      vertex 62.5543 23.7704 3
      vertex 62.5292 23.7172 0
      vertex 62.5292 23.7172 3
    endloop
  endfacet
  facet normal -0.0492599 0.998786 0
    outer loop
      vertex 62.0588 23.4029 0
      vertex 62 23.4 3
      vertex 62.0588 23.4029 3
    endloop
  endfacet
  facet normal -0.0492599 0.998786 0
    outer loop
      vertex 62 23.4 3
      vertex 62.0588 23.4029 0
      vertex 62 23.4 0
    endloop
  endfacet
  facet normal 0.242935 0.970042 -0
    outer loop
      vertex 61.8829 23.4115 0
      vertex 61.8258 23.4258 3
      vertex 61.8829 23.4115 3
    endloop
  endfacet
  facet normal 0.242935 0.970042 0
    outer loop
      vertex 61.8258 23.4258 3
      vertex 61.8829 23.4115 0
      vertex 61.8258 23.4258 0
    endloop
  endfacet
  facet normal 0.426697 0.904394 -0
    outer loop
      vertex 61.7704 23.4457 0
      vertex 61.7172 23.4708 3
      vertex 61.7704 23.4457 3
    endloop
  endfacet
  facet normal 0.426697 0.904394 0
    outer loop
      vertex 61.7172 23.4708 3
      vertex 61.7704 23.4457 0
      vertex 61.7172 23.4708 0
    endloop
  endfacet
  facet normal 0.514496 0.857493 -0
    outer loop
      vertex 61.7172 23.4708 0
      vertex 61.6667 23.5011 3
      vertex 61.7172 23.4708 3
    endloop
  endfacet
  facet normal 0.514496 0.857493 0
    outer loop
      vertex 61.6667 23.5011 3
      vertex 61.7172 23.4708 0
      vertex 61.6667 23.5011 0
    endloop
  endfacet
  facet normal 0.989294 0.145934 0
    outer loop
      vertex 61.4115 23.8829 3
      vertex 61.4029 23.9412 0
      vertex 61.4029 23.9412 3
    endloop
  endfacet
  facet normal 0.989294 0.145934 0
    outer loop
      vertex 61.4029 23.9412 0
      vertex 61.4115 23.8829 3
      vertex 61.4115 23.8829 0
    endloop
  endfacet
  facet normal 0.941125 0.338058 0
    outer loop
      vertex 61.4457 23.7704 3
      vertex 61.4258 23.8258 0
      vertex 61.4258 23.8258 3
    endloop
  endfacet
  facet normal 0.941125 0.338058 0
    outer loop
      vertex 61.4258 23.8258 0
      vertex 61.4457 23.7704 3
      vertex 61.4457 23.7704 0
    endloop
  endfacet
  facet normal 0.970042 0.242935 0
    outer loop
      vertex 61.4258 23.8258 3
      vertex 61.4115 23.8829 0
      vertex 61.4115 23.8829 3
    endloop
  endfacet
  facet normal 0.970042 0.242935 0
    outer loop
      vertex 61.4115 23.8829 0
      vertex 61.4258 23.8258 3
      vertex 61.4258 23.8258 0
    endloop
  endfacet
  facet normal 0.857493 0.514496 0
    outer loop
      vertex 61.5011 23.6667 3
      vertex 61.4708 23.7172 0
      vertex 61.4708 23.7172 3
    endloop
  endfacet
  facet normal 0.857493 0.514496 0
    outer loop
      vertex 61.4708 23.7172 0
      vertex 61.5011 23.6667 3
      vertex 61.5011 23.6667 0
    endloop
  endfacet
  facet normal 0.998786 0.0492599 0
    outer loop
      vertex 61.4029 23.9412 3
      vertex 61.4 24 0
      vertex 61.4 24 3
    endloop
  endfacet
  facet normal 0.998786 0.0492599 0
    outer loop
      vertex 61.4 24 0
      vertex 61.4029 23.9412 3
      vertex 61.4029 23.9412 0
    endloop
  endfacet
  facet normal -0.989294 0.145934 0
    outer loop
      vertex 62.5885 23.8829 0
      vertex 62.5971 23.9412 3
      vertex 62.5971 23.9412 0
    endloop
  endfacet
  facet normal -0.989294 0.145934 0
    outer loop
      vertex 62.5971 23.9412 3
      vertex 62.5885 23.8829 0
      vertex 62.5885 23.8829 3
    endloop
  endfacet
  facet normal -0.242935 0.970042 0
    outer loop
      vertex 62.1742 23.4258 0
      vertex 62.1171 23.4115 3
      vertex 62.1742 23.4258 3
    endloop
  endfacet
  facet normal -0.242935 0.970042 0
    outer loop
      vertex 62.1171 23.4115 3
      vertex 62.1742 23.4258 0
      vertex 62.1171 23.4115 0
    endloop
  endfacet
  facet normal -0.426697 0.904394 0
    outer loop
      vertex 62.2828 23.4708 0
      vertex 62.2296 23.4457 3
      vertex 62.2828 23.4708 3
    endloop
  endfacet
  facet normal -0.426697 0.904394 0
    outer loop
      vertex 62.2296 23.4457 3
      vertex 62.2828 23.4708 0
      vertex 62.2296 23.4457 0
    endloop
  endfacet
  facet normal -0.741857 0.670558 0
    outer loop
      vertex 62.4243 23.5757 0
      vertex 62.4638 23.6194 3
      vertex 62.4638 23.6194 0
    endloop
  endfacet
  facet normal -0.741857 0.670558 0
    outer loop
      vertex 62.4638 23.6194 3
      vertex 62.4243 23.5757 0
      vertex 62.4243 23.5757 3
    endloop
  endfacet
  facet normal -0.595918 0.803046 0
    outer loop
      vertex 62.3806 23.5362 0
      vertex 62.3333 23.5011 3
      vertex 62.3806 23.5362 3
    endloop
  endfacet
  facet normal -0.595918 0.803046 0
    outer loop
      vertex 62.3333 23.5011 3
      vertex 62.3806 23.5362 0
      vertex 62.3333 23.5011 0
    endloop
  endfacet
  facet normal -0.857493 0.514496 0
    outer loop
      vertex 62.4989 23.6667 0
      vertex 62.5292 23.7172 3
      vertex 62.5292 23.7172 0
    endloop
  endfacet
  facet normal -0.857493 0.514496 0
    outer loop
      vertex 62.5292 23.7172 3
      vertex 62.4989 23.6667 0
      vertex 62.4989 23.6667 3
    endloop
  endfacet
  facet normal 0.145934 0.989294 -0
    outer loop
      vertex 61.9412 23.4029 0
      vertex 61.8829 23.4115 3
      vertex 61.9412 23.4029 3
    endloop
  endfacet
  facet normal 0.145934 0.989294 0
    outer loop
      vertex 61.8829 23.4115 3
      vertex 61.9412 23.4029 0
      vertex 61.8829 23.4115 0
    endloop
  endfacet
  facet normal 0.338058 0.941125 -0
    outer loop
      vertex 61.8258 23.4258 0
      vertex 61.7704 23.4457 3
      vertex 61.8258 23.4258 3
    endloop
  endfacet
  facet normal 0.338058 0.941125 0
    outer loop
      vertex 61.7704 23.4457 3
      vertex 61.8258 23.4258 0
      vertex 61.7704 23.4457 0
    endloop
  endfacet
  facet normal 0.803046 0.595918 0
    outer loop
      vertex 61.5362 23.6194 3
      vertex 61.5011 23.6667 0
      vertex 61.5011 23.6667 3
    endloop
  endfacet
  facet normal 0.803046 0.595918 0
    outer loop
      vertex 61.5011 23.6667 0
      vertex 61.5362 23.6194 3
      vertex 61.5362 23.6194 0
    endloop
  endfacet
  facet normal 0.670558 0.741857 -0
    outer loop
      vertex 61.6194 23.5362 0
      vertex 61.5757 23.5757 3
      vertex 61.6194 23.5362 3
    endloop
  endfacet
  facet normal 0.670558 0.741857 0
    outer loop
      vertex 61.5757 23.5757 3
      vertex 61.6194 23.5362 0
      vertex 61.5757 23.5757 0
    endloop
  endfacet
  facet normal -0.85774 -0.514084 0
    outer loop
      vertex 6.41107 5.75423 0
      vertex 6.33035 5.88891 3
      vertex 6.33035 5.88891 0
    endloop
  endfacet
  facet normal -0.85774 -0.514084 0
    outer loop
      vertex 6.33035 5.88891 3
      vertex 6.41107 5.75423 0
      vertex 6.41107 5.75423 3
    endloop
  endfacet
  facet normal -0.336845 -0.94156 0
    outer loop
      vertex 5.46445 6.5311 0
      vertex 5.61229 6.47821 3
      vertex 5.46445 6.5311 3
    endloop
  endfacet
  facet normal -0.336845 -0.94156 -0
    outer loop
      vertex 5.61229 6.47821 3
      vertex 5.46445 6.5311 0
      vertex 5.61229 6.47821 0
    endloop
  endfacet
  facet normal 0.427569 -0.903983 0
    outer loop
      vertex 4.24576 6.41107 0
      vertex 4.38771 6.47821 3
      vertex 4.24576 6.41107 3
    endloop
  endfacet
  facet normal 0.427569 -0.903983 0
    outer loop
      vertex 4.38771 6.47821 3
      vertex 4.24576 6.41107 0
      vertex 4.38771 6.47821 0
    endloop
  endfacet
  facet normal 0.94154 -0.336901 0
    outer loop
      vertex 3.46889 5.46445 3
      vertex 3.52179 5.61229 0
      vertex 3.52179 5.61229 3
    endloop
  endfacet
  facet normal 0.94154 -0.336901 0
    outer loop
      vertex 3.52179 5.61229 0
      vertex 3.46889 5.46445 3
      vertex 3.46889 5.46445 0
    endloop
  endfacet
  facet normal -0.998794 0.0491022 0
    outer loop
      vertex 6.59229 4.84317 0
      vertex 6.6 5 3
      vertex 6.6 5 0
    endloop
  endfacet
  facet normal -0.998794 0.0491022 0
    outer loop
      vertex 6.6 5 3
      vertex 6.59229 4.84317 0
      vertex 6.59229 4.84317 3
    endloop
  endfacet
  facet normal 0.998797 0.0490387 0
    outer loop
      vertex 3.4077 4.84317 3
      vertex 3.4 5 0
      vertex 3.4 5 3
    endloop
  endfacet
  facet normal 0.998797 0.0490387 0
    outer loop
      vertex 3.4 5 0
      vertex 3.4077 4.84317 3
      vertex 3.4077 4.84317 0
    endloop
  endfacet
  facet normal 0.671578 -0.740933 0
    outer loop
      vertex 3.86863 6.13137 0
      vertex 3.98497 6.23682 3
      vertex 3.86863 6.13137 3
    endloop
  endfacet
  facet normal 0.671578 -0.740933 0
    outer loop
      vertex 3.98497 6.23682 3
      vertex 3.86863 6.13137 0
      vertex 3.98497 6.23682 0
    endloop
  endfacet
  facet normal 0.0490387 0.998797 -0
    outer loop
      vertex 5 3.4 0
      vertex 4.84317 3.4077 3
      vertex 5 3.4 3
    endloop
  endfacet
  facet normal 0.0490387 0.998797 0
    outer loop
      vertex 4.84317 3.4077 3
      vertex 5 3.4 0
      vertex 4.84317 3.4077 0
    endloop
  endfacet
  facet normal -0.24297 0.970034 0
    outer loop
      vertex 5.46445 3.46889 0
      vertex 5.31214 3.43074 3
      vertex 5.46445 3.46889 3
    endloop
  endfacet
  facet normal -0.24297 0.970034 0
    outer loop
      vertex 5.31214 3.43074 3
      vertex 5.46445 3.46889 0
      vertex 5.31214 3.43074 0
    endloop
  endfacet
  facet normal -0.989184 -0.14668 0
    outer loop
      vertex 6.59229 5.15683 0
      vertex 6.56926 5.31214 3
      vertex 6.56926 5.31214 0
    endloop
  endfacet
  facet normal -0.989184 -0.14668 0
    outer loop
      vertex 6.56926 5.31214 3
      vertex 6.59229 5.15683 0
      vertex 6.59229 5.15683 3
    endloop
  endfacet
  facet normal -0.803229 -0.595671 0
    outer loop
      vertex 6.33035 5.88891 0
      vertex 6.23682 6.01503 3
      vertex 6.23682 6.01503 0
    endloop
  endfacet
  facet normal -0.803229 -0.595671 0
    outer loop
      vertex 6.23682 6.01503 3
      vertex 6.33035 5.88891 0
      vertex 6.33035 5.88891 3
    endloop
  endfacet
  facet normal -0.671578 -0.740933 0
    outer loop
      vertex 6.01503 6.23682 0
      vertex 6.13137 6.13137 3
      vertex 6.01503 6.23682 3
    endloop
  endfacet
  facet normal -0.671578 -0.740933 -0
    outer loop
      vertex 6.13137 6.13137 3
      vertex 6.01503 6.23682 0
      vertex 6.13137 6.13137 0
    endloop
  endfacet
  facet normal -0.740933 -0.671578 0
    outer loop
      vertex 6.23682 6.01503 0
      vertex 6.13137 6.13137 3
      vertex 6.13137 6.13137 0
    endloop
  endfacet
  facet normal -0.740933 -0.671578 0
    outer loop
      vertex 6.13137 6.13137 3
      vertex 6.23682 6.01503 0
      vertex 6.23682 6.01503 3
    endloop
  endfacet
  facet normal 0.0491022 -0.998794 0
    outer loop
      vertex 4.84317 6.59229 0
      vertex 5 6.6 3
      vertex 4.84317 6.59229 3
    endloop
  endfacet
  facet normal 0.0491022 -0.998794 0
    outer loop
      vertex 5 6.6 3
      vertex 4.84317 6.59229 0
      vertex 5 6.6 0
    endloop
  endfacet
  facet normal -0.24303 -0.970019 0
    outer loop
      vertex 5.31214 6.56926 0
      vertex 5.46445 6.5311 3
      vertex 5.31214 6.56926 3
    endloop
  endfacet
  facet normal -0.24303 -0.970019 -0
    outer loop
      vertex 5.46445 6.5311 3
      vertex 5.31214 6.56926 0
      vertex 5.46445 6.5311 0
    endloop
  endfacet
  facet normal -0.14668 -0.989184 0
    outer loop
      vertex 5.15683 6.59229 0
      vertex 5.31214 6.56926 3
      vertex 5.15683 6.59229 3
    endloop
  endfacet
  facet normal -0.14668 -0.989184 -0
    outer loop
      vertex 5.31214 6.56926 3
      vertex 5.15683 6.59229 0
      vertex 5.31214 6.56926 0
    endloop
  endfacet
  facet normal -0.595671 -0.803229 0
    outer loop
      vertex 5.88891 6.33035 0
      vertex 6.01503 6.23682 3
      vertex 5.88891 6.33035 3
    endloop
  endfacet
  facet normal -0.595671 -0.803229 -0
    outer loop
      vertex 6.01503 6.23682 3
      vertex 5.88891 6.33035 0
      vertex 6.01503 6.23682 0
    endloop
  endfacet
  facet normal -0.514084 -0.85774 0
    outer loop
      vertex 5.75423 6.41107 0
      vertex 5.88891 6.33035 3
      vertex 5.75423 6.41107 3
    endloop
  endfacet
  facet normal -0.514084 -0.85774 -0
    outer loop
      vertex 5.88891 6.33035 3
      vertex 5.75423 6.41107 0
      vertex 5.88891 6.33035 0
    endloop
  endfacet
  facet normal 0.970034 -0.24297 0
    outer loop
      vertex 3.43074 5.31214 3
      vertex 3.46889 5.46445 0
      vertex 3.46889 5.46445 3
    endloop
  endfacet
  facet normal 0.970034 -0.24297 0
    outer loop
      vertex 3.46889 5.46445 0
      vertex 3.43074 5.31214 3
      vertex 3.43074 5.31214 0
    endloop
  endfacet
  facet normal 0.989175 -0.146743 0
    outer loop
      vertex 3.4077 5.15683 3
      vertex 3.43074 5.31214 0
      vertex 3.43074 5.31214 3
    endloop
  endfacet
  facet normal 0.989175 -0.146743 0
    outer loop
      vertex 3.43074 5.31214 0
      vertex 3.4077 5.15683 3
      vertex 3.4077 5.15683 0
    endloop
  endfacet
  facet normal 0.803229 -0.595671 0
    outer loop
      vertex 3.66965 5.88891 3
      vertex 3.76318 6.01503 0
      vertex 3.76318 6.01503 3
    endloop
  endfacet
  facet normal 0.803229 -0.595671 0
    outer loop
      vertex 3.76318 6.01503 0
      vertex 3.66965 5.88891 3
      vertex 3.66965 5.88891 0
    endloop
  endfacet
  facet normal 0.903971 -0.427594 0
    outer loop
      vertex 3.52179 5.61229 3
      vertex 3.58893 5.75423 0
      vertex 3.58893 5.75423 3
    endloop
  endfacet
  facet normal 0.903971 -0.427594 0
    outer loop
      vertex 3.58893 5.75423 0
      vertex 3.52179 5.61229 3
      vertex 3.52179 5.61229 0
    endloop
  endfacet
  facet normal 0.85774 -0.514084 0
    outer loop
      vertex 3.58893 5.75423 3
      vertex 3.66965 5.88891 0
      vertex 3.66965 5.88891 3
    endloop
  endfacet
  facet normal 0.85774 -0.514084 0
    outer loop
      vertex 3.66965 5.88891 0
      vertex 3.58893 5.75423 3
      vertex 3.58893 5.75423 0
    endloop
  endfacet
  facet normal 0.146671 -0.989185 0
    outer loop
      vertex 4.68785 6.56926 0
      vertex 4.84317 6.59229 3
      vertex 4.68785 6.56926 3
    endloop
  endfacet
  facet normal 0.146671 -0.989185 0
    outer loop
      vertex 4.84317 6.59229 3
      vertex 4.68785 6.56926 0
      vertex 4.84317 6.59229 0
    endloop
  endfacet
  facet normal 0.24303 -0.970019 0
    outer loop
      vertex 4.53554 6.5311 0
      vertex 4.68785 6.56926 3
      vertex 4.53554 6.5311 3
    endloop
  endfacet
  facet normal 0.24303 -0.970019 0
    outer loop
      vertex 4.68785 6.56926 3
      vertex 4.53554 6.5311 0
      vertex 4.68785 6.56926 0
    endloop
  endfacet
  facet normal 0.514112 -0.857723 0
    outer loop
      vertex 4.11109 6.33035 0
      vertex 4.24576 6.41107 3
      vertex 4.11109 6.33035 3
    endloop
  endfacet
  facet normal 0.514112 -0.857723 0
    outer loop
      vertex 4.24576 6.41107 3
      vertex 4.11109 6.33035 0
      vertex 4.24576 6.41107 0
    endloop
  endfacet
  facet normal 0.595671 -0.803229 0
    outer loop
      vertex 3.98497 6.23682 0
      vertex 4.11109 6.33035 3
      vertex 3.98497 6.23682 3
    endloop
  endfacet
  facet normal 0.595671 -0.803229 0
    outer loop
      vertex 4.11109 6.33035 3
      vertex 3.98497 6.23682 0
      vertex 4.11109 6.33035 0
    endloop
  endfacet
  facet normal 0.740933 -0.671578 0
    outer loop
      vertex 3.76318 6.01503 3
      vertex 3.86863 6.13137 0
      vertex 3.86863 6.13137 3
    endloop
  endfacet
  facet normal 0.740933 -0.671578 0
    outer loop
      vertex 3.86863 6.13137 0
      vertex 3.76318 6.01503 3
      vertex 3.76318 6.01503 0
    endloop
  endfacet
  facet normal -0.998794 -0.0491022 0
    outer loop
      vertex 6.6 5 0
      vertex 6.59229 5.15683 3
      vertex 6.59229 5.15683 0
    endloop
  endfacet
  facet normal -0.998794 -0.0491022 0
    outer loop
      vertex 6.59229 5.15683 3
      vertex 6.6 5 0
      vertex 6.6 5 3
    endloop
  endfacet
  facet normal 0.740933 0.671578 0
    outer loop
      vertex 3.86863 3.86863 3
      vertex 3.76318 3.98497 0
      vertex 3.76318 3.98497 3
    endloop
  endfacet
  facet normal 0.740933 0.671578 0
    outer loop
      vertex 3.76318 3.98497 0
      vertex 3.86863 3.86863 3
      vertex 3.86863 3.86863 0
    endloop
  endfacet
  facet normal 0.941533 0.336921 0
    outer loop
      vertex 3.52179 4.38771 3
      vertex 3.46889 4.53554 0
      vertex 3.46889 4.53554 3
    endloop
  endfacet
  facet normal 0.941533 0.336921 0
    outer loop
      vertex 3.46889 4.53554 0
      vertex 3.52179 4.38771 3
      vertex 3.52179 4.38771 0
    endloop
  endfacet
  facet normal -0.146743 0.989175 0
    outer loop
      vertex 5.31214 3.43074 0
      vertex 5.15683 3.4077 3
      vertex 5.31214 3.43074 3
    endloop
  endfacet
  facet normal -0.146743 0.989175 0
    outer loop
      vertex 5.15683 3.4077 3
      vertex 5.31214 3.43074 0
      vertex 5.15683 3.4077 0
    endloop
  endfacet
  facet normal -0.903971 -0.427594 0
    outer loop
      vertex 6.47821 5.61229 0
      vertex 6.41107 5.75423 3
      vertex 6.41107 5.75423 0
    endloop
  endfacet
  facet normal -0.903971 -0.427594 0
    outer loop
      vertex 6.41107 5.75423 3
      vertex 6.47821 5.61229 0
      vertex 6.47821 5.61229 3
    endloop
  endfacet
  facet normal -0.94156 -0.336845 0
    outer loop
      vertex 6.5311 5.46445 0
      vertex 6.47821 5.61229 3
      vertex 6.47821 5.61229 0
    endloop
  endfacet
  facet normal -0.94156 -0.336845 0
    outer loop
      vertex 6.47821 5.61229 3
      vertex 6.5311 5.46445 0
      vertex 6.5311 5.46445 3
    endloop
  endfacet
  facet normal -0.970019 -0.24303 0
    outer loop
      vertex 6.56926 5.31214 0
      vertex 6.5311 5.46445 3
      vertex 6.5311 5.46445 0
    endloop
  endfacet
  facet normal -0.970019 -0.24303 0
    outer loop
      vertex 6.5311 5.46445 3
      vertex 6.56926 5.31214 0
      vertex 6.56926 5.31214 3
    endloop
  endfacet
  facet normal -0.0491022 -0.998794 0
    outer loop
      vertex 5 6.6 0
      vertex 5.15683 6.59229 3
      vertex 5 6.6 3
    endloop
  endfacet
  facet normal -0.0491022 -0.998794 -0
    outer loop
      vertex 5.15683 6.59229 3
      vertex 5 6.6 0
      vertex 5.15683 6.59229 0
    endloop
  endfacet
  facet normal -0.427594 -0.903971 0
    outer loop
      vertex 5.61229 6.47821 0
      vertex 5.75423 6.41107 3
      vertex 5.61229 6.47821 3
    endloop
  endfacet
  facet normal -0.427594 -0.903971 -0
    outer loop
      vertex 5.75423 6.41107 3
      vertex 5.61229 6.47821 0
      vertex 5.75423 6.41107 0
    endloop
  endfacet
  facet normal 0.998797 -0.0490387 0
    outer loop
      vertex 3.4 5 3
      vertex 3.4077 5.15683 0
      vertex 3.4077 5.15683 3
    endloop
  endfacet
  facet normal 0.998797 -0.0490387 0
    outer loop
      vertex 3.4077 5.15683 0
      vertex 3.4 5 3
      vertex 3.4 5 0
    endloop
  endfacet
  facet normal 0.336865 -0.941553 0
    outer loop
      vertex 4.38771 6.47821 0
      vertex 4.53554 6.5311 3
      vertex 4.38771 6.47821 3
    endloop
  endfacet
  facet normal 0.336865 -0.941553 0
    outer loop
      vertex 4.53554 6.5311 3
      vertex 4.38771 6.47821 0
      vertex 4.53554 6.5311 0
    endloop
  endfacet
  facet normal -0.989185 0.146671 0
    outer loop
      vertex 6.56926 4.68785 0
      vertex 6.59229 4.84317 3
      vertex 6.59229 4.84317 0
    endloop
  endfacet
  facet normal -0.989185 0.146671 0
    outer loop
      vertex 6.59229 4.84317 3
      vertex 6.56926 4.68785 0
      vertex 6.56926 4.68785 3
    endloop
  endfacet
  facet normal -0.970019 0.24303 0
    outer loop
      vertex 6.5311 4.53554 0
      vertex 6.56926 4.68785 3
      vertex 6.56926 4.68785 0
    endloop
  endfacet
  facet normal -0.970019 0.24303 0
    outer loop
      vertex 6.56926 4.68785 3
      vertex 6.5311 4.53554 0
      vertex 6.5311 4.53554 3
    endloop
  endfacet
  facet normal -0.671578 0.740933 0
    outer loop
      vertex 6.13137 3.86863 0
      vertex 6.01503 3.76318 3
      vertex 6.13137 3.86863 3
    endloop
  endfacet
  facet normal -0.671578 0.740933 0
    outer loop
      vertex 6.01503 3.76318 3
      vertex 6.13137 3.86863 0
      vertex 6.01503 3.76318 0
    endloop
  endfacet
  facet normal -0.903983 0.427569 0
    outer loop
      vertex 6.41107 4.24576 0
      vertex 6.47821 4.38771 3
      vertex 6.47821 4.38771 0
    endloop
  endfacet
  facet normal -0.903983 0.427569 0
    outer loop
      vertex 6.47821 4.38771 3
      vertex 6.41107 4.24576 0
      vertex 6.41107 4.24576 3
    endloop
  endfacet
  facet normal -0.803229 0.595671 0
    outer loop
      vertex 6.23682 3.98497 0
      vertex 6.33035 4.11109 3
      vertex 6.33035 4.11109 0
    endloop
  endfacet
  facet normal -0.803229 0.595671 0
    outer loop
      vertex 6.33035 4.11109 3
      vertex 6.23682 3.98497 0
      vertex 6.23682 3.98497 3
    endloop
  endfacet
  facet normal 0.989176 0.146733 0
    outer loop
      vertex 3.43074 4.68785 3
      vertex 3.4077 4.84317 0
      vertex 3.4077 4.84317 3
    endloop
  endfacet
  facet normal 0.989176 0.146733 0
    outer loop
      vertex 3.4077 4.84317 0
      vertex 3.43074 4.68785 3
      vertex 3.43074 4.68785 0
    endloop
  endfacet
  facet normal 0.903983 0.427569 0
    outer loop
      vertex 3.58893 4.24576 3
      vertex 3.52179 4.38771 0
      vertex 3.52179 4.38771 3
    endloop
  endfacet
  facet normal 0.903983 0.427569 0
    outer loop
      vertex 3.52179 4.38771 0
      vertex 3.58893 4.24576 3
      vertex 3.58893 4.24576 0
    endloop
  endfacet
  facet normal 0.857723 0.514112 0
    outer loop
      vertex 3.66965 4.11109 3
      vertex 3.58893 4.24576 0
      vertex 3.58893 4.24576 3
    endloop
  endfacet
  facet normal 0.857723 0.514112 0
    outer loop
      vertex 3.58893 4.24576 0
      vertex 3.66965 4.11109 3
      vertex 3.66965 4.11109 0
    endloop
  endfacet
  facet normal -0.336901 0.94154 0
    outer loop
      vertex 5.61229 3.52179 0
      vertex 5.46445 3.46889 3
      vertex 5.61229 3.52179 3
    endloop
  endfacet
  facet normal -0.336901 0.94154 0
    outer loop
      vertex 5.46445 3.46889 3
      vertex 5.61229 3.52179 0
      vertex 5.46445 3.46889 0
    endloop
  endfacet
  facet normal -0.514084 0.85774 0
    outer loop
      vertex 5.88891 3.66965 0
      vertex 5.75423 3.58893 3
      vertex 5.88891 3.66965 3
    endloop
  endfacet
  facet normal -0.514084 0.85774 0
    outer loop
      vertex 5.75423 3.58893 3
      vertex 5.88891 3.66965 0
      vertex 5.75423 3.58893 0
    endloop
  endfacet
  facet normal -0.941553 0.336865 0
    outer loop
      vertex 6.47821 4.38771 0
      vertex 6.5311 4.53554 3
      vertex 6.5311 4.53554 0
    endloop
  endfacet
  facet normal -0.941553 0.336865 0
    outer loop
      vertex 6.5311 4.53554 3
      vertex 6.47821 4.38771 0
      vertex 6.47821 4.38771 3
    endloop
  endfacet
  facet normal -0.857723 0.514112 0
    outer loop
      vertex 6.33035 4.11109 0
      vertex 6.41107 4.24576 3
      vertex 6.41107 4.24576 0
    endloop
  endfacet
  facet normal -0.857723 0.514112 0
    outer loop
      vertex 6.41107 4.24576 3
      vertex 6.33035 4.11109 0
      vertex 6.33035 4.11109 3
    endloop
  endfacet
  facet normal 0.595671 0.803229 -0
    outer loop
      vertex 4.11109 3.66965 0
      vertex 3.98497 3.76318 3
      vertex 4.11109 3.66965 3
    endloop
  endfacet
  facet normal 0.595671 0.803229 0
    outer loop
      vertex 3.98497 3.76318 3
      vertex 4.11109 3.66965 0
      vertex 3.98497 3.76318 0
    endloop
  endfacet
  facet normal -0.0490387 0.998797 0
    outer loop
      vertex 5.15683 3.4077 0
      vertex 5 3.4 3
      vertex 5.15683 3.4077 3
    endloop
  endfacet
  facet normal -0.0490387 0.998797 0
    outer loop
      vertex 5 3.4 3
      vertex 5.15683 3.4077 0
      vertex 5 3.4 0
    endloop
  endfacet
  facet normal 0.24297 0.970034 -0
    outer loop
      vertex 4.68785 3.43074 0
      vertex 4.53554 3.46889 3
      vertex 4.68785 3.43074 3
    endloop
  endfacet
  facet normal 0.24297 0.970034 0
    outer loop
      vertex 4.53554 3.46889 3
      vertex 4.68785 3.43074 0
      vertex 4.53554 3.46889 0
    endloop
  endfacet
  facet normal 0.514112 0.857723 -0
    outer loop
      vertex 4.24576 3.58893 0
      vertex 4.11109 3.66965 3
      vertex 4.24576 3.58893 3
    endloop
  endfacet
  facet normal 0.514112 0.857723 0
    outer loop
      vertex 4.11109 3.66965 3
      vertex 4.24576 3.58893 0
      vertex 4.11109 3.66965 0
    endloop
  endfacet
  facet normal 0.427569 0.903983 -0
    outer loop
      vertex 4.38771 3.52179 0
      vertex 4.24576 3.58893 3
      vertex 4.38771 3.52179 3
    endloop
  endfacet
  facet normal 0.427569 0.903983 0
    outer loop
      vertex 4.24576 3.58893 3
      vertex 4.38771 3.52179 0
      vertex 4.24576 3.58893 0
    endloop
  endfacet
  facet normal 0.970034 0.24297 0
    outer loop
      vertex 3.46889 4.53554 3
      vertex 3.43074 4.68785 0
      vertex 3.43074 4.68785 3
    endloop
  endfacet
  facet normal 0.970034 0.24297 0
    outer loop
      vertex 3.43074 4.68785 0
      vertex 3.46889 4.53554 3
      vertex 3.46889 4.53554 0
    endloop
  endfacet
  facet normal 0.671578 0.740933 -0
    outer loop
      vertex 3.98497 3.76318 0
      vertex 3.86863 3.86863 3
      vertex 3.98497 3.76318 3
    endloop
  endfacet
  facet normal 0.671578 0.740933 0
    outer loop
      vertex 3.86863 3.86863 3
      vertex 3.98497 3.76318 0
      vertex 3.86863 3.86863 0
    endloop
  endfacet
  facet normal 0.803229 0.595671 0
    outer loop
      vertex 3.76318 3.98497 3
      vertex 3.66965 4.11109 0
      vertex 3.66965 4.11109 3
    endloop
  endfacet
  facet normal 0.803229 0.595671 0
    outer loop
      vertex 3.66965 4.11109 0
      vertex 3.76318 3.98497 3
      vertex 3.76318 3.98497 0
    endloop
  endfacet
  facet normal -0.427594 0.903971 0
    outer loop
      vertex 5.75423 3.58893 0
      vertex 5.61229 3.52179 3
      vertex 5.75423 3.58893 3
    endloop
  endfacet
  facet normal -0.427594 0.903971 0
    outer loop
      vertex 5.61229 3.52179 3
      vertex 5.75423 3.58893 0
      vertex 5.61229 3.52179 0
    endloop
  endfacet
  facet normal -0.595671 0.803229 0
    outer loop
      vertex 6.01503 3.76318 0
      vertex 5.88891 3.66965 3
      vertex 6.01503 3.76318 3
    endloop
  endfacet
  facet normal -0.595671 0.803229 0
    outer loop
      vertex 5.88891 3.66965 3
      vertex 6.01503 3.76318 0
      vertex 5.88891 3.66965 0
    endloop
  endfacet
  facet normal -0.740933 0.671578 0
    outer loop
      vertex 6.13137 3.86863 0
      vertex 6.23682 3.98497 3
      vertex 6.23682 3.98497 0
    endloop
  endfacet
  facet normal -0.740933 0.671578 0
    outer loop
      vertex 6.23682 3.98497 3
      vertex 6.13137 3.86863 0
      vertex 6.13137 3.86863 3
    endloop
  endfacet
  facet normal 0.146733 0.989176 -0
    outer loop
      vertex 4.84317 3.4077 0
      vertex 4.68785 3.43074 3
      vertex 4.84317 3.4077 3
    endloop
  endfacet
  facet normal 0.146733 0.989176 0
    outer loop
      vertex 4.68785 3.43074 3
      vertex 4.84317 3.4077 0
      vertex 4.68785 3.43074 0
    endloop
  endfacet
  facet normal 0.336921 0.941533 -0
    outer loop
      vertex 4.53554 3.46889 0
      vertex 4.38771 3.52179 3
      vertex 4.53554 3.46889 3
    endloop
  endfacet
  facet normal 0.336921 0.941533 0
    outer loop
      vertex 4.38771 3.52179 3
      vertex 4.53554 3.46889 0
      vertex 4.38771 3.52179 0
    endloop
  endfacet
  facet normal -0.998797 -0.0490387 0
    outer loop
      vertex 76.6 5 0
      vertex 76.5923 5.15683 3
      vertex 76.5923 5.15683 0
    endloop
  endfacet
  facet normal -0.998797 -0.0490387 0
    outer loop
      vertex 76.5923 5.15683 3
      vertex 76.6 5 0
      vertex 76.6 5 3
    endloop
  endfacet
  facet normal 0.0491116 -0.998793 0
    outer loop
      vertex 74.8432 6.59229 0
      vertex 75 6.6 3
      vertex 74.8432 6.59229 3
    endloop
  endfacet
  facet normal 0.0491116 -0.998793 0
    outer loop
      vertex 75 6.6 3
      vertex 74.8432 6.59229 0
      vertex 75 6.6 0
    endloop
  endfacet
  facet normal -0.049048 0.998796 0
    outer loop
      vertex 75.1568 3.4077 0
      vertex 75 3.4 3
      vertex 75.1568 3.4077 3
    endloop
  endfacet
  facet normal -0.049048 0.998796 0
    outer loop
      vertex 75 3.4 3
      vertex 75.1568 3.4077 0
      vertex 75 3.4 0
    endloop
  endfacet
  facet normal -0.671388 -0.741106 0
    outer loop
      vertex 76.015 6.23682 0
      vertex 76.1314 6.13137 3
      vertex 76.015 6.23682 3
    endloop
  endfacet
  facet normal -0.671388 -0.741106 -0
    outer loop
      vertex 76.1314 6.13137 3
      vertex 76.015 6.23682 0
      vertex 76.1314 6.13137 0
    endloop
  endfacet
  facet normal 0.741092 -0.671404 0
    outer loop
      vertex 73.7632 6.01503 3
      vertex 73.8686 6.13137 0
      vertex 73.8686 6.13137 3
    endloop
  endfacet
  facet normal 0.741092 -0.671404 0
    outer loop
      vertex 73.8686 6.13137 0
      vertex 73.7632 6.01503 3
      vertex 73.7632 6.01503 0
    endloop
  endfacet
  facet normal 0.427692 -0.903925 0
    outer loop
      vertex 74.2458 6.41107 0
      vertex 74.3877 6.47821 3
      vertex 74.2458 6.41107 3
    endloop
  endfacet
  facet normal 0.427692 -0.903925 0
    outer loop
      vertex 74.3877 6.47821 3
      vertex 74.2458 6.41107 0
      vertex 74.3877 6.47821 0
    endloop
  endfacet
  facet normal -0.90407 -0.427385 0
    outer loop
      vertex 76.4782 5.61229 0
      vertex 76.4111 5.75423 3
      vertex 76.4111 5.75423 0
    endloop
  endfacet
  facet normal -0.90407 -0.427385 0
    outer loop
      vertex 76.4111 5.75423 3
      vertex 76.4782 5.61229 0
      vertex 76.4782 5.61229 3
    endloop
  endfacet
  facet normal -0.336926 -0.941531 0
    outer loop
      vertex 75.4645 6.5311 0
      vertex 75.6123 6.47821 3
      vertex 75.4645 6.5311 3
    endloop
  endfacet
  facet normal -0.336926 -0.941531 -0
    outer loop
      vertex 75.6123 6.47821 3
      vertex 75.4645 6.5311 0
      vertex 75.6123 6.47821 0
    endloop
  endfacet
  facet normal -0.514027 -0.857774 0
    outer loop
      vertex 75.7542 6.41107 0
      vertex 75.8889 6.33035 3
      vertex 75.7542 6.41107 3
    endloop
  endfacet
  facet normal -0.514027 -0.857774 -0
    outer loop
      vertex 75.8889 6.33035 3
      vertex 75.7542 6.41107 0
      vertex 75.8889 6.33035 0
    endloop
  endfacet
  facet normal 0.90407 -0.427385 0
    outer loop
      vertex 73.5218 5.61229 3
      vertex 73.5889 5.75423 0
      vertex 73.5889 5.75423 3
    endloop
  endfacet
  facet normal 0.90407 -0.427385 0
    outer loop
      vertex 73.5889 5.75423 0
      vertex 73.5218 5.61229 3
      vertex 73.5218 5.61229 0
    endloop
  endfacet
  facet normal 0.857796 -0.51399 0
    outer loop
      vertex 73.5889 5.75423 3
      vertex 73.6696 5.88891 0
      vertex 73.6696 5.88891 3
    endloop
  endfacet
  facet normal 0.857796 -0.51399 0
    outer loop
      vertex 73.6696 5.88891 0
      vertex 73.5889 5.75423 3
      vertex 73.5889 5.75423 0
    endloop
  endfacet
  facet normal 0.242895 -0.970053 0
    outer loop
      vertex 74.5355 6.5311 0
      vertex 74.6879 6.56926 3
      vertex 74.5355 6.5311 3
    endloop
  endfacet
  facet normal 0.242895 -0.970053 0
    outer loop
      vertex 74.6879 6.56926 3
      vertex 74.5355 6.5311 0
      vertex 74.6879 6.56926 0
    endloop
  endfacet
  facet normal -0.146752 0.989173 0
    outer loop
      vertex 75.3121 3.43074 0
      vertex 75.1568 3.4077 3
      vertex 75.3121 3.43074 3
    endloop
  endfacet
  facet normal -0.146752 0.989173 0
    outer loop
      vertex 75.1568 3.4077 3
      vertex 75.3121 3.43074 0
      vertex 75.1568 3.4077 0
    endloop
  endfacet
  facet normal -0.969959 -0.24327 0
    outer loop
      vertex 76.5693 5.31214 0
      vertex 76.5311 5.46445 3
      vertex 76.5311 5.46445 0
    endloop
  endfacet
  facet normal -0.969959 -0.24327 0
    outer loop
      vertex 76.5311 5.46445 3
      vertex 76.5693 5.31214 0
      vertex 76.5693 5.31214 3
    endloop
  endfacet
  facet normal -0.989212 -0.146493 0
    outer loop
      vertex 76.5923 5.15683 0
      vertex 76.5693 5.31214 3
      vertex 76.5693 5.31214 0
    endloop
  endfacet
  facet normal -0.989212 -0.146493 0
    outer loop
      vertex 76.5693 5.31214 3
      vertex 76.5923 5.15683 0
      vertex 76.5923 5.15683 3
    endloop
  endfacet
  facet normal -0.94154 -0.336901 0
    outer loop
      vertex 76.5311 5.46445 0
      vertex 76.4782 5.61229 3
      vertex 76.4782 5.61229 0
    endloop
  endfacet
  facet normal -0.94154 -0.336901 0
    outer loop
      vertex 76.4782 5.61229 3
      vertex 76.5311 5.46445 0
      vertex 76.5311 5.46445 3
    endloop
  endfacet
  facet normal -0.803015 -0.595958 0
    outer loop
      vertex 76.3304 5.88891 0
      vertex 76.2368 6.01503 3
      vertex 76.2368 6.01503 0
    endloop
  endfacet
  facet normal -0.803015 -0.595958 0
    outer loop
      vertex 76.2368 6.01503 3
      vertex 76.3304 5.88891 0
      vertex 76.3304 5.88891 3
    endloop
  endfacet
  facet normal -0.741092 -0.671404 0
    outer loop
      vertex 76.2368 6.01503 0
      vertex 76.1314 6.13137 3
      vertex 76.1314 6.13137 0
    endloop
  endfacet
  facet normal -0.741092 -0.671404 0
    outer loop
      vertex 76.1314 6.13137 3
      vertex 76.2368 6.01503 0
      vertex 76.2368 6.01503 3
    endloop
  endfacet
  facet normal -0.146689 -0.989183 0
    outer loop
      vertex 75.1568 6.59229 0
      vertex 75.3121 6.56926 3
      vertex 75.1568 6.59229 3
    endloop
  endfacet
  facet normal -0.146689 -0.989183 -0
    outer loop
      vertex 75.3121 6.56926 3
      vertex 75.1568 6.59229 0
      vertex 75.3121 6.56926 0
    endloop
  endfacet
  facet normal -0.0491116 -0.998793 0
    outer loop
      vertex 75 6.6 0
      vertex 75.1568 6.59229 3
      vertex 75 6.6 3
    endloop
  endfacet
  facet normal -0.0491116 -0.998793 -0
    outer loop
      vertex 75.1568 6.59229 3
      vertex 75 6.6 0
      vertex 75.1568 6.59229 0
    endloop
  endfacet
  facet normal -0.595732 -0.803184 0
    outer loop
      vertex 75.8889 6.33035 0
      vertex 76.015 6.23682 3
      vertex 75.8889 6.33035 3
    endloop
  endfacet
  facet normal -0.595732 -0.803184 -0
    outer loop
      vertex 76.015 6.23682 3
      vertex 75.8889 6.33035 0
      vertex 76.015 6.23682 0
    endloop
  endfacet
  facet normal 0.989212 -0.146493 0
    outer loop
      vertex 73.4077 5.15683 3
      vertex 73.4307 5.31214 0
      vertex 73.4307 5.31214 3
    endloop
  endfacet
  facet normal 0.989212 -0.146493 0
    outer loop
      vertex 73.4307 5.31214 0
      vertex 73.4077 5.15683 3
      vertex 73.4077 5.15683 0
    endloop
  endfacet
  facet normal 0.94154 -0.336901 0
    outer loop
      vertex 73.4689 5.46445 3
      vertex 73.5218 5.61229 0
      vertex 73.5218 5.61229 3
    endloop
  endfacet
  facet normal 0.94154 -0.336901 0
    outer loop
      vertex 73.5218 5.61229 0
      vertex 73.4689 5.46445 3
      vertex 73.4689 5.46445 0
    endloop
  endfacet
  facet normal 0.998797 -0.0490387 0
    outer loop
      vertex 73.4 5 3
      vertex 73.4077 5.15683 0
      vertex 73.4077 5.15683 3
    endloop
  endfacet
  facet normal 0.998797 -0.0490387 0
    outer loop
      vertex 73.4077 5.15683 0
      vertex 73.4 5 3
      vertex 73.4 5 0
    endloop
  endfacet
  facet normal 0.595732 -0.803184 0
    outer loop
      vertex 73.985 6.23682 0
      vertex 74.1111 6.33035 3
      vertex 73.985 6.23682 3
    endloop
  endfacet
  facet normal 0.595732 -0.803184 0
    outer loop
      vertex 74.1111 6.33035 3
      vertex 73.985 6.23682 0
      vertex 74.1111 6.33035 0
    endloop
  endfacet
  facet normal 0.146689 -0.989183 0
    outer loop
      vertex 74.6879 6.56926 0
      vertex 74.8432 6.59229 3
      vertex 74.6879 6.56926 3
    endloop
  endfacet
  facet normal 0.146689 -0.989183 0
    outer loop
      vertex 74.8432 6.59229 3
      vertex 74.6879 6.56926 0
      vertex 74.8432 6.59229 0
    endloop
  endfacet
  facet normal -0.998797 0.0490387 0
    outer loop
      vertex 76.5923 4.84317 0
      vertex 76.6 5 3
      vertex 76.6 5 0
    endloop
  endfacet
  facet normal -0.998797 0.0490387 0
    outer loop
      vertex 76.6 5 3
      vertex 76.5923 4.84317 0
      vertex 76.5923 4.84317 3
    endloop
  endfacet
  facet normal -0.741092 0.671404 0
    outer loop
      vertex 76.1314 3.86863 0
      vertex 76.2368 3.98497 3
      vertex 76.2368 3.98497 0
    endloop
  endfacet
  facet normal -0.741092 0.671404 0
    outer loop
      vertex 76.2368 3.98497 3
      vertex 76.1314 3.86863 0
      vertex 76.1314 3.86863 3
    endloop
  endfacet
  facet normal 0.336982 0.941511 -0
    outer loop
      vertex 74.5355 3.46889 0
      vertex 74.3877 3.52179 3
      vertex 74.5355 3.46889 3
    endloop
  endfacet
  facet normal 0.336982 0.941511 0
    outer loop
      vertex 74.3877 3.52179 3
      vertex 74.5355 3.46889 0
      vertex 74.3877 3.52179 0
    endloop
  endfacet
  facet normal 0.741092 0.671404 0
    outer loop
      vertex 73.8686 3.86863 3
      vertex 73.7632 3.98497 0
      vertex 73.7632 3.98497 3
    endloop
  endfacet
  facet normal 0.741092 0.671404 0
    outer loop
      vertex 73.7632 3.98497 0
      vertex 73.8686 3.86863 3
      vertex 73.8686 3.86863 0
    endloop
  endfacet
  facet normal -0.336982 0.941511 0
    outer loop
      vertex 75.6123 3.52179 0
      vertex 75.4645 3.46889 3
      vertex 75.6123 3.52179 3
    endloop
  endfacet
  facet normal -0.336982 0.941511 0
    outer loop
      vertex 75.4645 3.46889 3
      vertex 75.6123 3.52179 0
      vertex 75.4645 3.46889 0
    endloop
  endfacet
  facet normal -0.857796 -0.51399 0
    outer loop
      vertex 76.4111 5.75423 0
      vertex 76.3304 5.88891 3
      vertex 76.3304 5.88891 0
    endloop
  endfacet
  facet normal -0.857796 -0.51399 0
    outer loop
      vertex 76.3304 5.88891 3
      vertex 76.4111 5.75423 0
      vertex 76.4111 5.75423 3
    endloop
  endfacet
  facet normal -0.242895 -0.970053 0
    outer loop
      vertex 75.3121 6.56926 0
      vertex 75.4645 6.5311 3
      vertex 75.3121 6.56926 3
    endloop
  endfacet
  facet normal -0.242895 -0.970053 -0
    outer loop
      vertex 75.4645 6.5311 3
      vertex 75.3121 6.56926 0
      vertex 75.4645 6.5311 0
    endloop
  endfacet
  facet normal -0.427692 -0.903925 0
    outer loop
      vertex 75.6123 6.47821 0
      vertex 75.7542 6.41107 3
      vertex 75.6123 6.47821 3
    endloop
  endfacet
  facet normal -0.427692 -0.903925 -0
    outer loop
      vertex 75.7542 6.41107 3
      vertex 75.6123 6.47821 0
      vertex 75.7542 6.41107 0
    endloop
  endfacet
  facet normal 0.803015 -0.595958 0
    outer loop
      vertex 73.6696 5.88891 3
      vertex 73.7632 6.01503 0
      vertex 73.7632 6.01503 3
    endloop
  endfacet
  facet normal 0.803015 -0.595958 0
    outer loop
      vertex 73.7632 6.01503 0
      vertex 73.6696 5.88891 3
      vertex 73.6696 5.88891 0
    endloop
  endfacet
  facet normal 0.969959 -0.24327 0
    outer loop
      vertex 73.4307 5.31214 3
      vertex 73.4689 5.46445 0
      vertex 73.4689 5.46445 3
    endloop
  endfacet
  facet normal 0.969959 -0.24327 0
    outer loop
      vertex 73.4689 5.46445 0
      vertex 73.4307 5.31214 3
      vertex 73.4307 5.31214 0
    endloop
  endfacet
  facet normal 0.998797 0.0490387 0
    outer loop
      vertex 73.4077 4.84317 3
      vertex 73.4 5 0
      vertex 73.4 5 3
    endloop
  endfacet
  facet normal 0.998797 0.0490387 0
    outer loop
      vertex 73.4 5 0
      vertex 73.4077 4.84317 3
      vertex 73.4077 4.84317 0
    endloop
  endfacet
  facet normal 0.671388 -0.741106 0
    outer loop
      vertex 73.8686 6.13137 0
      vertex 73.985 6.23682 3
      vertex 73.8686 6.13137 3
    endloop
  endfacet
  facet normal 0.671388 -0.741106 0
    outer loop
      vertex 73.985 6.23682 3
      vertex 73.8686 6.13137 0
      vertex 73.985 6.23682 0
    endloop
  endfacet
  facet normal 0.514027 -0.857774 0
    outer loop
      vertex 74.1111 6.33035 0
      vertex 74.2458 6.41107 3
      vertex 74.1111 6.33035 3
    endloop
  endfacet
  facet normal 0.514027 -0.857774 0
    outer loop
      vertex 74.2458 6.41107 3
      vertex 74.1111 6.33035 0
      vertex 74.2458 6.41107 0
    endloop
  endfacet
  facet normal 0.336926 -0.941531 0
    outer loop
      vertex 74.3877 6.47821 0
      vertex 74.5355 6.5311 3
      vertex 74.3877 6.47821 3
    endloop
  endfacet
  facet normal 0.336926 -0.941531 0
    outer loop
      vertex 74.5355 6.5311 3
      vertex 74.3877 6.47821 0
      vertex 74.5355 6.5311 0
    endloop
  endfacet
  facet normal -0.969959 0.24327 0
    outer loop
      vertex 76.5311 4.53554 0
      vertex 76.5693 4.68785 3
      vertex 76.5693 4.68785 0
    endloop
  endfacet
  facet normal -0.969959 0.24327 0
    outer loop
      vertex 76.5693 4.68785 3
      vertex 76.5311 4.53554 0
      vertex 76.5311 4.53554 3
    endloop
  endfacet
  facet normal -0.989213 0.146484 0
    outer loop
      vertex 76.5693 4.68785 0
      vertex 76.5923 4.84317 3
      vertex 76.5923 4.84317 0
    endloop
  endfacet
  facet normal -0.989213 0.146484 0
    outer loop
      vertex 76.5923 4.84317 3
      vertex 76.5693 4.68785 0
      vertex 76.5693 4.68785 3
    endloop
  endfacet
  facet normal -0.671388 0.741106 0
    outer loop
      vertex 76.1314 3.86863 0
      vertex 76.015 3.76318 3
      vertex 76.1314 3.86863 3
    endloop
  endfacet
  facet normal -0.671388 0.741106 0
    outer loop
      vertex 76.015 3.76318 3
      vertex 76.1314 3.86863 0
      vertex 76.015 3.76318 0
    endloop
  endfacet
  facet normal -0.904081 0.427361 0
    outer loop
      vertex 76.4111 4.24576 0
      vertex 76.4782 4.38771 3
      vertex 76.4782 4.38771 0
    endloop
  endfacet
  facet normal -0.904081 0.427361 0
    outer loop
      vertex 76.4782 4.38771 3
      vertex 76.4111 4.24576 0
      vertex 76.4111 4.24576 3
    endloop
  endfacet
  facet normal -0.803015 0.595958 0
    outer loop
      vertex 76.2368 3.98497 0
      vertex 76.3304 4.11109 3
      vertex 76.3304 4.11109 0
    endloop
  endfacet
  facet normal -0.803015 0.595958 0
    outer loop
      vertex 76.3304 4.11109 3
      vertex 76.2368 3.98497 0
      vertex 76.2368 3.98497 3
    endloop
  endfacet
  facet normal 0.514027 0.857774 -0
    outer loop
      vertex 74.2458 3.58893 0
      vertex 74.1111 3.66965 3
      vertex 74.2458 3.58893 3
    endloop
  endfacet
  facet normal 0.514027 0.857774 0
    outer loop
      vertex 74.1111 3.66965 3
      vertex 74.2458 3.58893 0
      vertex 74.1111 3.66965 0
    endloop
  endfacet
  facet normal 0.857779 0.514018 0
    outer loop
      vertex 73.6696 4.11109 3
      vertex 73.5889 4.24576 0
      vertex 73.5889 4.24576 3
    endloop
  endfacet
  facet normal 0.857779 0.514018 0
    outer loop
      vertex 73.5889 4.24576 0
      vertex 73.6696 4.11109 3
      vertex 73.6696 4.11109 0
    endloop
  endfacet
  facet normal 0.941533 0.336921 0
    outer loop
      vertex 73.5218 4.38771 3
      vertex 73.4689 4.53554 0
      vertex 73.4689 4.53554 3
    endloop
  endfacet
  facet normal 0.941533 0.336921 0
    outer loop
      vertex 73.4689 4.53554 0
      vertex 73.5218 4.38771 3
      vertex 73.5218 4.38771 0
    endloop
  endfacet
  facet normal 0.904081 0.427361 0
    outer loop
      vertex 73.5889 4.24576 3
      vertex 73.5218 4.38771 0
      vertex 73.5218 4.38771 3
    endloop
  endfacet
  facet normal 0.904081 0.427361 0
    outer loop
      vertex 73.5218 4.38771 0
      vertex 73.5889 4.24576 3
      vertex 73.5889 4.24576 0
    endloop
  endfacet
  facet normal -0.427692 0.903925 0
    outer loop
      vertex 75.7542 3.58893 0
      vertex 75.6123 3.52179 3
      vertex 75.7542 3.58893 3
    endloop
  endfacet
  facet normal -0.427692 0.903925 0
    outer loop
      vertex 75.6123 3.52179 3
      vertex 75.7542 3.58893 0
      vertex 75.6123 3.52179 0
    endloop
  endfacet
  facet normal -0.242835 0.970068 0
    outer loop
      vertex 75.4645 3.46889 0
      vertex 75.3121 3.43074 3
      vertex 75.4645 3.46889 3
    endloop
  endfacet
  facet normal -0.242835 0.970068 0
    outer loop
      vertex 75.3121 3.43074 3
      vertex 75.4645 3.46889 0
      vertex 75.3121 3.43074 0
    endloop
  endfacet
  facet normal -0.514027 0.857774 0
    outer loop
      vertex 75.8889 3.66965 0
      vertex 75.7542 3.58893 3
      vertex 75.8889 3.66965 3
    endloop
  endfacet
  facet normal -0.514027 0.857774 0
    outer loop
      vertex 75.7542 3.58893 3
      vertex 75.8889 3.66965 0
      vertex 75.7542 3.58893 0
    endloop
  endfacet
  facet normal -0.595732 0.803184 0
    outer loop
      vertex 76.015 3.76318 0
      vertex 75.8889 3.66965 3
      vertex 76.015 3.76318 3
    endloop
  endfacet
  facet normal -0.595732 0.803184 0
    outer loop
      vertex 75.8889 3.66965 3
      vertex 76.015 3.76318 0
      vertex 75.8889 3.66965 0
    endloop
  endfacet
  facet normal -0.941533 0.336921 0
    outer loop
      vertex 76.4782 4.38771 0
      vertex 76.5311 4.53554 3
      vertex 76.5311 4.53554 0
    endloop
  endfacet
  facet normal -0.941533 0.336921 0
    outer loop
      vertex 76.5311 4.53554 3
      vertex 76.4782 4.38771 0
      vertex 76.4782 4.38771 3
    endloop
  endfacet
  facet normal -0.857779 0.514018 0
    outer loop
      vertex 76.3304 4.11109 0
      vertex 76.4111 4.24576 3
      vertex 76.4111 4.24576 0
    endloop
  endfacet
  facet normal -0.857779 0.514018 0
    outer loop
      vertex 76.4111 4.24576 3
      vertex 76.3304 4.11109 0
      vertex 76.3304 4.11109 3
    endloop
  endfacet
  facet normal 0.049048 0.998796 -0
    outer loop
      vertex 75 3.4 0
      vertex 74.8432 3.4077 3
      vertex 75 3.4 3
    endloop
  endfacet
  facet normal 0.049048 0.998796 0
    outer loop
      vertex 74.8432 3.4077 3
      vertex 75 3.4 0
      vertex 74.8432 3.4077 0
    endloop
  endfacet
  facet normal 0.427692 0.903925 -0
    outer loop
      vertex 74.3877 3.52179 0
      vertex 74.2458 3.58893 3
      vertex 74.3877 3.52179 3
    endloop
  endfacet
  facet normal 0.427692 0.903925 0
    outer loop
      vertex 74.2458 3.58893 3
      vertex 74.3877 3.52179 0
      vertex 74.2458 3.58893 0
    endloop
  endfacet
  facet normal 0.595732 0.803184 -0
    outer loop
      vertex 74.1111 3.66965 0
      vertex 73.985 3.76318 3
      vertex 74.1111 3.66965 3
    endloop
  endfacet
  facet normal 0.595732 0.803184 0
    outer loop
      vertex 73.985 3.76318 3
      vertex 74.1111 3.66965 0
      vertex 73.985 3.76318 0
    endloop
  endfacet
  facet normal 0.671388 0.741106 -0
    outer loop
      vertex 73.985 3.76318 0
      vertex 73.8686 3.86863 3
      vertex 73.985 3.76318 3
    endloop
  endfacet
  facet normal 0.671388 0.741106 0
    outer loop
      vertex 73.8686 3.86863 3
      vertex 73.985 3.76318 0
      vertex 73.8686 3.86863 0
    endloop
  endfacet
  facet normal 0.803015 0.595958 0
    outer loop
      vertex 73.7632 3.98497 3
      vertex 73.6696 4.11109 0
      vertex 73.6696 4.11109 3
    endloop
  endfacet
  facet normal 0.803015 0.595958 0
    outer loop
      vertex 73.6696 4.11109 0
      vertex 73.7632 3.98497 3
      vertex 73.7632 3.98497 0
    endloop
  endfacet
  facet normal 0.969959 0.24327 0
    outer loop
      vertex 73.4689 4.53554 3
      vertex 73.4307 4.68785 0
      vertex 73.4307 4.68785 3
    endloop
  endfacet
  facet normal 0.969959 0.24327 0
    outer loop
      vertex 73.4307 4.68785 0
      vertex 73.4689 4.53554 3
      vertex 73.4689 4.53554 0
    endloop
  endfacet
  facet normal 0.989213 0.146484 0
    outer loop
      vertex 73.4307 4.68785 3
      vertex 73.4077 4.84317 0
      vertex 73.4077 4.84317 3
    endloop
  endfacet
  facet normal 0.989213 0.146484 0
    outer loop
      vertex 73.4077 4.84317 0
      vertex 73.4307 4.68785 3
      vertex 73.4307 4.68785 0
    endloop
  endfacet
  facet normal 0.146752 0.989173 -0
    outer loop
      vertex 74.8432 3.4077 0
      vertex 74.6879 3.43074 3
      vertex 74.8432 3.4077 3
    endloop
  endfacet
  facet normal 0.146752 0.989173 0
    outer loop
      vertex 74.6879 3.43074 3
      vertex 74.8432 3.4077 0
      vertex 74.6879 3.43074 0
    endloop
  endfacet
  facet normal 0.242835 0.970068 -0
    outer loop
      vertex 74.6879 3.43074 0
      vertex 74.5355 3.46889 3
      vertex 74.6879 3.43074 3
    endloop
  endfacet
  facet normal 0.242835 0.970068 0
    outer loop
      vertex 74.5355 3.46889 3
      vertex 74.6879 3.43074 0
      vertex 74.5355 3.46889 0
    endloop
  endfacet
  facet normal -0.857774 -0.514027 0
    outer loop
      vertex 6.41107 45.7542 0
      vertex 6.33035 45.8889 3
      vertex 6.33035 45.8889 0
    endloop
  endfacet
  facet normal -0.857774 -0.514027 0
    outer loop
      vertex 6.33035 45.8889 3
      vertex 6.41107 45.7542 0
      vertex 6.41107 45.7542 3
    endloop
  endfacet
  facet normal -0.336901 -0.94154 0
    outer loop
      vertex 5.46445 46.5311 0
      vertex 5.61229 46.4782 3
      vertex 5.46445 46.5311 3
    endloop
  endfacet
  facet normal -0.336901 -0.94154 -0
    outer loop
      vertex 5.61229 46.4782 3
      vertex 5.46445 46.5311 0
      vertex 5.61229 46.4782 0
    endloop
  endfacet
  facet normal 0.427361 -0.904081 0
    outer loop
      vertex 4.24576 46.4111 0
      vertex 4.38771 46.4782 3
      vertex 4.24576 46.4111 3
    endloop
  endfacet
  facet normal 0.427361 -0.904081 0
    outer loop
      vertex 4.38771 46.4782 3
      vertex 4.24576 46.4111 0
      vertex 4.38771 46.4782 0
    endloop
  endfacet
  facet normal 0.941511 -0.336982 0
    outer loop
      vertex 3.46889 45.4645 3
      vertex 3.52179 45.6123 0
      vertex 3.52179 45.6123 3
    endloop
  endfacet
  facet normal 0.941511 -0.336982 0
    outer loop
      vertex 3.52179 45.6123 0
      vertex 3.46889 45.4645 3
      vertex 3.46889 45.4645 0
    endloop
  endfacet
  facet normal -0.998793 0.0491116 0
    outer loop
      vertex 6.59229 44.8432 0
      vertex 6.6 45 3
      vertex 6.6 45 0
    endloop
  endfacet
  facet normal -0.998793 0.0491116 0
    outer loop
      vertex 6.6 45 3
      vertex 6.59229 44.8432 0
      vertex 6.59229 44.8432 3
    endloop
  endfacet
  facet normal -0.0490387 -0.998797 0
    outer loop
      vertex 5 46.6 0
      vertex 5.15683 46.5923 3
      vertex 5 46.6 3
    endloop
  endfacet
  facet normal -0.0490387 -0.998797 -0
    outer loop
      vertex 5.15683 46.5923 3
      vertex 5 46.6 0
      vertex 5.15683 46.5923 0
    endloop
  endfacet
  facet normal -0.51399 -0.857796 0
    outer loop
      vertex 5.75423 46.4111 0
      vertex 5.88891 46.3304 3
      vertex 5.75423 46.4111 3
    endloop
  endfacet
  facet normal -0.51399 -0.857796 -0
    outer loop
      vertex 5.88891 46.3304 3
      vertex 5.75423 46.4111 0
      vertex 5.88891 46.3304 0
    endloop
  endfacet
  facet normal 0.998796 -0.049048 0
    outer loop
      vertex 3.4 45 3
      vertex 3.4077 45.1568 0
      vertex 3.4077 45.1568 3
    endloop
  endfacet
  facet normal 0.998796 -0.049048 0
    outer loop
      vertex 3.4077 45.1568 0
      vertex 3.4 45 3
      vertex 3.4 45 0
    endloop
  endfacet
  facet normal 0.803184 -0.595732 0
    outer loop
      vertex 3.66965 45.8889 3
      vertex 3.76318 46.015 0
      vertex 3.76318 46.015 3
    endloop
  endfacet
  facet normal 0.803184 -0.595732 0
    outer loop
      vertex 3.76318 46.015 0
      vertex 3.66965 45.8889 3
      vertex 3.66965 45.8889 0
    endloop
  endfacet
  facet normal 0.24327 -0.969959 0
    outer loop
      vertex 4.53554 46.5311 0
      vertex 4.68785 46.5693 3
      vertex 4.53554 46.5311 3
    endloop
  endfacet
  facet normal 0.24327 -0.969959 0
    outer loop
      vertex 4.68785 46.5693 3
      vertex 4.53554 46.5311 0
      vertex 4.68785 46.5693 0
    endloop
  endfacet
  facet normal 0.595958 0.803015 -0
    outer loop
      vertex 4.11109 43.6696 0
      vertex 3.98497 43.7632 3
      vertex 4.11109 43.6696 3
    endloop
  endfacet
  facet normal 0.595958 0.803015 0
    outer loop
      vertex 3.98497 43.7632 3
      vertex 4.11109 43.6696 0
      vertex 3.98497 43.7632 0
    endloop
  endfacet
  facet normal 0.857774 0.514027 0
    outer loop
      vertex 3.66965 44.1111 3
      vertex 3.58893 44.2458 0
      vertex 3.58893 44.2458 3
    endloop
  endfacet
  facet normal 0.857774 0.514027 0
    outer loop
      vertex 3.58893 44.2458 0
      vertex 3.66965 44.1111 3
      vertex 3.66965 44.1111 0
    endloop
  endfacet
  facet normal -0.989183 -0.146689 0
    outer loop
      vertex 6.59229 45.1568 0
      vertex 6.56926 45.3121 3
      vertex 6.56926 45.3121 0
    endloop
  endfacet
  facet normal -0.989183 -0.146689 0
    outer loop
      vertex 6.56926 45.3121 3
      vertex 6.59229 45.1568 0
      vertex 6.59229 45.1568 3
    endloop
  endfacet
  facet normal -0.803184 -0.595732 0
    outer loop
      vertex 6.33035 45.8889 0
      vertex 6.23682 46.015 3
      vertex 6.23682 46.015 0
    endloop
  endfacet
  facet normal -0.803184 -0.595732 0
    outer loop
      vertex 6.23682 46.015 3
      vertex 6.33035 45.8889 0
      vertex 6.33035 45.8889 3
    endloop
  endfacet
  facet normal -0.671404 -0.741092 0
    outer loop
      vertex 6.01503 46.2368 0
      vertex 6.13137 46.1314 3
      vertex 6.01503 46.2368 3
    endloop
  endfacet
  facet normal -0.671404 -0.741092 -0
    outer loop
      vertex 6.13137 46.1314 3
      vertex 6.01503 46.2368 0
      vertex 6.13137 46.1314 0
    endloop
  endfacet
  facet normal 0.0490387 -0.998797 0
    outer loop
      vertex 4.84317 46.5923 0
      vertex 5 46.6 3
      vertex 4.84317 46.5923 3
    endloop
  endfacet
  facet normal 0.0490387 -0.998797 0
    outer loop
      vertex 5 46.6 3
      vertex 4.84317 46.5923 0
      vertex 5 46.6 0
    endloop
  endfacet
  facet normal -0.24327 -0.969959 0
    outer loop
      vertex 5.31214 46.5693 0
      vertex 5.46445 46.5311 3
      vertex 5.31214 46.5693 3
    endloop
  endfacet
  facet normal -0.24327 -0.969959 -0
    outer loop
      vertex 5.46445 46.5311 3
      vertex 5.31214 46.5693 0
      vertex 5.46445 46.5311 0
    endloop
  endfacet
  facet normal -0.146493 -0.989212 0
    outer loop
      vertex 5.15683 46.5923 0
      vertex 5.31214 46.5693 3
      vertex 5.15683 46.5923 3
    endloop
  endfacet
  facet normal -0.146493 -0.989212 -0
    outer loop
      vertex 5.31214 46.5693 3
      vertex 5.15683 46.5923 0
      vertex 5.31214 46.5693 0
    endloop
  endfacet
  facet normal -0.427385 -0.90407 0
    outer loop
      vertex 5.61229 46.4782 0
      vertex 5.75423 46.4111 3
      vertex 5.61229 46.4782 3
    endloop
  endfacet
  facet normal -0.427385 -0.90407 -0
    outer loop
      vertex 5.75423 46.4111 3
      vertex 5.61229 46.4782 0
      vertex 5.75423 46.4111 0
    endloop
  endfacet
  facet normal -0.595958 -0.803015 0
    outer loop
      vertex 5.88891 46.3304 0
      vertex 6.01503 46.2368 3
      vertex 5.88891 46.3304 3
    endloop
  endfacet
  facet normal -0.595958 -0.803015 -0
    outer loop
      vertex 6.01503 46.2368 3
      vertex 5.88891 46.3304 0
      vertex 6.01503 46.2368 0
    endloop
  endfacet
  facet normal 0.970068 -0.242835 0
    outer loop
      vertex 3.43074 45.3121 3
      vertex 3.46889 45.4645 0
      vertex 3.46889 45.4645 3
    endloop
  endfacet
  facet normal 0.970068 -0.242835 0
    outer loop
      vertex 3.46889 45.4645 0
      vertex 3.43074 45.3121 3
      vertex 3.43074 45.3121 0
    endloop
  endfacet
  facet normal 0.989173 -0.146752 0
    outer loop
      vertex 3.4077 45.1568 3
      vertex 3.43074 45.3121 0
      vertex 3.43074 45.3121 3
    endloop
  endfacet
  facet normal 0.989173 -0.146752 0
    outer loop
      vertex 3.43074 45.3121 0
      vertex 3.4077 45.1568 3
      vertex 3.4077 45.1568 0
    endloop
  endfacet
  facet normal 0.903925 -0.427692 0
    outer loop
      vertex 3.52179 45.6123 3
      vertex 3.58893 45.7542 0
      vertex 3.58893 45.7542 3
    endloop
  endfacet
  facet normal 0.903925 -0.427692 0
    outer loop
      vertex 3.58893 45.7542 0
      vertex 3.52179 45.6123 3
      vertex 3.52179 45.6123 0
    endloop
  endfacet
  facet normal 0.857774 -0.514027 0
    outer loop
      vertex 3.58893 45.7542 3
      vertex 3.66965 45.8889 0
      vertex 3.66965 45.8889 3
    endloop
  endfacet
  facet normal 0.857774 -0.514027 0
    outer loop
      vertex 3.66965 45.8889 0
      vertex 3.58893 45.7542 3
      vertex 3.58893 45.7542 0
    endloop
  endfacet
  facet normal 0.336921 -0.941533 0
    outer loop
      vertex 4.38771 46.4782 0
      vertex 4.53554 46.5311 3
      vertex 4.38771 46.4782 3
    endloop
  endfacet
  facet normal 0.336921 -0.941533 0
    outer loop
      vertex 4.53554 46.5311 3
      vertex 4.38771 46.4782 0
      vertex 4.53554 46.5311 0
    endloop
  endfacet
  facet normal 0.146484 -0.989213 0
    outer loop
      vertex 4.68785 46.5693 0
      vertex 4.84317 46.5923 3
      vertex 4.68785 46.5693 3
    endloop
  endfacet
  facet normal 0.146484 -0.989213 0
    outer loop
      vertex 4.84317 46.5923 3
      vertex 4.68785 46.5693 0
      vertex 4.84317 46.5923 0
    endloop
  endfacet
  facet normal 0.595958 -0.803015 0
    outer loop
      vertex 3.98497 46.2368 0
      vertex 4.11109 46.3304 3
      vertex 3.98497 46.2368 3
    endloop
  endfacet
  facet normal 0.595958 -0.803015 0
    outer loop
      vertex 4.11109 46.3304 3
      vertex 3.98497 46.2368 0
      vertex 4.11109 46.3304 0
    endloop
  endfacet
  facet normal 0.671404 -0.741092 0
    outer loop
      vertex 3.86863 46.1314 0
      vertex 3.98497 46.2368 3
      vertex 3.86863 46.1314 3
    endloop
  endfacet
  facet normal 0.671404 -0.741092 0
    outer loop
      vertex 3.98497 46.2368 3
      vertex 3.86863 46.1314 0
      vertex 3.98497 46.2368 0
    endloop
  endfacet
  facet normal 0.514018 -0.857779 0
    outer loop
      vertex 4.11109 46.3304 0
      vertex 4.24576 46.4111 3
      vertex 4.11109 46.3304 3
    endloop
  endfacet
  facet normal 0.514018 -0.857779 0
    outer loop
      vertex 4.24576 46.4111 3
      vertex 4.11109 46.3304 0
      vertex 4.24576 46.4111 0
    endloop
  endfacet
  facet normal 0.741106 -0.671388 0
    outer loop
      vertex 3.76318 46.015 3
      vertex 3.86863 46.1314 0
      vertex 3.86863 46.1314 3
    endloop
  endfacet
  facet normal 0.741106 -0.671388 0
    outer loop
      vertex 3.86863 46.1314 0
      vertex 3.76318 46.015 3
      vertex 3.76318 46.015 0
    endloop
  endfacet
  facet normal -0.998793 -0.0491116 0
    outer loop
      vertex 6.6 45 0
      vertex 6.59229 45.1568 3
      vertex 6.59229 45.1568 0
    endloop
  endfacet
  facet normal -0.998793 -0.0491116 0
    outer loop
      vertex 6.59229 45.1568 3
      vertex 6.6 45 0
      vertex 6.6 45 3
    endloop
  endfacet
  facet normal -0.970053 0.242895 0
    outer loop
      vertex 6.5311 44.5355 0
      vertex 6.56926 44.6879 3
      vertex 6.56926 44.6879 0
    endloop
  endfacet
  facet normal -0.970053 0.242895 0
    outer loop
      vertex 6.56926 44.6879 3
      vertex 6.5311 44.5355 0
      vertex 6.5311 44.5355 3
    endloop
  endfacet
  facet normal -0.0490387 0.998797 0
    outer loop
      vertex 5.15683 43.4077 0
      vertex 5 43.4 3
      vertex 5.15683 43.4077 3
    endloop
  endfacet
  facet normal -0.0490387 0.998797 0
    outer loop
      vertex 5 43.4 3
      vertex 5.15683 43.4077 0
      vertex 5 43.4 0
    endloop
  endfacet
  facet normal 0.941511 0.336982 0
    outer loop
      vertex 3.52179 44.3877 3
      vertex 3.46889 44.5355 0
      vertex 3.46889 44.5355 3
    endloop
  endfacet
  facet normal 0.941511 0.336982 0
    outer loop
      vertex 3.46889 44.5355 0
      vertex 3.52179 44.3877 3
      vertex 3.52179 44.3877 0
    endloop
  endfacet
  facet normal 0.741106 0.671388 0
    outer loop
      vertex 3.86863 43.8686 3
      vertex 3.76318 43.985 0
      vertex 3.76318 43.985 3
    endloop
  endfacet
  facet normal 0.741106 0.671388 0
    outer loop
      vertex 3.76318 43.985 0
      vertex 3.86863 43.8686 3
      vertex 3.86863 43.8686 0
    endloop
  endfacet
  facet normal -0.146493 0.989212 0
    outer loop
      vertex 5.31214 43.4307 0
      vertex 5.15683 43.4077 3
      vertex 5.31214 43.4307 3
    endloop
  endfacet
  facet normal -0.146493 0.989212 0
    outer loop
      vertex 5.15683 43.4077 3
      vertex 5.31214 43.4307 0
      vertex 5.15683 43.4077 0
    endloop
  endfacet
  facet normal -0.903925 -0.427692 0
    outer loop
      vertex 6.47821 45.6123 0
      vertex 6.41107 45.7542 3
      vertex 6.41107 45.7542 0
    endloop
  endfacet
  facet normal -0.903925 -0.427692 0
    outer loop
      vertex 6.41107 45.7542 3
      vertex 6.47821 45.6123 0
      vertex 6.47821 45.6123 3
    endloop
  endfacet
  facet normal -0.941531 -0.336926 0
    outer loop
      vertex 6.5311 45.4645 0
      vertex 6.47821 45.6123 3
      vertex 6.47821 45.6123 0
    endloop
  endfacet
  facet normal -0.941531 -0.336926 0
    outer loop
      vertex 6.47821 45.6123 3
      vertex 6.5311 45.4645 0
      vertex 6.5311 45.4645 3
    endloop
  endfacet
  facet normal -0.741106 -0.671388 0
    outer loop
      vertex 6.23682 46.015 0
      vertex 6.13137 46.1314 3
      vertex 6.13137 46.1314 0
    endloop
  endfacet
  facet normal -0.741106 -0.671388 0
    outer loop
      vertex 6.13137 46.1314 3
      vertex 6.23682 46.015 0
      vertex 6.23682 46.015 3
    endloop
  endfacet
  facet normal 0.998796 0.049048 0
    outer loop
      vertex 3.4077 44.8432 3
      vertex 3.4 45 0
      vertex 3.4 45 3
    endloop
  endfacet
  facet normal 0.998796 0.049048 0
    outer loop
      vertex 3.4 45 0
      vertex 3.4077 44.8432 3
      vertex 3.4077 44.8432 0
    endloop
  endfacet
  facet normal -0.741106 0.671388 0
    outer loop
      vertex 6.13137 43.8686 0
      vertex 6.23682 43.985 3
      vertex 6.23682 43.985 0
    endloop
  endfacet
  facet normal -0.741106 0.671388 0
    outer loop
      vertex 6.23682 43.985 3
      vertex 6.13137 43.8686 0
      vertex 6.13137 43.8686 3
    endloop
  endfacet
  facet normal -0.803184 0.595732 0
    outer loop
      vertex 6.23682 43.985 0
      vertex 6.33035 44.1111 3
      vertex 6.33035 44.1111 0
    endloop
  endfacet
  facet normal -0.803184 0.595732 0
    outer loop
      vertex 6.33035 44.1111 3
      vertex 6.23682 43.985 0
      vertex 6.23682 43.985 3
    endloop
  endfacet
  facet normal -0.903925 0.427692 0
    outer loop
      vertex 6.41107 44.2458 0
      vertex 6.47821 44.3877 3
      vertex 6.47821 44.3877 0
    endloop
  endfacet
  facet normal -0.903925 0.427692 0
    outer loop
      vertex 6.47821 44.3877 3
      vertex 6.41107 44.2458 0
      vertex 6.41107 44.2458 3
    endloop
  endfacet
  facet normal -0.857774 0.514027 0
    outer loop
      vertex 6.33035 44.1111 0
      vertex 6.41107 44.2458 3
      vertex 6.41107 44.2458 0
    endloop
  endfacet
  facet normal -0.857774 0.514027 0
    outer loop
      vertex 6.41107 44.2458 3
      vertex 6.33035 44.1111 0
      vertex 6.33035 44.1111 3
    endloop
  endfacet
  facet normal 0.24327 0.969959 -0
    outer loop
      vertex 4.68785 43.4307 0
      vertex 4.53554 43.4689 3
      vertex 4.68785 43.4307 3
    endloop
  endfacet
  facet normal 0.24327 0.969959 0
    outer loop
      vertex 4.53554 43.4689 3
      vertex 4.68785 43.4307 0
      vertex 4.53554 43.4689 0
    endloop
  endfacet
  facet normal 0.671404 0.741092 -0
    outer loop
      vertex 3.98497 43.7632 0
      vertex 3.86863 43.8686 3
      vertex 3.98497 43.7632 3
    endloop
  endfacet
  facet normal 0.671404 0.741092 0
    outer loop
      vertex 3.86863 43.8686 3
      vertex 3.98497 43.7632 0
      vertex 3.86863 43.8686 0
    endloop
  endfacet
  facet normal -0.336901 0.94154 0
    outer loop
      vertex 5.61229 43.5218 0
      vertex 5.46445 43.4689 3
      vertex 5.61229 43.5218 3
    endloop
  endfacet
  facet normal -0.336901 0.94154 0
    outer loop
      vertex 5.46445 43.4689 3
      vertex 5.61229 43.5218 0
      vertex 5.46445 43.4689 0
    endloop
  endfacet
  facet normal -0.24327 0.969959 0
    outer loop
      vertex 5.46445 43.4689 0
      vertex 5.31214 43.4307 3
      vertex 5.46445 43.4689 3
    endloop
  endfacet
  facet normal -0.24327 0.969959 0
    outer loop
      vertex 5.31214 43.4307 3
      vertex 5.46445 43.4689 0
      vertex 5.31214 43.4307 0
    endloop
  endfacet
  facet normal -0.427385 0.90407 0
    outer loop
      vertex 5.75423 43.5889 0
      vertex 5.61229 43.5218 3
      vertex 5.75423 43.5889 3
    endloop
  endfacet
  facet normal -0.427385 0.90407 0
    outer loop
      vertex 5.61229 43.5218 3
      vertex 5.75423 43.5889 0
      vertex 5.61229 43.5218 0
    endloop
  endfacet
  facet normal -0.970053 -0.242895 0
    outer loop
      vertex 6.56926 45.3121 0
      vertex 6.5311 45.4645 3
      vertex 6.5311 45.4645 0
    endloop
  endfacet
  facet normal -0.970053 -0.242895 0
    outer loop
      vertex 6.5311 45.4645 3
      vertex 6.56926 45.3121 0
      vertex 6.56926 45.3121 3
    endloop
  endfacet
  facet normal -0.989183 0.146689 0
    outer loop
      vertex 6.56926 44.6879 0
      vertex 6.59229 44.8432 3
      vertex 6.59229 44.8432 0
    endloop
  endfacet
  facet normal -0.989183 0.146689 0
    outer loop
      vertex 6.59229 44.8432 3
      vertex 6.56926 44.6879 0
      vertex 6.56926 44.6879 3
    endloop
  endfacet
  facet normal -0.671404 0.741092 0
    outer loop
      vertex 6.13137 43.8686 0
      vertex 6.01503 43.7632 3
      vertex 6.13137 43.8686 3
    endloop
  endfacet
  facet normal -0.671404 0.741092 0
    outer loop
      vertex 6.01503 43.7632 3
      vertex 6.13137 43.8686 0
      vertex 6.01503 43.7632 0
    endloop
  endfacet
  facet normal -0.941531 0.336926 0
    outer loop
      vertex 6.47821 44.3877 0
      vertex 6.5311 44.5355 3
      vertex 6.5311 44.5355 0
    endloop
  endfacet
  facet normal -0.941531 0.336926 0
    outer loop
      vertex 6.5311 44.5355 3
      vertex 6.47821 44.3877 0
      vertex 6.47821 44.3877 3
    endloop
  endfacet
  facet normal 0.0490387 0.998797 -0
    outer loop
      vertex 5 43.4 0
      vertex 4.84317 43.4077 3
      vertex 5 43.4 3
    endloop
  endfacet
  facet normal 0.0490387 0.998797 0
    outer loop
      vertex 4.84317 43.4077 3
      vertex 5 43.4 0
      vertex 4.84317 43.4077 0
    endloop
  endfacet
  facet normal 0.336921 0.941533 -0
    outer loop
      vertex 4.53554 43.4689 0
      vertex 4.38771 43.5218 3
      vertex 4.53554 43.4689 3
    endloop
  endfacet
  facet normal 0.336921 0.941533 0
    outer loop
      vertex 4.38771 43.5218 3
      vertex 4.53554 43.4689 0
      vertex 4.38771 43.5218 0
    endloop
  endfacet
  facet normal 0.427361 0.904081 -0
    outer loop
      vertex 4.38771 43.5218 0
      vertex 4.24576 43.5889 3
      vertex 4.38771 43.5218 3
    endloop
  endfacet
  facet normal 0.427361 0.904081 0
    outer loop
      vertex 4.24576 43.5889 3
      vertex 4.38771 43.5218 0
      vertex 4.24576 43.5889 0
    endloop
  endfacet
  facet normal 0.146484 0.989213 -0
    outer loop
      vertex 4.84317 43.4077 0
      vertex 4.68785 43.4307 3
      vertex 4.84317 43.4077 3
    endloop
  endfacet
  facet normal 0.146484 0.989213 0
    outer loop
      vertex 4.68785 43.4307 3
      vertex 4.84317 43.4077 0
      vertex 4.68785 43.4307 0
    endloop
  endfacet
  facet normal 0.903925 0.427692 0
    outer loop
      vertex 3.58893 44.2458 3
      vertex 3.52179 44.3877 0
      vertex 3.52179 44.3877 3
    endloop
  endfacet
  facet normal 0.903925 0.427692 0
    outer loop
      vertex 3.52179 44.3877 0
      vertex 3.58893 44.2458 3
      vertex 3.58893 44.2458 0
    endloop
  endfacet
  facet normal 0.970068 0.242835 0
    outer loop
      vertex 3.46889 44.5355 3
      vertex 3.43074 44.6879 0
      vertex 3.43074 44.6879 3
    endloop
  endfacet
  facet normal 0.970068 0.242835 0
    outer loop
      vertex 3.43074 44.6879 0
      vertex 3.46889 44.5355 3
      vertex 3.46889 44.5355 0
    endloop
  endfacet
  facet normal 0.989173 0.146752 0
    outer loop
      vertex 3.43074 44.6879 3
      vertex 3.4077 44.8432 0
      vertex 3.4077 44.8432 3
    endloop
  endfacet
  facet normal 0.989173 0.146752 0
    outer loop
      vertex 3.4077 44.8432 0
      vertex 3.43074 44.6879 3
      vertex 3.43074 44.6879 0
    endloop
  endfacet
  facet normal 0.803184 0.595732 0
    outer loop
      vertex 3.76318 43.985 3
      vertex 3.66965 44.1111 0
      vertex 3.66965 44.1111 3
    endloop
  endfacet
  facet normal 0.803184 0.595732 0
    outer loop
      vertex 3.66965 44.1111 0
      vertex 3.76318 43.985 3
      vertex 3.76318 43.985 0
    endloop
  endfacet
  facet normal -0.595958 0.803015 0
    outer loop
      vertex 6.01503 43.7632 0
      vertex 5.88891 43.6696 3
      vertex 6.01503 43.7632 3
    endloop
  endfacet
  facet normal -0.595958 0.803015 0
    outer loop
      vertex 5.88891 43.6696 3
      vertex 6.01503 43.7632 0
      vertex 5.88891 43.6696 0
    endloop
  endfacet
  facet normal -0.51399 0.857796 0
    outer loop
      vertex 5.88891 43.6696 0
      vertex 5.75423 43.5889 3
      vertex 5.88891 43.6696 3
    endloop
  endfacet
  facet normal -0.51399 0.857796 0
    outer loop
      vertex 5.75423 43.5889 3
      vertex 5.88891 43.6696 0
      vertex 5.75423 43.5889 0
    endloop
  endfacet
  facet normal 0.514018 0.857779 -0
    outer loop
      vertex 4.24576 43.5889 0
      vertex 4.11109 43.6696 3
      vertex 4.24576 43.5889 3
    endloop
  endfacet
  facet normal 0.514018 0.857779 0
    outer loop
      vertex 4.11109 43.6696 3
      vertex 4.24576 43.5889 0
      vertex 4.11109 43.6696 0
    endloop
  endfacet
  facet normal -0.85783 -0.513934 0
    outer loop
      vertex 76.4111 45.7542 0
      vertex 76.3304 45.8889 3
      vertex 76.3304 45.8889 0
    endloop
  endfacet
  facet normal -0.85783 -0.513934 0
    outer loop
      vertex 76.3304 45.8889 3
      vertex 76.4111 45.7542 0
      vertex 76.4111 45.7542 3
    endloop
  endfacet
  facet normal -0.336982 -0.941511 0
    outer loop
      vertex 75.4645 46.5311 0
      vertex 75.6123 46.4782 3
      vertex 75.4645 46.5311 3
    endloop
  endfacet
  facet normal -0.336982 -0.941511 -0
    outer loop
      vertex 75.6123 46.4782 3
      vertex 75.4645 46.5311 0
      vertex 75.6123 46.4782 0
    endloop
  endfacet
  facet normal 0.427484 -0.904023 0
    outer loop
      vertex 74.2458 46.4111 0
      vertex 74.3877 46.4782 3
      vertex 74.2458 46.4111 3
    endloop
  endfacet
  facet normal 0.427484 -0.904023 0
    outer loop
      vertex 74.3877 46.4782 3
      vertex 74.2458 46.4111 0
      vertex 74.3877 46.4782 0
    endloop
  endfacet
  facet normal 0.941511 -0.336982 0
    outer loop
      vertex 73.4689 45.4645 3
      vertex 73.5218 45.6123 0
      vertex 73.5218 45.6123 3
    endloop
  endfacet
  facet normal 0.941511 -0.336982 0
    outer loop
      vertex 73.5218 45.6123 0
      vertex 73.4689 45.4645 3
      vertex 73.4689 45.4645 0
    endloop
  endfacet
  facet normal -0.998796 0.049048 0
    outer loop
      vertex 76.5923 44.8432 0
      vertex 76.6 45 3
      vertex 76.6 45 0
    endloop
  endfacet
  facet normal -0.998796 0.049048 0
    outer loop
      vertex 76.6 45 3
      vertex 76.5923 44.8432 0
      vertex 76.5923 44.8432 3
    endloop
  endfacet
  facet normal -0.049048 -0.998796 0
    outer loop
      vertex 75 46.6 0
      vertex 75.1568 46.5923 3
      vertex 75 46.6 3
    endloop
  endfacet
  facet normal -0.049048 -0.998796 -0
    outer loop
      vertex 75.1568 46.5923 3
      vertex 75 46.6 0
      vertex 75.1568 46.5923 0
    endloop
  endfacet
  facet normal -0.513934 -0.85783 0
    outer loop
      vertex 75.7542 46.4111 0
      vertex 75.8889 46.3304 3
      vertex 75.7542 46.4111 3
    endloop
  endfacet
  facet normal -0.513934 -0.85783 -0
    outer loop
      vertex 75.8889 46.3304 3
      vertex 75.7542 46.4111 0
      vertex 75.8889 46.3304 0
    endloop
  endfacet
  facet normal 0.998796 -0.049048 0
    outer loop
      vertex 73.4 45 3
      vertex 73.4077 45.1568 0
      vertex 73.4077 45.1568 3
    endloop
  endfacet
  facet normal 0.998796 -0.049048 0
    outer loop
      vertex 73.4077 45.1568 0
      vertex 73.4 45 3
      vertex 73.4 45 0
    endloop
  endfacet
  facet normal 0.80297 -0.596019 0
    outer loop
      vertex 73.6696 45.8889 3
      vertex 73.7632 46.015 0
      vertex 73.7632 46.015 3
    endloop
  endfacet
  facet normal 0.80297 -0.596019 0
    outer loop
      vertex 73.7632 46.015 0
      vertex 73.6696 45.8889 3
      vertex 73.6696 45.8889 0
    endloop
  endfacet
  facet normal 0.243135 -0.969993 0
    outer loop
      vertex 74.5355 46.5311 0
      vertex 74.6879 46.5693 3
      vertex 74.5355 46.5311 3
    endloop
  endfacet
  facet normal 0.243135 -0.969993 0
    outer loop
      vertex 74.6879 46.5693 3
      vertex 74.5355 46.5311 0
      vertex 74.6879 46.5693 0
    endloop
  endfacet
  facet normal 0.596019 0.80297 -0
    outer loop
      vertex 74.1111 43.6696 0
      vertex 73.985 43.7632 3
      vertex 74.1111 43.6696 3
    endloop
  endfacet
  facet normal 0.596019 0.80297 0
    outer loop
      vertex 73.985 43.7632 3
      vertex 74.1111 43.6696 0
      vertex 73.985 43.7632 0
    endloop
  endfacet
  facet normal 0.85783 0.513934 0
    outer loop
      vertex 73.6696 44.1111 3
      vertex 73.5889 44.2458 0
      vertex 73.5889 44.2458 3
    endloop
  endfacet
  facet normal 0.85783 0.513934 0
    outer loop
      vertex 73.5889 44.2458 0
      vertex 73.6696 44.1111 3
      vertex 73.6696 44.1111 0
    endloop
  endfacet
  facet normal -0.98921 -0.146502 0
    outer loop
      vertex 76.5923 45.1568 0
      vertex 76.5693 45.3121 3
      vertex 76.5693 45.3121 0
    endloop
  endfacet
  facet normal -0.98921 -0.146502 0
    outer loop
      vertex 76.5693 45.3121 3
      vertex 76.5923 45.1568 0
      vertex 76.5923 45.1568 3
    endloop
  endfacet
  facet normal -0.80297 -0.596019 0
    outer loop
      vertex 76.3304 45.8889 0
      vertex 76.2368 46.015 3
      vertex 76.2368 46.015 0
    endloop
  endfacet
  facet normal -0.80297 -0.596019 0
    outer loop
      vertex 76.2368 46.015 3
      vertex 76.3304 45.8889 0
      vertex 76.3304 45.8889 3
    endloop
  endfacet
  facet normal -0.671213 -0.741264 0
    outer loop
      vertex 76.015 46.2368 0
      vertex 76.1314 46.1314 3
      vertex 76.015 46.2368 3
    endloop
  endfacet
  facet normal -0.671213 -0.741264 -0
    outer loop
      vertex 76.1314 46.1314 3
      vertex 76.015 46.2368 0
      vertex 76.1314 46.1314 0
    endloop
  endfacet
  facet normal 0.049048 -0.998796 0
    outer loop
      vertex 74.8432 46.5923 0
      vertex 75 46.6 3
      vertex 74.8432 46.5923 3
    endloop
  endfacet
  facet normal 0.049048 -0.998796 0
    outer loop
      vertex 75 46.6 3
      vertex 74.8432 46.5923 0
      vertex 75 46.6 0
    endloop
  endfacet
  facet normal -0.243135 -0.969993 0
    outer loop
      vertex 75.3121 46.5693 0
      vertex 75.4645 46.5311 3
      vertex 75.3121 46.5693 3
    endloop
  endfacet
  facet normal -0.243135 -0.969993 -0
    outer loop
      vertex 75.4645 46.5311 3
      vertex 75.3121 46.5693 0
      vertex 75.4645 46.5311 0
    endloop
  endfacet
  facet normal -0.146502 -0.98921 0
    outer loop
      vertex 75.1568 46.5923 0
      vertex 75.3121 46.5693 3
      vertex 75.1568 46.5923 3
    endloop
  endfacet
  facet normal -0.146502 -0.98921 -0
    outer loop
      vertex 75.3121 46.5693 3
      vertex 75.1568 46.5923 0
      vertex 75.3121 46.5693 0
    endloop
  endfacet
  facet normal -0.427484 -0.904023 0
    outer loop
      vertex 75.6123 46.4782 0
      vertex 75.7542 46.4111 3
      vertex 75.6123 46.4782 3
    endloop
  endfacet
  facet normal -0.427484 -0.904023 -0
    outer loop
      vertex 75.7542 46.4111 3
      vertex 75.6123 46.4782 0
      vertex 75.7542 46.4111 0
    endloop
  endfacet
  facet normal -0.596019 -0.80297 0
    outer loop
      vertex 75.8889 46.3304 0
      vertex 76.015 46.2368 3
      vertex 75.8889 46.3304 3
    endloop
  endfacet
  facet normal -0.596019 -0.80297 -0
    outer loop
      vertex 76.015 46.2368 3
      vertex 75.8889 46.3304 0
      vertex 76.015 46.2368 0
    endloop
  endfacet
  facet normal 0.969993 -0.243135 0
    outer loop
      vertex 73.4307 45.3121 3
      vertex 73.4689 45.4645 0
      vertex 73.4689 45.4645 3
    endloop
  endfacet
  facet normal 0.969993 -0.243135 0
    outer loop
      vertex 73.4689 45.4645 0
      vertex 73.4307 45.3121 3
      vertex 73.4307 45.3121 0
    endloop
  endfacet
  facet normal 0.98921 -0.146502 0
    outer loop
      vertex 73.4077 45.1568 3
      vertex 73.4307 45.3121 0
      vertex 73.4307 45.3121 3
    endloop
  endfacet
  facet normal 0.98921 -0.146502 0
    outer loop
      vertex 73.4307 45.3121 0
      vertex 73.4077 45.1568 3
      vertex 73.4077 45.1568 0
    endloop
  endfacet
  facet normal 0.904023 -0.427484 0
    outer loop
      vertex 73.5218 45.6123 3
      vertex 73.5889 45.7542 0
      vertex 73.5889 45.7542 3
    endloop
  endfacet
  facet normal 0.904023 -0.427484 0
    outer loop
      vertex 73.5889 45.7542 0
      vertex 73.5218 45.6123 3
      vertex 73.5218 45.6123 0
    endloop
  endfacet
  facet normal 0.85783 -0.513934 0
    outer loop
      vertex 73.5889 45.7542 3
      vertex 73.6696 45.8889 0
      vertex 73.6696 45.8889 3
    endloop
  endfacet
  facet normal 0.85783 -0.513934 0
    outer loop
      vertex 73.6696 45.8889 0
      vertex 73.5889 45.7542 3
      vertex 73.5889 45.7542 0
    endloop
  endfacet
  facet normal 0.336982 -0.941511 0
    outer loop
      vertex 74.3877 46.4782 0
      vertex 74.5355 46.5311 3
      vertex 74.3877 46.4782 3
    endloop
  endfacet
  facet normal 0.336982 -0.941511 0
    outer loop
      vertex 74.5355 46.5311 3
      vertex 74.3877 46.4782 0
      vertex 74.5355 46.5311 0
    endloop
  endfacet
  facet normal 0.146502 -0.98921 0
    outer loop
      vertex 74.6879 46.5693 0
      vertex 74.8432 46.5923 3
      vertex 74.6879 46.5693 3
    endloop
  endfacet
  facet normal 0.146502 -0.98921 0
    outer loop
      vertex 74.8432 46.5923 3
      vertex 74.6879 46.5693 0
      vertex 74.8432 46.5923 0
    endloop
  endfacet
  facet normal 0.596019 -0.80297 0
    outer loop
      vertex 73.985 46.2368 0
      vertex 74.1111 46.3304 3
      vertex 73.985 46.2368 3
    endloop
  endfacet
  facet normal 0.596019 -0.80297 0
    outer loop
      vertex 74.1111 46.3304 3
      vertex 73.985 46.2368 0
      vertex 74.1111 46.3304 0
    endloop
  endfacet
  facet normal 0.671213 -0.741264 0
    outer loop
      vertex 73.8686 46.1314 0
      vertex 73.985 46.2368 3
      vertex 73.8686 46.1314 3
    endloop
  endfacet
  facet normal 0.671213 -0.741264 0
    outer loop
      vertex 73.985 46.2368 3
      vertex 73.8686 46.1314 0
      vertex 73.985 46.2368 0
    endloop
  endfacet
  facet normal 0.513934 -0.85783 0
    outer loop
      vertex 74.1111 46.3304 0
      vertex 74.2458 46.4111 3
      vertex 74.1111 46.3304 3
    endloop
  endfacet
  facet normal 0.513934 -0.85783 0
    outer loop
      vertex 74.2458 46.4111 3
      vertex 74.1111 46.3304 0
      vertex 74.2458 46.4111 0
    endloop
  endfacet
  facet normal 0.741264 -0.671213 0
    outer loop
      vertex 73.7632 46.015 3
      vertex 73.8686 46.1314 0
      vertex 73.8686 46.1314 3
    endloop
  endfacet
  facet normal 0.741264 -0.671213 0
    outer loop
      vertex 73.8686 46.1314 0
      vertex 73.7632 46.015 3
      vertex 73.7632 46.015 0
    endloop
  endfacet
  facet normal -0.998796 -0.049048 0
    outer loop
      vertex 76.6 45 0
      vertex 76.5923 45.1568 3
      vertex 76.5923 45.1568 0
    endloop
  endfacet
  facet normal -0.998796 -0.049048 0
    outer loop
      vertex 76.5923 45.1568 3
      vertex 76.6 45 0
      vertex 76.6 45 3
    endloop
  endfacet
  facet normal -0.969993 0.243135 0
    outer loop
      vertex 76.5311 44.5355 0
      vertex 76.5693 44.6879 3
      vertex 76.5693 44.6879 0
    endloop
  endfacet
  facet normal -0.969993 0.243135 0
    outer loop
      vertex 76.5693 44.6879 3
      vertex 76.5311 44.5355 0
      vertex 76.5311 44.5355 3
    endloop
  endfacet
  facet normal -0.049048 0.998796 0
    outer loop
      vertex 75.1568 43.4077 0
      vertex 75 43.4 3
      vertex 75.1568 43.4077 3
    endloop
  endfacet
  facet normal -0.049048 0.998796 0
    outer loop
      vertex 75 43.4 3
      vertex 75.1568 43.4077 0
      vertex 75 43.4 0
    endloop
  endfacet
  facet normal 0.941511 0.336982 0
    outer loop
      vertex 73.5218 44.3877 3
      vertex 73.4689 44.5355 0
      vertex 73.4689 44.5355 3
    endloop
  endfacet
  facet normal 0.941511 0.336982 0
    outer loop
      vertex 73.4689 44.5355 0
      vertex 73.5218 44.3877 3
      vertex 73.5218 44.3877 0
    endloop
  endfacet
  facet normal 0.741264 0.671213 0
    outer loop
      vertex 73.8686 43.8686 3
      vertex 73.7632 43.985 0
      vertex 73.7632 43.985 3
    endloop
  endfacet
  facet normal 0.741264 0.671213 0
    outer loop
      vertex 73.7632 43.985 0
      vertex 73.8686 43.8686 3
      vertex 73.8686 43.8686 0
    endloop
  endfacet
  facet normal -0.146502 0.98921 0
    outer loop
      vertex 75.3121 43.4307 0
      vertex 75.1568 43.4077 3
      vertex 75.3121 43.4307 3
    endloop
  endfacet
  facet normal -0.146502 0.98921 0
    outer loop
      vertex 75.1568 43.4077 3
      vertex 75.3121 43.4307 0
      vertex 75.1568 43.4077 0
    endloop
  endfacet
  facet normal -0.904023 -0.427484 0
    outer loop
      vertex 76.4782 45.6123 0
      vertex 76.4111 45.7542 3
      vertex 76.4111 45.7542 0
    endloop
  endfacet
  facet normal -0.904023 -0.427484 0
    outer loop
      vertex 76.4111 45.7542 3
      vertex 76.4782 45.6123 0
      vertex 76.4782 45.6123 3
    endloop
  endfacet
  facet normal -0.941511 -0.336982 0
    outer loop
      vertex 76.5311 45.4645 0
      vertex 76.4782 45.6123 3
      vertex 76.4782 45.6123 0
    endloop
  endfacet
  facet normal -0.941511 -0.336982 0
    outer loop
      vertex 76.4782 45.6123 3
      vertex 76.5311 45.4645 0
      vertex 76.5311 45.4645 3
    endloop
  endfacet
  facet normal -0.741264 -0.671213 0
    outer loop
      vertex 76.2368 46.015 0
      vertex 76.1314 46.1314 3
      vertex 76.1314 46.1314 0
    endloop
  endfacet
  facet normal -0.741264 -0.671213 0
    outer loop
      vertex 76.1314 46.1314 3
      vertex 76.2368 46.015 0
      vertex 76.2368 46.015 3
    endloop
  endfacet
  facet normal 0.998796 0.049048 0
    outer loop
      vertex 73.4077 44.8432 3
      vertex 73.4 45 0
      vertex 73.4 45 3
    endloop
  endfacet
  facet normal 0.998796 0.049048 0
    outer loop
      vertex 73.4 45 0
      vertex 73.4077 44.8432 3
      vertex 73.4077 44.8432 0
    endloop
  endfacet
  facet normal -0.741264 0.671213 0
    outer loop
      vertex 76.1314 43.8686 0
      vertex 76.2368 43.985 3
      vertex 76.2368 43.985 0
    endloop
  endfacet
  facet normal -0.741264 0.671213 0
    outer loop
      vertex 76.2368 43.985 3
      vertex 76.1314 43.8686 0
      vertex 76.1314 43.8686 3
    endloop
  endfacet
  facet normal -0.80297 0.596019 0
    outer loop
      vertex 76.2368 43.985 0
      vertex 76.3304 44.1111 3
      vertex 76.3304 44.1111 0
    endloop
  endfacet
  facet normal -0.80297 0.596019 0
    outer loop
      vertex 76.3304 44.1111 3
      vertex 76.2368 43.985 0
      vertex 76.2368 43.985 3
    endloop
  endfacet
  facet normal -0.904023 0.427484 0
    outer loop
      vertex 76.4111 44.2458 0
      vertex 76.4782 44.3877 3
      vertex 76.4782 44.3877 0
    endloop
  endfacet
  facet normal -0.904023 0.427484 0
    outer loop
      vertex 76.4782 44.3877 3
      vertex 76.4111 44.2458 0
      vertex 76.4111 44.2458 3
    endloop
  endfacet
  facet normal -0.85783 0.513934 0
    outer loop
      vertex 76.3304 44.1111 0
      vertex 76.4111 44.2458 3
      vertex 76.4111 44.2458 0
    endloop
  endfacet
  facet normal -0.85783 0.513934 0
    outer loop
      vertex 76.4111 44.2458 3
      vertex 76.3304 44.1111 0
      vertex 76.3304 44.1111 3
    endloop
  endfacet
  facet normal 0.243135 0.969993 -0
    outer loop
      vertex 74.6879 43.4307 0
      vertex 74.5355 43.4689 3
      vertex 74.6879 43.4307 3
    endloop
  endfacet
  facet normal 0.243135 0.969993 0
    outer loop
      vertex 74.5355 43.4689 3
      vertex 74.6879 43.4307 0
      vertex 74.5355 43.4689 0
    endloop
  endfacet
  facet normal 0.671213 0.741264 -0
    outer loop
      vertex 73.985 43.7632 0
      vertex 73.8686 43.8686 3
      vertex 73.985 43.7632 3
    endloop
  endfacet
  facet normal 0.671213 0.741264 0
    outer loop
      vertex 73.8686 43.8686 3
      vertex 73.985 43.7632 0
      vertex 73.8686 43.8686 0
    endloop
  endfacet
  facet normal -0.336982 0.941511 0
    outer loop
      vertex 75.6123 43.5218 0
      vertex 75.4645 43.4689 3
      vertex 75.6123 43.5218 3
    endloop
  endfacet
  facet normal -0.336982 0.941511 0
    outer loop
      vertex 75.4645 43.4689 3
      vertex 75.6123 43.5218 0
      vertex 75.4645 43.4689 0
    endloop
  endfacet
  facet normal -0.243135 0.969993 0
    outer loop
      vertex 75.4645 43.4689 0
      vertex 75.3121 43.4307 3
      vertex 75.4645 43.4689 3
    endloop
  endfacet
  facet normal -0.243135 0.969993 0
    outer loop
      vertex 75.3121 43.4307 3
      vertex 75.4645 43.4689 0
      vertex 75.3121 43.4307 0
    endloop
  endfacet
  facet normal -0.427484 0.904023 0
    outer loop
      vertex 75.7542 43.5889 0
      vertex 75.6123 43.5218 3
      vertex 75.7542 43.5889 3
    endloop
  endfacet
  facet normal -0.427484 0.904023 0
    outer loop
      vertex 75.6123 43.5218 3
      vertex 75.7542 43.5889 0
      vertex 75.6123 43.5218 0
    endloop
  endfacet
  facet normal -0.969993 -0.243135 0
    outer loop
      vertex 76.5693 45.3121 0
      vertex 76.5311 45.4645 3
      vertex 76.5311 45.4645 0
    endloop
  endfacet
  facet normal -0.969993 -0.243135 0
    outer loop
      vertex 76.5311 45.4645 3
      vertex 76.5693 45.3121 0
      vertex 76.5693 45.3121 3
    endloop
  endfacet
  facet normal -0.98921 0.146502 0
    outer loop
      vertex 76.5693 44.6879 0
      vertex 76.5923 44.8432 3
      vertex 76.5923 44.8432 0
    endloop
  endfacet
  facet normal -0.98921 0.146502 0
    outer loop
      vertex 76.5923 44.8432 3
      vertex 76.5693 44.6879 0
      vertex 76.5693 44.6879 3
    endloop
  endfacet
  facet normal -0.671213 0.741264 0
    outer loop
      vertex 76.1314 43.8686 0
      vertex 76.015 43.7632 3
      vertex 76.1314 43.8686 3
    endloop
  endfacet
  facet normal -0.671213 0.741264 0
    outer loop
      vertex 76.015 43.7632 3
      vertex 76.1314 43.8686 0
      vertex 76.015 43.7632 0
    endloop
  endfacet
  facet normal -0.941511 0.336982 0
    outer loop
      vertex 76.4782 44.3877 0
      vertex 76.5311 44.5355 3
      vertex 76.5311 44.5355 0
    endloop
  endfacet
  facet normal -0.941511 0.336982 0
    outer loop
      vertex 76.5311 44.5355 3
      vertex 76.4782 44.3877 0
      vertex 76.4782 44.3877 3
    endloop
  endfacet
  facet normal 0.049048 0.998796 -0
    outer loop
      vertex 75 43.4 0
      vertex 74.8432 43.4077 3
      vertex 75 43.4 3
    endloop
  endfacet
  facet normal 0.049048 0.998796 0
    outer loop
      vertex 74.8432 43.4077 3
      vertex 75 43.4 0
      vertex 74.8432 43.4077 0
    endloop
  endfacet
  facet normal 0.336982 0.941511 -0
    outer loop
      vertex 74.5355 43.4689 0
      vertex 74.3877 43.5218 3
      vertex 74.5355 43.4689 3
    endloop
  endfacet
  facet normal 0.336982 0.941511 0
    outer loop
      vertex 74.3877 43.5218 3
      vertex 74.5355 43.4689 0
      vertex 74.3877 43.5218 0
    endloop
  endfacet
  facet normal 0.427484 0.904023 -0
    outer loop
      vertex 74.3877 43.5218 0
      vertex 74.2458 43.5889 3
      vertex 74.3877 43.5218 3
    endloop
  endfacet
  facet normal 0.427484 0.904023 0
    outer loop
      vertex 74.2458 43.5889 3
      vertex 74.3877 43.5218 0
      vertex 74.2458 43.5889 0
    endloop
  endfacet
  facet normal 0.146502 0.98921 -0
    outer loop
      vertex 74.8432 43.4077 0
      vertex 74.6879 43.4307 3
      vertex 74.8432 43.4077 3
    endloop
  endfacet
  facet normal 0.146502 0.98921 0
    outer loop
      vertex 74.6879 43.4307 3
      vertex 74.8432 43.4077 0
      vertex 74.6879 43.4307 0
    endloop
  endfacet
  facet normal 0.904023 0.427484 0
    outer loop
      vertex 73.5889 44.2458 3
      vertex 73.5218 44.3877 0
      vertex 73.5218 44.3877 3
    endloop
  endfacet
  facet normal 0.904023 0.427484 0
    outer loop
      vertex 73.5218 44.3877 0
      vertex 73.5889 44.2458 3
      vertex 73.5889 44.2458 0
    endloop
  endfacet
  facet normal 0.969993 0.243135 0
    outer loop
      vertex 73.4689 44.5355 3
      vertex 73.4307 44.6879 0
      vertex 73.4307 44.6879 3
    endloop
  endfacet
  facet normal 0.969993 0.243135 0
    outer loop
      vertex 73.4307 44.6879 0
      vertex 73.4689 44.5355 3
      vertex 73.4689 44.5355 0
    endloop
  endfacet
  facet normal 0.98921 0.146502 0
    outer loop
      vertex 73.4307 44.6879 3
      vertex 73.4077 44.8432 0
      vertex 73.4077 44.8432 3
    endloop
  endfacet
  facet normal 0.98921 0.146502 0
    outer loop
      vertex 73.4077 44.8432 0
      vertex 73.4307 44.6879 3
      vertex 73.4307 44.6879 0
    endloop
  endfacet
  facet normal 0.80297 0.596019 0
    outer loop
      vertex 73.7632 43.985 3
      vertex 73.6696 44.1111 0
      vertex 73.6696 44.1111 3
    endloop
  endfacet
  facet normal 0.80297 0.596019 0
    outer loop
      vertex 73.6696 44.1111 0
      vertex 73.7632 43.985 3
      vertex 73.7632 43.985 0
    endloop
  endfacet
  facet normal -0.596019 0.80297 0
    outer loop
      vertex 76.015 43.7632 0
      vertex 75.8889 43.6696 3
      vertex 76.015 43.7632 3
    endloop
  endfacet
  facet normal -0.596019 0.80297 0
    outer loop
      vertex 75.8889 43.6696 3
      vertex 76.015 43.7632 0
      vertex 75.8889 43.6696 0
    endloop
  endfacet
  facet normal -0.513934 0.85783 0
    outer loop
      vertex 75.8889 43.6696 0
      vertex 75.7542 43.5889 3
      vertex 75.8889 43.6696 3
    endloop
  endfacet
  facet normal -0.513934 0.85783 0
    outer loop
      vertex 75.7542 43.5889 3
      vertex 75.8889 43.6696 0
      vertex 75.7542 43.5889 0
    endloop
  endfacet
  facet normal 0.513934 0.85783 -0
    outer loop
      vertex 74.2458 43.5889 0
      vertex 74.1111 43.6696 3
      vertex 74.2458 43.5889 3
    endloop
  endfacet
  facet normal 0.513934 0.85783 0
    outer loop
      vertex 74.1111 43.6696 3
      vertex 74.2458 43.5889 0
      vertex 74.1111 43.6696 0
    endloop
  endfacet
  facet normal 0 0 -1
    outer loop
      vertex 79.0554 4.22882 0
      vertex 76.5923 4.84317 0
      vertex 76.6 5 0
    endloop
  endfacet
  facet normal 0 0 -1
    outer loop
      vertex 77.6568 2.34314 0
      vertex 76.5693 4.68785 0
      vertex 76.5923 4.84317 0
    endloop
  endfacet
  facet normal 0 0 -1
    outer loop
      vertex 77.6568 2.34314 0
      vertex 76.5311 4.53554 0
      vertex 76.5693 4.68785 0
    endloop
  endfacet
  facet normal 0 0 -1
    outer loop
      vertex 77.6568 2.34314 0
      vertex 76.4782 4.38771 0
      vertex 76.5311 4.53554 0
    endloop
  endfacet
  facet normal 0 0 -1
    outer loop
      vertex 75.6123 3.52179 0
      vertex 77.0751 1.8159 0
      vertex 76.4445 1.34824 0
    endloop
  endfacet
  facet normal 0 0 -1
    outer loop
      vertex 77.6568 2.34314 0
      vertex 76.4111 4.24576 0
      vertex 76.4782 4.38771 0
    endloop
  endfacet
  facet normal 0 0 -1
    outer loop
      vertex 77.6568 2.34314 0
      vertex 76.3304 4.11109 0
      vertex 76.4111 4.24576 0
    endloop
  endfacet
  facet normal 0 0 -1
    outer loop
      vertex 77.6568 2.34314 0
      vertex 76.2368 3.98497 0
      vertex 76.3304 4.11109 0
    endloop
  endfacet
  facet normal 0 0 -1
    outer loop
      vertex 77.6568 2.34314 0
      vertex 76.1314 3.86863 0
      vertex 76.2368 3.98497 0
    endloop
  endfacet
  facet normal 0 0 -1
    outer loop
      vertex 77.6568 2.34314 0
      vertex 76.015 3.76318 0
      vertex 76.1314 3.86863 0
    endloop
  endfacet
  facet normal 0 0 -1
    outer loop
      vertex 77.0751 1.8159 0
      vertex 75.8889 3.66965 0
      vertex 76.015 3.76318 0
    endloop
  endfacet
  facet normal 0 0 -1
    outer loop
      vertex 75.3121 3.43074 0
      vertex 76.4445 1.34824 0
      vertex 75.7712 0.944626 0
    endloop
  endfacet
  facet normal 0 0 -1
    outer loop
      vertex 77.0751 1.8159 0
      vertex 75.7542 3.58893 0
      vertex 75.8889 3.66965 0
    endloop
  endfacet
  facet normal 0 0 -1
    outer loop
      vertex 77.0751 1.8159 0
      vertex 75.6123 3.52179 0
      vertex 75.7542 3.58893 0
    endloop
  endfacet
  facet normal 0 0 -1
    outer loop
      vertex 76.4445 1.34824 0
      vertex 75.4645 3.46889 0
      vertex 75.6123 3.52179 0
    endloop
  endfacet
  facet normal 0 0 -1
    outer loop
      vertex 76.4445 1.34824 0
      vertex 75.3121 3.43074 0
      vertex 75.4645 3.46889 0
    endloop
  endfacet
  facet normal 0 0 -1
    outer loop
      vertex 75.7712 0.944626 0
      vertex 75.1568 3.4077 0
      vertex 75.3121 3.43074 0
    endloop
  endfacet
  facet normal 0 0 -1
    outer loop
      vertex 74.8432 3.4077 0
      vertex 75.7712 0.944626 0
      vertex 75.0615 0.608963 0
    endloop
  endfacet
  facet normal 0 0 -1
    outer loop
      vertex 75.7712 0.944626 0
      vertex 75 3.4 0
      vertex 75.1568 3.4077 0
    endloop
  endfacet
  facet normal 0 0 -1
    outer loop
      vertex 75.7712 0.944626 0
      vertex 74.8432 3.4077 0
      vertex 75 3.4 0
    endloop
  endfacet
  facet normal 0 0 -1
    outer loop
      vertex 75.0615 0.608963 0
      vertex 74.6879 3.43074 0
      vertex 74.8432 3.4077 0
    endloop
  endfacet
  facet normal 0 0 -1
    outer loop
      vertex 75.0615 0.608963 0
      vertex 74.5355 3.46889 0
      vertex 74.6879 3.43074 0
    endloop
  endfacet
  facet normal 0 0 -1
    outer loop
      vertex 74.3223 0.344467 0
      vertex 74.5355 3.46889 0
      vertex 75.0615 0.608963 0
    endloop
  endfacet
  facet normal -0 0 -1
    outer loop
      vertex 74.5355 3.46889 0
      vertex 74.3223 0.344467 0
      vertex 74.3877 3.52179 0
    endloop
  endfacet
  facet normal 0 0 -1
    outer loop
      vertex 74.3223 0.344467 0
      vertex 74.2458 3.58893 0
      vertex 74.3877 3.52179 0
    endloop
  endfacet
  facet normal 0 0 -1
    outer loop
      vertex 73.5607 0.153717 0
      vertex 74.2458 3.58893 0
      vertex 74.3223 0.344467 0
    endloop
  endfacet
  facet normal -0 0 -1
    outer loop
      vertex 74.2458 3.58893 0
      vertex 73.5607 0.153717 0
      vertex 74.1111 3.66965 0
    endloop
  endfacet
  facet normal 0 0 -1
    outer loop
      vertex 72.7841 0.0385132 0
      vertex 74.1111 3.66965 0
      vertex 73.5607 0.153717 0
    endloop
  endfacet
  facet normal -0 0 -1
    outer loop
      vertex 74.1111 3.66965 0
      vertex 72.7841 0.0385132 0
      vertex 73.985 3.76318 0
    endloop
  endfacet
  facet normal -0 0 -1
    outer loop
      vertex 73.985 3.76318 0
      vertex 72.7841 0.0385132 0
      vertex 73.8686 3.86863 0
    endloop
  endfacet
  facet normal -0 0 -1
    outer loop
      vertex 73.8686 3.86863 0
      vertex 72.7841 0.0385132 0
      vertex 73.7632 3.98497 0
    endloop
  endfacet
  facet normal -0 0 -1
    outer loop
      vertex 73.7632 3.98497 0
      vertex 72.7841 0.0385132 0
      vertex 73.6696 4.11109 0
    endloop
  endfacet
  facet normal -0 0 -1
    outer loop
      vertex 73.6696 4.11109 0
      vertex 72.7841 0.0385132 0
      vertex 73.5889 4.24576 0
    endloop
  endfacet
  facet normal -0 0 -1
    outer loop
      vertex 73.5889 4.24576 0
      vertex 72.7841 0.0385132 0
      vertex 73.5218 4.38771 0
    endloop
  endfacet
  facet normal -0 0 -1
    outer loop
      vertex 73.5218 4.38771 0
      vertex 72.7841 0.0385132 0
      vertex 73.4689 4.53554 0
    endloop
  endfacet
  facet normal -0 0 -1
    outer loop
      vertex 73.4689 4.53554 0
      vertex 72.7841 0.0385132 0
      vertex 73.4307 4.68785 0
    endloop
  endfacet
  facet normal -0 0 -1
    outer loop
      vertex 73.4307 4.68785 0
      vertex 72.7841 0.0385132 0
      vertex 73.4077 4.84317 0
    endloop
  endfacet
  facet normal 0 0 -1
    outer loop
      vertex 62.4243 24.4243 0
      vertex 76 28 0
      vertex 62.4638 24.3806 0
    endloop
  endfacet
  facet normal -0 0 -1
    outer loop
      vertex 73.4077 4.84317 0
      vertex 72.7841 0.0385132 0
      vertex 73.4 5 0
    endloop
  endfacet
  facet normal 0 0 -1
    outer loop
      vertex 76.1314 6.13137 0
      vertex 80 8 0
      vertex 79.9615 7.21585 0
    endloop
  endfacet
  facet normal 0 0 -1
    outer loop
      vertex 76.3304 5.88891 0
      vertex 79.9615 7.21585 0
      vertex 79.8463 6.43927 0
    endloop
  endfacet
  facet normal 0 0 -1
    outer loop
      vertex 76.4111 5.75423 0
      vertex 79.8463 6.43927 0
      vertex 79.6555 5.67772 0
    endloop
  endfacet
  facet normal 0 0 -1
    outer loop
      vertex 76.5311 5.46445 0
      vertex 79.6555 5.67772 0
      vertex 79.391 4.93852 0
    endloop
  endfacet
  facet normal 0 0 -1
    outer loop
      vertex 76.5923 5.15683 0
      vertex 79.391 4.93852 0
      vertex 79.0554 4.22882 0
    endloop
  endfacet
  facet normal 0 0 -1
    outer loop
      vertex 76.5923 4.84317 0
      vertex 79.0554 4.22882 0
      vertex 78.6517 3.55544 0
    endloop
  endfacet
  facet normal 0 0 -1
    outer loop
      vertex 76.5923 4.84317 0
      vertex 78.6517 3.55544 0
      vertex 78.1841 2.92485 0
    endloop
  endfacet
  facet normal 0 0 -1
    outer loop
      vertex 76.5923 4.84317 0
      vertex 78.1841 2.92485 0
      vertex 77.6568 2.34314 0
    endloop
  endfacet
  facet normal 0 0 -1
    outer loop
      vertex 76.015 3.76318 0
      vertex 77.6568 2.34314 0
      vertex 77.0751 1.8159 0
    endloop
  endfacet
  facet normal 0 0 -1
    outer loop
      vertex 79.0554 4.22882 0
      vertex 76.6 5 0
      vertex 76.5923 5.15683 0
    endloop
  endfacet
  facet normal 0 0 -1
    outer loop
      vertex 79.391 4.93852 0
      vertex 76.5923 5.15683 0
      vertex 76.5693 5.31214 0
    endloop
  endfacet
  facet normal 0 0 -1
    outer loop
      vertex 79.391 4.93852 0
      vertex 76.5693 5.31214 0
      vertex 76.5311 5.46445 0
    endloop
  endfacet
  facet normal 0 0 -1
    outer loop
      vertex 79.6555 5.67772 0
      vertex 76.5311 5.46445 0
      vertex 76.4782 5.61229 0
    endloop
  endfacet
  facet normal -0 0 -1
    outer loop
      vertex 79.6555 5.67772 0
      vertex 76.4782 5.61229 0
      vertex 76.4111 5.75423 0
    endloop
  endfacet
  facet normal 0 0 -1
    outer loop
      vertex 79.8463 6.43927 0
      vertex 76.4111 5.75423 0
      vertex 76.3304 5.88891 0
    endloop
  endfacet
  facet normal 0 0 -1
    outer loop
      vertex 79.9615 7.21585 0
      vertex 76.3304 5.88891 0
      vertex 76.2368 6.01503 0
    endloop
  endfacet
  facet normal 0 0 -1
    outer loop
      vertex 79.9615 7.21585 0
      vertex 76.2368 6.01503 0
      vertex 76.1314 6.13137 0
    endloop
  endfacet
  facet normal 0 0 -1
    outer loop
      vertex 80 8 0
      vertex 76.1314 6.13137 0
      vertex 76.015 6.23682 0
    endloop
  endfacet
  facet normal 0 0 -1
    outer loop
      vertex 80 8 0
      vertex 76.015 6.23682 0
      vertex 75.8889 6.33035 0
    endloop
  endfacet
  facet normal 0 0 -1
    outer loop
      vertex 80 8 0
      vertex 75.8889 6.33035 0
      vertex 75.7542 6.41107 0
    endloop
  endfacet
  facet normal 0 0 -1
    outer loop
      vertex 80 8 0
      vertex 76 14 0
      vertex 80 14 0
    endloop
  endfacet
  facet normal 0 0 -1
    outer loop
      vertex 80 8 0
      vertex 75.7542 6.41107 0
      vertex 75.6123 6.47821 0
    endloop
  endfacet
  facet normal 0 0 -1
    outer loop
      vertex 76 28 0
      vertex 80 42 0
      vertex 80 28 0
    endloop
  endfacet
  facet normal 0 0 -1
    outer loop
      vertex 75.1568 43.4077 0
      vertex 80 42 0
      vertex 76 28 0
    endloop
  endfacet
  facet normal 0 -0 -1
    outer loop
      vertex 75.4645 43.4689 0
      vertex 80 42 0
      vertex 75.3121 43.4307 0
    endloop
  endfacet
  facet normal 0 -0 -1
    outer loop
      vertex 76.1314 43.8686 0
      vertex 80 42 0
      vertex 76.015 43.7632 0
    endloop
  endfacet
  facet normal 0 -0 -1
    outer loop
      vertex 76.2368 43.985 0
      vertex 79.9615 42.7841 0
      vertex 76.1314 43.8686 0
    endloop
  endfacet
  facet normal 0 -0 -1
    outer loop
      vertex 76.4111 44.2458 0
      vertex 79.8463 43.5607 0
      vertex 76.3304 44.1111 0
    endloop
  endfacet
  facet normal 0 -0 -1
    outer loop
      vertex 76.5311 44.5355 0
      vertex 79.6555 44.3223 0
      vertex 76.4782 44.3877 0
    endloop
  endfacet
  facet normal 0 -0 -1
    outer loop
      vertex 76.5923 44.8432 0
      vertex 79.391 45.0615 0
      vertex 76.5693 44.6879 0
    endloop
  endfacet
  facet normal 0 -0 -1
    outer loop
      vertex 76.6 45 0
      vertex 79.0554 45.7712 0
      vertex 76.5923 44.8432 0
    endloop
  endfacet
  facet normal -0 0 -1
    outer loop
      vertex 79.0554 45.7712 0
      vertex 76.5693 45.3121 0
      vertex 78.6517 46.4445 0
    endloop
  endfacet
  facet normal 0 0 -1
    outer loop
      vertex 76.5311 45.4645 0
      vertex 78.6517 46.4445 0
      vertex 76.5693 45.3121 0
    endloop
  endfacet
  facet normal 0 0 -1
    outer loop
      vertex 76.5693 45.3121 0
      vertex 79.0554 45.7712 0
      vertex 76.5923 45.1568 0
    endloop
  endfacet
  facet normal 0 0 -1
    outer loop
      vertex 76.5923 45.1568 0
      vertex 79.0554 45.7712 0
      vertex 76.6 45 0
    endloop
  endfacet
  facet normal -0 0 -1
    outer loop
      vertex 79.391 45.0615 0
      vertex 76.5923 44.8432 0
      vertex 79.0554 45.7712 0
    endloop
  endfacet
  facet normal 0 -0 -1
    outer loop
      vertex 76.5693 44.6879 0
      vertex 79.391 45.0615 0
      vertex 76.5311 44.5355 0
    endloop
  endfacet
  facet normal 0 0 -1
    outer loop
      vertex 79.6555 44.3223 0
      vertex 76.5311 44.5355 0
      vertex 79.391 45.0615 0
    endloop
  endfacet
  facet normal 0 -0 -1
    outer loop
      vertex 76.4782 44.3877 0
      vertex 79.6555 44.3223 0
      vertex 76.4111 44.2458 0
    endloop
  endfacet
  facet normal 0 0 -1
    outer loop
      vertex 79.8463 43.5607 0
      vertex 76.4111 44.2458 0
      vertex 79.6555 44.3223 0
    endloop
  endfacet
  facet normal 0 0 -1
    outer loop
      vertex 79.9615 42.7841 0
      vertex 76.3304 44.1111 0
      vertex 79.8463 43.5607 0
    endloop
  endfacet
  facet normal 0 -0 -1
    outer loop
      vertex 75.7542 43.5889 0
      vertex 80 42 0
      vertex 75.6123 43.5218 0
    endloop
  endfacet
  facet normal 0 0 -1
    outer loop
      vertex 75.4645 6.5311 0
      vertex 80 8 0
      vertex 75.6123 6.47821 0
    endloop
  endfacet
  facet normal 0 -0 -1
    outer loop
      vertex 76.3304 44.1111 0
      vertex 79.9615 42.7841 0
      vertex 76.2368 43.985 0
    endloop
  endfacet
  facet normal -0 0 -1
    outer loop
      vertex 80 8 0
      vertex 75.4645 6.5311 0
      vertex 76 14 0
    endloop
  endfacet
  facet normal 0 0 -1
    outer loop
      vertex 80 42 0
      vertex 76.1314 43.8686 0
      vertex 79.9615 42.7841 0
    endloop
  endfacet
  facet normal 0 0 -1
    outer loop
      vertex 75.3121 6.56926 0
      vertex 76 14 0
      vertex 75.4645 6.5311 0
    endloop
  endfacet
  facet normal 0 -0 -1
    outer loop
      vertex 76.015 43.7632 0
      vertex 80 42 0
      vertex 75.8889 43.6696 0
    endloop
  endfacet
  facet normal 0 0 -1
    outer loop
      vertex 75.1568 6.59229 0
      vertex 76 14 0
      vertex 75.3121 6.56926 0
    endloop
  endfacet
  facet normal 0 -0 -1
    outer loop
      vertex 75.8889 43.6696 0
      vertex 80 42 0
      vertex 75.7542 43.5889 0
    endloop
  endfacet
  facet normal 0 0 -1
    outer loop
      vertex 75 6.6 0
      vertex 76 14 0
      vertex 75.1568 6.59229 0
    endloop
  endfacet
  facet normal 0 -0 -1
    outer loop
      vertex 75.6123 43.5218 0
      vertex 80 42 0
      vertex 75.4645 43.4689 0
    endloop
  endfacet
  facet normal 0 0 -1
    outer loop
      vertex 74.8432 6.59229 0
      vertex 76 14 0
      vertex 75 6.6 0
    endloop
  endfacet
  facet normal 0 0 -1
    outer loop
      vertex 80 42 0
      vertex 75.1568 43.4077 0
      vertex 75.3121 43.4307 0
    endloop
  endfacet
  facet normal 0 0 -1
    outer loop
      vertex 74.6879 6.56926 0
      vertex 76 14 0
      vertex 74.8432 6.59229 0
    endloop
  endfacet
  facet normal 0 0 -1
    outer loop
      vertex 76 28 0
      vertex 75 43.4 0
      vertex 75.1568 43.4077 0
    endloop
  endfacet
  facet normal 0 0 -1
    outer loop
      vertex 74.5355 6.5311 0
      vertex 76 14 0
      vertex 74.6879 6.56926 0
    endloop
  endfacet
  facet normal 0 0 -1
    outer loop
      vertex 76 28 0
      vertex 74.8432 43.4077 0
      vertex 75 43.4 0
    endloop
  endfacet
  facet normal 0 0 -1
    outer loop
      vertex 74.3877 6.47821 0
      vertex 76 14 0
      vertex 74.5355 6.5311 0
    endloop
  endfacet
  facet normal 0 0 -1
    outer loop
      vertex 76 28 0
      vertex 74.6879 43.4307 0
      vertex 74.8432 43.4077 0
    endloop
  endfacet
  facet normal 0 0 -1
    outer loop
      vertex 74.2458 6.41107 0
      vertex 76 14 0
      vertex 74.3877 6.47821 0
    endloop
  endfacet
  facet normal 0 0 -1
    outer loop
      vertex 76 28 0
      vertex 74.5355 43.4689 0
      vertex 74.6879 43.4307 0
    endloop
  endfacet
  facet normal 0 0 -1
    outer loop
      vertex 74.1111 6.33035 0
      vertex 76 14 0
      vertex 74.2458 6.41107 0
    endloop
  endfacet
  facet normal 0 0 -1
    outer loop
      vertex 76 28 0
      vertex 74.3877 43.5218 0
      vertex 74.5355 43.4689 0
    endloop
  endfacet
  facet normal 0 0 -1
    outer loop
      vertex 73.985 6.23682 0
      vertex 76 14 0
      vertex 74.1111 6.33035 0
    endloop
  endfacet
  facet normal 0 0 -1
    outer loop
      vertex 76 28 0
      vertex 74.2458 43.5889 0
      vertex 74.3877 43.5218 0
    endloop
  endfacet
  facet normal 0 0 -1
    outer loop
      vertex 73.8686 6.13137 0
      vertex 76 14 0
      vertex 73.985 6.23682 0
    endloop
  endfacet
  facet normal 0 0 -1
    outer loop
      vertex 76 28 0
      vertex 74.1111 43.6696 0
      vertex 74.2458 43.5889 0
    endloop
  endfacet
  facet normal 0 0 -1
    outer loop
      vertex 73.7632 6.01503 0
      vertex 76 14 0
      vertex 73.8686 6.13137 0
    endloop
  endfacet
  facet normal 0 0 -1
    outer loop
      vertex 76 28 0
      vertex 73.985 43.7632 0
      vertex 74.1111 43.6696 0
    endloop
  endfacet
  facet normal 0 0 -1
    outer loop
      vertex 62.5971 23.9412 0
      vertex 73.7632 6.01503 0
      vertex 73.6696 5.88891 0
    endloop
  endfacet
  facet normal 0 -0 -1
    outer loop
      vertex 62.6 24 0
      vertex 76 28 0
      vertex 62.5971 23.9412 0
    endloop
  endfacet
  facet normal 0 0 -1
    outer loop
      vertex 62.5971 23.9412 0
      vertex 73.6696 5.88891 0
      vertex 73.5889 5.75423 0
    endloop
  endfacet
  facet normal 0 0 -1
    outer loop
      vertex 62.5971 24.0588 0
      vertex 76 28 0
      vertex 62.6 24 0
    endloop
  endfacet
  facet normal 0 0 -1
    outer loop
      vertex 62.5971 23.9412 0
      vertex 73.5889 5.75423 0
      vertex 73.5218 5.61229 0
    endloop
  endfacet
  facet normal 0 0 -1
    outer loop
      vertex 62.5885 24.1171 0
      vertex 76 28 0
      vertex 62.5971 24.0588 0
    endloop
  endfacet
  facet normal 0 0 -1
    outer loop
      vertex 73.7632 6.01503 0
      vertex 62.5971 23.9412 0
      vertex 76 14 0
    endloop
  endfacet
  facet normal 0 0 -1
    outer loop
      vertex 62.5742 24.1742 0
      vertex 76 28 0
      vertex 62.5885 24.1171 0
    endloop
  endfacet
  facet normal 0 0 -1
    outer loop
      vertex 62.5971 23.9412 0
      vertex 73.5218 5.61229 0
      vertex 73.4689 5.46445 0
    endloop
  endfacet
  facet normal 0 0 -1
    outer loop
      vertex 62.5543 24.2296 0
      vertex 76 28 0
      vertex 62.5742 24.1742 0
    endloop
  endfacet
  facet normal 0 0 -1
    outer loop
      vertex 76 14 0
      vertex 62.5971 23.9412 0
      vertex 76 28 0
    endloop
  endfacet
  facet normal 0 0 -1
    outer loop
      vertex 62.5292 24.2828 0
      vertex 76 28 0
      vertex 62.5543 24.2296 0
    endloop
  endfacet
  facet normal 0 0 -1
    outer loop
      vertex 62.5971 23.9412 0
      vertex 73.4689 5.46445 0
      vertex 73.4307 5.31214 0
    endloop
  endfacet
  facet normal 0 0 -1
    outer loop
      vertex 62.4989 24.3333 0
      vertex 76 28 0
      vertex 62.5292 24.2828 0
    endloop
  endfacet
  facet normal 0 0 -1
    outer loop
      vertex 62.5971 23.9412 0
      vertex 73.4307 5.31214 0
      vertex 73.4077 5.15683 0
    endloop
  endfacet
  facet normal 0 0 -1
    outer loop
      vertex 62.4638 24.3806 0
      vertex 76 28 0
      vertex 62.4989 24.3333 0
    endloop
  endfacet
  facet normal 0 0 -1
    outer loop
      vertex 62.5971 23.9412 0
      vertex 73.4 5 0
      vertex 72.7841 0.0385132 0
    endloop
  endfacet
  facet normal 0 0 -1
    outer loop
      vertex 73.4 5 0
      vertex 62.5971 23.9412 0
      vertex 73.4077 5.15683 0
    endloop
  endfacet
  facet normal 0 0 -1
    outer loop
      vertex 76.4782 45.6123 0
      vertex 78.6517 46.4445 0
      vertex 76.5311 45.4645 0
    endloop
  endfacet
  facet normal -0 0 -1
    outer loop
      vertex 78.6517 46.4445 0
      vertex 76.4782 45.6123 0
      vertex 78.1841 47.0751 0
    endloop
  endfacet
  facet normal 0 0 -1
    outer loop
      vertex 76.4111 45.7542 0
      vertex 78.1841 47.0751 0
      vertex 76.4782 45.6123 0
    endloop
  endfacet
  facet normal 0 0 -1
    outer loop
      vertex 76.3304 45.8889 0
      vertex 78.1841 47.0751 0
      vertex 76.4111 45.7542 0
    endloop
  endfacet
  facet normal 0 0 -1
    outer loop
      vertex 76.2368 46.015 0
      vertex 78.1841 47.0751 0
      vertex 76.3304 45.8889 0
    endloop
  endfacet
  facet normal -0 0 -1
    outer loop
      vertex 78.1841 47.0751 0
      vertex 76.2368 46.015 0
      vertex 77.6568 47.6568 0
    endloop
  endfacet
  facet normal 0 0 -1
    outer loop
      vertex 76.1314 46.1314 0
      vertex 77.6568 47.6568 0
      vertex 76.2368 46.015 0
    endloop
  endfacet
  facet normal 0 0 -1
    outer loop
      vertex 76.015 46.2368 0
      vertex 77.6568 47.6568 0
      vertex 76.1314 46.1314 0
    endloop
  endfacet
  facet normal -0 0 -1
    outer loop
      vertex 77.6568 47.6568 0
      vertex 76.015 46.2368 0
      vertex 77.0751 48.1841 0
    endloop
  endfacet
  facet normal 0 0 -1
    outer loop
      vertex 75.8889 46.3304 0
      vertex 77.0751 48.1841 0
      vertex 76.015 46.2368 0
    endloop
  endfacet
  facet normal 0 0 -1
    outer loop
      vertex 75.7542 46.4111 0
      vertex 77.0751 48.1841 0
      vertex 75.8889 46.3304 0
    endloop
  endfacet
  facet normal 0 0 -1
    outer loop
      vertex 75.6123 46.4782 0
      vertex 77.0751 48.1841 0
      vertex 75.7542 46.4111 0
    endloop
  endfacet
  facet normal -0 0 -1
    outer loop
      vertex 77.0751 48.1841 0
      vertex 75.6123 46.4782 0
      vertex 76.4445 48.6517 0
    endloop
  endfacet
  facet normal 0 0 -1
    outer loop
      vertex 75.4645 46.5311 0
      vertex 76.4445 48.6517 0
      vertex 75.6123 46.4782 0
    endloop
  endfacet
  facet normal 0 0 -1
    outer loop
      vertex 75.3121 46.5693 0
      vertex 76.4445 48.6517 0
      vertex 75.4645 46.5311 0
    endloop
  endfacet
  facet normal -0 0 -1
    outer loop
      vertex 76.4445 48.6517 0
      vertex 75.3121 46.5693 0
      vertex 75.7712 49.0554 0
    endloop
  endfacet
  facet normal 0 0 -1
    outer loop
      vertex 75.1568 46.5923 0
      vertex 75.7712 49.0554 0
      vertex 75.3121 46.5693 0
    endloop
  endfacet
  facet normal 0 0 -1
    outer loop
      vertex 75 46.6 0
      vertex 75.7712 49.0554 0
      vertex 75.1568 46.5923 0
    endloop
  endfacet
  facet normal 0 0 -1
    outer loop
      vertex 74.8432 46.5923 0
      vertex 75.7712 49.0554 0
      vertex 75 46.6 0
    endloop
  endfacet
  facet normal -0 0 -1
    outer loop
      vertex 75.7712 49.0554 0
      vertex 74.8432 46.5923 0
      vertex 75.0615 49.391 0
    endloop
  endfacet
  facet normal 0 0 -1
    outer loop
      vertex 74.6879 46.5693 0
      vertex 75.0615 49.391 0
      vertex 74.8432 46.5923 0
    endloop
  endfacet
  facet normal 0 0 -1
    outer loop
      vertex 74.5355 46.5311 0
      vertex 75.0615 49.391 0
      vertex 74.6879 46.5693 0
    endloop
  endfacet
  facet normal 0 0 -1
    outer loop
      vertex 74.3223 49.6555 0
      vertex 74.5355 46.5311 0
      vertex 74.3877 46.4782 0
    endloop
  endfacet
  facet normal 0 0 -1
    outer loop
      vertex 74.5355 46.5311 0
      vertex 74.3223 49.6555 0
      vertex 75.0615 49.391 0
    endloop
  endfacet
  facet normal 0 0 -1
    outer loop
      vertex 74.2458 46.4111 0
      vertex 74.3223 49.6555 0
      vertex 74.3877 46.4782 0
    endloop
  endfacet
  facet normal 0 0 -1
    outer loop
      vertex 73.5607 49.8463 0
      vertex 74.2458 46.4111 0
      vertex 74.1111 46.3304 0
    endloop
  endfacet
  facet normal 0 0 -1
    outer loop
      vertex 72.7841 49.9615 0
      vertex 74.1111 46.3304 0
      vertex 73.985 46.2368 0
    endloop
  endfacet
  facet normal 0 0 -1
    outer loop
      vertex 72.7841 49.9615 0
      vertex 73.985 46.2368 0
      vertex 73.8686 46.1314 0
    endloop
  endfacet
  facet normal 0 0 -1
    outer loop
      vertex 72 50 0
      vertex 73.8686 46.1314 0
      vertex 73.7632 46.015 0
    endloop
  endfacet
  facet normal 0 0 -1
    outer loop
      vertex 72 50 0
      vertex 73.7632 46.015 0
      vertex 73.6696 45.8889 0
    endloop
  endfacet
  facet normal 0 0 -1
    outer loop
      vertex 72 50 0
      vertex 73.6696 45.8889 0
      vertex 73.5889 45.7542 0
    endloop
  endfacet
  facet normal 0 0 -1
    outer loop
      vertex 74.2458 46.4111 0
      vertex 73.5607 49.8463 0
      vertex 74.3223 49.6555 0
    endloop
  endfacet
  facet normal 0 0 -1
    outer loop
      vertex 72 50 0
      vertex 73.5889 45.7542 0
      vertex 73.5218 45.6123 0
    endloop
  endfacet
  facet normal 0 0 -1
    outer loop
      vertex 72 50 0
      vertex 73.5218 45.6123 0
      vertex 73.4689 45.4645 0
    endloop
  endfacet
  facet normal 0 0 -1
    outer loop
      vertex 72 50 0
      vertex 73.4689 45.4645 0
      vertex 73.4307 45.3121 0
    endloop
  endfacet
  facet normal 0 0 -1
    outer loop
      vertex 72 50 0
      vertex 73.4307 45.3121 0
      vertex 73.4077 45.1568 0
    endloop
  endfacet
  facet normal 0 0 -1
    outer loop
      vertex 72 50 0
      vertex 73.4077 45.1568 0
      vertex 73.4 45 0
    endloop
  endfacet
  facet normal 0 0 -1
    outer loop
      vertex 74.1111 46.3304 0
      vertex 72.7841 49.9615 0
      vertex 73.5607 49.8463 0
    endloop
  endfacet
  facet normal 0 0 -1
    outer loop
      vertex 62.3333 24.4989 0
      vertex 76 28 0
      vertex 62.3806 24.4638 0
    endloop
  endfacet
  facet normal 0 0 -1
    outer loop
      vertex 62.5292 15.7172 0
      vertex 72.7841 0.0385132 0
      vertex 72 0 0
    endloop
  endfacet
  facet normal 0 0 -1
    outer loop
      vertex 62.2828 24.5292 0
      vertex 76 28 0
      vertex 62.3333 24.4989 0
    endloop
  endfacet
  facet normal 0 0 -1
    outer loop
      vertex 72.7841 0.0385132 0
      vertex 62.6 16 0
      vertex 62.5971 16.0588 0
    endloop
  endfacet
  facet normal 0 0 -1
    outer loop
      vertex 72.7841 0.0385132 0
      vertex 62.5971 15.9412 0
      vertex 62.6 16 0
    endloop
  endfacet
  facet normal 0 0 -1
    outer loop
      vertex 72.7841 0.0385132 0
      vertex 62.5885 15.8829 0
      vertex 62.5971 15.9412 0
    endloop
  endfacet
  facet normal 0 0 -1
    outer loop
      vertex 72.7841 0.0385132 0
      vertex 62.5742 15.8258 0
      vertex 62.5885 15.8829 0
    endloop
  endfacet
  facet normal 0 0 -1
    outer loop
      vertex 72.7841 0.0385132 0
      vertex 62.5543 15.7704 0
      vertex 62.5742 15.8258 0
    endloop
  endfacet
  facet normal 0 0 -1
    outer loop
      vertex 72.7841 0.0385132 0
      vertex 62.5292 15.7172 0
      vertex 62.5543 15.7704 0
    endloop
  endfacet
  facet normal 0 0 -1
    outer loop
      vertex 72 0 0
      vertex 62.4989 15.6667 0
      vertex 62.5292 15.7172 0
    endloop
  endfacet
  facet normal 0 0 -1
    outer loop
      vertex 72 0 0
      vertex 62.4638 15.6194 0
      vertex 62.4989 15.6667 0
    endloop
  endfacet
  facet normal 0 0 -1
    outer loop
      vertex 72 0 0
      vertex 62.4243 15.5757 0
      vertex 62.4638 15.6194 0
    endloop
  endfacet
  facet normal 0 0 -1
    outer loop
      vertex 72 0 0
      vertex 62.3806 15.5362 0
      vertex 62.4243 15.5757 0
    endloop
  endfacet
  facet normal 0 0 -1
    outer loop
      vertex 72 0 0
      vertex 62.3333 15.5011 0
      vertex 62.3806 15.5362 0
    endloop
  endfacet
  facet normal 0 0 -1
    outer loop
      vertex 72 0 0
      vertex 62.2828 15.4708 0
      vertex 62.3333 15.5011 0
    endloop
  endfacet
  facet normal 0 0 -1
    outer loop
      vertex 72 0 0
      vertex 62.2296 15.4457 0
      vertex 62.2828 15.4708 0
    endloop
  endfacet
  facet normal 0 0 -1
    outer loop
      vertex 72 0 0
      vertex 62.1742 15.4258 0
      vertex 62.2296 15.4457 0
    endloop
  endfacet
  facet normal 0 0 -1
    outer loop
      vertex 72 0 0
      vertex 62.1171 15.4115 0
      vertex 62.1742 15.4258 0
    endloop
  endfacet
  facet normal 0 0 -1
    outer loop
      vertex 72 0 0
      vertex 62.0588 15.4029 0
      vertex 62.1171 15.4115 0
    endloop
  endfacet
  facet normal 0 0 -1
    outer loop
      vertex 72 0 0
      vertex 62 15.4 0
      vertex 62.0588 15.4029 0
    endloop
  endfacet
  facet normal 0 0 -1
    outer loop
      vertex 72 0 0
      vertex 61.9412 15.4029 0
      vertex 62 15.4 0
    endloop
  endfacet
  facet normal 0 0 -1
    outer loop
      vertex 72 0 0
      vertex 61.8829 15.4115 0
      vertex 61.9412 15.4029 0
    endloop
  endfacet
  facet normal 0 0 -1
    outer loop
      vertex 72 0 0
      vertex 61.8258 15.4258 0
      vertex 61.8829 15.4115 0
    endloop
  endfacet
  facet normal 0 0 -1
    outer loop
      vertex 54.1742 15.4258 0
      vertex 61.8258 15.4258 0
      vertex 72 0 0
    endloop
  endfacet
  facet normal 0 0 -1
    outer loop
      vertex 61.8258 15.4258 0
      vertex 54.1742 15.4258 0
      vertex 61.7704 15.4457 0
    endloop
  endfacet
  facet normal 0 -0 -1
    outer loop
      vertex 54.2296 15.4457 0
      vertex 61.7704 15.4457 0
      vertex 54.1742 15.4258 0
    endloop
  endfacet
  facet normal 0 0 -1
    outer loop
      vertex 61.7704 15.4457 0
      vertex 54.2296 15.4457 0
      vertex 61.7172 15.4708 0
    endloop
  endfacet
  facet normal 0 -0 -1
    outer loop
      vertex 54.2828 15.4708 0
      vertex 61.7172 15.4708 0
      vertex 54.2296 15.4457 0
    endloop
  endfacet
  facet normal 0 0 -1
    outer loop
      vertex 61.7172 15.4708 0
      vertex 54.2828 15.4708 0
      vertex 61.6667 15.5011 0
    endloop
  endfacet
  facet normal 0 -0 -1
    outer loop
      vertex 54.3333 15.5011 0
      vertex 61.6667 15.5011 0
      vertex 54.2828 15.4708 0
    endloop
  endfacet
  facet normal 0 0 -1
    outer loop
      vertex 61.5757 16.4243 0
      vertex 54.4243 16.4243 0
      vertex 61.5757 23.5757 0
    endloop
  endfacet
  facet normal 0 0 -1
    outer loop
      vertex 61.4029 15.9412 0
      vertex 54.6 16 0
      vertex 61.4 16 0
    endloop
  endfacet
  facet normal 0 0 -1
    outer loop
      vertex 54.5971 15.9412 0
      vertex 61.4029 15.9412 0
      vertex 61.4115 15.8829 0
    endloop
  endfacet
  facet normal 0 0 -1
    outer loop
      vertex 54.5885 15.8829 0
      vertex 61.4115 15.8829 0
      vertex 61.4258 15.8258 0
    endloop
  endfacet
  facet normal 0 0 -1
    outer loop
      vertex 54.5742 15.8258 0
      vertex 61.4258 15.8258 0
      vertex 61.4457 15.7704 0
    endloop
  endfacet
  facet normal 0 0 -1
    outer loop
      vertex 54.5543 15.7704 0
      vertex 61.4457 15.7704 0
      vertex 61.4708 15.7172 0
    endloop
  endfacet
  facet normal 0 0 -1
    outer loop
      vertex 54.5292 15.7172 0
      vertex 61.4708 15.7172 0
      vertex 61.5011 15.6667 0
    endloop
  endfacet
  facet normal 0 0 -1
    outer loop
      vertex 61.6667 15.5011 0
      vertex 54.3333 15.5011 0
      vertex 61.6194 15.5362 0
    endloop
  endfacet
  facet normal 0 0 -1
    outer loop
      vertex 61.4029 15.9412 0
      vertex 54.5971 15.9412 0
      vertex 54.6 16 0
    endloop
  endfacet
  facet normal 0 0 -1
    outer loop
      vertex 61.4115 15.8829 0
      vertex 54.5885 15.8829 0
      vertex 54.5971 15.9412 0
    endloop
  endfacet
  facet normal 0 0 -1
    outer loop
      vertex 61.4258 15.8258 0
      vertex 54.5742 15.8258 0
      vertex 54.5885 15.8829 0
    endloop
  endfacet
  facet normal 0 0 -1
    outer loop
      vertex 61.4457 15.7704 0
      vertex 54.5543 15.7704 0
      vertex 54.5742 15.8258 0
    endloop
  endfacet
  facet normal 0 0 -1
    outer loop
      vertex 61.4708 15.7172 0
      vertex 54.5292 15.7172 0
      vertex 54.5543 15.7704 0
    endloop
  endfacet
  facet normal 0 0 -1
    outer loop
      vertex 61.5011 15.6667 0
      vertex 54.4989 15.6667 0
      vertex 54.5292 15.7172 0
    endloop
  endfacet
  facet normal -0 0 -1
    outer loop
      vertex 61.5011 15.6667 0
      vertex 54.4638 15.6194 0
      vertex 54.4989 15.6667 0
    endloop
  endfacet
  facet normal 0 0 -1
    outer loop
      vertex 61.5362 15.6194 0
      vertex 54.4638 15.6194 0
      vertex 61.5011 15.6667 0
    endloop
  endfacet
  facet normal 0 -0 -1
    outer loop
      vertex 54.4638 15.6194 0
      vertex 61.5362 15.6194 0
      vertex 54.4243 15.5757 0
    endloop
  endfacet
  facet normal 0 0 -1
    outer loop
      vertex 61.5757 15.5757 0
      vertex 54.4243 15.5757 0
      vertex 61.5362 15.6194 0
    endloop
  endfacet
  facet normal 0 -0 -1
    outer loop
      vertex 54.4243 15.5757 0
      vertex 61.5757 15.5757 0
      vertex 54.3806 15.5362 0
    endloop
  endfacet
  facet normal 0 0 -1
    outer loop
      vertex 61.6194 15.5362 0
      vertex 54.3806 15.5362 0
      vertex 61.5757 15.5757 0
    endloop
  endfacet
  facet normal 0 -0 -1
    outer loop
      vertex 54.3806 15.5362 0
      vertex 61.6194 15.5362 0
      vertex 54.3333 15.5011 0
    endloop
  endfacet
  facet normal 0 0 -1
    outer loop
      vertex 72 0 0
      vertex 54.1171 15.4115 0
      vertex 54.1742 15.4258 0
    endloop
  endfacet
  facet normal 0 0 -1
    outer loop
      vertex 72 0 0
      vertex 54.0588 15.4029 0
      vertex 54.1171 15.4115 0
    endloop
  endfacet
  facet normal 0 0 -1
    outer loop
      vertex 72 0 0
      vertex 54 15.4 0
      vertex 54.0588 15.4029 0
    endloop
  endfacet
  facet normal 0 0 -1
    outer loop
      vertex 72 0 0
      vertex 53.9412 15.4029 0
      vertex 54 15.4 0
    endloop
  endfacet
  facet normal 0 0 -1
    outer loop
      vertex 72 0 0
      vertex 53.8829 15.4115 0
      vertex 53.9412 15.4029 0
    endloop
  endfacet
  facet normal 0 0 -1
    outer loop
      vertex 72 0 0
      vertex 53.8258 15.4258 0
      vertex 53.8829 15.4115 0
    endloop
  endfacet
  facet normal 0 0 -1
    outer loop
      vertex 72 0 0
      vertex 53.7704 15.4457 0
      vertex 53.8258 15.4258 0
    endloop
  endfacet
  facet normal 0 0 -1
    outer loop
      vertex 26.2296 15.4457 0
      vertex 53.7704 15.4457 0
      vertex 72 0 0
    endloop
  endfacet
  facet normal 0 0 -1
    outer loop
      vertex 53.7704 15.4457 0
      vertex 26.2296 15.4457 0
      vertex 53.7172 15.4708 0
    endloop
  endfacet
  facet normal 0 -0 -1
    outer loop
      vertex 26.2828 15.4708 0
      vertex 53.7172 15.4708 0
      vertex 26.2296 15.4457 0
    endloop
  endfacet
  facet normal 0 0 -1
    outer loop
      vertex 53.4258 16.1742 0
      vertex 26.5742 16.1742 0
      vertex 53.4258 23.8258 0
    endloop
  endfacet
  facet normal 0 0 -1
    outer loop
      vertex 53.4029 15.9412 0
      vertex 26.6 16 0
      vertex 53.4 16 0
    endloop
  endfacet
  facet normal 0 0 -1
    outer loop
      vertex 26.5971 15.9412 0
      vertex 53.4029 15.9412 0
      vertex 53.4115 15.8829 0
    endloop
  endfacet
  facet normal 0 0 -1
    outer loop
      vertex 26.5885 15.8829 0
      vertex 53.4115 15.8829 0
      vertex 53.4258 15.8258 0
    endloop
  endfacet
  facet normal 0 0 -1
    outer loop
      vertex 26.5742 15.8258 0
      vertex 53.4258 15.8258 0
      vertex 53.4457 15.7704 0
    endloop
  endfacet
  facet normal 0 0 -1
    outer loop
      vertex 26.5543 15.7704 0
      vertex 53.4457 15.7704 0
      vertex 53.4708 15.7172 0
    endloop
  endfacet
  facet normal 0 0 -1
    outer loop
      vertex 26.5292 15.7172 0
      vertex 53.4708 15.7172 0
      vertex 53.5011 15.6667 0
    endloop
  endfacet
  facet normal 0 0 -1
    outer loop
      vertex 26.4989 15.6667 0
      vertex 53.5011 15.6667 0
      vertex 53.5362 15.6194 0
    endloop
  endfacet
  facet normal 0 0 -1
    outer loop
      vertex 26.4638 15.6194 0
      vertex 53.5362 15.6194 0
      vertex 53.5757 15.5757 0
    endloop
  endfacet
  facet normal 0 0 -1
    outer loop
      vertex 26.4243 15.5757 0
      vertex 53.5757 15.5757 0
      vertex 53.6194 15.5362 0
    endloop
  endfacet
  facet normal 0 0 -1
    outer loop
      vertex 53.7172 15.4708 0
      vertex 26.2828 15.4708 0
      vertex 53.6667 15.5011 0
    endloop
  endfacet
  facet normal 0 0 -1
    outer loop
      vertex 53.4029 15.9412 0
      vertex 26.5971 15.9412 0
      vertex 26.6 16 0
    endloop
  endfacet
  facet normal 0 0 -1
    outer loop
      vertex 53.4115 15.8829 0
      vertex 26.5885 15.8829 0
      vertex 26.5971 15.9412 0
    endloop
  endfacet
  facet normal 0 0 -1
    outer loop
      vertex 53.4258 15.8258 0
      vertex 26.5742 15.8258 0
      vertex 26.5885 15.8829 0
    endloop
  endfacet
  facet normal 0 0 -1
    outer loop
      vertex 53.4457 15.7704 0
      vertex 26.5543 15.7704 0
      vertex 26.5742 15.8258 0
    endloop
  endfacet
  facet normal 0 0 -1
    outer loop
      vertex 53.4708 15.7172 0
      vertex 26.5292 15.7172 0
      vertex 26.5543 15.7704 0
    endloop
  endfacet
  facet normal 0 0 -1
    outer loop
      vertex 53.5011 15.6667 0
      vertex 26.4989 15.6667 0
      vertex 26.5292 15.7172 0
    endloop
  endfacet
  facet normal 0 0 -1
    outer loop
      vertex 53.5362 15.6194 0
      vertex 26.4638 15.6194 0
      vertex 26.4989 15.6667 0
    endloop
  endfacet
  facet normal 0 0 -1
    outer loop
      vertex 53.5757 15.5757 0
      vertex 26.4243 15.5757 0
      vertex 26.4638 15.6194 0
    endloop
  endfacet
  facet normal 0 0 -1
    outer loop
      vertex 53.6194 15.5362 0
      vertex 26.3806 15.5362 0
      vertex 26.4243 15.5757 0
    endloop
  endfacet
  facet normal -0 0 -1
    outer loop
      vertex 53.6194 15.5362 0
      vertex 26.3333 15.5011 0
      vertex 26.3806 15.5362 0
    endloop
  endfacet
  facet normal 0 0 -1
    outer loop
      vertex 53.6667 15.5011 0
      vertex 26.3333 15.5011 0
      vertex 53.6194 15.5362 0
    endloop
  endfacet
  facet normal 0 -0 -1
    outer loop
      vertex 26.3333 15.5011 0
      vertex 53.6667 15.5011 0
      vertex 26.2828 15.4708 0
    endloop
  endfacet
  facet normal 0 0 -1
    outer loop
      vertex 8 0 0
      vertex 26.2296 15.4457 0
      vertex 72 0 0
    endloop
  endfacet
  facet normal 0 0 -1
    outer loop
      vertex 26.2296 15.4457 0
      vertex 8 0 0
      vertex 26.1742 15.4258 0
    endloop
  endfacet
  facet normal 0 0 -1
    outer loop
      vertex 26.1742 15.4258 0
      vertex 8 0 0
      vertex 26.1171 15.4115 0
    endloop
  endfacet
  facet normal 0 0 -1
    outer loop
      vertex 26.1171 15.4115 0
      vertex 8 0 0
      vertex 26.0588 15.4029 0
    endloop
  endfacet
  facet normal 0 0 -1
    outer loop
      vertex 26.0588 15.4029 0
      vertex 8 0 0
      vertex 26 15.4 0
    endloop
  endfacet
  facet normal -0 0 -1
    outer loop
      vertex 26 15.4 0
      vertex 8 0 0
      vertex 25.9412 15.4029 0
    endloop
  endfacet
  facet normal -0 0 -1
    outer loop
      vertex 25.9412 15.4029 0
      vertex 8 0 0
      vertex 25.8829 15.4115 0
    endloop
  endfacet
  facet normal 0 0 -1
    outer loop
      vertex 25.5757 16.4243 0
      vertex 18.4243 16.4243 0
      vertex 25.5757 23.5757 0
    endloop
  endfacet
  facet normal 0 0 -1
    outer loop
      vertex 25.4029 15.9412 0
      vertex 18.6 16 0
      vertex 25.4 16 0
    endloop
  endfacet
  facet normal 0 0 -1
    outer loop
      vertex 18.5971 15.9412 0
      vertex 25.4029 15.9412 0
      vertex 25.4115 15.8829 0
    endloop
  endfacet
  facet normal 0 0 -1
    outer loop
      vertex 18.5885 15.8829 0
      vertex 25.4115 15.8829 0
      vertex 25.4258 15.8258 0
    endloop
  endfacet
  facet normal 0 0 -1
    outer loop
      vertex 18.5742 15.8258 0
      vertex 25.4258 15.8258 0
      vertex 25.4457 15.7704 0
    endloop
  endfacet
  facet normal 0 0 -1
    outer loop
      vertex 18.5543 15.7704 0
      vertex 25.4457 15.7704 0
      vertex 25.4708 15.7172 0
    endloop
  endfacet
  facet normal 0 0 -1
    outer loop
      vertex 18.5292 15.7172 0
      vertex 25.4708 15.7172 0
      vertex 25.5011 15.6667 0
    endloop
  endfacet
  facet normal 0 0 -1
    outer loop
      vertex 18.4989 15.6667 0
      vertex 25.5011 15.6667 0
      vertex 25.5362 15.6194 0
    endloop
  endfacet
  facet normal 0 0 -1
    outer loop
      vertex 18.4638 15.6194 0
      vertex 25.5362 15.6194 0
      vertex 25.5757 15.5757 0
    endloop
  endfacet
  facet normal 0 0 -1
    outer loop
      vertex 18.4243 15.5757 0
      vertex 25.5757 15.5757 0
      vertex 25.6194 15.5362 0
    endloop
  endfacet
  facet normal 0 0 -1
    outer loop
      vertex 18.3806 15.5362 0
      vertex 25.6194 15.5362 0
      vertex 25.6667 15.5011 0
    endloop
  endfacet
  facet normal 0 0 -1
    outer loop
      vertex 18.3333 15.5011 0
      vertex 25.6667 15.5011 0
      vertex 25.7172 15.4708 0
    endloop
  endfacet
  facet normal 0 0 -1
    outer loop
      vertex 18.2828 15.4708 0
      vertex 25.7172 15.4708 0
      vertex 25.7704 15.4457 0
    endloop
  endfacet
  facet normal 0 0 -1
    outer loop
      vertex 18.2296 15.4457 0
      vertex 25.7704 15.4457 0
      vertex 25.8258 15.4258 0
    endloop
  endfacet
  facet normal -0 0 -1
    outer loop
      vertex 25.8829 15.4115 0
      vertex 8 0 0
      vertex 25.8258 15.4258 0
    endloop
  endfacet
  facet normal 0 0 -1
    outer loop
      vertex 25.4029 15.9412 0
      vertex 18.5971 15.9412 0
      vertex 18.6 16 0
    endloop
  endfacet
  facet normal 0 0 -1
    outer loop
      vertex 25.4115 15.8829 0
      vertex 18.5885 15.8829 0
      vertex 18.5971 15.9412 0
    endloop
  endfacet
  facet normal 0 0 -1
    outer loop
      vertex 25.4258 15.8258 0
      vertex 18.5742 15.8258 0
      vertex 18.5885 15.8829 0
    endloop
  endfacet
  facet normal 0 0 -1
    outer loop
      vertex 25.4457 15.7704 0
      vertex 18.5543 15.7704 0
      vertex 18.5742 15.8258 0
    endloop
  endfacet
  facet normal 0 0 -1
    outer loop
      vertex 25.4708 15.7172 0
      vertex 18.5292 15.7172 0
      vertex 18.5543 15.7704 0
    endloop
  endfacet
  facet normal 0 0 -1
    outer loop
      vertex 25.5011 15.6667 0
      vertex 18.4989 15.6667 0
      vertex 18.5292 15.7172 0
    endloop
  endfacet
  facet normal 0 0 -1
    outer loop
      vertex 25.5362 15.6194 0
      vertex 18.4638 15.6194 0
      vertex 18.4989 15.6667 0
    endloop
  endfacet
  facet normal 0 0 -1
    outer loop
      vertex 25.5757 15.5757 0
      vertex 18.4243 15.5757 0
      vertex 18.4638 15.6194 0
    endloop
  endfacet
  facet normal 0 0 -1
    outer loop
      vertex 25.6194 15.5362 0
      vertex 18.3806 15.5362 0
      vertex 18.4243 15.5757 0
    endloop
  endfacet
  facet normal 0 -0 -1
    outer loop
      vertex 18.1742 15.4258 0
      vertex 25.8258 15.4258 0
      vertex 8 0 0
    endloop
  endfacet
  facet normal 0 0 -1
    outer loop
      vertex 25.6667 15.5011 0
      vertex 18.3333 15.5011 0
      vertex 18.3806 15.5362 0
    endloop
  endfacet
  facet normal 0 0 -1
    outer loop
      vertex 25.7172 15.4708 0
      vertex 18.2828 15.4708 0
      vertex 18.3333 15.5011 0
    endloop
  endfacet
  facet normal 0 0 -1
    outer loop
      vertex 25.7704 15.4457 0
      vertex 18.2296 15.4457 0
      vertex 18.2828 15.4708 0
    endloop
  endfacet
  facet normal 0 0 -1
    outer loop
      vertex 25.8258 15.4258 0
      vertex 18.1742 15.4258 0
      vertex 18.2296 15.4457 0
    endloop
  endfacet
  facet normal 0 0 -1
    outer loop
      vertex 18.1742 15.4258 0
      vertex 8 0 0
      vertex 18.1171 15.4115 0
    endloop
  endfacet
  facet normal 0 0 -1
    outer loop
      vertex 18.1171 15.4115 0
      vertex 8 0 0
      vertex 18.0588 15.4029 0
    endloop
  endfacet
  facet normal 0 0 -1
    outer loop
      vertex 18.0588 15.4029 0
      vertex 8 0 0
      vertex 18 15.4 0
    endloop
  endfacet
  facet normal -0 0 -1
    outer loop
      vertex 18 15.4 0
      vertex 8 0 0
      vertex 17.9412 15.4029 0
    endloop
  endfacet
  facet normal 0 0 -1
    outer loop
      vertex 6.6 5 0
      vertex 17.9412 15.4029 0
      vertex 8 0 0
    endloop
  endfacet
  facet normal -0 0 -1
    outer loop
      vertex 17.4457 15.7704 0
      vertex 5.88891 6.33035 0
      vertex 17.4258 15.8258 0
    endloop
  endfacet
  facet normal -0 0 -1
    outer loop
      vertex 17.5757 15.5757 0
      vertex 6.23682 6.01503 0
      vertex 17.5362 15.6194 0
    endloop
  endfacet
  facet normal 0 0 -1
    outer loop
      vertex 6.23682 6.01503 0
      vertex 17.5757 15.5757 0
      vertex 6.33035 5.88891 0
    endloop
  endfacet
  facet normal -0 0 -1
    outer loop
      vertex 17.6194 15.5362 0
      vertex 6.33035 5.88891 0
      vertex 17.5757 15.5757 0
    endloop
  endfacet
  facet normal 0 0 -1
    outer loop
      vertex 6.33035 5.88891 0
      vertex 17.6194 15.5362 0
      vertex 6.41107 5.75423 0
    endloop
  endfacet
  facet normal -0 0 -1
    outer loop
      vertex 17.6667 15.5011 0
      vertex 6.41107 5.75423 0
      vertex 17.6194 15.5362 0
    endloop
  endfacet
  facet normal 0 0 -1
    outer loop
      vertex 6.41107 5.75423 0
      vertex 17.6667 15.5011 0
      vertex 6.47821 5.61229 0
    endloop
  endfacet
  facet normal -0 0 -1
    outer loop
      vertex 17.7172 15.4708 0
      vertex 6.47821 5.61229 0
      vertex 17.6667 15.5011 0
    endloop
  endfacet
  facet normal 0 0 -1
    outer loop
      vertex 6.47821 5.61229 0
      vertex 17.7172 15.4708 0
      vertex 6.5311 5.46445 0
    endloop
  endfacet
  facet normal -0 0 -1
    outer loop
      vertex 17.7704 15.4457 0
      vertex 6.5311 5.46445 0
      vertex 17.7172 15.4708 0
    endloop
  endfacet
  facet normal 0 0 -1
    outer loop
      vertex 6.5311 5.46445 0
      vertex 17.7704 15.4457 0
      vertex 6.56926 5.31214 0
    endloop
  endfacet
  facet normal -0 0 -1
    outer loop
      vertex 17.8258 15.4258 0
      vertex 6.56926 5.31214 0
      vertex 17.7704 15.4457 0
    endloop
  endfacet
  facet normal 0 0 -1
    outer loop
      vertex 6.56926 5.31214 0
      vertex 17.8258 15.4258 0
      vertex 6.59229 5.15683 0
    endloop
  endfacet
  facet normal -0 0 -1
    outer loop
      vertex 17.8829 15.4115 0
      vertex 6.59229 5.15683 0
      vertex 17.8258 15.4258 0
    endloop
  endfacet
  facet normal -0 0 -1
    outer loop
      vertex 17.9412 15.4029 0
      vertex 6.6 5 0
      vertex 17.8829 15.4115 0
    endloop
  endfacet
  facet normal 0 0 -1
    outer loop
      vertex 5.61229 6.47821 0
      vertex 17.4115 15.8829 0
      vertex 5.75423 6.41107 0
    endloop
  endfacet
  facet normal 0 0 -1
    outer loop
      vertex 17.4029 24.0588 0
      vertex 6.59229 44.8432 0
      vertex 6.6 45 0
    endloop
  endfacet
  facet normal -0 0 -1
    outer loop
      vertex 17.4115 15.8829 0
      vertex 5.61229 6.47821 0
      vertex 17.4029 15.9412 0
    endloop
  endfacet
  facet normal 0 0 -1
    outer loop
      vertex 17.4029 24.0588 0
      vertex 6.56926 44.6879 0
      vertex 6.59229 44.8432 0
    endloop
  endfacet
  facet normal 0 0 -1
    outer loop
      vertex 5.46445 6.5311 0
      vertex 17.4029 15.9412 0
      vertex 5.61229 6.47821 0
    endloop
  endfacet
  facet normal 0 0 -1
    outer loop
      vertex 17.4029 24.0588 0
      vertex 6.5311 44.5355 0
      vertex 6.56926 44.6879 0
    endloop
  endfacet
  facet normal -0 0 -1
    outer loop
      vertex 17.4029 15.9412 0
      vertex 5.46445 6.5311 0
      vertex 17.4 16 0
    endloop
  endfacet
  facet normal 0 0 -1
    outer loop
      vertex 17.4029 24.0588 0
      vertex 6.47821 44.3877 0
      vertex 6.5311 44.5355 0
    endloop
  endfacet
  facet normal 0 0 -1
    outer loop
      vertex 5.31214 6.56926 0
      vertex 17.4 16 0
      vertex 5.46445 6.5311 0
    endloop
  endfacet
  facet normal 0 0 -1
    outer loop
      vertex 17.4029 24.0588 0
      vertex 6.41107 44.2458 0
      vertex 6.47821 44.3877 0
    endloop
  endfacet
  facet normal -0 0 -1
    outer loop
      vertex 17.4 16 0
      vertex 5.31214 6.56926 0
      vertex 17.4029 16.0588 0
    endloop
  endfacet
  facet normal 0 0 -1
    outer loop
      vertex 17.4029 24.0588 0
      vertex 6.33035 44.1111 0
      vertex 6.41107 44.2458 0
    endloop
  endfacet
  facet normal 0 0 -1
    outer loop
      vertex 5.15683 6.59229 0
      vertex 17.4029 16.0588 0
      vertex 5.31214 6.56926 0
    endloop
  endfacet
  facet normal 0 0 -1
    outer loop
      vertex 17.4029 24.0588 0
      vertex 6.23682 43.985 0
      vertex 6.33035 44.1111 0
    endloop
  endfacet
  facet normal -0 0 -1
    outer loop
      vertex 17.4029 16.0588 0
      vertex 5.15683 6.59229 0
      vertex 17.4115 16.1171 0
    endloop
  endfacet
  facet normal 0 0 -1
    outer loop
      vertex 17.4029 24.0588 0
      vertex 6.13137 43.8686 0
      vertex 6.23682 43.985 0
    endloop
  endfacet
  facet normal 0 0 -1
    outer loop
      vertex 0 8 0
      vertex 17.4115 16.1171 0
      vertex 5.15683 6.59229 0
    endloop
  endfacet
  facet normal 0 0 -1
    outer loop
      vertex 17.4029 24.0588 0
      vertex 6.01503 43.7632 0
      vertex 6.13137 43.8686 0
    endloop
  endfacet
  facet normal -0 0 -1
    outer loop
      vertex 17.4115 16.1171 0
      vertex 0 8 0
      vertex 17.4258 16.1742 0
    endloop
  endfacet
  facet normal 0 0 -1
    outer loop
      vertex 17.4029 24.0588 0
      vertex 5.88891 43.6696 0
      vertex 6.01503 43.7632 0
    endloop
  endfacet
  facet normal -0 0 -1
    outer loop
      vertex 17.4258 16.1742 0
      vertex 0 8 0
      vertex 17.4258 23.8258 0
    endloop
  endfacet
  facet normal 0 0 -1
    outer loop
      vertex 17.4029 24.0588 0
      vertex 5.75423 43.5889 0
      vertex 5.88891 43.6696 0
    endloop
  endfacet
  facet normal -0 0 -1
    outer loop
      vertex 17.4258 23.8258 0
      vertex 0 8 0
      vertex 17.4115 23.8829 0
    endloop
  endfacet
  facet normal 0 0 -1
    outer loop
      vertex 17.4029 24.0588 0
      vertex 5.61229 43.5218 0
      vertex 5.75423 43.5889 0
    endloop
  endfacet
  facet normal -0 0 -1
    outer loop
      vertex 17.4115 23.8829 0
      vertex 0 8 0
      vertex 17.4029 23.9412 0
    endloop
  endfacet
  facet normal 0 0 -1
    outer loop
      vertex 17.4029 24.0588 0
      vertex 5.46445 43.4689 0
      vertex 5.61229 43.5218 0
    endloop
  endfacet
  facet normal -0 0 -1
    outer loop
      vertex 17.4029 23.9412 0
      vertex 0 8 0
      vertex 17.4 24 0
    endloop
  endfacet
  facet normal 0 0 -1
    outer loop
      vertex 17.4029 24.0588 0
      vertex 5.31214 43.4307 0
      vertex 5.46445 43.4689 0
    endloop
  endfacet
  facet normal -0 0 -1
    outer loop
      vertex 17.4 24 0
      vertex 0 8 0
      vertex 17.4029 24.0588 0
    endloop
  endfacet
  facet normal 0 0 -1
    outer loop
      vertex 17.4029 24.0588 0
      vertex 5.15683 43.4077 0
      vertex 5.31214 43.4307 0
    endloop
  endfacet
  facet normal 0 0 -1
    outer loop
      vertex 0 8 0
      vertex 5.15683 6.59229 0
      vertex 5 6.6 0
    endloop
  endfacet
  facet normal 0 0 -1
    outer loop
      vertex 0 42 0
      vertex 17.4029 24.0588 0
      vertex 0 8 0
    endloop
  endfacet
  facet normal 0 0 -1
    outer loop
      vertex 0 8 0
      vertex 5 6.6 0
      vertex 4.84317 6.59229 0
    endloop
  endfacet
  facet normal 0 0 -1
    outer loop
      vertex 17.4029 24.0588 0
      vertex 0 42 0
      vertex 5.15683 43.4077 0
    endloop
  endfacet
  facet normal 0 0 -1
    outer loop
      vertex 0 8 0
      vertex 4.84317 6.59229 0
      vertex 4.68785 6.56926 0
    endloop
  endfacet
  facet normal 0 0 -1
    outer loop
      vertex 5.15683 43.4077 0
      vertex 0 42 0
      vertex 5 43.4 0
    endloop
  endfacet
  facet normal 0 0 -1
    outer loop
      vertex 0 8 0
      vertex 4.68785 6.56926 0
      vertex 4.53554 6.5311 0
    endloop
  endfacet
  facet normal -0 0 -1
    outer loop
      vertex 5 43.4 0
      vertex 0 42 0
      vertex 4.84317 43.4077 0
    endloop
  endfacet
  facet normal 0 0 -1
    outer loop
      vertex 0 8 0
      vertex 4.53554 6.5311 0
      vertex 4.38771 6.47821 0
    endloop
  endfacet
  facet normal -0 0 -1
    outer loop
      vertex 4.84317 43.4077 0
      vertex 0 42 0
      vertex 4.68785 43.4307 0
    endloop
  endfacet
  facet normal 0 0 -1
    outer loop
      vertex 0 8 0
      vertex 4.38771 6.47821 0
      vertex 4.24576 6.41107 0
    endloop
  endfacet
  facet normal -0 0 -1
    outer loop
      vertex 4.68785 43.4307 0
      vertex 0 42 0
      vertex 4.53554 43.4689 0
    endloop
  endfacet
  facet normal 0 0 -1
    outer loop
      vertex 0 8 0
      vertex 4.24576 6.41107 0
      vertex 4.11109 6.33035 0
    endloop
  endfacet
  facet normal -0 0 -1
    outer loop
      vertex 4.53554 43.4689 0
      vertex 0 42 0
      vertex 4.38771 43.5218 0
    endloop
  endfacet
  facet normal 0 0 -1
    outer loop
      vertex 0 8 0
      vertex 4.11109 6.33035 0
      vertex 3.98497 6.23682 0
    endloop
  endfacet
  facet normal -0 0 -1
    outer loop
      vertex 4.38771 43.5218 0
      vertex 0 42 0
      vertex 4.24576 43.5889 0
    endloop
  endfacet
  facet normal 0 0 -1
    outer loop
      vertex 0 8 0
      vertex 3.98497 6.23682 0
      vertex 3.86863 6.13137 0
    endloop
  endfacet
  facet normal -0 0 -1
    outer loop
      vertex 4.24576 43.5889 0
      vertex 0 42 0
      vertex 4.11109 43.6696 0
    endloop
  endfacet
  facet normal 0 0 -1
    outer loop
      vertex 0 8 0
      vertex 3.86863 6.13137 0
      vertex 3.76318 6.01503 0
    endloop
  endfacet
  facet normal -0 0 -1
    outer loop
      vertex 4.11109 43.6696 0
      vertex 0 42 0
      vertex 3.98497 43.7632 0
    endloop
  endfacet
  facet normal 0 0 -1
    outer loop
      vertex 0 8 0
      vertex 3.76318 6.01503 0
      vertex 3.66965 5.88891 0
    endloop
  endfacet
  facet normal -0 0 -1
    outer loop
      vertex 3.98497 43.7632 0
      vertex 0 42 0
      vertex 3.86863 43.8686 0
    endloop
  endfacet
  facet normal 0 0 -1
    outer loop
      vertex 0 8 0
      vertex 3.66965 5.88891 0
      vertex 3.58893 5.75423 0
    endloop
  endfacet
  facet normal 0 -0 -1
    outer loop
      vertex 0.0385132 42.7841 0
      vertex 3.86863 43.8686 0
      vertex 0 42 0
    endloop
  endfacet
  facet normal 0 0 -1
    outer loop
      vertex 0 8 0
      vertex 3.58893 5.75423 0
      vertex 3.52179 5.61229 0
    endloop
  endfacet
  facet normal -0 0 -1
    outer loop
      vertex 3.86863 43.8686 0
      vertex 0.0385132 42.7841 0
      vertex 3.76318 43.985 0
    endloop
  endfacet
  facet normal 0 0 -1
    outer loop
      vertex 0 8 0
      vertex 3.52179 5.61229 0
      vertex 3.46889 5.46445 0
    endloop
  endfacet
  facet normal -0 0 -1
    outer loop
      vertex 3.76318 43.985 0
      vertex 0.0385132 42.7841 0
      vertex 3.66965 44.1111 0
    endloop
  endfacet
  facet normal 0 0 -1
    outer loop
      vertex 0 8 0
      vertex 3.46889 5.46445 0
      vertex 3.43074 5.31214 0
    endloop
  endfacet
  facet normal 0 -0 -1
    outer loop
      vertex 0.153717 43.5607 0
      vertex 3.66965 44.1111 0
      vertex 0.0385132 42.7841 0
    endloop
  endfacet
  facet normal 0 0 -1
    outer loop
      vertex 0 8 0
      vertex 3.43074 5.31214 0
      vertex 3.4077 5.15683 0
    endloop
  endfacet
  facet normal -0 0 -1
    outer loop
      vertex 3.66965 44.1111 0
      vertex 0.153717 43.5607 0
      vertex 3.58893 44.2458 0
    endloop
  endfacet
  facet normal 0 0 -1
    outer loop
      vertex 0 8 0
      vertex 3.4077 5.15683 0
      vertex 3.4 5 0
    endloop
  endfacet
  facet normal 0 -0 -1
    outer loop
      vertex 0.344467 44.3223 0
      vertex 3.58893 44.2458 0
      vertex 0.153717 43.5607 0
    endloop
  endfacet
  facet normal 0 0 -1
    outer loop
      vertex 6.59229 45.1568 0
      vertex 8 50 0
      vertex 6.6 45 0
    endloop
  endfacet
  facet normal 0 0 -1
    outer loop
      vertex 6.56926 45.3121 0
      vertex 8 50 0
      vertex 6.59229 45.1568 0
    endloop
  endfacet
  facet normal 0 0 -1
    outer loop
      vertex 6.5311 45.4645 0
      vertex 8 50 0
      vertex 6.56926 45.3121 0
    endloop
  endfacet
  facet normal 0 0 -1
    outer loop
      vertex 6.47821 45.6123 0
      vertex 8 50 0
      vertex 6.5311 45.4645 0
    endloop
  endfacet
  facet normal 0 0 -1
    outer loop
      vertex 6.41107 45.7542 0
      vertex 8 50 0
      vertex 6.47821 45.6123 0
    endloop
  endfacet
  facet normal 0 0 -1
    outer loop
      vertex 6.33035 45.8889 0
      vertex 8 50 0
      vertex 6.41107 45.7542 0
    endloop
  endfacet
  facet normal 0 0 -1
    outer loop
      vertex 6.23682 46.015 0
      vertex 8 50 0
      vertex 6.33035 45.8889 0
    endloop
  endfacet
  facet normal 0 0 -1
    outer loop
      vertex 6.13137 46.1314 0
      vertex 8 50 0
      vertex 6.23682 46.015 0
    endloop
  endfacet
  facet normal 0 0 -1
    outer loop
      vertex 8 50 0
      vertex 6.13137 46.1314 0
      vertex 7.21585 49.9615 0
    endloop
  endfacet
  facet normal 0 0 -1
    outer loop
      vertex 6.01503 46.2368 0
      vertex 7.21585 49.9615 0
      vertex 6.13137 46.1314 0
    endloop
  endfacet
  facet normal 0 0 -1
    outer loop
      vertex 5.88891 46.3304 0
      vertex 7.21585 49.9615 0
      vertex 6.01503 46.2368 0
    endloop
  endfacet
  facet normal 0 0 -1
    outer loop
      vertex 7.21585 49.9615 0
      vertex 5.88891 46.3304 0
      vertex 6.43927 49.8463 0
    endloop
  endfacet
  facet normal 0 0 -1
    outer loop
      vertex 5.75423 46.4111 0
      vertex 6.43927 49.8463 0
      vertex 5.88891 46.3304 0
    endloop
  endfacet
  facet normal 0 0 -1
    outer loop
      vertex 5.75423 46.4111 0
      vertex 5.67772 49.6555 0
      vertex 6.43927 49.8463 0
    endloop
  endfacet
  facet normal 0 0 -1
    outer loop
      vertex 5.61229 46.4782 0
      vertex 5.67772 49.6555 0
      vertex 5.75423 46.4111 0
    endloop
  endfacet
  facet normal 0 0 -1
    outer loop
      vertex 5.46445 46.5311 0
      vertex 5.67772 49.6555 0
      vertex 5.61229 46.4782 0
    endloop
  endfacet
  facet normal 0 0 -1
    outer loop
      vertex 4.93852 49.391 0
      vertex 5.46445 46.5311 0
      vertex 5.31214 46.5693 0
    endloop
  endfacet
  facet normal 0 0 -1
    outer loop
      vertex 4.93852 49.391 0
      vertex 5.31214 46.5693 0
      vertex 5.15683 46.5923 0
    endloop
  endfacet
  facet normal 0 0 -1
    outer loop
      vertex 4.22882 49.0554 0
      vertex 5.15683 46.5923 0
      vertex 5 46.6 0
    endloop
  endfacet
  facet normal 0 0 -1
    outer loop
      vertex 5.46445 46.5311 0
      vertex 4.93852 49.391 0
      vertex 5.67772 49.6555 0
    endloop
  endfacet
  facet normal 0 0 -1
    outer loop
      vertex 4.22882 49.0554 0
      vertex 5 46.6 0
      vertex 4.84317 46.5923 0
    endloop
  endfacet
  facet normal 0 0 -1
    outer loop
      vertex 4.22882 49.0554 0
      vertex 4.84317 46.5923 0
      vertex 4.68785 46.5693 0
    endloop
  endfacet
  facet normal 0 0 -1
    outer loop
      vertex 3.55544 48.6517 0
      vertex 4.68785 46.5693 0
      vertex 4.53554 46.5311 0
    endloop
  endfacet
  facet normal 0 0 -1
    outer loop
      vertex 3.55544 48.6517 0
      vertex 4.53554 46.5311 0
      vertex 4.38771 46.4782 0
    endloop
  endfacet
  facet normal 0 0 -1
    outer loop
      vertex 2.92485 48.1841 0
      vertex 4.38771 46.4782 0
      vertex 4.24576 46.4111 0
    endloop
  endfacet
  facet normal 0 0 -1
    outer loop
      vertex 5.15683 46.5923 0
      vertex 4.22882 49.0554 0
      vertex 4.93852 49.391 0
    endloop
  endfacet
  facet normal 0 0 -1
    outer loop
      vertex 2.92485 48.1841 0
      vertex 4.24576 46.4111 0
      vertex 4.11109 46.3304 0
    endloop
  endfacet
  facet normal 0 0 -1
    outer loop
      vertex 2.92485 48.1841 0
      vertex 4.11109 46.3304 0
      vertex 3.98497 46.2368 0
    endloop
  endfacet
  facet normal 0 0 -1
    outer loop
      vertex 2.34314 47.6568 0
      vertex 3.98497 46.2368 0
      vertex 3.86863 46.1314 0
    endloop
  endfacet
  facet normal 0 0 -1
    outer loop
      vertex 2.34314 47.6568 0
      vertex 3.86863 46.1314 0
      vertex 3.76318 46.015 0
    endloop
  endfacet
  facet normal 0 0 -1
    outer loop
      vertex 1.8159 47.0751 0
      vertex 3.76318 46.015 0
      vertex 3.66965 45.8889 0
    endloop
  endfacet
  facet normal 0 0 -1
    outer loop
      vertex 1.8159 47.0751 0
      vertex 3.66965 45.8889 0
      vertex 3.58893 45.7542 0
    endloop
  endfacet
  facet normal 0 0 -1
    outer loop
      vertex 4.68785 46.5693 0
      vertex 3.55544 48.6517 0
      vertex 4.22882 49.0554 0
    endloop
  endfacet
  facet normal 0 0 -1
    outer loop
      vertex 1.8159 47.0751 0
      vertex 3.58893 45.7542 0
      vertex 3.52179 45.6123 0
    endloop
  endfacet
  facet normal 0 0 -1
    outer loop
      vertex 1.34824 46.4445 0
      vertex 3.52179 45.6123 0
      vertex 3.46889 45.4645 0
    endloop
  endfacet
  facet normal 0 0 -1
    outer loop
      vertex 1.34824 46.4445 0
      vertex 3.46889 45.4645 0
      vertex 3.43074 45.3121 0
    endloop
  endfacet
  facet normal 0 0 -1
    outer loop
      vertex 0.944626 45.7712 0
      vertex 3.43074 45.3121 0
      vertex 3.4077 45.1568 0
    endloop
  endfacet
  facet normal 0 0 -1
    outer loop
      vertex 0.944626 45.7712 0
      vertex 3.4077 45.1568 0
      vertex 3.4 45 0
    endloop
  endfacet
  facet normal 0 0 -1
    outer loop
      vertex 4.38771 46.4782 0
      vertex 2.92485 48.1841 0
      vertex 3.55544 48.6517 0
    endloop
  endfacet
  facet normal 0 0 -1
    outer loop
      vertex 3.58893 44.2458 0
      vertex 0.344467 44.3223 0
      vertex 3.52179 44.3877 0
    endloop
  endfacet
  facet normal 0 0 -1
    outer loop
      vertex 0 8 0
      vertex 2.92485 1.8159 0
      vertex 2.34314 2.34314 0
    endloop
  endfacet
  facet normal -0 0 -1
    outer loop
      vertex 3.52179 44.3877 0
      vertex 0.344467 44.3223 0
      vertex 3.46889 44.5355 0
    endloop
  endfacet
  facet normal 0 0 -1
    outer loop
      vertex 0 8 0
      vertex 2.34314 2.34314 0
      vertex 1.8159 2.92485 0
    endloop
  endfacet
  facet normal 0 -0 -1
    outer loop
      vertex 0.608963 45.0615 0
      vertex 3.46889 44.5355 0
      vertex 0.344467 44.3223 0
    endloop
  endfacet
  facet normal 0 0 -1
    outer loop
      vertex 0 8 0
      vertex 1.8159 2.92485 0
      vertex 1.34824 3.55544 0
    endloop
  endfacet
  facet normal 0 0 -1
    outer loop
      vertex 3.98497 46.2368 0
      vertex 2.34314 47.6568 0
      vertex 2.92485 48.1841 0
    endloop
  endfacet
  facet normal 0 0 -1
    outer loop
      vertex 0 8 0
      vertex 1.34824 3.55544 0
      vertex 0.944626 4.22882 0
    endloop
  endfacet
  facet normal 0 0 -1
    outer loop
      vertex 3.76318 46.015 0
      vertex 1.8159 47.0751 0
      vertex 2.34314 47.6568 0
    endloop
  endfacet
  facet normal 0 0 -1
    outer loop
      vertex 0 8 0
      vertex 0.944626 4.22882 0
      vertex 0.608963 4.93852 0
    endloop
  endfacet
  facet normal 0 0 -1
    outer loop
      vertex 3.52179 45.6123 0
      vertex 1.34824 46.4445 0
      vertex 1.8159 47.0751 0
    endloop
  endfacet
  facet normal 0 0 -1
    outer loop
      vertex 0 8 0
      vertex 0.608963 4.93852 0
      vertex 0.344467 5.67772 0
    endloop
  endfacet
  facet normal 0 0 -1
    outer loop
      vertex 3.43074 45.3121 0
      vertex 0.944626 45.7712 0
      vertex 1.34824 46.4445 0
    endloop
  endfacet
  facet normal 0 0 -1
    outer loop
      vertex 0 8 0
      vertex 0.344467 5.67772 0
      vertex 0.153717 6.43927 0
    endloop
  endfacet
  facet normal 0 0 -1
    outer loop
      vertex 3.4077 44.8432 0
      vertex 0.944626 45.7712 0
      vertex 3.4 45 0
    endloop
  endfacet
  facet normal 0 0 -1
    outer loop
      vertex 0 8 0
      vertex 0.153717 6.43927 0
      vertex 0.0385132 7.21585 0
    endloop
  endfacet
  facet normal 0 -0 -1
    outer loop
      vertex 0.944626 45.7712 0
      vertex 3.4077 44.8432 0
      vertex 0.608963 45.0615 0
    endloop
  endfacet
  facet normal 0 0 -1
    outer loop
      vertex 3.43074 44.6879 0
      vertex 0.608963 45.0615 0
      vertex 3.4077 44.8432 0
    endloop
  endfacet
  facet normal 0 0 -1
    outer loop
      vertex 3.46889 44.5355 0
      vertex 0.608963 45.0615 0
      vertex 3.43074 44.6879 0
    endloop
  endfacet
  facet normal 0 0 -1
    outer loop
      vertex 25.5757 23.5757 0
      vertex 18.4243 23.5757 0
      vertex 25.5362 23.6194 0
    endloop
  endfacet
  facet normal -0 0 -1
    outer loop
      vertex 25.4 24 0
      vertex 18.5971 23.9412 0
      vertex 18.6 24 0
    endloop
  endfacet
  facet normal 0 -0 -1
    outer loop
      vertex 18.4638 23.6194 0
      vertex 25.5362 23.6194 0
      vertex 18.4243 23.5757 0
    endloop
  endfacet
  facet normal 0 0 -1
    outer loop
      vertex 25.4029 23.9412 0
      vertex 18.5971 23.9412 0
      vertex 25.4 24 0
    endloop
  endfacet
  facet normal 0 0 -1
    outer loop
      vertex 25.5362 23.6194 0
      vertex 18.4638 23.6194 0
      vertex 25.5011 23.6667 0
    endloop
  endfacet
  facet normal 0 -0 -1
    outer loop
      vertex 18.5971 23.9412 0
      vertex 25.4029 23.9412 0
      vertex 18.5885 23.8829 0
    endloop
  endfacet
  facet normal 0 -0 -1
    outer loop
      vertex 18.4989 23.6667 0
      vertex 25.5011 23.6667 0
      vertex 18.4638 23.6194 0
    endloop
  endfacet
  facet normal 0 0 -1
    outer loop
      vertex 25.4115 23.8829 0
      vertex 18.5885 23.8829 0
      vertex 25.4029 23.9412 0
    endloop
  endfacet
  facet normal 0 0 -1
    outer loop
      vertex 25.5011 23.6667 0
      vertex 18.4989 23.6667 0
      vertex 25.4708 23.7172 0
    endloop
  endfacet
  facet normal 0 -0 -1
    outer loop
      vertex 18.5885 23.8829 0
      vertex 25.4115 23.8829 0
      vertex 18.5742 23.8258 0
    endloop
  endfacet
  facet normal 0 -0 -1
    outer loop
      vertex 18.5292 23.7172 0
      vertex 25.4708 23.7172 0
      vertex 18.4989 23.6667 0
    endloop
  endfacet
  facet normal 0 0 -1
    outer loop
      vertex 25.4258 23.8258 0
      vertex 18.5742 23.8258 0
      vertex 25.4115 23.8829 0
    endloop
  endfacet
  facet normal 0 0 -1
    outer loop
      vertex 25.4708 23.7172 0
      vertex 18.5292 23.7172 0
      vertex 25.4457 23.7704 0
    endloop
  endfacet
  facet normal 0 -0 -1
    outer loop
      vertex 18.5742 23.8258 0
      vertex 25.4258 23.8258 0
      vertex 18.5543 23.7704 0
    endloop
  endfacet
  facet normal 0 -0 -1
    outer loop
      vertex 18.5543 23.7704 0
      vertex 25.4457 23.7704 0
      vertex 18.5292 23.7172 0
    endloop
  endfacet
  facet normal 0 0 -1
    outer loop
      vertex 25.4457 23.7704 0
      vertex 18.5543 23.7704 0
      vertex 25.4258 23.8258 0
    endloop
  endfacet
  facet normal 0 0 -1
    outer loop
      vertex 18.3806 16.4638 0
      vertex 18.4243 23.5757 0
      vertex 18.4243 16.4243 0
    endloop
  endfacet
  facet normal 0 0 -1
    outer loop
      vertex 18.3806 16.4638 0
      vertex 18.3806 23.5362 0
      vertex 18.4243 23.5757 0
    endloop
  endfacet
  facet normal 0 0 -1
    outer loop
      vertex 18.3333 16.4989 0
      vertex 18.3806 23.5362 0
      vertex 18.3806 16.4638 0
    endloop
  endfacet
  facet normal 0 0 -1
    outer loop
      vertex 18.3333 16.4989 0
      vertex 18.3333 23.5011 0
      vertex 18.3806 23.5362 0
    endloop
  endfacet
  facet normal 0 0 -1
    outer loop
      vertex 18.2828 16.5292 0
      vertex 18.3333 23.5011 0
      vertex 18.3333 16.4989 0
    endloop
  endfacet
  facet normal 0 0 -1
    outer loop
      vertex 18.2828 16.5292 0
      vertex 18.2828 23.4708 0
      vertex 18.3333 23.5011 0
    endloop
  endfacet
  facet normal 0 0 -1
    outer loop
      vertex 18.2296 16.5543 0
      vertex 18.2828 23.4708 0
      vertex 18.2828 16.5292 0
    endloop
  endfacet
  facet normal 0 0 -1
    outer loop
      vertex 18.2296 16.5543 0
      vertex 18.2296 23.4457 0
      vertex 18.2828 23.4708 0
    endloop
  endfacet
  facet normal 0 0 -1
    outer loop
      vertex 18.1742 16.5742 0
      vertex 18.2296 23.4457 0
      vertex 18.2296 16.5543 0
    endloop
  endfacet
  facet normal 0 0 -1
    outer loop
      vertex 18.1742 16.5742 0
      vertex 18.1742 23.4258 0
      vertex 18.2296 23.4457 0
    endloop
  endfacet
  facet normal 0 0 -1
    outer loop
      vertex 18.1171 16.5885 0
      vertex 18.1742 23.4258 0
      vertex 18.1742 16.5742 0
    endloop
  endfacet
  facet normal 0 0 -1
    outer loop
      vertex 18.1171 16.5885 0
      vertex 18.1171 23.4115 0
      vertex 18.1742 23.4258 0
    endloop
  endfacet
  facet normal 0 0 -1
    outer loop
      vertex 18.0588 16.5971 0
      vertex 18.1171 23.4115 0
      vertex 18.1171 16.5885 0
    endloop
  endfacet
  facet normal 0 0 -1
    outer loop
      vertex 18.0588 16.5971 0
      vertex 18.0588 23.4029 0
      vertex 18.1171 23.4115 0
    endloop
  endfacet
  facet normal 0 0 -1
    outer loop
      vertex 18 16.6 0
      vertex 18.0588 23.4029 0
      vertex 18.0588 16.5971 0
    endloop
  endfacet
  facet normal 0 0 -1
    outer loop
      vertex 18 16.6 0
      vertex 18 23.4 0
      vertex 18.0588 23.4029 0
    endloop
  endfacet
  facet normal 0 0 -1
    outer loop
      vertex 17.9412 16.5971 0
      vertex 18 23.4 0
      vertex 18 16.6 0
    endloop
  endfacet
  facet normal 0 0 -1
    outer loop
      vertex 17.9412 16.5971 0
      vertex 17.9412 23.4029 0
      vertex 18 23.4 0
    endloop
  endfacet
  facet normal 0 0 -1
    outer loop
      vertex 17.8829 16.5885 0
      vertex 17.9412 23.4029 0
      vertex 17.9412 16.5971 0
    endloop
  endfacet
  facet normal 0 0 -1
    outer loop
      vertex 17.8829 16.5885 0
      vertex 17.8829 23.4115 0
      vertex 17.9412 23.4029 0
    endloop
  endfacet
  facet normal 0 0 -1
    outer loop
      vertex 17.8258 16.5742 0
      vertex 17.8829 23.4115 0
      vertex 17.8829 16.5885 0
    endloop
  endfacet
  facet normal 0 0 -1
    outer loop
      vertex 17.8258 16.5742 0
      vertex 17.8258 23.4258 0
      vertex 17.8829 23.4115 0
    endloop
  endfacet
  facet normal 0 0 -1
    outer loop
      vertex 17.7704 16.5543 0
      vertex 17.8258 23.4258 0
      vertex 17.8258 16.5742 0
    endloop
  endfacet
  facet normal 0 0 -1
    outer loop
      vertex 17.7704 16.5543 0
      vertex 17.7704 23.4457 0
      vertex 17.8258 23.4258 0
    endloop
  endfacet
  facet normal 0 0 -1
    outer loop
      vertex 17.7172 16.5292 0
      vertex 17.7704 23.4457 0
      vertex 17.7704 16.5543 0
    endloop
  endfacet
  facet normal 0 0 -1
    outer loop
      vertex 17.7172 16.5292 0
      vertex 17.7172 23.4708 0
      vertex 17.7704 23.4457 0
    endloop
  endfacet
  facet normal 0 0 -1
    outer loop
      vertex 17.6667 16.4989 0
      vertex 17.7172 23.4708 0
      vertex 17.7172 16.5292 0
    endloop
  endfacet
  facet normal 0 0 -1
    outer loop
      vertex 17.6667 16.4989 0
      vertex 17.6667 23.5011 0
      vertex 17.7172 23.4708 0
    endloop
  endfacet
  facet normal 0 0 -1
    outer loop
      vertex 17.6194 16.4638 0
      vertex 17.6667 23.5011 0
      vertex 17.6667 16.4989 0
    endloop
  endfacet
  facet normal 0 0 -1
    outer loop
      vertex 17.6194 16.4638 0
      vertex 17.6194 23.5362 0
      vertex 17.6667 23.5011 0
    endloop
  endfacet
  facet normal 0 0 -1
    outer loop
      vertex 17.5757 16.4243 0
      vertex 17.6194 23.5362 0
      vertex 17.6194 16.4638 0
    endloop
  endfacet
  facet normal 0 0 -1
    outer loop
      vertex 17.5757 16.4243 0
      vertex 17.5757 23.5757 0
      vertex 17.6194 23.5362 0
    endloop
  endfacet
  facet normal 0 0 -1
    outer loop
      vertex 17.5362 16.3806 0
      vertex 17.5757 23.5757 0
      vertex 17.5757 16.4243 0
    endloop
  endfacet
  facet normal 0 0 -1
    outer loop
      vertex 17.5362 16.3806 0
      vertex 17.5362 23.6194 0
      vertex 17.5757 23.5757 0
    endloop
  endfacet
  facet normal 0 0 -1
    outer loop
      vertex 17.5011 16.3333 0
      vertex 17.5362 23.6194 0
      vertex 17.5362 16.3806 0
    endloop
  endfacet
  facet normal 0 0 -1
    outer loop
      vertex 17.5011 16.3333 0
      vertex 17.5011 23.6667 0
      vertex 17.5362 23.6194 0
    endloop
  endfacet
  facet normal 0 0 -1
    outer loop
      vertex 17.4708 16.2828 0
      vertex 17.5011 23.6667 0
      vertex 17.5011 16.3333 0
    endloop
  endfacet
  facet normal 0 0 -1
    outer loop
      vertex 17.4708 16.2828 0
      vertex 17.4708 23.7172 0
      vertex 17.5011 23.6667 0
    endloop
  endfacet
  facet normal 0 0 -1
    outer loop
      vertex 17.4457 16.2296 0
      vertex 17.4708 23.7172 0
      vertex 17.4708 16.2828 0
    endloop
  endfacet
  facet normal 0 0 -1
    outer loop
      vertex 17.4457 16.2296 0
      vertex 17.4457 23.7704 0
      vertex 17.4708 23.7172 0
    endloop
  endfacet
  facet normal 0 0 -1
    outer loop
      vertex 17.4258 16.1742 0
      vertex 17.4457 23.7704 0
      vertex 17.4457 16.2296 0
    endloop
  endfacet
  facet normal 0 0 -1
    outer loop
      vertex 17.4258 16.1742 0
      vertex 17.4258 23.8258 0
      vertex 17.4457 23.7704 0
    endloop
  endfacet
  facet normal -0 0 -1
    outer loop
      vertex 17.4708 15.7172 0
      vertex 6.01503 6.23682 0
      vertex 17.4457 15.7704 0
    endloop
  endfacet
  facet normal 0 0 -1
    outer loop
      vertex 5.88891 6.33035 0
      vertex 17.4457 15.7704 0
      vertex 6.01503 6.23682 0
    endloop
  endfacet
  facet normal 0 0 -1
    outer loop
      vertex 6.01503 6.23682 0
      vertex 17.5011 15.6667 0
      vertex 6.13137 6.13137 0
    endloop
  endfacet
  facet normal -0 0 -1
    outer loop
      vertex 17.5011 15.6667 0
      vertex 6.01503 6.23682 0
      vertex 17.4708 15.7172 0
    endloop
  endfacet
  facet normal 0 0 -1
    outer loop
      vertex 6.13137 6.13137 0
      vertex 17.5362 15.6194 0
      vertex 6.23682 6.01503 0
    endloop
  endfacet
  facet normal -0 0 -1
    outer loop
      vertex 17.5362 15.6194 0
      vertex 6.13137 6.13137 0
      vertex 17.5011 15.6667 0
    endloop
  endfacet
  facet normal 0 0 -1
    outer loop
      vertex 53.4258 23.8258 0
      vertex 26.5742 23.8258 0
      vertex 53.4115 23.8829 0
    endloop
  endfacet
  facet normal -0 0 -1
    outer loop
      vertex 53.4 24 0
      vertex 26.5971 23.9412 0
      vertex 26.6 24 0
    endloop
  endfacet
  facet normal 0 -0 -1
    outer loop
      vertex 26.5885 23.8829 0
      vertex 53.4115 23.8829 0
      vertex 26.5742 23.8258 0
    endloop
  endfacet
  facet normal 0 0 -1
    outer loop
      vertex 53.4029 23.9412 0
      vertex 26.5971 23.9412 0
      vertex 53.4 24 0
    endloop
  endfacet
  facet normal 0 0 -1
    outer loop
      vertex 53.4115 23.8829 0
      vertex 26.5885 23.8829 0
      vertex 53.4029 23.9412 0
    endloop
  endfacet
  facet normal 0 -0 -1
    outer loop
      vertex 26.5971 23.9412 0
      vertex 53.4029 23.9412 0
      vertex 26.5885 23.8829 0
    endloop
  endfacet
  facet normal 0 0 -1
    outer loop
      vertex 26.5543 16.2296 0
      vertex 26.5742 23.8258 0
      vertex 26.5742 16.1742 0
    endloop
  endfacet
  facet normal 0 0 -1
    outer loop
      vertex 26.5543 16.2296 0
      vertex 26.5543 23.7704 0
      vertex 26.5742 23.8258 0
    endloop
  endfacet
  facet normal 0 0 -1
    outer loop
      vertex 26.5292 16.2828 0
      vertex 26.5543 23.7704 0
      vertex 26.5543 16.2296 0
    endloop
  endfacet
  facet normal 0 0 -1
    outer loop
      vertex 26.5292 16.2828 0
      vertex 26.5292 23.7172 0
      vertex 26.5543 23.7704 0
    endloop
  endfacet
  facet normal 0 0 -1
    outer loop
      vertex 26.4989 16.3333 0
      vertex 26.5292 23.7172 0
      vertex 26.5292 16.2828 0
    endloop
  endfacet
  facet normal 0 0 -1
    outer loop
      vertex 26.4989 16.3333 0
      vertex 26.4989 23.6667 0
      vertex 26.5292 23.7172 0
    endloop
  endfacet
  facet normal 0 0 -1
    outer loop
      vertex 26.4638 16.3806 0
      vertex 26.4989 23.6667 0
      vertex 26.4989 16.3333 0
    endloop
  endfacet
  facet normal 0 0 -1
    outer loop
      vertex 26.4638 16.3806 0
      vertex 26.4638 23.6194 0
      vertex 26.4989 23.6667 0
    endloop
  endfacet
  facet normal 0 0 -1
    outer loop
      vertex 26.4243 16.4243 0
      vertex 26.4638 23.6194 0
      vertex 26.4638 16.3806 0
    endloop
  endfacet
  facet normal 0 0 -1
    outer loop
      vertex 26.4243 16.4243 0
      vertex 26.4243 23.5757 0
      vertex 26.4638 23.6194 0
    endloop
  endfacet
  facet normal 0 0 -1
    outer loop
      vertex 26.3806 16.4638 0
      vertex 26.4243 23.5757 0
      vertex 26.4243 16.4243 0
    endloop
  endfacet
  facet normal 0 0 -1
    outer loop
      vertex 26.3806 16.4638 0
      vertex 26.3806 23.5362 0
      vertex 26.4243 23.5757 0
    endloop
  endfacet
  facet normal 0 0 -1
    outer loop
      vertex 26.3333 16.4989 0
      vertex 26.3806 23.5362 0
      vertex 26.3806 16.4638 0
    endloop
  endfacet
  facet normal 0 0 -1
    outer loop
      vertex 26.3333 16.4989 0
      vertex 26.3333 23.5011 0
      vertex 26.3806 23.5362 0
    endloop
  endfacet
  facet normal 0 0 -1
    outer loop
      vertex 26.2828 16.5292 0
      vertex 26.3333 23.5011 0
      vertex 26.3333 16.4989 0
    endloop
  endfacet
  facet normal 0 0 -1
    outer loop
      vertex 26.2828 16.5292 0
      vertex 26.2828 23.4708 0
      vertex 26.3333 23.5011 0
    endloop
  endfacet
  facet normal 0 0 -1
    outer loop
      vertex 26.2296 16.5543 0
      vertex 26.2828 23.4708 0
      vertex 26.2828 16.5292 0
    endloop
  endfacet
  facet normal 0 0 -1
    outer loop
      vertex 26.2296 16.5543 0
      vertex 26.2296 23.4457 0
      vertex 26.2828 23.4708 0
    endloop
  endfacet
  facet normal 0 0 -1
    outer loop
      vertex 26.1742 16.5742 0
      vertex 26.2296 23.4457 0
      vertex 26.2296 16.5543 0
    endloop
  endfacet
  facet normal 0 0 -1
    outer loop
      vertex 26.1742 16.5742 0
      vertex 26.1742 23.4258 0
      vertex 26.2296 23.4457 0
    endloop
  endfacet
  facet normal 0 0 -1
    outer loop
      vertex 26.1171 16.5885 0
      vertex 26.1742 23.4258 0
      vertex 26.1742 16.5742 0
    endloop
  endfacet
  facet normal 0 0 -1
    outer loop
      vertex 26.1171 16.5885 0
      vertex 26.1171 23.4115 0
      vertex 26.1742 23.4258 0
    endloop
  endfacet
  facet normal 0 0 -1
    outer loop
      vertex 26.0588 16.5971 0
      vertex 26.1171 23.4115 0
      vertex 26.1171 16.5885 0
    endloop
  endfacet
  facet normal 0 0 -1
    outer loop
      vertex 26.0588 16.5971 0
      vertex 26.0588 23.4029 0
      vertex 26.1171 23.4115 0
    endloop
  endfacet
  facet normal 0 0 -1
    outer loop
      vertex 26 16.6 0
      vertex 26.0588 23.4029 0
      vertex 26.0588 16.5971 0
    endloop
  endfacet
  facet normal 0 0 -1
    outer loop
      vertex 26 16.6 0
      vertex 26 23.4 0
      vertex 26.0588 23.4029 0
    endloop
  endfacet
  facet normal 0 0 -1
    outer loop
      vertex 25.9412 16.5971 0
      vertex 26 23.4 0
      vertex 26 16.6 0
    endloop
  endfacet
  facet normal 0 0 -1
    outer loop
      vertex 25.9412 16.5971 0
      vertex 25.9412 23.4029 0
      vertex 26 23.4 0
    endloop
  endfacet
  facet normal 0 0 -1
    outer loop
      vertex 25.8829 16.5885 0
      vertex 25.9412 23.4029 0
      vertex 25.9412 16.5971 0
    endloop
  endfacet
  facet normal 0 0 -1
    outer loop
      vertex 25.8829 16.5885 0
      vertex 25.8829 23.4115 0
      vertex 25.9412 23.4029 0
    endloop
  endfacet
  facet normal 0 0 -1
    outer loop
      vertex 25.8258 16.5742 0
      vertex 25.8829 23.4115 0
      vertex 25.8829 16.5885 0
    endloop
  endfacet
  facet normal 0 0 -1
    outer loop
      vertex 25.8258 16.5742 0
      vertex 25.8258 23.4258 0
      vertex 25.8829 23.4115 0
    endloop
  endfacet
  facet normal 0 0 -1
    outer loop
      vertex 25.7704 16.5543 0
      vertex 25.8258 23.4258 0
      vertex 25.8258 16.5742 0
    endloop
  endfacet
  facet normal 0 0 -1
    outer loop
      vertex 25.7704 16.5543 0
      vertex 25.7704 23.4457 0
      vertex 25.8258 23.4258 0
    endloop
  endfacet
  facet normal 0 0 -1
    outer loop
      vertex 25.7172 16.5292 0
      vertex 25.7704 23.4457 0
      vertex 25.7704 16.5543 0
    endloop
  endfacet
  facet normal 0 0 -1
    outer loop
      vertex 25.7172 16.5292 0
      vertex 25.7172 23.4708 0
      vertex 25.7704 23.4457 0
    endloop
  endfacet
  facet normal 0 0 -1
    outer loop
      vertex 25.6667 16.4989 0
      vertex 25.7172 23.4708 0
      vertex 25.7172 16.5292 0
    endloop
  endfacet
  facet normal 0 0 -1
    outer loop
      vertex 25.6667 16.4989 0
      vertex 25.6667 23.5011 0
      vertex 25.7172 23.4708 0
    endloop
  endfacet
  facet normal 0 0 -1
    outer loop
      vertex 25.6194 16.4638 0
      vertex 25.6667 23.5011 0
      vertex 25.6667 16.4989 0
    endloop
  endfacet
  facet normal 0 0 -1
    outer loop
      vertex 25.6194 16.4638 0
      vertex 25.6194 23.5362 0
      vertex 25.6667 23.5011 0
    endloop
  endfacet
  facet normal 0 0 -1
    outer loop
      vertex 25.5757 16.4243 0
      vertex 25.6194 23.5362 0
      vertex 25.6194 16.4638 0
    endloop
  endfacet
  facet normal 0 0 -1
    outer loop
      vertex 25.5757 16.4243 0
      vertex 25.5757 23.5757 0
      vertex 25.6194 23.5362 0
    endloop
  endfacet
  facet normal 0 0 -1
    outer loop
      vertex 18.5543 16.2296 0
      vertex 25.4457 16.2296 0
      vertex 18.5742 16.1742 0
    endloop
  endfacet
  facet normal 0 0 -1
    outer loop
      vertex 25.4457 16.2296 0
      vertex 18.5543 16.2296 0
      vertex 25.4708 16.2828 0
    endloop
  endfacet
  facet normal 0 0 -1
    outer loop
      vertex 25.4258 16.1742 0
      vertex 18.5742 16.1742 0
      vertex 25.4457 16.2296 0
    endloop
  endfacet
  facet normal 0 0 -1
    outer loop
      vertex 18.5292 16.2828 0
      vertex 25.4708 16.2828 0
      vertex 18.5543 16.2296 0
    endloop
  endfacet
  facet normal 0 0 -1
    outer loop
      vertex 18.5742 16.1742 0
      vertex 25.4258 16.1742 0
      vertex 18.5885 16.1171 0
    endloop
  endfacet
  facet normal 0 0 -1
    outer loop
      vertex 25.4708 16.2828 0
      vertex 18.5292 16.2828 0
      vertex 25.5011 16.3333 0
    endloop
  endfacet
  facet normal 0 0 -1
    outer loop
      vertex 25.4115 16.1171 0
      vertex 18.5885 16.1171 0
      vertex 25.4258 16.1742 0
    endloop
  endfacet
  facet normal 0 0 -1
    outer loop
      vertex 18.4989 16.3333 0
      vertex 25.5011 16.3333 0
      vertex 18.5292 16.2828 0
    endloop
  endfacet
  facet normal 0 0 -1
    outer loop
      vertex 18.5885 16.1171 0
      vertex 25.4115 16.1171 0
      vertex 18.5971 16.0588 0
    endloop
  endfacet
  facet normal 0 0 -1
    outer loop
      vertex 25.5011 16.3333 0
      vertex 18.4989 16.3333 0
      vertex 25.5362 16.3806 0
    endloop
  endfacet
  facet normal 0 0 -1
    outer loop
      vertex 25.4029 16.0588 0
      vertex 18.5971 16.0588 0
      vertex 25.4115 16.1171 0
    endloop
  endfacet
  facet normal 0 0 -1
    outer loop
      vertex 18.4638 16.3806 0
      vertex 25.5362 16.3806 0
      vertex 18.4989 16.3333 0
    endloop
  endfacet
  facet normal 0 0 -1
    outer loop
      vertex 18.5971 16.0588 0
      vertex 25.4029 16.0588 0
      vertex 18.6 16 0
    endloop
  endfacet
  facet normal 0 0 -1
    outer loop
      vertex 25.5362 16.3806 0
      vertex 18.4638 16.3806 0
      vertex 25.5757 16.4243 0
    endloop
  endfacet
  facet normal 0 0 -1
    outer loop
      vertex 18.6 16 0
      vertex 25.4029 16.0588 0
      vertex 25.4 16 0
    endloop
  endfacet
  facet normal 0 0 -1
    outer loop
      vertex 18.4243 16.4243 0
      vertex 25.5757 16.4243 0
      vertex 18.4638 16.3806 0
    endloop
  endfacet
  facet normal 0 0 -1
    outer loop
      vertex 61.5757 23.5757 0
      vertex 54.4243 23.5757 0
      vertex 61.5362 23.6194 0
    endloop
  endfacet
  facet normal -0 0 -1
    outer loop
      vertex 61.4 24 0
      vertex 54.5971 23.9412 0
      vertex 54.6 24 0
    endloop
  endfacet
  facet normal 0 -0 -1
    outer loop
      vertex 54.4638 23.6194 0
      vertex 61.5362 23.6194 0
      vertex 54.4243 23.5757 0
    endloop
  endfacet
  facet normal 0 0 -1
    outer loop
      vertex 61.4029 23.9412 0
      vertex 54.5971 23.9412 0
      vertex 61.4 24 0
    endloop
  endfacet
  facet normal 0 0 -1
    outer loop
      vertex 61.5362 23.6194 0
      vertex 54.4638 23.6194 0
      vertex 61.5011 23.6667 0
    endloop
  endfacet
  facet normal 0 -0 -1
    outer loop
      vertex 54.5971 23.9412 0
      vertex 61.4029 23.9412 0
      vertex 54.5885 23.8829 0
    endloop
  endfacet
  facet normal 0 -0 -1
    outer loop
      vertex 54.4989 23.6667 0
      vertex 61.5011 23.6667 0
      vertex 54.4638 23.6194 0
    endloop
  endfacet
  facet normal 0 0 -1
    outer loop
      vertex 61.4115 23.8829 0
      vertex 54.5885 23.8829 0
      vertex 61.4029 23.9412 0
    endloop
  endfacet
  facet normal 0 0 -1
    outer loop
      vertex 61.5011 23.6667 0
      vertex 54.4989 23.6667 0
      vertex 61.4708 23.7172 0
    endloop
  endfacet
  facet normal 0 -0 -1
    outer loop
      vertex 54.5885 23.8829 0
      vertex 61.4115 23.8829 0
      vertex 54.5742 23.8258 0
    endloop
  endfacet
  facet normal 0 -0 -1
    outer loop
      vertex 54.5292 23.7172 0
      vertex 61.4708 23.7172 0
      vertex 54.4989 23.6667 0
    endloop
  endfacet
  facet normal 0 0 -1
    outer loop
      vertex 61.4258 23.8258 0
      vertex 54.5742 23.8258 0
      vertex 61.4115 23.8829 0
    endloop
  endfacet
  facet normal 0 0 -1
    outer loop
      vertex 61.4708 23.7172 0
      vertex 54.5292 23.7172 0
      vertex 61.4457 23.7704 0
    endloop
  endfacet
  facet normal 0 -0 -1
    outer loop
      vertex 54.5742 23.8258 0
      vertex 61.4258 23.8258 0
      vertex 54.5543 23.7704 0
    endloop
  endfacet
  facet normal 0 -0 -1
    outer loop
      vertex 54.5543 23.7704 0
      vertex 61.4457 23.7704 0
      vertex 54.5292 23.7172 0
    endloop
  endfacet
  facet normal 0 0 -1
    outer loop
      vertex 61.4457 23.7704 0
      vertex 54.5543 23.7704 0
      vertex 61.4258 23.8258 0
    endloop
  endfacet
  facet normal 0 0 -1
    outer loop
      vertex 54.3806 16.4638 0
      vertex 54.4243 23.5757 0
      vertex 54.4243 16.4243 0
    endloop
  endfacet
  facet normal 0 0 -1
    outer loop
      vertex 54.3806 16.4638 0
      vertex 54.3806 23.5362 0
      vertex 54.4243 23.5757 0
    endloop
  endfacet
  facet normal 0 0 -1
    outer loop
      vertex 54.3333 16.4989 0
      vertex 54.3806 23.5362 0
      vertex 54.3806 16.4638 0
    endloop
  endfacet
  facet normal 0 0 -1
    outer loop
      vertex 54.3333 16.4989 0
      vertex 54.3333 23.5011 0
      vertex 54.3806 23.5362 0
    endloop
  endfacet
  facet normal 0 0 -1
    outer loop
      vertex 54.2828 16.5292 0
      vertex 54.3333 23.5011 0
      vertex 54.3333 16.4989 0
    endloop
  endfacet
  facet normal 0 0 -1
    outer loop
      vertex 54.2828 16.5292 0
      vertex 54.2828 23.4708 0
      vertex 54.3333 23.5011 0
    endloop
  endfacet
  facet normal 0 0 -1
    outer loop
      vertex 54.2296 16.5543 0
      vertex 54.2828 23.4708 0
      vertex 54.2828 16.5292 0
    endloop
  endfacet
  facet normal 0 0 -1
    outer loop
      vertex 54.2296 16.5543 0
      vertex 54.2296 23.4457 0
      vertex 54.2828 23.4708 0
    endloop
  endfacet
  facet normal 0 0 -1
    outer loop
      vertex 54.1742 16.5742 0
      vertex 54.2296 23.4457 0
      vertex 54.2296 16.5543 0
    endloop
  endfacet
  facet normal 0 0 -1
    outer loop
      vertex 54.1742 16.5742 0
      vertex 54.1742 23.4258 0
      vertex 54.2296 23.4457 0
    endloop
  endfacet
  facet normal 0 0 -1
    outer loop
      vertex 54.1171 16.5885 0
      vertex 54.1742 23.4258 0
      vertex 54.1742 16.5742 0
    endloop
  endfacet
  facet normal 0 0 -1
    outer loop
      vertex 54.1171 16.5885 0
      vertex 54.1171 23.4115 0
      vertex 54.1742 23.4258 0
    endloop
  endfacet
  facet normal 0 0 -1
    outer loop
      vertex 54.0588 16.5971 0
      vertex 54.1171 23.4115 0
      vertex 54.1171 16.5885 0
    endloop
  endfacet
  facet normal 0 0 -1
    outer loop
      vertex 54.0588 16.5971 0
      vertex 54.0588 23.4029 0
      vertex 54.1171 23.4115 0
    endloop
  endfacet
  facet normal 0 0 -1
    outer loop
      vertex 54 16.6 0
      vertex 54.0588 23.4029 0
      vertex 54.0588 16.5971 0
    endloop
  endfacet
  facet normal 0 0 -1
    outer loop
      vertex 54 16.6 0
      vertex 54 23.4 0
      vertex 54.0588 23.4029 0
    endloop
  endfacet
  facet normal 0 0 -1
    outer loop
      vertex 53.9412 16.5971 0
      vertex 54 23.4 0
      vertex 54 16.6 0
    endloop
  endfacet
  facet normal 0 0 -1
    outer loop
      vertex 53.9412 16.5971 0
      vertex 53.9412 23.4029 0
      vertex 54 23.4 0
    endloop
  endfacet
  facet normal 0 0 -1
    outer loop
      vertex 53.8829 16.5885 0
      vertex 53.9412 23.4029 0
      vertex 53.9412 16.5971 0
    endloop
  endfacet
  facet normal 0 0 -1
    outer loop
      vertex 53.8829 16.5885 0
      vertex 53.8829 23.4115 0
      vertex 53.9412 23.4029 0
    endloop
  endfacet
  facet normal 0 0 -1
    outer loop
      vertex 53.8258 16.5742 0
      vertex 53.8829 23.4115 0
      vertex 53.8829 16.5885 0
    endloop
  endfacet
  facet normal 0 0 -1
    outer loop
      vertex 53.8258 16.5742 0
      vertex 53.8258 23.4258 0
      vertex 53.8829 23.4115 0
    endloop
  endfacet
  facet normal 0 0 -1
    outer loop
      vertex 53.7704 16.5543 0
      vertex 53.8258 23.4258 0
      vertex 53.8258 16.5742 0
    endloop
  endfacet
  facet normal 0 0 -1
    outer loop
      vertex 53.7704 16.5543 0
      vertex 53.7704 23.4457 0
      vertex 53.8258 23.4258 0
    endloop
  endfacet
  facet normal 0 0 -1
    outer loop
      vertex 53.7172 16.5292 0
      vertex 53.7704 23.4457 0
      vertex 53.7704 16.5543 0
    endloop
  endfacet
  facet normal 0 0 -1
    outer loop
      vertex 53.7172 16.5292 0
      vertex 53.7172 23.4708 0
      vertex 53.7704 23.4457 0
    endloop
  endfacet
  facet normal 0 0 -1
    outer loop
      vertex 53.6667 16.4989 0
      vertex 53.7172 23.4708 0
      vertex 53.7172 16.5292 0
    endloop
  endfacet
  facet normal 0 0 -1
    outer loop
      vertex 53.6667 16.4989 0
      vertex 53.6667 23.5011 0
      vertex 53.7172 23.4708 0
    endloop
  endfacet
  facet normal 0 0 -1
    outer loop
      vertex 53.6194 16.4638 0
      vertex 53.6667 23.5011 0
      vertex 53.6667 16.4989 0
    endloop
  endfacet
  facet normal 0 0 -1
    outer loop
      vertex 53.6194 16.4638 0
      vertex 53.6194 23.5362 0
      vertex 53.6667 23.5011 0
    endloop
  endfacet
  facet normal 0 0 -1
    outer loop
      vertex 53.5757 16.4243 0
      vertex 53.6194 23.5362 0
      vertex 53.6194 16.4638 0
    endloop
  endfacet
  facet normal 0 0 -1
    outer loop
      vertex 53.5757 16.4243 0
      vertex 53.5757 23.5757 0
      vertex 53.6194 23.5362 0
    endloop
  endfacet
  facet normal 0 0 -1
    outer loop
      vertex 53.5362 16.3806 0
      vertex 53.5757 23.5757 0
      vertex 53.5757 16.4243 0
    endloop
  endfacet
  facet normal 0 0 -1
    outer loop
      vertex 53.5362 16.3806 0
      vertex 53.5362 23.6194 0
      vertex 53.5757 23.5757 0
    endloop
  endfacet
  facet normal 0 0 -1
    outer loop
      vertex 53.5011 16.3333 0
      vertex 53.5362 23.6194 0
      vertex 53.5362 16.3806 0
    endloop
  endfacet
  facet normal 0 0 -1
    outer loop
      vertex 53.5011 16.3333 0
      vertex 53.5011 23.6667 0
      vertex 53.5362 23.6194 0
    endloop
  endfacet
  facet normal 0 0 -1
    outer loop
      vertex 53.4708 16.2828 0
      vertex 53.5011 23.6667 0
      vertex 53.5011 16.3333 0
    endloop
  endfacet
  facet normal 0 0 -1
    outer loop
      vertex 53.4708 16.2828 0
      vertex 53.4708 23.7172 0
      vertex 53.5011 23.6667 0
    endloop
  endfacet
  facet normal 0 0 -1
    outer loop
      vertex 53.4457 16.2296 0
      vertex 53.4708 23.7172 0
      vertex 53.4708 16.2828 0
    endloop
  endfacet
  facet normal 0 0 -1
    outer loop
      vertex 53.4457 16.2296 0
      vertex 53.4457 23.7704 0
      vertex 53.4708 23.7172 0
    endloop
  endfacet
  facet normal 0 0 -1
    outer loop
      vertex 53.4258 16.1742 0
      vertex 53.4457 23.7704 0
      vertex 53.4457 16.2296 0
    endloop
  endfacet
  facet normal 0 0 -1
    outer loop
      vertex 53.4258 16.1742 0
      vertex 53.4258 23.8258 0
      vertex 53.4457 23.7704 0
    endloop
  endfacet
  facet normal 0 0 -1
    outer loop
      vertex 53.4029 16.0588 0
      vertex 26.5971 16.0588 0
      vertex 53.4115 16.1171 0
    endloop
  endfacet
  facet normal 0 0 -1
    outer loop
      vertex 26.5885 16.1171 0
      vertex 53.4115 16.1171 0
      vertex 26.5971 16.0588 0
    endloop
  endfacet
  facet normal 0 0 -1
    outer loop
      vertex 26.5971 16.0588 0
      vertex 53.4029 16.0588 0
      vertex 26.6 16 0
    endloop
  endfacet
  facet normal 0 0 -1
    outer loop
      vertex 53.4115 16.1171 0
      vertex 26.5885 16.1171 0
      vertex 53.4258 16.1742 0
    endloop
  endfacet
  facet normal 0 0 -1
    outer loop
      vertex 26.6 16 0
      vertex 53.4029 16.0588 0
      vertex 53.4 16 0
    endloop
  endfacet
  facet normal 0 0 -1
    outer loop
      vertex 26.5742 16.1742 0
      vertex 53.4258 16.1742 0
      vertex 26.5885 16.1171 0
    endloop
  endfacet
  facet normal 0 0 -1
    outer loop
      vertex 62.3806 24.4638 0
      vertex 76 28 0
      vertex 62.4243 24.4243 0
    endloop
  endfacet
  facet normal 0 0 -1
    outer loop
      vertex 62.2296 24.5543 0
      vertex 76 28 0
      vertex 62.2828 24.5292 0
    endloop
  endfacet
  facet normal 0 0 -1
    outer loop
      vertex 62.5885 23.8829 0
      vertex 72.7841 0.0385132 0
      vertex 62.5885 16.1171 0
    endloop
  endfacet
  facet normal 0 0 -1
    outer loop
      vertex 72.7841 0.0385132 0
      vertex 62.5885 23.8829 0
      vertex 62.5971 23.9412 0
    endloop
  endfacet
  facet normal 0 0 -1
    outer loop
      vertex 62.5742 16.1742 0
      vertex 62.5885 23.8829 0
      vertex 62.5885 16.1171 0
    endloop
  endfacet
  facet normal 0 0 -1
    outer loop
      vertex 62.5742 16.1742 0
      vertex 62.5742 23.8258 0
      vertex 62.5885 23.8829 0
    endloop
  endfacet
  facet normal 0 0 -1
    outer loop
      vertex 62.5543 16.2296 0
      vertex 62.5742 23.8258 0
      vertex 62.5742 16.1742 0
    endloop
  endfacet
  facet normal 0 0 -1
    outer loop
      vertex 62.5543 16.2296 0
      vertex 62.5543 23.7704 0
      vertex 62.5742 23.8258 0
    endloop
  endfacet
  facet normal 0 0 -1
    outer loop
      vertex 62.5292 16.2828 0
      vertex 62.5543 23.7704 0
      vertex 62.5543 16.2296 0
    endloop
  endfacet
  facet normal 0 0 -1
    outer loop
      vertex 62.5292 16.2828 0
      vertex 62.5292 23.7172 0
      vertex 62.5543 23.7704 0
    endloop
  endfacet
  facet normal 0 0 -1
    outer loop
      vertex 62.4989 16.3333 0
      vertex 62.5292 23.7172 0
      vertex 62.5292 16.2828 0
    endloop
  endfacet
  facet normal 0 0 -1
    outer loop
      vertex 62.4989 16.3333 0
      vertex 62.4989 23.6667 0
      vertex 62.5292 23.7172 0
    endloop
  endfacet
  facet normal 0 0 -1
    outer loop
      vertex 62.4638 16.3806 0
      vertex 62.4989 23.6667 0
      vertex 62.4989 16.3333 0
    endloop
  endfacet
  facet normal 0 0 -1
    outer loop
      vertex 62.4638 16.3806 0
      vertex 62.4638 23.6194 0
      vertex 62.4989 23.6667 0
    endloop
  endfacet
  facet normal 0 0 -1
    outer loop
      vertex 62.4243 16.4243 0
      vertex 62.4638 23.6194 0
      vertex 62.4638 16.3806 0
    endloop
  endfacet
  facet normal 0 0 -1
    outer loop
      vertex 62.4243 16.4243 0
      vertex 62.4243 23.5757 0
      vertex 62.4638 23.6194 0
    endloop
  endfacet
  facet normal 0 0 -1
    outer loop
      vertex 62.3806 16.4638 0
      vertex 62.4243 23.5757 0
      vertex 62.4243 16.4243 0
    endloop
  endfacet
  facet normal 0 0 -1
    outer loop
      vertex 62.3806 16.4638 0
      vertex 62.3806 23.5362 0
      vertex 62.4243 23.5757 0
    endloop
  endfacet
  facet normal 0 0 -1
    outer loop
      vertex 62.3333 16.4989 0
      vertex 62.3806 23.5362 0
      vertex 62.3806 16.4638 0
    endloop
  endfacet
  facet normal 0 0 -1
    outer loop
      vertex 62.3333 16.4989 0
      vertex 62.3333 23.5011 0
      vertex 62.3806 23.5362 0
    endloop
  endfacet
  facet normal 0 0 -1
    outer loop
      vertex 62.2828 16.5292 0
      vertex 62.3333 23.5011 0
      vertex 62.3333 16.4989 0
    endloop
  endfacet
  facet normal 0 0 -1
    outer loop
      vertex 62.2828 16.5292 0
      vertex 62.2828 23.4708 0
      vertex 62.3333 23.5011 0
    endloop
  endfacet
  facet normal 0 0 -1
    outer loop
      vertex 62.2296 16.5543 0
      vertex 62.2828 23.4708 0
      vertex 62.2828 16.5292 0
    endloop
  endfacet
  facet normal 0 0 -1
    outer loop
      vertex 62.2296 16.5543 0
      vertex 62.2296 23.4457 0
      vertex 62.2828 23.4708 0
    endloop
  endfacet
  facet normal 0 0 -1
    outer loop
      vertex 62.1742 16.5742 0
      vertex 62.2296 23.4457 0
      vertex 62.2296 16.5543 0
    endloop
  endfacet
  facet normal 0 0 -1
    outer loop
      vertex 62.1742 16.5742 0
      vertex 62.1742 23.4258 0
      vertex 62.2296 23.4457 0
    endloop
  endfacet
  facet normal 0 0 -1
    outer loop
      vertex 62.1171 16.5885 0
      vertex 62.1742 23.4258 0
      vertex 62.1742 16.5742 0
    endloop
  endfacet
  facet normal 0 0 -1
    outer loop
      vertex 62.1171 16.5885 0
      vertex 62.1171 23.4115 0
      vertex 62.1742 23.4258 0
    endloop
  endfacet
  facet normal 0 0 -1
    outer loop
      vertex 62.0588 16.5971 0
      vertex 62.1171 23.4115 0
      vertex 62.1171 16.5885 0
    endloop
  endfacet
  facet normal 0 0 -1
    outer loop
      vertex 62.0588 16.5971 0
      vertex 62.0588 23.4029 0
      vertex 62.1171 23.4115 0
    endloop
  endfacet
  facet normal 0 0 -1
    outer loop
      vertex 62 16.6 0
      vertex 62.0588 23.4029 0
      vertex 62.0588 16.5971 0
    endloop
  endfacet
  facet normal 0 0 -1
    outer loop
      vertex 62 16.6 0
      vertex 62 23.4 0
      vertex 62.0588 23.4029 0
    endloop
  endfacet
  facet normal 0 0 -1
    outer loop
      vertex 61.9412 16.5971 0
      vertex 62 23.4 0
      vertex 62 16.6 0
    endloop
  endfacet
  facet normal 0 0 -1
    outer loop
      vertex 61.9412 16.5971 0
      vertex 61.9412 23.4029 0
      vertex 62 23.4 0
    endloop
  endfacet
  facet normal 0 0 -1
    outer loop
      vertex 61.8829 16.5885 0
      vertex 61.9412 23.4029 0
      vertex 61.9412 16.5971 0
    endloop
  endfacet
  facet normal 0 0 -1
    outer loop
      vertex 61.8829 16.5885 0
      vertex 61.8829 23.4115 0
      vertex 61.9412 23.4029 0
    endloop
  endfacet
  facet normal 0 0 -1
    outer loop
      vertex 61.8258 16.5742 0
      vertex 61.8829 23.4115 0
      vertex 61.8829 16.5885 0
    endloop
  endfacet
  facet normal 0 0 -1
    outer loop
      vertex 61.8258 16.5742 0
      vertex 61.8258 23.4258 0
      vertex 61.8829 23.4115 0
    endloop
  endfacet
  facet normal 0 0 -1
    outer loop
      vertex 61.7704 16.5543 0
      vertex 61.8258 23.4258 0
      vertex 61.8258 16.5742 0
    endloop
  endfacet
  facet normal 0 0 -1
    outer loop
      vertex 61.7704 16.5543 0
      vertex 61.7704 23.4457 0
      vertex 61.8258 23.4258 0
    endloop
  endfacet
  facet normal 0 0 -1
    outer loop
      vertex 61.7172 16.5292 0
      vertex 61.7704 23.4457 0
      vertex 61.7704 16.5543 0
    endloop
  endfacet
  facet normal 0 0 -1
    outer loop
      vertex 61.7172 16.5292 0
      vertex 61.7172 23.4708 0
      vertex 61.7704 23.4457 0
    endloop
  endfacet
  facet normal 0 0 -1
    outer loop
      vertex 61.6667 16.4989 0
      vertex 61.7172 23.4708 0
      vertex 61.7172 16.5292 0
    endloop
  endfacet
  facet normal 0 0 -1
    outer loop
      vertex 61.6667 16.4989 0
      vertex 61.6667 23.5011 0
      vertex 61.7172 23.4708 0
    endloop
  endfacet
  facet normal 0 0 -1
    outer loop
      vertex 61.6194 16.4638 0
      vertex 61.6667 23.5011 0
      vertex 61.6667 16.4989 0
    endloop
  endfacet
  facet normal 0 0 -1
    outer loop
      vertex 61.6194 16.4638 0
      vertex 61.6194 23.5362 0
      vertex 61.6667 23.5011 0
    endloop
  endfacet
  facet normal 0 0 -1
    outer loop
      vertex 61.5757 16.4243 0
      vertex 61.6194 23.5362 0
      vertex 61.6194 16.4638 0
    endloop
  endfacet
  facet normal 0 0 -1
    outer loop
      vertex 61.5757 16.4243 0
      vertex 61.5757 23.5757 0
      vertex 61.6194 23.5362 0
    endloop
  endfacet
  facet normal 0 0 -1
    outer loop
      vertex 54.5543 16.2296 0
      vertex 61.4457 16.2296 0
      vertex 54.5742 16.1742 0
    endloop
  endfacet
  facet normal 0 0 -1
    outer loop
      vertex 61.4457 16.2296 0
      vertex 54.5543 16.2296 0
      vertex 61.4708 16.2828 0
    endloop
  endfacet
  facet normal 0 0 -1
    outer loop
      vertex 61.4258 16.1742 0
      vertex 54.5742 16.1742 0
      vertex 61.4457 16.2296 0
    endloop
  endfacet
  facet normal 0 0 -1
    outer loop
      vertex 54.5292 16.2828 0
      vertex 61.4708 16.2828 0
      vertex 54.5543 16.2296 0
    endloop
  endfacet
  facet normal 0 0 -1
    outer loop
      vertex 54.5742 16.1742 0
      vertex 61.4258 16.1742 0
      vertex 54.5885 16.1171 0
    endloop
  endfacet
  facet normal 0 0 -1
    outer loop
      vertex 61.4708 16.2828 0
      vertex 54.5292 16.2828 0
      vertex 61.5011 16.3333 0
    endloop
  endfacet
  facet normal 0 0 -1
    outer loop
      vertex 61.4115 16.1171 0
      vertex 54.5885 16.1171 0
      vertex 61.4258 16.1742 0
    endloop
  endfacet
  facet normal 0 0 -1
    outer loop
      vertex 54.4989 16.3333 0
      vertex 61.5011 16.3333 0
      vertex 54.5292 16.2828 0
    endloop
  endfacet
  facet normal 0 0 -1
    outer loop
      vertex 54.5885 16.1171 0
      vertex 61.4115 16.1171 0
      vertex 54.5971 16.0588 0
    endloop
  endfacet
  facet normal 0 0 -1
    outer loop
      vertex 61.5011 16.3333 0
      vertex 54.4989 16.3333 0
      vertex 61.5362 16.3806 0
    endloop
  endfacet
  facet normal 0 0 -1
    outer loop
      vertex 61.4029 16.0588 0
      vertex 54.5971 16.0588 0
      vertex 61.4115 16.1171 0
    endloop
  endfacet
  facet normal 0 0 -1
    outer loop
      vertex 54.4638 16.3806 0
      vertex 61.5362 16.3806 0
      vertex 54.4989 16.3333 0
    endloop
  endfacet
  facet normal 0 0 -1
    outer loop
      vertex 54.5971 16.0588 0
      vertex 61.4029 16.0588 0
      vertex 54.6 16 0
    endloop
  endfacet
  facet normal 0 0 -1
    outer loop
      vertex 61.5362 16.3806 0
      vertex 54.4638 16.3806 0
      vertex 61.5757 16.4243 0
    endloop
  endfacet
  facet normal 0 0 -1
    outer loop
      vertex 54.6 16 0
      vertex 61.4029 16.0588 0
      vertex 61.4 16 0
    endloop
  endfacet
  facet normal 0 0 -1
    outer loop
      vertex 54.4243 16.4243 0
      vertex 61.5757 16.4243 0
      vertex 54.4638 16.3806 0
    endloop
  endfacet
  facet normal 0 0 -1
    outer loop
      vertex 62.5885 16.1171 0
      vertex 72.7841 0.0385132 0
      vertex 62.5971 16.0588 0
    endloop
  endfacet
  facet normal -0 0 -1
    outer loop
      vertex 76 28 0
      vertex 62.2296 24.5543 0
      vertex 73.985 43.7632 0
    endloop
  endfacet
  facet normal -0 0 -1
    outer loop
      vertex 73.985 43.7632 0
      vertex 62.2296 24.5543 0
      vertex 73.8686 43.8686 0
    endloop
  endfacet
  facet normal 0 0 -1
    outer loop
      vertex 62.1742 24.5742 0
      vertex 73.8686 43.8686 0
      vertex 62.2296 24.5543 0
    endloop
  endfacet
  facet normal -0 0 -1
    outer loop
      vertex 73.8686 43.8686 0
      vertex 62.1742 24.5742 0
      vertex 73.7632 43.985 0
    endloop
  endfacet
  facet normal 0 0 -1
    outer loop
      vertex 62.1171 24.5885 0
      vertex 73.7632 43.985 0
      vertex 62.1742 24.5742 0
    endloop
  endfacet
  facet normal -0 0 -1
    outer loop
      vertex 73.7632 43.985 0
      vertex 62.1171 24.5885 0
      vertex 73.6696 44.1111 0
    endloop
  endfacet
  facet normal 0 0 -1
    outer loop
      vertex 62.0588 24.5971 0
      vertex 73.6696 44.1111 0
      vertex 62.1171 24.5885 0
    endloop
  endfacet
  facet normal 0 0 -1
    outer loop
      vertex 62 24.6 0
      vertex 73.6696 44.1111 0
      vertex 62.0588 24.5971 0
    endloop
  endfacet
  facet normal 0 0 -1
    outer loop
      vertex 73.8686 46.1314 0
      vertex 72 50 0
      vertex 72.7841 49.9615 0
    endloop
  endfacet
  facet normal -0 0 -1
    outer loop
      vertex 73.6696 44.1111 0
      vertex 62 24.6 0
      vertex 73.5889 44.2458 0
    endloop
  endfacet
  facet normal 0 0 -1
    outer loop
      vertex 61.9412 24.5971 0
      vertex 73.5889 44.2458 0
      vertex 62 24.6 0
    endloop
  endfacet
  facet normal -0 0 -1
    outer loop
      vertex 73.5889 44.2458 0
      vertex 61.9412 24.5971 0
      vertex 73.5218 44.3877 0
    endloop
  endfacet
  facet normal 0 0 -1
    outer loop
      vertex 61.8829 24.5885 0
      vertex 73.5218 44.3877 0
      vertex 61.9412 24.5971 0
    endloop
  endfacet
  facet normal -0 0 -1
    outer loop
      vertex 73.5218 44.3877 0
      vertex 61.8829 24.5885 0
      vertex 73.4689 44.5355 0
    endloop
  endfacet
  facet normal 0 0 -1
    outer loop
      vertex 54.1171 24.5885 0
      vertex 73.4689 44.5355 0
      vertex 61.8829 24.5885 0
    endloop
  endfacet
  facet normal -0 0 -1
    outer loop
      vertex 73.4689 44.5355 0
      vertex 54.1171 24.5885 0
      vertex 73.4307 44.6879 0
    endloop
  endfacet
  facet normal 0 0 -1
    outer loop
      vertex 54.0588 24.5971 0
      vertex 73.4307 44.6879 0
      vertex 54.1171 24.5885 0
    endloop
  endfacet
  facet normal -0 0 -1
    outer loop
      vertex 73.4307 44.6879 0
      vertex 54.0588 24.5971 0
      vertex 73.4077 44.8432 0
    endloop
  endfacet
  facet normal 0 0 -1
    outer loop
      vertex 54.1171 24.5885 0
      vertex 61.8829 24.5885 0
      vertex 61.8258 24.5742 0
    endloop
  endfacet
  facet normal 0 0 -1
    outer loop
      vertex 54.1742 24.5742 0
      vertex 61.8258 24.5742 0
      vertex 61.7704 24.5543 0
    endloop
  endfacet
  facet normal 0 0 -1
    outer loop
      vertex 54.2296 24.5543 0
      vertex 61.7704 24.5543 0
      vertex 61.7172 24.5292 0
    endloop
  endfacet
  facet normal 0 0 -1
    outer loop
      vertex 54.2828 24.5292 0
      vertex 61.7172 24.5292 0
      vertex 61.6667 24.4989 0
    endloop
  endfacet
  facet normal 0 0 -1
    outer loop
      vertex 54.3333 24.4989 0
      vertex 61.6667 24.4989 0
      vertex 61.6194 24.4638 0
    endloop
  endfacet
  facet normal 0 0 -1
    outer loop
      vertex 54.3806 24.4638 0
      vertex 61.6194 24.4638 0
      vertex 61.5757 24.4243 0
    endloop
  endfacet
  facet normal 0 0 -1
    outer loop
      vertex 54.4243 24.4243 0
      vertex 61.5757 24.4243 0
      vertex 61.5362 24.3806 0
    endloop
  endfacet
  facet normal 0 0 -1
    outer loop
      vertex 54.4638 24.3806 0
      vertex 61.5362 24.3806 0
      vertex 61.5011 24.3333 0
    endloop
  endfacet
  facet normal 0 0 -1
    outer loop
      vertex 54.4989 24.3333 0
      vertex 61.5011 24.3333 0
      vertex 61.4708 24.2828 0
    endloop
  endfacet
  facet normal 0 0 -1
    outer loop
      vertex 54.5292 24.2828 0
      vertex 61.4708 24.2828 0
      vertex 61.4457 24.2296 0
    endloop
  endfacet
  facet normal 0 0 -1
    outer loop
      vertex 54.4243 23.5757 0
      vertex 61.5757 23.5757 0
      vertex 54.4243 16.4243 0
    endloop
  endfacet
  facet normal 0 0 -1
    outer loop
      vertex 61.4 24 0
      vertex 54.6 24 0
      vertex 61.4029 24.0588 0
    endloop
  endfacet
  facet normal 0 0 -1
    outer loop
      vertex 54.5971 24.0588 0
      vertex 61.4029 24.0588 0
      vertex 54.6 24 0
    endloop
  endfacet
  facet normal 0 0 -1
    outer loop
      vertex 61.4029 24.0588 0
      vertex 54.5971 24.0588 0
      vertex 61.4115 24.1171 0
    endloop
  endfacet
  facet normal 0 0 -1
    outer loop
      vertex 54.5885 24.1171 0
      vertex 61.4115 24.1171 0
      vertex 54.5971 24.0588 0
    endloop
  endfacet
  facet normal 0 0 -1
    outer loop
      vertex 61.4115 24.1171 0
      vertex 54.5885 24.1171 0
      vertex 61.4258 24.1742 0
    endloop
  endfacet
  facet normal 0 0 -1
    outer loop
      vertex 54.5742 24.1742 0
      vertex 61.4258 24.1742 0
      vertex 54.5885 24.1171 0
    endloop
  endfacet
  facet normal 0 0 -1
    outer loop
      vertex 61.4258 24.1742 0
      vertex 54.5742 24.1742 0
      vertex 61.4457 24.2296 0
    endloop
  endfacet
  facet normal 0 0 -1
    outer loop
      vertex 54.5543 24.2296 0
      vertex 61.4457 24.2296 0
      vertex 54.5742 24.1742 0
    endloop
  endfacet
  facet normal 0 0 -1
    outer loop
      vertex 54.5292 24.2828 0
      vertex 61.4457 24.2296 0
      vertex 54.5543 24.2296 0
    endloop
  endfacet
  facet normal 0 0 -1
    outer loop
      vertex 61.4708 24.2828 0
      vertex 54.5292 24.2828 0
      vertex 54.4989 24.3333 0
    endloop
  endfacet
  facet normal 0 0 -1
    outer loop
      vertex 61.5011 24.3333 0
      vertex 54.4989 24.3333 0
      vertex 54.4638 24.3806 0
    endloop
  endfacet
  facet normal 0 0 -1
    outer loop
      vertex 61.5362 24.3806 0
      vertex 54.4638 24.3806 0
      vertex 54.4243 24.4243 0
    endloop
  endfacet
  facet normal 0 0 -1
    outer loop
      vertex 61.5757 24.4243 0
      vertex 54.4243 24.4243 0
      vertex 54.3806 24.4638 0
    endloop
  endfacet
  facet normal 0 0 -1
    outer loop
      vertex 61.6194 24.4638 0
      vertex 54.3806 24.4638 0
      vertex 54.3333 24.4989 0
    endloop
  endfacet
  facet normal 0 0 -1
    outer loop
      vertex 61.6667 24.4989 0
      vertex 54.3333 24.4989 0
      vertex 54.2828 24.5292 0
    endloop
  endfacet
  facet normal 0 0 -1
    outer loop
      vertex 61.7172 24.5292 0
      vertex 54.2828 24.5292 0
      vertex 54.2296 24.5543 0
    endloop
  endfacet
  facet normal 0 0 -1
    outer loop
      vertex 61.7704 24.5543 0
      vertex 54.2296 24.5543 0
      vertex 54.1742 24.5742 0
    endloop
  endfacet
  facet normal 0 0 -1
    outer loop
      vertex 61.8258 24.5742 0
      vertex 54.1742 24.5742 0
      vertex 54.1171 24.5885 0
    endloop
  endfacet
  facet normal 0 -0 -1
    outer loop
      vertex 72 50 0
      vertex 73.4077 44.8432 0
      vertex 54.0588 24.5971 0
    endloop
  endfacet
  facet normal 0 0 -1
    outer loop
      vertex 73.4077 44.8432 0
      vertex 72 50 0
      vertex 73.4 45 0
    endloop
  endfacet
  facet normal 0 0 -1
    outer loop
      vertex 54 24.6 0
      vertex 72 50 0
      vertex 54.0588 24.5971 0
    endloop
  endfacet
  facet normal 0 0 -1
    outer loop
      vertex 53.9412 24.5971 0
      vertex 72 50 0
      vertex 54 24.6 0
    endloop
  endfacet
  facet normal 0 0 -1
    outer loop
      vertex 53.8829 24.5885 0
      vertex 72 50 0
      vertex 53.9412 24.5971 0
    endloop
  endfacet
  facet normal 0 0 -1
    outer loop
      vertex 53.8258 24.5742 0
      vertex 72 50 0
      vertex 53.8829 24.5885 0
    endloop
  endfacet
  facet normal 0 0 -1
    outer loop
      vertex 53.7704 24.5543 0
      vertex 72 50 0
      vertex 53.8258 24.5742 0
    endloop
  endfacet
  facet normal 0 0 -1
    outer loop
      vertex 53.7172 24.5292 0
      vertex 72 50 0
      vertex 53.7704 24.5543 0
    endloop
  endfacet
  facet normal 0 0 -1
    outer loop
      vertex 26.2828 24.5292 0
      vertex 53.7172 24.5292 0
      vertex 53.6667 24.4989 0
    endloop
  endfacet
  facet normal 0 0 -1
    outer loop
      vertex 26.3333 24.4989 0
      vertex 53.6667 24.4989 0
      vertex 53.6194 24.4638 0
    endloop
  endfacet
  facet normal 0 0 -1
    outer loop
      vertex 26.3806 24.4638 0
      vertex 53.6194 24.4638 0
      vertex 53.5757 24.4243 0
    endloop
  endfacet
  facet normal 0 0 -1
    outer loop
      vertex 26.4243 24.4243 0
      vertex 53.5757 24.4243 0
      vertex 53.5362 24.3806 0
    endloop
  endfacet
  facet normal 0 0 -1
    outer loop
      vertex 26.4638 24.3806 0
      vertex 53.5362 24.3806 0
      vertex 53.5011 24.3333 0
    endloop
  endfacet
  facet normal 0 0 -1
    outer loop
      vertex 26.5742 23.8258 0
      vertex 53.4258 23.8258 0
      vertex 26.5742 16.1742 0
    endloop
  endfacet
  facet normal 0 0 -1
    outer loop
      vertex 53.4 24 0
      vertex 26.6 24 0
      vertex 53.4029 24.0588 0
    endloop
  endfacet
  facet normal 0 0 -1
    outer loop
      vertex 26.5971 24.0588 0
      vertex 53.4029 24.0588 0
      vertex 26.6 24 0
    endloop
  endfacet
  facet normal 0 0 -1
    outer loop
      vertex 53.4029 24.0588 0
      vertex 26.5971 24.0588 0
      vertex 53.4115 24.1171 0
    endloop
  endfacet
  facet normal 0 0 -1
    outer loop
      vertex 26.5885 24.1171 0
      vertex 53.4115 24.1171 0
      vertex 26.5971 24.0588 0
    endloop
  endfacet
  facet normal 0 0 -1
    outer loop
      vertex 53.4115 24.1171 0
      vertex 26.5885 24.1171 0
      vertex 53.4258 24.1742 0
    endloop
  endfacet
  facet normal 0 0 -1
    outer loop
      vertex 26.5742 24.1742 0
      vertex 53.4258 24.1742 0
      vertex 26.5885 24.1171 0
    endloop
  endfacet
  facet normal 0 0 -1
    outer loop
      vertex 53.4258 24.1742 0
      vertex 26.5742 24.1742 0
      vertex 53.4457 24.2296 0
    endloop
  endfacet
  facet normal 0 0 -1
    outer loop
      vertex 26.5543 24.2296 0
      vertex 53.4457 24.2296 0
      vertex 26.5742 24.1742 0
    endloop
  endfacet
  facet normal 0 0 -1
    outer loop
      vertex 53.4457 24.2296 0
      vertex 26.5543 24.2296 0
      vertex 53.4708 24.2828 0
    endloop
  endfacet
  facet normal 0 0 -1
    outer loop
      vertex 26.5292 24.2828 0
      vertex 53.4708 24.2828 0
      vertex 26.5543 24.2296 0
    endloop
  endfacet
  facet normal 0 0 -1
    outer loop
      vertex 53.4708 24.2828 0
      vertex 26.5292 24.2828 0
      vertex 53.5011 24.3333 0
    endloop
  endfacet
  facet normal 0 0 -1
    outer loop
      vertex 26.4989 24.3333 0
      vertex 53.5011 24.3333 0
      vertex 26.5292 24.2828 0
    endloop
  endfacet
  facet normal 0 0 -1
    outer loop
      vertex 26.4638 24.3806 0
      vertex 53.5011 24.3333 0
      vertex 26.4989 24.3333 0
    endloop
  endfacet
  facet normal 0 0 -1
    outer loop
      vertex 53.5362 24.3806 0
      vertex 26.4638 24.3806 0
      vertex 26.4243 24.4243 0
    endloop
  endfacet
  facet normal 0 0 -1
    outer loop
      vertex 53.5757 24.4243 0
      vertex 26.4243 24.4243 0
      vertex 26.3806 24.4638 0
    endloop
  endfacet
  facet normal 0 0 -1
    outer loop
      vertex 53.6194 24.4638 0
      vertex 26.3806 24.4638 0
      vertex 26.3333 24.4989 0
    endloop
  endfacet
  facet normal 0 0 -1
    outer loop
      vertex 53.6667 24.4989 0
      vertex 26.3333 24.4989 0
      vertex 26.2828 24.5292 0
    endloop
  endfacet
  facet normal 0 0 -1
    outer loop
      vertex 53.7172 24.5292 0
      vertex 26.2828 24.5292 0
      vertex 72 50 0
    endloop
  endfacet
  facet normal 0 0 -1
    outer loop
      vertex 26.2296 24.5543 0
      vertex 72 50 0
      vertex 26.2828 24.5292 0
    endloop
  endfacet
  facet normal 0 0 -1
    outer loop
      vertex 8 50 0
      vertex 26.2296 24.5543 0
      vertex 26.1742 24.5742 0
    endloop
  endfacet
  facet normal 0 0 -1
    outer loop
      vertex 8 50 0
      vertex 26.1742 24.5742 0
      vertex 26.1171 24.5885 0
    endloop
  endfacet
  facet normal 0 0 -1
    outer loop
      vertex 8 50 0
      vertex 26.1171 24.5885 0
      vertex 26.0588 24.5971 0
    endloop
  endfacet
  facet normal 0 0 -1
    outer loop
      vertex 8 50 0
      vertex 26.0588 24.5971 0
      vertex 26 24.6 0
    endloop
  endfacet
  facet normal 0 0 -1
    outer loop
      vertex 8 50 0
      vertex 26 24.6 0
      vertex 25.9412 24.5971 0
    endloop
  endfacet
  facet normal 0 0 -1
    outer loop
      vertex 6.6 45 0
      vertex 25.9412 24.5971 0
      vertex 25.8829 24.5885 0
    endloop
  endfacet
  facet normal 0 0 -1
    outer loop
      vertex 18.1171 24.5885 0
      vertex 25.8829 24.5885 0
      vertex 25.8258 24.5742 0
    endloop
  endfacet
  facet normal 0 0 -1
    outer loop
      vertex 18.1742 24.5742 0
      vertex 25.8258 24.5742 0
      vertex 25.7704 24.5543 0
    endloop
  endfacet
  facet normal 0 0 -1
    outer loop
      vertex 18.2296 24.5543 0
      vertex 25.7704 24.5543 0
      vertex 25.7172 24.5292 0
    endloop
  endfacet
  facet normal 0 0 -1
    outer loop
      vertex 18.4243 23.5757 0
      vertex 25.5757 23.5757 0
      vertex 18.4243 16.4243 0
    endloop
  endfacet
  facet normal 0 0 -1
    outer loop
      vertex 25.4 24 0
      vertex 18.6 24 0
      vertex 25.4029 24.0588 0
    endloop
  endfacet
  facet normal 0 0 -1
    outer loop
      vertex 18.5971 24.0588 0
      vertex 25.4029 24.0588 0
      vertex 18.6 24 0
    endloop
  endfacet
  facet normal 0 0 -1
    outer loop
      vertex 25.4029 24.0588 0
      vertex 18.5971 24.0588 0
      vertex 25.4115 24.1171 0
    endloop
  endfacet
  facet normal 0 0 -1
    outer loop
      vertex 18.5885 24.1171 0
      vertex 25.4115 24.1171 0
      vertex 18.5971 24.0588 0
    endloop
  endfacet
  facet normal 0 0 -1
    outer loop
      vertex 25.4115 24.1171 0
      vertex 18.5885 24.1171 0
      vertex 25.4258 24.1742 0
    endloop
  endfacet
  facet normal 0 0 -1
    outer loop
      vertex 18.5742 24.1742 0
      vertex 25.4258 24.1742 0
      vertex 18.5885 24.1171 0
    endloop
  endfacet
  facet normal 0 0 -1
    outer loop
      vertex 25.4258 24.1742 0
      vertex 18.5742 24.1742 0
      vertex 25.4457 24.2296 0
    endloop
  endfacet
  facet normal 0 0 -1
    outer loop
      vertex 18.5543 24.2296 0
      vertex 25.4457 24.2296 0
      vertex 18.5742 24.1742 0
    endloop
  endfacet
  facet normal 0 0 -1
    outer loop
      vertex 25.4457 24.2296 0
      vertex 18.5543 24.2296 0
      vertex 25.4708 24.2828 0
    endloop
  endfacet
  facet normal 0 0 -1
    outer loop
      vertex 18.5292 24.2828 0
      vertex 25.4708 24.2828 0
      vertex 18.5543 24.2296 0
    endloop
  endfacet
  facet normal 0 0 -1
    outer loop
      vertex 25.4708 24.2828 0
      vertex 18.5292 24.2828 0
      vertex 25.5011 24.3333 0
    endloop
  endfacet
  facet normal 0 0 -1
    outer loop
      vertex 18.4989 24.3333 0
      vertex 25.5011 24.3333 0
      vertex 18.5292 24.2828 0
    endloop
  endfacet
  facet normal 0 0 -1
    outer loop
      vertex 25.5011 24.3333 0
      vertex 18.4989 24.3333 0
      vertex 25.5362 24.3806 0
    endloop
  endfacet
  facet normal 0 0 -1
    outer loop
      vertex 18.4638 24.3806 0
      vertex 25.5362 24.3806 0
      vertex 18.4989 24.3333 0
    endloop
  endfacet
  facet normal 0 0 -1
    outer loop
      vertex 25.5362 24.3806 0
      vertex 18.4638 24.3806 0
      vertex 25.5757 24.4243 0
    endloop
  endfacet
  facet normal 0 0 -1
    outer loop
      vertex 18.4243 24.4243 0
      vertex 25.5757 24.4243 0
      vertex 18.4638 24.3806 0
    endloop
  endfacet
  facet normal 0 0 -1
    outer loop
      vertex 25.5757 24.4243 0
      vertex 18.4243 24.4243 0
      vertex 25.6194 24.4638 0
    endloop
  endfacet
  facet normal 0 0 -1
    outer loop
      vertex 18.3806 24.4638 0
      vertex 25.6194 24.4638 0
      vertex 18.4243 24.4243 0
    endloop
  endfacet
  facet normal 0 0 -1
    outer loop
      vertex 25.6194 24.4638 0
      vertex 18.3806 24.4638 0
      vertex 25.6667 24.4989 0
    endloop
  endfacet
  facet normal 0 0 -1
    outer loop
      vertex 18.3333 24.4989 0
      vertex 25.6667 24.4989 0
      vertex 18.3806 24.4638 0
    endloop
  endfacet
  facet normal 0 0 -1
    outer loop
      vertex 25.6667 24.4989 0
      vertex 18.3333 24.4989 0
      vertex 25.7172 24.5292 0
    endloop
  endfacet
  facet normal 0 0 -1
    outer loop
      vertex 18.2828 24.5292 0
      vertex 25.7172 24.5292 0
      vertex 18.3333 24.4989 0
    endloop
  endfacet
  facet normal 0 0 -1
    outer loop
      vertex 18.2296 24.5543 0
      vertex 25.7172 24.5292 0
      vertex 18.2828 24.5292 0
    endloop
  endfacet
  facet normal 0 0 -1
    outer loop
      vertex 25.7704 24.5543 0
      vertex 18.2296 24.5543 0
      vertex 18.1742 24.5742 0
    endloop
  endfacet
  facet normal 0 0 -1
    outer loop
      vertex 25.8258 24.5742 0
      vertex 18.1742 24.5742 0
      vertex 18.1171 24.5885 0
    endloop
  endfacet
  facet normal 0 0 -1
    outer loop
      vertex 6.6 45 0
      vertex 25.8829 24.5885 0
      vertex 18.1171 24.5885 0
    endloop
  endfacet
  facet normal 0 0 -1
    outer loop
      vertex 6.6 45 0
      vertex 18.1171 24.5885 0
      vertex 18.0588 24.5971 0
    endloop
  endfacet
  facet normal 0 0 -1
    outer loop
      vertex 6.6 45 0
      vertex 18.0588 24.5971 0
      vertex 18 24.6 0
    endloop
  endfacet
  facet normal 0 0 -1
    outer loop
      vertex 6.6 45 0
      vertex 18 24.6 0
      vertex 17.9412 24.5971 0
    endloop
  endfacet
  facet normal 0 0 -1
    outer loop
      vertex 6.6 45 0
      vertex 17.9412 24.5971 0
      vertex 17.8829 24.5885 0
    endloop
  endfacet
  facet normal 0 0 -1
    outer loop
      vertex 6.6 45 0
      vertex 17.8829 24.5885 0
      vertex 17.8258 24.5742 0
    endloop
  endfacet
  facet normal 0 0 -1
    outer loop
      vertex 6.6 45 0
      vertex 17.8258 24.5742 0
      vertex 17.7704 24.5543 0
    endloop
  endfacet
  facet normal 0 0 -1
    outer loop
      vertex 17.8829 15.4115 0
      vertex 6.6 5 0
      vertex 6.59229 5.15683 0
    endloop
  endfacet
  facet normal 0 0 -1
    outer loop
      vertex 5.75423 6.41107 0
      vertex 17.4258 15.8258 0
      vertex 5.88891 6.33035 0
    endloop
  endfacet
  facet normal -0 0 -1
    outer loop
      vertex 17.4258 15.8258 0
      vertex 5.75423 6.41107 0
      vertex 17.4115 15.8829 0
    endloop
  endfacet
  facet normal 0 0 -1
    outer loop
      vertex 6.6 45 0
      vertex 17.4115 24.1171 0
      vertex 17.4029 24.0588 0
    endloop
  endfacet
  facet normal 0 0 -1
    outer loop
      vertex 26.2296 24.5543 0
      vertex 8 50 0
      vertex 72 50 0
    endloop
  endfacet
  facet normal 0 0 -1
    outer loop
      vertex 6.6 45 0
      vertex 17.7704 24.5543 0
      vertex 17.7172 24.5292 0
    endloop
  endfacet
  facet normal 0 0 -1
    outer loop
      vertex 6.6 45 0
      vertex 17.7172 24.5292 0
      vertex 17.6667 24.4989 0
    endloop
  endfacet
  facet normal 0 0 -1
    outer loop
      vertex 6.6 45 0
      vertex 17.6667 24.4989 0
      vertex 17.6194 24.4638 0
    endloop
  endfacet
  facet normal 0 0 -1
    outer loop
      vertex 6.6 45 0
      vertex 17.6194 24.4638 0
      vertex 17.5757 24.4243 0
    endloop
  endfacet
  facet normal 0 0 -1
    outer loop
      vertex 6.6 45 0
      vertex 17.5757 24.4243 0
      vertex 17.5362 24.3806 0
    endloop
  endfacet
  facet normal 0 0 -1
    outer loop
      vertex 6.6 45 0
      vertex 17.5362 24.3806 0
      vertex 17.5011 24.3333 0
    endloop
  endfacet
  facet normal 0 0 -1
    outer loop
      vertex 6.6 45 0
      vertex 17.5011 24.3333 0
      vertex 17.4708 24.2828 0
    endloop
  endfacet
  facet normal 0 0 -1
    outer loop
      vertex 6.6 45 0
      vertex 17.4708 24.2828 0
      vertex 17.4457 24.2296 0
    endloop
  endfacet
  facet normal 0 0 -1
    outer loop
      vertex 6.6 45 0
      vertex 17.4258 24.1742 0
      vertex 17.4115 24.1171 0
    endloop
  endfacet
  facet normal 0 0 -1
    outer loop
      vertex 6.13137 3.86863 0
      vertex 8 0 0
      vertex 7.21585 0.0385132 0
    endloop
  endfacet
  facet normal 0 0 -1
    outer loop
      vertex 6.6 45 0
      vertex 17.4457 24.2296 0
      vertex 17.4258 24.1742 0
    endloop
  endfacet
  facet normal 0 0 -1
    outer loop
      vertex 25.9412 24.5971 0
      vertex 6.6 45 0
      vertex 8 50 0
    endloop
  endfacet
  facet normal 0 0 -1
    outer loop
      vertex 8 0 0
      vertex 6.59229 4.84317 0
      vertex 6.6 5 0
    endloop
  endfacet
  facet normal 0 0 -1
    outer loop
      vertex 8 0 0
      vertex 6.56926 4.68785 0
      vertex 6.59229 4.84317 0
    endloop
  endfacet
  facet normal 0 0 -1
    outer loop
      vertex 8 0 0
      vertex 6.5311 4.53554 0
      vertex 6.56926 4.68785 0
    endloop
  endfacet
  facet normal 0 0 -1
    outer loop
      vertex 8 0 0
      vertex 6.47821 4.38771 0
      vertex 6.5311 4.53554 0
    endloop
  endfacet
  facet normal 0 0 -1
    outer loop
      vertex 5.88891 3.66965 0
      vertex 7.21585 0.0385132 0
      vertex 6.43927 0.153717 0
    endloop
  endfacet
  facet normal 0 0 -1
    outer loop
      vertex 8 0 0
      vertex 6.41107 4.24576 0
      vertex 6.47821 4.38771 0
    endloop
  endfacet
  facet normal 0 0 -1
    outer loop
      vertex 8 0 0
      vertex 6.33035 4.11109 0
      vertex 6.41107 4.24576 0
    endloop
  endfacet
  facet normal 0 0 -1
    outer loop
      vertex 8 0 0
      vertex 6.23682 3.98497 0
      vertex 6.33035 4.11109 0
    endloop
  endfacet
  facet normal 0 0 -1
    outer loop
      vertex 8 0 0
      vertex 6.13137 3.86863 0
      vertex 6.23682 3.98497 0
    endloop
  endfacet
  facet normal 0 0 -1
    outer loop
      vertex 7.21585 0.0385132 0
      vertex 6.01503 3.76318 0
      vertex 6.13137 3.86863 0
    endloop
  endfacet
  facet normal 0 0 -1
    outer loop
      vertex 7.21585 0.0385132 0
      vertex 5.88891 3.66965 0
      vertex 6.01503 3.76318 0
    endloop
  endfacet
  facet normal 0 0 -1
    outer loop
      vertex 6.43927 0.153717 0
      vertex 5.75423 3.58893 0
      vertex 5.88891 3.66965 0
    endloop
  endfacet
  facet normal 0 0 -1
    outer loop
      vertex 5.67772 0.344467 0
      vertex 5.75423 3.58893 0
      vertex 6.43927 0.153717 0
    endloop
  endfacet
  facet normal 0 0 -1
    outer loop
      vertex 5.67772 0.344467 0
      vertex 5.61229 3.52179 0
      vertex 5.75423 3.58893 0
    endloop
  endfacet
  facet normal 0 0 -1
    outer loop
      vertex 5.67772 0.344467 0
      vertex 5.46445 3.46889 0
      vertex 5.61229 3.52179 0
    endloop
  endfacet
  facet normal 0 0 -1
    outer loop
      vertex 4.93852 0.608963 0
      vertex 5.46445 3.46889 0
      vertex 5.67772 0.344467 0
    endloop
  endfacet
  facet normal 0 0 -1
    outer loop
      vertex 5.46445 3.46889 0
      vertex 4.93852 0.608963 0
      vertex 5.31214 3.43074 0
    endloop
  endfacet
  facet normal 0 0 -1
    outer loop
      vertex 5.31214 3.43074 0
      vertex 4.93852 0.608963 0
      vertex 5.15683 3.4077 0
    endloop
  endfacet
  facet normal 0 0 -1
    outer loop
      vertex 4.22882 0.944626 0
      vertex 5.15683 3.4077 0
      vertex 4.93852 0.608963 0
    endloop
  endfacet
  facet normal 0 0 -1
    outer loop
      vertex 5.15683 3.4077 0
      vertex 4.22882 0.944626 0
      vertex 5 3.4 0
    endloop
  endfacet
  facet normal -0 0 -1
    outer loop
      vertex 5 3.4 0
      vertex 4.22882 0.944626 0
      vertex 4.84317 3.4077 0
    endloop
  endfacet
  facet normal -0 0 -1
    outer loop
      vertex 4.84317 3.4077 0
      vertex 4.22882 0.944626 0
      vertex 4.68785 3.43074 0
    endloop
  endfacet
  facet normal 0 0 -1
    outer loop
      vertex 3.55544 1.34824 0
      vertex 4.68785 3.43074 0
      vertex 4.22882 0.944626 0
    endloop
  endfacet
  facet normal -0 0 -1
    outer loop
      vertex 4.68785 3.43074 0
      vertex 3.55544 1.34824 0
      vertex 4.53554 3.46889 0
    endloop
  endfacet
  facet normal -0 0 -1
    outer loop
      vertex 4.53554 3.46889 0
      vertex 3.55544 1.34824 0
      vertex 4.38771 3.52179 0
    endloop
  endfacet
  facet normal 0 0 -1
    outer loop
      vertex 2.92485 1.8159 0
      vertex 4.38771 3.52179 0
      vertex 3.55544 1.34824 0
    endloop
  endfacet
  facet normal -0 0 -1
    outer loop
      vertex 4.38771 3.52179 0
      vertex 2.92485 1.8159 0
      vertex 4.24576 3.58893 0
    endloop
  endfacet
  facet normal -0 0 -1
    outer loop
      vertex 4.24576 3.58893 0
      vertex 2.92485 1.8159 0
      vertex 4.11109 3.66965 0
    endloop
  endfacet
  facet normal -0 0 -1
    outer loop
      vertex 4.11109 3.66965 0
      vertex 2.92485 1.8159 0
      vertex 3.98497 3.76318 0
    endloop
  endfacet
  facet normal -0 0 -1
    outer loop
      vertex 3.98497 3.76318 0
      vertex 2.92485 1.8159 0
      vertex 3.86863 3.86863 0
    endloop
  endfacet
  facet normal -0 0 -1
    outer loop
      vertex 3.86863 3.86863 0
      vertex 2.92485 1.8159 0
      vertex 3.76318 3.98497 0
    endloop
  endfacet
  facet normal -0 0 -1
    outer loop
      vertex 3.76318 3.98497 0
      vertex 2.92485 1.8159 0
      vertex 3.66965 4.11109 0
    endloop
  endfacet
  facet normal -0 0 -1
    outer loop
      vertex 3.66965 4.11109 0
      vertex 2.92485 1.8159 0
      vertex 3.58893 4.24576 0
    endloop
  endfacet
  facet normal -0 0 -1
    outer loop
      vertex 3.58893 4.24576 0
      vertex 2.92485 1.8159 0
      vertex 3.52179 4.38771 0
    endloop
  endfacet
  facet normal -0 0 -1
    outer loop
      vertex 3.52179 4.38771 0
      vertex 2.92485 1.8159 0
      vertex 3.46889 4.53554 0
    endloop
  endfacet
  facet normal -0 0 -1
    outer loop
      vertex 3.46889 4.53554 0
      vertex 2.92485 1.8159 0
      vertex 3.43074 4.68785 0
    endloop
  endfacet
  facet normal 0 0 -1
    outer loop
      vertex 0 8 0
      vertex 3.43074 4.68785 0
      vertex 2.92485 1.8159 0
    endloop
  endfacet
  facet normal 0 0 -1
    outer loop
      vertex 3.4077 4.84317 0
      vertex 0 8 0
      vertex 3.4 5 0
    endloop
  endfacet
  facet normal 0 0 -1
    outer loop
      vertex 3.43074 4.68785 0
      vertex 0 8 0
      vertex 3.4077 4.84317 0
    endloop
  endfacet
  facet normal -0.989175 -0.146742 0
    outer loop
      vertex 0.153717 6.43927 0
      vertex 0.0385132 7.21585 3
      vertex 0.0385132 7.21585 0
    endloop
  endfacet
  facet normal -0.989175 -0.146742 0
    outer loop
      vertex 0.0385132 7.21585 3
      vertex 0.153717 6.43927 0
      vertex 0.153717 6.43927 3
    endloop
  endfacet
  facet normal -1 0 0
    outer loop
      vertex 0 8 0
      vertex 0 42 3
      vertex 0 42 0
    endloop
  endfacet
  facet normal -1 -0 0
    outer loop
      vertex 0 42 3
      vertex 0 8 0
      vertex 0 8 3
    endloop
  endfacet
  facet normal 0.998797 0.0490418 0
    outer loop
      vertex 80 42 3
      vertex 79.9615 42.7841 0
      vertex 79.9615 42.7841 3
    endloop
  endfacet
  facet normal 0.998797 0.0490418 0
    outer loop
      vertex 79.9615 42.7841 0
      vertex 80 42 3
      vertex 80 42 0
    endloop
  endfacet
  facet normal -0.998796 -0.0490555 0
    outer loop
      vertex 0.0385132 7.21585 0
      vertex 0 8 3
      vertex 0 8 0
    endloop
  endfacet
  facet normal -0.998796 -0.0490555 0
    outer loop
      vertex 0 8 3
      vertex 0.0385132 7.21585 0
      vertex 0.0385132 7.21585 3
    endloop
  endfacet
  facet normal -0.336901 0.94154 0
    outer loop
      vertex 5.67772 49.6555 0
      vertex 4.93852 49.391 3
      vertex 5.67772 49.6555 3
    endloop
  endfacet
  facet normal -0.336901 0.94154 0
    outer loop
      vertex 4.93852 49.391 3
      vertex 5.67772 49.6555 0
      vertex 4.93852 49.391 0
    endloop
  endfacet
  facet normal -0.998796 0.0490586 0
    outer loop
      vertex 0 42 0
      vertex 0.0385132 42.7841 3
      vertex 0.0385132 42.7841 0
    endloop
  endfacet
  facet normal -0.998796 0.0490586 0
    outer loop
      vertex 0.0385132 42.7841 3
      vertex 0 42 0
      vertex 0 42 3
    endloop
  endfacet
  facet normal 0 0 1
    outer loop
      vertex 79.0554 45.7712 3
      vertex 76.5923 45.1568 3
      vertex 76.6 45 3
    endloop
  endfacet
  facet normal 0 0 1
    outer loop
      vertex 77.6568 47.6568 3
      vertex 76.5693 45.3121 3
      vertex 76.5923 45.1568 3
    endloop
  endfacet
  facet normal 0 0 1
    outer loop
      vertex 77.6568 47.6568 3
      vertex 76.5311 45.4645 3
      vertex 76.5693 45.3121 3
    endloop
  endfacet
  facet normal 0 0 1
    outer loop
      vertex 77.6568 47.6568 3
      vertex 76.4782 45.6123 3
      vertex 76.5311 45.4645 3
    endloop
  endfacet
  facet normal 0 0 1
    outer loop
      vertex 75.6123 46.4782 3
      vertex 77.0751 48.1841 3
      vertex 76.4445 48.6517 3
    endloop
  endfacet
  facet normal 0 0 1
    outer loop
      vertex 77.6568 47.6568 3
      vertex 76.4111 45.7542 3
      vertex 76.4782 45.6123 3
    endloop
  endfacet
  facet normal 0 0 1
    outer loop
      vertex 77.6568 47.6568 3
      vertex 76.3304 45.8889 3
      vertex 76.4111 45.7542 3
    endloop
  endfacet
  facet normal 0 0 1
    outer loop
      vertex 77.6568 47.6568 3
      vertex 76.2368 46.015 3
      vertex 76.3304 45.8889 3
    endloop
  endfacet
  facet normal 0 0 1
    outer loop
      vertex 77.6568 47.6568 3
      vertex 76.1314 46.1314 3
      vertex 76.2368 46.015 3
    endloop
  endfacet
  facet normal 0 0 1
    outer loop
      vertex 77.6568 47.6568 3
      vertex 76.015 46.2368 3
      vertex 76.1314 46.1314 3
    endloop
  endfacet
  facet normal 0 0 1
    outer loop
      vertex 77.0751 48.1841 3
      vertex 75.8889 46.3304 3
      vertex 76.015 46.2368 3
    endloop
  endfacet
  facet normal 0 0 1
    outer loop
      vertex 75.3121 46.5693 3
      vertex 76.4445 48.6517 3
      vertex 75.7712 49.0554 3
    endloop
  endfacet
  facet normal 0 0 1
    outer loop
      vertex 77.0751 48.1841 3
      vertex 75.7542 46.4111 3
      vertex 75.8889 46.3304 3
    endloop
  endfacet
  facet normal 0 0 1
    outer loop
      vertex 77.0751 48.1841 3
      vertex 75.6123 46.4782 3
      vertex 75.7542 46.4111 3
    endloop
  endfacet
  facet normal 0 0 1
    outer loop
      vertex 76.4445 48.6517 3
      vertex 75.4645 46.5311 3
      vertex 75.6123 46.4782 3
    endloop
  endfacet
  facet normal 0 0 1
    outer loop
      vertex 76.4445 48.6517 3
      vertex 75.3121 46.5693 3
      vertex 75.4645 46.5311 3
    endloop
  endfacet
  facet normal 0 0 1
    outer loop
      vertex 75.7712 49.0554 3
      vertex 75.1568 46.5923 3
      vertex 75.3121 46.5693 3
    endloop
  endfacet
  facet normal 0 0 1
    outer loop
      vertex 74.8432 46.5923 3
      vertex 75.7712 49.0554 3
      vertex 75.0615 49.391 3
    endloop
  endfacet
  facet normal 0 0 1
    outer loop
      vertex 75.7712 49.0554 3
      vertex 75 46.6 3
      vertex 75.1568 46.5923 3
    endloop
  endfacet
  facet normal 0 0 1
    outer loop
      vertex 75.7712 49.0554 3
      vertex 74.8432 46.5923 3
      vertex 75 46.6 3
    endloop
  endfacet
  facet normal 0 0 1
    outer loop
      vertex 75.0615 49.391 3
      vertex 74.6879 46.5693 3
      vertex 74.8432 46.5923 3
    endloop
  endfacet
  facet normal 0 0 1
    outer loop
      vertex 75.0615 49.391 3
      vertex 74.5355 46.5311 3
      vertex 74.6879 46.5693 3
    endloop
  endfacet
  facet normal 0 0 1
    outer loop
      vertex 74.3223 49.6555 3
      vertex 74.5355 46.5311 3
      vertex 75.0615 49.391 3
    endloop
  endfacet
  facet normal 0 0 1
    outer loop
      vertex 74.5355 46.5311 3
      vertex 74.3223 49.6555 3
      vertex 74.3877 46.4782 3
    endloop
  endfacet
  facet normal 0 0 1
    outer loop
      vertex 74.3223 49.6555 3
      vertex 74.2458 46.4111 3
      vertex 74.3877 46.4782 3
    endloop
  endfacet
  facet normal 0 0 1
    outer loop
      vertex 73.5607 49.8463 3
      vertex 74.2458 46.4111 3
      vertex 74.3223 49.6555 3
    endloop
  endfacet
  facet normal 0 0 1
    outer loop
      vertex 74.2458 46.4111 3
      vertex 73.5607 49.8463 3
      vertex 74.1111 46.3304 3
    endloop
  endfacet
  facet normal 0 0 1
    outer loop
      vertex 72.7841 49.9615 3
      vertex 74.1111 46.3304 3
      vertex 73.5607 49.8463 3
    endloop
  endfacet
  facet normal 0 0 1
    outer loop
      vertex 74.1111 46.3304 3
      vertex 72.7841 49.9615 3
      vertex 73.985 46.2368 3
    endloop
  endfacet
  facet normal 0 0 1
    outer loop
      vertex 73.985 46.2368 3
      vertex 72.7841 49.9615 3
      vertex 73.8686 46.1314 3
    endloop
  endfacet
  facet normal 0 0 1
    outer loop
      vertex 73.8686 46.1314 3
      vertex 72.7841 49.9615 3
      vertex 73.7632 46.015 3
    endloop
  endfacet
  facet normal 0 0 1
    outer loop
      vertex 73.7632 46.015 3
      vertex 72.7841 49.9615 3
      vertex 73.6696 45.8889 3
    endloop
  endfacet
  facet normal 0 0 1
    outer loop
      vertex 73.6696 45.8889 3
      vertex 72.7841 49.9615 3
      vertex 73.5889 45.7542 3
    endloop
  endfacet
  facet normal 0 0 1
    outer loop
      vertex 73.5889 45.7542 3
      vertex 72.7841 49.9615 3
      vertex 73.5218 45.6123 3
    endloop
  endfacet
  facet normal 0 0 1
    outer loop
      vertex 73.5218 45.6123 3
      vertex 72.7841 49.9615 3
      vertex 73.4689 45.4645 3
    endloop
  endfacet
  facet normal 0 0 1
    outer loop
      vertex 73.4689 45.4645 3
      vertex 72.7841 49.9615 3
      vertex 73.4307 45.3121 3
    endloop
  endfacet
  facet normal 0 0 1
    outer loop
      vertex 73.4307 45.3121 3
      vertex 72.7841 49.9615 3
      vertex 73.4077 45.1568 3
    endloop
  endfacet
  facet normal -0 -0 1
    outer loop
      vertex 62.6 16 3
      vertex 76 14 3
      vertex 62.5971 16.0588 3
    endloop
  endfacet
  facet normal 0 0 1
    outer loop
      vertex 73.4077 45.1568 3
      vertex 72.7841 49.9615 3
      vertex 73.4 45 3
    endloop
  endfacet
  facet normal 0 0 1
    outer loop
      vertex 76.1314 43.8686 3
      vertex 80 42 3
      vertex 79.9615 42.7841 3
    endloop
  endfacet
  facet normal 0 0 1
    outer loop
      vertex 76.3304 44.1111 3
      vertex 79.9615 42.7841 3
      vertex 79.8463 43.5607 3
    endloop
  endfacet
  facet normal -0 0 1
    outer loop
      vertex 76.4111 44.2458 3
      vertex 79.8463 43.5607 3
      vertex 79.6555 44.3223 3
    endloop
  endfacet
  facet normal -0 0 1
    outer loop
      vertex 76.5311 44.5355 3
      vertex 79.6555 44.3223 3
      vertex 79.391 45.0615 3
    endloop
  endfacet
  facet normal 0 0 1
    outer loop
      vertex 76.5923 44.8432 3
      vertex 79.391 45.0615 3
      vertex 79.0554 45.7712 3
    endloop
  endfacet
  facet normal 0 0 1
    outer loop
      vertex 76.5923 45.1568 3
      vertex 79.0554 45.7712 3
      vertex 78.6517 46.4445 3
    endloop
  endfacet
  facet normal 0 0 1
    outer loop
      vertex 76.5923 45.1568 3
      vertex 78.6517 46.4445 3
      vertex 78.1841 47.0751 3
    endloop
  endfacet
  facet normal 0 0 1
    outer loop
      vertex 76.5923 45.1568 3
      vertex 78.1841 47.0751 3
      vertex 77.6568 47.6568 3
    endloop
  endfacet
  facet normal 0 0 1
    outer loop
      vertex 76.015 46.2368 3
      vertex 77.6568 47.6568 3
      vertex 77.0751 48.1841 3
    endloop
  endfacet
  facet normal 0 0 1
    outer loop
      vertex 79.0554 45.7712 3
      vertex 76.6 45 3
      vertex 76.5923 44.8432 3
    endloop
  endfacet
  facet normal 0 0 1
    outer loop
      vertex 79.391 45.0615 3
      vertex 76.5923 44.8432 3
      vertex 76.5693 44.6879 3
    endloop
  endfacet
  facet normal 0 0 1
    outer loop
      vertex 79.391 45.0615 3
      vertex 76.5693 44.6879 3
      vertex 76.5311 44.5355 3
    endloop
  endfacet
  facet normal 0 0 1
    outer loop
      vertex 79.6555 44.3223 3
      vertex 76.5311 44.5355 3
      vertex 76.4782 44.3877 3
    endloop
  endfacet
  facet normal 0 0 1
    outer loop
      vertex 79.6555 44.3223 3
      vertex 76.4782 44.3877 3
      vertex 76.4111 44.2458 3
    endloop
  endfacet
  facet normal 0 0 1
    outer loop
      vertex 79.8463 43.5607 3
      vertex 76.4111 44.2458 3
      vertex 76.3304 44.1111 3
    endloop
  endfacet
  facet normal 0 0 1
    outer loop
      vertex 79.9615 42.7841 3
      vertex 76.3304 44.1111 3
      vertex 76.2368 43.985 3
    endloop
  endfacet
  facet normal 0 0 1
    outer loop
      vertex 79.9615 42.7841 3
      vertex 76.2368 43.985 3
      vertex 76.1314 43.8686 3
    endloop
  endfacet
  facet normal 0 0 1
    outer loop
      vertex 80 42 3
      vertex 76.1314 43.8686 3
      vertex 76.015 43.7632 3
    endloop
  endfacet
  facet normal 0 0 1
    outer loop
      vertex 80 42 3
      vertex 76.015 43.7632 3
      vertex 75.8889 43.6696 3
    endloop
  endfacet
  facet normal 0 0 1
    outer loop
      vertex 80 42 3
      vertex 75.8889 43.6696 3
      vertex 75.7542 43.5889 3
    endloop
  endfacet
  facet normal 0 0 1
    outer loop
      vertex 80 42 3
      vertex 75.6123 43.5218 3
      vertex 75.4645 43.4689 3
    endloop
  endfacet
  facet normal 0 0 1
    outer loop
      vertex 80 42 3
      vertex 75.7542 43.5889 3
      vertex 75.6123 43.5218 3
    endloop
  endfacet
  facet normal -0 0 1
    outer loop
      vertex 76 14 3
      vertex 80 8 3
      vertex 80 14 3
    endloop
  endfacet
  facet normal 0 0 1
    outer loop
      vertex 75.4645 6.5311 3
      vertex 80 8 3
      vertex 76 14 3
    endloop
  endfacet
  facet normal 0 -0 1
    outer loop
      vertex 75.7542 6.41107 3
      vertex 80 8 3
      vertex 75.6123 6.47821 3
    endloop
  endfacet
  facet normal 0 0 1
    outer loop
      vertex 80 8 3
      vertex 76.1314 6.13137 3
      vertex 79.9615 7.21585 3
    endloop
  endfacet
  facet normal 0 0 1
    outer loop
      vertex 79.9615 7.21585 3
      vertex 76.3304 5.88891 3
      vertex 79.8463 6.43927 3
    endloop
  endfacet
  facet normal 0 0 1
    outer loop
      vertex 79.8463 6.43927 3
      vertex 76.4111 5.75423 3
      vertex 79.6555 5.67772 3
    endloop
  endfacet
  facet normal 0 0 1
    outer loop
      vertex 79.6555 5.67772 3
      vertex 76.5311 5.46445 3
      vertex 79.391 4.93852 3
    endloop
  endfacet
  facet normal 0 0 1
    outer loop
      vertex 79.391 4.93852 3
      vertex 76.5923 5.15683 3
      vertex 79.0554 4.22882 3
    endloop
  endfacet
  facet normal -0 0 1
    outer loop
      vertex 76.5923 4.84317 3
      vertex 79.0554 4.22882 3
      vertex 76.6 5 3
    endloop
  endfacet
  facet normal -0 0 1
    outer loop
      vertex 76.5311 4.53554 3
      vertex 78.6517 3.55544 3
      vertex 76.5693 4.68785 3
    endloop
  endfacet
  facet normal 0 0 1
    outer loop
      vertex 79.0554 4.22882 3
      vertex 76.5693 4.68785 3
      vertex 78.6517 3.55544 3
    endloop
  endfacet
  facet normal -0 0 1
    outer loop
      vertex 76.5693 4.68785 3
      vertex 79.0554 4.22882 3
      vertex 76.5923 4.84317 3
    endloop
  endfacet
  facet normal -0 -0 1
    outer loop
      vertex 76.6 5 3
      vertex 79.0554 4.22882 3
      vertex 76.5923 5.15683 3
    endloop
  endfacet
  facet normal -0 -0 1
    outer loop
      vertex 76.5923 5.15683 3
      vertex 79.391 4.93852 3
      vertex 76.5693 5.31214 3
    endloop
  endfacet
  facet normal -0 -0 1
    outer loop
      vertex 76.5693 5.31214 3
      vertex 79.391 4.93852 3
      vertex 76.5311 5.46445 3
    endloop
  endfacet
  facet normal 0 -0 1
    outer loop
      vertex 76.5311 5.46445 3
      vertex 79.6555 5.67772 3
      vertex 76.4782 5.61229 3
    endloop
  endfacet
  facet normal 0 -0 1
    outer loop
      vertex 76.4782 5.61229 3
      vertex 79.6555 5.67772 3
      vertex 76.4111 5.75423 3
    endloop
  endfacet
  facet normal 0 -0 1
    outer loop
      vertex 76.4111 5.75423 3
      vertex 79.8463 6.43927 3
      vertex 76.3304 5.88891 3
    endloop
  endfacet
  facet normal 0 -0 1
    outer loop
      vertex 76.3304 5.88891 3
      vertex 79.9615 7.21585 3
      vertex 76.2368 6.01503 3
    endloop
  endfacet
  facet normal 0 -0 1
    outer loop
      vertex 76.015 6.23682 3
      vertex 80 8 3
      vertex 75.8889 6.33035 3
    endloop
  endfacet
  facet normal 0 0 1
    outer loop
      vertex 80 42 3
      vertex 75.4645 43.4689 3
      vertex 75.3121 43.4307 3
    endloop
  endfacet
  facet normal 0 -0 1
    outer loop
      vertex 76.2368 6.01503 3
      vertex 79.9615 7.21585 3
      vertex 76.1314 6.13137 3
    endloop
  endfacet
  facet normal 0 0 1
    outer loop
      vertex 80 42 3
      vertex 76 28 3
      vertex 80 28 3
    endloop
  endfacet
  facet normal 0 -0 1
    outer loop
      vertex 76.1314 6.13137 3
      vertex 80 8 3
      vertex 76.015 6.23682 3
    endloop
  endfacet
  facet normal -0 0 1
    outer loop
      vertex 75.1568 43.4077 3
      vertex 80 42 3
      vertex 75.3121 43.4307 3
    endloop
  endfacet
  facet normal 0 -0 1
    outer loop
      vertex 75.8889 6.33035 3
      vertex 80 8 3
      vertex 75.7542 6.41107 3
    endloop
  endfacet
  facet normal 0 0 1
    outer loop
      vertex 80 42 3
      vertex 75.1568 43.4077 3
      vertex 76 28 3
    endloop
  endfacet
  facet normal 0 0 1
    outer loop
      vertex 80 8 3
      vertex 75.4645 6.5311 3
      vertex 75.6123 6.47821 3
    endloop
  endfacet
  facet normal -0 0 1
    outer loop
      vertex 75 43.4 3
      vertex 76 28 3
      vertex 75.1568 43.4077 3
    endloop
  endfacet
  facet normal 0 0 1
    outer loop
      vertex 76 14 3
      vertex 75.3121 6.56926 3
      vertex 75.4645 6.5311 3
    endloop
  endfacet
  facet normal 0 0 1
    outer loop
      vertex 74.8432 43.4077 3
      vertex 76 28 3
      vertex 75 43.4 3
    endloop
  endfacet
  facet normal 0 0 1
    outer loop
      vertex 76 14 3
      vertex 75.1568 6.59229 3
      vertex 75.3121 6.56926 3
    endloop
  endfacet
  facet normal 0 0 1
    outer loop
      vertex 74.6879 43.4307 3
      vertex 76 28 3
      vertex 74.8432 43.4077 3
    endloop
  endfacet
  facet normal 0 0 1
    outer loop
      vertex 76 14 3
      vertex 75 6.6 3
      vertex 75.1568 6.59229 3
    endloop
  endfacet
  facet normal 0 0 1
    outer loop
      vertex 74.5355 43.4689 3
      vertex 76 28 3
      vertex 74.6879 43.4307 3
    endloop
  endfacet
  facet normal 0 0 1
    outer loop
      vertex 76 14 3
      vertex 74.8432 6.59229 3
      vertex 75 6.6 3
    endloop
  endfacet
  facet normal 0 0 1
    outer loop
      vertex 74.3877 43.5218 3
      vertex 76 28 3
      vertex 74.5355 43.4689 3
    endloop
  endfacet
  facet normal 0 0 1
    outer loop
      vertex 76 14 3
      vertex 74.6879 6.56926 3
      vertex 74.8432 6.59229 3
    endloop
  endfacet
  facet normal 0 0 1
    outer loop
      vertex 74.2458 43.5889 3
      vertex 76 28 3
      vertex 74.3877 43.5218 3
    endloop
  endfacet
  facet normal 0 0 1
    outer loop
      vertex 76 14 3
      vertex 74.5355 6.5311 3
      vertex 74.6879 6.56926 3
    endloop
  endfacet
  facet normal 0 0 1
    outer loop
      vertex 74.1111 43.6696 3
      vertex 76 28 3
      vertex 74.2458 43.5889 3
    endloop
  endfacet
  facet normal 0 0 1
    outer loop
      vertex 76 14 3
      vertex 74.3877 6.47821 3
      vertex 74.5355 6.5311 3
    endloop
  endfacet
  facet normal 0 0 1
    outer loop
      vertex 73.985 43.7632 3
      vertex 76 28 3
      vertex 74.1111 43.6696 3
    endloop
  endfacet
  facet normal 0 0 1
    outer loop
      vertex 76 14 3
      vertex 74.2458 6.41107 3
      vertex 74.3877 6.47821 3
    endloop
  endfacet
  facet normal 0 0 1
    outer loop
      vertex 62.5971 24.0588 3
      vertex 73.985 43.7632 3
      vertex 73.8686 43.8686 3
    endloop
  endfacet
  facet normal 0 0 1
    outer loop
      vertex 76 14 3
      vertex 74.1111 6.33035 3
      vertex 74.2458 6.41107 3
    endloop
  endfacet
  facet normal 0 0 1
    outer loop
      vertex 62.5971 24.0588 3
      vertex 73.8686 43.8686 3
      vertex 73.7632 43.985 3
    endloop
  endfacet
  facet normal 0 0 1
    outer loop
      vertex 76 14 3
      vertex 73.985 6.23682 3
      vertex 74.1111 6.33035 3
    endloop
  endfacet
  facet normal 0 0 1
    outer loop
      vertex 62.5971 24.0588 3
      vertex 73.7632 43.985 3
      vertex 73.6696 44.1111 3
    endloop
  endfacet
  facet normal 0 0 1
    outer loop
      vertex 76 14 3
      vertex 73.8686 6.13137 3
      vertex 73.985 6.23682 3
    endloop
  endfacet
  facet normal 0 0 1
    outer loop
      vertex 62.5971 24.0588 3
      vertex 73.6696 44.1111 3
      vertex 73.5889 44.2458 3
    endloop
  endfacet
  facet normal -0 -0 1
    outer loop
      vertex 62.5885 16.1171 3
      vertex 76 14 3
      vertex 62.5742 16.1742 3
    endloop
  endfacet
  facet normal 0 0 1
    outer loop
      vertex 62.5971 24.0588 3
      vertex 73.5889 44.2458 3
      vertex 73.5218 44.3877 3
    endloop
  endfacet
  facet normal 0 0 1
    outer loop
      vertex 62.5971 23.9412 3
      vertex 76 28 3
      vertex 62.6 24 3
    endloop
  endfacet
  facet normal 0 0 1
    outer loop
      vertex 62.5971 24.0588 3
      vertex 73.5218 44.3877 3
      vertex 73.4689 44.5355 3
    endloop
  endfacet
  facet normal 0 0 1
    outer loop
      vertex 62.5885 23.8829 3
      vertex 76 28 3
      vertex 62.5971 23.9412 3
    endloop
  endfacet
  facet normal 0 -0 1
    outer loop
      vertex 62.6 24 3
      vertex 76 28 3
      vertex 62.5971 24.0588 3
    endloop
  endfacet
  facet normal 0 0 1
    outer loop
      vertex 62.5742 23.8258 3
      vertex 76 28 3
      vertex 62.5885 23.8829 3
    endloop
  endfacet
  facet normal 0 0 1
    outer loop
      vertex 73.985 43.7632 3
      vertex 62.5971 24.0588 3
      vertex 76 28 3
    endloop
  endfacet
  facet normal 0 0 1
    outer loop
      vertex 76 28 3
      vertex 62.5742 23.8258 3
      vertex 76 14 3
    endloop
  endfacet
  facet normal 0 0 1
    outer loop
      vertex 62.5971 24.0588 3
      vertex 73.4689 44.5355 3
      vertex 73.4307 44.6879 3
    endloop
  endfacet
  facet normal -0 0 1
    outer loop
      vertex 62.5742 16.1742 3
      vertex 76 14 3
      vertex 62.5742 23.8258 3
    endloop
  endfacet
  facet normal 0 0 1
    outer loop
      vertex 62.5971 24.0588 3
      vertex 73.4307 44.6879 3
      vertex 73.4077 44.8432 3
    endloop
  endfacet
  facet normal -0 -0 1
    outer loop
      vertex 62.5971 16.0588 3
      vertex 76 14 3
      vertex 62.5885 16.1171 3
    endloop
  endfacet
  facet normal 0 0 1
    outer loop
      vertex 62.5971 24.0588 3
      vertex 73.4 45 3
      vertex 72.7841 49.9615 3
    endloop
  endfacet
  facet normal 0 0 1
    outer loop
      vertex 73.4 45 3
      vertex 62.5971 24.0588 3
      vertex 73.4077 44.8432 3
    endloop
  endfacet
  facet normal -0 0 1
    outer loop
      vertex 76.4782 4.38771 3
      vertex 78.6517 3.55544 3
      vertex 76.5311 4.53554 3
    endloop
  endfacet
  facet normal 0 0 1
    outer loop
      vertex 78.6517 3.55544 3
      vertex 76.4782 4.38771 3
      vertex 78.1841 2.92485 3
    endloop
  endfacet
  facet normal -0 0 1
    outer loop
      vertex 76.4111 4.24576 3
      vertex 78.1841 2.92485 3
      vertex 76.4782 4.38771 3
    endloop
  endfacet
  facet normal -0 0 1
    outer loop
      vertex 76.3304 4.11109 3
      vertex 78.1841 2.92485 3
      vertex 76.4111 4.24576 3
    endloop
  endfacet
  facet normal -0 0 1
    outer loop
      vertex 76.2368 3.98497 3
      vertex 78.1841 2.92485 3
      vertex 76.3304 4.11109 3
    endloop
  endfacet
  facet normal 0 0 1
    outer loop
      vertex 78.1841 2.92485 3
      vertex 76.2368 3.98497 3
      vertex 77.6568 2.34314 3
    endloop
  endfacet
  facet normal -0 0 1
    outer loop
      vertex 76.1314 3.86863 3
      vertex 77.6568 2.34314 3
      vertex 76.2368 3.98497 3
    endloop
  endfacet
  facet normal -0 0 1
    outer loop
      vertex 76.015 3.76318 3
      vertex 77.6568 2.34314 3
      vertex 76.1314 3.86863 3
    endloop
  endfacet
  facet normal 0 0 1
    outer loop
      vertex 77.6568 2.34314 3
      vertex 76.015 3.76318 3
      vertex 77.0751 1.8159 3
    endloop
  endfacet
  facet normal -0 0 1
    outer loop
      vertex 75.8889 3.66965 3
      vertex 77.0751 1.8159 3
      vertex 76.015 3.76318 3
    endloop
  endfacet
  facet normal -0 0 1
    outer loop
      vertex 75.7542 3.58893 3
      vertex 77.0751 1.8159 3
      vertex 75.8889 3.66965 3
    endloop
  endfacet
  facet normal -0 0 1
    outer loop
      vertex 75.6123 3.52179 3
      vertex 77.0751 1.8159 3
      vertex 75.7542 3.58893 3
    endloop
  endfacet
  facet normal 0 0 1
    outer loop
      vertex 77.0751 1.8159 3
      vertex 75.6123 3.52179 3
      vertex 76.4445 1.34824 3
    endloop
  endfacet
  facet normal -0 0 1
    outer loop
      vertex 75.4645 3.46889 3
      vertex 76.4445 1.34824 3
      vertex 75.6123 3.52179 3
    endloop
  endfacet
  facet normal -0 0 1
    outer loop
      vertex 75.3121 3.43074 3
      vertex 76.4445 1.34824 3
      vertex 75.4645 3.46889 3
    endloop
  endfacet
  facet normal 0 0 1
    outer loop
      vertex 76.4445 1.34824 3
      vertex 75.3121 3.43074 3
      vertex 75.7712 0.944626 3
    endloop
  endfacet
  facet normal -0 0 1
    outer loop
      vertex 75.1568 3.4077 3
      vertex 75.7712 0.944626 3
      vertex 75.3121 3.43074 3
    endloop
  endfacet
  facet normal -0 0 1
    outer loop
      vertex 75 3.4 3
      vertex 75.7712 0.944626 3
      vertex 75.1568 3.4077 3
    endloop
  endfacet
  facet normal 0 0 1
    outer loop
      vertex 74.8432 3.4077 3
      vertex 75.7712 0.944626 3
      vertex 75 3.4 3
    endloop
  endfacet
  facet normal 0 0 1
    outer loop
      vertex 75.7712 0.944626 3
      vertex 74.8432 3.4077 3
      vertex 75.0615 0.608963 3
    endloop
  endfacet
  facet normal 0 0 1
    outer loop
      vertex 74.6879 3.43074 3
      vertex 75.0615 0.608963 3
      vertex 74.8432 3.4077 3
    endloop
  endfacet
  facet normal 0 0 1
    outer loop
      vertex 74.5355 3.46889 3
      vertex 75.0615 0.608963 3
      vertex 74.6879 3.43074 3
    endloop
  endfacet
  facet normal 0 0 1
    outer loop
      vertex 74.3223 0.344467 3
      vertex 74.5355 3.46889 3
      vertex 74.3877 3.52179 3
    endloop
  endfacet
  facet normal 0 0 1
    outer loop
      vertex 74.5355 3.46889 3
      vertex 74.3223 0.344467 3
      vertex 75.0615 0.608963 3
    endloop
  endfacet
  facet normal 0 0 1
    outer loop
      vertex 74.2458 3.58893 3
      vertex 74.3223 0.344467 3
      vertex 74.3877 3.52179 3
    endloop
  endfacet
  facet normal 0 0 1
    outer loop
      vertex 73.5607 0.153717 3
      vertex 74.2458 3.58893 3
      vertex 74.1111 3.66965 3
    endloop
  endfacet
  facet normal 0 0 1
    outer loop
      vertex 72.7841 0.0385132 3
      vertex 74.1111 3.66965 3
      vertex 73.985 3.76318 3
    endloop
  endfacet
  facet normal 0 0 1
    outer loop
      vertex 72.7841 0.0385132 3
      vertex 73.985 3.76318 3
      vertex 73.8686 3.86863 3
    endloop
  endfacet
  facet normal 0 0 1
    outer loop
      vertex 72 0 3
      vertex 73.8686 3.86863 3
      vertex 73.7632 3.98497 3
    endloop
  endfacet
  facet normal 0 0 1
    outer loop
      vertex 72 0 3
      vertex 73.7632 3.98497 3
      vertex 73.6696 4.11109 3
    endloop
  endfacet
  facet normal 0 0 1
    outer loop
      vertex 72 0 3
      vertex 73.6696 4.11109 3
      vertex 73.5889 4.24576 3
    endloop
  endfacet
  facet normal 0 0 1
    outer loop
      vertex 74.2458 3.58893 3
      vertex 73.5607 0.153717 3
      vertex 74.3223 0.344467 3
    endloop
  endfacet
  facet normal 0 0 1
    outer loop
      vertex 72 0 3
      vertex 73.5889 4.24576 3
      vertex 73.5218 4.38771 3
    endloop
  endfacet
  facet normal 0 0 1
    outer loop
      vertex 72 0 3
      vertex 73.5218 4.38771 3
      vertex 73.4689 4.53554 3
    endloop
  endfacet
  facet normal 0 0 1
    outer loop
      vertex 72 0 3
      vertex 73.4689 4.53554 3
      vertex 73.4307 4.68785 3
    endloop
  endfacet
  facet normal 0 0 1
    outer loop
      vertex 72 0 3
      vertex 73.4307 4.68785 3
      vertex 73.4077 4.84317 3
    endloop
  endfacet
  facet normal 0 0 1
    outer loop
      vertex 72 0 3
      vertex 73.4077 4.84317 3
      vertex 73.4 5 3
    endloop
  endfacet
  facet normal 0 0 1
    outer loop
      vertex 74.1111 3.66965 3
      vertex 72.7841 0.0385132 3
      vertex 73.5607 0.153717 3
    endloop
  endfacet
  facet normal -0 0 1
    outer loop
      vertex 62.5971 15.9412 3
      vertex 76 14 3
      vertex 62.6 16 3
    endloop
  endfacet
  facet normal 0 0 1
    outer loop
      vertex 62.3806 24.4638 3
      vertex 72.7841 49.9615 3
      vertex 72 50 3
    endloop
  endfacet
  facet normal -0 0 1
    outer loop
      vertex 62.5742 15.8258 3
      vertex 76 14 3
      vertex 62.5885 15.8829 3
    endloop
  endfacet
  facet normal -0 0 1
    outer loop
      vertex 62.4989 15.6667 3
      vertex 76 14 3
      vertex 62.5292 15.7172 3
    endloop
  endfacet
  facet normal -0 0 1
    outer loop
      vertex 62.5885 15.8829 3
      vertex 76 14 3
      vertex 62.5971 15.9412 3
    endloop
  endfacet
  facet normal 0 0 1
    outer loop
      vertex 72.7841 49.9615 3
      vertex 62.5885 24.1171 3
      vertex 62.5971 24.0588 3
    endloop
  endfacet
  facet normal 0 0 1
    outer loop
      vertex 72.7841 49.9615 3
      vertex 62.5742 24.1742 3
      vertex 62.5885 24.1171 3
    endloop
  endfacet
  facet normal 0 0 1
    outer loop
      vertex 72.7841 49.9615 3
      vertex 62.5543 24.2296 3
      vertex 62.5742 24.1742 3
    endloop
  endfacet
  facet normal 0 0 1
    outer loop
      vertex 72.7841 49.9615 3
      vertex 62.5292 24.2828 3
      vertex 62.5543 24.2296 3
    endloop
  endfacet
  facet normal 0 0 1
    outer loop
      vertex 72.7841 49.9615 3
      vertex 62.4989 24.3333 3
      vertex 62.5292 24.2828 3
    endloop
  endfacet
  facet normal 0 0 1
    outer loop
      vertex 72.7841 49.9615 3
      vertex 62.4638 24.3806 3
      vertex 62.4989 24.3333 3
    endloop
  endfacet
  facet normal 0 0 1
    outer loop
      vertex 72.7841 49.9615 3
      vertex 62.4243 24.4243 3
      vertex 62.4638 24.3806 3
    endloop
  endfacet
  facet normal 0 0 1
    outer loop
      vertex 72.7841 49.9615 3
      vertex 62.3806 24.4638 3
      vertex 62.4243 24.4243 3
    endloop
  endfacet
  facet normal 0 0 1
    outer loop
      vertex 72 50 3
      vertex 62.3333 24.4989 3
      vertex 62.3806 24.4638 3
    endloop
  endfacet
  facet normal 0 0 1
    outer loop
      vertex 72 50 3
      vertex 62.2828 24.5292 3
      vertex 62.3333 24.4989 3
    endloop
  endfacet
  facet normal 0 0 1
    outer loop
      vertex 72 50 3
      vertex 62.2296 24.5543 3
      vertex 62.2828 24.5292 3
    endloop
  endfacet
  facet normal 0 0 1
    outer loop
      vertex 72 50 3
      vertex 62.1742 24.5742 3
      vertex 62.2296 24.5543 3
    endloop
  endfacet
  facet normal 0 0 1
    outer loop
      vertex 72 50 3
      vertex 62.1171 24.5885 3
      vertex 62.1742 24.5742 3
    endloop
  endfacet
  facet normal 0 0 1
    outer loop
      vertex 72 50 3
      vertex 62.0588 24.5971 3
      vertex 62.1171 24.5885 3
    endloop
  endfacet
  facet normal 0 0 1
    outer loop
      vertex 72 50 3
      vertex 62 24.6 3
      vertex 62.0588 24.5971 3
    endloop
  endfacet
  facet normal 0 0 1
    outer loop
      vertex 72 50 3
      vertex 61.9412 24.5971 3
      vertex 62 24.6 3
    endloop
  endfacet
  facet normal 0 0 1
    outer loop
      vertex 72 50 3
      vertex 61.8829 24.5885 3
      vertex 61.9412 24.5971 3
    endloop
  endfacet
  facet normal 0 0 1
    outer loop
      vertex 54.1171 24.5885 3
      vertex 61.8829 24.5885 3
      vertex 72 50 3
    endloop
  endfacet
  facet normal 0 0 1
    outer loop
      vertex 61.8829 24.5885 3
      vertex 54.1171 24.5885 3
      vertex 61.8258 24.5742 3
    endloop
  endfacet
  facet normal 0 -0 1
    outer loop
      vertex 54.1742 24.5742 3
      vertex 61.8258 24.5742 3
      vertex 54.1171 24.5885 3
    endloop
  endfacet
  facet normal 0 -0 1
    outer loop
      vertex 54.2296 24.5543 3
      vertex 61.7704 24.5543 3
      vertex 54.1742 24.5742 3
    endloop
  endfacet
  facet normal 0 0 1
    outer loop
      vertex 61.7704 24.5543 3
      vertex 54.2296 24.5543 3
      vertex 61.7172 24.5292 3
    endloop
  endfacet
  facet normal 0 -0 1
    outer loop
      vertex 54.2828 24.5292 3
      vertex 61.7172 24.5292 3
      vertex 54.2296 24.5543 3
    endloop
  endfacet
  facet normal 0 0 1
    outer loop
      vertex 61.7172 24.5292 3
      vertex 54.2828 24.5292 3
      vertex 61.6667 24.4989 3
    endloop
  endfacet
  facet normal 0 -0 1
    outer loop
      vertex 54.3333 24.4989 3
      vertex 61.6667 24.4989 3
      vertex 54.2828 24.5292 3
    endloop
  endfacet
  facet normal 0 0 1
    outer loop
      vertex 61.6667 24.4989 3
      vertex 54.3333 24.4989 3
      vertex 61.6194 24.4638 3
    endloop
  endfacet
  facet normal 0 -0 1
    outer loop
      vertex 54.3806 24.4638 3
      vertex 61.6194 24.4638 3
      vertex 54.3333 24.4989 3
    endloop
  endfacet
  facet normal 0 0 1
    outer loop
      vertex 61.5757 23.5757 3
      vertex 54.4243 23.5757 3
      vertex 61.5757 16.4243 3
    endloop
  endfacet
  facet normal 0 0 1
    outer loop
      vertex 61.4029 24.0588 3
      vertex 54.6 24 3
      vertex 61.4 24 3
    endloop
  endfacet
  facet normal 0 0 1
    outer loop
      vertex 54.5971 24.0588 3
      vertex 61.4029 24.0588 3
      vertex 61.4115 24.1171 3
    endloop
  endfacet
  facet normal 0 0 1
    outer loop
      vertex 54.5885 24.1171 3
      vertex 61.4115 24.1171 3
      vertex 61.4258 24.1742 3
    endloop
  endfacet
  facet normal 0 0 1
    outer loop
      vertex 54.5742 24.1742 3
      vertex 61.4258 24.1742 3
      vertex 61.4457 24.2296 3
    endloop
  endfacet
  facet normal 0 0 1
    outer loop
      vertex 61.6194 24.4638 3
      vertex 54.3806 24.4638 3
      vertex 61.5757 24.4243 3
    endloop
  endfacet
  facet normal 0 0 1
    outer loop
      vertex 61.4029 24.0588 3
      vertex 54.5971 24.0588 3
      vertex 54.6 24 3
    endloop
  endfacet
  facet normal 0 0 1
    outer loop
      vertex 61.4115 24.1171 3
      vertex 54.5885 24.1171 3
      vertex 54.5971 24.0588 3
    endloop
  endfacet
  facet normal 0 0 1
    outer loop
      vertex 61.4258 24.1742 3
      vertex 54.5742 24.1742 3
      vertex 54.5885 24.1171 3
    endloop
  endfacet
  facet normal 0 0 1
    outer loop
      vertex 61.4457 24.2296 3
      vertex 54.5543 24.2296 3
      vertex 54.5742 24.1742 3
    endloop
  endfacet
  facet normal 0 0 1
    outer loop
      vertex 61.4457 24.2296 3
      vertex 54.5292 24.2828 3
      vertex 54.5543 24.2296 3
    endloop
  endfacet
  facet normal 0 0 1
    outer loop
      vertex 61.4708 24.2828 3
      vertex 54.5292 24.2828 3
      vertex 61.4457 24.2296 3
    endloop
  endfacet
  facet normal 0 -0 1
    outer loop
      vertex 54.5292 24.2828 3
      vertex 61.4708 24.2828 3
      vertex 54.4989 24.3333 3
    endloop
  endfacet
  facet normal 0 0 1
    outer loop
      vertex 61.5011 24.3333 3
      vertex 54.4989 24.3333 3
      vertex 61.4708 24.2828 3
    endloop
  endfacet
  facet normal 0 -0 1
    outer loop
      vertex 54.4989 24.3333 3
      vertex 61.5011 24.3333 3
      vertex 54.4638 24.3806 3
    endloop
  endfacet
  facet normal 0 0 1
    outer loop
      vertex 61.5362 24.3806 3
      vertex 54.4638 24.3806 3
      vertex 61.5011 24.3333 3
    endloop
  endfacet
  facet normal 0 -0 1
    outer loop
      vertex 54.4638 24.3806 3
      vertex 61.5362 24.3806 3
      vertex 54.4243 24.4243 3
    endloop
  endfacet
  facet normal 0 0 1
    outer loop
      vertex 61.5757 24.4243 3
      vertex 54.4243 24.4243 3
      vertex 61.5362 24.3806 3
    endloop
  endfacet
  facet normal 0 -0 1
    outer loop
      vertex 54.4243 24.4243 3
      vertex 61.5757 24.4243 3
      vertex 54.3806 24.4638 3
    endloop
  endfacet
  facet normal 0 0 1
    outer loop
      vertex 61.8258 24.5742 3
      vertex 54.1742 24.5742 3
      vertex 61.7704 24.5543 3
    endloop
  endfacet
  facet normal 0 0 1
    outer loop
      vertex 72 50 3
      vertex 54.0588 24.5971 3
      vertex 54.1171 24.5885 3
    endloop
  endfacet
  facet normal 0 0 1
    outer loop
      vertex 72 50 3
      vertex 54 24.6 3
      vertex 54.0588 24.5971 3
    endloop
  endfacet
  facet normal 0 0 1
    outer loop
      vertex 72 50 3
      vertex 53.9412 24.5971 3
      vertex 54 24.6 3
    endloop
  endfacet
  facet normal 0 0 1
    outer loop
      vertex 72 50 3
      vertex 53.8829 24.5885 3
      vertex 53.9412 24.5971 3
    endloop
  endfacet
  facet normal 0 0 1
    outer loop
      vertex 72 50 3
      vertex 53.8258 24.5742 3
      vertex 53.8829 24.5885 3
    endloop
  endfacet
  facet normal 0 0 1
    outer loop
      vertex 72 50 3
      vertex 53.7704 24.5543 3
      vertex 53.8258 24.5742 3
    endloop
  endfacet
  facet normal 0 0 1
    outer loop
      vertex 72 50 3
      vertex 53.7172 24.5292 3
      vertex 53.7704 24.5543 3
    endloop
  endfacet
  facet normal 0 0 1
    outer loop
      vertex 26.2828 24.5292 3
      vertex 53.7172 24.5292 3
      vertex 72 50 3
    endloop
  endfacet
  facet normal 0 0 1
    outer loop
      vertex 53.7172 24.5292 3
      vertex 26.2828 24.5292 3
      vertex 53.6667 24.4989 3
    endloop
  endfacet
  facet normal 0 -0 1
    outer loop
      vertex 26.3333 24.4989 3
      vertex 53.6667 24.4989 3
      vertex 26.2828 24.5292 3
    endloop
  endfacet
  facet normal 0 0 1
    outer loop
      vertex 53.6667 24.4989 3
      vertex 26.3333 24.4989 3
      vertex 53.6194 24.4638 3
    endloop
  endfacet
  facet normal 0 -0 1
    outer loop
      vertex 26.3806 24.4638 3
      vertex 53.6194 24.4638 3
      vertex 26.3333 24.4989 3
    endloop
  endfacet
  facet normal 0 0 1
    outer loop
      vertex 53.4258 23.8258 3
      vertex 26.5742 23.8258 3
      vertex 53.4258 16.1742 3
    endloop
  endfacet
  facet normal 0 0 1
    outer loop
      vertex 53.4029 24.0588 3
      vertex 26.6 24 3
      vertex 53.4 24 3
    endloop
  endfacet
  facet normal 0 0 1
    outer loop
      vertex 26.5971 24.0588 3
      vertex 53.4029 24.0588 3
      vertex 53.4115 24.1171 3
    endloop
  endfacet
  facet normal 0 0 1
    outer loop
      vertex 26.5885 24.1171 3
      vertex 53.4115 24.1171 3
      vertex 53.4258 24.1742 3
    endloop
  endfacet
  facet normal 0 0 1
    outer loop
      vertex 26.5742 24.1742 3
      vertex 53.4258 24.1742 3
      vertex 53.4457 24.2296 3
    endloop
  endfacet
  facet normal 0 0 1
    outer loop
      vertex 26.5543 24.2296 3
      vertex 53.4457 24.2296 3
      vertex 53.4708 24.2828 3
    endloop
  endfacet
  facet normal 0 0 1
    outer loop
      vertex 26.5292 24.2828 3
      vertex 53.4708 24.2828 3
      vertex 53.5011 24.3333 3
    endloop
  endfacet
  facet normal 0 0 1
    outer loop
      vertex 53.6194 24.4638 3
      vertex 26.3806 24.4638 3
      vertex 53.5757 24.4243 3
    endloop
  endfacet
  facet normal 0 0 1
    outer loop
      vertex 53.4029 24.0588 3
      vertex 26.5971 24.0588 3
      vertex 26.6 24 3
    endloop
  endfacet
  facet normal 0 0 1
    outer loop
      vertex 53.4115 24.1171 3
      vertex 26.5885 24.1171 3
      vertex 26.5971 24.0588 3
    endloop
  endfacet
  facet normal 0 0 1
    outer loop
      vertex 53.4258 24.1742 3
      vertex 26.5742 24.1742 3
      vertex 26.5885 24.1171 3
    endloop
  endfacet
  facet normal 0 0 1
    outer loop
      vertex 53.4457 24.2296 3
      vertex 26.5543 24.2296 3
      vertex 26.5742 24.1742 3
    endloop
  endfacet
  facet normal 0 0 1
    outer loop
      vertex 53.4708 24.2828 3
      vertex 26.5292 24.2828 3
      vertex 26.5543 24.2296 3
    endloop
  endfacet
  facet normal 0 0 1
    outer loop
      vertex 53.5011 24.3333 3
      vertex 26.4989 24.3333 3
      vertex 26.5292 24.2828 3
    endloop
  endfacet
  facet normal 0 0 1
    outer loop
      vertex 53.5011 24.3333 3
      vertex 26.4638 24.3806 3
      vertex 26.4989 24.3333 3
    endloop
  endfacet
  facet normal 0 0 1
    outer loop
      vertex 53.5362 24.3806 3
      vertex 26.4638 24.3806 3
      vertex 53.5011 24.3333 3
    endloop
  endfacet
  facet normal 0 -0 1
    outer loop
      vertex 26.4638 24.3806 3
      vertex 53.5362 24.3806 3
      vertex 26.4243 24.4243 3
    endloop
  endfacet
  facet normal 0 0 1
    outer loop
      vertex 53.5757 24.4243 3
      vertex 26.4243 24.4243 3
      vertex 53.5362 24.3806 3
    endloop
  endfacet
  facet normal 0 -0 1
    outer loop
      vertex 26.4243 24.4243 3
      vertex 53.5757 24.4243 3
      vertex 26.3806 24.4638 3
    endloop
  endfacet
  facet normal 0 0 1
    outer loop
      vertex 72 50 3
      vertex 26.2296 24.5543 3
      vertex 26.2828 24.5292 3
    endloop
  endfacet
  facet normal -0 0 1
    outer loop
      vertex 8 50 3
      vertex 26.2296 24.5543 3
      vertex 72 50 3
    endloop
  endfacet
  facet normal 0 0 1
    outer loop
      vertex 26.2296 24.5543 3
      vertex 8 50 3
      vertex 26.1742 24.5742 3
    endloop
  endfacet
  facet normal 0 0 1
    outer loop
      vertex 26.1742 24.5742 3
      vertex 8 50 3
      vertex 26.1171 24.5885 3
    endloop
  endfacet
  facet normal 0 0 1
    outer loop
      vertex 26.1171 24.5885 3
      vertex 8 50 3
      vertex 26.0588 24.5971 3
    endloop
  endfacet
  facet normal 0 0 1
    outer loop
      vertex 26.0588 24.5971 3
      vertex 8 50 3
      vertex 26 24.6 3
    endloop
  endfacet
  facet normal 0 0 1
    outer loop
      vertex 26 24.6 3
      vertex 8 50 3
      vertex 25.9412 24.5971 3
    endloop
  endfacet
  facet normal -0 0 1
    outer loop
      vertex 6.59229 44.8432 3
      vertex 25.9412 24.5971 3
      vertex 8 50 3
    endloop
  endfacet
  facet normal -0 0 1
    outer loop
      vertex 6.56926 44.6879 3
      vertex 25.9412 24.5971 3
      vertex 6.59229 44.8432 3
    endloop
  endfacet
  facet normal 0 0 1
    outer loop
      vertex 25.9412 24.5971 3
      vertex 6.56926 44.6879 3
      vertex 25.8829 24.5885 3
    endloop
  endfacet
  facet normal 0 0 1
    outer loop
      vertex 25.5757 23.5757 3
      vertex 18.4243 23.5757 3
      vertex 25.5757 16.4243 3
    endloop
  endfacet
  facet normal 0 0 1
    outer loop
      vertex 25.4029 24.0588 3
      vertex 18.6 24 3
      vertex 25.4 24 3
    endloop
  endfacet
  facet normal 0 0 1
    outer loop
      vertex 18.5971 24.0588 3
      vertex 25.4029 24.0588 3
      vertex 25.4115 24.1171 3
    endloop
  endfacet
  facet normal 0 0 1
    outer loop
      vertex 18.5885 24.1171 3
      vertex 25.4115 24.1171 3
      vertex 25.4258 24.1742 3
    endloop
  endfacet
  facet normal 0 0 1
    outer loop
      vertex 18.5742 24.1742 3
      vertex 25.4258 24.1742 3
      vertex 25.4457 24.2296 3
    endloop
  endfacet
  facet normal 0 0 1
    outer loop
      vertex 18.5543 24.2296 3
      vertex 25.4457 24.2296 3
      vertex 25.4708 24.2828 3
    endloop
  endfacet
  facet normal 0 0 1
    outer loop
      vertex 18.5292 24.2828 3
      vertex 25.4708 24.2828 3
      vertex 25.5011 24.3333 3
    endloop
  endfacet
  facet normal 0 0 1
    outer loop
      vertex 18.4989 24.3333 3
      vertex 25.5011 24.3333 3
      vertex 25.5362 24.3806 3
    endloop
  endfacet
  facet normal 0 0 1
    outer loop
      vertex 18.4638 24.3806 3
      vertex 25.5362 24.3806 3
      vertex 25.5757 24.4243 3
    endloop
  endfacet
  facet normal 0 0 1
    outer loop
      vertex 18.4243 24.4243 3
      vertex 25.5757 24.4243 3
      vertex 25.6194 24.4638 3
    endloop
  endfacet
  facet normal 0 0 1
    outer loop
      vertex 18.3806 24.4638 3
      vertex 25.6194 24.4638 3
      vertex 25.6667 24.4989 3
    endloop
  endfacet
  facet normal 0 0 1
    outer loop
      vertex 18.3333 24.4989 3
      vertex 25.6667 24.4989 3
      vertex 25.7172 24.5292 3
    endloop
  endfacet
  facet normal -0 0 1
    outer loop
      vertex 6.5311 44.5355 3
      vertex 25.8829 24.5885 3
      vertex 6.56926 44.6879 3
    endloop
  endfacet
  facet normal 0 0 1
    outer loop
      vertex 25.4029 24.0588 3
      vertex 18.5971 24.0588 3
      vertex 18.6 24 3
    endloop
  endfacet
  facet normal 0 0 1
    outer loop
      vertex 25.4115 24.1171 3
      vertex 18.5885 24.1171 3
      vertex 18.5971 24.0588 3
    endloop
  endfacet
  facet normal 0 0 1
    outer loop
      vertex 25.4258 24.1742 3
      vertex 18.5742 24.1742 3
      vertex 18.5885 24.1171 3
    endloop
  endfacet
  facet normal 0 0 1
    outer loop
      vertex 25.4457 24.2296 3
      vertex 18.5543 24.2296 3
      vertex 18.5742 24.1742 3
    endloop
  endfacet
  facet normal 0 0 1
    outer loop
      vertex 25.4708 24.2828 3
      vertex 18.5292 24.2828 3
      vertex 18.5543 24.2296 3
    endloop
  endfacet
  facet normal 0 0 1
    outer loop
      vertex 25.5011 24.3333 3
      vertex 18.4989 24.3333 3
      vertex 18.5292 24.2828 3
    endloop
  endfacet
  facet normal 0 0 1
    outer loop
      vertex 25.5362 24.3806 3
      vertex 18.4638 24.3806 3
      vertex 18.4989 24.3333 3
    endloop
  endfacet
  facet normal 0 0 1
    outer loop
      vertex 25.5757 24.4243 3
      vertex 18.4243 24.4243 3
      vertex 18.4638 24.3806 3
    endloop
  endfacet
  facet normal 0 0 1
    outer loop
      vertex 25.6194 24.4638 3
      vertex 18.3806 24.4638 3
      vertex 18.4243 24.4243 3
    endloop
  endfacet
  facet normal 0 0 1
    outer loop
      vertex 25.8829 24.5885 3
      vertex 6.5311 44.5355 3
      vertex 25.8258 24.5742 3
    endloop
  endfacet
  facet normal 0 0 1
    outer loop
      vertex 25.6667 24.4989 3
      vertex 18.3333 24.4989 3
      vertex 18.3806 24.4638 3
    endloop
  endfacet
  facet normal 0 0 1
    outer loop
      vertex 25.7172 24.5292 3
      vertex 18.2828 24.5292 3
      vertex 18.3333 24.4989 3
    endloop
  endfacet
  facet normal 0 0 1
    outer loop
      vertex 25.7172 24.5292 3
      vertex 18.2296 24.5543 3
      vertex 18.2828 24.5292 3
    endloop
  endfacet
  facet normal 0 -0 1
    outer loop
      vertex 18.1742 24.5742 3
      vertex 25.8258 24.5742 3
      vertex 6.5311 44.5355 3
    endloop
  endfacet
  facet normal 0 0 1
    outer loop
      vertex 25.8258 24.5742 3
      vertex 18.1742 24.5742 3
      vertex 25.7704 24.5543 3
    endloop
  endfacet
  facet normal 0 0 1
    outer loop
      vertex 25.7704 24.5543 3
      vertex 18.2296 24.5543 3
      vertex 25.7172 24.5292 3
    endloop
  endfacet
  facet normal 0 -0 1
    outer loop
      vertex 18.2296 24.5543 3
      vertex 25.7704 24.5543 3
      vertex 18.1742 24.5742 3
    endloop
  endfacet
  facet normal 0 0 1
    outer loop
      vertex 18.1742 24.5742 3
      vertex 6.5311 44.5355 3
      vertex 18.1171 24.5885 3
    endloop
  endfacet
  facet normal -0 0 1
    outer loop
      vertex 6.47821 44.3877 3
      vertex 18.1171 24.5885 3
      vertex 6.5311 44.5355 3
    endloop
  endfacet
  facet normal 0 0 1
    outer loop
      vertex 18.1171 24.5885 3
      vertex 6.47821 44.3877 3
      vertex 18.0588 24.5971 3
    endloop
  endfacet
  facet normal 0 0 1
    outer loop
      vertex 17.6194 24.4638 3
      vertex 5.61229 43.5218 3
      vertex 17.5757 24.4243 3
    endloop
  endfacet
  facet normal -0 0 1
    outer loop
      vertex 5.75423 43.5889 3
      vertex 17.6667 24.4989 3
      vertex 5.88891 43.6696 3
    endloop
  endfacet
  facet normal 0 0 1
    outer loop
      vertex 17.7172 24.5292 3
      vertex 5.88891 43.6696 3
      vertex 17.6667 24.4989 3
    endloop
  endfacet
  facet normal -0 0 1
    outer loop
      vertex 5.88891 43.6696 3
      vertex 17.7172 24.5292 3
      vertex 6.01503 43.7632 3
    endloop
  endfacet
  facet normal 0 0 1
    outer loop
      vertex 17.7704 24.5543 3
      vertex 6.01503 43.7632 3
      vertex 17.7172 24.5292 3
    endloop
  endfacet
  facet normal -0 0 1
    outer loop
      vertex 6.01503 43.7632 3
      vertex 17.7704 24.5543 3
      vertex 6.13137 43.8686 3
    endloop
  endfacet
  facet normal 0 0 1
    outer loop
      vertex 17.8258 24.5742 3
      vertex 6.13137 43.8686 3
      vertex 17.7704 24.5543 3
    endloop
  endfacet
  facet normal -0 0 1
    outer loop
      vertex 6.13137 43.8686 3
      vertex 17.8258 24.5742 3
      vertex 6.23682 43.985 3
    endloop
  endfacet
  facet normal 0 0 1
    outer loop
      vertex 17.8829 24.5885 3
      vertex 6.23682 43.985 3
      vertex 17.8258 24.5742 3
    endloop
  endfacet
  facet normal -0 0 1
    outer loop
      vertex 6.23682 43.985 3
      vertex 17.8829 24.5885 3
      vertex 6.33035 44.1111 3
    endloop
  endfacet
  facet normal 0 0 1
    outer loop
      vertex 17.9412 24.5971 3
      vertex 6.33035 44.1111 3
      vertex 17.8829 24.5885 3
    endloop
  endfacet
  facet normal 0 0 1
    outer loop
      vertex 18 24.6 3
      vertex 6.33035 44.1111 3
      vertex 17.9412 24.5971 3
    endloop
  endfacet
  facet normal -0 0 1
    outer loop
      vertex 6.33035 44.1111 3
      vertex 18 24.6 3
      vertex 6.41107 44.2458 3
    endloop
  endfacet
  facet normal -0 0 1
    outer loop
      vertex 6.41107 44.2458 3
      vertex 18.0588 24.5971 3
      vertex 6.47821 44.3877 3
    endloop
  endfacet
  facet normal -0 0 1
    outer loop
      vertex 5.46445 43.4689 3
      vertex 17.5757 24.4243 3
      vertex 5.61229 43.5218 3
    endloop
  endfacet
  facet normal 0 0 1
    outer loop
      vertex 17.4 16 3
      vertex 6.59229 5.15683 3
      vertex 6.6 5 3
    endloop
  endfacet
  facet normal 0 0 1
    outer loop
      vertex 17.5757 24.4243 3
      vertex 5.46445 43.4689 3
      vertex 17.5362 24.3806 3
    endloop
  endfacet
  facet normal 0 0 1
    outer loop
      vertex 17.4 16 3
      vertex 6.56926 5.31214 3
      vertex 6.59229 5.15683 3
    endloop
  endfacet
  facet normal -0 0 1
    outer loop
      vertex 5.31214 43.4307 3
      vertex 17.5362 24.3806 3
      vertex 5.46445 43.4689 3
    endloop
  endfacet
  facet normal 0 0 1
    outer loop
      vertex 17.4 16 3
      vertex 6.5311 5.46445 3
      vertex 6.56926 5.31214 3
    endloop
  endfacet
  facet normal 0 0 1
    outer loop
      vertex 17.5362 24.3806 3
      vertex 5.31214 43.4307 3
      vertex 17.5011 24.3333 3
    endloop
  endfacet
  facet normal 0 0 1
    outer loop
      vertex 17.4 16 3
      vertex 6.47821 5.61229 3
      vertex 6.5311 5.46445 3
    endloop
  endfacet
  facet normal -0 0 1
    outer loop
      vertex 5.15683 43.4077 3
      vertex 17.5011 24.3333 3
      vertex 5.31214 43.4307 3
    endloop
  endfacet
  facet normal 0 0 1
    outer loop
      vertex 17.4 16 3
      vertex 6.41107 5.75423 3
      vertex 6.47821 5.61229 3
    endloop
  endfacet
  facet normal 0 0 1
    outer loop
      vertex 17.5011 24.3333 3
      vertex 5.15683 43.4077 3
      vertex 17.4708 24.2828 3
    endloop
  endfacet
  facet normal 0 0 1
    outer loop
      vertex 17.4 16 3
      vertex 6.33035 5.88891 3
      vertex 6.41107 5.75423 3
    endloop
  endfacet
  facet normal -0 0 1
    outer loop
      vertex 0 42 3
      vertex 17.4708 24.2828 3
      vertex 5.15683 43.4077 3
    endloop
  endfacet
  facet normal 0 0 1
    outer loop
      vertex 17.4 16 3
      vertex 6.23682 6.01503 3
      vertex 6.33035 5.88891 3
    endloop
  endfacet
  facet normal 0 0 1
    outer loop
      vertex 17.4708 24.2828 3
      vertex 0 42 3
      vertex 17.4457 24.2296 3
    endloop
  endfacet
  facet normal 0 0 1
    outer loop
      vertex 17.4 16 3
      vertex 6.13137 6.13137 3
      vertex 6.23682 6.01503 3
    endloop
  endfacet
  facet normal 0 0 1
    outer loop
      vertex 17.4457 24.2296 3
      vertex 0 42 3
      vertex 17.4258 24.1742 3
    endloop
  endfacet
  facet normal 0 0 1
    outer loop
      vertex 17.4 16 3
      vertex 6.01503 6.23682 3
      vertex 6.13137 6.13137 3
    endloop
  endfacet
  facet normal 0 0 1
    outer loop
      vertex 17.4258 24.1742 3
      vertex 0 42 3
      vertex 17.4115 24.1171 3
    endloop
  endfacet
  facet normal 0 0 1
    outer loop
      vertex 17.4 16 3
      vertex 5.88891 6.33035 3
      vertex 6.01503 6.23682 3
    endloop
  endfacet
  facet normal 0 0 1
    outer loop
      vertex 17.4115 24.1171 3
      vertex 0 42 3
      vertex 17.4029 24.0588 3
    endloop
  endfacet
  facet normal 0 0 1
    outer loop
      vertex 17.4 16 3
      vertex 5.75423 6.41107 3
      vertex 5.88891 6.33035 3
    endloop
  endfacet
  facet normal 0 0 1
    outer loop
      vertex 17.4029 24.0588 3
      vertex 0 42 3
      vertex 17.4 24 3
    endloop
  endfacet
  facet normal 0 0 1
    outer loop
      vertex 17.4 16 3
      vertex 5.61229 6.47821 3
      vertex 5.75423 6.41107 3
    endloop
  endfacet
  facet normal 0 0 1
    outer loop
      vertex 0 8 3
      vertex 17.4 24 3
      vertex 0 42 3
    endloop
  endfacet
  facet normal 0 0 1
    outer loop
      vertex 17.4 16 3
      vertex 5.46445 6.5311 3
      vertex 5.61229 6.47821 3
    endloop
  endfacet
  facet normal 0 0 1
    outer loop
      vertex 17.4 24 3
      vertex 0 8 3
      vertex 17.4029 23.9412 3
    endloop
  endfacet
  facet normal 0 0 1
    outer loop
      vertex 17.4 16 3
      vertex 5.31214 6.56926 3
      vertex 5.46445 6.5311 3
    endloop
  endfacet
  facet normal 0 0 1
    outer loop
      vertex 17.4029 23.9412 3
      vertex 0 8 3
      vertex 17.4029 16.0588 3
    endloop
  endfacet
  facet normal 0 0 1
    outer loop
      vertex 17.4029 16.0588 3
      vertex 5.31214 6.56926 3
      vertex 17.4 16 3
    endloop
  endfacet
  facet normal 0 0 1
    outer loop
      vertex 0 42 3
      vertex 5.15683 43.4077 3
      vertex 5 43.4 3
    endloop
  endfacet
  facet normal 0 -0 1
    outer loop
      vertex 5.15683 6.59229 3
      vertex 17.4029 16.0588 3
      vertex 0 8 3
    endloop
  endfacet
  facet normal 0 0 1
    outer loop
      vertex 0 42 3
      vertex 5 43.4 3
      vertex 4.84317 43.4077 3
    endloop
  endfacet
  facet normal 0 -0 1
    outer loop
      vertex 5.31214 6.56926 3
      vertex 17.4029 16.0588 3
      vertex 5.15683 6.59229 3
    endloop
  endfacet
  facet normal 0 0 1
    outer loop
      vertex 0 42 3
      vertex 4.84317 43.4077 3
      vertex 4.68785 43.4307 3
    endloop
  endfacet
  facet normal 0 0 1
    outer loop
      vertex 5.15683 6.59229 3
      vertex 0 8 3
      vertex 5 6.6 3
    endloop
  endfacet
  facet normal 0 0 1
    outer loop
      vertex 0 42 3
      vertex 4.68785 43.4307 3
      vertex 4.53554 43.4689 3
    endloop
  endfacet
  facet normal 0 0 1
    outer loop
      vertex 5 6.6 3
      vertex 0 8 3
      vertex 4.84317 6.59229 3
    endloop
  endfacet
  facet normal 0 0 1
    outer loop
      vertex 0 42 3
      vertex 4.53554 43.4689 3
      vertex 4.38771 43.5218 3
    endloop
  endfacet
  facet normal 0 0 1
    outer loop
      vertex 4.84317 6.59229 3
      vertex 0 8 3
      vertex 4.68785 6.56926 3
    endloop
  endfacet
  facet normal 0 0 1
    outer loop
      vertex 0 42 3
      vertex 4.38771 43.5218 3
      vertex 4.24576 43.5889 3
    endloop
  endfacet
  facet normal 0 0 1
    outer loop
      vertex 4.68785 6.56926 3
      vertex 0 8 3
      vertex 4.53554 6.5311 3
    endloop
  endfacet
  facet normal 0 0 1
    outer loop
      vertex 0 42 3
      vertex 4.24576 43.5889 3
      vertex 4.11109 43.6696 3
    endloop
  endfacet
  facet normal 0 0 1
    outer loop
      vertex 4.53554 6.5311 3
      vertex 0 8 3
      vertex 4.38771 6.47821 3
    endloop
  endfacet
  facet normal 0 0 1
    outer loop
      vertex 0 42 3
      vertex 4.11109 43.6696 3
      vertex 3.98497 43.7632 3
    endloop
  endfacet
  facet normal 0 0 1
    outer loop
      vertex 4.38771 6.47821 3
      vertex 0 8 3
      vertex 4.24576 6.41107 3
    endloop
  endfacet
  facet normal 0 0 1
    outer loop
      vertex 0 42 3
      vertex 3.98497 43.7632 3
      vertex 3.86863 43.8686 3
    endloop
  endfacet
  facet normal 0 0 1
    outer loop
      vertex 4.24576 6.41107 3
      vertex 0 8 3
      vertex 4.11109 6.33035 3
    endloop
  endfacet
  facet normal 0 0 1
    outer loop
      vertex 0 42 3
      vertex 3.86863 43.8686 3
      vertex 3.76318 43.985 3
    endloop
  endfacet
  facet normal 0 0 1
    outer loop
      vertex 4.11109 6.33035 3
      vertex 0 8 3
      vertex 3.98497 6.23682 3
    endloop
  endfacet
  facet normal 0 0 1
    outer loop
      vertex 0 42 3
      vertex 3.76318 43.985 3
      vertex 3.66965 44.1111 3
    endloop
  endfacet
  facet normal 0 0 1
    outer loop
      vertex 3.98497 6.23682 3
      vertex 0 8 3
      vertex 3.86863 6.13137 3
    endloop
  endfacet
  facet normal 0 0 1
    outer loop
      vertex 0 42 3
      vertex 3.66965 44.1111 3
      vertex 3.58893 44.2458 3
    endloop
  endfacet
  facet normal -0 -0 1
    outer loop
      vertex 0.0385132 7.21585 3
      vertex 3.86863 6.13137 3
      vertex 0 8 3
    endloop
  endfacet
  facet normal 0 0 1
    outer loop
      vertex 0 42 3
      vertex 3.58893 44.2458 3
      vertex 3.52179 44.3877 3
    endloop
  endfacet
  facet normal 0 0 1
    outer loop
      vertex 3.86863 6.13137 3
      vertex 0.0385132 7.21585 3
      vertex 3.76318 6.01503 3
    endloop
  endfacet
  facet normal 0 0 1
    outer loop
      vertex 0 42 3
      vertex 3.52179 44.3877 3
      vertex 3.46889 44.5355 3
    endloop
  endfacet
  facet normal 0 0 1
    outer loop
      vertex 3.76318 6.01503 3
      vertex 0.0385132 7.21585 3
      vertex 3.66965 5.88891 3
    endloop
  endfacet
  facet normal 0 0 1
    outer loop
      vertex 0 42 3
      vertex 3.46889 44.5355 3
      vertex 3.43074 44.6879 3
    endloop
  endfacet
  facet normal -0 -0 1
    outer loop
      vertex 0.153717 6.43927 3
      vertex 3.66965 5.88891 3
      vertex 0.0385132 7.21585 3
    endloop
  endfacet
  facet normal 0 0 1
    outer loop
      vertex 0 42 3
      vertex 3.43074 44.6879 3
      vertex 3.4077 44.8432 3
    endloop
  endfacet
  facet normal 0 0 1
    outer loop
      vertex 3.66965 5.88891 3
      vertex 0.153717 6.43927 3
      vertex 3.58893 5.75423 3
    endloop
  endfacet
  facet normal 0 0 1
    outer loop
      vertex 0 42 3
      vertex 3.4077 44.8432 3
      vertex 3.4 45 3
    endloop
  endfacet
  facet normal 0 -0 1
    outer loop
      vertex 0.344467 5.67772 3
      vertex 3.58893 5.75423 3
      vertex 0.153717 6.43927 3
    endloop
  endfacet
  facet normal -0 0 1
    outer loop
      vertex 6.59229 4.84317 3
      vertex 8 0 3
      vertex 6.6 5 3
    endloop
  endfacet
  facet normal -0 0 1
    outer loop
      vertex 6.56926 4.68785 3
      vertex 8 0 3
      vertex 6.59229 4.84317 3
    endloop
  endfacet
  facet normal -0 0 1
    outer loop
      vertex 6.5311 4.53554 3
      vertex 8 0 3
      vertex 6.56926 4.68785 3
    endloop
  endfacet
  facet normal -0 0 1
    outer loop
      vertex 6.47821 4.38771 3
      vertex 8 0 3
      vertex 6.5311 4.53554 3
    endloop
  endfacet
  facet normal -0 0 1
    outer loop
      vertex 6.41107 4.24576 3
      vertex 8 0 3
      vertex 6.47821 4.38771 3
    endloop
  endfacet
  facet normal -0 0 1
    outer loop
      vertex 6.33035 4.11109 3
      vertex 8 0 3
      vertex 6.41107 4.24576 3
    endloop
  endfacet
  facet normal -0 0 1
    outer loop
      vertex 6.23682 3.98497 3
      vertex 8 0 3
      vertex 6.33035 4.11109 3
    endloop
  endfacet
  facet normal -0 0 1
    outer loop
      vertex 6.13137 3.86863 3
      vertex 8 0 3
      vertex 6.23682 3.98497 3
    endloop
  endfacet
  facet normal 0 0 1
    outer loop
      vertex 8 0 3
      vertex 6.13137 3.86863 3
      vertex 7.21585 0.0385132 3
    endloop
  endfacet
  facet normal -0 0 1
    outer loop
      vertex 6.01503 3.76318 3
      vertex 7.21585 0.0385132 3
      vertex 6.13137 3.86863 3
    endloop
  endfacet
  facet normal -0 0 1
    outer loop
      vertex 5.88891 3.66965 3
      vertex 7.21585 0.0385132 3
      vertex 6.01503 3.76318 3
    endloop
  endfacet
  facet normal 0 0 1
    outer loop
      vertex 7.21585 0.0385132 3
      vertex 5.88891 3.66965 3
      vertex 6.43927 0.153717 3
    endloop
  endfacet
  facet normal -0 0 1
    outer loop
      vertex 5.75423 3.58893 3
      vertex 6.43927 0.153717 3
      vertex 5.88891 3.66965 3
    endloop
  endfacet
  facet normal 0 0 1
    outer loop
      vertex 5.75423 3.58893 3
      vertex 5.67772 0.344467 3
      vertex 6.43927 0.153717 3
    endloop
  endfacet
  facet normal -0 0 1
    outer loop
      vertex 5.61229 3.52179 3
      vertex 5.67772 0.344467 3
      vertex 5.75423 3.58893 3
    endloop
  endfacet
  facet normal -0 0 1
    outer loop
      vertex 5.46445 3.46889 3
      vertex 5.67772 0.344467 3
      vertex 5.61229 3.52179 3
    endloop
  endfacet
  facet normal 0 0 1
    outer loop
      vertex 4.93852 0.608963 3
      vertex 5.46445 3.46889 3
      vertex 5.31214 3.43074 3
    endloop
  endfacet
  facet normal 0 0 1
    outer loop
      vertex 4.93852 0.608963 3
      vertex 5.31214 3.43074 3
      vertex 5.15683 3.4077 3
    endloop
  endfacet
  facet normal 0 0 1
    outer loop
      vertex 4.22882 0.944626 3
      vertex 5.15683 3.4077 3
      vertex 5 3.4 3
    endloop
  endfacet
  facet normal 0 0 1
    outer loop
      vertex 5.46445 3.46889 3
      vertex 4.93852 0.608963 3
      vertex 5.67772 0.344467 3
    endloop
  endfacet
  facet normal 0 0 1
    outer loop
      vertex 4.22882 0.944626 3
      vertex 5 3.4 3
      vertex 4.84317 3.4077 3
    endloop
  endfacet
  facet normal 0 0 1
    outer loop
      vertex 4.22882 0.944626 3
      vertex 4.84317 3.4077 3
      vertex 4.68785 3.43074 3
    endloop
  endfacet
  facet normal 0 0 1
    outer loop
      vertex 3.55544 1.34824 3
      vertex 4.68785 3.43074 3
      vertex 4.53554 3.46889 3
    endloop
  endfacet
  facet normal 0 0 1
    outer loop
      vertex 3.55544 1.34824 3
      vertex 4.53554 3.46889 3
      vertex 4.38771 3.52179 3
    endloop
  endfacet
  facet normal 0 0 1
    outer loop
      vertex 2.92485 1.8159 3
      vertex 4.38771 3.52179 3
      vertex 4.24576 3.58893 3
    endloop
  endfacet
  facet normal 0 0 1
    outer loop
      vertex 5.15683 3.4077 3
      vertex 4.22882 0.944626 3
      vertex 4.93852 0.608963 3
    endloop
  endfacet
  facet normal 0 0 1
    outer loop
      vertex 2.92485 1.8159 3
      vertex 4.24576 3.58893 3
      vertex 4.11109 3.66965 3
    endloop
  endfacet
  facet normal 0 0 1
    outer loop
      vertex 2.92485 1.8159 3
      vertex 4.11109 3.66965 3
      vertex 3.98497 3.76318 3
    endloop
  endfacet
  facet normal 0 0 1
    outer loop
      vertex 2.34314 2.34314 3
      vertex 3.98497 3.76318 3
      vertex 3.86863 3.86863 3
    endloop
  endfacet
  facet normal 0 0 1
    outer loop
      vertex 2.34314 2.34314 3
      vertex 3.86863 3.86863 3
      vertex 3.76318 3.98497 3
    endloop
  endfacet
  facet normal 0 0 1
    outer loop
      vertex 1.8159 2.92485 3
      vertex 3.76318 3.98497 3
      vertex 3.66965 4.11109 3
    endloop
  endfacet
  facet normal 0 0 1
    outer loop
      vertex 1.8159 2.92485 3
      vertex 3.66965 4.11109 3
      vertex 3.58893 4.24576 3
    endloop
  endfacet
  facet normal 0 0 1
    outer loop
      vertex 4.68785 3.43074 3
      vertex 3.55544 1.34824 3
      vertex 4.22882 0.944626 3
    endloop
  endfacet
  facet normal 0 0 1
    outer loop
      vertex 1.8159 2.92485 3
      vertex 3.58893 4.24576 3
      vertex 3.52179 4.38771 3
    endloop
  endfacet
  facet normal 0 0 1
    outer loop
      vertex 1.34824 3.55544 3
      vertex 3.52179 4.38771 3
      vertex 3.46889 4.53554 3
    endloop
  endfacet
  facet normal 0 0 1
    outer loop
      vertex 1.34824 3.55544 3
      vertex 3.46889 4.53554 3
      vertex 3.43074 4.68785 3
    endloop
  endfacet
  facet normal 0 0 1
    outer loop
      vertex 0.944626 4.22882 3
      vertex 3.43074 4.68785 3
      vertex 3.4077 4.84317 3
    endloop
  endfacet
  facet normal 0 0 1
    outer loop
      vertex 0.944626 4.22882 3
      vertex 3.4077 4.84317 3
      vertex 3.4 5 3
    endloop
  endfacet
  facet normal 0 0 1
    outer loop
      vertex 4.38771 3.52179 3
      vertex 2.92485 1.8159 3
      vertex 3.55544 1.34824 3
    endloop
  endfacet
  facet normal 0 0 1
    outer loop
      vertex 3.58893 5.75423 3
      vertex 0.344467 5.67772 3
      vertex 3.52179 5.61229 3
    endloop
  endfacet
  facet normal 0 0 1
    outer loop
      vertex 0 42 3
      vertex 2.92485 48.1841 3
      vertex 2.34314 47.6568 3
    endloop
  endfacet
  facet normal 0 0 1
    outer loop
      vertex 3.52179 5.61229 3
      vertex 0.344467 5.67772 3
      vertex 3.46889 5.46445 3
    endloop
  endfacet
  facet normal 0 0 1
    outer loop
      vertex 0 42 3
      vertex 2.34314 47.6568 3
      vertex 1.8159 47.0751 3
    endloop
  endfacet
  facet normal 0 -0 1
    outer loop
      vertex 0.608963 4.93852 3
      vertex 3.46889 5.46445 3
      vertex 0.344467 5.67772 3
    endloop
  endfacet
  facet normal 0 0 1
    outer loop
      vertex 0 42 3
      vertex 1.8159 47.0751 3
      vertex 1.34824 46.4445 3
    endloop
  endfacet
  facet normal 0 0 1
    outer loop
      vertex 3.98497 3.76318 3
      vertex 2.34314 2.34314 3
      vertex 2.92485 1.8159 3
    endloop
  endfacet
  facet normal 0 0 1
    outer loop
      vertex 0 42 3
      vertex 1.34824 46.4445 3
      vertex 0.944626 45.7712 3
    endloop
  endfacet
  facet normal 0 0 1
    outer loop
      vertex 3.76318 3.98497 3
      vertex 1.8159 2.92485 3
      vertex 2.34314 2.34314 3
    endloop
  endfacet
  facet normal 0 0 1
    outer loop
      vertex 0 42 3
      vertex 0.944626 45.7712 3
      vertex 0.608963 45.0615 3
    endloop
  endfacet
  facet normal 0 0 1
    outer loop
      vertex 3.52179 4.38771 3
      vertex 1.34824 3.55544 3
      vertex 1.8159 2.92485 3
    endloop
  endfacet
  facet normal 0 0 1
    outer loop
      vertex 0 42 3
      vertex 0.608963 45.0615 3
      vertex 0.344467 44.3223 3
    endloop
  endfacet
  facet normal 0 0 1
    outer loop
      vertex 3.43074 4.68785 3
      vertex 0.944626 4.22882 3
      vertex 1.34824 3.55544 3
    endloop
  endfacet
  facet normal 0 0 1
    outer loop
      vertex 0 42 3
      vertex 0.344467 44.3223 3
      vertex 0.153717 43.5607 3
    endloop
  endfacet
  facet normal 0 0 1
    outer loop
      vertex 3.4077 5.15683 3
      vertex 0.944626 4.22882 3
      vertex 3.4 5 3
    endloop
  endfacet
  facet normal 0 0 1
    outer loop
      vertex 0 42 3
      vertex 0.153717 43.5607 3
      vertex 0.0385132 42.7841 3
    endloop
  endfacet
  facet normal 0 -0 1
    outer loop
      vertex 0.944626 4.22882 3
      vertex 3.4077 5.15683 3
      vertex 0.608963 4.93852 3
    endloop
  endfacet
  facet normal 0 0 1
    outer loop
      vertex 3.43074 5.31214 3
      vertex 0.608963 4.93852 3
      vertex 3.4077 5.15683 3
    endloop
  endfacet
  facet normal 0 0 1
    outer loop
      vertex 3.46889 5.46445 3
      vertex 0.608963 4.93852 3
      vertex 3.43074 5.31214 3
    endloop
  endfacet
  facet normal 0 0 1
    outer loop
      vertex 25.5757 16.4243 3
      vertex 18.4243 16.4243 3
      vertex 25.5362 16.3806 3
    endloop
  endfacet
  facet normal 0 0 1
    outer loop
      vertex 25.4 16 3
      vertex 18.5971 16.0588 3
      vertex 18.6 16 3
    endloop
  endfacet
  facet normal 0 -0 1
    outer loop
      vertex 18.4638 16.3806 3
      vertex 25.5362 16.3806 3
      vertex 18.4243 16.4243 3
    endloop
  endfacet
  facet normal 0 0 1
    outer loop
      vertex 25.4029 16.0588 3
      vertex 18.5971 16.0588 3
      vertex 25.4 16 3
    endloop
  endfacet
  facet normal 0 0 1
    outer loop
      vertex 25.5362 16.3806 3
      vertex 18.4638 16.3806 3
      vertex 25.5011 16.3333 3
    endloop
  endfacet
  facet normal 0 -0 1
    outer loop
      vertex 18.5971 16.0588 3
      vertex 25.4029 16.0588 3
      vertex 18.5885 16.1171 3
    endloop
  endfacet
  facet normal 0 -0 1
    outer loop
      vertex 18.4989 16.3333 3
      vertex 25.5011 16.3333 3
      vertex 18.4638 16.3806 3
    endloop
  endfacet
  facet normal 0 0 1
    outer loop
      vertex 25.4115 16.1171 3
      vertex 18.5885 16.1171 3
      vertex 25.4029 16.0588 3
    endloop
  endfacet
  facet normal 0 0 1
    outer loop
      vertex 25.5011 16.3333 3
      vertex 18.4989 16.3333 3
      vertex 25.4708 16.2828 3
    endloop
  endfacet
  facet normal 0 -0 1
    outer loop
      vertex 18.5885 16.1171 3
      vertex 25.4115 16.1171 3
      vertex 18.5742 16.1742 3
    endloop
  endfacet
  facet normal 0 -0 1
    outer loop
      vertex 18.5292 16.2828 3
      vertex 25.4708 16.2828 3
      vertex 18.4989 16.3333 3
    endloop
  endfacet
  facet normal 0 0 1
    outer loop
      vertex 25.4258 16.1742 3
      vertex 18.5742 16.1742 3
      vertex 25.4115 16.1171 3
    endloop
  endfacet
  facet normal 0 0 1
    outer loop
      vertex 25.4708 16.2828 3
      vertex 18.5292 16.2828 3
      vertex 25.4457 16.2296 3
    endloop
  endfacet
  facet normal 0 -0 1
    outer loop
      vertex 18.5742 16.1742 3
      vertex 25.4258 16.1742 3
      vertex 18.5543 16.2296 3
    endloop
  endfacet
  facet normal 0 -0 1
    outer loop
      vertex 18.5543 16.2296 3
      vertex 25.4457 16.2296 3
      vertex 18.5292 16.2828 3
    endloop
  endfacet
  facet normal 0 0 1
    outer loop
      vertex 25.4457 16.2296 3
      vertex 18.5543 16.2296 3
      vertex 25.4258 16.1742 3
    endloop
  endfacet
  facet normal -0 0 1
    outer loop
      vertex 18.3806 23.5362 3
      vertex 18.4243 16.4243 3
      vertex 18.4243 23.5757 3
    endloop
  endfacet
  facet normal 0 0 1
    outer loop
      vertex 18.3806 23.5362 3
      vertex 18.3806 16.4638 3
      vertex 18.4243 16.4243 3
    endloop
  endfacet
  facet normal -0 0 1
    outer loop
      vertex 18.3333 23.5011 3
      vertex 18.3806 16.4638 3
      vertex 18.3806 23.5362 3
    endloop
  endfacet
  facet normal 0 0 1
    outer loop
      vertex 18.3333 23.5011 3
      vertex 18.3333 16.4989 3
      vertex 18.3806 16.4638 3
    endloop
  endfacet
  facet normal -0 0 1
    outer loop
      vertex 18.2828 23.4708 3
      vertex 18.3333 16.4989 3
      vertex 18.3333 23.5011 3
    endloop
  endfacet
  facet normal 0 0 1
    outer loop
      vertex 18.2828 23.4708 3
      vertex 18.2828 16.5292 3
      vertex 18.3333 16.4989 3
    endloop
  endfacet
  facet normal -0 0 1
    outer loop
      vertex 18.2296 23.4457 3
      vertex 18.2828 16.5292 3
      vertex 18.2828 23.4708 3
    endloop
  endfacet
  facet normal 0 0 1
    outer loop
      vertex 18.2296 23.4457 3
      vertex 18.2296 16.5543 3
      vertex 18.2828 16.5292 3
    endloop
  endfacet
  facet normal -0 0 1
    outer loop
      vertex 18.1742 23.4258 3
      vertex 18.2296 16.5543 3
      vertex 18.2296 23.4457 3
    endloop
  endfacet
  facet normal 0 0 1
    outer loop
      vertex 18.1742 23.4258 3
      vertex 18.1742 16.5742 3
      vertex 18.2296 16.5543 3
    endloop
  endfacet
  facet normal -0 0 1
    outer loop
      vertex 18.1171 23.4115 3
      vertex 18.1742 16.5742 3
      vertex 18.1742 23.4258 3
    endloop
  endfacet
  facet normal 0 0 1
    outer loop
      vertex 18.1171 23.4115 3
      vertex 18.1171 16.5885 3
      vertex 18.1742 16.5742 3
    endloop
  endfacet
  facet normal -0 0 1
    outer loop
      vertex 18.0588 23.4029 3
      vertex 18.1171 16.5885 3
      vertex 18.1171 23.4115 3
    endloop
  endfacet
  facet normal 0 0 1
    outer loop
      vertex 18.0588 23.4029 3
      vertex 18.0588 16.5971 3
      vertex 18.1171 16.5885 3
    endloop
  endfacet
  facet normal -0 0 1
    outer loop
      vertex 18 23.4 3
      vertex 18.0588 16.5971 3
      vertex 18.0588 23.4029 3
    endloop
  endfacet
  facet normal 0 0 1
    outer loop
      vertex 18 23.4 3
      vertex 18 16.6 3
      vertex 18.0588 16.5971 3
    endloop
  endfacet
  facet normal 0 0 1
    outer loop
      vertex 17.9412 23.4029 3
      vertex 18 16.6 3
      vertex 18 23.4 3
    endloop
  endfacet
  facet normal 0 0 1
    outer loop
      vertex 17.9412 23.4029 3
      vertex 17.9412 16.5971 3
      vertex 18 16.6 3
    endloop
  endfacet
  facet normal 0 0 1
    outer loop
      vertex 17.8829 23.4115 3
      vertex 17.9412 16.5971 3
      vertex 17.9412 23.4029 3
    endloop
  endfacet
  facet normal 0 0 1
    outer loop
      vertex 17.8829 23.4115 3
      vertex 17.8829 16.5885 3
      vertex 17.9412 16.5971 3
    endloop
  endfacet
  facet normal 0 0 1
    outer loop
      vertex 17.8258 23.4258 3
      vertex 17.8829 16.5885 3
      vertex 17.8829 23.4115 3
    endloop
  endfacet
  facet normal 0 0 1
    outer loop
      vertex 17.8258 23.4258 3
      vertex 17.8258 16.5742 3
      vertex 17.8829 16.5885 3
    endloop
  endfacet
  facet normal 0 0 1
    outer loop
      vertex 17.7704 23.4457 3
      vertex 17.8258 16.5742 3
      vertex 17.8258 23.4258 3
    endloop
  endfacet
  facet normal 0 0 1
    outer loop
      vertex 17.7704 23.4457 3
      vertex 17.7704 16.5543 3
      vertex 17.8258 16.5742 3
    endloop
  endfacet
  facet normal 0 0 1
    outer loop
      vertex 17.7172 23.4708 3
      vertex 17.7704 16.5543 3
      vertex 17.7704 23.4457 3
    endloop
  endfacet
  facet normal 0 0 1
    outer loop
      vertex 17.7172 23.4708 3
      vertex 17.7172 16.5292 3
      vertex 17.7704 16.5543 3
    endloop
  endfacet
  facet normal 0 0 1
    outer loop
      vertex 17.6667 23.5011 3
      vertex 17.7172 16.5292 3
      vertex 17.7172 23.4708 3
    endloop
  endfacet
  facet normal 0 0 1
    outer loop
      vertex 17.6667 23.5011 3
      vertex 17.6667 16.4989 3
      vertex 17.7172 16.5292 3
    endloop
  endfacet
  facet normal 0 0 1
    outer loop
      vertex 17.6194 23.5362 3
      vertex 17.6667 16.4989 3
      vertex 17.6667 23.5011 3
    endloop
  endfacet
  facet normal 0 0 1
    outer loop
      vertex 17.6194 23.5362 3
      vertex 17.6194 16.4638 3
      vertex 17.6667 16.4989 3
    endloop
  endfacet
  facet normal 0 0 1
    outer loop
      vertex 17.5757 23.5757 3
      vertex 17.6194 16.4638 3
      vertex 17.6194 23.5362 3
    endloop
  endfacet
  facet normal 0 0 1
    outer loop
      vertex 17.5757 23.5757 3
      vertex 17.5757 16.4243 3
      vertex 17.6194 16.4638 3
    endloop
  endfacet
  facet normal 0 0 1
    outer loop
      vertex 17.5362 23.6194 3
      vertex 17.5757 16.4243 3
      vertex 17.5757 23.5757 3
    endloop
  endfacet
  facet normal 0 0 1
    outer loop
      vertex 17.5362 23.6194 3
      vertex 17.5362 16.3806 3
      vertex 17.5757 16.4243 3
    endloop
  endfacet
  facet normal 0 0 1
    outer loop
      vertex 17.5011 23.6667 3
      vertex 17.5362 16.3806 3
      vertex 17.5362 23.6194 3
    endloop
  endfacet
  facet normal 0 0 1
    outer loop
      vertex 17.5011 23.6667 3
      vertex 17.5011 16.3333 3
      vertex 17.5362 16.3806 3
    endloop
  endfacet
  facet normal 0 0 1
    outer loop
      vertex 17.4708 23.7172 3
      vertex 17.5011 16.3333 3
      vertex 17.5011 23.6667 3
    endloop
  endfacet
  facet normal 0 0 1
    outer loop
      vertex 17.4708 23.7172 3
      vertex 17.4708 16.2828 3
      vertex 17.5011 16.3333 3
    endloop
  endfacet
  facet normal 0 0 1
    outer loop
      vertex 17.4457 23.7704 3
      vertex 17.4708 16.2828 3
      vertex 17.4708 23.7172 3
    endloop
  endfacet
  facet normal 0 0 1
    outer loop
      vertex 17.4457 23.7704 3
      vertex 17.4457 16.2296 3
      vertex 17.4708 16.2828 3
    endloop
  endfacet
  facet normal 0 0 1
    outer loop
      vertex 17.4258 23.8258 3
      vertex 17.4457 16.2296 3
      vertex 17.4457 23.7704 3
    endloop
  endfacet
  facet normal 0 0 1
    outer loop
      vertex 17.4258 23.8258 3
      vertex 17.4258 16.1742 3
      vertex 17.4457 16.2296 3
    endloop
  endfacet
  facet normal 0 0 1
    outer loop
      vertex 17.4115 23.8829 3
      vertex 17.4258 16.1742 3
      vertex 17.4258 23.8258 3
    endloop
  endfacet
  facet normal 0 0 1
    outer loop
      vertex 17.4115 23.8829 3
      vertex 17.4115 16.1171 3
      vertex 17.4258 16.1742 3
    endloop
  endfacet
  facet normal 0 0 1
    outer loop
      vertex 17.4029 23.9412 3
      vertex 17.4115 16.1171 3
      vertex 17.4115 23.8829 3
    endloop
  endfacet
  facet normal 0 0 1
    outer loop
      vertex 17.4029 23.9412 3
      vertex 17.4029 16.0588 3
      vertex 17.4115 16.1171 3
    endloop
  endfacet
  facet normal 0 0 1
    outer loop
      vertex 17.6667 24.4989 3
      vertex 5.75423 43.5889 3
      vertex 17.6194 24.4638 3
    endloop
  endfacet
  facet normal -0 0 1
    outer loop
      vertex 5.61229 43.5218 3
      vertex 17.6194 24.4638 3
      vertex 5.75423 43.5889 3
    endloop
  endfacet
  facet normal 0 0 1
    outer loop
      vertex 53.4258 16.1742 3
      vertex 26.5742 16.1742 3
      vertex 53.4115 16.1171 3
    endloop
  endfacet
  facet normal 0 0 1
    outer loop
      vertex 53.4 16 3
      vertex 26.5971 16.0588 3
      vertex 26.6 16 3
    endloop
  endfacet
  facet normal 0 -0 1
    outer loop
      vertex 26.5885 16.1171 3
      vertex 53.4115 16.1171 3
      vertex 26.5742 16.1742 3
    endloop
  endfacet
  facet normal 0 0 1
    outer loop
      vertex 53.4029 16.0588 3
      vertex 26.5971 16.0588 3
      vertex 53.4 16 3
    endloop
  endfacet
  facet normal 0 0 1
    outer loop
      vertex 53.4115 16.1171 3
      vertex 26.5885 16.1171 3
      vertex 53.4029 16.0588 3
    endloop
  endfacet
  facet normal 0 -0 1
    outer loop
      vertex 26.5971 16.0588 3
      vertex 53.4029 16.0588 3
      vertex 26.5885 16.1171 3
    endloop
  endfacet
  facet normal -0 0 1
    outer loop
      vertex 26.5543 23.7704 3
      vertex 26.5742 16.1742 3
      vertex 26.5742 23.8258 3
    endloop
  endfacet
  facet normal 0 0 1
    outer loop
      vertex 26.5543 23.7704 3
      vertex 26.5543 16.2296 3
      vertex 26.5742 16.1742 3
    endloop
  endfacet
  facet normal -0 0 1
    outer loop
      vertex 26.5292 23.7172 3
      vertex 26.5543 16.2296 3
      vertex 26.5543 23.7704 3
    endloop
  endfacet
  facet normal 0 0 1
    outer loop
      vertex 26.5292 23.7172 3
      vertex 26.5292 16.2828 3
      vertex 26.5543 16.2296 3
    endloop
  endfacet
  facet normal -0 0 1
    outer loop
      vertex 26.4989 23.6667 3
      vertex 26.5292 16.2828 3
      vertex 26.5292 23.7172 3
    endloop
  endfacet
  facet normal 0 0 1
    outer loop
      vertex 26.4989 23.6667 3
      vertex 26.4989 16.3333 3
      vertex 26.5292 16.2828 3
    endloop
  endfacet
  facet normal -0 0 1
    outer loop
      vertex 26.4638 23.6194 3
      vertex 26.4989 16.3333 3
      vertex 26.4989 23.6667 3
    endloop
  endfacet
  facet normal 0 0 1
    outer loop
      vertex 26.4638 23.6194 3
      vertex 26.4638 16.3806 3
      vertex 26.4989 16.3333 3
    endloop
  endfacet
  facet normal -0 0 1
    outer loop
      vertex 26.4243 23.5757 3
      vertex 26.4638 16.3806 3
      vertex 26.4638 23.6194 3
    endloop
  endfacet
  facet normal 0 0 1
    outer loop
      vertex 26.4243 23.5757 3
      vertex 26.4243 16.4243 3
      vertex 26.4638 16.3806 3
    endloop
  endfacet
  facet normal -0 0 1
    outer loop
      vertex 26.3806 23.5362 3
      vertex 26.4243 16.4243 3
      vertex 26.4243 23.5757 3
    endloop
  endfacet
  facet normal 0 0 1
    outer loop
      vertex 26.3806 23.5362 3
      vertex 26.3806 16.4638 3
      vertex 26.4243 16.4243 3
    endloop
  endfacet
  facet normal -0 0 1
    outer loop
      vertex 26.3333 23.5011 3
      vertex 26.3806 16.4638 3
      vertex 26.3806 23.5362 3
    endloop
  endfacet
  facet normal 0 0 1
    outer loop
      vertex 26.3333 23.5011 3
      vertex 26.3333 16.4989 3
      vertex 26.3806 16.4638 3
    endloop
  endfacet
  facet normal -0 0 1
    outer loop
      vertex 26.2828 23.4708 3
      vertex 26.3333 16.4989 3
      vertex 26.3333 23.5011 3
    endloop
  endfacet
  facet normal 0 0 1
    outer loop
      vertex 26.2828 23.4708 3
      vertex 26.2828 16.5292 3
      vertex 26.3333 16.4989 3
    endloop
  endfacet
  facet normal -0 0 1
    outer loop
      vertex 26.2296 23.4457 3
      vertex 26.2828 16.5292 3
      vertex 26.2828 23.4708 3
    endloop
  endfacet
  facet normal 0 0 1
    outer loop
      vertex 26.2296 23.4457 3
      vertex 26.2296 16.5543 3
      vertex 26.2828 16.5292 3
    endloop
  endfacet
  facet normal -0 0 1
    outer loop
      vertex 26.1742 23.4258 3
      vertex 26.2296 16.5543 3
      vertex 26.2296 23.4457 3
    endloop
  endfacet
  facet normal 0 0 1
    outer loop
      vertex 26.1742 23.4258 3
      vertex 26.1742 16.5742 3
      vertex 26.2296 16.5543 3
    endloop
  endfacet
  facet normal -0 0 1
    outer loop
      vertex 26.1171 23.4115 3
      vertex 26.1742 16.5742 3
      vertex 26.1742 23.4258 3
    endloop
  endfacet
  facet normal 0 0 1
    outer loop
      vertex 26.1171 23.4115 3
      vertex 26.1171 16.5885 3
      vertex 26.1742 16.5742 3
    endloop
  endfacet
  facet normal -0 0 1
    outer loop
      vertex 26.0588 23.4029 3
      vertex 26.1171 16.5885 3
      vertex 26.1171 23.4115 3
    endloop
  endfacet
  facet normal 0 0 1
    outer loop
      vertex 26.0588 23.4029 3
      vertex 26.0588 16.5971 3
      vertex 26.1171 16.5885 3
    endloop
  endfacet
  facet normal -0 0 1
    outer loop
      vertex 26 23.4 3
      vertex 26.0588 16.5971 3
      vertex 26.0588 23.4029 3
    endloop
  endfacet
  facet normal 0 0 1
    outer loop
      vertex 26 23.4 3
      vertex 26 16.6 3
      vertex 26.0588 16.5971 3
    endloop
  endfacet
  facet normal 0 0 1
    outer loop
      vertex 25.9412 23.4029 3
      vertex 26 16.6 3
      vertex 26 23.4 3
    endloop
  endfacet
  facet normal 0 0 1
    outer loop
      vertex 25.9412 23.4029 3
      vertex 25.9412 16.5971 3
      vertex 26 16.6 3
    endloop
  endfacet
  facet normal 0 0 1
    outer loop
      vertex 25.8829 23.4115 3
      vertex 25.9412 16.5971 3
      vertex 25.9412 23.4029 3
    endloop
  endfacet
  facet normal 0 0 1
    outer loop
      vertex 25.8829 23.4115 3
      vertex 25.8829 16.5885 3
      vertex 25.9412 16.5971 3
    endloop
  endfacet
  facet normal 0 0 1
    outer loop
      vertex 25.8258 23.4258 3
      vertex 25.8829 16.5885 3
      vertex 25.8829 23.4115 3
    endloop
  endfacet
  facet normal 0 0 1
    outer loop
      vertex 25.8258 23.4258 3
      vertex 25.8258 16.5742 3
      vertex 25.8829 16.5885 3
    endloop
  endfacet
  facet normal 0 0 1
    outer loop
      vertex 25.7704 23.4457 3
      vertex 25.8258 16.5742 3
      vertex 25.8258 23.4258 3
    endloop
  endfacet
  facet normal 0 0 1
    outer loop
      vertex 25.7704 23.4457 3
      vertex 25.7704 16.5543 3
      vertex 25.8258 16.5742 3
    endloop
  endfacet
  facet normal 0 0 1
    outer loop
      vertex 25.7172 23.4708 3
      vertex 25.7704 16.5543 3
      vertex 25.7704 23.4457 3
    endloop
  endfacet
  facet normal 0 0 1
    outer loop
      vertex 25.7172 23.4708 3
      vertex 25.7172 16.5292 3
      vertex 25.7704 16.5543 3
    endloop
  endfacet
  facet normal 0 0 1
    outer loop
      vertex 25.6667 23.5011 3
      vertex 25.7172 16.5292 3
      vertex 25.7172 23.4708 3
    endloop
  endfacet
  facet normal 0 0 1
    outer loop
      vertex 25.6667 23.5011 3
      vertex 25.6667 16.4989 3
      vertex 25.7172 16.5292 3
    endloop
  endfacet
  facet normal 0 0 1
    outer loop
      vertex 25.6194 23.5362 3
      vertex 25.6667 16.4989 3
      vertex 25.6667 23.5011 3
    endloop
  endfacet
  facet normal 0 0 1
    outer loop
      vertex 25.6194 23.5362 3
      vertex 25.6194 16.4638 3
      vertex 25.6667 16.4989 3
    endloop
  endfacet
  facet normal 0 0 1
    outer loop
      vertex 25.5757 23.5757 3
      vertex 25.6194 16.4638 3
      vertex 25.6194 23.5362 3
    endloop
  endfacet
  facet normal 0 0 1
    outer loop
      vertex 25.5757 23.5757 3
      vertex 25.5757 16.4243 3
      vertex 25.6194 16.4638 3
    endloop
  endfacet
  facet normal 0 0 1
    outer loop
      vertex 18.5543 23.7704 3
      vertex 25.4457 23.7704 3
      vertex 18.5742 23.8258 3
    endloop
  endfacet
  facet normal 0 0 1
    outer loop
      vertex 25.4457 23.7704 3
      vertex 18.5543 23.7704 3
      vertex 25.4708 23.7172 3
    endloop
  endfacet
  facet normal 0 0 1
    outer loop
      vertex 25.4258 23.8258 3
      vertex 18.5742 23.8258 3
      vertex 25.4457 23.7704 3
    endloop
  endfacet
  facet normal 0 0 1
    outer loop
      vertex 18.5292 23.7172 3
      vertex 25.4708 23.7172 3
      vertex 18.5543 23.7704 3
    endloop
  endfacet
  facet normal 0 0 1
    outer loop
      vertex 18.5742 23.8258 3
      vertex 25.4258 23.8258 3
      vertex 18.5885 23.8829 3
    endloop
  endfacet
  facet normal 0 0 1
    outer loop
      vertex 25.4708 23.7172 3
      vertex 18.5292 23.7172 3
      vertex 25.5011 23.6667 3
    endloop
  endfacet
  facet normal 0 0 1
    outer loop
      vertex 25.4115 23.8829 3
      vertex 18.5885 23.8829 3
      vertex 25.4258 23.8258 3
    endloop
  endfacet
  facet normal 0 0 1
    outer loop
      vertex 18.4989 23.6667 3
      vertex 25.5011 23.6667 3
      vertex 18.5292 23.7172 3
    endloop
  endfacet
  facet normal 0 0 1
    outer loop
      vertex 18.5885 23.8829 3
      vertex 25.4115 23.8829 3
      vertex 18.5971 23.9412 3
    endloop
  endfacet
  facet normal 0 0 1
    outer loop
      vertex 25.5011 23.6667 3
      vertex 18.4989 23.6667 3
      vertex 25.5362 23.6194 3
    endloop
  endfacet
  facet normal 0 0 1
    outer loop
      vertex 25.4029 23.9412 3
      vertex 18.5971 23.9412 3
      vertex 25.4115 23.8829 3
    endloop
  endfacet
  facet normal 0 0 1
    outer loop
      vertex 18.4638 23.6194 3
      vertex 25.5362 23.6194 3
      vertex 18.4989 23.6667 3
    endloop
  endfacet
  facet normal 0 0 1
    outer loop
      vertex 18.5971 23.9412 3
      vertex 25.4029 23.9412 3
      vertex 18.6 24 3
    endloop
  endfacet
  facet normal 0 0 1
    outer loop
      vertex 25.5362 23.6194 3
      vertex 18.4638 23.6194 3
      vertex 25.5757 23.5757 3
    endloop
  endfacet
  facet normal -0 0 1
    outer loop
      vertex 18.6 24 3
      vertex 25.4029 23.9412 3
      vertex 25.4 24 3
    endloop
  endfacet
  facet normal 0 0 1
    outer loop
      vertex 18.4243 23.5757 3
      vertex 25.5757 23.5757 3
      vertex 18.4638 23.6194 3
    endloop
  endfacet
  facet normal 0 0 1
    outer loop
      vertex 61.5757 16.4243 3
      vertex 54.4243 16.4243 3
      vertex 61.5362 16.3806 3
    endloop
  endfacet
  facet normal 0 0 1
    outer loop
      vertex 61.4 16 3
      vertex 54.5971 16.0588 3
      vertex 54.6 16 3
    endloop
  endfacet
  facet normal 0 -0 1
    outer loop
      vertex 54.4638 16.3806 3
      vertex 61.5362 16.3806 3
      vertex 54.4243 16.4243 3
    endloop
  endfacet
  facet normal 0 0 1
    outer loop
      vertex 61.4029 16.0588 3
      vertex 54.5971 16.0588 3
      vertex 61.4 16 3
    endloop
  endfacet
  facet normal 0 0 1
    outer loop
      vertex 61.5362 16.3806 3
      vertex 54.4638 16.3806 3
      vertex 61.5011 16.3333 3
    endloop
  endfacet
  facet normal 0 -0 1
    outer loop
      vertex 54.5971 16.0588 3
      vertex 61.4029 16.0588 3
      vertex 54.5885 16.1171 3
    endloop
  endfacet
  facet normal 0 -0 1
    outer loop
      vertex 54.4989 16.3333 3
      vertex 61.5011 16.3333 3
      vertex 54.4638 16.3806 3
    endloop
  endfacet
  facet normal 0 0 1
    outer loop
      vertex 61.4115 16.1171 3
      vertex 54.5885 16.1171 3
      vertex 61.4029 16.0588 3
    endloop
  endfacet
  facet normal 0 0 1
    outer loop
      vertex 61.5011 16.3333 3
      vertex 54.4989 16.3333 3
      vertex 61.4708 16.2828 3
    endloop
  endfacet
  facet normal 0 -0 1
    outer loop
      vertex 54.5885 16.1171 3
      vertex 61.4115 16.1171 3
      vertex 54.5742 16.1742 3
    endloop
  endfacet
  facet normal 0 -0 1
    outer loop
      vertex 54.5292 16.2828 3
      vertex 61.4708 16.2828 3
      vertex 54.4989 16.3333 3
    endloop
  endfacet
  facet normal 0 0 1
    outer loop
      vertex 61.4258 16.1742 3
      vertex 54.5742 16.1742 3
      vertex 61.4115 16.1171 3
    endloop
  endfacet
  facet normal 0 0 1
    outer loop
      vertex 61.4708 16.2828 3
      vertex 54.5292 16.2828 3
      vertex 61.4457 16.2296 3
    endloop
  endfacet
  facet normal 0 -0 1
    outer loop
      vertex 54.5742 16.1742 3
      vertex 61.4258 16.1742 3
      vertex 54.5543 16.2296 3
    endloop
  endfacet
  facet normal 0 -0 1
    outer loop
      vertex 54.5543 16.2296 3
      vertex 61.4457 16.2296 3
      vertex 54.5292 16.2828 3
    endloop
  endfacet
  facet normal 0 0 1
    outer loop
      vertex 61.4457 16.2296 3
      vertex 54.5543 16.2296 3
      vertex 61.4258 16.1742 3
    endloop
  endfacet
  facet normal -0 0 1
    outer loop
      vertex 54.3806 23.5362 3
      vertex 54.4243 16.4243 3
      vertex 54.4243 23.5757 3
    endloop
  endfacet
  facet normal 0 0 1
    outer loop
      vertex 54.3806 23.5362 3
      vertex 54.3806 16.4638 3
      vertex 54.4243 16.4243 3
    endloop
  endfacet
  facet normal -0 0 1
    outer loop
      vertex 54.3333 23.5011 3
      vertex 54.3806 16.4638 3
      vertex 54.3806 23.5362 3
    endloop
  endfacet
  facet normal 0 0 1
    outer loop
      vertex 54.3333 23.5011 3
      vertex 54.3333 16.4989 3
      vertex 54.3806 16.4638 3
    endloop
  endfacet
  facet normal -0 0 1
    outer loop
      vertex 54.2828 23.4708 3
      vertex 54.3333 16.4989 3
      vertex 54.3333 23.5011 3
    endloop
  endfacet
  facet normal 0 0 1
    outer loop
      vertex 54.2828 23.4708 3
      vertex 54.2828 16.5292 3
      vertex 54.3333 16.4989 3
    endloop
  endfacet
  facet normal -0 0 1
    outer loop
      vertex 54.2296 23.4457 3
      vertex 54.2828 16.5292 3
      vertex 54.2828 23.4708 3
    endloop
  endfacet
  facet normal 0 0 1
    outer loop
      vertex 54.2296 23.4457 3
      vertex 54.2296 16.5543 3
      vertex 54.2828 16.5292 3
    endloop
  endfacet
  facet normal -0 0 1
    outer loop
      vertex 54.1742 23.4258 3
      vertex 54.2296 16.5543 3
      vertex 54.2296 23.4457 3
    endloop
  endfacet
  facet normal 0 0 1
    outer loop
      vertex 54.1742 23.4258 3
      vertex 54.1742 16.5742 3
      vertex 54.2296 16.5543 3
    endloop
  endfacet
  facet normal -0 0 1
    outer loop
      vertex 54.1171 23.4115 3
      vertex 54.1742 16.5742 3
      vertex 54.1742 23.4258 3
    endloop
  endfacet
  facet normal 0 0 1
    outer loop
      vertex 54.1171 23.4115 3
      vertex 54.1171 16.5885 3
      vertex 54.1742 16.5742 3
    endloop
  endfacet
  facet normal -0 0 1
    outer loop
      vertex 54.0588 23.4029 3
      vertex 54.1171 16.5885 3
      vertex 54.1171 23.4115 3
    endloop
  endfacet
  facet normal 0 0 1
    outer loop
      vertex 54.0588 23.4029 3
      vertex 54.0588 16.5971 3
      vertex 54.1171 16.5885 3
    endloop
  endfacet
  facet normal -0 0 1
    outer loop
      vertex 54 23.4 3
      vertex 54.0588 16.5971 3
      vertex 54.0588 23.4029 3
    endloop
  endfacet
  facet normal 0 0 1
    outer loop
      vertex 54 23.4 3
      vertex 54 16.6 3
      vertex 54.0588 16.5971 3
    endloop
  endfacet
  facet normal 0 0 1
    outer loop
      vertex 53.9412 23.4029 3
      vertex 54 16.6 3
      vertex 54 23.4 3
    endloop
  endfacet
  facet normal 0 0 1
    outer loop
      vertex 53.9412 23.4029 3
      vertex 53.9412 16.5971 3
      vertex 54 16.6 3
    endloop
  endfacet
  facet normal 0 0 1
    outer loop
      vertex 53.8829 23.4115 3
      vertex 53.9412 16.5971 3
      vertex 53.9412 23.4029 3
    endloop
  endfacet
  facet normal 0 0 1
    outer loop
      vertex 53.8829 23.4115 3
      vertex 53.8829 16.5885 3
      vertex 53.9412 16.5971 3
    endloop
  endfacet
  facet normal 0 0 1
    outer loop
      vertex 53.8258 23.4258 3
      vertex 53.8829 16.5885 3
      vertex 53.8829 23.4115 3
    endloop
  endfacet
  facet normal 0 0 1
    outer loop
      vertex 53.8258 23.4258 3
      vertex 53.8258 16.5742 3
      vertex 53.8829 16.5885 3
    endloop
  endfacet
  facet normal 0 0 1
    outer loop
      vertex 53.7704 23.4457 3
      vertex 53.8258 16.5742 3
      vertex 53.8258 23.4258 3
    endloop
  endfacet
  facet normal 0 0 1
    outer loop
      vertex 53.7704 23.4457 3
      vertex 53.7704 16.5543 3
      vertex 53.8258 16.5742 3
    endloop
  endfacet
  facet normal 0 0 1
    outer loop
      vertex 53.7172 23.4708 3
      vertex 53.7704 16.5543 3
      vertex 53.7704 23.4457 3
    endloop
  endfacet
  facet normal 0 0 1
    outer loop
      vertex 53.7172 23.4708 3
      vertex 53.7172 16.5292 3
      vertex 53.7704 16.5543 3
    endloop
  endfacet
  facet normal 0 0 1
    outer loop
      vertex 53.6667 23.5011 3
      vertex 53.7172 16.5292 3
      vertex 53.7172 23.4708 3
    endloop
  endfacet
  facet normal 0 0 1
    outer loop
      vertex 53.6667 23.5011 3
      vertex 53.6667 16.4989 3
      vertex 53.7172 16.5292 3
    endloop
  endfacet
  facet normal 0 0 1
    outer loop
      vertex 53.6194 23.5362 3
      vertex 53.6667 16.4989 3
      vertex 53.6667 23.5011 3
    endloop
  endfacet
  facet normal 0 0 1
    outer loop
      vertex 53.6194 23.5362 3
      vertex 53.6194 16.4638 3
      vertex 53.6667 16.4989 3
    endloop
  endfacet
  facet normal 0 0 1
    outer loop
      vertex 53.5757 23.5757 3
      vertex 53.6194 16.4638 3
      vertex 53.6194 23.5362 3
    endloop
  endfacet
  facet normal 0 0 1
    outer loop
      vertex 53.5757 23.5757 3
      vertex 53.5757 16.4243 3
      vertex 53.6194 16.4638 3
    endloop
  endfacet
  facet normal 0 0 1
    outer loop
      vertex 53.5362 23.6194 3
      vertex 53.5757 16.4243 3
      vertex 53.5757 23.5757 3
    endloop
  endfacet
  facet normal 0 0 1
    outer loop
      vertex 53.5362 23.6194 3
      vertex 53.5362 16.3806 3
      vertex 53.5757 16.4243 3
    endloop
  endfacet
  facet normal 0 0 1
    outer loop
      vertex 53.5011 23.6667 3
      vertex 53.5362 16.3806 3
      vertex 53.5362 23.6194 3
    endloop
  endfacet
  facet normal 0 0 1
    outer loop
      vertex 53.5011 23.6667 3
      vertex 53.5011 16.3333 3
      vertex 53.5362 16.3806 3
    endloop
  endfacet
  facet normal 0 0 1
    outer loop
      vertex 53.4708 23.7172 3
      vertex 53.5011 16.3333 3
      vertex 53.5011 23.6667 3
    endloop
  endfacet
  facet normal 0 0 1
    outer loop
      vertex 53.4708 23.7172 3
      vertex 53.4708 16.2828 3
      vertex 53.5011 16.3333 3
    endloop
  endfacet
  facet normal 0 0 1
    outer loop
      vertex 53.4457 23.7704 3
      vertex 53.4708 16.2828 3
      vertex 53.4708 23.7172 3
    endloop
  endfacet
  facet normal 0 0 1
    outer loop
      vertex 53.4457 23.7704 3
      vertex 53.4457 16.2296 3
      vertex 53.4708 16.2828 3
    endloop
  endfacet
  facet normal 0 0 1
    outer loop
      vertex 53.4258 23.8258 3
      vertex 53.4457 16.2296 3
      vertex 53.4457 23.7704 3
    endloop
  endfacet
  facet normal 0 0 1
    outer loop
      vertex 53.4258 23.8258 3
      vertex 53.4258 16.1742 3
      vertex 53.4457 16.2296 3
    endloop
  endfacet
  facet normal 0 0 1
    outer loop
      vertex 53.4029 23.9412 3
      vertex 26.5971 23.9412 3
      vertex 53.4115 23.8829 3
    endloop
  endfacet
  facet normal 0 0 1
    outer loop
      vertex 26.5885 23.8829 3
      vertex 53.4115 23.8829 3
      vertex 26.5971 23.9412 3
    endloop
  endfacet
  facet normal 0 0 1
    outer loop
      vertex 26.5971 23.9412 3
      vertex 53.4029 23.9412 3
      vertex 26.6 24 3
    endloop
  endfacet
  facet normal 0 0 1
    outer loop
      vertex 53.4115 23.8829 3
      vertex 26.5885 23.8829 3
      vertex 53.4258 23.8258 3
    endloop
  endfacet
  facet normal -0 0 1
    outer loop
      vertex 26.6 24 3
      vertex 53.4029 23.9412 3
      vertex 53.4 24 3
    endloop
  endfacet
  facet normal 0 0 1
    outer loop
      vertex 26.5742 23.8258 3
      vertex 53.4258 23.8258 3
      vertex 26.5885 23.8829 3
    endloop
  endfacet
  facet normal -0 0 1
    outer loop
      vertex 62.4243 15.5757 3
      vertex 73.7632 6.01503 3
      vertex 62.4638 15.6194 3
    endloop
  endfacet
  facet normal 0 0 1
    outer loop
      vertex 73.7632 6.01503 3
      vertex 62.4243 15.5757 3
      vertex 73.6696 5.88891 3
    endloop
  endfacet
  facet normal -0 0 1
    outer loop
      vertex 62.4638 15.6194 3
      vertex 73.8686 6.13137 3
      vertex 62.4989 15.6667 3
    endloop
  endfacet
  facet normal 0 0 1
    outer loop
      vertex 73.8686 6.13137 3
      vertex 62.4638 15.6194 3
      vertex 73.7632 6.01503 3
    endloop
  endfacet
  facet normal -0 0 1
    outer loop
      vertex 62.5543 15.7704 3
      vertex 76 14 3
      vertex 62.5742 15.8258 3
    endloop
  endfacet
  facet normal -0 0 1
    outer loop
      vertex 62.5292 15.7172 3
      vertex 76 14 3
      vertex 62.5543 15.7704 3
    endloop
  endfacet
  facet normal -0 0 1
    outer loop
      vertex 62.5543 23.7704 3
      vertex 62.5742 16.1742 3
      vertex 62.5742 23.8258 3
    endloop
  endfacet
  facet normal 0 0 1
    outer loop
      vertex 62.5543 23.7704 3
      vertex 62.5543 16.2296 3
      vertex 62.5742 16.1742 3
    endloop
  endfacet
  facet normal -0 0 1
    outer loop
      vertex 62.5292 23.7172 3
      vertex 62.5543 16.2296 3
      vertex 62.5543 23.7704 3
    endloop
  endfacet
  facet normal 0 0 1
    outer loop
      vertex 62.5292 23.7172 3
      vertex 62.5292 16.2828 3
      vertex 62.5543 16.2296 3
    endloop
  endfacet
  facet normal -0 0 1
    outer loop
      vertex 62.4989 23.6667 3
      vertex 62.5292 16.2828 3
      vertex 62.5292 23.7172 3
    endloop
  endfacet
  facet normal 0 0 1
    outer loop
      vertex 62.4989 23.6667 3
      vertex 62.4989 16.3333 3
      vertex 62.5292 16.2828 3
    endloop
  endfacet
  facet normal -0 0 1
    outer loop
      vertex 62.4638 23.6194 3
      vertex 62.4989 16.3333 3
      vertex 62.4989 23.6667 3
    endloop
  endfacet
  facet normal 0 0 1
    outer loop
      vertex 62.4638 23.6194 3
      vertex 62.4638 16.3806 3
      vertex 62.4989 16.3333 3
    endloop
  endfacet
  facet normal -0 0 1
    outer loop
      vertex 62.4243 23.5757 3
      vertex 62.4638 16.3806 3
      vertex 62.4638 23.6194 3
    endloop
  endfacet
  facet normal 0 0 1
    outer loop
      vertex 62.4243 23.5757 3
      vertex 62.4243 16.4243 3
      vertex 62.4638 16.3806 3
    endloop
  endfacet
  facet normal -0 0 1
    outer loop
      vertex 62.3806 23.5362 3
      vertex 62.4243 16.4243 3
      vertex 62.4243 23.5757 3
    endloop
  endfacet
  facet normal 0 0 1
    outer loop
      vertex 62.3806 23.5362 3
      vertex 62.3806 16.4638 3
      vertex 62.4243 16.4243 3
    endloop
  endfacet
  facet normal -0 0 1
    outer loop
      vertex 62.3333 23.5011 3
      vertex 62.3806 16.4638 3
      vertex 62.3806 23.5362 3
    endloop
  endfacet
  facet normal 0 0 1
    outer loop
      vertex 62.3333 23.5011 3
      vertex 62.3333 16.4989 3
      vertex 62.3806 16.4638 3
    endloop
  endfacet
  facet normal -0 0 1
    outer loop
      vertex 62.2828 23.4708 3
      vertex 62.3333 16.4989 3
      vertex 62.3333 23.5011 3
    endloop
  endfacet
  facet normal 0 0 1
    outer loop
      vertex 62.2828 23.4708 3
      vertex 62.2828 16.5292 3
      vertex 62.3333 16.4989 3
    endloop
  endfacet
  facet normal -0 0 1
    outer loop
      vertex 62.2296 23.4457 3
      vertex 62.2828 16.5292 3
      vertex 62.2828 23.4708 3
    endloop
  endfacet
  facet normal 0 0 1
    outer loop
      vertex 62.2296 23.4457 3
      vertex 62.2296 16.5543 3
      vertex 62.2828 16.5292 3
    endloop
  endfacet
  facet normal -0 0 1
    outer loop
      vertex 62.1742 23.4258 3
      vertex 62.2296 16.5543 3
      vertex 62.2296 23.4457 3
    endloop
  endfacet
  facet normal 0 0 1
    outer loop
      vertex 62.1742 23.4258 3
      vertex 62.1742 16.5742 3
      vertex 62.2296 16.5543 3
    endloop
  endfacet
  facet normal -0 0 1
    outer loop
      vertex 62.1171 23.4115 3
      vertex 62.1742 16.5742 3
      vertex 62.1742 23.4258 3
    endloop
  endfacet
  facet normal 0 0 1
    outer loop
      vertex 62.1171 23.4115 3
      vertex 62.1171 16.5885 3
      vertex 62.1742 16.5742 3
    endloop
  endfacet
  facet normal -0 0 1
    outer loop
      vertex 62.0588 23.4029 3
      vertex 62.1171 16.5885 3
      vertex 62.1171 23.4115 3
    endloop
  endfacet
  facet normal 0 0 1
    outer loop
      vertex 62.0588 23.4029 3
      vertex 62.0588 16.5971 3
      vertex 62.1171 16.5885 3
    endloop
  endfacet
  facet normal -0 0 1
    outer loop
      vertex 62 23.4 3
      vertex 62.0588 16.5971 3
      vertex 62.0588 23.4029 3
    endloop
  endfacet
  facet normal 0 0 1
    outer loop
      vertex 62 23.4 3
      vertex 62 16.6 3
      vertex 62.0588 16.5971 3
    endloop
  endfacet
  facet normal 0 0 1
    outer loop
      vertex 61.9412 23.4029 3
      vertex 62 16.6 3
      vertex 62 23.4 3
    endloop
  endfacet
  facet normal 0 0 1
    outer loop
      vertex 61.9412 23.4029 3
      vertex 61.9412 16.5971 3
      vertex 62 16.6 3
    endloop
  endfacet
  facet normal 0 0 1
    outer loop
      vertex 61.8829 23.4115 3
      vertex 61.9412 16.5971 3
      vertex 61.9412 23.4029 3
    endloop
  endfacet
  facet normal 0 0 1
    outer loop
      vertex 61.8829 23.4115 3
      vertex 61.8829 16.5885 3
      vertex 61.9412 16.5971 3
    endloop
  endfacet
  facet normal 0 0 1
    outer loop
      vertex 61.8258 23.4258 3
      vertex 61.8829 16.5885 3
      vertex 61.8829 23.4115 3
    endloop
  endfacet
  facet normal 0 0 1
    outer loop
      vertex 61.8258 23.4258 3
      vertex 61.8258 16.5742 3
      vertex 61.8829 16.5885 3
    endloop
  endfacet
  facet normal 0 0 1
    outer loop
      vertex 61.7704 23.4457 3
      vertex 61.8258 16.5742 3
      vertex 61.8258 23.4258 3
    endloop
  endfacet
  facet normal 0 0 1
    outer loop
      vertex 61.7704 23.4457 3
      vertex 61.7704 16.5543 3
      vertex 61.8258 16.5742 3
    endloop
  endfacet
  facet normal 0 0 1
    outer loop
      vertex 61.7172 23.4708 3
      vertex 61.7704 16.5543 3
      vertex 61.7704 23.4457 3
    endloop
  endfacet
  facet normal 0 0 1
    outer loop
      vertex 61.7172 23.4708 3
      vertex 61.7172 16.5292 3
      vertex 61.7704 16.5543 3
    endloop
  endfacet
  facet normal 0 0 1
    outer loop
      vertex 61.6667 23.5011 3
      vertex 61.7172 16.5292 3
      vertex 61.7172 23.4708 3
    endloop
  endfacet
  facet normal 0 0 1
    outer loop
      vertex 61.6667 23.5011 3
      vertex 61.6667 16.4989 3
      vertex 61.7172 16.5292 3
    endloop
  endfacet
  facet normal 0 0 1
    outer loop
      vertex 61.6194 23.5362 3
      vertex 61.6667 16.4989 3
      vertex 61.6667 23.5011 3
    endloop
  endfacet
  facet normal 0 0 1
    outer loop
      vertex 61.6194 23.5362 3
      vertex 61.6194 16.4638 3
      vertex 61.6667 16.4989 3
    endloop
  endfacet
  facet normal 0 0 1
    outer loop
      vertex 61.5757 23.5757 3
      vertex 61.6194 16.4638 3
      vertex 61.6194 23.5362 3
    endloop
  endfacet
  facet normal 0 0 1
    outer loop
      vertex 61.5757 23.5757 3
      vertex 61.5757 16.4243 3
      vertex 61.6194 16.4638 3
    endloop
  endfacet
  facet normal 0 0 1
    outer loop
      vertex 54.5543 23.7704 3
      vertex 61.4457 23.7704 3
      vertex 54.5742 23.8258 3
    endloop
  endfacet
  facet normal 0 0 1
    outer loop
      vertex 61.4457 23.7704 3
      vertex 54.5543 23.7704 3
      vertex 61.4708 23.7172 3
    endloop
  endfacet
  facet normal 0 0 1
    outer loop
      vertex 61.4258 23.8258 3
      vertex 54.5742 23.8258 3
      vertex 61.4457 23.7704 3
    endloop
  endfacet
  facet normal 0 0 1
    outer loop
      vertex 54.5292 23.7172 3
      vertex 61.4708 23.7172 3
      vertex 54.5543 23.7704 3
    endloop
  endfacet
  facet normal 0 0 1
    outer loop
      vertex 54.5742 23.8258 3
      vertex 61.4258 23.8258 3
      vertex 54.5885 23.8829 3
    endloop
  endfacet
  facet normal 0 0 1
    outer loop
      vertex 61.4708 23.7172 3
      vertex 54.5292 23.7172 3
      vertex 61.5011 23.6667 3
    endloop
  endfacet
  facet normal 0 0 1
    outer loop
      vertex 61.4115 23.8829 3
      vertex 54.5885 23.8829 3
      vertex 61.4258 23.8258 3
    endloop
  endfacet
  facet normal 0 0 1
    outer loop
      vertex 54.4989 23.6667 3
      vertex 61.5011 23.6667 3
      vertex 54.5292 23.7172 3
    endloop
  endfacet
  facet normal 0 0 1
    outer loop
      vertex 54.5885 23.8829 3
      vertex 61.4115 23.8829 3
      vertex 54.5971 23.9412 3
    endloop
  endfacet
  facet normal 0 0 1
    outer loop
      vertex 61.5011 23.6667 3
      vertex 54.4989 23.6667 3
      vertex 61.5362 23.6194 3
    endloop
  endfacet
  facet normal 0 0 1
    outer loop
      vertex 61.4029 23.9412 3
      vertex 54.5971 23.9412 3
      vertex 61.4115 23.8829 3
    endloop
  endfacet
  facet normal 0 0 1
    outer loop
      vertex 54.4638 23.6194 3
      vertex 61.5362 23.6194 3
      vertex 54.4989 23.6667 3
    endloop
  endfacet
  facet normal 0 0 1
    outer loop
      vertex 54.5971 23.9412 3
      vertex 61.4029 23.9412 3
      vertex 54.6 24 3
    endloop
  endfacet
  facet normal 0 0 1
    outer loop
      vertex 61.5362 23.6194 3
      vertex 54.4638 23.6194 3
      vertex 61.5757 23.5757 3
    endloop
  endfacet
  facet normal -0 0 1
    outer loop
      vertex 54.6 24 3
      vertex 61.4029 23.9412 3
      vertex 61.4 24 3
    endloop
  endfacet
  facet normal 0 0 1
    outer loop
      vertex 54.4243 23.5757 3
      vertex 61.5757 23.5757 3
      vertex 54.4638 23.6194 3
    endloop
  endfacet
  facet normal 0 0 1
    outer loop
      vertex 76 14 3
      vertex 62.4989 15.6667 3
      vertex 73.8686 6.13137 3
    endloop
  endfacet
  facet normal -0 0 1
    outer loop
      vertex 62.3806 15.5362 3
      vertex 73.6696 5.88891 3
      vertex 62.4243 15.5757 3
    endloop
  endfacet
  facet normal 0 0 1
    outer loop
      vertex 73.6696 5.88891 3
      vertex 62.3806 15.5362 3
      vertex 73.5889 5.75423 3
    endloop
  endfacet
  facet normal -0 0 1
    outer loop
      vertex 62.3333 15.5011 3
      vertex 73.5889 5.75423 3
      vertex 62.3806 15.5362 3
    endloop
  endfacet
  facet normal 0 0 1
    outer loop
      vertex 73.5889 5.75423 3
      vertex 62.3333 15.5011 3
      vertex 73.5218 5.61229 3
    endloop
  endfacet
  facet normal 0 0 1
    outer loop
      vertex 73.8686 3.86863 3
      vertex 72 0 3
      vertex 72.7841 0.0385132 3
    endloop
  endfacet
  facet normal -0 0 1
    outer loop
      vertex 62.2828 15.4708 3
      vertex 73.5218 5.61229 3
      vertex 62.3333 15.5011 3
    endloop
  endfacet
  facet normal 0 0 1
    outer loop
      vertex 73.5218 5.61229 3
      vertex 62.2828 15.4708 3
      vertex 73.4689 5.46445 3
    endloop
  endfacet
  facet normal -0 0 1
    outer loop
      vertex 62.2296 15.4457 3
      vertex 73.4689 5.46445 3
      vertex 62.2828 15.4708 3
    endloop
  endfacet
  facet normal 0 0 1
    outer loop
      vertex 73.4689 5.46445 3
      vertex 62.2296 15.4457 3
      vertex 73.4307 5.31214 3
    endloop
  endfacet
  facet normal -0 0 1
    outer loop
      vertex 62.1742 15.4258 3
      vertex 73.4307 5.31214 3
      vertex 62.2296 15.4457 3
    endloop
  endfacet
  facet normal 0 0 1
    outer loop
      vertex 73.4307 5.31214 3
      vertex 62.1742 15.4258 3
      vertex 73.4077 5.15683 3
    endloop
  endfacet
  facet normal -0 0 1
    outer loop
      vertex 62.1171 15.4115 3
      vertex 73.4077 5.15683 3
      vertex 62.1742 15.4258 3
    endloop
  endfacet
  facet normal 0 0 1
    outer loop
      vertex 73.4077 5.15683 3
      vertex 62.1171 15.4115 3
      vertex 73.4 5 3
    endloop
  endfacet
  facet normal -0 0 1
    outer loop
      vertex 62.0588 15.4029 3
      vertex 73.4 5 3
      vertex 62.1171 15.4115 3
    endloop
  endfacet
  facet normal 0 0 1
    outer loop
      vertex 73.4 5 3
      vertex 62.0588 15.4029 3
      vertex 72 0 3
    endloop
  endfacet
  facet normal -0 0 1
    outer loop
      vertex 62 15.4 3
      vertex 72 0 3
      vertex 62.0588 15.4029 3
    endloop
  endfacet
  facet normal 0 0 1
    outer loop
      vertex 61.9412 15.4029 3
      vertex 72 0 3
      vertex 62 15.4 3
    endloop
  endfacet
  facet normal 0 0 1
    outer loop
      vertex 61.8829 15.4115 3
      vertex 72 0 3
      vertex 61.9412 15.4029 3
    endloop
  endfacet
  facet normal 0 0 1
    outer loop
      vertex 61.8258 15.4258 3
      vertex 72 0 3
      vertex 61.8829 15.4115 3
    endloop
  endfacet
  facet normal 0 0 1
    outer loop
      vertex 54.1742 15.4258 3
      vertex 61.8258 15.4258 3
      vertex 61.7704 15.4457 3
    endloop
  endfacet
  facet normal 0 0 1
    outer loop
      vertex 54.2296 15.4457 3
      vertex 61.7704 15.4457 3
      vertex 61.7172 15.4708 3
    endloop
  endfacet
  facet normal 0 0 1
    outer loop
      vertex 54.2828 15.4708 3
      vertex 61.7172 15.4708 3
      vertex 61.6667 15.5011 3
    endloop
  endfacet
  facet normal 0 0 1
    outer loop
      vertex 54.3333 15.5011 3
      vertex 61.6667 15.5011 3
      vertex 61.6194 15.5362 3
    endloop
  endfacet
  facet normal 0 0 1
    outer loop
      vertex 54.3806 15.5362 3
      vertex 61.6194 15.5362 3
      vertex 61.5757 15.5757 3
    endloop
  endfacet
  facet normal 0 0 1
    outer loop
      vertex 54.4243 15.5757 3
      vertex 61.5757 15.5757 3
      vertex 61.5362 15.6194 3
    endloop
  endfacet
  facet normal 0 0 1
    outer loop
      vertex 54.4638 15.6194 3
      vertex 61.5362 15.6194 3
      vertex 61.5011 15.6667 3
    endloop
  endfacet
  facet normal 0 0 1
    outer loop
      vertex 54.4243 16.4243 3
      vertex 61.5757 16.4243 3
      vertex 54.4243 23.5757 3
    endloop
  endfacet
  facet normal 0 0 1
    outer loop
      vertex 61.4 16 3
      vertex 54.6 16 3
      vertex 61.4029 15.9412 3
    endloop
  endfacet
  facet normal 0 0 1
    outer loop
      vertex 54.5971 15.9412 3
      vertex 61.4029 15.9412 3
      vertex 54.6 16 3
    endloop
  endfacet
  facet normal 0 0 1
    outer loop
      vertex 61.4029 15.9412 3
      vertex 54.5971 15.9412 3
      vertex 61.4115 15.8829 3
    endloop
  endfacet
  facet normal 0 0 1
    outer loop
      vertex 54.5885 15.8829 3
      vertex 61.4115 15.8829 3
      vertex 54.5971 15.9412 3
    endloop
  endfacet
  facet normal 0 0 1
    outer loop
      vertex 61.4115 15.8829 3
      vertex 54.5885 15.8829 3
      vertex 61.4258 15.8258 3
    endloop
  endfacet
  facet normal 0 0 1
    outer loop
      vertex 54.5742 15.8258 3
      vertex 61.4258 15.8258 3
      vertex 54.5885 15.8829 3
    endloop
  endfacet
  facet normal 0 0 1
    outer loop
      vertex 61.4258 15.8258 3
      vertex 54.5742 15.8258 3
      vertex 61.4457 15.7704 3
    endloop
  endfacet
  facet normal 0 0 1
    outer loop
      vertex 54.5543 15.7704 3
      vertex 61.4457 15.7704 3
      vertex 54.5742 15.8258 3
    endloop
  endfacet
  facet normal 0 0 1
    outer loop
      vertex 61.4457 15.7704 3
      vertex 54.5543 15.7704 3
      vertex 61.4708 15.7172 3
    endloop
  endfacet
  facet normal 0 0 1
    outer loop
      vertex 54.5292 15.7172 3
      vertex 61.4708 15.7172 3
      vertex 54.5543 15.7704 3
    endloop
  endfacet
  facet normal 0 0 1
    outer loop
      vertex 61.4708 15.7172 3
      vertex 54.5292 15.7172 3
      vertex 61.5011 15.6667 3
    endloop
  endfacet
  facet normal 0 0 1
    outer loop
      vertex 54.4989 15.6667 3
      vertex 61.5011 15.6667 3
      vertex 54.5292 15.7172 3
    endloop
  endfacet
  facet normal 0 0 1
    outer loop
      vertex 54.4638 15.6194 3
      vertex 61.5011 15.6667 3
      vertex 54.4989 15.6667 3
    endloop
  endfacet
  facet normal 0 0 1
    outer loop
      vertex 61.5362 15.6194 3
      vertex 54.4638 15.6194 3
      vertex 54.4243 15.5757 3
    endloop
  endfacet
  facet normal 0 0 1
    outer loop
      vertex 61.5757 15.5757 3
      vertex 54.4243 15.5757 3
      vertex 54.3806 15.5362 3
    endloop
  endfacet
  facet normal 0 0 1
    outer loop
      vertex 61.6194 15.5362 3
      vertex 54.3806 15.5362 3
      vertex 54.3333 15.5011 3
    endloop
  endfacet
  facet normal 0 0 1
    outer loop
      vertex 61.6667 15.5011 3
      vertex 54.3333 15.5011 3
      vertex 54.2828 15.4708 3
    endloop
  endfacet
  facet normal 0 0 1
    outer loop
      vertex 61.7172 15.4708 3
      vertex 54.2828 15.4708 3
      vertex 54.2296 15.4457 3
    endloop
  endfacet
  facet normal 0 0 1
    outer loop
      vertex 61.7704 15.4457 3
      vertex 54.2296 15.4457 3
      vertex 54.1742 15.4258 3
    endloop
  endfacet
  facet normal 0 0 1
    outer loop
      vertex 61.8258 15.4258 3
      vertex 54.1742 15.4258 3
      vertex 72 0 3
    endloop
  endfacet
  facet normal -0 0 1
    outer loop
      vertex 54.1171 15.4115 3
      vertex 72 0 3
      vertex 54.1742 15.4258 3
    endloop
  endfacet
  facet normal -0 0 1
    outer loop
      vertex 54.0588 15.4029 3
      vertex 72 0 3
      vertex 54.1171 15.4115 3
    endloop
  endfacet
  facet normal -0 0 1
    outer loop
      vertex 54 15.4 3
      vertex 72 0 3
      vertex 54.0588 15.4029 3
    endloop
  endfacet
  facet normal 0 0 1
    outer loop
      vertex 53.9412 15.4029 3
      vertex 72 0 3
      vertex 54 15.4 3
    endloop
  endfacet
  facet normal 0 0 1
    outer loop
      vertex 53.8829 15.4115 3
      vertex 72 0 3
      vertex 53.9412 15.4029 3
    endloop
  endfacet
  facet normal 0 0 1
    outer loop
      vertex 53.8258 15.4258 3
      vertex 72 0 3
      vertex 53.8829 15.4115 3
    endloop
  endfacet
  facet normal 0 0 1
    outer loop
      vertex 53.7704 15.4457 3
      vertex 72 0 3
      vertex 53.8258 15.4258 3
    endloop
  endfacet
  facet normal 0 0 1
    outer loop
      vertex 26.2296 15.4457 3
      vertex 53.7704 15.4457 3
      vertex 53.7172 15.4708 3
    endloop
  endfacet
  facet normal 0 0 1
    outer loop
      vertex 26.2828 15.4708 3
      vertex 53.7172 15.4708 3
      vertex 53.6667 15.5011 3
    endloop
  endfacet
  facet normal 0 0 1
    outer loop
      vertex 26.3333 15.5011 3
      vertex 53.6667 15.5011 3
      vertex 53.6194 15.5362 3
    endloop
  endfacet
  facet normal 0 0 1
    outer loop
      vertex 26.5742 16.1742 3
      vertex 53.4258 16.1742 3
      vertex 26.5742 23.8258 3
    endloop
  endfacet
  facet normal 0 0 1
    outer loop
      vertex 53.4 16 3
      vertex 26.6 16 3
      vertex 53.4029 15.9412 3
    endloop
  endfacet
  facet normal 0 0 1
    outer loop
      vertex 26.5971 15.9412 3
      vertex 53.4029 15.9412 3
      vertex 26.6 16 3
    endloop
  endfacet
  facet normal 0 0 1
    outer loop
      vertex 53.4029 15.9412 3
      vertex 26.5971 15.9412 3
      vertex 53.4115 15.8829 3
    endloop
  endfacet
  facet normal 0 0 1
    outer loop
      vertex 26.5885 15.8829 3
      vertex 53.4115 15.8829 3
      vertex 26.5971 15.9412 3
    endloop
  endfacet
  facet normal 0 0 1
    outer loop
      vertex 53.4115 15.8829 3
      vertex 26.5885 15.8829 3
      vertex 53.4258 15.8258 3
    endloop
  endfacet
  facet normal 0 0 1
    outer loop
      vertex 26.5742 15.8258 3
      vertex 53.4258 15.8258 3
      vertex 26.5885 15.8829 3
    endloop
  endfacet
  facet normal 0 0 1
    outer loop
      vertex 53.4258 15.8258 3
      vertex 26.5742 15.8258 3
      vertex 53.4457 15.7704 3
    endloop
  endfacet
  facet normal 0 0 1
    outer loop
      vertex 26.5543 15.7704 3
      vertex 53.4457 15.7704 3
      vertex 26.5742 15.8258 3
    endloop
  endfacet
  facet normal 0 0 1
    outer loop
      vertex 53.4457 15.7704 3
      vertex 26.5543 15.7704 3
      vertex 53.4708 15.7172 3
    endloop
  endfacet
  facet normal 0 0 1
    outer loop
      vertex 26.5292 15.7172 3
      vertex 53.4708 15.7172 3
      vertex 26.5543 15.7704 3
    endloop
  endfacet
  facet normal 0 0 1
    outer loop
      vertex 53.4708 15.7172 3
      vertex 26.5292 15.7172 3
      vertex 53.5011 15.6667 3
    endloop
  endfacet
  facet normal 0 0 1
    outer loop
      vertex 26.4989 15.6667 3
      vertex 53.5011 15.6667 3
      vertex 26.5292 15.7172 3
    endloop
  endfacet
  facet normal 0 0 1
    outer loop
      vertex 53.5011 15.6667 3
      vertex 26.4989 15.6667 3
      vertex 53.5362 15.6194 3
    endloop
  endfacet
  facet normal 0 0 1
    outer loop
      vertex 26.4638 15.6194 3
      vertex 53.5362 15.6194 3
      vertex 26.4989 15.6667 3
    endloop
  endfacet
  facet normal 0 0 1
    outer loop
      vertex 53.5362 15.6194 3
      vertex 26.4638 15.6194 3
      vertex 53.5757 15.5757 3
    endloop
  endfacet
  facet normal 0 0 1
    outer loop
      vertex 26.4243 15.5757 3
      vertex 53.5757 15.5757 3
      vertex 26.4638 15.6194 3
    endloop
  endfacet
  facet normal 0 0 1
    outer loop
      vertex 53.5757 15.5757 3
      vertex 26.4243 15.5757 3
      vertex 53.6194 15.5362 3
    endloop
  endfacet
  facet normal 0 0 1
    outer loop
      vertex 26.3806 15.5362 3
      vertex 53.6194 15.5362 3
      vertex 26.4243 15.5757 3
    endloop
  endfacet
  facet normal 0 0 1
    outer loop
      vertex 26.3333 15.5011 3
      vertex 53.6194 15.5362 3
      vertex 26.3806 15.5362 3
    endloop
  endfacet
  facet normal 0 0 1
    outer loop
      vertex 53.6667 15.5011 3
      vertex 26.3333 15.5011 3
      vertex 26.2828 15.4708 3
    endloop
  endfacet
  facet normal 0 0 1
    outer loop
      vertex 53.7172 15.4708 3
      vertex 26.2828 15.4708 3
      vertex 26.2296 15.4457 3
    endloop
  endfacet
  facet normal 0 0 1
    outer loop
      vertex 53.7704 15.4457 3
      vertex 26.2296 15.4457 3
      vertex 72 0 3
    endloop
  endfacet
  facet normal 0 0 1
    outer loop
      vertex 8 0 3
      vertex 26.2296 15.4457 3
      vertex 26.1742 15.4258 3
    endloop
  endfacet
  facet normal 0 0 1
    outer loop
      vertex 8 0 3
      vertex 26.1742 15.4258 3
      vertex 26.1171 15.4115 3
    endloop
  endfacet
  facet normal 0 0 1
    outer loop
      vertex 8 0 3
      vertex 26.1171 15.4115 3
      vertex 26.0588 15.4029 3
    endloop
  endfacet
  facet normal 0 0 1
    outer loop
      vertex 8 0 3
      vertex 26.0588 15.4029 3
      vertex 26 15.4 3
    endloop
  endfacet
  facet normal 0 0 1
    outer loop
      vertex 8 0 3
      vertex 26 15.4 3
      vertex 25.9412 15.4029 3
    endloop
  endfacet
  facet normal 0 0 1
    outer loop
      vertex 8 0 3
      vertex 25.9412 15.4029 3
      vertex 25.8829 15.4115 3
    endloop
  endfacet
  facet normal 0 0 1
    outer loop
      vertex 8 0 3
      vertex 25.8829 15.4115 3
      vertex 25.8258 15.4258 3
    endloop
  endfacet
  facet normal 0 0 1
    outer loop
      vertex 18.4243 16.4243 3
      vertex 25.5757 16.4243 3
      vertex 18.4243 23.5757 3
    endloop
  endfacet
  facet normal 0 0 1
    outer loop
      vertex 25.4 16 3
      vertex 18.6 16 3
      vertex 25.4029 15.9412 3
    endloop
  endfacet
  facet normal 0 0 1
    outer loop
      vertex 18.5971 15.9412 3
      vertex 25.4029 15.9412 3
      vertex 18.6 16 3
    endloop
  endfacet
  facet normal 0 0 1
    outer loop
      vertex 25.4029 15.9412 3
      vertex 18.5971 15.9412 3
      vertex 25.4115 15.8829 3
    endloop
  endfacet
  facet normal 0 0 1
    outer loop
      vertex 18.5885 15.8829 3
      vertex 25.4115 15.8829 3
      vertex 18.5971 15.9412 3
    endloop
  endfacet
  facet normal 0 0 1
    outer loop
      vertex 25.4115 15.8829 3
      vertex 18.5885 15.8829 3
      vertex 25.4258 15.8258 3
    endloop
  endfacet
  facet normal 0 0 1
    outer loop
      vertex 18.5742 15.8258 3
      vertex 25.4258 15.8258 3
      vertex 18.5885 15.8829 3
    endloop
  endfacet
  facet normal 0 0 1
    outer loop
      vertex 25.4258 15.8258 3
      vertex 18.5742 15.8258 3
      vertex 25.4457 15.7704 3
    endloop
  endfacet
  facet normal 0 0 1
    outer loop
      vertex 18.5543 15.7704 3
      vertex 25.4457 15.7704 3
      vertex 18.5742 15.8258 3
    endloop
  endfacet
  facet normal 0 0 1
    outer loop
      vertex 25.4457 15.7704 3
      vertex 18.5543 15.7704 3
      vertex 25.4708 15.7172 3
    endloop
  endfacet
  facet normal 0 0 1
    outer loop
      vertex 18.5292 15.7172 3
      vertex 25.4708 15.7172 3
      vertex 18.5543 15.7704 3
    endloop
  endfacet
  facet normal 0 0 1
    outer loop
      vertex 25.4708 15.7172 3
      vertex 18.5292 15.7172 3
      vertex 25.5011 15.6667 3
    endloop
  endfacet
  facet normal 0 0 1
    outer loop
      vertex 18.4989 15.6667 3
      vertex 25.5011 15.6667 3
      vertex 18.5292 15.7172 3
    endloop
  endfacet
  facet normal 0 0 1
    outer loop
      vertex 25.5011 15.6667 3
      vertex 18.4989 15.6667 3
      vertex 25.5362 15.6194 3
    endloop
  endfacet
  facet normal 0 0 1
    outer loop
      vertex 18.4638 15.6194 3
      vertex 25.5362 15.6194 3
      vertex 18.4989 15.6667 3
    endloop
  endfacet
  facet normal 0 0 1
    outer loop
      vertex 25.5362 15.6194 3
      vertex 18.4638 15.6194 3
      vertex 25.5757 15.5757 3
    endloop
  endfacet
  facet normal 0 0 1
    outer loop
      vertex 18.4243 15.5757 3
      vertex 25.5757 15.5757 3
      vertex 18.4638 15.6194 3
    endloop
  endfacet
  facet normal 0 0 1
    outer loop
      vertex 25.5757 15.5757 3
      vertex 18.4243 15.5757 3
      vertex 25.6194 15.5362 3
    endloop
  endfacet
  facet normal 0 0 1
    outer loop
      vertex 18.3806 15.5362 3
      vertex 25.6194 15.5362 3
      vertex 18.4243 15.5757 3
    endloop
  endfacet
  facet normal 0 0 1
    outer loop
      vertex 25.6194 15.5362 3
      vertex 18.3806 15.5362 3
      vertex 25.6667 15.5011 3
    endloop
  endfacet
  facet normal 0 0 1
    outer loop
      vertex 18.3333 15.5011 3
      vertex 25.6667 15.5011 3
      vertex 18.3806 15.5362 3
    endloop
  endfacet
  facet normal 0 0 1
    outer loop
      vertex 25.6667 15.5011 3
      vertex 18.3333 15.5011 3
      vertex 25.7172 15.4708 3
    endloop
  endfacet
  facet normal 0 0 1
    outer loop
      vertex 18.2828 15.4708 3
      vertex 25.7172 15.4708 3
      vertex 18.3333 15.5011 3
    endloop
  endfacet
  facet normal 0 0 1
    outer loop
      vertex 25.7172 15.4708 3
      vertex 18.2828 15.4708 3
      vertex 25.7704 15.4457 3
    endloop
  endfacet
  facet normal 0 0 1
    outer loop
      vertex 18.2296 15.4457 3
      vertex 25.7704 15.4457 3
      vertex 18.2828 15.4708 3
    endloop
  endfacet
  facet normal 0 0 1
    outer loop
      vertex 25.7704 15.4457 3
      vertex 18.2296 15.4457 3
      vertex 25.8258 15.4258 3
    endloop
  endfacet
  facet normal 0 0 1
    outer loop
      vertex 18.1742 15.4258 3
      vertex 25.8258 15.4258 3
      vertex 18.2296 15.4457 3
    endloop
  endfacet
  facet normal 0 0 1
    outer loop
      vertex 25.8258 15.4258 3
      vertex 18.1742 15.4258 3
      vertex 8 0 3
    endloop
  endfacet
  facet normal 0 0 1
    outer loop
      vertex 8 0 3
      vertex 18.1742 15.4258 3
      vertex 18.1171 15.4115 3
    endloop
  endfacet
  facet normal 0 0 1
    outer loop
      vertex 8 0 3
      vertex 18.1171 15.4115 3
      vertex 18.0588 15.4029 3
    endloop
  endfacet
  facet normal 0 0 1
    outer loop
      vertex 8 0 3
      vertex 18.0588 15.4029 3
      vertex 18 15.4 3
    endloop
  endfacet
  facet normal 0 0 1
    outer loop
      vertex 8 0 3
      vertex 18 15.4 3
      vertex 17.9412 15.4029 3
    endloop
  endfacet
  facet normal 0 0 1
    outer loop
      vertex 6.6 5 3
      vertex 17.9412 15.4029 3
      vertex 17.8829 15.4115 3
    endloop
  endfacet
  facet normal 0 0 1
    outer loop
      vertex 6.6 5 3
      vertex 17.8829 15.4115 3
      vertex 17.8258 15.4258 3
    endloop
  endfacet
  facet normal 0 0 1
    outer loop
      vertex 6.59229 44.8432 3
      vertex 8 50 3
      vertex 6.6 45 3
    endloop
  endfacet
  facet normal 0 0 1
    outer loop
      vertex 18.0588 24.5971 3
      vertex 6.41107 44.2458 3
      vertex 18 24.6 3
    endloop
  endfacet
  facet normal 0 0 1
    outer loop
      vertex 6.6 5 3
      vertex 17.4029 15.9412 3
      vertex 17.4 16 3
    endloop
  endfacet
  facet normal 0 0 1
    outer loop
      vertex 26.2296 15.4457 3
      vertex 8 0 3
      vertex 72 0 3
    endloop
  endfacet
  facet normal 0 0 1
    outer loop
      vertex 6.6 5 3
      vertex 17.8258 15.4258 3
      vertex 17.7704 15.4457 3
    endloop
  endfacet
  facet normal 0 0 1
    outer loop
      vertex 6.6 5 3
      vertex 17.7704 15.4457 3
      vertex 17.7172 15.4708 3
    endloop
  endfacet
  facet normal 0 0 1
    outer loop
      vertex 6.6 5 3
      vertex 17.7172 15.4708 3
      vertex 17.6667 15.5011 3
    endloop
  endfacet
  facet normal 0 0 1
    outer loop
      vertex 6.6 5 3
      vertex 17.6667 15.5011 3
      vertex 17.6194 15.5362 3
    endloop
  endfacet
  facet normal 0 0 1
    outer loop
      vertex 6.6 5 3
      vertex 17.6194 15.5362 3
      vertex 17.5757 15.5757 3
    endloop
  endfacet
  facet normal 0 0 1
    outer loop
      vertex 6.6 5 3
      vertex 17.5757 15.5757 3
      vertex 17.5362 15.6194 3
    endloop
  endfacet
  facet normal 0 0 1
    outer loop
      vertex 6.6 5 3
      vertex 17.5362 15.6194 3
      vertex 17.5011 15.6667 3
    endloop
  endfacet
  facet normal 0 0 1
    outer loop
      vertex 6.6 5 3
      vertex 17.5011 15.6667 3
      vertex 17.4708 15.7172 3
    endloop
  endfacet
  facet normal 0 0 1
    outer loop
      vertex 6.6 5 3
      vertex 17.4708 15.7172 3
      vertex 17.4457 15.7704 3
    endloop
  endfacet
  facet normal 0 0 1
    outer loop
      vertex 6.6 5 3
      vertex 17.4457 15.7704 3
      vertex 17.4258 15.8258 3
    endloop
  endfacet
  facet normal 0 0 1
    outer loop
      vertex 6.6 5 3
      vertex 17.4115 15.8829 3
      vertex 17.4029 15.9412 3
    endloop
  endfacet
  facet normal 0 0 1
    outer loop
      vertex 6.13137 46.1314 3
      vertex 8 50 3
      vertex 7.21585 49.9615 3
    endloop
  endfacet
  facet normal 0 0 1
    outer loop
      vertex 6.6 5 3
      vertex 17.4258 15.8258 3
      vertex 17.4115 15.8829 3
    endloop
  endfacet
  facet normal 0 0 1
    outer loop
      vertex 17.9412 15.4029 3
      vertex 6.6 5 3
      vertex 8 0 3
    endloop
  endfacet
  facet normal 0 0 1
    outer loop
      vertex 8 50 3
      vertex 6.59229 45.1568 3
      vertex 6.6 45 3
    endloop
  endfacet
  facet normal 0 0 1
    outer loop
      vertex 8 50 3
      vertex 6.56926 45.3121 3
      vertex 6.59229 45.1568 3
    endloop
  endfacet
  facet normal 0 0 1
    outer loop
      vertex 8 50 3
      vertex 6.5311 45.4645 3
      vertex 6.56926 45.3121 3
    endloop
  endfacet
  facet normal 0 0 1
    outer loop
      vertex 8 50 3
      vertex 6.47821 45.6123 3
      vertex 6.5311 45.4645 3
    endloop
  endfacet
  facet normal 0 0 1
    outer loop
      vertex 5.88891 46.3304 3
      vertex 7.21585 49.9615 3
      vertex 6.43927 49.8463 3
    endloop
  endfacet
  facet normal 0 0 1
    outer loop
      vertex 8 50 3
      vertex 6.41107 45.7542 3
      vertex 6.47821 45.6123 3
    endloop
  endfacet
  facet normal 0 0 1
    outer loop
      vertex 8 50 3
      vertex 6.33035 45.8889 3
      vertex 6.41107 45.7542 3
    endloop
  endfacet
  facet normal 0 0 1
    outer loop
      vertex 8 50 3
      vertex 6.23682 46.015 3
      vertex 6.33035 45.8889 3
    endloop
  endfacet
  facet normal 0 0 1
    outer loop
      vertex 8 50 3
      vertex 6.13137 46.1314 3
      vertex 6.23682 46.015 3
    endloop
  endfacet
  facet normal 0 0 1
    outer loop
      vertex 7.21585 49.9615 3
      vertex 6.01503 46.2368 3
      vertex 6.13137 46.1314 3
    endloop
  endfacet
  facet normal 0 0 1
    outer loop
      vertex 7.21585 49.9615 3
      vertex 5.88891 46.3304 3
      vertex 6.01503 46.2368 3
    endloop
  endfacet
  facet normal 0 0 1
    outer loop
      vertex 6.43927 49.8463 3
      vertex 5.75423 46.4111 3
      vertex 5.88891 46.3304 3
    endloop
  endfacet
  facet normal -0 0 1
    outer loop
      vertex 5.67772 49.6555 3
      vertex 5.75423 46.4111 3
      vertex 6.43927 49.8463 3
    endloop
  endfacet
  facet normal 0 0 1
    outer loop
      vertex 5.67772 49.6555 3
      vertex 5.61229 46.4782 3
      vertex 5.75423 46.4111 3
    endloop
  endfacet
  facet normal 0 0 1
    outer loop
      vertex 5.67772 49.6555 3
      vertex 5.46445 46.5311 3
      vertex 5.61229 46.4782 3
    endloop
  endfacet
  facet normal -0 0 1
    outer loop
      vertex 4.93852 49.391 3
      vertex 5.46445 46.5311 3
      vertex 5.67772 49.6555 3
    endloop
  endfacet
  facet normal 0 0 1
    outer loop
      vertex 5.46445 46.5311 3
      vertex 4.93852 49.391 3
      vertex 5.31214 46.5693 3
    endloop
  endfacet
  facet normal 0 0 1
    outer loop
      vertex 5.31214 46.5693 3
      vertex 4.93852 49.391 3
      vertex 5.15683 46.5923 3
    endloop
  endfacet
  facet normal -0 0 1
    outer loop
      vertex 4.22882 49.0554 3
      vertex 5.15683 46.5923 3
      vertex 4.93852 49.391 3
    endloop
  endfacet
  facet normal 0 0 1
    outer loop
      vertex 5.15683 46.5923 3
      vertex 4.22882 49.0554 3
      vertex 5 46.6 3
    endloop
  endfacet
  facet normal 0 0 1
    outer loop
      vertex 5 46.6 3
      vertex 4.22882 49.0554 3
      vertex 4.84317 46.5923 3
    endloop
  endfacet
  facet normal 0 0 1
    outer loop
      vertex 4.84317 46.5923 3
      vertex 4.22882 49.0554 3
      vertex 4.68785 46.5693 3
    endloop
  endfacet
  facet normal -0 0 1
    outer loop
      vertex 3.55544 48.6517 3
      vertex 4.68785 46.5693 3
      vertex 4.22882 49.0554 3
    endloop
  endfacet
  facet normal 0 0 1
    outer loop
      vertex 4.68785 46.5693 3
      vertex 3.55544 48.6517 3
      vertex 4.53554 46.5311 3
    endloop
  endfacet
  facet normal 0 0 1
    outer loop
      vertex 4.53554 46.5311 3
      vertex 3.55544 48.6517 3
      vertex 4.38771 46.4782 3
    endloop
  endfacet
  facet normal -0 0 1
    outer loop
      vertex 2.92485 48.1841 3
      vertex 4.38771 46.4782 3
      vertex 3.55544 48.6517 3
    endloop
  endfacet
  facet normal 0 0 1
    outer loop
      vertex 4.38771 46.4782 3
      vertex 2.92485 48.1841 3
      vertex 4.24576 46.4111 3
    endloop
  endfacet
  facet normal 0 0 1
    outer loop
      vertex 4.24576 46.4111 3
      vertex 2.92485 48.1841 3
      vertex 4.11109 46.3304 3
    endloop
  endfacet
  facet normal 0 0 1
    outer loop
      vertex 4.11109 46.3304 3
      vertex 2.92485 48.1841 3
      vertex 3.98497 46.2368 3
    endloop
  endfacet
  facet normal 0 0 1
    outer loop
      vertex 3.98497 46.2368 3
      vertex 2.92485 48.1841 3
      vertex 3.86863 46.1314 3
    endloop
  endfacet
  facet normal 0 0 1
    outer loop
      vertex 3.86863 46.1314 3
      vertex 2.92485 48.1841 3
      vertex 3.76318 46.015 3
    endloop
  endfacet
  facet normal 0 0 1
    outer loop
      vertex 3.76318 46.015 3
      vertex 2.92485 48.1841 3
      vertex 3.66965 45.8889 3
    endloop
  endfacet
  facet normal 0 0 1
    outer loop
      vertex 3.66965 45.8889 3
      vertex 2.92485 48.1841 3
      vertex 3.58893 45.7542 3
    endloop
  endfacet
  facet normal 0 0 1
    outer loop
      vertex 3.58893 45.7542 3
      vertex 2.92485 48.1841 3
      vertex 3.52179 45.6123 3
    endloop
  endfacet
  facet normal 0 0 1
    outer loop
      vertex 3.52179 45.6123 3
      vertex 2.92485 48.1841 3
      vertex 3.46889 45.4645 3
    endloop
  endfacet
  facet normal 0 0 1
    outer loop
      vertex 3.46889 45.4645 3
      vertex 2.92485 48.1841 3
      vertex 3.43074 45.3121 3
    endloop
  endfacet
  facet normal 0 0 1
    outer loop
      vertex 0 42 3
      vertex 3.43074 45.3121 3
      vertex 2.92485 48.1841 3
    endloop
  endfacet
  facet normal 0 0 1
    outer loop
      vertex 3.4077 45.1568 3
      vertex 0 42 3
      vertex 3.4 45 3
    endloop
  endfacet
  facet normal 0 0 1
    outer loop
      vertex 3.43074 45.3121 3
      vertex 0 42 3
      vertex 3.4077 45.1568 3
    endloop
  endfacet
  facet normal 0.998797 -0.0490387 0
    outer loop
      vertex 79.9615 7.21585 3
      vertex 80 8 0
      vertex 80 8 3
    endloop
  endfacet
  facet normal 0.998797 -0.0490387 0
    outer loop
      vertex 80 8 0
      vertex 79.9615 7.21585 3
      vertex 79.9615 7.21585 0
    endloop
  endfacet
  facet normal -0.336897 -0.941542 0
    outer loop
      vertex 4.93852 0.608963 0
      vertex 5.67772 0.344467 3
      vertex 4.93852 0.608963 3
    endloop
  endfacet
  facet normal -0.336897 -0.941542 -0
    outer loop
      vertex 5.67772 0.344467 3
      vertex 4.93852 0.608963 0
      vertex 5.67772 0.344467 0
    endloop
  endfacet
  facet normal 0.85765 0.514233 0
    outer loop
      vertex 79.0554 45.7712 3
      vertex 78.6517 46.4445 0
      vertex 78.6517 46.4445 3
    endloop
  endfacet
  facet normal 0.85765 0.514233 0
    outer loop
      vertex 78.6517 46.4445 0
      vertex 79.0554 45.7712 3
      vertex 79.0554 45.7712 0
    endloop
  endfacet
  facet normal 0 1 -0
    outer loop
      vertex 72 50 0
      vertex 8 50 3
      vertex 72 50 3
    endloop
  endfacet
  facet normal 0 1 0
    outer loop
      vertex 8 50 3
      vertex 72 50 0
      vertex 8 50 0
    endloop
  endfacet
  facet normal 0.0490418 0.998797 -0
    outer loop
      vertex 72.7841 49.9615 0
      vertex 72 50 3
      vertex 72.7841 49.9615 3
    endloop
  endfacet
  facet normal 0.0490418 0.998797 0
    outer loop
      vertex 72 50 3
      vertex 72.7841 49.9615 0
      vertex 72 50 0
    endloop
  endfacet
  facet normal -0.671607 0.740908 0
    outer loop
      vertex 2.92485 48.1841 0
      vertex 2.34314 47.6568 3
      vertex 2.92485 48.1841 3
    endloop
  endfacet
  facet normal -0.671607 0.740908 0
    outer loop
      vertex 2.34314 47.6568 3
      vertex 2.92485 48.1841 0
      vertex 2.34314 47.6568 0
    endloop
  endfacet
  facet normal -0.970038 0.242955 0
    outer loop
      vertex 0.153717 43.5607 0
      vertex 0.344467 44.3223 3
      vertex 0.344467 44.3223 0
    endloop
  endfacet
  facet normal -0.970038 0.242955 0
    outer loop
      vertex 0.344467 44.3223 3
      vertex 0.153717 43.5607 0
      vertex 0.153717 43.5607 3
    endloop
  endfacet
  facet normal 0.671571 -0.74094 0
    outer loop
      vertex 77.0751 1.8159 0
      vertex 77.6568 2.34314 3
      vertex 77.0751 1.8159 3
    endloop
  endfacet
  facet normal 0.671571 -0.74094 0
    outer loop
      vertex 77.6568 2.34314 3
      vertex 77.0751 1.8159 0
      vertex 77.6568 2.34314 0
    endloop
  endfacet
  facet normal 0.970019 -0.24303 0
    outer loop
      vertex 79.6555 5.67772 3
      vertex 79.8463 6.43927 0
      vertex 79.8463 6.43927 3
    endloop
  endfacet
  facet normal 0.970019 -0.24303 0
    outer loop
      vertex 79.8463 6.43927 0
      vertex 79.6555 5.67772 3
      vertex 79.6555 5.67772 0
    endloop
  endfacet
  facet normal 1 -0 0
    outer loop
      vertex 80 28 3
      vertex 80 42 0
      vertex 80 42 3
    endloop
  endfacet
  facet normal 1 0 0
    outer loop
      vertex 80 42 0
      vertex 80 28 3
      vertex 80 28 0
    endloop
  endfacet
  facet normal 1 -0 0
    outer loop
      vertex 80 8 3
      vertex 80 14 0
      vertex 80 14 3
    endloop
  endfacet
  facet normal 1 0 0
    outer loop
      vertex 80 14 0
      vertex 80 8 3
      vertex 80 8 0
    endloop
  endfacet
  facet normal 0.0490586 -0.998796 0
    outer loop
      vertex 72 0 0
      vertex 72.7841 0.0385132 3
      vertex 72 0 3
    endloop
  endfacet
  facet normal 0.0490586 -0.998796 0
    outer loop
      vertex 72.7841 0.0385132 3
      vertex 72 0 0
      vertex 72.7841 0.0385132 0
    endloop
  endfacet
  facet normal -0.0490555 -0.998796 0
    outer loop
      vertex 7.21585 0.0385132 0
      vertex 8 0 3
      vertex 7.21585 0.0385132 3
    endloop
  endfacet
  facet normal -0.0490555 -0.998796 -0
    outer loop
      vertex 8 0 3
      vertex 7.21585 0.0385132 0
      vertex 8 0 0
    endloop
  endfacet
  facet normal 0 -1 0
    outer loop
      vertex 8 0 0
      vertex 72 0 3
      vertex 8 0 3
    endloop
  endfacet
  facet normal 0 -1 -0
    outer loop
      vertex 72 0 3
      vertex 8 0 0
      vertex 72 0 0
    endloop
  endfacet
  facet normal -0.857725 -0.514108 0
    outer loop
      vertex 1.34824 3.55544 0
      vertex 0.944626 4.22882 3
      vertex 0.944626 4.22882 0
    endloop
  endfacet
  facet normal -0.857725 -0.514108 0
    outer loop
      vertex 0.944626 4.22882 3
      vertex 1.34824 3.55544 0
      vertex 1.34824 3.55544 3
    endloop
  endfacet
  facet normal 0.740902 0.671613 0
    outer loop
      vertex 78.1841 47.0751 3
      vertex 77.6568 47.6568 0
      vertex 77.6568 47.6568 3
    endloop
  endfacet
  facet normal 0.740902 0.671613 0
    outer loop
      vertex 77.6568 47.6568 0
      vertex 78.1841 47.0751 3
      vertex 78.1841 47.0751 0
    endloop
  endfacet
  facet normal 0.671613 0.740902 -0
    outer loop
      vertex 77.6568 47.6568 0
      vertex 77.0751 48.1841 3
      vertex 77.6568 47.6568 3
    endloop
  endfacet
  facet normal 0.671613 0.740902 0
    outer loop
      vertex 77.0751 48.1841 3
      vertex 77.6568 47.6568 0
      vertex 77.0751 48.1841 0
    endloop
  endfacet
  facet normal 0.336901 0.94154 -0
    outer loop
      vertex 75.0615 49.391 0
      vertex 74.3223 49.6555 3
      vertex 75.0615 49.391 3
    endloop
  endfacet
  facet normal 0.336901 0.94154 0
    outer loop
      vertex 74.3223 49.6555 3
      vertex 75.0615 49.391 0
      vertex 74.3223 49.6555 0
    endloop
  endfacet
  facet normal -0.146737 0.989176 0
    outer loop
      vertex 7.21585 49.9615 0
      vertex 6.43927 49.8463 3
      vertex 7.21585 49.9615 3
    endloop
  endfacet
  facet normal -0.146737 0.989176 0
    outer loop
      vertex 6.43927 49.8463 3
      vertex 7.21585 49.9615 0
      vertex 6.43927 49.8463 0
    endloop
  endfacet
  facet normal -0.427489 0.90402 0
    outer loop
      vertex 4.93852 49.391 0
      vertex 4.22882 49.0554 3
      vertex 4.93852 49.391 3
    endloop
  endfacet
  facet normal -0.427489 0.90402 0
    outer loop
      vertex 4.22882 49.0554 3
      vertex 4.93852 49.391 0
      vertex 4.22882 49.0554 0
    endloop
  endfacet
  facet normal -0.74094 0.671571 0
    outer loop
      vertex 1.8159 47.0751 0
      vertex 2.34314 47.6568 3
      vertex 2.34314 47.6568 0
    endloop
  endfacet
  facet normal -0.74094 0.671571 0
    outer loop
      vertex 2.34314 47.6568 3
      vertex 1.8159 47.0751 0
      vertex 1.8159 47.0751 3
    endloop
  endfacet
  facet normal -0.857699 0.514153 0
    outer loop
      vertex 0.944626 45.7712 0
      vertex 1.34824 46.4445 3
      vertex 1.34824 46.4445 0
    endloop
  endfacet
  facet normal -0.857699 0.514153 0
    outer loop
      vertex 1.34824 46.4445 3
      vertex 0.944626 45.7712 0
      vertex 0.944626 45.7712 3
    endloop
  endfacet
  facet normal -0.941542 0.336897 0
    outer loop
      vertex 0.344467 44.3223 0
      vertex 0.608963 45.0615 3
      vertex 0.608963 45.0615 0
    endloop
  endfacet
  facet normal -0.941542 0.336897 0
    outer loop
      vertex 0.608963 45.0615 3
      vertex 0.344467 44.3223 0
      vertex 0.344467 44.3223 3
    endloop
  endfacet
  facet normal -0.903989 0.427555 0
    outer loop
      vertex 0.608963 45.0615 0
      vertex 0.944626 45.7712 3
      vertex 0.944626 45.7712 0
    endloop
  endfacet
  facet normal -0.903989 0.427555 0
    outer loop
      vertex 0.944626 45.7712 3
      vertex 0.608963 45.0615 0
      vertex 0.608963 45.0615 3
    endloop
  endfacet
  facet normal 0.427555 -0.903989 0
    outer loop
      vertex 75.0615 0.608963 0
      vertex 75.7712 0.944626 3
      vertex 75.0615 0.608963 3
    endloop
  endfacet
  facet normal 0.427555 -0.903989 0
    outer loop
      vertex 75.7712 0.944626 3
      vertex 75.0615 0.608963 0
      vertex 75.7712 0.944626 0
    endloop
  endfacet
  facet normal 0.94154 -0.336901 0
    outer loop
      vertex 79.391 4.93852 3
      vertex 79.6555 5.67772 0
      vertex 79.6555 5.67772 3
    endloop
  endfacet
  facet normal 0.94154 -0.336901 0
    outer loop
      vertex 79.6555 5.67772 0
      vertex 79.391 4.93852 3
      vertex 79.391 4.93852 0
    endloop
  endfacet
  facet normal 0.90402 -0.427489 0
    outer loop
      vertex 79.0554 4.22882 3
      vertex 79.391 4.93852 0
      vertex 79.391 4.93852 3
    endloop
  endfacet
  facet normal 0.90402 -0.427489 0
    outer loop
      vertex 79.391 4.93852 0
      vertex 79.0554 4.22882 3
      vertex 79.0554 4.22882 0
    endloop
  endfacet
  facet normal 0.242955 -0.970038 0
    outer loop
      vertex 73.5607 0.153717 0
      vertex 74.3223 0.344467 3
      vertex 73.5607 0.153717 3
    endloop
  endfacet
  facet normal 0.242955 -0.970038 0
    outer loop
      vertex 74.3223 0.344467 3
      vertex 73.5607 0.153717 0
      vertex 74.3223 0.344467 0
    endloop
  endfacet
  facet normal 0.336897 -0.941542 0
    outer loop
      vertex 74.3223 0.344467 0
      vertex 75.0615 0.608963 3
      vertex 74.3223 0.344467 3
    endloop
  endfacet
  facet normal 0.336897 -0.941542 0
    outer loop
      vertex 75.0615 0.608963 3
      vertex 74.3223 0.344467 0
      vertex 75.0615 0.608963 0
    endloop
  endfacet
  facet normal -0.24297 -0.970034 0
    outer loop
      vertex 5.67772 0.344467 0
      vertex 6.43927 0.153717 3
      vertex 5.67772 0.344467 3
    endloop
  endfacet
  facet normal -0.24297 -0.970034 -0
    outer loop
      vertex 6.43927 0.153717 3
      vertex 5.67772 0.344467 0
      vertex 6.43927 0.153717 0
    endloop
  endfacet
  facet normal -0.595685 -0.803218 0
    outer loop
      vertex 2.92485 1.8159 0
      vertex 3.55544 1.34824 3
      vertex 2.92485 1.8159 3
    endloop
  endfacet
  facet normal -0.595685 -0.803218 -0
    outer loop
      vertex 3.55544 1.34824 3
      vertex 2.92485 1.8159 0
      vertex 3.55544 1.34824 0
    endloop
  endfacet
  facet normal -0.803218 -0.595685 0
    outer loop
      vertex 1.8159 2.92485 0
      vertex 1.34824 3.55544 3
      vertex 1.34824 3.55544 0
    endloop
  endfacet
  facet normal -0.803218 -0.595685 0
    outer loop
      vertex 1.34824 3.55544 3
      vertex 1.8159 2.92485 0
      vertex 1.8159 2.92485 3
    endloop
  endfacet
  facet normal 0.803259 0.59563 0
    outer loop
      vertex 78.6517 46.4445 3
      vertex 78.1841 47.0751 0
      vertex 78.1841 47.0751 3
    endloop
  endfacet
  facet normal 0.803259 0.59563 0
    outer loop
      vertex 78.1841 47.0751 0
      vertex 78.6517 46.4445 3
      vertex 78.6517 46.4445 0
    endloop
  endfacet
  facet normal 0.146733 0.989176 -0
    outer loop
      vertex 73.5607 49.8463 0
      vertex 72.7841 49.9615 3
      vertex 73.5607 49.8463 3
    endloop
  endfacet
  facet normal 0.146733 0.989176 0
    outer loop
      vertex 72.7841 49.9615 3
      vertex 73.5607 49.8463 0
      vertex 72.7841 49.9615 0
    endloop
  endfacet
  facet normal 0.427489 0.90402 -0
    outer loop
      vertex 75.7712 49.0554 0
      vertex 75.0615 49.391 3
      vertex 75.7712 49.0554 3
    endloop
  endfacet
  facet normal 0.427489 0.90402 0
    outer loop
      vertex 75.0615 49.391 3
      vertex 75.7712 49.0554 0
      vertex 75.0615 49.391 0
    endloop
  endfacet
  facet normal 0.59563 0.803259 -0
    outer loop
      vertex 77.0751 48.1841 0
      vertex 76.4445 48.6517 3
      vertex 77.0751 48.1841 3
    endloop
  endfacet
  facet normal 0.59563 0.803259 0
    outer loop
      vertex 76.4445 48.6517 3
      vertex 77.0751 48.1841 0
      vertex 76.4445 48.6517 0
    endloop
  endfacet
  facet normal 0.514233 0.85765 -0
    outer loop
      vertex 76.4445 48.6517 0
      vertex 75.7712 49.0554 3
      vertex 76.4445 48.6517 3
    endloop
  endfacet
  facet normal 0.514233 0.85765 0
    outer loop
      vertex 75.7712 49.0554 3
      vertex 76.4445 48.6517 0
      vertex 75.7712 49.0554 0
    endloop
  endfacet
  facet normal -0.24303 0.970019 0
    outer loop
      vertex 6.43927 49.8463 0
      vertex 5.67772 49.6555 3
      vertex 6.43927 49.8463 3
    endloop
  endfacet
  facet normal -0.24303 0.970019 0
    outer loop
      vertex 5.67772 49.6555 3
      vertex 6.43927 49.8463 0
      vertex 5.67772 49.6555 0
    endloop
  endfacet
  facet normal -0.0490387 0.998797 0
    outer loop
      vertex 8 50 0
      vertex 7.21585 49.9615 3
      vertex 8 50 3
    endloop
  endfacet
  facet normal -0.0490387 0.998797 0
    outer loop
      vertex 7.21585 49.9615 3
      vertex 8 50 0
      vertex 7.21585 49.9615 0
    endloop
  endfacet
  facet normal -0.989175 0.146738 0
    outer loop
      vertex 0.0385132 42.7841 0
      vertex 0.153717 43.5607 3
      vertex 0.153717 43.5607 0
    endloop
  endfacet
  facet normal -0.989175 0.146738 0
    outer loop
      vertex 0.153717 43.5607 3
      vertex 0.0385132 42.7841 0
      vertex 0.0385132 42.7841 3
    endloop
  endfacet
  facet normal -0.803223 0.595679 0
    outer loop
      vertex 1.34824 46.4445 0
      vertex 1.8159 47.0751 3
      vertex 1.8159 47.0751 0
    endloop
  endfacet
  facet normal -0.803223 0.595679 0
    outer loop
      vertex 1.8159 47.0751 3
      vertex 1.34824 46.4445 0
      vertex 1.34824 46.4445 3
    endloop
  endfacet
  facet normal 0.514153 -0.857699 0
    outer loop
      vertex 75.7712 0.944626 0
      vertex 76.4445 1.34824 3
      vertex 75.7712 0.944626 3
    endloop
  endfacet
  facet normal 0.514153 -0.857699 0
    outer loop
      vertex 76.4445 1.34824 3
      vertex 75.7712 0.944626 0
      vertex 76.4445 1.34824 0
    endloop
  endfacet
  facet normal 0.740908 -0.671607 0
    outer loop
      vertex 77.6568 2.34314 3
      vertex 78.1841 2.92485 0
      vertex 78.1841 2.92485 3
    endloop
  endfacet
  facet normal 0.740908 -0.671607 0
    outer loop
      vertex 78.1841 2.92485 0
      vertex 77.6568 2.34314 3
      vertex 77.6568 2.34314 0
    endloop
  endfacet
  facet normal 0.989176 -0.146737 0
    outer loop
      vertex 79.8463 6.43927 3
      vertex 79.9615 7.21585 0
      vertex 79.9615 7.21585 3
    endloop
  endfacet
  facet normal 0.989176 -0.146737 0
    outer loop
      vertex 79.9615 7.21585 0
      vertex 79.8463 6.43927 3
      vertex 79.8463 6.43927 0
    endloop
  endfacet
  facet normal 0.803255 -0.595636 0
    outer loop
      vertex 78.1841 2.92485 3
      vertex 78.6517 3.55544 0
      vertex 78.6517 3.55544 3
    endloop
  endfacet
  facet normal 0.803255 -0.595636 0
    outer loop
      vertex 78.6517 3.55544 0
      vertex 78.1841 2.92485 3
      vertex 78.1841 2.92485 0
    endloop
  endfacet
  facet normal 0.146738 -0.989175 0
    outer loop
      vertex 72.7841 0.0385132 0
      vertex 73.5607 0.153717 3
      vertex 72.7841 0.0385132 3
    endloop
  endfacet
  facet normal 0.146738 -0.989175 0
    outer loop
      vertex 73.5607 0.153717 3
      vertex 72.7841 0.0385132 0
      vertex 73.5607 0.153717 0
    endloop
  endfacet
  facet normal -0.146742 -0.989175 0
    outer loop
      vertex 6.43927 0.153717 0
      vertex 7.21585 0.0385132 3
      vertex 6.43927 0.153717 3
    endloop
  endfacet
  facet normal -0.146742 -0.989175 -0
    outer loop
      vertex 7.21585 0.0385132 3
      vertex 6.43927 0.153717 0
      vertex 7.21585 0.0385132 0
    endloop
  endfacet
  facet normal -0.427555 -0.903989 0
    outer loop
      vertex 4.22882 0.944626 0
      vertex 4.93852 0.608963 3
      vertex 4.22882 0.944626 3
    endloop
  endfacet
  facet normal -0.427555 -0.903989 -0
    outer loop
      vertex 4.93852 0.608963 3
      vertex 4.22882 0.944626 0
      vertex 4.93852 0.608963 0
    endloop
  endfacet
  facet normal -0.903989 -0.427555 0
    outer loop
      vertex 0.944626 4.22882 0
      vertex 0.608963 4.93852 3
      vertex 0.608963 4.93852 0
    endloop
  endfacet
  facet normal -0.903989 -0.427555 0
    outer loop
      vertex 0.608963 4.93852 3
      vertex 0.944626 4.22882 0
      vertex 0.944626 4.22882 3
    endloop
  endfacet
  facet normal -0.970034 -0.24297 0
    outer loop
      vertex 0.344467 5.67772 0
      vertex 0.153717 6.43927 3
      vertex 0.153717 6.43927 0
    endloop
  endfacet
  facet normal -0.970034 -0.24297 0
    outer loop
      vertex 0.153717 6.43927 3
      vertex 0.344467 5.67772 0
      vertex 0.344467 5.67772 3
    endloop
  endfacet
  facet normal -0.740946 -0.671565 0
    outer loop
      vertex 2.34314 2.34314 0
      vertex 1.8159 2.92485 3
      vertex 1.8159 2.92485 0
    endloop
  endfacet
  facet normal -0.740946 -0.671565 0
    outer loop
      vertex 1.8159 2.92485 3
      vertex 2.34314 2.34314 0
      vertex 2.34314 2.34314 3
    endloop
  endfacet
  facet normal -0.671565 -0.740946 0
    outer loop
      vertex 2.34314 2.34314 0
      vertex 2.92485 1.8159 3
      vertex 2.34314 2.34314 3
    endloop
  endfacet
  facet normal -0.671565 -0.740946 -0
    outer loop
      vertex 2.92485 1.8159 3
      vertex 2.34314 2.34314 0
      vertex 2.92485 1.8159 0
    endloop
  endfacet
  facet normal 0.90402 0.427489 0
    outer loop
      vertex 79.391 45.0615 3
      vertex 79.0554 45.7712 0
      vertex 79.0554 45.7712 3
    endloop
  endfacet
  facet normal 0.90402 0.427489 0
    outer loop
      vertex 79.0554 45.7712 0
      vertex 79.391 45.0615 3
      vertex 79.391 45.0615 0
    endloop
  endfacet
  facet normal 0.94154 0.336901 0
    outer loop
      vertex 79.6555 44.3223 3
      vertex 79.391 45.0615 0
      vertex 79.391 45.0615 3
    endloop
  endfacet
  facet normal 0.94154 0.336901 0
    outer loop
      vertex 79.391 45.0615 0
      vertex 79.6555 44.3223 3
      vertex 79.6555 44.3223 0
    endloop
  endfacet
  facet normal 0.970023 0.243015 0
    outer loop
      vertex 79.8463 43.5607 3
      vertex 79.6555 44.3223 0
      vertex 79.6555 44.3223 3
    endloop
  endfacet
  facet normal 0.970023 0.243015 0
    outer loop
      vertex 79.6555 44.3223 0
      vertex 79.8463 43.5607 3
      vertex 79.8463 43.5607 0
    endloop
  endfacet
  facet normal 0.243015 0.970023 -0
    outer loop
      vertex 74.3223 49.6555 0
      vertex 73.5607 49.8463 3
      vertex 74.3223 49.6555 3
    endloop
  endfacet
  facet normal 0.243015 0.970023 0
    outer loop
      vertex 73.5607 49.8463 3
      vertex 74.3223 49.6555 0
      vertex 73.5607 49.8463 0
    endloop
  endfacet
  facet normal -0.595636 0.803255 0
    outer loop
      vertex 3.55544 48.6517 0
      vertex 2.92485 48.1841 3
      vertex 3.55544 48.6517 3
    endloop
  endfacet
  facet normal -0.595636 0.803255 0
    outer loop
      vertex 2.92485 48.1841 3
      vertex 3.55544 48.6517 0
      vertex 2.92485 48.1841 0
    endloop
  endfacet
  facet normal -0.514189 0.857677 0
    outer loop
      vertex 4.22882 49.0554 0
      vertex 3.55544 48.6517 3
      vertex 4.22882 49.0554 3
    endloop
  endfacet
  facet normal -0.514189 0.857677 0
    outer loop
      vertex 3.55544 48.6517 3
      vertex 4.22882 49.0554 0
      vertex 3.55544 48.6517 0
    endloop
  endfacet
  facet normal 0.595679 -0.803223 0
    outer loop
      vertex 76.4445 1.34824 0
      vertex 77.0751 1.8159 3
      vertex 76.4445 1.34824 3
    endloop
  endfacet
  facet normal 0.595679 -0.803223 0
    outer loop
      vertex 77.0751 1.8159 3
      vertex 76.4445 1.34824 0
      vertex 77.0751 1.8159 0
    endloop
  endfacet
  facet normal 0.857677 -0.514189 0
    outer loop
      vertex 78.6517 3.55544 3
      vertex 79.0554 4.22882 0
      vertex 79.0554 4.22882 3
    endloop
  endfacet
  facet normal 0.857677 -0.514189 0
    outer loop
      vertex 79.0554 4.22882 0
      vertex 78.6517 3.55544 3
      vertex 78.6517 3.55544 0
    endloop
  endfacet
  facet normal -0.514108 -0.857725 0
    outer loop
      vertex 3.55544 1.34824 0
      vertex 4.22882 0.944626 3
      vertex 3.55544 1.34824 3
    endloop
  endfacet
  facet normal -0.514108 -0.857725 -0
    outer loop
      vertex 4.22882 0.944626 3
      vertex 3.55544 1.34824 0
      vertex 4.22882 0.944626 0
    endloop
  endfacet
  facet normal -0.941542 -0.336897 0
    outer loop
      vertex 0.608963 4.93852 0
      vertex 0.344467 5.67772 3
      vertex 0.344467 5.67772 0
    endloop
  endfacet
  facet normal -0.941542 -0.336897 0
    outer loop
      vertex 0.344467 5.67772 3
      vertex 0.608963 4.93852 0
      vertex 0.608963 4.93852 3
    endloop
  endfacet
  facet normal 0.989176 0.146733 0
    outer loop
      vertex 79.9615 42.7841 3
      vertex 79.8463 43.5607 0
      vertex 79.8463 43.5607 3
    endloop
  endfacet
  facet normal 0.989176 0.146733 0
    outer loop
      vertex 79.8463 43.5607 0
      vertex 79.9615 42.7841 3
      vertex 79.9615 42.7841 0
    endloop
  endfacet
  facet normal 1 -0 0
    outer loop
      vertex 76 14 3
      vertex 76 28 0
      vertex 76 28 3
    endloop
  endfacet
  facet normal 1 0 0
    outer loop
      vertex 76 28 0
      vertex 76 14 3
      vertex 76 14 0
    endloop
  endfacet
  facet normal 0 1 -0
    outer loop
      vertex 80 14 0
      vertex 76 14 3
      vertex 80 14 3
    endloop
  endfacet
  facet normal 0 1 0
    outer loop
      vertex 76 14 3
      vertex 80 14 0
      vertex 76 14 0
    endloop
  endfacet
  facet normal 0 -1 0
    outer loop
      vertex 76 28 0
      vertex 80 28 3
      vertex 76 28 3
    endloop
  endfacet
  facet normal 0 -1 -0
    outer loop
      vertex 80 28 3
      vertex 76 28 0
      vertex 80 28 0
    endloop
  endfacet
endsolid OpenSCAD_Model
