solid OpenSCAD_Model
  facet normal 0.998795 0.0490818 0
    outer loop
      vertex 18 0 30
      vertex 17.9133 1.76431 0
      vertex 17.9133 1.76431 30
    endloop
  endfacet
  facet normal 0.998795 0.0490818 0
    outer loop
      vertex 17.9133 1.76431 0
      vertex 18 0 30
      vertex 18 0 0
    endloop
  endfacet
  facet normal -0.998795 0.0490818 0
    outer loop
      vertex -18 0 0
      vertex -17.9133 1.76431 30
      vertex -17.9133 1.76431 0
    endloop
  endfacet
  facet normal -0.998795 0.0490818 0
    outer loop
      vertex -17.9133 1.76431 30
      vertex -18 0 0
      vertex -18 0 30
    endloop
  endfacet
  facet normal 0.0490818 0.998795 -0
    outer loop
      vertex 1.76431 17.9133 0
      vertex 0 18 30
      vertex 1.76431 17.9133 30
    endloop
  endfacet
  facet normal 0.0490818 0.998795 0
    outer loop
      vertex 0 18 30
      vertex 1.76431 17.9133 0
      vertex 0 18 0
    endloop
  endfacet
  facet normal 0.671582 0.740931 -0
    outer loop
      vertex 12.7279 12.7279 0
      vertex 11.4191 13.9142 30
      vertex 12.7279 12.7279 30
    endloop
  endfacet
  facet normal 0.671582 0.740931 0
    outer loop
      vertex 11.4191 13.9142 30
      vertex 12.7279 12.7279 0
      vertex 11.4191 13.9142 0
    endloop
  endfacet
  facet normal -0.671582 0.740931 0
    outer loop
      vertex -11.4191 13.9142 0
      vertex -12.7279 12.7279 30
      vertex -11.4191 13.9142 30
    endloop
  endfacet
  facet normal -0.671582 0.740931 0
    outer loop
      vertex -12.7279 12.7279 30
      vertex -11.4191 13.9142 0
      vertex -12.7279 12.7279 0
    endloop
  endfacet
  facet normal -0.336892 0.941543 0
    outer loop
      vertex -5.22512 17.2249 0
      vertex -6.8883 16.6298 30
      vertex -5.22512 17.2249 30
    endloop
  endfacet
  facet normal -0.336892 0.941543 0
    outer loop
      vertex -6.8883 16.6298 30
      vertex -5.22512 17.2249 0
      vertex -6.8883 16.6298 0
    endloop
  endfacet
  facet normal 0.904 0.427532 0
    outer loop
      vertex 16.6298 6.8883 30
      vertex 15.8746 8.48514 0
      vertex 15.8746 8.48514 30
    endloop
  endfacet
  facet normal 0.904 0.427532 0
    outer loop
      vertex 15.8746 8.48514 0
      vertex 16.6298 6.8883 30
      vertex 16.6298 6.8883 0
    endloop
  endfacet
  facet normal 0.336892 0.941543 -0
    outer loop
      vertex 6.8883 16.6298 0
      vertex 5.22512 17.2249 30
      vertex 6.8883 16.6298 30
    endloop
  endfacet
  facet normal 0.336892 0.941543 0
    outer loop
      vertex 5.22512 17.2249 30
      vertex 6.8883 16.6298 0
      vertex 5.22512 17.2249 0
    endloop
  endfacet
  facet normal 0.242977 0.970032 -0
    outer loop
      vertex 5.22512 17.2249 0
      vertex 3.51163 17.6541 30
      vertex 5.22512 17.2249 30
    endloop
  endfacet
  facet normal 0.242977 0.970032 0
    outer loop
      vertex 3.51163 17.6541 30
      vertex 5.22512 17.2249 0
      vertex 3.51163 17.6541 0
    endloop
  endfacet
  facet normal 0.514081 0.857742 -0
    outer loop
      vertex 10.0003 14.9665 0
      vertex 8.48514 15.8746 30
      vertex 10.0003 14.9665 30
    endloop
  endfacet
  facet normal 0.514081 0.857742 0
    outer loop
      vertex 8.48514 15.8746 30
      vertex 10.0003 14.9665 0
      vertex 8.48514 15.8746 0
    endloop
  endfacet
  facet normal -0.904 0.427532 0
    outer loop
      vertex -16.6298 6.8883 0
      vertex -15.8746 8.48514 30
      vertex -15.8746 8.48514 0
    endloop
  endfacet
  facet normal -0.904 0.427532 0
    outer loop
      vertex -15.8746 8.48514 30
      vertex -16.6298 6.8883 0
      vertex -16.6298 6.8883 30
    endloop
  endfacet
  facet normal -0.146736 0.989176 0
    outer loop
      vertex -1.76431 17.9133 0
      vertex -3.51163 17.6541 30
      vertex -1.76431 17.9133 30
    endloop
  endfacet
  facet normal -0.146736 0.989176 0
    outer loop
      vertex -3.51163 17.6541 30
      vertex -1.76431 17.9133 0
      vertex -3.51163 17.6541 0
    endloop
  endfacet
  facet normal 0 0 -1
    outer loop
      vertex 17.9133 -1.76431 0
      vertex 17.9133 1.76431 0
      vertex 18 0 0
    endloop
  endfacet
  facet normal 0 0 -1
    outer loop
      vertex 17.6541 -3.51163 0
      vertex 17.9133 1.76431 0
      vertex 17.9133 -1.76431 0
    endloop
  endfacet
  facet normal 0 0 -1
    outer loop
      vertex 17.6541 -3.51163 0
      vertex 17.6541 3.51163 0
      vertex 17.9133 1.76431 0
    endloop
  endfacet
  facet normal 0 0 -1
    outer loop
      vertex 17.2249 -5.22512 0
      vertex 17.6541 3.51163 0
      vertex 17.6541 -3.51163 0
    endloop
  endfacet
  facet normal 0 0 -1
    outer loop
      vertex 17.2249 -5.22512 0
      vertex 17.2249 5.22512 0
      vertex 17.6541 3.51163 0
    endloop
  endfacet
  facet normal 0 0 -1
    outer loop
      vertex 16.6298 -6.8883 0
      vertex 17.2249 5.22512 0
      vertex 17.2249 -5.22512 0
    endloop
  endfacet
  facet normal 0 0 -1
    outer loop
      vertex 16.6298 -6.8883 0
      vertex 16.6298 6.8883 0
      vertex 17.2249 5.22512 0
    endloop
  endfacet
  facet normal 0 0 -1
    outer loop
      vertex 15.8746 -8.48514 0
      vertex 16.6298 6.8883 0
      vertex 16.6298 -6.8883 0
    endloop
  endfacet
  facet normal 0 0 -1
    outer loop
      vertex 15.8746 -8.48514 0
      vertex 15.8746 8.48514 0
      vertex 16.6298 6.8883 0
    endloop
  endfacet
  facet normal 0 0 -1
    outer loop
      vertex 14.9665 -10.0003 0
      vertex 15.8746 8.48514 0
      vertex 15.8746 -8.48514 0
    endloop
  endfacet
  facet normal 0 0 -1
    outer loop
      vertex 14.9665 -10.0003 0
      vertex 14.9665 10.0003 0
      vertex 15.8746 8.48514 0
    endloop
  endfacet
  facet normal 0 0 -1
    outer loop
      vertex 13.9142 -11.4191 0
      vertex 14.9665 10.0003 0
      vertex 14.9665 -10.0003 0
    endloop
  endfacet
  facet normal 0 0 -1
    outer loop
      vertex 13.9142 -11.4191 0
      vertex 13.9142 11.4191 0
      vertex 14.9665 10.0003 0
    endloop
  endfacet
  facet normal 0 0 -1
    outer loop
      vertex 12.7279 -12.7279 0
      vertex 13.9142 11.4191 0
      vertex 13.9142 -11.4191 0
    endloop
  endfacet
  facet normal 0 0 -1
    outer loop
      vertex 12.7279 -12.7279 0
      vertex 12.7279 12.7279 0
      vertex 13.9142 11.4191 0
    endloop
  endfacet
  facet normal 0 0 -1
    outer loop
      vertex 11.4191 -13.9142 0
      vertex 12.7279 12.7279 0
      vertex 12.7279 -12.7279 0
    endloop
  endfacet
  facet normal 0 0 -1
    outer loop
      vertex 11.4191 -13.9142 0
      vertex 11.4191 13.9142 0
      vertex 12.7279 12.7279 0
    endloop
  endfacet
  facet normal 0 0 -1
    outer loop
      vertex 10.0003 -14.9665 0
      vertex 11.4191 13.9142 0
      vertex 11.4191 -13.9142 0
    endloop
  endfacet
  facet normal 0 0 -1
    outer loop
      vertex 10.0003 -14.9665 0
      vertex 10.0003 14.9665 0
      vertex 11.4191 13.9142 0
    endloop
  endfacet
  facet normal 0 0 -1
    outer loop
      vertex 8.48514 -15.8746 0
      vertex 10.0003 14.9665 0
      vertex 10.0003 -14.9665 0
    endloop
  endfacet
  facet normal 0 0 -1
    outer loop
      vertex 8.48514 -15.8746 0
      vertex 8.48514 15.8746 0
      vertex 10.0003 14.9665 0
    endloop
  endfacet
  facet normal 0 0 -1
    outer loop
      vertex 6.8883 -16.6298 0
      vertex 8.48514 15.8746 0
      vertex 8.48514 -15.8746 0
    endloop
  endfacet
  facet normal 0 0 -1
    outer loop
      vertex 6.8883 -16.6298 0
      vertex 6.8883 16.6298 0
      vertex 8.48514 15.8746 0
    endloop
  endfacet
  facet normal 0 0 -1
    outer loop
      vertex 5.22512 -17.2249 0
      vertex 6.8883 16.6298 0
      vertex 6.8883 -16.6298 0
    endloop
  endfacet
  facet normal 0 0 -1
    outer loop
      vertex 5.22512 -17.2249 0
      vertex 5.22512 17.2249 0
      vertex 6.8883 16.6298 0
    endloop
  endfacet
  facet normal 0 0 -1
    outer loop
      vertex 3.51163 -17.6541 0
      vertex 5.22512 17.2249 0
      vertex 5.22512 -17.2249 0
    endloop
  endfacet
  facet normal 0 0 -1
    outer loop
      vertex 3.51163 -17.6541 0
      vertex 3.51163 17.6541 0
      vertex 5.22512 17.2249 0
    endloop
  endfacet
  facet normal 0 0 -1
    outer loop
      vertex 1.76431 -17.9133 0
      vertex 3.51163 17.6541 0
      vertex 3.51163 -17.6541 0
    endloop
  endfacet
  facet normal 0 0 -1
    outer loop
      vertex 1.76431 -17.9133 0
      vertex 1.76431 17.9133 0
      vertex 3.51163 17.6541 0
    endloop
  endfacet
  facet normal 0 0 -1
    outer loop
      vertex 0 -18 0
      vertex 1.76431 17.9133 0
      vertex 1.76431 -17.9133 0
    endloop
  endfacet
  facet normal 0 0 -1
    outer loop
      vertex 0 -18 0
      vertex 0 18 0
      vertex 1.76431 17.9133 0
    endloop
  endfacet
  facet normal 0 0 -1
    outer loop
      vertex -1.76431 -17.9133 0
      vertex 0 18 0
      vertex 0 -18 0
    endloop
  endfacet
  facet normal 0 0 -1
    outer loop
      vertex -1.76431 -17.9133 0
      vertex -1.76431 17.9133 0
      vertex 0 18 0
    endloop
  endfacet
  facet normal 0 0 -1
    outer loop
      vertex -3.51163 -17.6541 0
      vertex -1.76431 17.9133 0
      vertex -1.76431 -17.9133 0
    endloop
  endfacet
  facet normal 0 0 -1
    outer loop
      vertex -3.51163 -17.6541 0
      vertex -3.51163 17.6541 0
      vertex -1.76431 17.9133 0
    endloop
  endfacet
  facet normal 0 0 -1
    outer loop
      vertex -5.22512 -17.2249 0
      vertex -3.51163 17.6541 0
      vertex -3.51163 -17.6541 0
    endloop
  endfacet
  facet normal 0 0 -1
    outer loop
      vertex -5.22512 -17.2249 0
      vertex -5.22512 17.2249 0
      vertex -3.51163 17.6541 0
    endloop
  endfacet
  facet normal 0 0 -1
    outer loop
      vertex -6.8883 -16.6298 0
      vertex -5.22512 17.2249 0
      vertex -5.22512 -17.2249 0
    endloop
  endfacet
  facet normal 0 0 -1
    outer loop
      vertex -6.8883 -16.6298 0
      vertex -6.8883 16.6298 0
      vertex -5.22512 17.2249 0
    endloop
  endfacet
  facet normal 0 0 -1
    outer loop
      vertex -8.48514 -15.8746 0
      vertex -6.8883 16.6298 0
      vertex -6.8883 -16.6298 0
    endloop
  endfacet
  facet normal 0 0 -1
    outer loop
      vertex -8.48514 -15.8746 0
      vertex -8.48514 15.8746 0
      vertex -6.8883 16.6298 0
    endloop
  endfacet
  facet normal 0 0 -1
    outer loop
      vertex -10.0003 -14.9665 0
      vertex -8.48514 15.8746 0
      vertex -8.48514 -15.8746 0
    endloop
  endfacet
  facet normal 0 0 -1
    outer loop
      vertex -10.0003 -14.9665 0
      vertex -10.0003 14.9665 0
      vertex -8.48514 15.8746 0
    endloop
  endfacet
  facet normal 0 0 -1
    outer loop
      vertex -11.4191 -13.9142 0
      vertex -10.0003 14.9665 0
      vertex -10.0003 -14.9665 0
    endloop
  endfacet
  facet normal 0 0 -1
    outer loop
      vertex -11.4191 -13.9142 0
      vertex -11.4191 13.9142 0
      vertex -10.0003 14.9665 0
    endloop
  endfacet
  facet normal 0 0 -1
    outer loop
      vertex -12.7279 -12.7279 0
      vertex -11.4191 13.9142 0
      vertex -11.4191 -13.9142 0
    endloop
  endfacet
  facet normal 0 0 -1
    outer loop
      vertex -12.7279 -12.7279 0
      vertex -12.7279 12.7279 0
      vertex -11.4191 13.9142 0
    endloop
  endfacet
  facet normal 0 0 -1
    outer loop
      vertex -13.9142 -11.4191 0
      vertex -12.7279 12.7279 0
      vertex -12.7279 -12.7279 0
    endloop
  endfacet
  facet normal 0 0 -1
    outer loop
      vertex -13.9142 -11.4191 0
      vertex -13.9142 11.4191 0
      vertex -12.7279 12.7279 0
    endloop
  endfacet
  facet normal 0 0 -1
    outer loop
      vertex -14.9665 -10.0003 0
      vertex -13.9142 11.4191 0
      vertex -13.9142 -11.4191 0
    endloop
  endfacet
  facet normal 0 0 -1
    outer loop
      vertex -14.9665 -10.0003 0
      vertex -14.9665 10.0003 0
      vertex -13.9142 11.4191 0
    endloop
  endfacet
  facet normal 0 0 -1
    outer loop
      vertex -15.8746 -8.48514 0
      vertex -14.9665 10.0003 0
      vertex -14.9665 -10.0003 0
    endloop
  endfacet
  facet normal 0 0 -1
    outer loop
      vertex -15.8746 -8.48514 0
      vertex -15.8746 8.48514 0
      vertex -14.9665 10.0003 0
    endloop
  endfacet
  facet normal 0 0 -1
    outer loop
      vertex -16.6298 -6.8883 0
      vertex -15.8746 8.48514 0
      vertex -15.8746 -8.48514 0
    endloop
  endfacet
  facet normal 0 0 -1
    outer loop
      vertex -16.6298 -6.8883 0
      vertex -16.6298 6.8883 0
      vertex -15.8746 8.48514 0
    endloop
  endfacet
  facet normal 0 0 -1
    outer loop
      vertex -17.2249 -5.22512 0
      vertex -16.6298 6.8883 0
      vertex -16.6298 -6.8883 0
    endloop
  endfacet
  facet normal 0 0 -1
    outer loop
      vertex -17.2249 -5.22512 0
      vertex -17.2249 5.22512 0
      vertex -16.6298 6.8883 0
    endloop
  endfacet
  facet normal 0 0 -1
    outer loop
      vertex -17.6541 -3.51163 0
      vertex -17.2249 5.22512 0
      vertex -17.2249 -5.22512 0
    endloop
  endfacet
  facet normal 0 0 -1
    outer loop
      vertex -17.6541 -3.51163 0
      vertex -17.6541 3.51163 0
      vertex -17.2249 5.22512 0
    endloop
  endfacet
  facet normal 0 0 -1
    outer loop
      vertex -17.9133 -1.76431 0
      vertex -17.6541 3.51163 0
      vertex -17.6541 -3.51163 0
    endloop
  endfacet
  facet normal 0 0 -1
    outer loop
      vertex -17.9133 -1.76431 0
      vertex -17.9133 1.76431 0
      vertex -17.6541 3.51163 0
    endloop
  endfacet
  facet normal 0 -0 -1
    outer loop
      vertex -17.9133 1.76431 0
      vertex -17.9133 -1.76431 0
      vertex -18 0 0
    endloop
  endfacet
  facet normal 0.970032 0.242977 0
    outer loop
      vertex 17.6541 3.51163 30
      vertex 17.2249 5.22512 0
      vertex 17.2249 5.22512 30
    endloop
  endfacet
  facet normal 0.970032 0.242977 0
    outer loop
      vertex 17.2249 5.22512 0
      vertex 17.6541 3.51163 30
      vertex 17.6541 3.51163 0
    endloop
  endfacet
  facet normal 0.989176 0.146736 0
    outer loop
      vertex 17.9133 1.76431 30
      vertex 17.6541 3.51163 0
      vertex 17.6541 3.51163 30
    endloop
  endfacet
  facet normal 0.989176 0.146736 0
    outer loop
      vertex 17.6541 3.51163 0
      vertex 17.9133 1.76431 30
      vertex 17.9133 1.76431 0
    endloop
  endfacet
  facet normal 0.941543 0.336892 0
    outer loop
      vertex 17.2249 5.22512 30
      vertex 16.6298 6.8883 0
      vertex 16.6298 6.8883 30
    endloop
  endfacet
  facet normal 0.941543 0.336892 0
    outer loop
      vertex 16.6298 6.8883 0
      vertex 17.2249 5.22512 30
      vertex 17.2249 5.22512 0
    endloop
  endfacet
  facet normal 0.803195 0.595716 0
    outer loop
      vertex 14.9665 10.0003 30
      vertex 13.9142 11.4191 0
      vertex 13.9142 11.4191 30
    endloop
  endfacet
  facet normal 0.803195 0.595716 0
    outer loop
      vertex 13.9142 11.4191 0
      vertex 14.9665 10.0003 30
      vertex 14.9665 10.0003 0
    endloop
  endfacet
  facet normal 0.740931 0.671582 0
    outer loop
      vertex 13.9142 11.4191 30
      vertex 12.7279 12.7279 0
      vertex 12.7279 12.7279 30
    endloop
  endfacet
  facet normal 0.740931 0.671582 0
    outer loop
      vertex 12.7279 12.7279 0
      vertex 13.9142 11.4191 30
      vertex 13.9142 11.4191 0
    endloop
  endfacet
  facet normal 0.857742 0.514081 0
    outer loop
      vertex 15.8746 8.48514 30
      vertex 14.9665 10.0003 0
      vertex 14.9665 10.0003 30
    endloop
  endfacet
  facet normal 0.857742 0.514081 0
    outer loop
      vertex 14.9665 10.0003 0
      vertex 15.8746 8.48514 30
      vertex 15.8746 8.48514 0
    endloop
  endfacet
  facet normal 0.146736 0.989176 -0
    outer loop
      vertex 3.51163 17.6541 0
      vertex 1.76431 17.9133 30
      vertex 3.51163 17.6541 30
    endloop
  endfacet
  facet normal 0.146736 0.989176 0
    outer loop
      vertex 1.76431 17.9133 30
      vertex 3.51163 17.6541 0
      vertex 1.76431 17.9133 0
    endloop
  endfacet
  facet normal 0.427532 0.904 -0
    outer loop
      vertex 8.48514 15.8746 0
      vertex 6.8883 16.6298 30
      vertex 8.48514 15.8746 30
    endloop
  endfacet
  facet normal 0.427532 0.904 0
    outer loop
      vertex 6.8883 16.6298 30
      vertex 8.48514 15.8746 0
      vertex 6.8883 16.6298 0
    endloop
  endfacet
  facet normal 0.595716 0.803195 -0
    outer loop
      vertex 11.4191 13.9142 0
      vertex 10.0003 14.9665 30
      vertex 11.4191 13.9142 30
    endloop
  endfacet
  facet normal 0.595716 0.803195 0
    outer loop
      vertex 10.0003 14.9665 30
      vertex 11.4191 13.9142 0
      vertex 10.0003 14.9665 0
    endloop
  endfacet
  facet normal -0.970032 0.242977 0
    outer loop
      vertex -17.6541 3.51163 0
      vertex -17.2249 5.22512 30
      vertex -17.2249 5.22512 0
    endloop
  endfacet
  facet normal -0.970032 0.242977 0
    outer loop
      vertex -17.2249 5.22512 30
      vertex -17.6541 3.51163 0
      vertex -17.6541 3.51163 30
    endloop
  endfacet
  facet normal -0.803195 0.595716 0
    outer loop
      vertex -14.9665 10.0003 0
      vertex -13.9142 11.4191 30
      vertex -13.9142 11.4191 0
    endloop
  endfacet
  facet normal -0.803195 0.595716 0
    outer loop
      vertex -13.9142 11.4191 30
      vertex -14.9665 10.0003 0
      vertex -14.9665 10.0003 30
    endloop
  endfacet
  facet normal -0.740931 0.671582 0
    outer loop
      vertex -13.9142 11.4191 0
      vertex -12.7279 12.7279 30
      vertex -12.7279 12.7279 0
    endloop
  endfacet
  facet normal -0.740931 0.671582 0
    outer loop
      vertex -12.7279 12.7279 30
      vertex -13.9142 11.4191 0
      vertex -13.9142 11.4191 30
    endloop
  endfacet
  facet normal -0.857742 0.514081 0
    outer loop
      vertex -15.8746 8.48514 0
      vertex -14.9665 10.0003 30
      vertex -14.9665 10.0003 0
    endloop
  endfacet
  facet normal -0.857742 0.514081 0
    outer loop
      vertex -14.9665 10.0003 30
      vertex -15.8746 8.48514 0
      vertex -15.8746 8.48514 30
    endloop
  endfacet
  facet normal -0.941543 0.336892 0
    outer loop
      vertex -17.2249 5.22512 0
      vertex -16.6298 6.8883 30
      vertex -16.6298 6.8883 0
    endloop
  endfacet
  facet normal -0.941543 0.336892 0
    outer loop
      vertex -16.6298 6.8883 30
      vertex -17.2249 5.22512 0
      vertex -17.2249 5.22512 30
    endloop
  endfacet
  facet normal -0.989176 0.146736 0
    outer loop
      vertex -17.9133 1.76431 0
      vertex -17.6541 3.51163 30
      vertex -17.6541 3.51163 0
    endloop
  endfacet
  facet normal -0.989176 0.146736 0
    outer loop
      vertex -17.6541 3.51163 30
      vertex -17.9133 1.76431 0
      vertex -17.9133 1.76431 30
    endloop
  endfacet
  facet normal 0 0 -1
    outer loop
      vertex 18 0 30
      vertex 20 0 30
      vertex 19.9037 -1.96034 30
    endloop
  endfacet
  facet normal 0 0 -1
    outer loop
      vertex 17.9133 -1.76431 30
      vertex 19.9037 -1.96034 30
      vertex 19.6157 -3.90181 30
    endloop
  endfacet
  facet normal 0 0 -1
    outer loop
      vertex 20 0 30
      vertex 18 0 30
      vertex 19.9037 1.96034 30
    endloop
  endfacet
  facet normal 0 0 -1
    outer loop
      vertex 17.6541 -3.51163 30
      vertex 19.6157 -3.90181 30
      vertex 19.1388 -5.80569 30
    endloop
  endfacet
  facet normal 0 0 -1
    outer loop
      vertex 17.9133 1.76431 30
      vertex 19.9037 1.96034 30
      vertex 18 0 30
    endloop
  endfacet
  facet normal 0 0 -1
    outer loop
      vertex 17.2249 -5.22512 30
      vertex 19.1388 -5.80569 30
      vertex 18.4776 -7.65367 30
    endloop
  endfacet
  facet normal -0 0 -1
    outer loop
      vertex 19.9037 1.96034 30
      vertex 17.9133 1.76431 30
      vertex 19.6157 3.90181 30
    endloop
  endfacet
  facet normal 0 0 -1
    outer loop
      vertex 17.6541 3.51163 30
      vertex 19.6157 3.90181 30
      vertex 17.9133 1.76431 30
    endloop
  endfacet
  facet normal 0 0 -1
    outer loop
      vertex 19.9037 -1.96034 30
      vertex 17.9133 -1.76431 30
      vertex 18 0 30
    endloop
  endfacet
  facet normal 0 0 -1
    outer loop
      vertex 19.6157 -3.90181 30
      vertex 17.6541 -3.51163 30
      vertex 17.9133 -1.76431 30
    endloop
  endfacet
  facet normal 0 0 -1
    outer loop
      vertex 16.6298 -6.8883 30
      vertex 18.4776 -7.65367 30
      vertex 17.6384 -9.42793 30
    endloop
  endfacet
  facet normal 0 0 -1
    outer loop
      vertex 19.1388 -5.80569 30
      vertex 17.2249 -5.22512 30
      vertex 17.6541 -3.51163 30
    endloop
  endfacet
  facet normal 0 0 -1
    outer loop
      vertex 18.4776 -7.65367 30
      vertex 16.6298 -6.8883 30
      vertex 17.2249 -5.22512 30
    endloop
  endfacet
  facet normal 0 0 -1
    outer loop
      vertex 15.8746 -8.48514 30
      vertex 17.6384 -9.42793 30
      vertex 16.6294 -11.1114 30
    endloop
  endfacet
  facet normal 0 0 -1
    outer loop
      vertex 17.6384 -9.42793 30
      vertex 15.8746 -8.48514 30
      vertex 16.6298 -6.8883 30
    endloop
  endfacet
  facet normal 0 0 -1
    outer loop
      vertex 14.9665 -10.0003 30
      vertex 16.6294 -11.1114 30
      vertex 15.4602 -12.6879 30
    endloop
  endfacet
  facet normal 0 0 -1
    outer loop
      vertex 16.6294 -11.1114 30
      vertex 14.9665 -10.0003 30
      vertex 15.8746 -8.48514 30
    endloop
  endfacet
  facet normal 0 0 -1
    outer loop
      vertex 13.9142 -11.4191 30
      vertex 15.4602 -12.6879 30
      vertex 14.1421 -14.1421 30
    endloop
  endfacet
  facet normal 0 0 -1
    outer loop
      vertex 15.4602 -12.6879 30
      vertex 13.9142 -11.4191 30
      vertex 14.9665 -10.0003 30
    endloop
  endfacet
  facet normal 0 0 -1
    outer loop
      vertex 14.1421 -14.1421 30
      vertex 12.7279 -12.7279 30
      vertex 13.9142 -11.4191 30
    endloop
  endfacet
  facet normal 0 0 -1
    outer loop
      vertex 12.6879 -15.4602 30
      vertex 12.7279 -12.7279 30
      vertex 14.1421 -14.1421 30
    endloop
  endfacet
  facet normal 0 0 -1
    outer loop
      vertex 12.6879 -15.4602 30
      vertex 11.4191 -13.9142 30
      vertex 12.7279 -12.7279 30
    endloop
  endfacet
  facet normal 0 0 -1
    outer loop
      vertex 11.1114 -16.6294 30
      vertex 11.4191 -13.9142 30
      vertex 12.6879 -15.4602 30
    endloop
  endfacet
  facet normal 0 0 -1
    outer loop
      vertex 11.1114 -16.6294 30
      vertex 10.0003 -14.9665 30
      vertex 11.4191 -13.9142 30
    endloop
  endfacet
  facet normal 0 0 -1
    outer loop
      vertex 9.42793 -17.6384 30
      vertex 10.0003 -14.9665 30
      vertex 11.1114 -16.6294 30
    endloop
  endfacet
  facet normal 0 0 -1
    outer loop
      vertex 9.42793 -17.6384 30
      vertex 8.48514 -15.8746 30
      vertex 10.0003 -14.9665 30
    endloop
  endfacet
  facet normal 0 0 -1
    outer loop
      vertex 7.65367 -18.4776 30
      vertex 8.48514 -15.8746 30
      vertex 9.42793 -17.6384 30
    endloop
  endfacet
  facet normal 0 0 -1
    outer loop
      vertex 7.65367 -18.4776 30
      vertex 6.8883 -16.6298 30
      vertex 8.48514 -15.8746 30
    endloop
  endfacet
  facet normal 0 0 -1
    outer loop
      vertex 5.80569 -19.1388 30
      vertex 6.8883 -16.6298 30
      vertex 7.65367 -18.4776 30
    endloop
  endfacet
  facet normal 0 0 -1
    outer loop
      vertex 5.80569 -19.1388 30
      vertex 5.22512 -17.2249 30
      vertex 6.8883 -16.6298 30
    endloop
  endfacet
  facet normal 0 0 -1
    outer loop
      vertex 3.90181 -19.6157 30
      vertex 5.22512 -17.2249 30
      vertex 5.80569 -19.1388 30
    endloop
  endfacet
  facet normal 0 0 -1
    outer loop
      vertex 3.90181 -19.6157 30
      vertex 3.51163 -17.6541 30
      vertex 5.22512 -17.2249 30
    endloop
  endfacet
  facet normal 0 0 -1
    outer loop
      vertex 1.96034 -19.9037 30
      vertex 3.51163 -17.6541 30
      vertex 3.90181 -19.6157 30
    endloop
  endfacet
  facet normal 0 0 -1
    outer loop
      vertex 1.96034 -19.9037 30
      vertex 1.76431 -17.9133 30
      vertex 3.51163 -17.6541 30
    endloop
  endfacet
  facet normal 0 0 -1
    outer loop
      vertex 0 -20 30
      vertex 1.76431 -17.9133 30
      vertex 1.96034 -19.9037 30
    endloop
  endfacet
  facet normal 0 0 -1
    outer loop
      vertex 0 -20 30
      vertex 0 -18 30
      vertex 1.76431 -17.9133 30
    endloop
  endfacet
  facet normal 0 0 -1
    outer loop
      vertex 0 -20 30
      vertex -1.76431 -17.9133 30
      vertex 0 -18 30
    endloop
  endfacet
  facet normal 0 0 -1
    outer loop
      vertex -1.96034 -19.9037 30
      vertex -1.76431 -17.9133 30
      vertex 0 -20 30
    endloop
  endfacet
  facet normal 0 0 -1
    outer loop
      vertex -1.96034 -19.9037 30
      vertex -3.51163 -17.6541 30
      vertex -1.76431 -17.9133 30
    endloop
  endfacet
  facet normal 0 0 -1
    outer loop
      vertex -3.90181 -19.6157 30
      vertex -3.51163 -17.6541 30
      vertex -1.96034 -19.9037 30
    endloop
  endfacet
  facet normal 0 0 -1
    outer loop
      vertex -3.90181 -19.6157 30
      vertex -5.22512 -17.2249 30
      vertex -3.51163 -17.6541 30
    endloop
  endfacet
  facet normal 0 0 -1
    outer loop
      vertex -5.80569 -19.1388 30
      vertex -5.22512 -17.2249 30
      vertex -3.90181 -19.6157 30
    endloop
  endfacet
  facet normal 0 0 -1
    outer loop
      vertex -5.80569 -19.1388 30
      vertex -6.8883 -16.6298 30
      vertex -5.22512 -17.2249 30
    endloop
  endfacet
  facet normal 0 0 -1
    outer loop
      vertex -7.65367 -18.4776 30
      vertex -6.8883 -16.6298 30
      vertex -5.80569 -19.1388 30
    endloop
  endfacet
  facet normal 0 0 -1
    outer loop
      vertex -7.65367 -18.4776 30
      vertex -8.48514 -15.8746 30
      vertex -6.8883 -16.6298 30
    endloop
  endfacet
  facet normal 0 0 -1
    outer loop
      vertex -9.42793 -17.6384 30
      vertex -8.48514 -15.8746 30
      vertex -7.65367 -18.4776 30
    endloop
  endfacet
  facet normal 0 0 -1
    outer loop
      vertex -9.42793 -17.6384 30
      vertex -10.0003 -14.9665 30
      vertex -8.48514 -15.8746 30
    endloop
  endfacet
  facet normal 0 0 -1
    outer loop
      vertex -11.1114 -16.6294 30
      vertex -10.0003 -14.9665 30
      vertex -9.42793 -17.6384 30
    endloop
  endfacet
  facet normal 0 0 -1
    outer loop
      vertex -11.1114 -16.6294 30
      vertex -11.4191 -13.9142 30
      vertex -10.0003 -14.9665 30
    endloop
  endfacet
  facet normal 0 0 -1
    outer loop
      vertex -12.6879 -15.4602 30
      vertex -11.4191 -13.9142 30
      vertex -11.1114 -16.6294 30
    endloop
  endfacet
  facet normal 0 0 -1
    outer loop
      vertex -12.6879 -15.4602 30
      vertex -12.7279 -12.7279 30
      vertex -11.4191 -13.9142 30
    endloop
  endfacet
  facet normal 0 0 -1
    outer loop
      vertex -14.1421 -14.1421 30
      vertex -12.7279 -12.7279 30
      vertex -12.6879 -15.4602 30
    endloop
  endfacet
  facet normal -0 0 -1
    outer loop
      vertex -12.7279 -12.7279 30
      vertex -14.1421 -14.1421 30
      vertex -13.9142 -11.4191 30
    endloop
  endfacet
  facet normal 0 0 -1
    outer loop
      vertex -15.4602 -12.6879 30
      vertex -13.9142 -11.4191 30
      vertex -14.1421 -14.1421 30
    endloop
  endfacet
  facet normal -0 0 -1
    outer loop
      vertex -13.9142 -11.4191 30
      vertex -15.4602 -12.6879 30
      vertex -14.9665 -10.0003 30
    endloop
  endfacet
  facet normal 0 0 -1
    outer loop
      vertex -16.6294 -11.1114 30
      vertex -14.9665 -10.0003 30
      vertex -15.4602 -12.6879 30
    endloop
  endfacet
  facet normal -0 0 -1
    outer loop
      vertex -14.9665 -10.0003 30
      vertex -16.6294 -11.1114 30
      vertex -15.8746 -8.48514 30
    endloop
  endfacet
  facet normal 0 0 -1
    outer loop
      vertex -17.6384 -9.42793 30
      vertex -15.8746 -8.48514 30
      vertex -16.6294 -11.1114 30
    endloop
  endfacet
  facet normal -0 0 -1
    outer loop
      vertex -15.8746 -8.48514 30
      vertex -17.6384 -9.42793 30
      vertex -16.6298 -6.8883 30
    endloop
  endfacet
  facet normal 0 0 -1
    outer loop
      vertex -18.4776 -7.65367 30
      vertex -16.6298 -6.8883 30
      vertex -17.6384 -9.42793 30
    endloop
  endfacet
  facet normal -0 0 -1
    outer loop
      vertex -16.6298 -6.8883 30
      vertex -18.4776 -7.65367 30
      vertex -17.2249 -5.22512 30
    endloop
  endfacet
  facet normal 0 0 -1
    outer loop
      vertex -19.1388 -5.80569 30
      vertex -17.2249 -5.22512 30
      vertex -18.4776 -7.65367 30
    endloop
  endfacet
  facet normal -0 0 -1
    outer loop
      vertex -17.2249 -5.22512 30
      vertex -19.1388 -5.80569 30
      vertex -17.6541 -3.51163 30
    endloop
  endfacet
  facet normal 0 0 -1
    outer loop
      vertex -19.6157 -3.90181 30
      vertex -17.6541 -3.51163 30
      vertex -19.1388 -5.80569 30
    endloop
  endfacet
  facet normal -0 0 -1
    outer loop
      vertex 19.6157 3.90181 30
      vertex 17.6541 3.51163 30
      vertex 19.1388 5.80569 30
    endloop
  endfacet
  facet normal 0 0 -1
    outer loop
      vertex 17.2249 5.22512 30
      vertex 19.1388 5.80569 30
      vertex 17.6541 3.51163 30
    endloop
  endfacet
  facet normal -0 0 -1
    outer loop
      vertex 19.1388 5.80569 30
      vertex 17.2249 5.22512 30
      vertex 18.4776 7.65367 30
    endloop
  endfacet
  facet normal 0 0 -1
    outer loop
      vertex 16.6298 6.8883 30
      vertex 18.4776 7.65367 30
      vertex 17.2249 5.22512 30
    endloop
  endfacet
  facet normal -0 0 -1
    outer loop
      vertex 18.4776 7.65367 30
      vertex 16.6298 6.8883 30
      vertex 17.6384 9.42793 30
    endloop
  endfacet
  facet normal 0 0 -1
    outer loop
      vertex 15.8746 8.48514 30
      vertex 17.6384 9.42793 30
      vertex 16.6298 6.8883 30
    endloop
  endfacet
  facet normal -0 0 -1
    outer loop
      vertex 17.6384 9.42793 30
      vertex 15.8746 8.48514 30
      vertex 16.6294 11.1114 30
    endloop
  endfacet
  facet normal 0 0 -1
    outer loop
      vertex 14.9665 10.0003 30
      vertex 16.6294 11.1114 30
      vertex 15.8746 8.48514 30
    endloop
  endfacet
  facet normal -0 0 -1
    outer loop
      vertex 16.6294 11.1114 30
      vertex 14.9665 10.0003 30
      vertex 15.4602 12.6879 30
    endloop
  endfacet
  facet normal 0 0 -1
    outer loop
      vertex 13.9142 11.4191 30
      vertex 15.4602 12.6879 30
      vertex 14.9665 10.0003 30
    endloop
  endfacet
  facet normal -0 0 -1
    outer loop
      vertex 15.4602 12.6879 30
      vertex 13.9142 11.4191 30
      vertex 14.1421 14.1421 30
    endloop
  endfacet
  facet normal 0 0 -1
    outer loop
      vertex 12.7279 12.7279 30
      vertex 14.1421 14.1421 30
      vertex 13.9142 11.4191 30
    endloop
  endfacet
  facet normal 0 0 -1
    outer loop
      vertex 12.7279 12.7279 30
      vertex 12.6879 15.4602 30
      vertex 14.1421 14.1421 30
    endloop
  endfacet
  facet normal 0 0 -1
    outer loop
      vertex 11.4191 13.9142 30
      vertex 12.6879 15.4602 30
      vertex 12.7279 12.7279 30
    endloop
  endfacet
  facet normal 0 0 -1
    outer loop
      vertex 11.4191 13.9142 30
      vertex 11.1114 16.6294 30
      vertex 12.6879 15.4602 30
    endloop
  endfacet
  facet normal 0 0 -1
    outer loop
      vertex 10.0003 14.9665 30
      vertex 11.1114 16.6294 30
      vertex 11.4191 13.9142 30
    endloop
  endfacet
  facet normal 0 0 -1
    outer loop
      vertex 10.0003 14.9665 30
      vertex 9.42793 17.6384 30
      vertex 11.1114 16.6294 30
    endloop
  endfacet
  facet normal 0 0 -1
    outer loop
      vertex 8.48514 15.8746 30
      vertex 9.42793 17.6384 30
      vertex 10.0003 14.9665 30
    endloop
  endfacet
  facet normal 0 0 -1
    outer loop
      vertex 8.48514 15.8746 30
      vertex 7.65367 18.4776 30
      vertex 9.42793 17.6384 30
    endloop
  endfacet
  facet normal 0 0 -1
    outer loop
      vertex 6.8883 16.6298 30
      vertex 7.65367 18.4776 30
      vertex 8.48514 15.8746 30
    endloop
  endfacet
  facet normal 0 0 -1
    outer loop
      vertex 6.8883 16.6298 30
      vertex 5.80569 19.1388 30
      vertex 7.65367 18.4776 30
    endloop
  endfacet
  facet normal 0 0 -1
    outer loop
      vertex 5.22512 17.2249 30
      vertex 5.80569 19.1388 30
      vertex 6.8883 16.6298 30
    endloop
  endfacet
  facet normal 0 0 -1
    outer loop
      vertex 5.22512 17.2249 30
      vertex 3.90181 19.6157 30
      vertex 5.80569 19.1388 30
    endloop
  endfacet
  facet normal 0 0 -1
    outer loop
      vertex 3.51163 17.6541 30
      vertex 3.90181 19.6157 30
      vertex 5.22512 17.2249 30
    endloop
  endfacet
  facet normal 0 0 -1
    outer loop
      vertex 3.51163 17.6541 30
      vertex 1.96034 19.9037 30
      vertex 3.90181 19.6157 30
    endloop
  endfacet
  facet normal 0 0 -1
    outer loop
      vertex 1.76431 17.9133 30
      vertex 1.96034 19.9037 30
      vertex 3.51163 17.6541 30
    endloop
  endfacet
  facet normal 0 0 -1
    outer loop
      vertex 0 18 30
      vertex 1.96034 19.9037 30
      vertex 1.76431 17.9133 30
    endloop
  endfacet
  facet normal 0 0 -1
    outer loop
      vertex 0 18 30
      vertex 0 20 30
      vertex 1.96034 19.9037 30
    endloop
  endfacet
  facet normal 0 0 -1
    outer loop
      vertex -1.76431 17.9133 30
      vertex 0 20 30
      vertex 0 18 30
    endloop
  endfacet
  facet normal 0 0 -1
    outer loop
      vertex -1.76431 17.9133 30
      vertex -1.96034 19.9037 30
      vertex 0 20 30
    endloop
  endfacet
  facet normal 0 0 -1
    outer loop
      vertex -3.51163 17.6541 30
      vertex -1.96034 19.9037 30
      vertex -1.76431 17.9133 30
    endloop
  endfacet
  facet normal 0 0 -1
    outer loop
      vertex -3.51163 17.6541 30
      vertex -3.90181 19.6157 30
      vertex -1.96034 19.9037 30
    endloop
  endfacet
  facet normal 0 0 -1
    outer loop
      vertex -5.22512 17.2249 30
      vertex -3.90181 19.6157 30
      vertex -3.51163 17.6541 30
    endloop
  endfacet
  facet normal 0 0 -1
    outer loop
      vertex -5.22512 17.2249 30
      vertex -5.80569 19.1388 30
      vertex -3.90181 19.6157 30
    endloop
  endfacet
  facet normal 0 0 -1
    outer loop
      vertex -6.8883 16.6298 30
      vertex -5.80569 19.1388 30
      vertex -5.22512 17.2249 30
    endloop
  endfacet
  facet normal 0 0 -1
    outer loop
      vertex -6.8883 16.6298 30
      vertex -7.65367 18.4776 30
      vertex -5.80569 19.1388 30
    endloop
  endfacet
  facet normal 0 0 -1
    outer loop
      vertex -8.48514 15.8746 30
      vertex -7.65367 18.4776 30
      vertex -6.8883 16.6298 30
    endloop
  endfacet
  facet normal 0 0 -1
    outer loop
      vertex -8.48514 15.8746 30
      vertex -9.42793 17.6384 30
      vertex -7.65367 18.4776 30
    endloop
  endfacet
  facet normal 0 0 -1
    outer loop
      vertex -10.0003 14.9665 30
      vertex -9.42793 17.6384 30
      vertex -8.48514 15.8746 30
    endloop
  endfacet
  facet normal 0 0 -1
    outer loop
      vertex -10.0003 14.9665 30
      vertex -11.1114 16.6294 30
      vertex -9.42793 17.6384 30
    endloop
  endfacet
  facet normal 0 0 -1
    outer loop
      vertex -11.4191 13.9142 30
      vertex -11.1114 16.6294 30
      vertex -10.0003 14.9665 30
    endloop
  endfacet
  facet normal 0 0 -1
    outer loop
      vertex -11.4191 13.9142 30
      vertex -12.6879 15.4602 30
      vertex -11.1114 16.6294 30
    endloop
  endfacet
  facet normal 0 0 -1
    outer loop
      vertex -12.7279 12.7279 30
      vertex -12.6879 15.4602 30
      vertex -11.4191 13.9142 30
    endloop
  endfacet
  facet normal 0 0 -1
    outer loop
      vertex -14.1421 14.1421 30
      vertex -12.7279 12.7279 30
      vertex -13.9142 11.4191 30
    endloop
  endfacet
  facet normal 0 0 -1
    outer loop
      vertex -12.7279 12.7279 30
      vertex -14.1421 14.1421 30
      vertex -12.6879 15.4602 30
    endloop
  endfacet
  facet normal 0 0 -1
    outer loop
      vertex -15.4602 12.6879 30
      vertex -13.9142 11.4191 30
      vertex -14.9665 10.0003 30
    endloop
  endfacet
  facet normal 0 0 -1
    outer loop
      vertex -13.9142 11.4191 30
      vertex -15.4602 12.6879 30
      vertex -14.1421 14.1421 30
    endloop
  endfacet
  facet normal 0 0 -1
    outer loop
      vertex -16.6294 11.1114 30
      vertex -14.9665 10.0003 30
      vertex -15.8746 8.48514 30
    endloop
  endfacet
  facet normal 0 0 -1
    outer loop
      vertex -14.9665 10.0003 30
      vertex -16.6294 11.1114 30
      vertex -15.4602 12.6879 30
    endloop
  endfacet
  facet normal 0 0 -1
    outer loop
      vertex -17.6384 9.42793 30
      vertex -15.8746 8.48514 30
      vertex -16.6298 6.8883 30
    endloop
  endfacet
  facet normal 0 0 -1
    outer loop
      vertex -18.4776 7.65367 30
      vertex -16.6298 6.8883 30
      vertex -17.2249 5.22512 30
    endloop
  endfacet
  facet normal 0 0 -1
    outer loop
      vertex -15.8746 8.48514 30
      vertex -17.6384 9.42793 30
      vertex -16.6294 11.1114 30
    endloop
  endfacet
  facet normal 0 0 -1
    outer loop
      vertex -19.1388 5.80569 30
      vertex -17.2249 5.22512 30
      vertex -17.6541 3.51163 30
    endloop
  endfacet
  facet normal 0 0 -1
    outer loop
      vertex -19.6157 3.90181 30
      vertex -17.6541 3.51163 30
      vertex -17.9133 1.76431 30
    endloop
  endfacet
  facet normal 0 0 -1
    outer loop
      vertex -19.9037 1.96034 30
      vertex -17.9133 1.76431 30
      vertex -18 0 30
    endloop
  endfacet
  facet normal -0 0 -1
    outer loop
      vertex -17.6541 -3.51163 30
      vertex -19.6157 -3.90181 30
      vertex -17.9133 -1.76431 30
    endloop
  endfacet
  facet normal 0 0 -1
    outer loop
      vertex -16.6298 6.8883 30
      vertex -18.4776 7.65367 30
      vertex -17.6384 9.42793 30
    endloop
  endfacet
  facet normal 0 0 -1
    outer loop
      vertex -19.9037 -1.96034 30
      vertex -17.9133 -1.76431 30
      vertex -19.6157 -3.90181 30
    endloop
  endfacet
  facet normal 0 0 -1
    outer loop
      vertex -17.2249 5.22512 30
      vertex -19.1388 5.80569 30
      vertex -18.4776 7.65367 30
    endloop
  endfacet
  facet normal -0 0 -1
    outer loop
      vertex -17.9133 -1.76431 30
      vertex -19.9037 -1.96034 30
      vertex -18 0 30
    endloop
  endfacet
  facet normal 0 0 -1
    outer loop
      vertex -17.6541 3.51163 30
      vertex -19.6157 3.90181 30
      vertex -19.1388 5.80569 30
    endloop
  endfacet
  facet normal 0 0 -1
    outer loop
      vertex -20 0 30
      vertex -18 0 30
      vertex -19.9037 -1.96034 30
    endloop
  endfacet
  facet normal 0 0 -1
    outer loop
      vertex -17.9133 1.76431 30
      vertex -19.9037 1.96034 30
      vertex -19.6157 3.90181 30
    endloop
  endfacet
  facet normal 0 0 -1
    outer loop
      vertex -18 0 30
      vertex -20 0 30
      vertex -19.9037 1.96034 30
    endloop
  endfacet
  facet normal 0 0 -1
    outer loop
      vertex 14.9278 -1.47026 30
      vertex 14.9278 1.47026 30
      vertex 15 0 30
    endloop
  endfacet
  facet normal 0 0 -1
    outer loop
      vertex 14.7118 -2.92635 30
      vertex 14.9278 1.47026 30
      vertex 14.9278 -1.47026 30
    endloop
  endfacet
  facet normal 0 0 -1
    outer loop
      vertex 14.7118 -2.92635 30
      vertex 14.7118 2.92635 30
      vertex 14.9278 1.47026 30
    endloop
  endfacet
  facet normal 0 0 -1
    outer loop
      vertex 14.3541 -4.35427 30
      vertex 14.7118 2.92635 30
      vertex 14.7118 -2.92635 30
    endloop
  endfacet
  facet normal 0 0 -1
    outer loop
      vertex 14.3541 -4.35427 30
      vertex 14.3541 4.35427 30
      vertex 14.7118 2.92635 30
    endloop
  endfacet
  facet normal 0 0 -1
    outer loop
      vertex 13.8582 -5.74025 30
      vertex 14.3541 4.35427 30
      vertex 14.3541 -4.35427 30
    endloop
  endfacet
  facet normal 0 0 -1
    outer loop
      vertex 13.8582 -5.74025 30
      vertex 13.8582 5.74025 30
      vertex 14.3541 4.35427 30
    endloop
  endfacet
  facet normal 0 0 -1
    outer loop
      vertex 13.2288 -7.07095 30
      vertex 13.8582 5.74025 30
      vertex 13.8582 -5.74025 30
    endloop
  endfacet
  facet normal 0 0 -1
    outer loop
      vertex 13.2288 -7.07095 30
      vertex 13.2288 7.07095 30
      vertex 13.8582 5.74025 30
    endloop
  endfacet
  facet normal 0 0 -1
    outer loop
      vertex 12.472 -8.33355 30
      vertex 13.2288 7.07095 30
      vertex 13.2288 -7.07095 30
    endloop
  endfacet
  facet normal 0 0 -1
    outer loop
      vertex 12.472 -8.33355 30
      vertex 12.472 8.33355 30
      vertex 13.2288 7.07095 30
    endloop
  endfacet
  facet normal 0 0 -1
    outer loop
      vertex 11.5952 -9.5159 30
      vertex 12.472 8.33355 30
      vertex 12.472 -8.33355 30
    endloop
  endfacet
  facet normal 0 0 -1
    outer loop
      vertex 11.5952 -9.5159 30
      vertex 11.5952 9.5159 30
      vertex 12.472 8.33355 30
    endloop
  endfacet
  facet normal 0 0 -1
    outer loop
      vertex 10.6066 -10.6066 30
      vertex 11.5952 9.5159 30
      vertex 11.5952 -9.5159 30
    endloop
  endfacet
  facet normal 0 0 -1
    outer loop
      vertex 10.6066 -10.6066 30
      vertex 10.6066 10.6066 30
      vertex 11.5952 9.5159 30
    endloop
  endfacet
  facet normal 0 0 -1
    outer loop
      vertex 9.5159 -11.5952 30
      vertex 10.6066 10.6066 30
      vertex 10.6066 -10.6066 30
    endloop
  endfacet
  facet normal 0 0 -1
    outer loop
      vertex 9.5159 -11.5952 30
      vertex 9.5159 11.5952 30
      vertex 10.6066 10.6066 30
    endloop
  endfacet
  facet normal 0 0 -1
    outer loop
      vertex 8.33355 -12.472 30
      vertex 9.5159 11.5952 30
      vertex 9.5159 -11.5952 30
    endloop
  endfacet
  facet normal 0 0 -1
    outer loop
      vertex 8.33355 -12.472 30
      vertex 8.33355 12.472 30
      vertex 9.5159 11.5952 30
    endloop
  endfacet
  facet normal 0 0 -1
    outer loop
      vertex 7.07095 -13.2288 30
      vertex 8.33355 12.472 30
      vertex 8.33355 -12.472 30
    endloop
  endfacet
  facet normal 0 0 -1
    outer loop
      vertex 7.07095 -13.2288 30
      vertex 7.07095 13.2288 30
      vertex 8.33355 12.472 30
    endloop
  endfacet
  facet normal 0 0 -1
    outer loop
      vertex 5.74025 -13.8582 30
      vertex 7.07095 13.2288 30
      vertex 7.07095 -13.2288 30
    endloop
  endfacet
  facet normal 0 0 -1
    outer loop
      vertex 5.74025 -13.8582 30
      vertex 5.74025 13.8582 30
      vertex 7.07095 13.2288 30
    endloop
  endfacet
  facet normal 0 0 -1
    outer loop
      vertex 4.35427 -14.3541 30
      vertex 5.74025 13.8582 30
      vertex 5.74025 -13.8582 30
    endloop
  endfacet
  facet normal 0 0 -1
    outer loop
      vertex 4.35427 -14.3541 30
      vertex 4.35427 14.3541 30
      vertex 5.74025 13.8582 30
    endloop
  endfacet
  facet normal 0 0 -1
    outer loop
      vertex 2.92635 -14.7118 30
      vertex 4.35427 14.3541 30
      vertex 4.35427 -14.3541 30
    endloop
  endfacet
  facet normal 0 0 -1
    outer loop
      vertex 2.92635 -14.7118 30
      vertex 2.92635 14.7118 30
      vertex 4.35427 14.3541 30
    endloop
  endfacet
  facet normal 0 0 -1
    outer loop
      vertex 1.47026 -14.9278 30
      vertex 2.92635 14.7118 30
      vertex 2.92635 -14.7118 30
    endloop
  endfacet
  facet normal 0 0 -1
    outer loop
      vertex 1.47026 -14.9278 30
      vertex 1.47026 14.9278 30
      vertex 2.92635 14.7118 30
    endloop
  endfacet
  facet normal 0 0 -1
    outer loop
      vertex 0 -15 30
      vertex 1.47026 14.9278 30
      vertex 1.47026 -14.9278 30
    endloop
  endfacet
  facet normal 0 0 -1
    outer loop
      vertex 0 -15 30
      vertex 0 15 30
      vertex 1.47026 14.9278 30
    endloop
  endfacet
  facet normal 0 0 -1
    outer loop
      vertex -1.47026 -14.9278 30
      vertex 0 15 30
      vertex 0 -15 30
    endloop
  endfacet
  facet normal 0 0 -1
    outer loop
      vertex -1.47026 -14.9278 30
      vertex -1.47026 14.9278 30
      vertex 0 15 30
    endloop
  endfacet
  facet normal 0 0 -1
    outer loop
      vertex -2.92635 -14.7118 30
      vertex -1.47026 14.9278 30
      vertex -1.47026 -14.9278 30
    endloop
  endfacet
  facet normal 0 0 -1
    outer loop
      vertex -2.92635 -14.7118 30
      vertex -2.92635 14.7118 30
      vertex -1.47026 14.9278 30
    endloop
  endfacet
  facet normal 0 0 -1
    outer loop
      vertex -4.35427 -14.3541 30
      vertex -2.92635 14.7118 30
      vertex -2.92635 -14.7118 30
    endloop
  endfacet
  facet normal 0 0 -1
    outer loop
      vertex -4.35427 -14.3541 30
      vertex -4.35427 14.3541 30
      vertex -2.92635 14.7118 30
    endloop
  endfacet
  facet normal 0 0 -1
    outer loop
      vertex -5.74025 -13.8582 30
      vertex -4.35427 14.3541 30
      vertex -4.35427 -14.3541 30
    endloop
  endfacet
  facet normal 0 0 -1
    outer loop
      vertex -5.74025 -13.8582 30
      vertex -5.74025 13.8582 30
      vertex -4.35427 14.3541 30
    endloop
  endfacet
  facet normal 0 0 -1
    outer loop
      vertex -7.07095 -13.2288 30
      vertex -5.74025 13.8582 30
      vertex -5.74025 -13.8582 30
    endloop
  endfacet
  facet normal 0 0 -1
    outer loop
      vertex -7.07095 -13.2288 30
      vertex -7.07095 13.2288 30
      vertex -5.74025 13.8582 30
    endloop
  endfacet
  facet normal 0 0 -1
    outer loop
      vertex -8.33355 -12.472 30
      vertex -7.07095 13.2288 30
      vertex -7.07095 -13.2288 30
    endloop
  endfacet
  facet normal 0 0 -1
    outer loop
      vertex -8.33355 -12.472 30
      vertex -8.33355 12.472 30
      vertex -7.07095 13.2288 30
    endloop
  endfacet
  facet normal 0 0 -1
    outer loop
      vertex -9.5159 -11.5952 30
      vertex -8.33355 12.472 30
      vertex -8.33355 -12.472 30
    endloop
  endfacet
  facet normal 0 0 -1
    outer loop
      vertex -9.5159 -11.5952 30
      vertex -9.5159 11.5952 30
      vertex -8.33355 12.472 30
    endloop
  endfacet
  facet normal 0 0 -1
    outer loop
      vertex -10.6066 -10.6066 30
      vertex -9.5159 11.5952 30
      vertex -9.5159 -11.5952 30
    endloop
  endfacet
  facet normal 0 0 -1
    outer loop
      vertex -10.6066 -10.6066 30
      vertex -10.6066 10.6066 30
      vertex -9.5159 11.5952 30
    endloop
  endfacet
  facet normal 0 0 -1
    outer loop
      vertex -11.5952 -9.5159 30
      vertex -10.6066 10.6066 30
      vertex -10.6066 -10.6066 30
    endloop
  endfacet
  facet normal 0 0 -1
    outer loop
      vertex -11.5952 -9.5159 30
      vertex -11.5952 9.5159 30
      vertex -10.6066 10.6066 30
    endloop
  endfacet
  facet normal 0 0 -1
    outer loop
      vertex -12.472 -8.33355 30
      vertex -11.5952 9.5159 30
      vertex -11.5952 -9.5159 30
    endloop
  endfacet
  facet normal 0 0 -1
    outer loop
      vertex -12.472 -8.33355 30
      vertex -12.472 8.33355 30
      vertex -11.5952 9.5159 30
    endloop
  endfacet
  facet normal 0 0 -1
    outer loop
      vertex -13.2288 -7.07095 30
      vertex -12.472 8.33355 30
      vertex -12.472 -8.33355 30
    endloop
  endfacet
  facet normal 0 0 -1
    outer loop
      vertex -13.2288 -7.07095 30
      vertex -13.2288 7.07095 30
      vertex -12.472 8.33355 30
    endloop
  endfacet
  facet normal 0 0 -1
    outer loop
      vertex -13.8582 -5.74025 30
      vertex -13.2288 7.07095 30
      vertex -13.2288 -7.07095 30
    endloop
  endfacet
  facet normal 0 0 -1
    outer loop
      vertex -13.8582 -5.74025 30
      vertex -13.8582 5.74025 30
      vertex -13.2288 7.07095 30
    endloop
  endfacet
  facet normal 0 0 -1
    outer loop
      vertex -14.3541 -4.35427 30
      vertex -13.8582 5.74025 30
      vertex -13.8582 -5.74025 30
    endloop
  endfacet
  facet normal 0 0 -1
    outer loop
      vertex -14.3541 -4.35427 30
      vertex -14.3541 4.35427 30
      vertex -13.8582 5.74025 30
    endloop
  endfacet
  facet normal 0 0 -1
    outer loop
      vertex -14.7118 -2.92635 30
      vertex -14.3541 4.35427 30
      vertex -14.3541 -4.35427 30
    endloop
  endfacet
  facet normal 0 0 -1
    outer loop
      vertex -14.7118 -2.92635 30
      vertex -14.7118 2.92635 30
      vertex -14.3541 4.35427 30
    endloop
  endfacet
  facet normal 0 0 -1
    outer loop
      vertex -14.9278 -1.47026 30
      vertex -14.7118 2.92635 30
      vertex -14.7118 -2.92635 30
    endloop
  endfacet
  facet normal 0 0 -1
    outer loop
      vertex -14.9278 -1.47026 30
      vertex -14.9278 1.47026 30
      vertex -14.7118 2.92635 30
    endloop
  endfacet
  facet normal 0 -0 -1
    outer loop
      vertex -14.9278 1.47026 30
      vertex -14.9278 -1.47026 30
      vertex -15 0 30
    endloop
  endfacet
  facet normal -0.514081 0.857742 0
    outer loop
      vertex -8.48514 15.8746 0
      vertex -10.0003 14.9665 30
      vertex -8.48514 15.8746 30
    endloop
  endfacet
  facet normal -0.514081 0.857742 0
    outer loop
      vertex -10.0003 14.9665 30
      vertex -8.48514 15.8746 0
      vertex -10.0003 14.9665 0
    endloop
  endfacet
  facet normal -0.427532 0.904 0
    outer loop
      vertex -6.8883 16.6298 0
      vertex -8.48514 15.8746 30
      vertex -6.8883 16.6298 30
    endloop
  endfacet
  facet normal -0.427532 0.904 0
    outer loop
      vertex -8.48514 15.8746 30
      vertex -6.8883 16.6298 0
      vertex -8.48514 15.8746 0
    endloop
  endfacet
  facet normal -0.595716 0.803195 0
    outer loop
      vertex -10.0003 14.9665 0
      vertex -11.4191 13.9142 30
      vertex -10.0003 14.9665 30
    endloop
  endfacet
  facet normal -0.595716 0.803195 0
    outer loop
      vertex -11.4191 13.9142 30
      vertex -10.0003 14.9665 0
      vertex -11.4191 13.9142 0
    endloop
  endfacet
  facet normal -0.242977 0.970032 0
    outer loop
      vertex -3.51163 17.6541 0
      vertex -5.22512 17.2249 30
      vertex -3.51163 17.6541 30
    endloop
  endfacet
  facet normal -0.242977 0.970032 0
    outer loop
      vertex -5.22512 17.2249 30
      vertex -3.51163 17.6541 0
      vertex -5.22512 17.2249 0
    endloop
  endfacet
  facet normal -0.0490818 0.998795 0
    outer loop
      vertex 0 18 0
      vertex -1.76431 17.9133 30
      vertex 0 18 30
    endloop
  endfacet
  facet normal -0.0490818 0.998795 0
    outer loop
      vertex -1.76431 17.9133 30
      vertex 0 18 0
      vertex -1.76431 17.9133 0
    endloop
  endfacet
  facet normal 0.998795 -0.0490818 0
    outer loop
      vertex 17.9133 -1.76431 30
      vertex 18 0 0
      vertex 18 0 30
    endloop
  endfacet
  facet normal 0.998795 -0.0490818 0
    outer loop
      vertex 18 0 0
      vertex 17.9133 -1.76431 30
      vertex 17.9133 -1.76431 0
    endloop
  endfacet
  facet normal 0.336892 -0.941543 0
    outer loop
      vertex 5.22512 -17.2249 0
      vertex 6.8883 -16.6298 30
      vertex 5.22512 -17.2249 30
    endloop
  endfacet
  facet normal 0.336892 -0.941543 0
    outer loop
      vertex 6.8883 -16.6298 30
      vertex 5.22512 -17.2249 0
      vertex 6.8883 -16.6298 0
    endloop
  endfacet
  facet normal 0.671582 -0.740931 0
    outer loop
      vertex 11.4191 -13.9142 0
      vertex 12.7279 -12.7279 30
      vertex 11.4191 -13.9142 30
    endloop
  endfacet
  facet normal 0.671582 -0.740931 0
    outer loop
      vertex 12.7279 -12.7279 30
      vertex 11.4191 -13.9142 0
      vertex 12.7279 -12.7279 0
    endloop
  endfacet
  facet normal 0.514081 -0.857742 0
    outer loop
      vertex 8.48514 -15.8746 0
      vertex 10.0003 -14.9665 30
      vertex 8.48514 -15.8746 30
    endloop
  endfacet
  facet normal 0.514081 -0.857742 0
    outer loop
      vertex 10.0003 -14.9665 30
      vertex 8.48514 -15.8746 0
      vertex 10.0003 -14.9665 0
    endloop
  endfacet
  facet normal 0.803195 -0.595716 0
    outer loop
      vertex 13.9142 -11.4191 30
      vertex 14.9665 -10.0003 0
      vertex 14.9665 -10.0003 30
    endloop
  endfacet
  facet normal 0.803195 -0.595716 0
    outer loop
      vertex 14.9665 -10.0003 0
      vertex 13.9142 -11.4191 30
      vertex 13.9142 -11.4191 0
    endloop
  endfacet
  facet normal 0.904 -0.427532 0
    outer loop
      vertex 15.8746 -8.48514 30
      vertex 16.6298 -6.8883 0
      vertex 16.6298 -6.8883 30
    endloop
  endfacet
  facet normal 0.904 -0.427532 0
    outer loop
      vertex 16.6298 -6.8883 0
      vertex 15.8746 -8.48514 30
      vertex 15.8746 -8.48514 0
    endloop
  endfacet
  facet normal -0.671582 -0.740931 0
    outer loop
      vertex -12.7279 -12.7279 0
      vertex -11.4191 -13.9142 30
      vertex -12.7279 -12.7279 30
    endloop
  endfacet
  facet normal -0.671582 -0.740931 -0
    outer loop
      vertex -11.4191 -13.9142 30
      vertex -12.7279 -12.7279 0
      vertex -11.4191 -13.9142 0
    endloop
  endfacet
  facet normal -0.514081 -0.857742 0
    outer loop
      vertex -10.0003 -14.9665 0
      vertex -8.48514 -15.8746 30
      vertex -10.0003 -14.9665 30
    endloop
  endfacet
  facet normal -0.514081 -0.857742 -0
    outer loop
      vertex -8.48514 -15.8746 30
      vertex -10.0003 -14.9665 0
      vertex -8.48514 -15.8746 0
    endloop
  endfacet
  facet normal -0.336892 -0.941543 0
    outer loop
      vertex -6.8883 -16.6298 0
      vertex -5.22512 -17.2249 30
      vertex -6.8883 -16.6298 30
    endloop
  endfacet
  facet normal -0.336892 -0.941543 -0
    outer loop
      vertex -5.22512 -17.2249 30
      vertex -6.8883 -16.6298 0
      vertex -5.22512 -17.2249 0
    endloop
  endfacet
  facet normal -0.146736 -0.989176 0
    outer loop
      vertex -3.51163 -17.6541 0
      vertex -1.76431 -17.9133 30
      vertex -3.51163 -17.6541 30
    endloop
  endfacet
  facet normal -0.146736 -0.989176 -0
    outer loop
      vertex -1.76431 -17.9133 30
      vertex -3.51163 -17.6541 0
      vertex -1.76431 -17.9133 0
    endloop
  endfacet
  facet normal -0.803195 -0.595716 0
    outer loop
      vertex -13.9142 -11.4191 0
      vertex -14.9665 -10.0003 30
      vertex -14.9665 -10.0003 0
    endloop
  endfacet
  facet normal -0.803195 -0.595716 0
    outer loop
      vertex -14.9665 -10.0003 30
      vertex -13.9142 -11.4191 0
      vertex -13.9142 -11.4191 30
    endloop
  endfacet
  facet normal -0.904 -0.427532 0
    outer loop
      vertex -15.8746 -8.48514 0
      vertex -16.6298 -6.8883 30
      vertex -16.6298 -6.8883 0
    endloop
  endfacet
  facet normal -0.904 -0.427532 0
    outer loop
      vertex -16.6298 -6.8883 30
      vertex -15.8746 -8.48514 0
      vertex -15.8746 -8.48514 30
    endloop
  endfacet
  facet normal -0.857742 -0.514081 0
    outer loop
      vertex -14.9665 -10.0003 0
      vertex -15.8746 -8.48514 30
      vertex -15.8746 -8.48514 0
    endloop
  endfacet
  facet normal -0.857742 -0.514081 0
    outer loop
      vertex -15.8746 -8.48514 30
      vertex -14.9665 -10.0003 0
      vertex -14.9665 -10.0003 30
    endloop
  endfacet
  facet normal -0.970032 -0.242977 0
    outer loop
      vertex -17.2249 -5.22512 0
      vertex -17.6541 -3.51163 30
      vertex -17.6541 -3.51163 0
    endloop
  endfacet
  facet normal -0.970032 -0.242977 0
    outer loop
      vertex -17.6541 -3.51163 30
      vertex -17.2249 -5.22512 0
      vertex -17.2249 -5.22512 30
    endloop
  endfacet
  facet normal -0.941543 -0.336892 0
    outer loop
      vertex -16.6298 -6.8883 0
      vertex -17.2249 -5.22512 30
      vertex -17.2249 -5.22512 0
    endloop
  endfacet
  facet normal -0.941543 -0.336892 0
    outer loop
      vertex -17.2249 -5.22512 30
      vertex -16.6298 -6.8883 0
      vertex -16.6298 -6.8883 30
    endloop
  endfacet
  facet normal -0.998795 -0.0490818 0
    outer loop
      vertex -17.9133 -1.76431 0
      vertex -18 0 30
      vertex -18 0 0
    endloop
  endfacet
  facet normal -0.998795 -0.0490818 0
    outer loop
      vertex -18 0 30
      vertex -17.9133 -1.76431 0
      vertex -17.9133 -1.76431 30
    endloop
  endfacet
  facet normal 0.0490818 -0.998795 0
    outer loop
      vertex 0 -18 0
      vertex 1.76431 -17.9133 30
      vertex 0 -18 30
    endloop
  endfacet
  facet normal 0.0490818 -0.998795 0
    outer loop
      vertex 1.76431 -17.9133 30
      vertex 0 -18 0
      vertex 1.76431 -17.9133 0
    endloop
  endfacet
  facet normal 0.242977 -0.970032 0
    outer loop
      vertex 3.51163 -17.6541 0
      vertex 5.22512 -17.2249 30
      vertex 3.51163 -17.6541 30
    endloop
  endfacet
  facet normal 0.242977 -0.970032 0
    outer loop
      vertex 5.22512 -17.2249 30
      vertex 3.51163 -17.6541 0
      vertex 5.22512 -17.2249 0
    endloop
  endfacet
  facet normal 0.427532 -0.904 0
    outer loop
      vertex 6.8883 -16.6298 0
      vertex 8.48514 -15.8746 30
      vertex 6.8883 -16.6298 30
    endloop
  endfacet
  facet normal 0.427532 -0.904 0
    outer loop
      vertex 8.48514 -15.8746 30
      vertex 6.8883 -16.6298 0
      vertex 8.48514 -15.8746 0
    endloop
  endfacet
  facet normal 0.740931 -0.671582 0
    outer loop
      vertex 12.7279 -12.7279 30
      vertex 13.9142 -11.4191 0
      vertex 13.9142 -11.4191 30
    endloop
  endfacet
  facet normal 0.740931 -0.671582 0
    outer loop
      vertex 13.9142 -11.4191 0
      vertex 12.7279 -12.7279 30
      vertex 12.7279 -12.7279 0
    endloop
  endfacet
  facet normal 0.595716 -0.803195 0
    outer loop
      vertex 10.0003 -14.9665 0
      vertex 11.4191 -13.9142 30
      vertex 10.0003 -14.9665 30
    endloop
  endfacet
  facet normal 0.595716 -0.803195 0
    outer loop
      vertex 11.4191 -13.9142 30
      vertex 10.0003 -14.9665 0
      vertex 11.4191 -13.9142 0
    endloop
  endfacet
  facet normal 0.857742 -0.514081 0
    outer loop
      vertex 14.9665 -10.0003 30
      vertex 15.8746 -8.48514 0
      vertex 15.8746 -8.48514 30
    endloop
  endfacet
  facet normal 0.857742 -0.514081 0
    outer loop
      vertex 15.8746 -8.48514 0
      vertex 14.9665 -10.0003 30
      vertex 14.9665 -10.0003 0
    endloop
  endfacet
  facet normal 0.941543 -0.336892 0
    outer loop
      vertex 16.6298 -6.8883 30
      vertex 17.2249 -5.22512 0
      vertex 17.2249 -5.22512 30
    endloop
  endfacet
  facet normal 0.941543 -0.336892 0
    outer loop
      vertex 17.2249 -5.22512 0
      vertex 16.6298 -6.8883 30
      vertex 16.6298 -6.8883 0
    endloop
  endfacet
  facet normal 0.989176 -0.146736 0
    outer loop
      vertex 17.6541 -3.51163 30
      vertex 17.9133 -1.76431 0
      vertex 17.9133 -1.76431 30
    endloop
  endfacet
  facet normal 0.989176 -0.146736 0
    outer loop
      vertex 17.9133 -1.76431 0
      vertex 17.6541 -3.51163 30
      vertex 17.6541 -3.51163 0
    endloop
  endfacet
  facet normal 0.970032 -0.242977 0
    outer loop
      vertex 17.2249 -5.22512 30
      vertex 17.6541 -3.51163 0
      vertex 17.6541 -3.51163 30
    endloop
  endfacet
  facet normal 0.970032 -0.242977 0
    outer loop
      vertex 17.6541 -3.51163 0
      vertex 17.2249 -5.22512 30
      vertex 17.2249 -5.22512 0
    endloop
  endfacet
  facet normal -0.595716 -0.803195 0
    outer loop
      vertex -11.4191 -13.9142 0
      vertex -10.0003 -14.9665 30
      vertex -11.4191 -13.9142 30
    endloop
  endfacet
  facet normal -0.595716 -0.803195 -0
    outer loop
      vertex -10.0003 -14.9665 30
      vertex -11.4191 -13.9142 0
      vertex -10.0003 -14.9665 0
    endloop
  endfacet
  facet normal -0.427532 -0.904 0
    outer loop
      vertex -8.48514 -15.8746 0
      vertex -6.8883 -16.6298 30
      vertex -8.48514 -15.8746 30
    endloop
  endfacet
  facet normal -0.427532 -0.904 -0
    outer loop
      vertex -6.8883 -16.6298 30
      vertex -8.48514 -15.8746 0
      vertex -6.8883 -16.6298 0
    endloop
  endfacet
  facet normal -0.242977 -0.970032 0
    outer loop
      vertex -5.22512 -17.2249 0
      vertex -3.51163 -17.6541 30
      vertex -5.22512 -17.2249 30
    endloop
  endfacet
  facet normal -0.242977 -0.970032 -0
    outer loop
      vertex -3.51163 -17.6541 30
      vertex -5.22512 -17.2249 0
      vertex -3.51163 -17.6541 0
    endloop
  endfacet
  facet normal -0.0490818 -0.998795 0
    outer loop
      vertex -1.76431 -17.9133 0
      vertex 0 -18 30
      vertex -1.76431 -17.9133 30
    endloop
  endfacet
  facet normal -0.0490818 -0.998795 -0
    outer loop
      vertex 0 -18 30
      vertex -1.76431 -17.9133 0
      vertex 0 -18 0
    endloop
  endfacet
  facet normal -0.740931 -0.671582 0
    outer loop
      vertex -12.7279 -12.7279 0
      vertex -13.9142 -11.4191 30
      vertex -13.9142 -11.4191 0
    endloop
  endfacet
  facet normal -0.740931 -0.671582 0
    outer loop
      vertex -13.9142 -11.4191 30
      vertex -12.7279 -12.7279 0
      vertex -12.7279 -12.7279 30
    endloop
  endfacet
  facet normal -0.989176 -0.146736 0
    outer loop
      vertex -17.6541 -3.51163 0
      vertex -17.9133 -1.76431 30
      vertex -17.9133 -1.76431 0
    endloop
  endfacet
  facet normal -0.989176 -0.146736 0
    outer loop
      vertex -17.9133 -1.76431 30
      vertex -17.6541 -3.51163 0
      vertex -17.6541 -3.51163 30
    endloop
  endfacet
  facet normal 0.146736 -0.989176 0
    outer loop
      vertex 1.76431 -17.9133 0
      vertex 3.51163 -17.6541 30
      vertex 1.76431 -17.9133 30
    endloop
  endfacet
  facet normal 0.146736 -0.989176 0
    outer loop
      vertex 3.51163 -17.6541 30
      vertex 1.76431 -17.9133 0
      vertex 3.51163 -17.6541 0
    endloop
  endfacet
  facet normal -0.998796 -0.0490479 0
    outer loop
      vertex 15 0 3
      vertex 14.9278 1.47026 30
      vertex 14.9278 1.47026 3
    endloop
  endfacet
  facet normal -0.998796 -0.0490479 0
    outer loop
      vertex 14.9278 1.47026 30
      vertex 15 0 3
      vertex 15 0 30
    endloop
  endfacet
  facet normal 0.998796 -0.0490479 0
    outer loop
      vertex -15 0 30
      vertex -14.9278 1.47026 3
      vertex -14.9278 1.47026 30
    endloop
  endfacet
  facet normal 0.998796 -0.0490479 0
    outer loop
      vertex -14.9278 1.47026 3
      vertex -15 0 30
      vertex -15 0 3
    endloop
  endfacet
  facet normal -0.0490479 -0.998796 0
    outer loop
      vertex 0 15 3
      vertex 1.47026 14.9278 30
      vertex 0 15 30
    endloop
  endfacet
  facet normal -0.0490479 -0.998796 -0
    outer loop
      vertex 1.47026 14.9278 30
      vertex 0 15 3
      vertex 1.47026 14.9278 3
    endloop
  endfacet
  facet normal 0.0490479 0.998796 -0
    outer loop
      vertex 0 -15 3
      vertex -1.47026 -14.9278 30
      vertex 0 -15 30
    endloop
  endfacet
  facet normal 0.0490479 0.998796 0
    outer loop
      vertex -1.47026 -14.9278 30
      vertex 0 -15 3
      vertex -1.47026 -14.9278 3
    endloop
  endfacet
  facet normal -0.740935 -0.671577 0
    outer loop
      vertex 11.5952 9.5159 3
      vertex 10.6066 10.6066 30
      vertex 10.6066 10.6066 3
    endloop
  endfacet
  facet normal -0.740935 -0.671577 0
    outer loop
      vertex 10.6066 10.6066 30
      vertex 11.5952 9.5159 3
      vertex 11.5952 9.5159 30
    endloop
  endfacet
  facet normal 0.671577 -0.740935 0
    outer loop
      vertex -10.6066 10.6066 3
      vertex -9.5159 11.5952 30
      vertex -10.6066 10.6066 30
    endloop
  endfacet
  facet normal 0.671577 -0.740935 0
    outer loop
      vertex -9.5159 11.5952 30
      vertex -10.6066 10.6066 3
      vertex -9.5159 11.5952 3
    endloop
  endfacet
  facet normal 0.336883 -0.941547 0
    outer loop
      vertex -5.74025 13.8582 3
      vertex -4.35427 14.3541 30
      vertex -5.74025 13.8582 30
    endloop
  endfacet
  facet normal 0.336883 -0.941547 0
    outer loop
      vertex -4.35427 14.3541 30
      vertex -5.74025 13.8582 3
      vertex -4.35427 14.3541 3
    endloop
  endfacet
  facet normal -0.903983 -0.427569 0
    outer loop
      vertex 13.8582 5.74025 3
      vertex 13.2288 7.07095 30
      vertex 13.2288 7.07095 3
    endloop
  endfacet
  facet normal -0.903983 -0.427569 0
    outer loop
      vertex 13.2288 7.07095 30
      vertex 13.8582 5.74025 3
      vertex 13.8582 5.74025 30
    endloop
  endfacet
  facet normal -0.857721 -0.514116 0
    outer loop
      vertex 13.2288 7.07095 3
      vertex 12.472 8.33355 30
      vertex 12.472 8.33355 3
    endloop
  endfacet
  facet normal -0.857721 -0.514116 0
    outer loop
      vertex 12.472 8.33355 30
      vertex 13.2288 7.07095 3
      vertex 13.2288 7.07095 30
    endloop
  endfacet
  facet normal -0.427569 -0.903983 0
    outer loop
      vertex 5.74025 13.8582 3
      vertex 7.07095 13.2288 30
      vertex 5.74025 13.8582 30
    endloop
  endfacet
  facet normal -0.427569 -0.903983 -0
    outer loop
      vertex 7.07095 13.2288 30
      vertex 5.74025 13.8582 3
      vertex 7.07095 13.2288 3
    endloop
  endfacet
  facet normal -0.59566 -0.803237 0
    outer loop
      vertex 8.33355 12.472 3
      vertex 9.5159 11.5952 30
      vertex 8.33355 12.472 30
    endloop
  endfacet
  facet normal -0.59566 -0.803237 -0
    outer loop
      vertex 9.5159 11.5952 30
      vertex 8.33355 12.472 3
      vertex 9.5159 11.5952 3
    endloop
  endfacet
  facet normal 0.903983 -0.427569 0
    outer loop
      vertex -13.8582 5.74025 30
      vertex -13.2288 7.07095 3
      vertex -13.2288 7.07095 30
    endloop
  endfacet
  facet normal 0.903983 -0.427569 0
    outer loop
      vertex -13.2288 7.07095 3
      vertex -13.8582 5.74025 30
      vertex -13.8582 5.74025 3
    endloop
  endfacet
  facet normal 0.146737 -0.989176 0
    outer loop
      vertex -2.92635 14.7118 3
      vertex -1.47026 14.9278 30
      vertex -2.92635 14.7118 30
    endloop
  endfacet
  facet normal 0.146737 -0.989176 0
    outer loop
      vertex -1.47026 14.9278 30
      vertex -2.92635 14.7118 3
      vertex -1.47026 14.9278 3
    endloop
  endfacet
  facet normal 0 0 1
    outer loop
      vertex 14.9278 1.47026 3
      vertex 14.9278 -1.47026 3
      vertex 15 0 3
    endloop
  endfacet
  facet normal 0 0 1
    outer loop
      vertex 14.7118 2.92635 3
      vertex 14.9278 -1.47026 3
      vertex 14.9278 1.47026 3
    endloop
  endfacet
  facet normal 0 0 1
    outer loop
      vertex 14.7118 2.92635 3
      vertex 14.7118 -2.92635 3
      vertex 14.9278 -1.47026 3
    endloop
  endfacet
  facet normal 0 0 1
    outer loop
      vertex 14.3541 4.35427 3
      vertex 14.7118 -2.92635 3
      vertex 14.7118 2.92635 3
    endloop
  endfacet
  facet normal 0 0 1
    outer loop
      vertex 14.3541 4.35427 3
      vertex 14.3541 -4.35427 3
      vertex 14.7118 -2.92635 3
    endloop
  endfacet
  facet normal 0 0 1
    outer loop
      vertex 13.8582 5.74025 3
      vertex 14.3541 -4.35427 3
      vertex 14.3541 4.35427 3
    endloop
  endfacet
  facet normal 0 0 1
    outer loop
      vertex 13.8582 5.74025 3
      vertex 13.8582 -5.74025 3
      vertex 14.3541 -4.35427 3
    endloop
  endfacet
  facet normal 0 0 1
    outer loop
      vertex 13.2288 7.07095 3
      vertex 13.8582 -5.74025 3
      vertex 13.8582 5.74025 3
    endloop
  endfacet
  facet normal 0 0 1
    outer loop
      vertex 13.2288 7.07095 3
      vertex 13.2288 -7.07095 3
      vertex 13.8582 -5.74025 3
    endloop
  endfacet
  facet normal 0 0 1
    outer loop
      vertex 12.472 8.33355 3
      vertex 13.2288 -7.07095 3
      vertex 13.2288 7.07095 3
    endloop
  endfacet
  facet normal 0 0 1
    outer loop
      vertex 12.472 8.33355 3
      vertex 12.472 -8.33355 3
      vertex 13.2288 -7.07095 3
    endloop
  endfacet
  facet normal 0 0 1
    outer loop
      vertex 11.5952 9.5159 3
      vertex 12.472 -8.33355 3
      vertex 12.472 8.33355 3
    endloop
  endfacet
  facet normal 0 0 1
    outer loop
      vertex 11.5952 9.5159 3
      vertex 11.5952 -9.5159 3
      vertex 12.472 -8.33355 3
    endloop
  endfacet
  facet normal 0 0 1
    outer loop
      vertex 10.6066 10.6066 3
      vertex 11.5952 -9.5159 3
      vertex 11.5952 9.5159 3
    endloop
  endfacet
  facet normal 0 0 1
    outer loop
      vertex 10.6066 10.6066 3
      vertex 10.6066 -10.6066 3
      vertex 11.5952 -9.5159 3
    endloop
  endfacet
  facet normal 0 0 1
    outer loop
      vertex 9.5159 11.5952 3
      vertex 10.6066 -10.6066 3
      vertex 10.6066 10.6066 3
    endloop
  endfacet
  facet normal 0 0 1
    outer loop
      vertex 9.5159 11.5952 3
      vertex 9.5159 -11.5952 3
      vertex 10.6066 -10.6066 3
    endloop
  endfacet
  facet normal 0 0 1
    outer loop
      vertex 8.33355 12.472 3
      vertex 9.5159 -11.5952 3
      vertex 9.5159 11.5952 3
    endloop
  endfacet
  facet normal 0 0 1
    outer loop
      vertex 8.33355 12.472 3
      vertex 8.33355 -12.472 3
      vertex 9.5159 -11.5952 3
    endloop
  endfacet
  facet normal 0 0 1
    outer loop
      vertex 7.07095 13.2288 3
      vertex 8.33355 -12.472 3
      vertex 8.33355 12.472 3
    endloop
  endfacet
  facet normal 0 0 1
    outer loop
      vertex 7.07095 13.2288 3
      vertex 7.07095 -13.2288 3
      vertex 8.33355 -12.472 3
    endloop
  endfacet
  facet normal 0 0 1
    outer loop
      vertex 5.74025 13.8582 3
      vertex 7.07095 -13.2288 3
      vertex 7.07095 13.2288 3
    endloop
  endfacet
  facet normal 0 0 1
    outer loop
      vertex 5.74025 13.8582 3
      vertex 5.74025 -13.8582 3
      vertex 7.07095 -13.2288 3
    endloop
  endfacet
  facet normal 0 0 1
    outer loop
      vertex 4.35427 14.3541 3
      vertex 5.74025 -13.8582 3
      vertex 5.74025 13.8582 3
    endloop
  endfacet
  facet normal 0 0 1
    outer loop
      vertex 4.35427 14.3541 3
      vertex 4.35427 -14.3541 3
      vertex 5.74025 -13.8582 3
    endloop
  endfacet
  facet normal 0 0 1
    outer loop
      vertex 2.92635 14.7118 3
      vertex 4.35427 -14.3541 3
      vertex 4.35427 14.3541 3
    endloop
  endfacet
  facet normal 0 0 1
    outer loop
      vertex 2.92635 14.7118 3
      vertex 2.92635 -14.7118 3
      vertex 4.35427 -14.3541 3
    endloop
  endfacet
  facet normal 0 0 1
    outer loop
      vertex 1.47026 14.9278 3
      vertex 2.92635 -14.7118 3
      vertex 2.92635 14.7118 3
    endloop
  endfacet
  facet normal 0 0 1
    outer loop
      vertex 1.47026 14.9278 3
      vertex 1.47026 -14.9278 3
      vertex 2.92635 -14.7118 3
    endloop
  endfacet
  facet normal 0 0 1
    outer loop
      vertex 0 15 3
      vertex 1.47026 -14.9278 3
      vertex 1.47026 14.9278 3
    endloop
  endfacet
  facet normal 0 0 1
    outer loop
      vertex 0 15 3
      vertex 0 -15 3
      vertex 1.47026 -14.9278 3
    endloop
  endfacet
  facet normal -0 0 1
    outer loop
      vertex -1.47026 14.9278 3
      vertex 0 -15 3
      vertex 0 15 3
    endloop
  endfacet
  facet normal 0 0 1
    outer loop
      vertex -1.47026 14.9278 3
      vertex -1.47026 -14.9278 3
      vertex 0 -15 3
    endloop
  endfacet
  facet normal -0 0 1
    outer loop
      vertex -2.92635 14.7118 3
      vertex -1.47026 -14.9278 3
      vertex -1.47026 14.9278 3
    endloop
  endfacet
  facet normal 0 0 1
    outer loop
      vertex -2.92635 14.7118 3
      vertex -2.92635 -14.7118 3
      vertex -1.47026 -14.9278 3
    endloop
  endfacet
  facet normal -0 0 1
    outer loop
      vertex -4.35427 14.3541 3
      vertex -2.92635 -14.7118 3
      vertex -2.92635 14.7118 3
    endloop
  endfacet
  facet normal 0 0 1
    outer loop
      vertex -4.35427 14.3541 3
      vertex -4.35427 -14.3541 3
      vertex -2.92635 -14.7118 3
    endloop
  endfacet
  facet normal -0 0 1
    outer loop
      vertex -5.74025 13.8582 3
      vertex -4.35427 -14.3541 3
      vertex -4.35427 14.3541 3
    endloop
  endfacet
  facet normal 0 0 1
    outer loop
      vertex -5.74025 13.8582 3
      vertex -5.74025 -13.8582 3
      vertex -4.35427 -14.3541 3
    endloop
  endfacet
  facet normal -0 0 1
    outer loop
      vertex -7.07095 13.2288 3
      vertex -5.74025 -13.8582 3
      vertex -5.74025 13.8582 3
    endloop
  endfacet
  facet normal 0 0 1
    outer loop
      vertex -7.07095 13.2288 3
      vertex -7.07095 -13.2288 3
      vertex -5.74025 -13.8582 3
    endloop
  endfacet
  facet normal -0 0 1
    outer loop
      vertex -8.33355 12.472 3
      vertex -7.07095 -13.2288 3
      vertex -7.07095 13.2288 3
    endloop
  endfacet
  facet normal 0 0 1
    outer loop
      vertex -8.33355 12.472 3
      vertex -8.33355 -12.472 3
      vertex -7.07095 -13.2288 3
    endloop
  endfacet
  facet normal -0 0 1
    outer loop
      vertex -9.5159 11.5952 3
      vertex -8.33355 -12.472 3
      vertex -8.33355 12.472 3
    endloop
  endfacet
  facet normal 0 0 1
    outer loop
      vertex -9.5159 11.5952 3
      vertex -9.5159 -11.5952 3
      vertex -8.33355 -12.472 3
    endloop
  endfacet
  facet normal -0 0 1
    outer loop
      vertex -10.6066 10.6066 3
      vertex -9.5159 -11.5952 3
      vertex -9.5159 11.5952 3
    endloop
  endfacet
  facet normal 0 0 1
    outer loop
      vertex -10.6066 10.6066 3
      vertex -10.6066 -10.6066 3
      vertex -9.5159 -11.5952 3
    endloop
  endfacet
  facet normal -0 0 1
    outer loop
      vertex -11.5952 9.5159 3
      vertex -10.6066 -10.6066 3
      vertex -10.6066 10.6066 3
    endloop
  endfacet
  facet normal 0 0 1
    outer loop
      vertex -11.5952 9.5159 3
      vertex -11.5952 -9.5159 3
      vertex -10.6066 -10.6066 3
    endloop
  endfacet
  facet normal -0 0 1
    outer loop
      vertex -12.472 8.33355 3
      vertex -11.5952 -9.5159 3
      vertex -11.5952 9.5159 3
    endloop
  endfacet
  facet normal 0 0 1
    outer loop
      vertex -12.472 8.33355 3
      vertex -12.472 -8.33355 3
      vertex -11.5952 -9.5159 3
    endloop
  endfacet
  facet normal -0 0 1
    outer loop
      vertex -13.2288 7.07095 3
      vertex -12.472 -8.33355 3
      vertex -12.472 8.33355 3
    endloop
  endfacet
  facet normal 0 0 1
    outer loop
      vertex -13.2288 7.07095 3
      vertex -13.2288 -7.07095 3
      vertex -12.472 -8.33355 3
    endloop
  endfacet
  facet normal -0 0 1
    outer loop
      vertex -13.8582 5.74025 3
      vertex -13.2288 -7.07095 3
      vertex -13.2288 7.07095 3
    endloop
  endfacet
  facet normal 0 0 1
    outer loop
      vertex -13.8582 5.74025 3
      vertex -13.8582 -5.74025 3
      vertex -13.2288 -7.07095 3
    endloop
  endfacet
  facet normal -0 0 1
    outer loop
      vertex -14.3541 4.35427 3
      vertex -13.8582 -5.74025 3
      vertex -13.8582 5.74025 3
    endloop
  endfacet
  facet normal 0 0 1
    outer loop
      vertex -14.3541 4.35427 3
      vertex -14.3541 -4.35427 3
      vertex -13.8582 -5.74025 3
    endloop
  endfacet
  facet normal -0 0 1
    outer loop
      vertex -14.7118 2.92635 3
      vertex -14.3541 -4.35427 3
      vertex -14.3541 4.35427 3
    endloop
  endfacet
  facet normal 0 0 1
    outer loop
      vertex -14.7118 2.92635 3
      vertex -14.7118 -2.92635 3
      vertex -14.3541 -4.35427 3
    endloop
  endfacet
  facet normal -0 0 1
    outer loop
      vertex -14.9278 1.47026 3
      vertex -14.7118 -2.92635 3
      vertex -14.7118 2.92635 3
    endloop
  endfacet
  facet normal 0 0 1
    outer loop
      vertex -14.9278 1.47026 3
      vertex -14.9278 -1.47026 3
      vertex -14.7118 -2.92635 3
    endloop
  endfacet
  facet normal 0 -0 1
    outer loop
      vertex -14.9278 -1.47026 3
      vertex -14.9278 1.47026 3
      vertex -15 0 3
    endloop
  endfacet
  facet normal -0.970027 -0.242996 0
    outer loop
      vertex 14.7118 2.92635 3
      vertex 14.3541 4.35427 30
      vertex 14.3541 4.35427 3
    endloop
  endfacet
  facet normal -0.970027 -0.242996 0
    outer loop
      vertex 14.3541 4.35427 30
      vertex 14.7118 2.92635 3
      vertex 14.7118 2.92635 30
    endloop
  endfacet
  facet normal -0.989176 -0.146737 0
    outer loop
      vertex 14.9278 1.47026 3
      vertex 14.7118 2.92635 30
      vertex 14.7118 2.92635 3
    endloop
  endfacet
  facet normal -0.989176 -0.146737 0
    outer loop
      vertex 14.7118 2.92635 30
      vertex 14.9278 1.47026 3
      vertex 14.9278 1.47026 30
    endloop
  endfacet
  facet normal -0.941547 -0.336883 0
    outer loop
      vertex 14.3541 4.35427 3
      vertex 13.8582 5.74025 30
      vertex 13.8582 5.74025 3
    endloop
  endfacet
  facet normal -0.941547 -0.336883 0
    outer loop
      vertex 13.8582 5.74025 30
      vertex 14.3541 4.35427 3
      vertex 14.3541 4.35427 30
    endloop
  endfacet
  facet normal -0.803237 -0.59566 0
    outer loop
      vertex 12.472 8.33355 3
      vertex 11.5952 9.5159 30
      vertex 11.5952 9.5159 3
    endloop
  endfacet
  facet normal -0.803237 -0.59566 0
    outer loop
      vertex 11.5952 9.5159 30
      vertex 12.472 8.33355 3
      vertex 12.472 8.33355 30
    endloop
  endfacet
  facet normal -0.242996 -0.970027 0
    outer loop
      vertex 2.92635 14.7118 3
      vertex 4.35427 14.3541 30
      vertex 2.92635 14.7118 30
    endloop
  endfacet
  facet normal -0.242996 -0.970027 -0
    outer loop
      vertex 4.35427 14.3541 30
      vertex 2.92635 14.7118 3
      vertex 4.35427 14.3541 3
    endloop
  endfacet
  facet normal -0.336883 -0.941547 0
    outer loop
      vertex 4.35427 14.3541 3
      vertex 5.74025 13.8582 30
      vertex 4.35427 14.3541 30
    endloop
  endfacet
  facet normal -0.336883 -0.941547 -0
    outer loop
      vertex 5.74025 13.8582 30
      vertex 4.35427 14.3541 3
      vertex 5.74025 13.8582 3
    endloop
  endfacet
  facet normal -0.146737 -0.989176 0
    outer loop
      vertex 1.47026 14.9278 3
      vertex 2.92635 14.7118 30
      vertex 1.47026 14.9278 30
    endloop
  endfacet
  facet normal -0.146737 -0.989176 -0
    outer loop
      vertex 2.92635 14.7118 30
      vertex 1.47026 14.9278 3
      vertex 2.92635 14.7118 3
    endloop
  endfacet
  facet normal -0.514116 -0.857721 0
    outer loop
      vertex 7.07095 13.2288 3
      vertex 8.33355 12.472 30
      vertex 7.07095 13.2288 30
    endloop
  endfacet
  facet normal -0.514116 -0.857721 -0
    outer loop
      vertex 8.33355 12.472 30
      vertex 7.07095 13.2288 3
      vertex 8.33355 12.472 3
    endloop
  endfacet
  facet normal -0.671577 -0.740935 0
    outer loop
      vertex 9.5159 11.5952 3
      vertex 10.6066 10.6066 30
      vertex 9.5159 11.5952 30
    endloop
  endfacet
  facet normal -0.671577 -0.740935 -0
    outer loop
      vertex 10.6066 10.6066 30
      vertex 9.5159 11.5952 3
      vertex 10.6066 10.6066 3
    endloop
  endfacet
  facet normal 0.970027 -0.242996 0
    outer loop
      vertex -14.7118 2.92635 30
      vertex -14.3541 4.35427 3
      vertex -14.3541 4.35427 30
    endloop
  endfacet
  facet normal 0.970027 -0.242996 0
    outer loop
      vertex -14.3541 4.35427 3
      vertex -14.7118 2.92635 30
      vertex -14.7118 2.92635 3
    endloop
  endfacet
  facet normal 0.803237 -0.59566 0
    outer loop
      vertex -12.472 8.33355 30
      vertex -11.5952 9.5159 3
      vertex -11.5952 9.5159 30
    endloop
  endfacet
  facet normal 0.803237 -0.59566 0
    outer loop
      vertex -11.5952 9.5159 3
      vertex -12.472 8.33355 30
      vertex -12.472 8.33355 3
    endloop
  endfacet
  facet normal 0.740935 -0.671577 0
    outer loop
      vertex -11.5952 9.5159 30
      vertex -10.6066 10.6066 3
      vertex -10.6066 10.6066 30
    endloop
  endfacet
  facet normal 0.740935 -0.671577 0
    outer loop
      vertex -10.6066 10.6066 3
      vertex -11.5952 9.5159 30
      vertex -11.5952 9.5159 3
    endloop
  endfacet
  facet normal 0.857721 -0.514116 0
    outer loop
      vertex -13.2288 7.07095 30
      vertex -12.472 8.33355 3
      vertex -12.472 8.33355 30
    endloop
  endfacet
  facet normal 0.857721 -0.514116 0
    outer loop
      vertex -12.472 8.33355 3
      vertex -13.2288 7.07095 30
      vertex -13.2288 7.07095 3
    endloop
  endfacet
  facet normal 0.941547 -0.336883 0
    outer loop
      vertex -14.3541 4.35427 30
      vertex -13.8582 5.74025 3
      vertex -13.8582 5.74025 30
    endloop
  endfacet
  facet normal 0.941547 -0.336883 0
    outer loop
      vertex -13.8582 5.74025 3
      vertex -14.3541 4.35427 30
      vertex -14.3541 4.35427 3
    endloop
  endfacet
  facet normal 0.989176 -0.146737 0
    outer loop
      vertex -14.9278 1.47026 30
      vertex -14.7118 2.92635 3
      vertex -14.7118 2.92635 30
    endloop
  endfacet
  facet normal 0.989176 -0.146737 0
    outer loop
      vertex -14.7118 2.92635 3
      vertex -14.9278 1.47026 30
      vertex -14.9278 1.47026 3
    endloop
  endfacet
  facet normal 0.514116 -0.857721 0
    outer loop
      vertex -8.33355 12.472 3
      vertex -7.07095 13.2288 30
      vertex -8.33355 12.472 30
    endloop
  endfacet
  facet normal 0.514116 -0.857721 0
    outer loop
      vertex -7.07095 13.2288 30
      vertex -8.33355 12.472 3
      vertex -7.07095 13.2288 3
    endloop
  endfacet
  facet normal 0.427569 -0.903983 0
    outer loop
      vertex -7.07095 13.2288 3
      vertex -5.74025 13.8582 30
      vertex -7.07095 13.2288 30
    endloop
  endfacet
  facet normal 0.427569 -0.903983 0
    outer loop
      vertex -5.74025 13.8582 30
      vertex -7.07095 13.2288 3
      vertex -5.74025 13.8582 3
    endloop
  endfacet
  facet normal 0.59566 -0.803237 0
    outer loop
      vertex -9.5159 11.5952 3
      vertex -8.33355 12.472 30
      vertex -9.5159 11.5952 30
    endloop
  endfacet
  facet normal 0.59566 -0.803237 0
    outer loop
      vertex -8.33355 12.472 30
      vertex -9.5159 11.5952 3
      vertex -8.33355 12.472 3
    endloop
  endfacet
  facet normal 0.242996 -0.970027 0
    outer loop
      vertex -4.35427 14.3541 3
      vertex -2.92635 14.7118 30
      vertex -4.35427 14.3541 30
    endloop
  endfacet
  facet normal 0.242996 -0.970027 0
    outer loop
      vertex -2.92635 14.7118 30
      vertex -4.35427 14.3541 3
      vertex -2.92635 14.7118 3
    endloop
  endfacet
  facet normal 0.0490479 -0.998796 0
    outer loop
      vertex -1.47026 14.9278 3
      vertex 0 15 30
      vertex -1.47026 14.9278 30
    endloop
  endfacet
  facet normal 0.0490479 -0.998796 0
    outer loop
      vertex 0 15 30
      vertex -1.47026 14.9278 3
      vertex 0 15 3
    endloop
  endfacet
  facet normal -0.0490479 0.998796 0
    outer loop
      vertex 1.47026 -14.9278 3
      vertex 0 -15 30
      vertex 1.47026 -14.9278 30
    endloop
  endfacet
  facet normal -0.0490479 0.998796 0
    outer loop
      vertex 0 -15 30
      vertex 1.47026 -14.9278 3
      vertex 0 -15 3
    endloop
  endfacet
  facet normal -0.242996 0.970027 0
    outer loop
      vertex 4.35427 -14.3541 3
      vertex 2.92635 -14.7118 30
      vertex 4.35427 -14.3541 30
    endloop
  endfacet
  facet normal -0.242996 0.970027 0
    outer loop
      vertex 2.92635 -14.7118 30
      vertex 4.35427 -14.3541 3
      vertex 2.92635 -14.7118 3
    endloop
  endfacet
  facet normal -0.59566 0.803237 0
    outer loop
      vertex 9.5159 -11.5952 3
      vertex 8.33355 -12.472 30
      vertex 9.5159 -11.5952 30
    endloop
  endfacet
  facet normal -0.59566 0.803237 0
    outer loop
      vertex 8.33355 -12.472 30
      vertex 9.5159 -11.5952 3
      vertex 8.33355 -12.472 3
    endloop
  endfacet
  facet normal -0.427569 0.903983 0
    outer loop
      vertex 7.07095 -13.2288 3
      vertex 5.74025 -13.8582 30
      vertex 7.07095 -13.2288 30
    endloop
  endfacet
  facet normal -0.427569 0.903983 0
    outer loop
      vertex 5.74025 -13.8582 30
      vertex 7.07095 -13.2288 3
      vertex 5.74025 -13.8582 3
    endloop
  endfacet
  facet normal -0.740935 0.671577 0
    outer loop
      vertex 10.6066 -10.6066 3
      vertex 11.5952 -9.5159 30
      vertex 11.5952 -9.5159 3
    endloop
  endfacet
  facet normal -0.740935 0.671577 0
    outer loop
      vertex 11.5952 -9.5159 30
      vertex 10.6066 -10.6066 3
      vertex 10.6066 -10.6066 30
    endloop
  endfacet
  facet normal -0.941547 0.336883 0
    outer loop
      vertex 13.8582 -5.74025 3
      vertex 14.3541 -4.35427 30
      vertex 14.3541 -4.35427 3
    endloop
  endfacet
  facet normal -0.941547 0.336883 0
    outer loop
      vertex 14.3541 -4.35427 30
      vertex 13.8582 -5.74025 3
      vertex 13.8582 -5.74025 30
    endloop
  endfacet
  facet normal -0.857721 0.514116 0
    outer loop
      vertex 12.472 -8.33355 3
      vertex 13.2288 -7.07095 30
      vertex 13.2288 -7.07095 3
    endloop
  endfacet
  facet normal -0.857721 0.514116 0
    outer loop
      vertex 13.2288 -7.07095 30
      vertex 12.472 -8.33355 3
      vertex 12.472 -8.33355 30
    endloop
  endfacet
  facet normal 0.671577 0.740935 -0
    outer loop
      vertex -9.5159 -11.5952 3
      vertex -10.6066 -10.6066 30
      vertex -9.5159 -11.5952 30
    endloop
  endfacet
  facet normal 0.671577 0.740935 0
    outer loop
      vertex -10.6066 -10.6066 30
      vertex -9.5159 -11.5952 3
      vertex -10.6066 -10.6066 3
    endloop
  endfacet
  facet normal 0.514116 0.857721 -0
    outer loop
      vertex -7.07095 -13.2288 3
      vertex -8.33355 -12.472 30
      vertex -7.07095 -13.2288 30
    endloop
  endfacet
  facet normal 0.514116 0.857721 0
    outer loop
      vertex -8.33355 -12.472 30
      vertex -7.07095 -13.2288 3
      vertex -8.33355 -12.472 3
    endloop
  endfacet
  facet normal 0.336883 0.941547 -0
    outer loop
      vertex -4.35427 -14.3541 3
      vertex -5.74025 -13.8582 30
      vertex -4.35427 -14.3541 30
    endloop
  endfacet
  facet normal 0.336883 0.941547 0
    outer loop
      vertex -5.74025 -13.8582 30
      vertex -4.35427 -14.3541 3
      vertex -5.74025 -13.8582 3
    endloop
  endfacet
  facet normal 0.146737 0.989176 -0
    outer loop
      vertex -1.47026 -14.9278 3
      vertex -2.92635 -14.7118 30
      vertex -1.47026 -14.9278 30
    endloop
  endfacet
  facet normal 0.146737 0.989176 0
    outer loop
      vertex -2.92635 -14.7118 30
      vertex -1.47026 -14.9278 3
      vertex -2.92635 -14.7118 3
    endloop
  endfacet
  facet normal 0.803237 0.59566 0
    outer loop
      vertex -11.5952 -9.5159 30
      vertex -12.472 -8.33355 3
      vertex -12.472 -8.33355 30
    endloop
  endfacet
  facet normal 0.803237 0.59566 0
    outer loop
      vertex -12.472 -8.33355 3
      vertex -11.5952 -9.5159 30
      vertex -11.5952 -9.5159 3
    endloop
  endfacet
  facet normal 0.903983 0.427569 0
    outer loop
      vertex -13.2288 -7.07095 30
      vertex -13.8582 -5.74025 3
      vertex -13.8582 -5.74025 30
    endloop
  endfacet
  facet normal 0.903983 0.427569 0
    outer loop
      vertex -13.8582 -5.74025 3
      vertex -13.2288 -7.07095 30
      vertex -13.2288 -7.07095 3
    endloop
  endfacet
  facet normal 0.857721 0.514116 0
    outer loop
      vertex -12.472 -8.33355 30
      vertex -13.2288 -7.07095 3
      vertex -13.2288 -7.07095 30
    endloop
  endfacet
  facet normal 0.857721 0.514116 0
    outer loop
      vertex -13.2288 -7.07095 3
      vertex -12.472 -8.33355 30
      vertex -12.472 -8.33355 3
    endloop
  endfacet
  facet normal 0.970027 0.242996 0
    outer loop
      vertex -14.3541 -4.35427 30
      vertex -14.7118 -2.92635 3
      vertex -14.7118 -2.92635 30
    endloop
  endfacet
  facet normal 0.970027 0.242996 0
    outer loop
      vertex -14.7118 -2.92635 3
      vertex -14.3541 -4.35427 30
      vertex -14.3541 -4.35427 3
    endloop
  endfacet
  facet normal 0.941547 0.336883 0
    outer loop
      vertex -13.8582 -5.74025 30
      vertex -14.3541 -4.35427 3
      vertex -14.3541 -4.35427 30
    endloop
  endfacet
  facet normal 0.941547 0.336883 0
    outer loop
      vertex -14.3541 -4.35427 3
      vertex -13.8582 -5.74025 30
      vertex -13.8582 -5.74025 3
    endloop
  endfacet
  facet normal 0.998796 0.0490479 0
    outer loop
      vertex -14.9278 -1.47026 30
      vertex -15 0 3
      vertex -15 0 30
    endloop
  endfacet
  facet normal 0.998796 0.0490479 0
    outer loop
      vertex -15 0 3
      vertex -14.9278 -1.47026 30
      vertex -14.9278 -1.47026 3
    endloop
  endfacet
  facet normal -0.146737 0.989176 0
    outer loop
      vertex 2.92635 -14.7118 3
      vertex 1.47026 -14.9278 30
      vertex 2.92635 -14.7118 30
    endloop
  endfacet
  facet normal -0.146737 0.989176 0
    outer loop
      vertex 1.47026 -14.9278 30
      vertex 2.92635 -14.7118 3
      vertex 1.47026 -14.9278 3
    endloop
  endfacet
  facet normal -0.336883 0.941547 0
    outer loop
      vertex 5.74025 -13.8582 3
      vertex 4.35427 -14.3541 30
      vertex 5.74025 -13.8582 30
    endloop
  endfacet
  facet normal -0.336883 0.941547 0
    outer loop
      vertex 4.35427 -14.3541 30
      vertex 5.74025 -13.8582 3
      vertex 4.35427 -14.3541 3
    endloop
  endfacet
  facet normal -0.671577 0.740935 0
    outer loop
      vertex 10.6066 -10.6066 3
      vertex 9.5159 -11.5952 30
      vertex 10.6066 -10.6066 30
    endloop
  endfacet
  facet normal -0.671577 0.740935 0
    outer loop
      vertex 9.5159 -11.5952 30
      vertex 10.6066 -10.6066 3
      vertex 9.5159 -11.5952 3
    endloop
  endfacet
  facet normal -0.514116 0.857721 0
    outer loop
      vertex 8.33355 -12.472 3
      vertex 7.07095 -13.2288 30
      vertex 8.33355 -12.472 30
    endloop
  endfacet
  facet normal -0.514116 0.857721 0
    outer loop
      vertex 7.07095 -13.2288 30
      vertex 8.33355 -12.472 3
      vertex 7.07095 -13.2288 3
    endloop
  endfacet
  facet normal -0.803237 0.59566 0
    outer loop
      vertex 11.5952 -9.5159 3
      vertex 12.472 -8.33355 30
      vertex 12.472 -8.33355 3
    endloop
  endfacet
  facet normal -0.803237 0.59566 0
    outer loop
      vertex 12.472 -8.33355 30
      vertex 11.5952 -9.5159 3
      vertex 11.5952 -9.5159 30
    endloop
  endfacet
  facet normal -0.903983 0.427569 0
    outer loop
      vertex 13.2288 -7.07095 3
      vertex 13.8582 -5.74025 30
      vertex 13.8582 -5.74025 3
    endloop
  endfacet
  facet normal -0.903983 0.427569 0
    outer loop
      vertex 13.8582 -5.74025 30
      vertex 13.2288 -7.07095 3
      vertex 13.2288 -7.07095 30
    endloop
  endfacet
  facet normal -0.989176 0.146737 0
    outer loop
      vertex 14.7118 -2.92635 3
      vertex 14.9278 -1.47026 30
      vertex 14.9278 -1.47026 3
    endloop
  endfacet
  facet normal -0.989176 0.146737 0
    outer loop
      vertex 14.9278 -1.47026 30
      vertex 14.7118 -2.92635 3
      vertex 14.7118 -2.92635 30
    endloop
  endfacet
  facet normal -0.970027 0.242996 0
    outer loop
      vertex 14.3541 -4.35427 3
      vertex 14.7118 -2.92635 30
      vertex 14.7118 -2.92635 3
    endloop
  endfacet
  facet normal -0.970027 0.242996 0
    outer loop
      vertex 14.7118 -2.92635 30
      vertex 14.3541 -4.35427 3
      vertex 14.3541 -4.35427 30
    endloop
  endfacet
  facet normal -0.998796 0.0490479 0
    outer loop
      vertex 14.9278 -1.47026 3
      vertex 15 0 30
      vertex 15 0 3
    endloop
  endfacet
  facet normal -0.998796 0.0490479 0
    outer loop
      vertex 15 0 30
      vertex 14.9278 -1.47026 3
      vertex 14.9278 -1.47026 30
    endloop
  endfacet
  facet normal 0.59566 0.803237 -0
    outer loop
      vertex -8.33355 -12.472 3
      vertex -9.5159 -11.5952 30
      vertex -8.33355 -12.472 30
    endloop
  endfacet
  facet normal 0.59566 0.803237 0
    outer loop
      vertex -9.5159 -11.5952 30
      vertex -8.33355 -12.472 3
      vertex -9.5159 -11.5952 3
    endloop
  endfacet
  facet normal 0.427569 0.903983 -0
    outer loop
      vertex -5.74025 -13.8582 3
      vertex -7.07095 -13.2288 30
      vertex -5.74025 -13.8582 30
    endloop
  endfacet
  facet normal 0.427569 0.903983 0
    outer loop
      vertex -7.07095 -13.2288 30
      vertex -5.74025 -13.8582 3
      vertex -7.07095 -13.2288 3
    endloop
  endfacet
  facet normal 0.242996 0.970027 -0
    outer loop
      vertex -2.92635 -14.7118 3
      vertex -4.35427 -14.3541 30
      vertex -2.92635 -14.7118 30
    endloop
  endfacet
  facet normal 0.242996 0.970027 0
    outer loop
      vertex -4.35427 -14.3541 30
      vertex -2.92635 -14.7118 3
      vertex -4.35427 -14.3541 3
    endloop
  endfacet
  facet normal 0.740935 0.671577 0
    outer loop
      vertex -10.6066 -10.6066 30
      vertex -11.5952 -9.5159 3
      vertex -11.5952 -9.5159 30
    endloop
  endfacet
  facet normal 0.740935 0.671577 0
    outer loop
      vertex -11.5952 -9.5159 3
      vertex -10.6066 -10.6066 30
      vertex -10.6066 -10.6066 3
    endloop
  endfacet
  facet normal 0.989176 0.146737 0
    outer loop
      vertex -14.7118 -2.92635 30
      vertex -14.9278 -1.47026 3
      vertex -14.9278 -1.47026 30
    endloop
  endfacet
  facet normal 0.989176 0.146737 0
    outer loop
      vertex -14.9278 -1.47026 3
      vertex -14.7118 -2.92635 30
      vertex -14.7118 -2.92635 3
    endloop
  endfacet
  facet normal 0.671584 0.740928 -0
    outer loop
      vertex 14.1421 14.1421 30
      vertex 12.6879 15.4602 32
      vertex 14.1421 14.1421 32
    endloop
  endfacet
  facet normal 0.671584 0.740928 0
    outer loop
      vertex 12.6879 15.4602 32
      vertex 14.1421 14.1421 30
      vertex 12.6879 15.4602 30
    endloop
  endfacet
  facet normal -0.336882 0.941547 0
    outer loop
      vertex -5.80569 19.1388 30
      vertex -7.65367 18.4776 32
      vertex -5.80569 19.1388 32
    endloop
  endfacet
  facet normal -0.336882 0.941547 0
    outer loop
      vertex -7.65367 18.4776 32
      vertex -5.80569 19.1388 30
      vertex -7.65367 18.4776 30
    endloop
  endfacet
  facet normal -0.903982 0.427571 0
    outer loop
      vertex -18.4776 7.65367 30
      vertex -17.6384 9.42793 32
      vertex -17.6384 9.42793 30
    endloop
  endfacet
  facet normal -0.903982 0.427571 0
    outer loop
      vertex -17.6384 9.42793 32
      vertex -18.4776 7.65367 30
      vertex -18.4776 7.65367 32
    endloop
  endfacet
  facet normal 0.903982 -0.427571 0
    outer loop
      vertex 17.6384 -9.42793 32
      vertex 18.4776 -7.65367 30
      vertex 18.4776 -7.65367 32
    endloop
  endfacet
  facet normal 0.903982 -0.427571 0
    outer loop
      vertex 18.4776 -7.65367 30
      vertex 17.6384 -9.42793 32
      vertex 17.6384 -9.42793 30
    endloop
  endfacet
  facet normal -0.427571 -0.903982 0
    outer loop
      vertex -9.42793 -17.6384 30
      vertex -7.65367 -18.4776 32
      vertex -9.42793 -17.6384 32
    endloop
  endfacet
  facet normal -0.427571 -0.903982 -0
    outer loop
      vertex -7.65367 -18.4776 32
      vertex -9.42793 -17.6384 30
      vertex -7.65367 -18.4776 30
    endloop
  endfacet
  facet normal 0.941547 0.336882 0
    outer loop
      vertex 19.1388 5.80569 32
      vertex 18.4776 7.65367 30
      vertex 18.4776 7.65367 32
    endloop
  endfacet
  facet normal 0.941547 0.336882 0
    outer loop
      vertex 18.4776 7.65367 30
      vertex 19.1388 5.80569 32
      vertex 19.1388 5.80569 30
    endloop
  endfacet
  facet normal 0.989176 0.146736 0
    outer loop
      vertex 19.9037 1.96034 32
      vertex 19.6157 3.90181 30
      vertex 19.6157 3.90181 32
    endloop
  endfacet
  facet normal 0.989176 0.146736 0
    outer loop
      vertex 19.6157 3.90181 30
      vertex 19.9037 1.96034 32
      vertex 19.9037 1.96034 30
    endloop
  endfacet
  facet normal 0.903982 0.427571 0
    outer loop
      vertex 18.4776 7.65367 32
      vertex 17.6384 9.42793 30
      vertex 17.6384 9.42793 32
    endloop
  endfacet
  facet normal 0.903982 0.427571 0
    outer loop
      vertex 17.6384 9.42793 30
      vertex 18.4776 7.65367 32
      vertex 18.4776 7.65367 30
    endloop
  endfacet
  facet normal 0.427571 0.903982 -0
    outer loop
      vertex 9.42793 17.6384 30
      vertex 7.65367 18.4776 32
      vertex 9.42793 17.6384 32
    endloop
  endfacet
  facet normal 0.427571 0.903982 0
    outer loop
      vertex 7.65367 18.4776 32
      vertex 9.42793 17.6384 30
      vertex 7.65367 18.4776 30
    endloop
  endfacet
  facet normal 0.146736 0.989176 -0
    outer loop
      vertex 3.90181 19.6157 30
      vertex 1.96034 19.9037 32
      vertex 3.90181 19.6157 32
    endloop
  endfacet
  facet normal 0.146736 0.989176 0
    outer loop
      vertex 1.96034 19.9037 32
      vertex 3.90181 19.6157 30
      vertex 1.96034 19.9037 30
    endloop
  endfacet
  facet normal -0.740928 0.671584 0
    outer loop
      vertex -15.4602 12.6879 30
      vertex -14.1421 14.1421 32
      vertex -14.1421 14.1421 30
    endloop
  endfacet
  facet normal -0.740928 0.671584 0
    outer loop
      vertex -14.1421 14.1421 32
      vertex -15.4602 12.6879 30
      vertex -15.4602 12.6879 32
    endloop
  endfacet
  facet normal -0.146736 0.989176 0
    outer loop
      vertex -1.96034 19.9037 30
      vertex -3.90181 19.6157 32
      vertex -1.96034 19.9037 32
    endloop
  endfacet
  facet normal -0.146736 0.989176 0
    outer loop
      vertex -3.90181 19.6157 32
      vertex -1.96034 19.9037 30
      vertex -3.90181 19.6157 30
    endloop
  endfacet
  facet normal 0.998796 -0.049065 0
    outer loop
      vertex 19.9037 -1.96034 32
      vertex 20 0 30
      vertex 20 0 32
    endloop
  endfacet
  facet normal 0.998796 -0.049065 0
    outer loop
      vertex 20 0 30
      vertex 19.9037 -1.96034 32
      vertex 19.9037 -1.96034 30
    endloop
  endfacet
  facet normal 0.740928 -0.671584 0
    outer loop
      vertex 14.1421 -14.1421 32
      vertex 15.4602 -12.6879 30
      vertex 15.4602 -12.6879 32
    endloop
  endfacet
  facet normal 0.740928 -0.671584 0
    outer loop
      vertex 15.4602 -12.6879 30
      vertex 14.1421 -14.1421 32
      vertex 14.1421 -14.1421 30
    endloop
  endfacet
  facet normal -0.146736 -0.989176 0
    outer loop
      vertex -3.90181 -19.6157 30
      vertex -1.96034 -19.9037 32
      vertex -3.90181 -19.6157 32
    endloop
  endfacet
  facet normal -0.146736 -0.989176 -0
    outer loop
      vertex -1.96034 -19.9037 32
      vertex -3.90181 -19.6157 30
      vertex -1.96034 -19.9037 30
    endloop
  endfacet
  facet normal -0.671584 -0.740928 0
    outer loop
      vertex -14.1421 -14.1421 30
      vertex -12.6879 -15.4602 32
      vertex -14.1421 -14.1421 32
    endloop
  endfacet
  facet normal -0.671584 -0.740928 -0
    outer loop
      vertex -12.6879 -15.4602 32
      vertex -14.1421 -14.1421 30
      vertex -12.6879 -15.4602 30
    endloop
  endfacet
  facet normal -0.80321 -0.595695 0
    outer loop
      vertex -15.4602 -12.6879 30
      vertex -16.6294 -11.1114 32
      vertex -16.6294 -11.1114 30
    endloop
  endfacet
  facet normal -0.80321 -0.595695 0
    outer loop
      vertex -16.6294 -11.1114 32
      vertex -15.4602 -12.6879 30
      vertex -15.4602 -12.6879 32
    endloop
  endfacet
  facet normal 0.970031 0.242982 0
    outer loop
      vertex 19.6157 3.90181 32
      vertex 19.1388 5.80569 30
      vertex 19.1388 5.80569 32
    endloop
  endfacet
  facet normal 0.970031 0.242982 0
    outer loop
      vertex 19.1388 5.80569 30
      vertex 19.6157 3.90181 32
      vertex 19.6157 3.90181 30
    endloop
  endfacet
  facet normal 0.80321 0.595695 0
    outer loop
      vertex 16.6294 11.1114 32
      vertex 15.4602 12.6879 30
      vertex 15.4602 12.6879 32
    endloop
  endfacet
  facet normal 0.80321 0.595695 0
    outer loop
      vertex 15.4602 12.6879 30
      vertex 16.6294 11.1114 32
      vertex 16.6294 11.1114 30
    endloop
  endfacet
  facet normal 0.857736 0.51409 0
    outer loop
      vertex 17.6384 9.42793 32
      vertex 16.6294 11.1114 30
      vertex 16.6294 11.1114 32
    endloop
  endfacet
  facet normal 0.857736 0.51409 0
    outer loop
      vertex 16.6294 11.1114 30
      vertex 17.6384 9.42793 32
      vertex 17.6384 9.42793 30
    endloop
  endfacet
  facet normal 0.740928 0.671584 0
    outer loop
      vertex 15.4602 12.6879 32
      vertex 14.1421 14.1421 30
      vertex 14.1421 14.1421 32
    endloop
  endfacet
  facet normal 0.740928 0.671584 0
    outer loop
      vertex 14.1421 14.1421 30
      vertex 15.4602 12.6879 32
      vertex 15.4602 12.6879 30
    endloop
  endfacet
  facet normal 0.595695 0.80321 -0
    outer loop
      vertex 12.6879 15.4602 30
      vertex 11.1114 16.6294 32
      vertex 12.6879 15.4602 32
    endloop
  endfacet
  facet normal 0.595695 0.80321 0
    outer loop
      vertex 11.1114 16.6294 32
      vertex 12.6879 15.4602 30
      vertex 11.1114 16.6294 30
    endloop
  endfacet
  facet normal 0.049065 0.998796 -0
    outer loop
      vertex 1.96034 19.9037 30
      vertex 0 20 32
      vertex 1.96034 19.9037 32
    endloop
  endfacet
  facet normal 0.049065 0.998796 0
    outer loop
      vertex 0 20 32
      vertex 1.96034 19.9037 30
      vertex 0 20 30
    endloop
  endfacet
  facet normal 0.51409 0.857736 -0
    outer loop
      vertex 11.1114 16.6294 30
      vertex 9.42793 17.6384 32
      vertex 11.1114 16.6294 32
    endloop
  endfacet
  facet normal 0.51409 0.857736 0
    outer loop
      vertex 9.42793 17.6384 32
      vertex 11.1114 16.6294 30
      vertex 9.42793 17.6384 30
    endloop
  endfacet
  facet normal 0.336882 0.941547 -0
    outer loop
      vertex 7.65367 18.4776 30
      vertex 5.80569 19.1388 32
      vertex 7.65367 18.4776 32
    endloop
  endfacet
  facet normal 0.336882 0.941547 0
    outer loop
      vertex 5.80569 19.1388 32
      vertex 7.65367 18.4776 30
      vertex 5.80569 19.1388 30
    endloop
  endfacet
  facet normal 0.242982 0.970031 -0
    outer loop
      vertex 5.80569 19.1388 30
      vertex 3.90181 19.6157 32
      vertex 5.80569 19.1388 32
    endloop
  endfacet
  facet normal 0.242982 0.970031 0
    outer loop
      vertex 3.90181 19.6157 32
      vertex 5.80569 19.1388 30
      vertex 3.90181 19.6157 30
    endloop
  endfacet
  facet normal -0.998796 0.049065 0
    outer loop
      vertex -20 0 30
      vertex -19.9037 1.96034 32
      vertex -19.9037 1.96034 30
    endloop
  endfacet
  facet normal -0.998796 0.049065 0
    outer loop
      vertex -19.9037 1.96034 32
      vertex -20 0 30
      vertex -20 0 32
    endloop
  endfacet
  facet normal -0.941547 0.336882 0
    outer loop
      vertex -19.1388 5.80569 30
      vertex -18.4776 7.65367 32
      vertex -18.4776 7.65367 30
    endloop
  endfacet
  facet normal -0.941547 0.336882 0
    outer loop
      vertex -18.4776 7.65367 32
      vertex -19.1388 5.80569 30
      vertex -19.1388 5.80569 32
    endloop
  endfacet
  facet normal -0.970031 0.242982 0
    outer loop
      vertex -19.6157 3.90181 30
      vertex -19.1388 5.80569 32
      vertex -19.1388 5.80569 30
    endloop
  endfacet
  facet normal -0.970031 0.242982 0
    outer loop
      vertex -19.1388 5.80569 32
      vertex -19.6157 3.90181 30
      vertex -19.6157 3.90181 32
    endloop
  endfacet
  facet normal -0.857736 0.51409 0
    outer loop
      vertex -17.6384 9.42793 30
      vertex -16.6294 11.1114 32
      vertex -16.6294 11.1114 30
    endloop
  endfacet
  facet normal -0.857736 0.51409 0
    outer loop
      vertex -16.6294 11.1114 32
      vertex -17.6384 9.42793 30
      vertex -17.6384 9.42793 32
    endloop
  endfacet
  facet normal -0.80321 0.595695 0
    outer loop
      vertex -16.6294 11.1114 30
      vertex -15.4602 12.6879 32
      vertex -15.4602 12.6879 30
    endloop
  endfacet
  facet normal -0.80321 0.595695 0
    outer loop
      vertex -15.4602 12.6879 32
      vertex -16.6294 11.1114 30
      vertex -16.6294 11.1114 32
    endloop
  endfacet
  facet normal -0.242982 0.970031 0
    outer loop
      vertex -3.90181 19.6157 30
      vertex -5.80569 19.1388 32
      vertex -3.90181 19.6157 32
    endloop
  endfacet
  facet normal -0.242982 0.970031 0
    outer loop
      vertex -5.80569 19.1388 32
      vertex -3.90181 19.6157 30
      vertex -5.80569 19.1388 30
    endloop
  endfacet
  facet normal -0.049065 0.998796 0
    outer loop
      vertex 0 20 30
      vertex -1.96034 19.9037 32
      vertex 0 20 32
    endloop
  endfacet
  facet normal -0.049065 0.998796 0
    outer loop
      vertex -1.96034 19.9037 32
      vertex 0 20 30
      vertex -1.96034 19.9037 30
    endloop
  endfacet
  facet normal -0.51409 0.857736 0
    outer loop
      vertex -9.42793 17.6384 30
      vertex -11.1114 16.6294 32
      vertex -9.42793 17.6384 32
    endloop
  endfacet
  facet normal -0.51409 0.857736 0
    outer loop
      vertex -11.1114 16.6294 32
      vertex -9.42793 17.6384 30
      vertex -11.1114 16.6294 30
    endloop
  endfacet
  facet normal -0.595695 0.80321 0
    outer loop
      vertex -11.1114 16.6294 30
      vertex -12.6879 15.4602 32
      vertex -11.1114 16.6294 32
    endloop
  endfacet
  facet normal -0.595695 0.80321 0
    outer loop
      vertex -12.6879 15.4602 32
      vertex -11.1114 16.6294 30
      vertex -12.6879 15.4602 30
    endloop
  endfacet
  facet normal -0.427571 0.903982 0
    outer loop
      vertex -7.65367 18.4776 30
      vertex -9.42793 17.6384 32
      vertex -7.65367 18.4776 32
    endloop
  endfacet
  facet normal -0.427571 0.903982 0
    outer loop
      vertex -9.42793 17.6384 32
      vertex -7.65367 18.4776 30
      vertex -9.42793 17.6384 30
    endloop
  endfacet
  facet normal -0.671584 0.740928 0
    outer loop
      vertex -12.6879 15.4602 30
      vertex -14.1421 14.1421 32
      vertex -12.6879 15.4602 32
    endloop
  endfacet
  facet normal -0.671584 0.740928 0
    outer loop
      vertex -14.1421 14.1421 32
      vertex -12.6879 15.4602 30
      vertex -14.1421 14.1421 30
    endloop
  endfacet
  facet normal 0.998796 0.049065 0
    outer loop
      vertex 20 0 32
      vertex 19.9037 1.96034 30
      vertex 19.9037 1.96034 32
    endloop
  endfacet
  facet normal 0.998796 0.049065 0
    outer loop
      vertex 19.9037 1.96034 30
      vertex 20 0 32
      vertex 20 0 30
    endloop
  endfacet
  facet normal 0.049065 -0.998796 0
    outer loop
      vertex 0 -20 30
      vertex 1.96034 -19.9037 32
      vertex 0 -20 32
    endloop
  endfacet
  facet normal 0.049065 -0.998796 0
    outer loop
      vertex 1.96034 -19.9037 32
      vertex 0 -20 30
      vertex 1.96034 -19.9037 30
    endloop
  endfacet
  facet normal 0.941547 -0.336882 0
    outer loop
      vertex 18.4776 -7.65367 32
      vertex 19.1388 -5.80569 30
      vertex 19.1388 -5.80569 32
    endloop
  endfacet
  facet normal 0.941547 -0.336882 0
    outer loop
      vertex 19.1388 -5.80569 30
      vertex 18.4776 -7.65367 32
      vertex 18.4776 -7.65367 30
    endloop
  endfacet
  facet normal 0.146736 -0.989176 0
    outer loop
      vertex 1.96034 -19.9037 30
      vertex 3.90181 -19.6157 32
      vertex 1.96034 -19.9037 32
    endloop
  endfacet
  facet normal 0.146736 -0.989176 0
    outer loop
      vertex 3.90181 -19.6157 32
      vertex 1.96034 -19.9037 30
      vertex 3.90181 -19.6157 30
    endloop
  endfacet
  facet normal 0.242982 -0.970031 0
    outer loop
      vertex 3.90181 -19.6157 30
      vertex 5.80569 -19.1388 32
      vertex 3.90181 -19.6157 32
    endloop
  endfacet
  facet normal 0.242982 -0.970031 0
    outer loop
      vertex 5.80569 -19.1388 32
      vertex 3.90181 -19.6157 30
      vertex 5.80569 -19.1388 30
    endloop
  endfacet
  facet normal 0.595695 -0.80321 0
    outer loop
      vertex 11.1114 -16.6294 30
      vertex 12.6879 -15.4602 32
      vertex 11.1114 -16.6294 32
    endloop
  endfacet
  facet normal 0.595695 -0.80321 0
    outer loop
      vertex 12.6879 -15.4602 32
      vertex 11.1114 -16.6294 30
      vertex 12.6879 -15.4602 30
    endloop
  endfacet
  facet normal 0.427571 -0.903982 0
    outer loop
      vertex 7.65367 -18.4776 30
      vertex 9.42793 -17.6384 32
      vertex 7.65367 -18.4776 32
    endloop
  endfacet
  facet normal 0.427571 -0.903982 0
    outer loop
      vertex 9.42793 -17.6384 32
      vertex 7.65367 -18.4776 30
      vertex 9.42793 -17.6384 30
    endloop
  endfacet
  facet normal 0.857736 -0.51409 0
    outer loop
      vertex 16.6294 -11.1114 32
      vertex 17.6384 -9.42793 30
      vertex 17.6384 -9.42793 32
    endloop
  endfacet
  facet normal 0.857736 -0.51409 0
    outer loop
      vertex 17.6384 -9.42793 30
      vertex 16.6294 -11.1114 32
      vertex 16.6294 -11.1114 30
    endloop
  endfacet
  facet normal -0.049065 -0.998796 0
    outer loop
      vertex -1.96034 -19.9037 30
      vertex 0 -20 32
      vertex -1.96034 -19.9037 32
    endloop
  endfacet
  facet normal -0.049065 -0.998796 -0
    outer loop
      vertex 0 -20 32
      vertex -1.96034 -19.9037 30
      vertex 0 -20 30
    endloop
  endfacet
  facet normal -0.336882 -0.941547 0
    outer loop
      vertex -7.65367 -18.4776 30
      vertex -5.80569 -19.1388 32
      vertex -7.65367 -18.4776 32
    endloop
  endfacet
  facet normal -0.336882 -0.941547 -0
    outer loop
      vertex -5.80569 -19.1388 32
      vertex -7.65367 -18.4776 30
      vertex -5.80569 -19.1388 30
    endloop
  endfacet
  facet normal -0.51409 -0.857736 0
    outer loop
      vertex -11.1114 -16.6294 30
      vertex -9.42793 -17.6384 32
      vertex -11.1114 -16.6294 32
    endloop
  endfacet
  facet normal -0.51409 -0.857736 -0
    outer loop
      vertex -9.42793 -17.6384 32
      vertex -11.1114 -16.6294 30
      vertex -9.42793 -17.6384 30
    endloop
  endfacet
  facet normal -0.998796 -0.049065 0
    outer loop
      vertex -19.9037 -1.96034 30
      vertex -20 0 32
      vertex -20 0 30
    endloop
  endfacet
  facet normal -0.998796 -0.049065 0
    outer loop
      vertex -20 0 32
      vertex -19.9037 -1.96034 30
      vertex -19.9037 -1.96034 32
    endloop
  endfacet
  facet normal -0.970031 -0.242982 0
    outer loop
      vertex -19.1388 -5.80569 30
      vertex -19.6157 -3.90181 32
      vertex -19.6157 -3.90181 30
    endloop
  endfacet
  facet normal -0.970031 -0.242982 0
    outer loop
      vertex -19.6157 -3.90181 32
      vertex -19.1388 -5.80569 30
      vertex -19.1388 -5.80569 32
    endloop
  endfacet
  facet normal -0.903982 -0.427571 0
    outer loop
      vertex -17.6384 -9.42793 30
      vertex -18.4776 -7.65367 32
      vertex -18.4776 -7.65367 30
    endloop
  endfacet
  facet normal -0.903982 -0.427571 0
    outer loop
      vertex -18.4776 -7.65367 32
      vertex -17.6384 -9.42793 30
      vertex -17.6384 -9.42793 32
    endloop
  endfacet
  facet normal 0 0 1
    outer loop
      vertex 19.9037 1.96034 32
      vertex 19.9037 -1.96034 32
      vertex 20 0 32
    endloop
  endfacet
  facet normal 0 0 1
    outer loop
      vertex 19.6157 3.90181 32
      vertex 19.9037 -1.96034 32
      vertex 19.9037 1.96034 32
    endloop
  endfacet
  facet normal 0 0 1
    outer loop
      vertex 19.6157 3.90181 32
      vertex 19.6157 -3.90181 32
      vertex 19.9037 -1.96034 32
    endloop
  endfacet
  facet normal 0 0 1
    outer loop
      vertex 19.1388 5.80569 32
      vertex 19.6157 -3.90181 32
      vertex 19.6157 3.90181 32
    endloop
  endfacet
  facet normal 0 0 1
    outer loop
      vertex 19.1388 5.80569 32
      vertex 19.1388 -5.80569 32
      vertex 19.6157 -3.90181 32
    endloop
  endfacet
  facet normal 0 0 1
    outer loop
      vertex 18.4776 7.65367 32
      vertex 19.1388 -5.80569 32
      vertex 19.1388 5.80569 32
    endloop
  endfacet
  facet normal 0 0 1
    outer loop
      vertex 18.4776 7.65367 32
      vertex 18.4776 -7.65367 32
      vertex 19.1388 -5.80569 32
    endloop
  endfacet
  facet normal 0 0 1
    outer loop
      vertex 17.6384 9.42793 32
      vertex 18.4776 -7.65367 32
      vertex 18.4776 7.65367 32
    endloop
  endfacet
  facet normal 0 0 1
    outer loop
      vertex 17.6384 9.42793 32
      vertex 17.6384 -9.42793 32
      vertex 18.4776 -7.65367 32
    endloop
  endfacet
  facet normal 0 0 1
    outer loop
      vertex 16.6294 11.1114 32
      vertex 17.6384 -9.42793 32
      vertex 17.6384 9.42793 32
    endloop
  endfacet
  facet normal 0 0 1
    outer loop
      vertex 16.6294 11.1114 32
      vertex 16.6294 -11.1114 32
      vertex 17.6384 -9.42793 32
    endloop
  endfacet
  facet normal 0 0 1
    outer loop
      vertex 15.4602 12.6879 32
      vertex 16.6294 -11.1114 32
      vertex 16.6294 11.1114 32
    endloop
  endfacet
  facet normal 0 0 1
    outer loop
      vertex 15.4602 12.6879 32
      vertex 15.4602 -12.6879 32
      vertex 16.6294 -11.1114 32
    endloop
  endfacet
  facet normal 0 0 1
    outer loop
      vertex 14.1421 14.1421 32
      vertex 15.4602 -12.6879 32
      vertex 15.4602 12.6879 32
    endloop
  endfacet
  facet normal 0 0 1
    outer loop
      vertex 14.1421 14.1421 32
      vertex 14.1421 -14.1421 32
      vertex 15.4602 -12.6879 32
    endloop
  endfacet
  facet normal 0 0 1
    outer loop
      vertex 12.6879 15.4602 32
      vertex 14.1421 -14.1421 32
      vertex 14.1421 14.1421 32
    endloop
  endfacet
  facet normal 0 0 1
    outer loop
      vertex 12.6879 15.4602 32
      vertex 12.6879 -15.4602 32
      vertex 14.1421 -14.1421 32
    endloop
  endfacet
  facet normal 0 0 1
    outer loop
      vertex 11.1114 16.6294 32
      vertex 12.6879 -15.4602 32
      vertex 12.6879 15.4602 32
    endloop
  endfacet
  facet normal 0 0 1
    outer loop
      vertex 11.1114 16.6294 32
      vertex 11.1114 -16.6294 32
      vertex 12.6879 -15.4602 32
    endloop
  endfacet
  facet normal 0 0 1
    outer loop
      vertex 9.42793 17.6384 32
      vertex 11.1114 -16.6294 32
      vertex 11.1114 16.6294 32
    endloop
  endfacet
  facet normal 0 0 1
    outer loop
      vertex 9.42793 17.6384 32
      vertex 9.42793 -17.6384 32
      vertex 11.1114 -16.6294 32
    endloop
  endfacet
  facet normal 0 0 1
    outer loop
      vertex 7.65367 18.4776 32
      vertex 9.42793 -17.6384 32
      vertex 9.42793 17.6384 32
    endloop
  endfacet
  facet normal 0 0 1
    outer loop
      vertex 7.65367 18.4776 32
      vertex 7.65367 -18.4776 32
      vertex 9.42793 -17.6384 32
    endloop
  endfacet
  facet normal 0 0 1
    outer loop
      vertex 5.80569 19.1388 32
      vertex 7.65367 -18.4776 32
      vertex 7.65367 18.4776 32
    endloop
  endfacet
  facet normal 0 0 1
    outer loop
      vertex 5.80569 19.1388 32
      vertex 5.80569 -19.1388 32
      vertex 7.65367 -18.4776 32
    endloop
  endfacet
  facet normal 0 0 1
    outer loop
      vertex 3.90181 19.6157 32
      vertex 5.80569 -19.1388 32
      vertex 5.80569 19.1388 32
    endloop
  endfacet
  facet normal 0 0 1
    outer loop
      vertex 3.90181 19.6157 32
      vertex 3.90181 -19.6157 32
      vertex 5.80569 -19.1388 32
    endloop
  endfacet
  facet normal 0 0 1
    outer loop
      vertex 1.96034 19.9037 32
      vertex 3.90181 -19.6157 32
      vertex 3.90181 19.6157 32
    endloop
  endfacet
  facet normal 0 0 1
    outer loop
      vertex 1.96034 19.9037 32
      vertex 1.96034 -19.9037 32
      vertex 3.90181 -19.6157 32
    endloop
  endfacet
  facet normal 0 0 1
    outer loop
      vertex 0 20 32
      vertex 1.96034 -19.9037 32
      vertex 1.96034 19.9037 32
    endloop
  endfacet
  facet normal 0 0 1
    outer loop
      vertex 0 20 32
      vertex 0 -20 32
      vertex 1.96034 -19.9037 32
    endloop
  endfacet
  facet normal -0 0 1
    outer loop
      vertex -1.96034 19.9037 32
      vertex 0 -20 32
      vertex 0 20 32
    endloop
  endfacet
  facet normal 0 0 1
    outer loop
      vertex -1.96034 19.9037 32
      vertex -1.96034 -19.9037 32
      vertex 0 -20 32
    endloop
  endfacet
  facet normal -0 0 1
    outer loop
      vertex -3.90181 19.6157 32
      vertex -1.96034 -19.9037 32
      vertex -1.96034 19.9037 32
    endloop
  endfacet
  facet normal 0 0 1
    outer loop
      vertex -3.90181 19.6157 32
      vertex -3.90181 -19.6157 32
      vertex -1.96034 -19.9037 32
    endloop
  endfacet
  facet normal -0 0 1
    outer loop
      vertex -5.80569 19.1388 32
      vertex -3.90181 -19.6157 32
      vertex -3.90181 19.6157 32
    endloop
  endfacet
  facet normal 0 0 1
    outer loop
      vertex -5.80569 19.1388 32
      vertex -5.80569 -19.1388 32
      vertex -3.90181 -19.6157 32
    endloop
  endfacet
  facet normal -0 0 1
    outer loop
      vertex -7.65367 18.4776 32
      vertex -5.80569 -19.1388 32
      vertex -5.80569 19.1388 32
    endloop
  endfacet
  facet normal 0 0 1
    outer loop
      vertex -7.65367 18.4776 32
      vertex -7.65367 -18.4776 32
      vertex -5.80569 -19.1388 32
    endloop
  endfacet
  facet normal -0 0 1
    outer loop
      vertex -9.42793 17.6384 32
      vertex -7.65367 -18.4776 32
      vertex -7.65367 18.4776 32
    endloop
  endfacet
  facet normal 0 0 1
    outer loop
      vertex -9.42793 17.6384 32
      vertex -9.42793 -17.6384 32
      vertex -7.65367 -18.4776 32
    endloop
  endfacet
  facet normal -0 0 1
    outer loop
      vertex -11.1114 16.6294 32
      vertex -9.42793 -17.6384 32
      vertex -9.42793 17.6384 32
    endloop
  endfacet
  facet normal 0 0 1
    outer loop
      vertex -11.1114 16.6294 32
      vertex -11.1114 -16.6294 32
      vertex -9.42793 -17.6384 32
    endloop
  endfacet
  facet normal -0 0 1
    outer loop
      vertex -12.6879 15.4602 32
      vertex -11.1114 -16.6294 32
      vertex -11.1114 16.6294 32
    endloop
  endfacet
  facet normal 0 0 1
    outer loop
      vertex -12.6879 15.4602 32
      vertex -12.6879 -15.4602 32
      vertex -11.1114 -16.6294 32
    endloop
  endfacet
  facet normal -0 0 1
    outer loop
      vertex -14.1421 14.1421 32
      vertex -12.6879 -15.4602 32
      vertex -12.6879 15.4602 32
    endloop
  endfacet
  facet normal 0 0 1
    outer loop
      vertex -14.1421 14.1421 32
      vertex -14.1421 -14.1421 32
      vertex -12.6879 -15.4602 32
    endloop
  endfacet
  facet normal -0 0 1
    outer loop
      vertex -15.4602 12.6879 32
      vertex -14.1421 -14.1421 32
      vertex -14.1421 14.1421 32
    endloop
  endfacet
  facet normal 0 0 1
    outer loop
      vertex -15.4602 12.6879 32
      vertex -15.4602 -12.6879 32
      vertex -14.1421 -14.1421 32
    endloop
  endfacet
  facet normal -0 0 1
    outer loop
      vertex -16.6294 11.1114 32
      vertex -15.4602 -12.6879 32
      vertex -15.4602 12.6879 32
    endloop
  endfacet
  facet normal 0 0 1
    outer loop
      vertex -16.6294 11.1114 32
      vertex -16.6294 -11.1114 32
      vertex -15.4602 -12.6879 32
    endloop
  endfacet
  facet normal -0 0 1
    outer loop
      vertex -17.6384 9.42793 32
      vertex -16.6294 -11.1114 32
      vertex -16.6294 11.1114 32
    endloop
  endfacet
  facet normal 0 0 1
    outer loop
      vertex -17.6384 9.42793 32
      vertex -17.6384 -9.42793 32
      vertex -16.6294 -11.1114 32
    endloop
  endfacet
  facet normal -0 0 1
    outer loop
      vertex -18.4776 7.65367 32
      vertex -17.6384 -9.42793 32
      vertex -17.6384 9.42793 32
    endloop
  endfacet
  facet normal 0 0 1
    outer loop
      vertex -18.4776 7.65367 32
      vertex -18.4776 -7.65367 32
      vertex -17.6384 -9.42793 32
    endloop
  endfacet
  facet normal -0 0 1
    outer loop
      vertex -19.1388 5.80569 32
      vertex -18.4776 -7.65367 32
      vertex -18.4776 7.65367 32
    endloop
  endfacet
  facet normal 0 0 1
    outer loop
      vertex -19.1388 5.80569 32
      vertex -19.1388 -5.80569 32
      vertex -18.4776 -7.65367 32
    endloop
  endfacet
  facet normal -0 0 1
    outer loop
      vertex -19.6157 3.90181 32
      vertex -19.1388 -5.80569 32
      vertex -19.1388 5.80569 32
    endloop
  endfacet
  facet normal 0 0 1
    outer loop
      vertex -19.6157 3.90181 32
      vertex -19.6157 -3.90181 32
      vertex -19.1388 -5.80569 32
    endloop
  endfacet
  facet normal -0 0 1
    outer loop
      vertex -19.9037 1.96034 32
      vertex -19.6157 -3.90181 32
      vertex -19.6157 3.90181 32
    endloop
  endfacet
  facet normal 0 0 1
    outer loop
      vertex -19.9037 1.96034 32
      vertex -19.9037 -1.96034 32
      vertex -19.6157 -3.90181 32
    endloop
  endfacet
  facet normal 0 -0 1
    outer loop
      vertex -19.9037 -1.96034 32
      vertex -19.9037 1.96034 32
      vertex -20 0 32
    endloop
  endfacet
  facet normal -0.989176 0.146736 0
    outer loop
      vertex -19.9037 1.96034 30
      vertex -19.6157 3.90181 32
      vertex -19.6157 3.90181 30
    endloop
  endfacet
  facet normal -0.989176 0.146736 0
    outer loop
      vertex -19.6157 3.90181 32
      vertex -19.9037 1.96034 30
      vertex -19.9037 1.96034 32
    endloop
  endfacet
  facet normal 0.970031 -0.242982 0
    outer loop
      vertex 19.1388 -5.80569 32
      vertex 19.6157 -3.90181 30
      vertex 19.6157 -3.90181 32
    endloop
  endfacet
  facet normal 0.970031 -0.242982 0
    outer loop
      vertex 19.6157 -3.90181 30
      vertex 19.1388 -5.80569 32
      vertex 19.1388 -5.80569 30
    endloop
  endfacet
  facet normal 0.989176 -0.146736 0
    outer loop
      vertex 19.6157 -3.90181 32
      vertex 19.9037 -1.96034 30
      vertex 19.9037 -1.96034 32
    endloop
  endfacet
  facet normal 0.989176 -0.146736 0
    outer loop
      vertex 19.9037 -1.96034 30
      vertex 19.6157 -3.90181 32
      vertex 19.6157 -3.90181 30
    endloop
  endfacet
  facet normal 0.336882 -0.941547 0
    outer loop
      vertex 5.80569 -19.1388 30
      vertex 7.65367 -18.4776 32
      vertex 5.80569 -19.1388 32
    endloop
  endfacet
  facet normal 0.336882 -0.941547 0
    outer loop
      vertex 7.65367 -18.4776 32
      vertex 5.80569 -19.1388 30
      vertex 7.65367 -18.4776 30
    endloop
  endfacet
  facet normal 0.671584 -0.740928 0
    outer loop
      vertex 12.6879 -15.4602 30
      vertex 14.1421 -14.1421 32
      vertex 12.6879 -15.4602 32
    endloop
  endfacet
  facet normal 0.671584 -0.740928 0
    outer loop
      vertex 14.1421 -14.1421 32
      vertex 12.6879 -15.4602 30
      vertex 14.1421 -14.1421 30
    endloop
  endfacet
  facet normal 0.51409 -0.857736 0
    outer loop
      vertex 9.42793 -17.6384 30
      vertex 11.1114 -16.6294 32
      vertex 9.42793 -17.6384 32
    endloop
  endfacet
  facet normal 0.51409 -0.857736 0
    outer loop
      vertex 11.1114 -16.6294 32
      vertex 9.42793 -17.6384 30
      vertex 11.1114 -16.6294 30
    endloop
  endfacet
  facet normal 0.80321 -0.595695 0
    outer loop
      vertex 15.4602 -12.6879 32
      vertex 16.6294 -11.1114 30
      vertex 16.6294 -11.1114 32
    endloop
  endfacet
  facet normal 0.80321 -0.595695 0
    outer loop
      vertex 16.6294 -11.1114 30
      vertex 15.4602 -12.6879 32
      vertex 15.4602 -12.6879 30
    endloop
  endfacet
  facet normal -0.242982 -0.970031 0
    outer loop
      vertex -5.80569 -19.1388 30
      vertex -3.90181 -19.6157 32
      vertex -5.80569 -19.1388 32
    endloop
  endfacet
  facet normal -0.242982 -0.970031 -0
    outer loop
      vertex -3.90181 -19.6157 32
      vertex -5.80569 -19.1388 30
      vertex -3.90181 -19.6157 30
    endloop
  endfacet
  facet normal -0.595695 -0.80321 0
    outer loop
      vertex -12.6879 -15.4602 30
      vertex -11.1114 -16.6294 32
      vertex -12.6879 -15.4602 32
    endloop
  endfacet
  facet normal -0.595695 -0.80321 -0
    outer loop
      vertex -11.1114 -16.6294 32
      vertex -12.6879 -15.4602 30
      vertex -11.1114 -16.6294 30
    endloop
  endfacet
  facet normal -0.941547 -0.336882 0
    outer loop
      vertex -18.4776 -7.65367 30
      vertex -19.1388 -5.80569 32
      vertex -19.1388 -5.80569 30
    endloop
  endfacet
  facet normal -0.941547 -0.336882 0
    outer loop
      vertex -19.1388 -5.80569 32
      vertex -18.4776 -7.65367 30
      vertex -18.4776 -7.65367 32
    endloop
  endfacet
  facet normal -0.989176 -0.146736 0
    outer loop
      vertex -19.6157 -3.90181 30
      vertex -19.9037 -1.96034 32
      vertex -19.9037 -1.96034 30
    endloop
  endfacet
  facet normal -0.989176 -0.146736 0
    outer loop
      vertex -19.9037 -1.96034 32
      vertex -19.6157 -3.90181 30
      vertex -19.6157 -3.90181 32
    endloop
  endfacet
  facet normal -0.857736 -0.51409 0
    outer loop
      vertex -16.6294 -11.1114 30
      vertex -17.6384 -9.42793 32
      vertex -17.6384 -9.42793 30
    endloop
  endfacet
  facet normal -0.857736 -0.51409 0
    outer loop
      vertex -17.6384 -9.42793 32
      vertex -16.6294 -11.1114 30
      vertex -16.6294 -11.1114 32
    endloop
  endfacet
  facet normal -0.740928 -0.671584 0
    outer loop
      vertex -14.1421 -14.1421 30
      vertex -15.4602 -12.6879 32
      vertex -15.4602 -12.6879 30
    endloop
  endfacet
  facet normal -0.740928 -0.671584 0
    outer loop
      vertex -15.4602 -12.6879 32
      vertex -14.1421 -14.1421 30
      vertex -14.1421 -14.1421 32
    endloop
  endfacet
endsolid OpenSCAD_Model
