solid OpenSCAD_Model
  facet normal 0.998796 0.0490479 0
    outer loop
      vertex 15 0 10
      vertex 14.9278 1.47026 0
      vertex 14.9278 1.47026 10
    endloop
  endfacet
  facet normal 0.998796 0.0490479 0
    outer loop
      vertex 14.9278 1.47026 0
      vertex 15 0 10
      vertex 15 0 0
    endloop
  endfacet
  facet normal -0.998796 0.0490479 0
    outer loop
      vertex -15 0 3
      vertex -14.9278 1.47026 10
      vertex -14.9278 1.47026 3
    endloop
  endfacet
  facet normal -0.998796 0.0490479 0
    outer loop
      vertex -14.9278 1.47026 10
      vertex -15 0 3
      vertex -15 0 10
    endloop
  endfacet
  facet normal 0.0490479 0.998796 -0
    outer loop
      vertex 1.47026 14.9278 3
      vertex 0 15 3.5
      vertex 1.47026 14.9278 3.5
    endloop
  endfacet
  facet normal 0.0490479 0.998796 0
    outer loop
      vertex 0 15 3.5
      vertex 1.47026 14.9278 3
      vertex 0 15 3
    endloop
  endfacet
  facet normal -0.0490479 -0.998796 0
    outer loop
      vertex -1.47026 -14.9278 3
      vertex 0 -15 3.5
      vertex -1.47026 -14.9278 3.5
    endloop
  endfacet
  facet normal -0.0490479 -0.998796 -0
    outer loop
      vertex 0 -15 3.5
      vertex -1.47026 -14.9278 3
      vertex 0 -15 3
    endloop
  endfacet
  facet normal 0.740935 0.671577 0
    outer loop
      vertex 11.5952 9.5159 10
      vertex 10.6066 10.6066 3
      vertex 10.6066 10.6066 10
    endloop
  endfacet
  facet normal 0.740935 0.671577 0
    outer loop
      vertex 10.6066 10.6066 3
      vertex 11.5952 9.5159 10
      vertex 11.5952 9.5159 3
    endloop
  endfacet
  facet normal -0.671577 0.740935 0
    outer loop
      vertex -9.5159 11.5952 3
      vertex -10.6066 10.6066 10
      vertex -9.5159 11.5952 10
    endloop
  endfacet
  facet normal -0.671577 0.740935 0
    outer loop
      vertex -10.6066 10.6066 10
      vertex -9.5159 11.5952 3
      vertex -10.6066 10.6066 3
    endloop
  endfacet
  facet normal -0.336883 0.941547 0
    outer loop
      vertex -4.35427 14.3541 3
      vertex -5.74025 13.8582 10
      vertex -4.35427 14.3541 10
    endloop
  endfacet
  facet normal -0.336883 0.941547 0
    outer loop
      vertex -5.74025 13.8582 10
      vertex -4.35427 14.3541 3
      vertex -5.74025 13.8582 3
    endloop
  endfacet
  facet normal -0.970027 -0.242996 0
    outer loop
      vertex -14.3541 -4.35427 3
      vertex -14.7118 -2.92635 10
      vertex -14.7118 -2.92635 3
    endloop
  endfacet
  facet normal -0.970027 -0.242996 0
    outer loop
      vertex -14.7118 -2.92635 10
      vertex -14.3541 -4.35427 3
      vertex -14.3541 -4.35427 10
    endloop
  endfacet
  facet normal 0.903983 0.427569 0
    outer loop
      vertex 13.8582 5.74025 10
      vertex 13.2288 7.07095 3
      vertex 13.2288 7.07095 10
    endloop
  endfacet
  facet normal 0.903983 0.427569 0
    outer loop
      vertex 13.2288 7.07095 3
      vertex 13.8582 5.74025 10
      vertex 13.8582 5.74025 3
    endloop
  endfacet
  facet normal 0.857721 0.514116 0
    outer loop
      vertex 13.2288 7.07095 10
      vertex 12.472 8.33355 3
      vertex 12.472 8.33355 10
    endloop
  endfacet
  facet normal 0.857721 0.514116 0
    outer loop
      vertex 12.472 8.33355 3
      vertex 13.2288 7.07095 10
      vertex 13.2288 7.07095 3
    endloop
  endfacet
  facet normal 0.427569 0.903983 -0
    outer loop
      vertex 7.07095 13.2288 3
      vertex 5.74025 13.8582 10
      vertex 7.07095 13.2288 10
    endloop
  endfacet
  facet normal 0.427569 0.903983 0
    outer loop
      vertex 5.74025 13.8582 10
      vertex 7.07095 13.2288 3
      vertex 5.74025 13.8582 3
    endloop
  endfacet
  facet normal -0.857721 0.514116 0
    outer loop
      vertex -13.2288 7.07095 3
      vertex -12.472 8.33355 10
      vertex -12.472 8.33355 3
    endloop
  endfacet
  facet normal -0.857721 0.514116 0
    outer loop
      vertex -12.472 8.33355 10
      vertex -13.2288 7.07095 3
      vertex -13.2288 7.07095 10
    endloop
  endfacet
  facet normal -0.803237 0.59566 0
    outer loop
      vertex -12.472 8.33355 3
      vertex -11.5952 9.5159 10
      vertex -11.5952 9.5159 3
    endloop
  endfacet
  facet normal -0.803237 0.59566 0
    outer loop
      vertex -11.5952 9.5159 10
      vertex -12.472 8.33355 3
      vertex -12.472 8.33355 10
    endloop
  endfacet
  facet normal -0.146356 0.989232 0
    outer loop
      vertex -1.47026 14.9278 3.5
      vertex -1.47026 14.9278 3
      vertex -1.5 14.9234 3.5
    endloop
  endfacet
  facet normal -0.146745 0.989174 0
    outer loop
      vertex -1.5 14.9234 3.5
      vertex -2.92635 14.7118 10
      vertex -1.5 14.9234 10
    endloop
  endfacet
  facet normal -0.146737 0.989176 -2.31572e-05
    outer loop
      vertex -2.92635 14.7118 3
      vertex -1.5 14.9234 3.5
      vertex -1.47026 14.9278 3
    endloop
  endfacet
  facet normal -0.146745 0.989174 0
    outer loop
      vertex -1.5 14.9234 3.5
      vertex -2.92635 14.7118 3
      vertex -2.92635 14.7118 10
    endloop
  endfacet
  facet normal 0.857721 -0.514116 0
    outer loop
      vertex 12.472 -8.33355 10
      vertex 13.2288 -7.07095 3
      vertex 13.2288 -7.07095 10
    endloop
  endfacet
  facet normal 0.857721 -0.514116 0
    outer loop
      vertex 13.2288 -7.07095 3
      vertex 12.472 -8.33355 10
      vertex 12.472 -8.33355 3
    endloop
  endfacet
  facet normal 0.242996 -0.970027 0
    outer loop
      vertex 2.92635 -14.7118 3
      vertex 4.35427 -14.3541 10
      vertex 2.92635 -14.7118 10
    endloop
  endfacet
  facet normal 0.242996 -0.970027 0
    outer loop
      vertex 4.35427 -14.3541 10
      vertex 2.92635 -14.7118 3
      vertex 4.35427 -14.3541 3
    endloop
  endfacet
  facet normal 0.671577 -0.740935 0
    outer loop
      vertex 9.5159 -11.5952 3
      vertex 10.6066 -10.6066 10
      vertex 9.5159 -11.5952 10
    endloop
  endfacet
  facet normal 0.671577 -0.740935 0
    outer loop
      vertex 10.6066 -10.6066 10
      vertex 9.5159 -11.5952 3
      vertex 10.6066 -10.6066 3
    endloop
  endfacet
  facet normal 0.970017 -0.243035 0
    outer loop
      vertex 14.7118 -2.92635 10
      vertex 14.4428 -4 3
      vertex 14.7118 -2.92635 0
    endloop
  endfacet
  facet normal 0.970027 -0.242996 -6.39297e-06
    outer loop
      vertex 14.3541 -4.35427 10
      vertex 14.4428 -4 3
      vertex 14.7118 -2.92635 10
    endloop
  endfacet
  facet normal 0.970057 -0.242877 0
    outer loop
      vertex 14.4428 -4 3
      vertex 14.3541 -4.35427 10
      vertex 14.3541 -4.35427 3
    endloop
  endfacet
  facet normal 0.970017 -0.243035 0
    outer loop
      vertex 14.7118 -2.92635 0
      vertex 14.4428 -4 3
      vertex 14.4428 -4 0
    endloop
  endfacet
  facet normal -0.336883 -0.941547 0
    outer loop
      vertex -5.74025 -13.8582 3
      vertex -4.35427 -14.3541 10
      vertex -5.74025 -13.8582 10
    endloop
  endfacet
  facet normal -0.336883 -0.941547 -0
    outer loop
      vertex -4.35427 -14.3541 10
      vertex -5.74025 -13.8582 3
      vertex -4.35427 -14.3541 3
    endloop
  endfacet
  facet normal -0.740935 -0.671577 0
    outer loop
      vertex -10.6066 -10.6066 3
      vertex -11.5952 -9.5159 10
      vertex -11.5952 -9.5159 3
    endloop
  endfacet
  facet normal -0.740935 -0.671577 0
    outer loop
      vertex -11.5952 -9.5159 10
      vertex -10.6066 -10.6066 3
      vertex -10.6066 -10.6066 10
    endloop
  endfacet
  facet normal -0.803237 -0.59566 0
    outer loop
      vertex -11.5952 -9.5159 3
      vertex -12.472 -8.33355 10
      vertex -12.472 -8.33355 3
    endloop
  endfacet
  facet normal -0.803237 -0.59566 0
    outer loop
      vertex -12.472 -8.33355 10
      vertex -11.5952 -9.5159 3
      vertex -11.5952 -9.5159 10
    endloop
  endfacet
  facet normal 0 0 -1
    outer loop
      vertex 14.4428 -4 0
      vertex 15.7895 -4.7897 0
      vertex 15.244 -6.31428 0
    endloop
  endfacet
  facet normal 0 0 -1
    outer loop
      vertex 14.4428 -4 0
      vertex 15.244 -6.31428 0
      vertex 14.5517 -7.77805 0
    endloop
  endfacet
  facet normal 0 0 -1
    outer loop
      vertex 15.7895 -4.7897 0
      vertex 14.4428 -4 0
      vertex 15.9873 -4 0
    endloop
  endfacet
  facet normal 0 0 -1
    outer loop
      vertex 12.7547 -10.4675 0
      vertex 14.4428 -4 0
      vertex 13.7192 -9.16691 0
    endloop
  endfacet
  facet normal 0 0 -1
    outer loop
      vertex 13.7192 -9.16691 0
      vertex 14.4428 -4 0
      vertex 14.5517 -7.77805 0
    endloop
  endfacet
  facet normal 0 0 -1
    outer loop
      vertex 14.9278 -1.47026 0
      vertex 14.9278 1.47026 0
      vertex 15 0 0
    endloop
  endfacet
  facet normal 0 0 -1
    outer loop
      vertex 14.7118 -2.92635 0
      vertex 14.9278 1.47026 0
      vertex 14.9278 -1.47026 0
    endloop
  endfacet
  facet normal 0 0 -1
    outer loop
      vertex 14.4428 -4 0
      vertex 14.9278 1.47026 0
      vertex 14.7118 -2.92635 0
    endloop
  endfacet
  facet normal -0 0 -1
    outer loop
      vertex 14.9278 1.47026 0
      vertex 14.4428 -4 0
      vertex 14.7118 2.92635 0
    endloop
  endfacet
  facet normal -0 0 -1
    outer loop
      vertex 14.7118 2.92635 0
      vertex 14.4428 -4 0
      vertex 14.4428 4 0
    endloop
  endfacet
  facet normal 0 0 -1
    outer loop
      vertex 14.4428 4 0
      vertex 15.7895 4.7897 0
      vertex 15.9873 4 0
    endloop
  endfacet
  facet normal -0 0 -1
    outer loop
      vertex 15.7895 4.7897 0
      vertex 14.4428 4 0
      vertex 15.244 6.31428 0
    endloop
  endfacet
  facet normal -0 0 -1
    outer loop
      vertex 15.244 6.31428 0
      vertex 14.4428 4 0
      vertex 14.5517 7.77805 0
    endloop
  endfacet
  facet normal 0 0 -1
    outer loop
      vertex 11.6673 -11.6673 0
      vertex 14.4428 -4 0
      vertex 12.7547 -10.4675 0
    endloop
  endfacet
  facet normal 0 0 -1
    outer loop
      vertex 14.4428 4 0
      vertex 13.7192 9.16691 0
      vertex 14.5517 7.77805 0
    endloop
  endfacet
  facet normal 0 0 -1
    outer loop
      vertex 10.4675 -12.7547 0
      vertex 14.4428 -4 0
      vertex 11.6673 -11.6673 0
    endloop
  endfacet
  facet normal 0 0 -1
    outer loop
      vertex 14.4428 4 0
      vertex 12.7547 10.4675 0
      vertex 13.7192 9.16691 0
    endloop
  endfacet
  facet normal 0 0 -1
    outer loop
      vertex 9.16691 -13.7192 0
      vertex 14.4428 -4 0
      vertex 10.4675 -12.7547 0
    endloop
  endfacet
  facet normal 0 0 -1
    outer loop
      vertex 14.4428 4 0
      vertex 11.6673 11.6673 0
      vertex 12.7547 10.4675 0
    endloop
  endfacet
  facet normal 0 0 -1
    outer loop
      vertex 7.77805 -14.5517 0
      vertex 14.4428 -4 0
      vertex 9.16691 -13.7192 0
    endloop
  endfacet
  facet normal 0 0 -1
    outer loop
      vertex 14.4428 4 0
      vertex 10.4675 12.7547 0
      vertex 11.6673 11.6673 0
    endloop
  endfacet
  facet normal 0 0 -1
    outer loop
      vertex 6.31428 -15.244 0
      vertex 14.4428 -4 0
      vertex 7.77805 -14.5517 0
    endloop
  endfacet
  facet normal 0 0 -1
    outer loop
      vertex 14.4428 4 0
      vertex 9.16691 13.7192 0
      vertex 10.4675 12.7547 0
    endloop
  endfacet
  facet normal 0 0 -1
    outer loop
      vertex 4.7897 -15.7895 0
      vertex 14.4428 -4 0
      vertex 6.31428 -15.244 0
    endloop
  endfacet
  facet normal 0 0 -1
    outer loop
      vertex 14.4428 4 0
      vertex 7.77805 14.5517 0
      vertex 9.16691 13.7192 0
    endloop
  endfacet
  facet normal 0 0 -1
    outer loop
      vertex 3.21899 -16.183 0
      vertex 14.4428 -4 0
      vertex 4.7897 -15.7895 0
    endloop
  endfacet
  facet normal 0 0 -1
    outer loop
      vertex 14.4428 4 0
      vertex 6.31428 15.244 0
      vertex 7.77805 14.5517 0
    endloop
  endfacet
  facet normal 0 0 -1
    outer loop
      vertex 1.61728 -16.4205 0
      vertex 14.4428 -4 0
      vertex 3.21899 -16.183 0
    endloop
  endfacet
  facet normal 0 0 -1
    outer loop
      vertex 14.4428 4 0
      vertex 4.7897 15.7895 0
      vertex 6.31428 15.244 0
    endloop
  endfacet
  facet normal 0 0 -1
    outer loop
      vertex 0 -16.5 0
      vertex 14.4428 -4 0
      vertex 1.61728 -16.4205 0
    endloop
  endfacet
  facet normal 0 0 -1
    outer loop
      vertex 14.4428 4 0
      vertex 3.21899 16.183 0
      vertex 4.7897 15.7895 0
    endloop
  endfacet
  facet normal 0 0 -1
    outer loop
      vertex -1.61728 -16.4205 0
      vertex 14.4428 -4 0
      vertex 0 -16.5 0
    endloop
  endfacet
  facet normal 0 0 -1
    outer loop
      vertex 14.4428 4 0
      vertex 1.61728 16.4205 0
      vertex 3.21899 16.183 0
    endloop
  endfacet
  facet normal 0 0 -1
    outer loop
      vertex -3.21899 -16.183 0
      vertex 14.4428 -4 0
      vertex -1.61728 -16.4205 0
    endloop
  endfacet
  facet normal 0 0 -1
    outer loop
      vertex 14.4428 4 0
      vertex 0 16.5 0
      vertex 1.61728 16.4205 0
    endloop
  endfacet
  facet normal 0 0 -1
    outer loop
      vertex -4.7897 -15.7895 0
      vertex 14.4428 -4 0
      vertex -3.21899 -16.183 0
    endloop
  endfacet
  facet normal 0 0 -1
    outer loop
      vertex 14.4428 4 0
      vertex -1.61728 16.4205 0
      vertex 0 16.5 0
    endloop
  endfacet
  facet normal 0 0 -1
    outer loop
      vertex -6.31428 -15.244 0
      vertex 14.4428 -4 0
      vertex -4.7897 -15.7895 0
    endloop
  endfacet
  facet normal 0 0 -1
    outer loop
      vertex 14.4428 4 0
      vertex -3.21899 16.183 0
      vertex -1.61728 16.4205 0
    endloop
  endfacet
  facet normal 0 0 -1
    outer loop
      vertex -7.77805 -14.5517 0
      vertex 14.4428 -4 0
      vertex -6.31428 -15.244 0
    endloop
  endfacet
  facet normal 0 0 -1
    outer loop
      vertex 14.4428 4 0
      vertex -4.7897 15.7895 0
      vertex -3.21899 16.183 0
    endloop
  endfacet
  facet normal 0 0 -1
    outer loop
      vertex -9.16691 -13.7192 0
      vertex 14.4428 -4 0
      vertex -7.77805 -14.5517 0
    endloop
  endfacet
  facet normal 0 0 -1
    outer loop
      vertex 14.4428 4 0
      vertex -6.31428 15.244 0
      vertex -4.7897 15.7895 0
    endloop
  endfacet
  facet normal 0 0 -1
    outer loop
      vertex -10.4675 -12.7547 0
      vertex 14.4428 -4 0
      vertex -9.16691 -13.7192 0
    endloop
  endfacet
  facet normal 0 0 -1
    outer loop
      vertex 14.4428 4 0
      vertex -7.77805 14.5517 0
      vertex -6.31428 15.244 0
    endloop
  endfacet
  facet normal 0 0 -1
    outer loop
      vertex -11.6673 -11.6673 0
      vertex 14.4428 -4 0
      vertex -10.4675 -12.7547 0
    endloop
  endfacet
  facet normal 0 0 -1
    outer loop
      vertex 14.4428 4 0
      vertex -9.16691 13.7192 0
      vertex -7.77805 14.5517 0
    endloop
  endfacet
  facet normal 0 0 -1
    outer loop
      vertex -12.7547 -10.4675 0
      vertex 14.4428 -4 0
      vertex -11.6673 -11.6673 0
    endloop
  endfacet
  facet normal 0 0 -1
    outer loop
      vertex 14.4428 4 0
      vertex -10.4675 12.7547 0
      vertex -9.16691 13.7192 0
    endloop
  endfacet
  facet normal 0 0 -1
    outer loop
      vertex -13.7192 -9.16691 0
      vertex 14.4428 -4 0
      vertex -12.7547 -10.4675 0
    endloop
  endfacet
  facet normal 0 0 -1
    outer loop
      vertex 14.4428 4 0
      vertex -11.6673 11.6673 0
      vertex -10.4675 12.7547 0
    endloop
  endfacet
  facet normal 0 0 -1
    outer loop
      vertex -14.5517 -7.77805 0
      vertex 14.4428 -4 0
      vertex -13.7192 -9.16691 0
    endloop
  endfacet
  facet normal 0 0 -1
    outer loop
      vertex 14.4428 4 0
      vertex -12.7547 10.4675 0
      vertex -11.6673 11.6673 0
    endloop
  endfacet
  facet normal 0 0 -1
    outer loop
      vertex -15.244 -6.31428 0
      vertex 14.4428 -4 0
      vertex -14.5517 -7.77805 0
    endloop
  endfacet
  facet normal 0 0 -1
    outer loop
      vertex 14.4428 4 0
      vertex -13.7192 9.16691 0
      vertex -12.7547 10.4675 0
    endloop
  endfacet
  facet normal 0 0 -1
    outer loop
      vertex -15.7895 -4.7897 0
      vertex 14.4428 -4 0
      vertex -15.244 -6.31428 0
    endloop
  endfacet
  facet normal 0 0 -1
    outer loop
      vertex 14.4428 4 0
      vertex -14.5517 7.77805 0
      vertex -13.7192 9.16691 0
    endloop
  endfacet
  facet normal 0 0 -1
    outer loop
      vertex -16.183 -3.21899 0
      vertex 14.4428 -4 0
      vertex -15.7895 -4.7897 0
    endloop
  endfacet
  facet normal 0 0 -1
    outer loop
      vertex 14.4428 4 0
      vertex -15.244 6.31428 0
      vertex -14.5517 7.77805 0
    endloop
  endfacet
  facet normal 0 0 -1
    outer loop
      vertex 14.4428 -4 0
      vertex -16.183 -3.21899 0
      vertex 14.4428 4 0
    endloop
  endfacet
  facet normal 0 0 -1
    outer loop
      vertex 14.4428 4 0
      vertex -15.7895 4.7897 0
      vertex -15.244 6.31428 0
    endloop
  endfacet
  facet normal 0 0 -1
    outer loop
      vertex -16.183 3.21899 0
      vertex 14.4428 4 0
      vertex -16.183 -3.21899 0
    endloop
  endfacet
  facet normal -0 0 -1
    outer loop
      vertex 14.4428 4 0
      vertex -16.183 3.21899 0
      vertex -15.7895 4.7897 0
    endloop
  endfacet
  facet normal 0 0 -1
    outer loop
      vertex -16.4205 -1.61728 0
      vertex -16.183 3.21899 0
      vertex -16.183 -3.21899 0
    endloop
  endfacet
  facet normal 0 0 -1
    outer loop
      vertex -16.4205 -1.61728 0
      vertex -16.4205 1.61728 0
      vertex -16.183 3.21899 0
    endloop
  endfacet
  facet normal 0 -0 -1
    outer loop
      vertex -16.4205 1.61728 0
      vertex -16.4205 -1.61728 0
      vertex -16.5 0 0
    endloop
  endfacet
  facet normal 0.970057 0.242877 0
    outer loop
      vertex 14.3541 4.35427 10
      vertex 14.4428 4 3
      vertex 14.3541 4.35427 3
    endloop
  endfacet
  facet normal 0.970027 0.242996 -6.39297e-06
    outer loop
      vertex 14.7118 2.92635 10
      vertex 14.4428 4 3
      vertex 14.3541 4.35427 10
    endloop
  endfacet
  facet normal 0.970017 0.243035 -0
    outer loop
      vertex 14.7118 2.92635 0
      vertex 14.4428 4 3
      vertex 14.7118 2.92635 10
    endloop
  endfacet
  facet normal 0.970017 0.243035 0
    outer loop
      vertex 14.4428 4 3
      vertex 14.7118 2.92635 0
      vertex 14.4428 4 0
    endloop
  endfacet
  facet normal 0.989176 0.146737 0
    outer loop
      vertex 14.9278 1.47026 10
      vertex 14.7118 2.92635 0
      vertex 14.7118 2.92635 10
    endloop
  endfacet
  facet normal 0.989176 0.146737 0
    outer loop
      vertex 14.7118 2.92635 0
      vertex 14.9278 1.47026 10
      vertex 14.9278 1.47026 0
    endloop
  endfacet
  facet normal 0.941547 0.336883 0
    outer loop
      vertex 14.3541 4.35427 10
      vertex 13.8582 5.74025 3
      vertex 13.8582 5.74025 10
    endloop
  endfacet
  facet normal 0.941547 0.336883 0
    outer loop
      vertex 13.8582 5.74025 3
      vertex 14.3541 4.35427 10
      vertex 14.3541 4.35427 3
    endloop
  endfacet
  facet normal 0.242996 0.970027 -0
    outer loop
      vertex 4.35427 14.3541 3
      vertex 2.92635 14.7118 10
      vertex 4.35427 14.3541 10
    endloop
  endfacet
  facet normal 0.242996 0.970027 0
    outer loop
      vertex 2.92635 14.7118 10
      vertex 4.35427 14.3541 3
      vertex 2.92635 14.7118 3
    endloop
  endfacet
  facet normal 0.146745 0.989174 0
    outer loop
      vertex 2.92635 14.7118 10
      vertex 1.5 14.9234 3.5
      vertex 1.5 14.9234 10
    endloop
  endfacet
  facet normal 0.146745 0.989174 -0
    outer loop
      vertex 2.92635 14.7118 3
      vertex 1.5 14.9234 3.5
      vertex 2.92635 14.7118 10
    endloop
  endfacet
  facet normal 0.146737 0.989176 -2.31572e-05
    outer loop
      vertex 1.47026 14.9278 3
      vertex 1.5 14.9234 3.5
      vertex 2.92635 14.7118 3
    endloop
  endfacet
  facet normal 0.146356 0.989232 0
    outer loop
      vertex 1.5 14.9234 3.5
      vertex 1.47026 14.9278 3
      vertex 1.47026 14.9278 3.5
    endloop
  endfacet
  facet normal 0.59566 0.803237 -0
    outer loop
      vertex 9.5159 11.5952 3
      vertex 8.33355 12.472 10
      vertex 9.5159 11.5952 10
    endloop
  endfacet
  facet normal 0.59566 0.803237 0
    outer loop
      vertex 8.33355 12.472 10
      vertex 9.5159 11.5952 3
      vertex 8.33355 12.472 3
    endloop
  endfacet
  facet normal 0.671577 0.740935 -0
    outer loop
      vertex 10.6066 10.6066 3
      vertex 9.5159 11.5952 10
      vertex 10.6066 10.6066 10
    endloop
  endfacet
  facet normal 0.671577 0.740935 0
    outer loop
      vertex 9.5159 11.5952 10
      vertex 10.6066 10.6066 3
      vertex 9.5159 11.5952 3
    endloop
  endfacet
  facet normal -0.970027 0.242996 0
    outer loop
      vertex -14.7118 2.92635 3
      vertex -14.3541 4.35427 10
      vertex -14.3541 4.35427 3
    endloop
  endfacet
  facet normal -0.970027 0.242996 0
    outer loop
      vertex -14.3541 4.35427 10
      vertex -14.7118 2.92635 3
      vertex -14.7118 2.92635 10
    endloop
  endfacet
  facet normal -0.903983 0.427569 0
    outer loop
      vertex -13.8582 5.74025 3
      vertex -13.2288 7.07095 10
      vertex -13.2288 7.07095 3
    endloop
  endfacet
  facet normal -0.903983 0.427569 0
    outer loop
      vertex -13.2288 7.07095 10
      vertex -13.8582 5.74025 3
      vertex -13.8582 5.74025 10
    endloop
  endfacet
  facet normal -0.989176 0.146737 0
    outer loop
      vertex -14.9278 1.47026 3
      vertex -14.7118 2.92635 10
      vertex -14.7118 2.92635 3
    endloop
  endfacet
  facet normal -0.989176 0.146737 0
    outer loop
      vertex -14.7118 2.92635 10
      vertex -14.9278 1.47026 3
      vertex -14.9278 1.47026 10
    endloop
  endfacet
  facet normal 0 0 1
    outer loop
      vertex 12 0 10
      vertex 15 0 10
      vertex 14.9278 1.47026 10
    endloop
  endfacet
  facet normal 0 0 1
    outer loop
      vertex 11.9422 1.17621 10
      vertex 14.9278 1.47026 10
      vertex 14.7118 2.92635 10
    endloop
  endfacet
  facet normal 0 0 1
    outer loop
      vertex 15 0 10
      vertex 12 0 10
      vertex 14.9278 -1.47026 10
    endloop
  endfacet
  facet normal 0 0 1
    outer loop
      vertex 11.7694 2.34108 10
      vertex 14.7118 2.92635 10
      vertex 14.3541 4.35427 10
    endloop
  endfacet
  facet normal -0 0 1
    outer loop
      vertex 11.9422 -1.17621 10
      vertex 14.9278 -1.47026 10
      vertex 12 0 10
    endloop
  endfacet
  facet normal 0 0 1
    outer loop
      vertex 11.4833 3.48342 10
      vertex 14.3541 4.35427 10
      vertex 13.8582 5.74025 10
    endloop
  endfacet
  facet normal 0 0 1
    outer loop
      vertex 14.9278 -1.47026 10
      vertex 11.9422 -1.17621 10
      vertex 14.7118 -2.92635 10
    endloop
  endfacet
  facet normal 0 0 1
    outer loop
      vertex 11.0866 4.5922 10
      vertex 13.8582 5.74025 10
      vertex 13.2288 7.07095 10
    endloop
  endfacet
  facet normal -0 0 1
    outer loop
      vertex 11.7694 -2.34108 10
      vertex 14.7118 -2.92635 10
      vertex 11.9422 -1.17621 10
    endloop
  endfacet
  facet normal 0 0 1
    outer loop
      vertex 10.5831 5.65676 10
      vertex 13.2288 7.07095 10
      vertex 12.472 8.33355 10
    endloop
  endfacet
  facet normal 0 0 1
    outer loop
      vertex 14.7118 -2.92635 10
      vertex 11.7694 -2.34108 10
      vertex 14.3541 -4.35427 10
    endloop
  endfacet
  facet normal -0 0 1
    outer loop
      vertex 11.4833 -3.48342 10
      vertex 14.3541 -4.35427 10
      vertex 11.7694 -2.34108 10
    endloop
  endfacet
  facet normal 0 0 1
    outer loop
      vertex 14.9278 1.47026 10
      vertex 11.9422 1.17621 10
      vertex 12 0 10
    endloop
  endfacet
  facet normal 0 0 1
    outer loop
      vertex 14.7118 2.92635 10
      vertex 11.7694 2.34108 10
      vertex 11.9422 1.17621 10
    endloop
  endfacet
  facet normal 0 0 1
    outer loop
      vertex 9.97763 6.66684 10
      vertex 12.472 8.33355 10
      vertex 11.5952 9.5159 10
    endloop
  endfacet
  facet normal 0 0 1
    outer loop
      vertex 14.3541 4.35427 10
      vertex 11.4833 3.48342 10
      vertex 11.7694 2.34108 10
    endloop
  endfacet
  facet normal 0 0 1
    outer loop
      vertex 13.8582 5.74025 10
      vertex 11.0866 4.5922 10
      vertex 11.4833 3.48342 10
    endloop
  endfacet
  facet normal 0 0 1
    outer loop
      vertex 9.27612 7.61272 10
      vertex 11.5952 9.5159 10
      vertex 10.6066 10.6066 10
    endloop
  endfacet
  facet normal 0 0 1
    outer loop
      vertex 13.2288 7.07095 10
      vertex 10.5831 5.65676 10
      vertex 11.0866 4.5922 10
    endloop
  endfacet
  facet normal 0 0 1
    outer loop
      vertex 12.472 8.33355 10
      vertex 9.97763 6.66684 10
      vertex 10.5831 5.65676 10
    endloop
  endfacet
  facet normal 0 0 1
    outer loop
      vertex 8.48528 8.48528 10
      vertex 10.6066 10.6066 10
      vertex 9.5159 11.5952 10
    endloop
  endfacet
  facet normal 0 0 1
    outer loop
      vertex 11.5952 9.5159 10
      vertex 9.27612 7.61272 10
      vertex 9.97763 6.66684 10
    endloop
  endfacet
  facet normal 0 0 1
    outer loop
      vertex 10.6066 10.6066 10
      vertex 8.48528 8.48528 10
      vertex 9.27612 7.61272 10
    endloop
  endfacet
  facet normal 0 0 1
    outer loop
      vertex 7.61272 9.27612 10
      vertex 9.5159 11.5952 10
      vertex 8.33355 12.472 10
    endloop
  endfacet
  facet normal 0 0 1
    outer loop
      vertex 9.5159 11.5952 10
      vertex 7.61272 9.27612 10
      vertex 8.48528 8.48528 10
    endloop
  endfacet
  facet normal 0 0 1
    outer loop
      vertex 6.66684 9.97763 10
      vertex 8.33355 12.472 10
      vertex 7.07095 13.2288 10
    endloop
  endfacet
  facet normal 0 0 1
    outer loop
      vertex 8.33355 12.472 10
      vertex 6.66684 9.97763 10
      vertex 7.61272 9.27612 10
    endloop
  endfacet
  facet normal 0 0 1
    outer loop
      vertex 5.65676 10.5831 10
      vertex 7.07095 13.2288 10
      vertex 5.74025 13.8582 10
    endloop
  endfacet
  facet normal 0 0 1
    outer loop
      vertex 7.07095 13.2288 10
      vertex 5.65676 10.5831 10
      vertex 6.66684 9.97763 10
    endloop
  endfacet
  facet normal 0 0 1
    outer loop
      vertex 5.74025 13.8582 10
      vertex 4.5922 11.0866 10
      vertex 5.65676 10.5831 10
    endloop
  endfacet
  facet normal 0 0 1
    outer loop
      vertex 4.35427 14.3541 10
      vertex 4.5922 11.0866 10
      vertex 5.74025 13.8582 10
    endloop
  endfacet
  facet normal 0 0 1
    outer loop
      vertex 4.35427 14.3541 10
      vertex 3.48342 11.4833 10
      vertex 4.5922 11.0866 10
    endloop
  endfacet
  facet normal 0 0 1
    outer loop
      vertex 2.92635 14.7118 10
      vertex 3.48342 11.4833 10
      vertex 4.35427 14.3541 10
    endloop
  endfacet
  facet normal 0 0 1
    outer loop
      vertex 2.92635 14.7118 10
      vertex 2.34108 11.7694 10
      vertex 3.48342 11.4833 10
    endloop
  endfacet
  facet normal 0 0 1
    outer loop
      vertex 1.5 11.8942 10
      vertex 2.92635 14.7118 10
      vertex 1.5 14.9234 10
    endloop
  endfacet
  facet normal 0 0 1
    outer loop
      vertex 2.92635 14.7118 10
      vertex 1.5 11.8942 10
      vertex 2.34108 11.7694 10
    endloop
  endfacet
  facet normal 0 0 1
    outer loop
      vertex 14.3541 -4.35427 10
      vertex 11.4833 -3.48342 10
      vertex 13.8582 -5.74025 10
    endloop
  endfacet
  facet normal -0 0 1
    outer loop
      vertex 11.0866 -4.5922 10
      vertex 13.8582 -5.74025 10
      vertex 11.4833 -3.48342 10
    endloop
  endfacet
  facet normal 0 0 1
    outer loop
      vertex 13.8582 -5.74025 10
      vertex 11.0866 -4.5922 10
      vertex 13.2288 -7.07095 10
    endloop
  endfacet
  facet normal -0 0 1
    outer loop
      vertex 10.5831 -5.65676 10
      vertex 13.2288 -7.07095 10
      vertex 11.0866 -4.5922 10
    endloop
  endfacet
  facet normal 0 0 1
    outer loop
      vertex 13.2288 -7.07095 10
      vertex 10.5831 -5.65676 10
      vertex 12.472 -8.33355 10
    endloop
  endfacet
  facet normal -0 0 1
    outer loop
      vertex 9.97763 -6.66684 10
      vertex 12.472 -8.33355 10
      vertex 10.5831 -5.65676 10
    endloop
  endfacet
  facet normal 0 0 1
    outer loop
      vertex 12.472 -8.33355 10
      vertex 9.97763 -6.66684 10
      vertex 11.5952 -9.5159 10
    endloop
  endfacet
  facet normal -0 0 1
    outer loop
      vertex 9.27612 -7.61272 10
      vertex 11.5952 -9.5159 10
      vertex 9.97763 -6.66684 10
    endloop
  endfacet
  facet normal 0 0 1
    outer loop
      vertex 11.5952 -9.5159 10
      vertex 9.27612 -7.61272 10
      vertex 10.6066 -10.6066 10
    endloop
  endfacet
  facet normal -0 0 1
    outer loop
      vertex 8.48528 -8.48528 10
      vertex 10.6066 -10.6066 10
      vertex 9.27612 -7.61272 10
    endloop
  endfacet
  facet normal 0 0 1
    outer loop
      vertex 10.6066 -10.6066 10
      vertex 8.48528 -8.48528 10
      vertex 9.5159 -11.5952 10
    endloop
  endfacet
  facet normal -0 0 1
    outer loop
      vertex 7.61272 -9.27612 10
      vertex 9.5159 -11.5952 10
      vertex 8.48528 -8.48528 10
    endloop
  endfacet
  facet normal 0 0 1
    outer loop
      vertex 9.5159 -11.5952 10
      vertex 7.61272 -9.27612 10
      vertex 8.33355 -12.472 10
    endloop
  endfacet
  facet normal -0 0 1
    outer loop
      vertex 6.66684 -9.97763 10
      vertex 8.33355 -12.472 10
      vertex 7.61272 -9.27612 10
    endloop
  endfacet
  facet normal 0 0 1
    outer loop
      vertex 8.33355 -12.472 10
      vertex 6.66684 -9.97763 10
      vertex 7.07095 -13.2288 10
    endloop
  endfacet
  facet normal -0 0 1
    outer loop
      vertex 5.65676 -10.5831 10
      vertex 7.07095 -13.2288 10
      vertex 6.66684 -9.97763 10
    endloop
  endfacet
  facet normal 0 0 1
    outer loop
      vertex 7.07095 -13.2288 10
      vertex 5.65676 -10.5831 10
      vertex 5.74025 -13.8582 10
    endloop
  endfacet
  facet normal -0 0 1
    outer loop
      vertex 4.5922 -11.0866 10
      vertex 5.74025 -13.8582 10
      vertex 5.65676 -10.5831 10
    endloop
  endfacet
  facet normal 0 0 1
    outer loop
      vertex 4.5922 -11.0866 10
      vertex 4.35427 -14.3541 10
      vertex 5.74025 -13.8582 10
    endloop
  endfacet
  facet normal -0 0 1
    outer loop
      vertex 3.48342 -11.4833 10
      vertex 4.35427 -14.3541 10
      vertex 4.5922 -11.0866 10
    endloop
  endfacet
  facet normal 0 0 1
    outer loop
      vertex 3.48342 -11.4833 10
      vertex 2.92635 -14.7118 10
      vertex 4.35427 -14.3541 10
    endloop
  endfacet
  facet normal -0 0 1
    outer loop
      vertex 2.34108 -11.7694 10
      vertex 2.92635 -14.7118 10
      vertex 3.48342 -11.4833 10
    endloop
  endfacet
  facet normal -0 0 1
    outer loop
      vertex 1.5 -11.8942 10
      vertex 2.92635 -14.7118 10
      vertex 2.34108 -11.7694 10
    endloop
  endfacet
  facet normal 0 0 1
    outer loop
      vertex 2.92635 -14.7118 10
      vertex 1.5 -11.8942 10
      vertex 1.5 -14.9234 10
    endloop
  endfacet
  facet normal -0 0 1
    outer loop
      vertex -2.92635 14.7118 10
      vertex -1.5 11.8942 10
      vertex -1.5 14.9234 10
    endloop
  endfacet
  facet normal 0 0 1
    outer loop
      vertex -1.5 11.8942 10
      vertex -2.92635 14.7118 10
      vertex -2.34108 11.7694 10
    endloop
  endfacet
  facet normal 0 0 1
    outer loop
      vertex -2.92635 14.7118 10
      vertex -3.48342 11.4833 10
      vertex -2.34108 11.7694 10
    endloop
  endfacet
  facet normal -0 0 1
    outer loop
      vertex -4.35427 14.3541 10
      vertex -3.48342 11.4833 10
      vertex -2.92635 14.7118 10
    endloop
  endfacet
  facet normal 0 0 1
    outer loop
      vertex -4.35427 14.3541 10
      vertex -4.5922 11.0866 10
      vertex -3.48342 11.4833 10
    endloop
  endfacet
  facet normal -0 0 1
    outer loop
      vertex -5.74025 13.8582 10
      vertex -4.5922 11.0866 10
      vertex -4.35427 14.3541 10
    endloop
  endfacet
  facet normal 0 0 1
    outer loop
      vertex -4.5922 11.0866 10
      vertex -5.74025 13.8582 10
      vertex -5.65676 10.5831 10
    endloop
  endfacet
  facet normal -0 0 1
    outer loop
      vertex -7.07095 13.2288 10
      vertex -5.65676 10.5831 10
      vertex -5.74025 13.8582 10
    endloop
  endfacet
  facet normal 0 0 1
    outer loop
      vertex -5.65676 10.5831 10
      vertex -7.07095 13.2288 10
      vertex -6.66684 9.97763 10
    endloop
  endfacet
  facet normal -0 0 1
    outer loop
      vertex -8.33355 12.472 10
      vertex -6.66684 9.97763 10
      vertex -7.07095 13.2288 10
    endloop
  endfacet
  facet normal 0 0 1
    outer loop
      vertex -6.66684 9.97763 10
      vertex -8.33355 12.472 10
      vertex -7.61272 9.27612 10
    endloop
  endfacet
  facet normal -0 0 1
    outer loop
      vertex -9.5159 11.5952 10
      vertex -7.61272 9.27612 10
      vertex -8.33355 12.472 10
    endloop
  endfacet
  facet normal 0 0 1
    outer loop
      vertex -7.61272 9.27612 10
      vertex -9.5159 11.5952 10
      vertex -8.48528 8.48528 10
    endloop
  endfacet
  facet normal -0 0 1
    outer loop
      vertex -10.6066 10.6066 10
      vertex -8.48528 8.48528 10
      vertex -9.5159 11.5952 10
    endloop
  endfacet
  facet normal 0 0 1
    outer loop
      vertex -8.48528 8.48528 10
      vertex -10.6066 10.6066 10
      vertex -9.27612 7.61272 10
    endloop
  endfacet
  facet normal -0 0 1
    outer loop
      vertex -11.5952 9.5159 10
      vertex -9.27612 7.61272 10
      vertex -10.6066 10.6066 10
    endloop
  endfacet
  facet normal 0 0 1
    outer loop
      vertex -9.27612 7.61272 10
      vertex -11.5952 9.5159 10
      vertex -9.97763 6.66684 10
    endloop
  endfacet
  facet normal -0 0 1
    outer loop
      vertex -12.472 8.33355 10
      vertex -9.97763 6.66684 10
      vertex -11.5952 9.5159 10
    endloop
  endfacet
  facet normal 0 0 1
    outer loop
      vertex -9.97763 6.66684 10
      vertex -12.472 8.33355 10
      vertex -10.5831 5.65676 10
    endloop
  endfacet
  facet normal -0 0 1
    outer loop
      vertex -13.2288 7.07095 10
      vertex -10.5831 5.65676 10
      vertex -12.472 8.33355 10
    endloop
  endfacet
  facet normal 0 0 1
    outer loop
      vertex -10.5831 5.65676 10
      vertex -13.2288 7.07095 10
      vertex -11.0866 4.5922 10
    endloop
  endfacet
  facet normal -0 0 1
    outer loop
      vertex -13.8582 5.74025 10
      vertex -11.0866 4.5922 10
      vertex -13.2288 7.07095 10
    endloop
  endfacet
  facet normal 0 0 1
    outer loop
      vertex -11.0866 4.5922 10
      vertex -13.8582 5.74025 10
      vertex -11.4833 3.48342 10
    endloop
  endfacet
  facet normal -0 0 1
    outer loop
      vertex -14.3541 4.35427 10
      vertex -11.4833 3.48342 10
      vertex -13.8582 5.74025 10
    endloop
  endfacet
  facet normal 0 0 1
    outer loop
      vertex -2.92635 -14.7118 10
      vertex -1.5 -11.8942 10
      vertex -2.34108 -11.7694 10
    endloop
  endfacet
  facet normal 0 0 1
    outer loop
      vertex -1.5 -11.8942 10
      vertex -2.92635 -14.7118 10
      vertex -1.5 -14.9234 10
    endloop
  endfacet
  facet normal 0 0 1
    outer loop
      vertex -3.48342 -11.4833 10
      vertex -2.92635 -14.7118 10
      vertex -2.34108 -11.7694 10
    endloop
  endfacet
  facet normal 0 0 1
    outer loop
      vertex -3.48342 -11.4833 10
      vertex -4.35427 -14.3541 10
      vertex -2.92635 -14.7118 10
    endloop
  endfacet
  facet normal 0 0 1
    outer loop
      vertex -4.5922 -11.0866 10
      vertex -4.35427 -14.3541 10
      vertex -3.48342 -11.4833 10
    endloop
  endfacet
  facet normal 0 0 1
    outer loop
      vertex -5.74025 -13.8582 10
      vertex -4.5922 -11.0866 10
      vertex -5.65676 -10.5831 10
    endloop
  endfacet
  facet normal 0 0 1
    outer loop
      vertex -4.5922 -11.0866 10
      vertex -5.74025 -13.8582 10
      vertex -4.35427 -14.3541 10
    endloop
  endfacet
  facet normal 0 0 1
    outer loop
      vertex -7.07095 -13.2288 10
      vertex -5.65676 -10.5831 10
      vertex -6.66684 -9.97763 10
    endloop
  endfacet
  facet normal 0 0 1
    outer loop
      vertex -5.65676 -10.5831 10
      vertex -7.07095 -13.2288 10
      vertex -5.74025 -13.8582 10
    endloop
  endfacet
  facet normal 0 0 1
    outer loop
      vertex -8.33355 -12.472 10
      vertex -6.66684 -9.97763 10
      vertex -7.61272 -9.27612 10
    endloop
  endfacet
  facet normal 0 0 1
    outer loop
      vertex -6.66684 -9.97763 10
      vertex -8.33355 -12.472 10
      vertex -7.07095 -13.2288 10
    endloop
  endfacet
  facet normal 0 0 1
    outer loop
      vertex -9.5159 -11.5952 10
      vertex -7.61272 -9.27612 10
      vertex -8.48528 -8.48528 10
    endloop
  endfacet
  facet normal 0 0 1
    outer loop
      vertex -10.6066 -10.6066 10
      vertex -8.48528 -8.48528 10
      vertex -9.27612 -7.61272 10
    endloop
  endfacet
  facet normal 0 0 1
    outer loop
      vertex -7.61272 -9.27612 10
      vertex -9.5159 -11.5952 10
      vertex -8.33355 -12.472 10
    endloop
  endfacet
  facet normal 0 0 1
    outer loop
      vertex -11.5952 -9.5159 10
      vertex -9.27612 -7.61272 10
      vertex -9.97763 -6.66684 10
    endloop
  endfacet
  facet normal 0 0 1
    outer loop
      vertex -12.472 -8.33355 10
      vertex -9.97763 -6.66684 10
      vertex -10.5831 -5.65676 10
    endloop
  endfacet
  facet normal 0 0 1
    outer loop
      vertex -8.48528 -8.48528 10
      vertex -10.6066 -10.6066 10
      vertex -9.5159 -11.5952 10
    endloop
  endfacet
  facet normal 0 0 1
    outer loop
      vertex -13.2288 -7.07095 10
      vertex -10.5831 -5.65676 10
      vertex -11.0866 -4.5922 10
    endloop
  endfacet
  facet normal 0 0 1
    outer loop
      vertex -13.8582 -5.74025 10
      vertex -11.0866 -4.5922 10
      vertex -11.4833 -3.48342 10
    endloop
  endfacet
  facet normal 0 0 1
    outer loop
      vertex -9.27612 -7.61272 10
      vertex -11.5952 -9.5159 10
      vertex -10.6066 -10.6066 10
    endloop
  endfacet
  facet normal 0 0 1
    outer loop
      vertex -14.3541 -4.35427 10
      vertex -11.4833 -3.48342 10
      vertex -11.7694 -2.34108 10
    endloop
  endfacet
  facet normal 0 0 1
    outer loop
      vertex -14.7118 -2.92635 10
      vertex -11.7694 -2.34108 10
      vertex -11.9422 -1.17621 10
    endloop
  endfacet
  facet normal 0 0 1
    outer loop
      vertex -14.9278 -1.47026 10
      vertex -11.9422 -1.17621 10
      vertex -12 0 10
    endloop
  endfacet
  facet normal 0 0 1
    outer loop
      vertex -11.4833 3.48342 10
      vertex -14.3541 4.35427 10
      vertex -11.7694 2.34108 10
    endloop
  endfacet
  facet normal 0 0 1
    outer loop
      vertex -9.97763 -6.66684 10
      vertex -12.472 -8.33355 10
      vertex -11.5952 -9.5159 10
    endloop
  endfacet
  facet normal -0 0 1
    outer loop
      vertex -14.7118 2.92635 10
      vertex -11.7694 2.34108 10
      vertex -14.3541 4.35427 10
    endloop
  endfacet
  facet normal 0 0 1
    outer loop
      vertex -10.5831 -5.65676 10
      vertex -13.2288 -7.07095 10
      vertex -12.472 -8.33355 10
    endloop
  endfacet
  facet normal 0 0 1
    outer loop
      vertex -11.7694 2.34108 10
      vertex -14.7118 2.92635 10
      vertex -11.9422 1.17621 10
    endloop
  endfacet
  facet normal 0 0 1
    outer loop
      vertex -11.0866 -4.5922 10
      vertex -13.8582 -5.74025 10
      vertex -13.2288 -7.07095 10
    endloop
  endfacet
  facet normal -0 0 1
    outer loop
      vertex -14.9278 1.47026 10
      vertex -11.9422 1.17621 10
      vertex -14.7118 2.92635 10
    endloop
  endfacet
  facet normal 0 0 1
    outer loop
      vertex -11.4833 -3.48342 10
      vertex -14.3541 -4.35427 10
      vertex -13.8582 -5.74025 10
    endloop
  endfacet
  facet normal 0 0 1
    outer loop
      vertex -11.9422 1.17621 10
      vertex -14.9278 1.47026 10
      vertex -12 0 10
    endloop
  endfacet
  facet normal 0 0 1
    outer loop
      vertex -11.7694 -2.34108 10
      vertex -14.7118 -2.92635 10
      vertex -14.3541 -4.35427 10
    endloop
  endfacet
  facet normal 0 0 1
    outer loop
      vertex -15 0 10
      vertex -12 0 10
      vertex -14.9278 1.47026 10
    endloop
  endfacet
  facet normal 0 0 1
    outer loop
      vertex -11.9422 -1.17621 10
      vertex -14.9278 -1.47026 10
      vertex -14.7118 -2.92635 10
    endloop
  endfacet
  facet normal 0 0 1
    outer loop
      vertex -12 0 10
      vertex -15 0 10
      vertex -14.9278 -1.47026 10
    endloop
  endfacet
  facet normal -0.514116 0.857721 0
    outer loop
      vertex -7.07095 13.2288 3
      vertex -8.33355 12.472 10
      vertex -7.07095 13.2288 10
    endloop
  endfacet
  facet normal -0.514116 0.857721 0
    outer loop
      vertex -8.33355 12.472 10
      vertex -7.07095 13.2288 3
      vertex -8.33355 12.472 3
    endloop
  endfacet
  facet normal -0.0490479 0.998796 0
    outer loop
      vertex 0 15 3
      vertex -1.47026 14.9278 3.5
      vertex 0 15 3.5
    endloop
  endfacet
  facet normal -0.0490479 0.998796 0
    outer loop
      vertex -1.47026 14.9278 3.5
      vertex 0 15 3
      vertex -1.47026 14.9278 3
    endloop
  endfacet
  facet normal 0.998796 -0.0490479 0
    outer loop
      vertex 14.9278 -1.47026 10
      vertex 15 0 0
      vertex 15 0 10
    endloop
  endfacet
  facet normal 0.998796 -0.0490479 0
    outer loop
      vertex 15 0 0
      vertex 14.9278 -1.47026 10
      vertex 14.9278 -1.47026 0
    endloop
  endfacet
  facet normal 0.0490479 -0.998796 0
    outer loop
      vertex 0 -15 3
      vertex 1.47026 -14.9278 3.5
      vertex 0 -15 3.5
    endloop
  endfacet
  facet normal 0.0490479 -0.998796 0
    outer loop
      vertex 1.47026 -14.9278 3.5
      vertex 0 -15 3
      vertex 1.47026 -14.9278 3
    endloop
  endfacet
  facet normal 0.427569 -0.903983 0
    outer loop
      vertex 5.74025 -13.8582 3
      vertex 7.07095 -13.2288 10
      vertex 5.74025 -13.8582 10
    endloop
  endfacet
  facet normal 0.427569 -0.903983 0
    outer loop
      vertex 7.07095 -13.2288 10
      vertex 5.74025 -13.8582 3
      vertex 7.07095 -13.2288 3
    endloop
  endfacet
  facet normal 0.59566 -0.803237 0
    outer loop
      vertex 8.33355 -12.472 3
      vertex 9.5159 -11.5952 10
      vertex 8.33355 -12.472 10
    endloop
  endfacet
  facet normal 0.59566 -0.803237 0
    outer loop
      vertex 9.5159 -11.5952 10
      vertex 8.33355 -12.472 3
      vertex 9.5159 -11.5952 3
    endloop
  endfacet
  facet normal 0.514116 -0.857721 0
    outer loop
      vertex 7.07095 -13.2288 3
      vertex 8.33355 -12.472 10
      vertex 7.07095 -13.2288 10
    endloop
  endfacet
  facet normal 0.514116 -0.857721 0
    outer loop
      vertex 8.33355 -12.472 10
      vertex 7.07095 -13.2288 3
      vertex 8.33355 -12.472 3
    endloop
  endfacet
  facet normal 0.740935 -0.671577 0
    outer loop
      vertex 10.6066 -10.6066 10
      vertex 11.5952 -9.5159 3
      vertex 11.5952 -9.5159 10
    endloop
  endfacet
  facet normal 0.740935 -0.671577 0
    outer loop
      vertex 11.5952 -9.5159 3
      vertex 10.6066 -10.6066 10
      vertex 10.6066 -10.6066 3
    endloop
  endfacet
  facet normal 0.803237 -0.59566 0
    outer loop
      vertex 11.5952 -9.5159 10
      vertex 12.472 -8.33355 3
      vertex 12.472 -8.33355 10
    endloop
  endfacet
  facet normal 0.803237 -0.59566 0
    outer loop
      vertex 12.472 -8.33355 3
      vertex 11.5952 -9.5159 10
      vertex 11.5952 -9.5159 3
    endloop
  endfacet
  facet normal -0.671577 -0.740935 0
    outer loop
      vertex -10.6066 -10.6066 3
      vertex -9.5159 -11.5952 10
      vertex -10.6066 -10.6066 10
    endloop
  endfacet
  facet normal -0.671577 -0.740935 -0
    outer loop
      vertex -9.5159 -11.5952 10
      vertex -10.6066 -10.6066 3
      vertex -9.5159 -11.5952 3
    endloop
  endfacet
  facet normal -0.59566 -0.803237 0
    outer loop
      vertex -9.5159 -11.5952 3
      vertex -8.33355 -12.472 10
      vertex -9.5159 -11.5952 10
    endloop
  endfacet
  facet normal -0.59566 -0.803237 -0
    outer loop
      vertex -8.33355 -12.472 10
      vertex -9.5159 -11.5952 3
      vertex -8.33355 -12.472 3
    endloop
  endfacet
  facet normal -0.514116 -0.857721 0
    outer loop
      vertex -8.33355 -12.472 3
      vertex -7.07095 -13.2288 10
      vertex -8.33355 -12.472 10
    endloop
  endfacet
  facet normal -0.514116 -0.857721 -0
    outer loop
      vertex -7.07095 -13.2288 10
      vertex -8.33355 -12.472 3
      vertex -7.07095 -13.2288 3
    endloop
  endfacet
  facet normal -0.146745 -0.989174 0
    outer loop
      vertex -2.92635 -14.7118 10
      vertex -1.5 -14.9234 3.5
      vertex -1.5 -14.9234 10
    endloop
  endfacet
  facet normal -0.146745 -0.989174 0
    outer loop
      vertex -2.92635 -14.7118 3
      vertex -1.5 -14.9234 3.5
      vertex -2.92635 -14.7118 10
    endloop
  endfacet
  facet normal -0.146737 -0.989176 -2.31572e-05
    outer loop
      vertex -1.47026 -14.9278 3
      vertex -1.5 -14.9234 3.5
      vertex -2.92635 -14.7118 3
    endloop
  endfacet
  facet normal -0.146356 -0.989232 0
    outer loop
      vertex -1.5 -14.9234 3.5
      vertex -1.47026 -14.9278 3
      vertex -1.47026 -14.9278 3.5
    endloop
  endfacet
  facet normal -0.903983 -0.427569 0
    outer loop
      vertex -13.2288 -7.07095 3
      vertex -13.8582 -5.74025 10
      vertex -13.8582 -5.74025 3
    endloop
  endfacet
  facet normal -0.903983 -0.427569 0
    outer loop
      vertex -13.8582 -5.74025 10
      vertex -13.2288 -7.07095 3
      vertex -13.2288 -7.07095 10
    endloop
  endfacet
  facet normal -0.998796 -0.0490479 0
    outer loop
      vertex -14.9278 -1.47026 3
      vertex -15 0 10
      vertex -15 0 3
    endloop
  endfacet
  facet normal -0.998796 -0.0490479 0
    outer loop
      vertex -15 0 10
      vertex -14.9278 -1.47026 3
      vertex -14.9278 -1.47026 10
    endloop
  endfacet
  facet normal 0.803237 0.59566 0
    outer loop
      vertex 12.472 8.33355 10
      vertex 11.5952 9.5159 3
      vertex 11.5952 9.5159 10
    endloop
  endfacet
  facet normal 0.803237 0.59566 0
    outer loop
      vertex 11.5952 9.5159 3
      vertex 12.472 8.33355 10
      vertex 12.472 8.33355 3
    endloop
  endfacet
  facet normal 0.336883 0.941547 -0
    outer loop
      vertex 5.74025 13.8582 3
      vertex 4.35427 14.3541 10
      vertex 5.74025 13.8582 10
    endloop
  endfacet
  facet normal 0.336883 0.941547 0
    outer loop
      vertex 4.35427 14.3541 10
      vertex 5.74025 13.8582 3
      vertex 4.35427 14.3541 3
    endloop
  endfacet
  facet normal 0.514116 0.857721 -0
    outer loop
      vertex 8.33355 12.472 3
      vertex 7.07095 13.2288 10
      vertex 8.33355 12.472 10
    endloop
  endfacet
  facet normal 0.514116 0.857721 0
    outer loop
      vertex 7.07095 13.2288 10
      vertex 8.33355 12.472 3
      vertex 7.07095 13.2288 3
    endloop
  endfacet
  facet normal -0.740935 0.671577 0
    outer loop
      vertex -11.5952 9.5159 3
      vertex -10.6066 10.6066 10
      vertex -10.6066 10.6066 3
    endloop
  endfacet
  facet normal -0.740935 0.671577 0
    outer loop
      vertex -10.6066 10.6066 10
      vertex -11.5952 9.5159 3
      vertex -11.5952 9.5159 10
    endloop
  endfacet
  facet normal -0.941547 0.336883 0
    outer loop
      vertex -14.3541 4.35427 3
      vertex -13.8582 5.74025 10
      vertex -13.8582 5.74025 3
    endloop
  endfacet
  facet normal -0.941547 0.336883 0
    outer loop
      vertex -13.8582 5.74025 10
      vertex -14.3541 4.35427 3
      vertex -14.3541 4.35427 10
    endloop
  endfacet
  facet normal -0.59566 0.803237 0
    outer loop
      vertex -8.33355 12.472 3
      vertex -9.5159 11.5952 10
      vertex -8.33355 12.472 10
    endloop
  endfacet
  facet normal -0.59566 0.803237 0
    outer loop
      vertex -9.5159 11.5952 10
      vertex -8.33355 12.472 3
      vertex -9.5159 11.5952 3
    endloop
  endfacet
  facet normal -0.427569 0.903983 0
    outer loop
      vertex -5.74025 13.8582 3
      vertex -7.07095 13.2288 10
      vertex -5.74025 13.8582 10
    endloop
  endfacet
  facet normal -0.427569 0.903983 0
    outer loop
      vertex -7.07095 13.2288 10
      vertex -5.74025 13.8582 3
      vertex -7.07095 13.2288 3
    endloop
  endfacet
  facet normal -0.242996 0.970027 0
    outer loop
      vertex -2.92635 14.7118 3
      vertex -4.35427 14.3541 10
      vertex -2.92635 14.7118 10
    endloop
  endfacet
  facet normal -0.242996 0.970027 0
    outer loop
      vertex -4.35427 14.3541 10
      vertex -2.92635 14.7118 3
      vertex -4.35427 14.3541 3
    endloop
  endfacet
  facet normal 0.146356 -0.989232 0
    outer loop
      vertex 1.47026 -14.9278 3.5
      vertex 1.47026 -14.9278 3
      vertex 1.5 -14.9234 3.5
    endloop
  endfacet
  facet normal 0.146745 -0.989174 0
    outer loop
      vertex 1.5 -14.9234 3.5
      vertex 2.92635 -14.7118 10
      vertex 1.5 -14.9234 10
    endloop
  endfacet
  facet normal 0.146737 -0.989176 -2.31572e-05
    outer loop
      vertex 2.92635 -14.7118 3
      vertex 1.5 -14.9234 3.5
      vertex 1.47026 -14.9278 3
    endloop
  endfacet
  facet normal 0.146745 -0.989174 0
    outer loop
      vertex 1.5 -14.9234 3.5
      vertex 2.92635 -14.7118 3
      vertex 2.92635 -14.7118 10
    endloop
  endfacet
  facet normal 0.336883 -0.941547 0
    outer loop
      vertex 4.35427 -14.3541 3
      vertex 5.74025 -13.8582 10
      vertex 4.35427 -14.3541 10
    endloop
  endfacet
  facet normal 0.336883 -0.941547 0
    outer loop
      vertex 5.74025 -13.8582 10
      vertex 4.35427 -14.3541 3
      vertex 5.74025 -13.8582 3
    endloop
  endfacet
  facet normal 0.941547 -0.336883 0
    outer loop
      vertex 13.8582 -5.74025 10
      vertex 14.3541 -4.35427 3
      vertex 14.3541 -4.35427 10
    endloop
  endfacet
  facet normal 0.941547 -0.336883 0
    outer loop
      vertex 14.3541 -4.35427 3
      vertex 13.8582 -5.74025 10
      vertex 13.8582 -5.74025 3
    endloop
  endfacet
  facet normal 0.903983 -0.427569 0
    outer loop
      vertex 13.2288 -7.07095 10
      vertex 13.8582 -5.74025 3
      vertex 13.8582 -5.74025 10
    endloop
  endfacet
  facet normal 0.903983 -0.427569 0
    outer loop
      vertex 13.8582 -5.74025 3
      vertex 13.2288 -7.07095 10
      vertex 13.2288 -7.07095 3
    endloop
  endfacet
  facet normal 0.989176 -0.146737 0
    outer loop
      vertex 14.7118 -2.92635 10
      vertex 14.9278 -1.47026 0
      vertex 14.9278 -1.47026 10
    endloop
  endfacet
  facet normal 0.989176 -0.146737 0
    outer loop
      vertex 14.9278 -1.47026 0
      vertex 14.7118 -2.92635 10
      vertex 14.7118 -2.92635 0
    endloop
  endfacet
  facet normal -0.427569 -0.903983 0
    outer loop
      vertex -7.07095 -13.2288 3
      vertex -5.74025 -13.8582 10
      vertex -7.07095 -13.2288 10
    endloop
  endfacet
  facet normal -0.427569 -0.903983 -0
    outer loop
      vertex -5.74025 -13.8582 10
      vertex -7.07095 -13.2288 3
      vertex -5.74025 -13.8582 3
    endloop
  endfacet
  facet normal -0.242996 -0.970027 0
    outer loop
      vertex -4.35427 -14.3541 3
      vertex -2.92635 -14.7118 10
      vertex -4.35427 -14.3541 10
    endloop
  endfacet
  facet normal -0.242996 -0.970027 -0
    outer loop
      vertex -2.92635 -14.7118 10
      vertex -4.35427 -14.3541 3
      vertex -2.92635 -14.7118 3
    endloop
  endfacet
  facet normal -0.857721 -0.514116 0
    outer loop
      vertex -12.472 -8.33355 3
      vertex -13.2288 -7.07095 10
      vertex -13.2288 -7.07095 3
    endloop
  endfacet
  facet normal -0.857721 -0.514116 0
    outer loop
      vertex -13.2288 -7.07095 10
      vertex -12.472 -8.33355 3
      vertex -12.472 -8.33355 10
    endloop
  endfacet
  facet normal -0.941547 -0.336883 0
    outer loop
      vertex -13.8582 -5.74025 3
      vertex -14.3541 -4.35427 10
      vertex -14.3541 -4.35427 3
    endloop
  endfacet
  facet normal -0.941547 -0.336883 0
    outer loop
      vertex -14.3541 -4.35427 10
      vertex -13.8582 -5.74025 3
      vertex -13.8582 -5.74025 10
    endloop
  endfacet
  facet normal -0.989176 -0.146737 0
    outer loop
      vertex -14.7118 -2.92635 3
      vertex -14.9278 -1.47026 10
      vertex -14.9278 -1.47026 3
    endloop
  endfacet
  facet normal -0.989176 -0.146737 0
    outer loop
      vertex -14.9278 -1.47026 10
      vertex -14.7118 -2.92635 3
      vertex -14.7118 -2.92635 10
    endloop
  endfacet
  facet normal -0.998795 -0.0490817 0
    outer loop
      vertex 12 0 3
      vertex 11.9422 1.17621 10
      vertex 11.9422 1.17621 3
    endloop
  endfacet
  facet normal -0.998795 -0.0490817 0
    outer loop
      vertex 11.9422 1.17621 10
      vertex 12 0 3
      vertex 12 0 10
    endloop
  endfacet
  facet normal 0.998795 -0.0490817 0
    outer loop
      vertex -12 0 10
      vertex -11.9422 1.17621 3
      vertex -11.9422 1.17621 10
    endloop
  endfacet
  facet normal 0.998795 -0.0490817 0
    outer loop
      vertex -11.9422 1.17621 3
      vertex -12 0 10
      vertex -12 0 3
    endloop
  endfacet
  facet normal -0.0490817 -0.998795 0
    outer loop
      vertex 0 12 3
      vertex 1.17621 11.9422 3.5
      vertex 0 12 3.5
    endloop
  endfacet
  facet normal -0.0490817 -0.998795 -0
    outer loop
      vertex 1.17621 11.9422 3.5
      vertex 0 12 3
      vertex 1.17621 11.9422 3
    endloop
  endfacet
  facet normal 0.0490817 0.998795 -0
    outer loop
      vertex 0 -12 3
      vertex -1.17621 -11.9422 3.5
      vertex 0 -12 3.5
    endloop
  endfacet
  facet normal 0.0490817 0.998795 0
    outer loop
      vertex -1.17621 -11.9422 3.5
      vertex 0 -12 3
      vertex -1.17621 -11.9422 3
    endloop
  endfacet
  facet normal -0.740952 -0.671558 0
    outer loop
      vertex 9.27612 7.61272 3
      vertex 8.48528 8.48528 10
      vertex 8.48528 8.48528 3
    endloop
  endfacet
  facet normal -0.740952 -0.671558 0
    outer loop
      vertex 8.48528 8.48528 10
      vertex 9.27612 7.61272 3
      vertex 9.27612 7.61272 10
    endloop
  endfacet
  facet normal 0.671558 -0.740952 0
    outer loop
      vertex -8.48528 8.48528 3
      vertex -7.61272 9.27612 10
      vertex -8.48528 8.48528 10
    endloop
  endfacet
  facet normal 0.671558 -0.740952 0
    outer loop
      vertex -7.61272 9.27612 10
      vertex -8.48528 8.48528 3
      vertex -7.61272 9.27612 3
    endloop
  endfacet
  facet normal 0.336869 -0.941552 0
    outer loop
      vertex -4.5922 11.0866 3
      vertex -3.48342 11.4833 10
      vertex -4.5922 11.0866 10
    endloop
  endfacet
  facet normal 0.336869 -0.941552 0
    outer loop
      vertex -3.48342 11.4833 10
      vertex -4.5922 11.0866 3
      vertex -3.48342 11.4833 3
    endloop
  endfacet
  facet normal 0.97004 0.242947 0
    outer loop
      vertex -11.4833 -3.48342 10
      vertex -11.7694 -2.34108 3
      vertex -11.7694 -2.34108 10
    endloop
  endfacet
  facet normal 0.97004 0.242947 0
    outer loop
      vertex -11.7694 -2.34108 3
      vertex -11.4833 -3.48342 10
      vertex -11.4833 -3.48342 3
    endloop
  endfacet
  facet normal -0.903989 -0.427556 0
    outer loop
      vertex 11.0866 4.5922 3
      vertex 10.5831 5.65676 10
      vertex 10.5831 5.65676 3
    endloop
  endfacet
  facet normal -0.903989 -0.427556 0
    outer loop
      vertex 10.5831 5.65676 10
      vertex 11.0866 4.5922 3
      vertex 11.0866 4.5922 10
    endloop
  endfacet
  facet normal -0.857709 -0.514135 0
    outer loop
      vertex 10.5831 5.65676 3
      vertex 9.97763 6.66684 10
      vertex 9.97763 6.66684 3
    endloop
  endfacet
  facet normal -0.857709 -0.514135 0
    outer loop
      vertex 9.97763 6.66684 10
      vertex 10.5831 5.65676 3
      vertex 10.5831 5.65676 10
    endloop
  endfacet
  facet normal -0.427556 -0.903989 0
    outer loop
      vertex 4.5922 11.0866 3
      vertex 5.65676 10.5831 10
      vertex 4.5922 11.0866 10
    endloop
  endfacet
  facet normal -0.427556 -0.903989 -0
    outer loop
      vertex 5.65676 10.5831 10
      vertex 4.5922 11.0866 3
      vertex 5.65676 10.5831 3
    endloop
  endfacet
  facet normal 0.857709 -0.514135 0
    outer loop
      vertex -10.5831 5.65676 10
      vertex -9.97763 6.66684 3
      vertex -9.97763 6.66684 10
    endloop
  endfacet
  facet normal 0.857709 -0.514135 0
    outer loop
      vertex -9.97763 6.66684 3
      vertex -10.5831 5.65676 10
      vertex -10.5831 5.65676 3
    endloop
  endfacet
  facet normal 0.803209 -0.595698 0
    outer loop
      vertex -9.97763 6.66684 10
      vertex -9.27612 7.61272 3
      vertex -9.27612 7.61272 10
    endloop
  endfacet
  facet normal 0.803209 -0.595698 0
    outer loop
      vertex -9.27612 7.61272 3
      vertex -9.97763 6.66684 10
      vertex -9.97763 6.66684 3
    endloop
  endfacet
  facet normal 0.146774 -0.98917 0
    outer loop
      vertex -2.34108 11.7694 10
      vertex -1.5 11.8942 3.5
      vertex -1.5 11.8942 10
    endloop
  endfacet
  facet normal 0.146774 -0.98917 0
    outer loop
      vertex -2.34108 11.7694 3
      vertex -1.5 11.8942 3.5
      vertex -2.34108 11.7694 10
    endloop
  endfacet
  facet normal 0.146737 -0.989176 6.30969e-05
    outer loop
      vertex -1.17621 11.9422 3
      vertex -1.5 11.8942 3.5
      vertex -2.34108 11.7694 3
    endloop
  endfacet
  facet normal 0.146642 -0.98919 0
    outer loop
      vertex -1.5 11.8942 3.5
      vertex -1.17621 11.9422 3
      vertex -1.17621 11.9422 3.5
    endloop
  endfacet
  facet normal -0.903989 0.427556 0
    outer loop
      vertex 10.5831 -5.65676 3
      vertex 11.0866 -4.5922 10
      vertex 11.0866 -4.5922 3
    endloop
  endfacet
  facet normal -0.903989 0.427556 0
    outer loop
      vertex 11.0866 -4.5922 10
      vertex 10.5831 -5.65676 3
      vertex 10.5831 -5.65676 10
    endloop
  endfacet
  facet normal -0.242947 0.97004 0
    outer loop
      vertex 3.48342 -11.4833 3
      vertex 2.34108 -11.7694 10
      vertex 3.48342 -11.4833 10
    endloop
  endfacet
  facet normal -0.242947 0.97004 0
    outer loop
      vertex 2.34108 -11.7694 10
      vertex 3.48342 -11.4833 3
      vertex 2.34108 -11.7694 3
    endloop
  endfacet
  facet normal -0.671558 0.740952 0
    outer loop
      vertex 8.48528 -8.48528 3
      vertex 7.61272 -9.27612 10
      vertex 8.48528 -8.48528 10
    endloop
  endfacet
  facet normal -0.671558 0.740952 0
    outer loop
      vertex 7.61272 -9.27612 10
      vertex 8.48528 -8.48528 3
      vertex 7.61272 -9.27612 3
    endloop
  endfacet
  facet normal -0.97004 0.242947 0
    outer loop
      vertex 11.4833 -3.48342 3
      vertex 11.7694 -2.34108 10
      vertex 11.7694 -2.34108 3
    endloop
  endfacet
  facet normal -0.97004 0.242947 0
    outer loop
      vertex 11.7694 -2.34108 10
      vertex 11.4833 -3.48342 3
      vertex 11.4833 -3.48342 10
    endloop
  endfacet
  facet normal 0.336869 0.941552 -0
    outer loop
      vertex -3.48342 -11.4833 3
      vertex -4.5922 -11.0866 10
      vertex -3.48342 -11.4833 10
    endloop
  endfacet
  facet normal 0.336869 0.941552 0
    outer loop
      vertex -4.5922 -11.0866 10
      vertex -3.48342 -11.4833 3
      vertex -4.5922 -11.0866 3
    endloop
  endfacet
  facet normal 0.740952 0.671558 0
    outer loop
      vertex -8.48528 -8.48528 10
      vertex -9.27612 -7.61272 3
      vertex -9.27612 -7.61272 10
    endloop
  endfacet
  facet normal 0.740952 0.671558 0
    outer loop
      vertex -9.27612 -7.61272 3
      vertex -8.48528 -8.48528 10
      vertex -8.48528 -8.48528 3
    endloop
  endfacet
  facet normal 0.803209 0.595698 0
    outer loop
      vertex -9.27612 -7.61272 10
      vertex -9.97763 -6.66684 3
      vertex -9.97763 -6.66684 10
    endloop
  endfacet
  facet normal 0.803209 0.595698 0
    outer loop
      vertex -9.97763 -6.66684 3
      vertex -9.27612 -7.61272 10
      vertex -9.27612 -7.61272 3
    endloop
  endfacet
  facet normal 0 0 1
    outer loop
      vertex 11.9422 1.17621 3
      vertex 11.9422 -1.17621 3
      vertex 12 0 3
    endloop
  endfacet
  facet normal 0 0 1
    outer loop
      vertex 11.7694 2.34108 3
      vertex 11.9422 -1.17621 3
      vertex 11.9422 1.17621 3
    endloop
  endfacet
  facet normal 0 0 1
    outer loop
      vertex 11.7694 2.34108 3
      vertex 11.7694 -2.34108 3
      vertex 11.9422 -1.17621 3
    endloop
  endfacet
  facet normal 0 0 1
    outer loop
      vertex 11.4833 3.48342 3
      vertex 11.7694 -2.34108 3
      vertex 11.7694 2.34108 3
    endloop
  endfacet
  facet normal 0 0 1
    outer loop
      vertex 11.4833 3.48342 3
      vertex 11.4833 -3.48342 3
      vertex 11.7694 -2.34108 3
    endloop
  endfacet
  facet normal 0 0 1
    outer loop
      vertex 11.0866 4.5922 3
      vertex 11.4833 -3.48342 3
      vertex 11.4833 3.48342 3
    endloop
  endfacet
  facet normal 0 0 1
    outer loop
      vertex 11.0866 4.5922 3
      vertex 11.0866 -4.5922 3
      vertex 11.4833 -3.48342 3
    endloop
  endfacet
  facet normal 0 0 1
    outer loop
      vertex 10.5831 5.65676 3
      vertex 11.0866 -4.5922 3
      vertex 11.0866 4.5922 3
    endloop
  endfacet
  facet normal 0 0 1
    outer loop
      vertex 10.5831 5.65676 3
      vertex 10.5831 -5.65676 3
      vertex 11.0866 -4.5922 3
    endloop
  endfacet
  facet normal 0 0 1
    outer loop
      vertex 9.97763 6.66684 3
      vertex 10.5831 -5.65676 3
      vertex 10.5831 5.65676 3
    endloop
  endfacet
  facet normal 0 0 1
    outer loop
      vertex 9.97763 6.66684 3
      vertex 9.97763 -6.66684 3
      vertex 10.5831 -5.65676 3
    endloop
  endfacet
  facet normal 0 0 1
    outer loop
      vertex 9.27612 7.61272 3
      vertex 9.97763 -6.66684 3
      vertex 9.97763 6.66684 3
    endloop
  endfacet
  facet normal 0 0 1
    outer loop
      vertex 9.27612 7.61272 3
      vertex 9.27612 -7.61272 3
      vertex 9.97763 -6.66684 3
    endloop
  endfacet
  facet normal 0 0 1
    outer loop
      vertex 8.48528 8.48528 3
      vertex 9.27612 -7.61272 3
      vertex 9.27612 7.61272 3
    endloop
  endfacet
  facet normal 0 0 1
    outer loop
      vertex 8.48528 8.48528 3
      vertex 8.48528 -8.48528 3
      vertex 9.27612 -7.61272 3
    endloop
  endfacet
  facet normal 0 0 1
    outer loop
      vertex 7.61272 9.27612 3
      vertex 8.48528 -8.48528 3
      vertex 8.48528 8.48528 3
    endloop
  endfacet
  facet normal 0 0 1
    outer loop
      vertex 7.61272 9.27612 3
      vertex 7.61272 -9.27612 3
      vertex 8.48528 -8.48528 3
    endloop
  endfacet
  facet normal 0 0 1
    outer loop
      vertex 6.66684 9.97763 3
      vertex 7.61272 -9.27612 3
      vertex 7.61272 9.27612 3
    endloop
  endfacet
  facet normal 0 0 1
    outer loop
      vertex 6.66684 9.97763 3
      vertex 6.66684 -9.97763 3
      vertex 7.61272 -9.27612 3
    endloop
  endfacet
  facet normal 0 0 1
    outer loop
      vertex 5.65676 10.5831 3
      vertex 6.66684 -9.97763 3
      vertex 6.66684 9.97763 3
    endloop
  endfacet
  facet normal 0 0 1
    outer loop
      vertex 5.65676 10.5831 3
      vertex 5.65676 -10.5831 3
      vertex 6.66684 -9.97763 3
    endloop
  endfacet
  facet normal 0 0 1
    outer loop
      vertex 4.5922 11.0866 3
      vertex 5.65676 -10.5831 3
      vertex 5.65676 10.5831 3
    endloop
  endfacet
  facet normal 0 0 1
    outer loop
      vertex 4.5922 11.0866 3
      vertex 4.5922 -11.0866 3
      vertex 5.65676 -10.5831 3
    endloop
  endfacet
  facet normal 0 0 1
    outer loop
      vertex 3.48342 11.4833 3
      vertex 4.5922 -11.0866 3
      vertex 4.5922 11.0866 3
    endloop
  endfacet
  facet normal 0 0 1
    outer loop
      vertex 3.48342 11.4833 3
      vertex 3.48342 -11.4833 3
      vertex 4.5922 -11.0866 3
    endloop
  endfacet
  facet normal 0 0 1
    outer loop
      vertex 2.34108 11.7694 3
      vertex 3.48342 -11.4833 3
      vertex 3.48342 11.4833 3
    endloop
  endfacet
  facet normal 0 0 1
    outer loop
      vertex 2.34108 11.7694 3
      vertex 2.34108 -11.7694 3
      vertex 3.48342 -11.4833 3
    endloop
  endfacet
  facet normal 0 0 1
    outer loop
      vertex 1.17621 11.9422 3
      vertex 2.34108 -11.7694 3
      vertex 2.34108 11.7694 3
    endloop
  endfacet
  facet normal 0 0 1
    outer loop
      vertex 1.17621 11.9422 3
      vertex 1.17621 -11.9422 3
      vertex 2.34108 -11.7694 3
    endloop
  endfacet
  facet normal 0 0 1
    outer loop
      vertex 0 12 3
      vertex 1.17621 -11.9422 3
      vertex 1.17621 11.9422 3
    endloop
  endfacet
  facet normal 0 0 1
    outer loop
      vertex 0 12 3
      vertex 0 -12 3
      vertex 1.17621 -11.9422 3
    endloop
  endfacet
  facet normal -0 0 1
    outer loop
      vertex -1.17621 11.9422 3
      vertex 0 -12 3
      vertex 0 12 3
    endloop
  endfacet
  facet normal 0 0 1
    outer loop
      vertex -1.17621 11.9422 3
      vertex -1.17621 -11.9422 3
      vertex 0 -12 3
    endloop
  endfacet
  facet normal -0 0 1
    outer loop
      vertex -2.34108 11.7694 3
      vertex -1.17621 -11.9422 3
      vertex -1.17621 11.9422 3
    endloop
  endfacet
  facet normal 0 0 1
    outer loop
      vertex -2.34108 11.7694 3
      vertex -2.34108 -11.7694 3
      vertex -1.17621 -11.9422 3
    endloop
  endfacet
  facet normal -0 0 1
    outer loop
      vertex -3.48342 11.4833 3
      vertex -2.34108 -11.7694 3
      vertex -2.34108 11.7694 3
    endloop
  endfacet
  facet normal 0 0 1
    outer loop
      vertex -3.48342 11.4833 3
      vertex -3.48342 -11.4833 3
      vertex -2.34108 -11.7694 3
    endloop
  endfacet
  facet normal -0 0 1
    outer loop
      vertex -4.5922 11.0866 3
      vertex -3.48342 -11.4833 3
      vertex -3.48342 11.4833 3
    endloop
  endfacet
  facet normal 0 0 1
    outer loop
      vertex -4.5922 11.0866 3
      vertex -4.5922 -11.0866 3
      vertex -3.48342 -11.4833 3
    endloop
  endfacet
  facet normal -0 0 1
    outer loop
      vertex -5.65676 10.5831 3
      vertex -4.5922 -11.0866 3
      vertex -4.5922 11.0866 3
    endloop
  endfacet
  facet normal 0 0 1
    outer loop
      vertex -5.65676 10.5831 3
      vertex -5.65676 -10.5831 3
      vertex -4.5922 -11.0866 3
    endloop
  endfacet
  facet normal -0 0 1
    outer loop
      vertex -6.66684 9.97763 3
      vertex -5.65676 -10.5831 3
      vertex -5.65676 10.5831 3
    endloop
  endfacet
  facet normal 0 0 1
    outer loop
      vertex -6.66684 9.97763 3
      vertex -6.66684 -9.97763 3
      vertex -5.65676 -10.5831 3
    endloop
  endfacet
  facet normal -0 0 1
    outer loop
      vertex -7.61272 9.27612 3
      vertex -6.66684 -9.97763 3
      vertex -6.66684 9.97763 3
    endloop
  endfacet
  facet normal 0 0 1
    outer loop
      vertex -7.61272 9.27612 3
      vertex -7.61272 -9.27612 3
      vertex -6.66684 -9.97763 3
    endloop
  endfacet
  facet normal -0 0 1
    outer loop
      vertex -8.48528 8.48528 3
      vertex -7.61272 -9.27612 3
      vertex -7.61272 9.27612 3
    endloop
  endfacet
  facet normal 0 0 1
    outer loop
      vertex -8.48528 8.48528 3
      vertex -8.48528 -8.48528 3
      vertex -7.61272 -9.27612 3
    endloop
  endfacet
  facet normal -0 0 1
    outer loop
      vertex -9.27612 7.61272 3
      vertex -8.48528 -8.48528 3
      vertex -8.48528 8.48528 3
    endloop
  endfacet
  facet normal 0 0 1
    outer loop
      vertex -9.27612 7.61272 3
      vertex -9.27612 -7.61272 3
      vertex -8.48528 -8.48528 3
    endloop
  endfacet
  facet normal -0 0 1
    outer loop
      vertex -9.97763 6.66684 3
      vertex -9.27612 -7.61272 3
      vertex -9.27612 7.61272 3
    endloop
  endfacet
  facet normal 0 0 1
    outer loop
      vertex -9.97763 6.66684 3
      vertex -9.97763 -6.66684 3
      vertex -9.27612 -7.61272 3
    endloop
  endfacet
  facet normal -0 0 1
    outer loop
      vertex -10.5831 5.65676 3
      vertex -9.97763 -6.66684 3
      vertex -9.97763 6.66684 3
    endloop
  endfacet
  facet normal 0 0 1
    outer loop
      vertex -10.5831 5.65676 3
      vertex -10.5831 -5.65676 3
      vertex -9.97763 -6.66684 3
    endloop
  endfacet
  facet normal -0 0 1
    outer loop
      vertex -11.0866 4.5922 3
      vertex -10.5831 -5.65676 3
      vertex -10.5831 5.65676 3
    endloop
  endfacet
  facet normal 0 0 1
    outer loop
      vertex -11.0866 4.5922 3
      vertex -11.0866 -4.5922 3
      vertex -10.5831 -5.65676 3
    endloop
  endfacet
  facet normal -0 0 1
    outer loop
      vertex -11.4833 3.48342 3
      vertex -11.0866 -4.5922 3
      vertex -11.0866 4.5922 3
    endloop
  endfacet
  facet normal 0 0 1
    outer loop
      vertex -11.4833 3.48342 3
      vertex -11.4833 -3.48342 3
      vertex -11.0866 -4.5922 3
    endloop
  endfacet
  facet normal -0 0 1
    outer loop
      vertex -11.7694 2.34108 3
      vertex -11.4833 -3.48342 3
      vertex -11.4833 3.48342 3
    endloop
  endfacet
  facet normal 0 0 1
    outer loop
      vertex -11.7694 2.34108 3
      vertex -11.7694 -2.34108 3
      vertex -11.4833 -3.48342 3
    endloop
  endfacet
  facet normal -0 0 1
    outer loop
      vertex -11.9422 1.17621 3
      vertex -11.7694 -2.34108 3
      vertex -11.7694 2.34108 3
    endloop
  endfacet
  facet normal 0 0 1
    outer loop
      vertex -11.9422 1.17621 3
      vertex -11.9422 -1.17621 3
      vertex -11.7694 -2.34108 3
    endloop
  endfacet
  facet normal 0 -0 1
    outer loop
      vertex -11.9422 -1.17621 3
      vertex -11.9422 1.17621 3
      vertex -12 0 3
    endloop
  endfacet
  facet normal -0.97004 -0.242947 0
    outer loop
      vertex 11.7694 2.34108 3
      vertex 11.4833 3.48342 10
      vertex 11.4833 3.48342 3
    endloop
  endfacet
  facet normal -0.97004 -0.242947 0
    outer loop
      vertex 11.4833 3.48342 10
      vertex 11.7694 2.34108 3
      vertex 11.7694 2.34108 10
    endloop
  endfacet
  facet normal -0.989176 -0.146737 0
    outer loop
      vertex 11.9422 1.17621 3
      vertex 11.7694 2.34108 10
      vertex 11.7694 2.34108 3
    endloop
  endfacet
  facet normal -0.989176 -0.146737 0
    outer loop
      vertex 11.7694 2.34108 10
      vertex 11.9422 1.17621 3
      vertex 11.9422 1.17621 10
    endloop
  endfacet
  facet normal -0.941552 -0.336869 0
    outer loop
      vertex 11.4833 3.48342 3
      vertex 11.0866 4.5922 10
      vertex 11.0866 4.5922 3
    endloop
  endfacet
  facet normal -0.941552 -0.336869 0
    outer loop
      vertex 11.0866 4.5922 10
      vertex 11.4833 3.48342 3
      vertex 11.4833 3.48342 10
    endloop
  endfacet
  facet normal -0.803209 -0.595698 0
    outer loop
      vertex 9.97763 6.66684 3
      vertex 9.27612 7.61272 10
      vertex 9.27612 7.61272 3
    endloop
  endfacet
  facet normal -0.803209 -0.595698 0
    outer loop
      vertex 9.27612 7.61272 10
      vertex 9.97763 6.66684 3
      vertex 9.97763 6.66684 10
    endloop
  endfacet
  facet normal -0.242947 -0.97004 0
    outer loop
      vertex 2.34108 11.7694 3
      vertex 3.48342 11.4833 10
      vertex 2.34108 11.7694 10
    endloop
  endfacet
  facet normal -0.242947 -0.97004 -0
    outer loop
      vertex 3.48342 11.4833 10
      vertex 2.34108 11.7694 3
      vertex 3.48342 11.4833 3
    endloop
  endfacet
  facet normal -0.146642 -0.98919 -0
    outer loop
      vertex 1.17621 11.9422 3.5
      vertex 1.17621 11.9422 3
      vertex 1.5 11.8942 3.5
    endloop
  endfacet
  facet normal -0.146774 -0.98917 0
    outer loop
      vertex 1.5 11.8942 3.5
      vertex 2.34108 11.7694 10
      vertex 1.5 11.8942 10
    endloop
  endfacet
  facet normal -0.146774 -0.98917 0
    outer loop
      vertex 1.5 11.8942 3.5
      vertex 2.34108 11.7694 3
      vertex 2.34108 11.7694 10
    endloop
  endfacet
  facet normal -0.146737 -0.989176 6.30969e-05
    outer loop
      vertex 2.34108 11.7694 3
      vertex 1.5 11.8942 3.5
      vertex 1.17621 11.9422 3
    endloop
  endfacet
  facet normal -0.595698 -0.803209 0
    outer loop
      vertex 6.66684 9.97763 3
      vertex 7.61272 9.27612 10
      vertex 6.66684 9.97763 10
    endloop
  endfacet
  facet normal -0.595698 -0.803209 -0
    outer loop
      vertex 7.61272 9.27612 10
      vertex 6.66684 9.97763 3
      vertex 7.61272 9.27612 3
    endloop
  endfacet
  facet normal -0.514135 -0.857709 0
    outer loop
      vertex 5.65676 10.5831 3
      vertex 6.66684 9.97763 10
      vertex 5.65676 10.5831 10
    endloop
  endfacet
  facet normal -0.514135 -0.857709 -0
    outer loop
      vertex 6.66684 9.97763 10
      vertex 5.65676 10.5831 3
      vertex 6.66684 9.97763 3
    endloop
  endfacet
  facet normal -0.671558 -0.740952 0
    outer loop
      vertex 7.61272 9.27612 3
      vertex 8.48528 8.48528 10
      vertex 7.61272 9.27612 10
    endloop
  endfacet
  facet normal -0.671558 -0.740952 -0
    outer loop
      vertex 8.48528 8.48528 10
      vertex 7.61272 9.27612 3
      vertex 8.48528 8.48528 3
    endloop
  endfacet
  facet normal 0.97004 -0.242947 0
    outer loop
      vertex -11.7694 2.34108 10
      vertex -11.4833 3.48342 3
      vertex -11.4833 3.48342 10
    endloop
  endfacet
  facet normal 0.97004 -0.242947 0
    outer loop
      vertex -11.4833 3.48342 3
      vertex -11.7694 2.34108 10
      vertex -11.7694 2.34108 3
    endloop
  endfacet
  facet normal 0.903989 -0.427556 0
    outer loop
      vertex -11.0866 4.5922 10
      vertex -10.5831 5.65676 3
      vertex -10.5831 5.65676 10
    endloop
  endfacet
  facet normal 0.903989 -0.427556 0
    outer loop
      vertex -10.5831 5.65676 3
      vertex -11.0866 4.5922 10
      vertex -11.0866 4.5922 3
    endloop
  endfacet
  facet normal 0.941552 -0.336869 0
    outer loop
      vertex -11.4833 3.48342 10
      vertex -11.0866 4.5922 3
      vertex -11.0866 4.5922 10
    endloop
  endfacet
  facet normal 0.941552 -0.336869 0
    outer loop
      vertex -11.0866 4.5922 3
      vertex -11.4833 3.48342 10
      vertex -11.4833 3.48342 3
    endloop
  endfacet
  facet normal 0.989176 -0.146737 0
    outer loop
      vertex -11.9422 1.17621 10
      vertex -11.7694 2.34108 3
      vertex -11.7694 2.34108 10
    endloop
  endfacet
  facet normal 0.989176 -0.146737 0
    outer loop
      vertex -11.7694 2.34108 3
      vertex -11.9422 1.17621 10
      vertex -11.9422 1.17621 3
    endloop
  endfacet
  facet normal 0.514135 -0.857709 0
    outer loop
      vertex -6.66684 9.97763 3
      vertex -5.65676 10.5831 10
      vertex -6.66684 9.97763 10
    endloop
  endfacet
  facet normal 0.514135 -0.857709 0
    outer loop
      vertex -5.65676 10.5831 10
      vertex -6.66684 9.97763 3
      vertex -5.65676 10.5831 3
    endloop
  endfacet
  facet normal 0.595698 -0.803209 0
    outer loop
      vertex -7.61272 9.27612 3
      vertex -6.66684 9.97763 10
      vertex -7.61272 9.27612 10
    endloop
  endfacet
  facet normal 0.595698 -0.803209 0
    outer loop
      vertex -6.66684 9.97763 10
      vertex -7.61272 9.27612 3
      vertex -6.66684 9.97763 3
    endloop
  endfacet
  facet normal 0.242947 -0.97004 0
    outer loop
      vertex -3.48342 11.4833 3
      vertex -2.34108 11.7694 10
      vertex -3.48342 11.4833 10
    endloop
  endfacet
  facet normal 0.242947 -0.97004 0
    outer loop
      vertex -2.34108 11.7694 10
      vertex -3.48342 11.4833 3
      vertex -2.34108 11.7694 3
    endloop
  endfacet
  facet normal 0.0490817 -0.998795 0
    outer loop
      vertex -1.17621 11.9422 3
      vertex 0 12 3.5
      vertex -1.17621 11.9422 3.5
    endloop
  endfacet
  facet normal 0.0490817 -0.998795 0
    outer loop
      vertex 0 12 3.5
      vertex -1.17621 11.9422 3
      vertex 0 12 3
    endloop
  endfacet
  facet normal -0.0490817 0.998795 0
    outer loop
      vertex 1.17621 -11.9422 3
      vertex 0 -12 3.5
      vertex 1.17621 -11.9422 3.5
    endloop
  endfacet
  facet normal -0.0490817 0.998795 0
    outer loop
      vertex 0 -12 3.5
      vertex 1.17621 -11.9422 3
      vertex 0 -12 3
    endloop
  endfacet
  facet normal -0.427556 0.903989 0
    outer loop
      vertex 5.65676 -10.5831 3
      vertex 4.5922 -11.0866 10
      vertex 5.65676 -10.5831 10
    endloop
  endfacet
  facet normal -0.427556 0.903989 0
    outer loop
      vertex 4.5922 -11.0866 10
      vertex 5.65676 -10.5831 3
      vertex 4.5922 -11.0866 3
    endloop
  endfacet
  facet normal -0.595698 0.803209 0
    outer loop
      vertex 7.61272 -9.27612 3
      vertex 6.66684 -9.97763 10
      vertex 7.61272 -9.27612 10
    endloop
  endfacet
  facet normal -0.595698 0.803209 0
    outer loop
      vertex 6.66684 -9.97763 10
      vertex 7.61272 -9.27612 3
      vertex 6.66684 -9.97763 3
    endloop
  endfacet
  facet normal -0.857709 0.514135 0
    outer loop
      vertex 9.97763 -6.66684 3
      vertex 10.5831 -5.65676 10
      vertex 10.5831 -5.65676 3
    endloop
  endfacet
  facet normal -0.857709 0.514135 0
    outer loop
      vertex 10.5831 -5.65676 10
      vertex 9.97763 -6.66684 3
      vertex 9.97763 -6.66684 10
    endloop
  endfacet
  facet normal 0.671558 0.740952 -0
    outer loop
      vertex -7.61272 -9.27612 3
      vertex -8.48528 -8.48528 10
      vertex -7.61272 -9.27612 10
    endloop
  endfacet
  facet normal 0.671558 0.740952 0
    outer loop
      vertex -8.48528 -8.48528 10
      vertex -7.61272 -9.27612 3
      vertex -8.48528 -8.48528 3
    endloop
  endfacet
  facet normal 0.595698 0.803209 -0
    outer loop
      vertex -6.66684 -9.97763 3
      vertex -7.61272 -9.27612 10
      vertex -6.66684 -9.97763 10
    endloop
  endfacet
  facet normal 0.595698 0.803209 0
    outer loop
      vertex -7.61272 -9.27612 10
      vertex -6.66684 -9.97763 3
      vertex -7.61272 -9.27612 3
    endloop
  endfacet
  facet normal 0.514135 0.857709 -0
    outer loop
      vertex -5.65676 -10.5831 3
      vertex -6.66684 -9.97763 10
      vertex -5.65676 -10.5831 10
    endloop
  endfacet
  facet normal 0.514135 0.857709 0
    outer loop
      vertex -6.66684 -9.97763 10
      vertex -5.65676 -10.5831 3
      vertex -6.66684 -9.97763 3
    endloop
  endfacet
  facet normal 0.146642 0.98919 0
    outer loop
      vertex -1.17621 -11.9422 3.5
      vertex -1.17621 -11.9422 3
      vertex -1.5 -11.8942 3.5
    endloop
  endfacet
  facet normal 0.146774 0.98917 -0
    outer loop
      vertex -1.5 -11.8942 3.5
      vertex -2.34108 -11.7694 10
      vertex -1.5 -11.8942 10
    endloop
  endfacet
  facet normal 0.146774 0.98917 0
    outer loop
      vertex -1.5 -11.8942 3.5
      vertex -2.34108 -11.7694 3
      vertex -2.34108 -11.7694 10
    endloop
  endfacet
  facet normal 0.146737 0.989176 6.30969e-05
    outer loop
      vertex -2.34108 -11.7694 3
      vertex -1.5 -11.8942 3.5
      vertex -1.17621 -11.9422 3
    endloop
  endfacet
  facet normal 0.903989 0.427556 0
    outer loop
      vertex -10.5831 -5.65676 10
      vertex -11.0866 -4.5922 3
      vertex -11.0866 -4.5922 10
    endloop
  endfacet
  facet normal 0.903989 0.427556 0
    outer loop
      vertex -11.0866 -4.5922 3
      vertex -10.5831 -5.65676 10
      vertex -10.5831 -5.65676 3
    endloop
  endfacet
  facet normal 0.941552 0.336869 0
    outer loop
      vertex -11.0866 -4.5922 10
      vertex -11.4833 -3.48342 3
      vertex -11.4833 -3.48342 10
    endloop
  endfacet
  facet normal 0.941552 0.336869 0
    outer loop
      vertex -11.4833 -3.48342 3
      vertex -11.0866 -4.5922 10
      vertex -11.0866 -4.5922 3
    endloop
  endfacet
  facet normal 0.998795 0.0490817 0
    outer loop
      vertex -11.9422 -1.17621 10
      vertex -12 0 3
      vertex -12 0 10
    endloop
  endfacet
  facet normal 0.998795 0.0490817 0
    outer loop
      vertex -12 0 3
      vertex -11.9422 -1.17621 10
      vertex -11.9422 -1.17621 3
    endloop
  endfacet
  facet normal -0.336869 -0.941552 0
    outer loop
      vertex 3.48342 11.4833 3
      vertex 4.5922 11.0866 10
      vertex 3.48342 11.4833 10
    endloop
  endfacet
  facet normal -0.336869 -0.941552 -0
    outer loop
      vertex 4.5922 11.0866 10
      vertex 3.48342 11.4833 3
      vertex 4.5922 11.0866 3
    endloop
  endfacet
  facet normal 0.740952 -0.671558 0
    outer loop
      vertex -9.27612 7.61272 10
      vertex -8.48528 8.48528 3
      vertex -8.48528 8.48528 10
    endloop
  endfacet
  facet normal 0.740952 -0.671558 0
    outer loop
      vertex -8.48528 8.48528 3
      vertex -9.27612 7.61272 10
      vertex -9.27612 7.61272 3
    endloop
  endfacet
  facet normal 0.427556 -0.903989 0
    outer loop
      vertex -5.65676 10.5831 3
      vertex -4.5922 11.0866 10
      vertex -5.65676 10.5831 10
    endloop
  endfacet
  facet normal 0.427556 -0.903989 0
    outer loop
      vertex -4.5922 11.0866 10
      vertex -5.65676 10.5831 3
      vertex -4.5922 11.0866 3
    endloop
  endfacet
  facet normal -0.146774 0.98917 0
    outer loop
      vertex 2.34108 -11.7694 10
      vertex 1.5 -11.8942 3.5
      vertex 1.5 -11.8942 10
    endloop
  endfacet
  facet normal -0.146774 0.98917 0
    outer loop
      vertex 2.34108 -11.7694 3
      vertex 1.5 -11.8942 3.5
      vertex 2.34108 -11.7694 10
    endloop
  endfacet
  facet normal -0.146737 0.989176 6.30969e-05
    outer loop
      vertex 1.17621 -11.9422 3
      vertex 1.5 -11.8942 3.5
      vertex 2.34108 -11.7694 3
    endloop
  endfacet
  facet normal -0.146642 0.98919 0
    outer loop
      vertex 1.5 -11.8942 3.5
      vertex 1.17621 -11.9422 3
      vertex 1.17621 -11.9422 3.5
    endloop
  endfacet
  facet normal -0.336869 0.941552 0
    outer loop
      vertex 4.5922 -11.0866 3
      vertex 3.48342 -11.4833 10
      vertex 4.5922 -11.0866 10
    endloop
  endfacet
  facet normal -0.336869 0.941552 0
    outer loop
      vertex 3.48342 -11.4833 10
      vertex 4.5922 -11.0866 3
      vertex 3.48342 -11.4833 3
    endloop
  endfacet
  facet normal -0.514135 0.857709 0
    outer loop
      vertex 6.66684 -9.97763 3
      vertex 5.65676 -10.5831 10
      vertex 6.66684 -9.97763 10
    endloop
  endfacet
  facet normal -0.514135 0.857709 0
    outer loop
      vertex 5.65676 -10.5831 10
      vertex 6.66684 -9.97763 3
      vertex 5.65676 -10.5831 3
    endloop
  endfacet
  facet normal -0.740952 0.671558 0
    outer loop
      vertex 8.48528 -8.48528 3
      vertex 9.27612 -7.61272 10
      vertex 9.27612 -7.61272 3
    endloop
  endfacet
  facet normal -0.740952 0.671558 0
    outer loop
      vertex 9.27612 -7.61272 10
      vertex 8.48528 -8.48528 3
      vertex 8.48528 -8.48528 10
    endloop
  endfacet
  facet normal -0.803209 0.595698 0
    outer loop
      vertex 9.27612 -7.61272 3
      vertex 9.97763 -6.66684 10
      vertex 9.97763 -6.66684 3
    endloop
  endfacet
  facet normal -0.803209 0.595698 0
    outer loop
      vertex 9.97763 -6.66684 10
      vertex 9.27612 -7.61272 3
      vertex 9.27612 -7.61272 10
    endloop
  endfacet
  facet normal -0.941552 0.336869 0
    outer loop
      vertex 11.0866 -4.5922 3
      vertex 11.4833 -3.48342 10
      vertex 11.4833 -3.48342 3
    endloop
  endfacet
  facet normal -0.941552 0.336869 0
    outer loop
      vertex 11.4833 -3.48342 10
      vertex 11.0866 -4.5922 3
      vertex 11.0866 -4.5922 10
    endloop
  endfacet
  facet normal -0.989176 0.146737 0
    outer loop
      vertex 11.7694 -2.34108 3
      vertex 11.9422 -1.17621 10
      vertex 11.9422 -1.17621 3
    endloop
  endfacet
  facet normal -0.989176 0.146737 0
    outer loop
      vertex 11.9422 -1.17621 10
      vertex 11.7694 -2.34108 3
      vertex 11.7694 -2.34108 10
    endloop
  endfacet
  facet normal -0.998795 0.0490817 0
    outer loop
      vertex 11.9422 -1.17621 3
      vertex 12 0 10
      vertex 12 0 3
    endloop
  endfacet
  facet normal -0.998795 0.0490817 0
    outer loop
      vertex 12 0 10
      vertex 11.9422 -1.17621 3
      vertex 11.9422 -1.17621 10
    endloop
  endfacet
  facet normal 0.427556 0.903989 -0
    outer loop
      vertex -4.5922 -11.0866 3
      vertex -5.65676 -10.5831 10
      vertex -4.5922 -11.0866 10
    endloop
  endfacet
  facet normal 0.427556 0.903989 0
    outer loop
      vertex -5.65676 -10.5831 10
      vertex -4.5922 -11.0866 3
      vertex -5.65676 -10.5831 3
    endloop
  endfacet
  facet normal 0.242947 0.97004 -0
    outer loop
      vertex -2.34108 -11.7694 3
      vertex -3.48342 -11.4833 10
      vertex -2.34108 -11.7694 10
    endloop
  endfacet
  facet normal 0.242947 0.97004 0
    outer loop
      vertex -3.48342 -11.4833 10
      vertex -2.34108 -11.7694 3
      vertex -3.48342 -11.4833 3
    endloop
  endfacet
  facet normal 0.857709 0.514135 0
    outer loop
      vertex -9.97763 -6.66684 10
      vertex -10.5831 -5.65676 3
      vertex -10.5831 -5.65676 10
    endloop
  endfacet
  facet normal 0.857709 0.514135 0
    outer loop
      vertex -10.5831 -5.65676 3
      vertex -9.97763 -6.66684 10
      vertex -9.97763 -6.66684 3
    endloop
  endfacet
  facet normal 0.989176 0.146737 0
    outer loop
      vertex -11.7694 -2.34108 10
      vertex -11.9422 -1.17621 3
      vertex -11.9422 -1.17621 10
    endloop
  endfacet
  facet normal 0.989176 0.146737 0
    outer loop
      vertex -11.9422 -1.17621 3
      vertex -11.7694 -2.34108 10
      vertex -11.7694 -2.34108 3
    endloop
  endfacet
  facet normal 1 -0 0
    outer loop
      vertex -1.5 11.8942 10
      vertex -1.5 14.9234 3.5
      vertex -1.5 14.9234 10
    endloop
  endfacet
  facet normal 1 0 0
    outer loop
      vertex -1.5 14.9234 3.5
      vertex -1.5 11.8942 10
      vertex -1.5 11.8942 3.5
    endloop
  endfacet
  facet normal 1 -0 0
    outer loop
      vertex -1.5 -14.9234 10
      vertex -1.5 -11.8942 3.5
      vertex -1.5 -11.8942 10
    endloop
  endfacet
  facet normal 1 0 0
    outer loop
      vertex -1.5 -11.8942 3.5
      vertex -1.5 -14.9234 10
      vertex -1.5 -14.9234 3.5
    endloop
  endfacet
  facet normal -1 0 0
    outer loop
      vertex 1.5 11.8942 3.5
      vertex 1.5 14.9234 10
      vertex 1.5 14.9234 3.5
    endloop
  endfacet
  facet normal -1 -0 0
    outer loop
      vertex 1.5 14.9234 10
      vertex 1.5 11.8942 3.5
      vertex 1.5 11.8942 10
    endloop
  endfacet
  facet normal -1 0 0
    outer loop
      vertex 1.5 -14.9234 3.5
      vertex 1.5 -11.8942 10
      vertex 1.5 -11.8942 3.5
    endloop
  endfacet
  facet normal -1 -0 0
    outer loop
      vertex 1.5 -11.8942 10
      vertex 1.5 -14.9234 3.5
      vertex 1.5 -14.9234 10
    endloop
  endfacet
  facet normal 0 0 1
    outer loop
      vertex 1.17621 11.9422 3.5
      vertex 1.5 14.9234 3.5
      vertex 1.47026 14.9278 3.5
    endloop
  endfacet
  facet normal 0 0 1
    outer loop
      vertex 1.5 14.9234 3.5
      vertex 1.17621 11.9422 3.5
      vertex 1.5 11.8942 3.5
    endloop
  endfacet
  facet normal 0 0 1
    outer loop
      vertex 0 15 3.5
      vertex 1.17621 11.9422 3.5
      vertex 1.47026 14.9278 3.5
    endloop
  endfacet
  facet normal 0 0 1
    outer loop
      vertex 0 15 3.5
      vertex 0 12 3.5
      vertex 1.17621 11.9422 3.5
    endloop
  endfacet
  facet normal 0 0 1
    outer loop
      vertex 0 15 3.5
      vertex -1.17621 11.9422 3.5
      vertex 0 12 3.5
    endloop
  endfacet
  facet normal -0 0 1
    outer loop
      vertex -1.47026 14.9278 3.5
      vertex -1.17621 11.9422 3.5
      vertex 0 15 3.5
    endloop
  endfacet
  facet normal -0 0 1
    outer loop
      vertex -1.5 14.9234 3.5
      vertex -1.17621 11.9422 3.5
      vertex -1.47026 14.9278 3.5
    endloop
  endfacet
  facet normal 0 0 1
    outer loop
      vertex -1.17621 11.9422 3.5
      vertex -1.5 14.9234 3.5
      vertex -1.5 11.8942 3.5
    endloop
  endfacet
  facet normal -0 0 1
    outer loop
      vertex 1.17621 -11.9422 3.5
      vertex 1.5 -14.9234 3.5
      vertex 1.5 -11.8942 3.5
    endloop
  endfacet
  facet normal 0 0 1
    outer loop
      vertex 1.5 -14.9234 3.5
      vertex 1.17621 -11.9422 3.5
      vertex 1.47026 -14.9278 3.5
    endloop
  endfacet
  facet normal -0 0 1
    outer loop
      vertex 0 -12 3.5
      vertex 1.47026 -14.9278 3.5
      vertex 1.17621 -11.9422 3.5
    endloop
  endfacet
  facet normal 0 0 1
    outer loop
      vertex 0 -12 3.5
      vertex 0 -15 3.5
      vertex 1.47026 -14.9278 3.5
    endloop
  endfacet
  facet normal 0 0 1
    outer loop
      vertex -1.17621 -11.9422 3.5
      vertex 0 -15 3.5
      vertex 0 -12 3.5
    endloop
  endfacet
  facet normal 0 0 1
    outer loop
      vertex -1.17621 -11.9422 3.5
      vertex -1.47026 -14.9278 3.5
      vertex 0 -15 3.5
    endloop
  endfacet
  facet normal 0 0 1
    outer loop
      vertex -1.5 -14.9234 3.5
      vertex -1.17621 -11.9422 3.5
      vertex -1.5 -11.8942 3.5
    endloop
  endfacet
  facet normal 0 0 1
    outer loop
      vertex -1.17621 -11.9422 3.5
      vertex -1.5 -14.9234 3.5
      vertex -1.47026 -14.9278 3.5
    endloop
  endfacet
  facet normal -0.998794 0.0490973 0
    outer loop
      vertex -16.5 0 0
      vertex -16.4205 1.61728 3
      vertex -16.4205 1.61728 0
    endloop
  endfacet
  facet normal -0.998794 0.0490973 0
    outer loop
      vertex -16.4205 1.61728 3
      vertex -16.5 0 0
      vertex -16.5 0 3
    endloop
  endfacet
  facet normal 0.0490973 0.998794 -0
    outer loop
      vertex 1.61728 16.4205 0
      vertex 0 16.5 3
      vertex 1.61728 16.4205 3
    endloop
  endfacet
  facet normal 0.0490973 0.998794 0
    outer loop
      vertex 0 16.5 3
      vertex 1.61728 16.4205 0
      vertex 0 16.5 0
    endloop
  endfacet
  facet normal 0.671547 0.740962 -0
    outer loop
      vertex 11.6673 11.6673 0
      vertex 10.4675 12.7547 3
      vertex 11.6673 11.6673 3
    endloop
  endfacet
  facet normal 0.671547 0.740962 0
    outer loop
      vertex 10.4675 12.7547 3
      vertex 11.6673 11.6673 0
      vertex 10.4675 12.7547 0
    endloop
  endfacet
  facet normal -0.671547 0.740962 0
    outer loop
      vertex -10.4675 12.7547 0
      vertex -11.6673 11.6673 3
      vertex -10.4675 12.7547 3
    endloop
  endfacet
  facet normal -0.671547 0.740962 0
    outer loop
      vertex -11.6673 11.6673 3
      vertex -10.4675 12.7547 0
      vertex -11.6673 11.6673 0
    endloop
  endfacet
  facet normal -0.336888 0.941545 0
    outer loop
      vertex -4.7897 15.7895 0
      vertex -6.31428 15.244 3
      vertex -4.7897 15.7895 3
    endloop
  endfacet
  facet normal -0.336888 0.941545 0
    outer loop
      vertex -6.31428 15.244 3
      vertex -4.7897 15.7895 0
      vertex -6.31428 15.244 0
    endloop
  endfacet
  facet normal -0.970023 -0.243014 0
    outer loop
      vertex -15.7895 -4.7897 0
      vertex -16.183 -3.21899 3
      vertex -16.183 -3.21899 0
    endloop
  endfacet
  facet normal -0.970023 -0.243014 0
    outer loop
      vertex -16.183 -3.21899 3
      vertex -15.7895 -4.7897 0
      vertex -15.7895 -4.7897 3
    endloop
  endfacet
  facet normal 0.903992 0.427549 0
    outer loop
      vertex 15.244 6.31428 3
      vertex 14.5517 7.77805 0
      vertex 14.5517 7.77805 3
    endloop
  endfacet
  facet normal 0.903992 0.427549 0
    outer loop
      vertex 14.5517 7.77805 0
      vertex 15.244 6.31428 3
      vertex 15.244 6.31428 0
    endloop
  endfacet
  facet normal 0.336888 0.941545 -0
    outer loop
      vertex 6.31428 15.244 0
      vertex 4.7897 15.7895 3
      vertex 6.31428 15.244 3
    endloop
  endfacet
  facet normal 0.336888 0.941545 0
    outer loop
      vertex 4.7897 15.7895 3
      vertex 6.31428 15.244 0
      vertex 4.7897 15.7895 0
    endloop
  endfacet
  facet normal 0.243014 0.970023 -0
    outer loop
      vertex 4.7897 15.7895 0
      vertex 3.21899 16.183 3
      vertex 4.7897 15.7895 3
    endloop
  endfacet
  facet normal 0.243014 0.970023 0
    outer loop
      vertex 3.21899 16.183 3
      vertex 4.7897 15.7895 0
      vertex 3.21899 16.183 0
    endloop
  endfacet
  facet normal -0.857715 0.514125 0
    outer loop
      vertex -14.5517 7.77805 0
      vertex -13.7192 9.16691 3
      vertex -13.7192 9.16691 0
    endloop
  endfacet
  facet normal -0.857715 0.514125 0
    outer loop
      vertex -13.7192 9.16691 3
      vertex -14.5517 7.77805 0
      vertex -14.5517 7.77805 3
    endloop
  endfacet
  facet normal -0.803232 0.595666 0
    outer loop
      vertex -13.7192 9.16691 0
      vertex -12.7547 10.4675 3
      vertex -12.7547 10.4675 0
    endloop
  endfacet
  facet normal -0.803232 0.595666 0
    outer loop
      vertex -12.7547 10.4675 3
      vertex -13.7192 9.16691 0
      vertex -13.7192 9.16691 3
    endloop
  endfacet
  facet normal -0.146675 0.989185 0
    outer loop
      vertex -1.61728 16.4205 0
      vertex -3.21899 16.183 3
      vertex -1.61728 16.4205 3
    endloop
  endfacet
  facet normal -0.146675 0.989185 0
    outer loop
      vertex -3.21899 16.183 3
      vertex -1.61728 16.4205 0
      vertex -3.21899 16.183 0
    endloop
  endfacet
  facet normal 0.903992 -0.427549 0
    outer loop
      vertex 14.5517 -7.77805 3
      vertex 15.244 -6.31428 0
      vertex 15.244 -6.31428 3
    endloop
  endfacet
  facet normal 0.903992 -0.427549 0
    outer loop
      vertex 15.244 -6.31428 0
      vertex 14.5517 -7.77805 3
      vertex 14.5517 -7.77805 0
    endloop
  endfacet
  facet normal 0.336888 -0.941545 0
    outer loop
      vertex 4.7897 -15.7895 0
      vertex 6.31428 -15.244 3
      vertex 4.7897 -15.7895 3
    endloop
  endfacet
  facet normal 0.336888 -0.941545 0
    outer loop
      vertex 6.31428 -15.244 3
      vertex 4.7897 -15.7895 0
      vertex 6.31428 -15.244 0
    endloop
  endfacet
  facet normal 0.740962 -0.671547 0
    outer loop
      vertex 11.6673 -11.6673 3
      vertex 12.7547 -10.4675 0
      vertex 12.7547 -10.4675 3
    endloop
  endfacet
  facet normal 0.740962 -0.671547 0
    outer loop
      vertex 12.7547 -10.4675 0
      vertex 11.6673 -11.6673 3
      vertex 11.6673 -11.6673 0
    endloop
  endfacet
  facet normal 0.970034 -0.242969 0
    outer loop
      vertex 15.7895 -4.7897 3
      vertex 15.9873 -4 0
      vertex 15.9873 -4 3
    endloop
  endfacet
  facet normal 0.970034 -0.242969 0
    outer loop
      vertex 15.9873 -4 0
      vertex 15.7895 -4.7897 3
      vertex 15.7895 -4.7897 0
    endloop
  endfacet
  facet normal -0.336888 -0.941545 0
    outer loop
      vertex -6.31428 -15.244 0
      vertex -4.7897 -15.7895 3
      vertex -6.31428 -15.244 3
    endloop
  endfacet
  facet normal -0.336888 -0.941545 -0
    outer loop
      vertex -4.7897 -15.7895 3
      vertex -6.31428 -15.244 0
      vertex -4.7897 -15.7895 0
    endloop
  endfacet
  facet normal -0.803232 -0.595666 0
    outer loop
      vertex -12.7547 -10.4675 0
      vertex -13.7192 -9.16691 3
      vertex -13.7192 -9.16691 0
    endloop
  endfacet
  facet normal -0.803232 -0.595666 0
    outer loop
      vertex -13.7192 -9.16691 3
      vertex -12.7547 -10.4675 0
      vertex -12.7547 -10.4675 3
    endloop
  endfacet
  facet normal 0.970034 0.242969 0
    outer loop
      vertex 15.9873 4 3
      vertex 15.7895 4.7897 0
      vertex 15.7895 4.7897 3
    endloop
  endfacet
  facet normal 0.970034 0.242969 0
    outer loop
      vertex 15.7895 4.7897 0
      vertex 15.9873 4 3
      vertex 15.9873 4 0
    endloop
  endfacet
  facet normal 0.941545 0.336888 0
    outer loop
      vertex 15.7895 4.7897 3
      vertex 15.244 6.31428 0
      vertex 15.244 6.31428 3
    endloop
  endfacet
  facet normal 0.941545 0.336888 0
    outer loop
      vertex 15.244 6.31428 0
      vertex 15.7895 4.7897 3
      vertex 15.7895 4.7897 0
    endloop
  endfacet
  facet normal 0.803232 0.595666 0
    outer loop
      vertex 13.7192 9.16691 3
      vertex 12.7547 10.4675 0
      vertex 12.7547 10.4675 3
    endloop
  endfacet
  facet normal 0.803232 0.595666 0
    outer loop
      vertex 12.7547 10.4675 0
      vertex 13.7192 9.16691 3
      vertex 13.7192 9.16691 0
    endloop
  endfacet
  facet normal 0.740962 0.671547 0
    outer loop
      vertex 12.7547 10.4675 3
      vertex 11.6673 11.6673 0
      vertex 11.6673 11.6673 3
    endloop
  endfacet
  facet normal 0.740962 0.671547 0
    outer loop
      vertex 11.6673 11.6673 0
      vertex 12.7547 10.4675 3
      vertex 12.7547 10.4675 0
    endloop
  endfacet
  facet normal 0.857715 0.514125 0
    outer loop
      vertex 14.5517 7.77805 3
      vertex 13.7192 9.16691 0
      vertex 13.7192 9.16691 3
    endloop
  endfacet
  facet normal 0.857715 0.514125 0
    outer loop
      vertex 13.7192 9.16691 0
      vertex 14.5517 7.77805 3
      vertex 14.5517 7.77805 0
    endloop
  endfacet
  facet normal 0.146675 0.989185 -0
    outer loop
      vertex 3.21899 16.183 0
      vertex 1.61728 16.4205 3
      vertex 3.21899 16.183 3
    endloop
  endfacet
  facet normal 0.146675 0.989185 0
    outer loop
      vertex 1.61728 16.4205 3
      vertex 3.21899 16.183 0
      vertex 1.61728 16.4205 0
    endloop
  endfacet
  facet normal 0.514125 0.857715 -0
    outer loop
      vertex 9.16691 13.7192 0
      vertex 7.77805 14.5517 3
      vertex 9.16691 13.7192 3
    endloop
  endfacet
  facet normal 0.514125 0.857715 0
    outer loop
      vertex 7.77805 14.5517 3
      vertex 9.16691 13.7192 0
      vertex 7.77805 14.5517 0
    endloop
  endfacet
  facet normal 0.427549 0.903992 -0
    outer loop
      vertex 7.77805 14.5517 0
      vertex 6.31428 15.244 3
      vertex 7.77805 14.5517 3
    endloop
  endfacet
  facet normal 0.427549 0.903992 0
    outer loop
      vertex 6.31428 15.244 3
      vertex 7.77805 14.5517 0
      vertex 6.31428 15.244 0
    endloop
  endfacet
  facet normal 0.595666 0.803232 -0
    outer loop
      vertex 10.4675 12.7547 0
      vertex 9.16691 13.7192 3
      vertex 10.4675 12.7547 3
    endloop
  endfacet
  facet normal 0.595666 0.803232 0
    outer loop
      vertex 9.16691 13.7192 3
      vertex 10.4675 12.7547 0
      vertex 9.16691 13.7192 0
    endloop
  endfacet
  facet normal -0.970023 0.243014 0
    outer loop
      vertex -16.183 3.21899 0
      vertex -15.7895 4.7897 3
      vertex -15.7895 4.7897 0
    endloop
  endfacet
  facet normal -0.970023 0.243014 0
    outer loop
      vertex -15.7895 4.7897 3
      vertex -16.183 3.21899 0
      vertex -16.183 3.21899 3
    endloop
  endfacet
  facet normal -0.903992 0.427549 0
    outer loop
      vertex -15.244 6.31428 0
      vertex -14.5517 7.77805 3
      vertex -14.5517 7.77805 0
    endloop
  endfacet
  facet normal -0.903992 0.427549 0
    outer loop
      vertex -14.5517 7.77805 3
      vertex -15.244 6.31428 0
      vertex -15.244 6.31428 3
    endloop
  endfacet
  facet normal -0.989185 0.146675 0
    outer loop
      vertex -16.4205 1.61728 0
      vertex -16.183 3.21899 3
      vertex -16.183 3.21899 0
    endloop
  endfacet
  facet normal -0.989185 0.146675 0
    outer loop
      vertex -16.183 3.21899 3
      vertex -16.4205 1.61728 0
      vertex -16.4205 1.61728 3
    endloop
  endfacet
  facet normal 0 0 1
    outer loop
      vertex 14.3541 4.35427 3
      vertex 15.7895 4.7897 3
      vertex 15.244 6.31428 3
    endloop
  endfacet
  facet normal 0 0 1
    outer loop
      vertex 13.8582 5.74025 3
      vertex 15.244 6.31428 3
      vertex 14.5517 7.77805 3
    endloop
  endfacet
  facet normal 0 -0 1
    outer loop
      vertex 14.3541 4.35427 3
      vertex 15.244 6.31428 3
      vertex 13.8582 5.74025 3
    endloop
  endfacet
  facet normal 0 0 1
    outer loop
      vertex 15.7895 4.7897 3
      vertex 14.4428 4 3
      vertex 15.9873 4 3
    endloop
  endfacet
  facet normal 0 -0 1
    outer loop
      vertex 14.4428 4 3
      vertex 15.7895 4.7897 3
      vertex 14.3541 4.35427 3
    endloop
  endfacet
  facet normal 0 0 1
    outer loop
      vertex 13.2288 7.07095 3
      vertex 14.5517 7.77805 3
      vertex 13.7192 9.16691 3
    endloop
  endfacet
  facet normal 0 0 1
    outer loop
      vertex 14.5517 7.77805 3
      vertex 13.2288 7.07095 3
      vertex 13.8582 5.74025 3
    endloop
  endfacet
  facet normal 0 0 1
    outer loop
      vertex 12.472 8.33355 3
      vertex 13.7192 9.16691 3
      vertex 12.7547 10.4675 3
    endloop
  endfacet
  facet normal 0 0 1
    outer loop
      vertex 13.7192 9.16691 3
      vertex 12.472 8.33355 3
      vertex 13.2288 7.07095 3
    endloop
  endfacet
  facet normal 0 0 1
    outer loop
      vertex 11.5952 9.5159 3
      vertex 12.7547 10.4675 3
      vertex 11.6673 11.6673 3
    endloop
  endfacet
  facet normal 0 0 1
    outer loop
      vertex 12.7547 10.4675 3
      vertex 11.5952 9.5159 3
      vertex 12.472 8.33355 3
    endloop
  endfacet
  facet normal 0 0 1
    outer loop
      vertex 11.6673 11.6673 3
      vertex 10.6066 10.6066 3
      vertex 11.5952 9.5159 3
    endloop
  endfacet
  facet normal 0 0 1
    outer loop
      vertex 10.4675 12.7547 3
      vertex 10.6066 10.6066 3
      vertex 11.6673 11.6673 3
    endloop
  endfacet
  facet normal 0 0 1
    outer loop
      vertex 10.4675 12.7547 3
      vertex 9.5159 11.5952 3
      vertex 10.6066 10.6066 3
    endloop
  endfacet
  facet normal 0 0 1
    outer loop
      vertex 9.16691 13.7192 3
      vertex 9.5159 11.5952 3
      vertex 10.4675 12.7547 3
    endloop
  endfacet
  facet normal 0 0 1
    outer loop
      vertex 9.16691 13.7192 3
      vertex 8.33355 12.472 3
      vertex 9.5159 11.5952 3
    endloop
  endfacet
  facet normal 0 0 1
    outer loop
      vertex 7.77805 14.5517 3
      vertex 8.33355 12.472 3
      vertex 9.16691 13.7192 3
    endloop
  endfacet
  facet normal 0 0 1
    outer loop
      vertex 7.77805 14.5517 3
      vertex 7.07095 13.2288 3
      vertex 8.33355 12.472 3
    endloop
  endfacet
  facet normal 0 0 1
    outer loop
      vertex 6.31428 15.244 3
      vertex 7.07095 13.2288 3
      vertex 7.77805 14.5517 3
    endloop
  endfacet
  facet normal 0 0 1
    outer loop
      vertex 6.31428 15.244 3
      vertex 5.74025 13.8582 3
      vertex 7.07095 13.2288 3
    endloop
  endfacet
  facet normal 0 0 1
    outer loop
      vertex 4.7897 15.7895 3
      vertex 5.74025 13.8582 3
      vertex 6.31428 15.244 3
    endloop
  endfacet
  facet normal 0 0 1
    outer loop
      vertex 4.7897 15.7895 3
      vertex 4.35427 14.3541 3
      vertex 5.74025 13.8582 3
    endloop
  endfacet
  facet normal 0 0 1
    outer loop
      vertex 3.21899 16.183 3
      vertex 4.35427 14.3541 3
      vertex 4.7897 15.7895 3
    endloop
  endfacet
  facet normal 0 0 1
    outer loop
      vertex 3.21899 16.183 3
      vertex 2.92635 14.7118 3
      vertex 4.35427 14.3541 3
    endloop
  endfacet
  facet normal 0 0 1
    outer loop
      vertex 1.61728 16.4205 3
      vertex 2.92635 14.7118 3
      vertex 3.21899 16.183 3
    endloop
  endfacet
  facet normal 0 0 1
    outer loop
      vertex 1.61728 16.4205 3
      vertex 1.47026 14.9278 3
      vertex 2.92635 14.7118 3
    endloop
  endfacet
  facet normal 0 0 1
    outer loop
      vertex 0 16.5 3
      vertex 1.47026 14.9278 3
      vertex 1.61728 16.4205 3
    endloop
  endfacet
  facet normal 0 0 1
    outer loop
      vertex 0 16.5 3
      vertex 0 15 3
      vertex 1.47026 14.9278 3
    endloop
  endfacet
  facet normal 0 0 1
    outer loop
      vertex 0 16.5 3
      vertex -1.47026 14.9278 3
      vertex 0 15 3
    endloop
  endfacet
  facet normal -0 0 1
    outer loop
      vertex -1.61728 16.4205 3
      vertex -1.47026 14.9278 3
      vertex 0 16.5 3
    endloop
  endfacet
  facet normal 0 0 1
    outer loop
      vertex -1.61728 16.4205 3
      vertex -2.92635 14.7118 3
      vertex -1.47026 14.9278 3
    endloop
  endfacet
  facet normal -0 0 1
    outer loop
      vertex -3.21899 16.183 3
      vertex -2.92635 14.7118 3
      vertex -1.61728 16.4205 3
    endloop
  endfacet
  facet normal 0 0 1
    outer loop
      vertex -3.21899 16.183 3
      vertex -4.35427 14.3541 3
      vertex -2.92635 14.7118 3
    endloop
  endfacet
  facet normal -0 0 1
    outer loop
      vertex -4.7897 15.7895 3
      vertex -4.35427 14.3541 3
      vertex -3.21899 16.183 3
    endloop
  endfacet
  facet normal 0 0 1
    outer loop
      vertex -4.7897 15.7895 3
      vertex -5.74025 13.8582 3
      vertex -4.35427 14.3541 3
    endloop
  endfacet
  facet normal -0 0 1
    outer loop
      vertex -6.31428 15.244 3
      vertex -5.74025 13.8582 3
      vertex -4.7897 15.7895 3
    endloop
  endfacet
  facet normal 0 0 1
    outer loop
      vertex -6.31428 15.244 3
      vertex -7.07095 13.2288 3
      vertex -5.74025 13.8582 3
    endloop
  endfacet
  facet normal -0 0 1
    outer loop
      vertex -7.77805 14.5517 3
      vertex -7.07095 13.2288 3
      vertex -6.31428 15.244 3
    endloop
  endfacet
  facet normal 0 0 1
    outer loop
      vertex -7.77805 14.5517 3
      vertex -8.33355 12.472 3
      vertex -7.07095 13.2288 3
    endloop
  endfacet
  facet normal -0 0 1
    outer loop
      vertex -9.16691 13.7192 3
      vertex -8.33355 12.472 3
      vertex -7.77805 14.5517 3
    endloop
  endfacet
  facet normal 0 0 1
    outer loop
      vertex -9.16691 13.7192 3
      vertex -9.5159 11.5952 3
      vertex -8.33355 12.472 3
    endloop
  endfacet
  facet normal -0 0 1
    outer loop
      vertex -10.4675 12.7547 3
      vertex -9.5159 11.5952 3
      vertex -9.16691 13.7192 3
    endloop
  endfacet
  facet normal 0 0 1
    outer loop
      vertex -10.4675 12.7547 3
      vertex -10.6066 10.6066 3
      vertex -9.5159 11.5952 3
    endloop
  endfacet
  facet normal -0 0 1
    outer loop
      vertex -11.6673 11.6673 3
      vertex -10.6066 10.6066 3
      vertex -10.4675 12.7547 3
    endloop
  endfacet
  facet normal 0 0 1
    outer loop
      vertex -10.6066 10.6066 3
      vertex -11.6673 11.6673 3
      vertex -11.5952 9.5159 3
    endloop
  endfacet
  facet normal -0 0 1
    outer loop
      vertex -12.7547 10.4675 3
      vertex -11.5952 9.5159 3
      vertex -11.6673 11.6673 3
    endloop
  endfacet
  facet normal 0 0 1
    outer loop
      vertex -11.5952 9.5159 3
      vertex -12.7547 10.4675 3
      vertex -12.472 8.33355 3
    endloop
  endfacet
  facet normal -0 0 1
    outer loop
      vertex -13.7192 9.16691 3
      vertex -12.472 8.33355 3
      vertex -12.7547 10.4675 3
    endloop
  endfacet
  facet normal 0 0 1
    outer loop
      vertex -12.472 8.33355 3
      vertex -13.7192 9.16691 3
      vertex -13.2288 7.07095 3
    endloop
  endfacet
  facet normal -0 0 1
    outer loop
      vertex -14.5517 7.77805 3
      vertex -13.2288 7.07095 3
      vertex -13.7192 9.16691 3
    endloop
  endfacet
  facet normal 0 0 1
    outer loop
      vertex -13.2288 7.07095 3
      vertex -14.5517 7.77805 3
      vertex -13.8582 5.74025 3
    endloop
  endfacet
  facet normal -0 0 1
    outer loop
      vertex -15.244 6.31428 3
      vertex -13.8582 5.74025 3
      vertex -14.5517 7.77805 3
    endloop
  endfacet
  facet normal 0 0 1
    outer loop
      vertex -13.8582 5.74025 3
      vertex -15.244 6.31428 3
      vertex -14.3541 4.35427 3
    endloop
  endfacet
  facet normal -0 0 1
    outer loop
      vertex -15.7895 4.7897 3
      vertex -14.3541 4.35427 3
      vertex -15.244 6.31428 3
    endloop
  endfacet
  facet normal -0 0 1
    outer loop
      vertex -16.183 3.21899 3
      vertex -14.7118 2.92635 3
      vertex -15.7895 4.7897 3
    endloop
  endfacet
  facet normal 0 0 1
    outer loop
      vertex -14.3541 4.35427 3
      vertex -15.7895 4.7897 3
      vertex -14.7118 2.92635 3
    endloop
  endfacet
  facet normal -0 0 1
    outer loop
      vertex 14.4428 -4 3
      vertex 15.7895 -4.7897 3
      vertex 15.9873 -4 3
    endloop
  endfacet
  facet normal 0 0 1
    outer loop
      vertex 15.7895 -4.7897 3
      vertex 14.3541 -4.35427 3
      vertex 15.244 -6.31428 3
    endloop
  endfacet
  facet normal 0 0 1
    outer loop
      vertex 15.7895 -4.7897 3
      vertex 14.4428 -4 3
      vertex 14.3541 -4.35427 3
    endloop
  endfacet
  facet normal 0 0 1
    outer loop
      vertex 15.244 -6.31428 3
      vertex 14.3541 -4.35427 3
      vertex 13.8582 -5.74025 3
    endloop
  endfacet
  facet normal 0 0 1
    outer loop
      vertex 15.244 -6.31428 3
      vertex 13.8582 -5.74025 3
      vertex 14.5517 -7.77805 3
    endloop
  endfacet
  facet normal -0 0 1
    outer loop
      vertex 13.2288 -7.07095 3
      vertex 14.5517 -7.77805 3
      vertex 13.8582 -5.74025 3
    endloop
  endfacet
  facet normal 0 0 1
    outer loop
      vertex 14.5517 -7.77805 3
      vertex 13.2288 -7.07095 3
      vertex 13.7192 -9.16691 3
    endloop
  endfacet
  facet normal -0 0 1
    outer loop
      vertex 12.472 -8.33355 3
      vertex 13.7192 -9.16691 3
      vertex 13.2288 -7.07095 3
    endloop
  endfacet
  facet normal 0 0 1
    outer loop
      vertex 13.7192 -9.16691 3
      vertex 12.472 -8.33355 3
      vertex 12.7547 -10.4675 3
    endloop
  endfacet
  facet normal -0 0 1
    outer loop
      vertex 11.5952 -9.5159 3
      vertex 12.7547 -10.4675 3
      vertex 12.472 -8.33355 3
    endloop
  endfacet
  facet normal 0 0 1
    outer loop
      vertex 12.7547 -10.4675 3
      vertex 11.5952 -9.5159 3
      vertex 11.6673 -11.6673 3
    endloop
  endfacet
  facet normal -0 0 1
    outer loop
      vertex 10.6066 -10.6066 3
      vertex 11.6673 -11.6673 3
      vertex 11.5952 -9.5159 3
    endloop
  endfacet
  facet normal 0 0 1
    outer loop
      vertex 10.6066 -10.6066 3
      vertex 10.4675 -12.7547 3
      vertex 11.6673 -11.6673 3
    endloop
  endfacet
  facet normal -0 0 1
    outer loop
      vertex 9.5159 -11.5952 3
      vertex 10.4675 -12.7547 3
      vertex 10.6066 -10.6066 3
    endloop
  endfacet
  facet normal 0 0 1
    outer loop
      vertex 9.5159 -11.5952 3
      vertex 9.16691 -13.7192 3
      vertex 10.4675 -12.7547 3
    endloop
  endfacet
  facet normal -0 0 1
    outer loop
      vertex 8.33355 -12.472 3
      vertex 9.16691 -13.7192 3
      vertex 9.5159 -11.5952 3
    endloop
  endfacet
  facet normal 0 0 1
    outer loop
      vertex 8.33355 -12.472 3
      vertex 7.77805 -14.5517 3
      vertex 9.16691 -13.7192 3
    endloop
  endfacet
  facet normal -0 0 1
    outer loop
      vertex 7.07095 -13.2288 3
      vertex 7.77805 -14.5517 3
      vertex 8.33355 -12.472 3
    endloop
  endfacet
  facet normal 0 0 1
    outer loop
      vertex 7.07095 -13.2288 3
      vertex 6.31428 -15.244 3
      vertex 7.77805 -14.5517 3
    endloop
  endfacet
  facet normal -0 0 1
    outer loop
      vertex 5.74025 -13.8582 3
      vertex 6.31428 -15.244 3
      vertex 7.07095 -13.2288 3
    endloop
  endfacet
  facet normal 0 0 1
    outer loop
      vertex 5.74025 -13.8582 3
      vertex 4.7897 -15.7895 3
      vertex 6.31428 -15.244 3
    endloop
  endfacet
  facet normal -0 0 1
    outer loop
      vertex 4.35427 -14.3541 3
      vertex 4.7897 -15.7895 3
      vertex 5.74025 -13.8582 3
    endloop
  endfacet
  facet normal 0 0 1
    outer loop
      vertex 4.35427 -14.3541 3
      vertex 3.21899 -16.183 3
      vertex 4.7897 -15.7895 3
    endloop
  endfacet
  facet normal -0 0 1
    outer loop
      vertex 2.92635 -14.7118 3
      vertex 3.21899 -16.183 3
      vertex 4.35427 -14.3541 3
    endloop
  endfacet
  facet normal 0 0 1
    outer loop
      vertex 2.92635 -14.7118 3
      vertex 1.61728 -16.4205 3
      vertex 3.21899 -16.183 3
    endloop
  endfacet
  facet normal -0 0 1
    outer loop
      vertex 1.47026 -14.9278 3
      vertex 1.61728 -16.4205 3
      vertex 2.92635 -14.7118 3
    endloop
  endfacet
  facet normal -0 0 1
    outer loop
      vertex 0 -15 3
      vertex 1.61728 -16.4205 3
      vertex 1.47026 -14.9278 3
    endloop
  endfacet
  facet normal 0 0 1
    outer loop
      vertex 0 -15 3
      vertex 0 -16.5 3
      vertex 1.61728 -16.4205 3
    endloop
  endfacet
  facet normal 0 0 1
    outer loop
      vertex -1.47026 -14.9278 3
      vertex 0 -16.5 3
      vertex 0 -15 3
    endloop
  endfacet
  facet normal 0 0 1
    outer loop
      vertex -1.47026 -14.9278 3
      vertex -1.61728 -16.4205 3
      vertex 0 -16.5 3
    endloop
  endfacet
  facet normal 0 0 1
    outer loop
      vertex -2.92635 -14.7118 3
      vertex -1.61728 -16.4205 3
      vertex -1.47026 -14.9278 3
    endloop
  endfacet
  facet normal 0 0 1
    outer loop
      vertex -2.92635 -14.7118 3
      vertex -3.21899 -16.183 3
      vertex -1.61728 -16.4205 3
    endloop
  endfacet
  facet normal 0 0 1
    outer loop
      vertex -4.35427 -14.3541 3
      vertex -3.21899 -16.183 3
      vertex -2.92635 -14.7118 3
    endloop
  endfacet
  facet normal 0 0 1
    outer loop
      vertex -4.35427 -14.3541 3
      vertex -4.7897 -15.7895 3
      vertex -3.21899 -16.183 3
    endloop
  endfacet
  facet normal 0 0 1
    outer loop
      vertex -5.74025 -13.8582 3
      vertex -4.7897 -15.7895 3
      vertex -4.35427 -14.3541 3
    endloop
  endfacet
  facet normal 0 0 1
    outer loop
      vertex -5.74025 -13.8582 3
      vertex -6.31428 -15.244 3
      vertex -4.7897 -15.7895 3
    endloop
  endfacet
  facet normal 0 0 1
    outer loop
      vertex -7.07095 -13.2288 3
      vertex -6.31428 -15.244 3
      vertex -5.74025 -13.8582 3
    endloop
  endfacet
  facet normal 0 0 1
    outer loop
      vertex -7.07095 -13.2288 3
      vertex -7.77805 -14.5517 3
      vertex -6.31428 -15.244 3
    endloop
  endfacet
  facet normal 0 0 1
    outer loop
      vertex -8.33355 -12.472 3
      vertex -7.77805 -14.5517 3
      vertex -7.07095 -13.2288 3
    endloop
  endfacet
  facet normal 0 0 1
    outer loop
      vertex -8.33355 -12.472 3
      vertex -9.16691 -13.7192 3
      vertex -7.77805 -14.5517 3
    endloop
  endfacet
  facet normal 0 0 1
    outer loop
      vertex -9.5159 -11.5952 3
      vertex -9.16691 -13.7192 3
      vertex -8.33355 -12.472 3
    endloop
  endfacet
  facet normal 0 0 1
    outer loop
      vertex -9.5159 -11.5952 3
      vertex -10.4675 -12.7547 3
      vertex -9.16691 -13.7192 3
    endloop
  endfacet
  facet normal 0 0 1
    outer loop
      vertex -10.6066 -10.6066 3
      vertex -10.4675 -12.7547 3
      vertex -9.5159 -11.5952 3
    endloop
  endfacet
  facet normal 0 0 1
    outer loop
      vertex -11.6673 -11.6673 3
      vertex -10.6066 -10.6066 3
      vertex -11.5952 -9.5159 3
    endloop
  endfacet
  facet normal 0 0 1
    outer loop
      vertex -10.6066 -10.6066 3
      vertex -11.6673 -11.6673 3
      vertex -10.4675 -12.7547 3
    endloop
  endfacet
  facet normal 0 0 1
    outer loop
      vertex -12.7547 -10.4675 3
      vertex -11.5952 -9.5159 3
      vertex -12.472 -8.33355 3
    endloop
  endfacet
  facet normal 0 0 1
    outer loop
      vertex -11.5952 -9.5159 3
      vertex -12.7547 -10.4675 3
      vertex -11.6673 -11.6673 3
    endloop
  endfacet
  facet normal 0 0 1
    outer loop
      vertex -13.7192 -9.16691 3
      vertex -12.472 -8.33355 3
      vertex -13.2288 -7.07095 3
    endloop
  endfacet
  facet normal 0 0 1
    outer loop
      vertex -12.472 -8.33355 3
      vertex -13.7192 -9.16691 3
      vertex -12.7547 -10.4675 3
    endloop
  endfacet
  facet normal 0 0 1
    outer loop
      vertex -14.5517 -7.77805 3
      vertex -13.2288 -7.07095 3
      vertex -13.8582 -5.74025 3
    endloop
  endfacet
  facet normal 0 0 1
    outer loop
      vertex -15.244 -6.31428 3
      vertex -13.8582 -5.74025 3
      vertex -14.3541 -4.35427 3
    endloop
  endfacet
  facet normal 0 0 1
    outer loop
      vertex -13.2288 -7.07095 3
      vertex -14.5517 -7.77805 3
      vertex -13.7192 -9.16691 3
    endloop
  endfacet
  facet normal 0 0 1
    outer loop
      vertex -15.7895 -4.7897 3
      vertex -14.3541 -4.35427 3
      vertex -14.7118 -2.92635 3
    endloop
  endfacet
  facet normal 0 0 1
    outer loop
      vertex -16.183 -3.21899 3
      vertex -14.7118 -2.92635 3
      vertex -14.9278 -1.47026 3
    endloop
  endfacet
  facet normal 0 0 1
    outer loop
      vertex -13.8582 -5.74025 3
      vertex -15.244 -6.31428 3
      vertex -14.5517 -7.77805 3
    endloop
  endfacet
  facet normal 0 0 1
    outer loop
      vertex -16.4205 -1.61728 3
      vertex -14.9278 -1.47026 3
      vertex -15 0 3
    endloop
  endfacet
  facet normal 0 0 1
    outer loop
      vertex -14.7118 2.92635 3
      vertex -16.183 3.21899 3
      vertex -14.9278 1.47026 3
    endloop
  endfacet
  facet normal -0 0 1
    outer loop
      vertex -16.4205 1.61728 3
      vertex -14.9278 1.47026 3
      vertex -16.183 3.21899 3
    endloop
  endfacet
  facet normal 0 0 1
    outer loop
      vertex -14.3541 -4.35427 3
      vertex -15.7895 -4.7897 3
      vertex -15.244 -6.31428 3
    endloop
  endfacet
  facet normal 0 0 1
    outer loop
      vertex -14.9278 1.47026 3
      vertex -16.4205 1.61728 3
      vertex -15 0 3
    endloop
  endfacet
  facet normal 0 0 1
    outer loop
      vertex -14.7118 -2.92635 3
      vertex -16.183 -3.21899 3
      vertex -15.7895 -4.7897 3
    endloop
  endfacet
  facet normal 0 0 1
    outer loop
      vertex -16.5 0 3
      vertex -15 0 3
      vertex -16.4205 1.61728 3
    endloop
  endfacet
  facet normal 0 0 1
    outer loop
      vertex -14.9278 -1.47026 3
      vertex -16.4205 -1.61728 3
      vertex -16.183 -3.21899 3
    endloop
  endfacet
  facet normal 0 0 1
    outer loop
      vertex -15 0 3
      vertex -16.5 0 3
      vertex -16.4205 -1.61728 3
    endloop
  endfacet
  facet normal -0.514125 0.857715 0
    outer loop
      vertex -7.77805 14.5517 0
      vertex -9.16691 13.7192 3
      vertex -7.77805 14.5517 3
    endloop
  endfacet
  facet normal -0.514125 0.857715 0
    outer loop
      vertex -9.16691 13.7192 3
      vertex -7.77805 14.5517 0
      vertex -9.16691 13.7192 0
    endloop
  endfacet
  facet normal -0.0490973 0.998794 0
    outer loop
      vertex 0 16.5 0
      vertex -1.61728 16.4205 3
      vertex 0 16.5 3
    endloop
  endfacet
  facet normal -0.0490973 0.998794 0
    outer loop
      vertex -1.61728 16.4205 3
      vertex 0 16.5 0
      vertex -1.61728 16.4205 0
    endloop
  endfacet
  facet normal 0.514125 -0.857715 0
    outer loop
      vertex 7.77805 -14.5517 0
      vertex 9.16691 -13.7192 3
      vertex 7.77805 -14.5517 3
    endloop
  endfacet
  facet normal 0.514125 -0.857715 0
    outer loop
      vertex 9.16691 -13.7192 3
      vertex 7.77805 -14.5517 0
      vertex 9.16691 -13.7192 0
    endloop
  endfacet
  facet normal 0.671547 -0.740962 0
    outer loop
      vertex 10.4675 -12.7547 0
      vertex 11.6673 -11.6673 3
      vertex 10.4675 -12.7547 3
    endloop
  endfacet
  facet normal 0.671547 -0.740962 0
    outer loop
      vertex 11.6673 -11.6673 3
      vertex 10.4675 -12.7547 0
      vertex 11.6673 -11.6673 0
    endloop
  endfacet
  facet normal 0.595666 -0.803232 0
    outer loop
      vertex 9.16691 -13.7192 0
      vertex 10.4675 -12.7547 3
      vertex 9.16691 -13.7192 3
    endloop
  endfacet
  facet normal 0.595666 -0.803232 0
    outer loop
      vertex 10.4675 -12.7547 3
      vertex 9.16691 -13.7192 0
      vertex 10.4675 -12.7547 0
    endloop
  endfacet
  facet normal 0.803232 -0.595666 0
    outer loop
      vertex 12.7547 -10.4675 3
      vertex 13.7192 -9.16691 0
      vertex 13.7192 -9.16691 3
    endloop
  endfacet
  facet normal 0.803232 -0.595666 0
    outer loop
      vertex 13.7192 -9.16691 0
      vertex 12.7547 -10.4675 3
      vertex 12.7547 -10.4675 0
    endloop
  endfacet
  facet normal 0.857715 -0.514125 0
    outer loop
      vertex 13.7192 -9.16691 3
      vertex 14.5517 -7.77805 0
      vertex 14.5517 -7.77805 3
    endloop
  endfacet
  facet normal 0.857715 -0.514125 0
    outer loop
      vertex 14.5517 -7.77805 0
      vertex 13.7192 -9.16691 3
      vertex 13.7192 -9.16691 0
    endloop
  endfacet
  facet normal -0.671547 -0.740962 0
    outer loop
      vertex -11.6673 -11.6673 0
      vertex -10.4675 -12.7547 3
      vertex -11.6673 -11.6673 3
    endloop
  endfacet
  facet normal -0.671547 -0.740962 -0
    outer loop
      vertex -10.4675 -12.7547 3
      vertex -11.6673 -11.6673 0
      vertex -10.4675 -12.7547 0
    endloop
  endfacet
  facet normal -0.595666 -0.803232 0
    outer loop
      vertex -10.4675 -12.7547 0
      vertex -9.16691 -13.7192 3
      vertex -10.4675 -12.7547 3
    endloop
  endfacet
  facet normal -0.595666 -0.803232 -0
    outer loop
      vertex -9.16691 -13.7192 3
      vertex -10.4675 -12.7547 0
      vertex -9.16691 -13.7192 0
    endloop
  endfacet
  facet normal -0.514125 -0.857715 0
    outer loop
      vertex -9.16691 -13.7192 0
      vertex -7.77805 -14.5517 3
      vertex -9.16691 -13.7192 3
    endloop
  endfacet
  facet normal -0.514125 -0.857715 -0
    outer loop
      vertex -7.77805 -14.5517 3
      vertex -9.16691 -13.7192 0
      vertex -7.77805 -14.5517 0
    endloop
  endfacet
  facet normal -0.146675 -0.989185 0
    outer loop
      vertex -3.21899 -16.183 0
      vertex -1.61728 -16.4205 3
      vertex -3.21899 -16.183 3
    endloop
  endfacet
  facet normal -0.146675 -0.989185 -0
    outer loop
      vertex -1.61728 -16.4205 3
      vertex -3.21899 -16.183 0
      vertex -1.61728 -16.4205 0
    endloop
  endfacet
  facet normal -0.903992 -0.427549 0
    outer loop
      vertex -14.5517 -7.77805 0
      vertex -15.244 -6.31428 3
      vertex -15.244 -6.31428 0
    endloop
  endfacet
  facet normal -0.903992 -0.427549 0
    outer loop
      vertex -15.244 -6.31428 3
      vertex -14.5517 -7.77805 0
      vertex -14.5517 -7.77805 3
    endloop
  endfacet
  facet normal -0.857715 -0.514125 0
    outer loop
      vertex -13.7192 -9.16691 0
      vertex -14.5517 -7.77805 3
      vertex -14.5517 -7.77805 0
    endloop
  endfacet
  facet normal -0.857715 -0.514125 0
    outer loop
      vertex -14.5517 -7.77805 3
      vertex -13.7192 -9.16691 0
      vertex -13.7192 -9.16691 3
    endloop
  endfacet
  facet normal -0.941545 -0.336888 0
    outer loop
      vertex -15.244 -6.31428 0
      vertex -15.7895 -4.7897 3
      vertex -15.7895 -4.7897 0
    endloop
  endfacet
  facet normal -0.941545 -0.336888 0
    outer loop
      vertex -15.7895 -4.7897 3
      vertex -15.244 -6.31428 0
      vertex -15.244 -6.31428 3
    endloop
  endfacet
  facet normal -0.998794 -0.0490973 0
    outer loop
      vertex -16.4205 -1.61728 0
      vertex -16.5 0 3
      vertex -16.5 0 0
    endloop
  endfacet
  facet normal -0.998794 -0.0490973 0
    outer loop
      vertex -16.5 0 3
      vertex -16.4205 -1.61728 0
      vertex -16.4205 -1.61728 3
    endloop
  endfacet
  facet normal -0.740962 0.671547 0
    outer loop
      vertex -12.7547 10.4675 0
      vertex -11.6673 11.6673 3
      vertex -11.6673 11.6673 0
    endloop
  endfacet
  facet normal -0.740962 0.671547 0
    outer loop
      vertex -11.6673 11.6673 3
      vertex -12.7547 10.4675 0
      vertex -12.7547 10.4675 3
    endloop
  endfacet
  facet normal -0.941545 0.336888 0
    outer loop
      vertex -15.7895 4.7897 0
      vertex -15.244 6.31428 3
      vertex -15.244 6.31428 0
    endloop
  endfacet
  facet normal -0.941545 0.336888 0
    outer loop
      vertex -15.244 6.31428 3
      vertex -15.7895 4.7897 0
      vertex -15.7895 4.7897 3
    endloop
  endfacet
  facet normal -0.595666 0.803232 0
    outer loop
      vertex -9.16691 13.7192 0
      vertex -10.4675 12.7547 3
      vertex -9.16691 13.7192 3
    endloop
  endfacet
  facet normal -0.595666 0.803232 0
    outer loop
      vertex -10.4675 12.7547 3
      vertex -9.16691 13.7192 0
      vertex -10.4675 12.7547 0
    endloop
  endfacet
  facet normal -0.427549 0.903992 0
    outer loop
      vertex -6.31428 15.244 0
      vertex -7.77805 14.5517 3
      vertex -6.31428 15.244 3
    endloop
  endfacet
  facet normal -0.427549 0.903992 0
    outer loop
      vertex -7.77805 14.5517 3
      vertex -6.31428 15.244 0
      vertex -7.77805 14.5517 0
    endloop
  endfacet
  facet normal -0.243014 0.970023 0
    outer loop
      vertex -3.21899 16.183 0
      vertex -4.7897 15.7895 3
      vertex -3.21899 16.183 3
    endloop
  endfacet
  facet normal -0.243014 0.970023 0
    outer loop
      vertex -4.7897 15.7895 3
      vertex -3.21899 16.183 0
      vertex -4.7897 15.7895 0
    endloop
  endfacet
  facet normal 0.0490973 -0.998794 0
    outer loop
      vertex 0 -16.5 0
      vertex 1.61728 -16.4205 3
      vertex 0 -16.5 3
    endloop
  endfacet
  facet normal 0.0490973 -0.998794 0
    outer loop
      vertex 1.61728 -16.4205 3
      vertex 0 -16.5 0
      vertex 1.61728 -16.4205 0
    endloop
  endfacet
  facet normal 0.243014 -0.970023 0
    outer loop
      vertex 3.21899 -16.183 0
      vertex 4.7897 -15.7895 3
      vertex 3.21899 -16.183 3
    endloop
  endfacet
  facet normal 0.243014 -0.970023 0
    outer loop
      vertex 4.7897 -15.7895 3
      vertex 3.21899 -16.183 0
      vertex 4.7897 -15.7895 0
    endloop
  endfacet
  facet normal 0.427549 -0.903992 0
    outer loop
      vertex 6.31428 -15.244 0
      vertex 7.77805 -14.5517 3
      vertex 6.31428 -15.244 3
    endloop
  endfacet
  facet normal 0.427549 -0.903992 0
    outer loop
      vertex 7.77805 -14.5517 3
      vertex 6.31428 -15.244 0
      vertex 7.77805 -14.5517 0
    endloop
  endfacet
  facet normal 0.941545 -0.336888 0
    outer loop
      vertex 15.244 -6.31428 3
      vertex 15.7895 -4.7897 0
      vertex 15.7895 -4.7897 3
    endloop
  endfacet
  facet normal 0.941545 -0.336888 0
    outer loop
      vertex 15.7895 -4.7897 0
      vertex 15.244 -6.31428 3
      vertex 15.244 -6.31428 0
    endloop
  endfacet
  facet normal -0.427549 -0.903992 0
    outer loop
      vertex -7.77805 -14.5517 0
      vertex -6.31428 -15.244 3
      vertex -7.77805 -14.5517 3
    endloop
  endfacet
  facet normal -0.427549 -0.903992 -0
    outer loop
      vertex -6.31428 -15.244 3
      vertex -7.77805 -14.5517 0
      vertex -6.31428 -15.244 0
    endloop
  endfacet
  facet normal -0.243014 -0.970023 0
    outer loop
      vertex -4.7897 -15.7895 0
      vertex -3.21899 -16.183 3
      vertex -4.7897 -15.7895 3
    endloop
  endfacet
  facet normal -0.243014 -0.970023 -0
    outer loop
      vertex -3.21899 -16.183 3
      vertex -4.7897 -15.7895 0
      vertex -3.21899 -16.183 0
    endloop
  endfacet
  facet normal -0.0490973 -0.998794 0
    outer loop
      vertex -1.61728 -16.4205 0
      vertex 0 -16.5 3
      vertex -1.61728 -16.4205 3
    endloop
  endfacet
  facet normal -0.0490973 -0.998794 -0
    outer loop
      vertex 0 -16.5 3
      vertex -1.61728 -16.4205 0
      vertex 0 -16.5 0
    endloop
  endfacet
  facet normal -0.740962 -0.671547 0
    outer loop
      vertex -11.6673 -11.6673 0
      vertex -12.7547 -10.4675 3
      vertex -12.7547 -10.4675 0
    endloop
  endfacet
  facet normal -0.740962 -0.671547 0
    outer loop
      vertex -12.7547 -10.4675 3
      vertex -11.6673 -11.6673 0
      vertex -11.6673 -11.6673 3
    endloop
  endfacet
  facet normal -0.989185 -0.146675 0
    outer loop
      vertex -16.183 -3.21899 0
      vertex -16.4205 -1.61728 3
      vertex -16.4205 -1.61728 0
    endloop
  endfacet
  facet normal -0.989185 -0.146675 0
    outer loop
      vertex -16.4205 -1.61728 3
      vertex -16.183 -3.21899 0
      vertex -16.183 -3.21899 3
    endloop
  endfacet
  facet normal 0.146675 -0.989185 0
    outer loop
      vertex 1.61728 -16.4205 0
      vertex 3.21899 -16.183 3
      vertex 1.61728 -16.4205 3
    endloop
  endfacet
  facet normal 0.146675 -0.989185 0
    outer loop
      vertex 3.21899 -16.183 3
      vertex 1.61728 -16.4205 0
      vertex 3.21899 -16.183 0
    endloop
  endfacet
  facet normal 0 -1 0
    outer loop
      vertex 14.4428 4 0
      vertex 15.9873 4 3
      vertex 14.4428 4 3
    endloop
  endfacet
  facet normal 0 -1 -0
    outer loop
      vertex 15.9873 4 3
      vertex 14.4428 4 0
      vertex 15.9873 4 0
    endloop
  endfacet
  facet normal 0 1 -0
    outer loop
      vertex 15.9873 -4 0
      vertex 14.4428 -4 3
      vertex 15.9873 -4 3
    endloop
  endfacet
  facet normal 0 1 0
    outer loop
      vertex 14.4428 -4 3
      vertex 15.9873 -4 0
      vertex 14.4428 -4 0
    endloop
  endfacet
endsolid OpenSCAD_Model
